parameter_name,Ethiopia,Nigeria,Pakistan
"corr(anc, lbwsg_category)",0.2,0.2,0.2
"corr(anc, facility)",0.7959751416806709,0.45547577932779604,0.36176053319190515
"corr(lbwsg_category, facility)",0.2,0.2,0.2
prob_home_given_believed_preterm,0.20406629436427604,0.2957491732531964,0.12976883445986498
prob_home_given_believed_term,0.619050760317181,0.6305881116268723,0.2956127758216819
