parameter_name,Ethiopia,Nigeria,Pakistan
"corr(anc, lbwsg_category)",0.2,0.2,0.2
"corr(anc, facility)",0.6896035546802054,0.4177278420354864,0.35123191448315916
"corr(lbwsg_category, facility)",0.2,0.2,0.2
prob_home_given_believed_preterm,0.29795812048567716,0.37463813328397755,0.16599707952701181
prob_home_given_believed_term,0.5044721525840055,0.5335719761963102,0.25015333907542414
