parameter_name,Ethiopia,Nigeria,Pakistan
"corr(anc, lbwsg_category)",0.2,0.2,0.2
"corr(anc, facility)",0.684812465899699,0.4163755654325899,0.3503492249976461
"corr(lbwsg_category, facility)",0.2,0.2,0.2
prob_home_given_believed_preterm,0.30839341270998416,0.38332160773147206,0.17005554365693354
prob_home_given_believed_term,0.4910233272869531,0.5231733884507981,0.24432981355811942
