location,age_group,maternal_hemorrhage_paf,maternal_sepsis_and_other_maternal_infections_paf,depressive_disorders_paf,draw,location_run
pakistan,10_to_14,0.43305012195456144,0.6203498527691385,0.26717869124653204,94,pakistan
pakistan,15_to_19,0.375382009654572,0.5761724818710031,0.24117614426110962,94,pakistan
pakistan,20_to_24,0.3236702908746856,0.5323338952747488,0.21767539051631785,94,pakistan
pakistan,25_to_29,0.3301670147710594,0.536991225090391,0.21918533592732198,94,pakistan
pakistan,30_to_34,0.3265328301266379,0.5329967210907962,0.2159453857382823,94,pakistan
pakistan,35_to_39,0.3526275855295989,0.5560558991800323,0.22853209829020701,94,pakistan
pakistan,40_to_44,0.3390715079358723,0.5467304829376466,0.22551164148750238,94,pakistan
pakistan,45_to_49,0.3451465855374808,0.5545744557412114,0.23166393857486386,94,pakistan
pakistan,50_to_54,0.43797376514226294,0.6285241604874942,0.2770385353528944,94,pakistan
