location,age_group,maternal_hemorrhage_paf,maternal_sepsis_and_other_maternal_infections_paf,depressive_disorders_paf,draw,location_run
pakistan,10_to_14,0.40840413628591565,0.3607913108822799,0.1083164048735561,115,pakistan
pakistan,15_to_19,0.3671432418446909,0.3341036316029933,0.09840362235407807,115,pakistan
pakistan,20_to_24,0.32487427868478663,0.30816515657854276,0.09002783178271195,115,pakistan
pakistan,25_to_29,0.3293961182703107,0.3088695349427872,0.08980123683745647,115,pakistan
pakistan,30_to_34,0.32515084632343255,0.3056382282808476,0.08863091634911884,115,pakistan
pakistan,35_to_39,0.3496827760671002,0.32089139667027966,0.09359490239310622,115,pakistan
pakistan,40_to_44,0.35070088218738416,0.32387404039615575,0.09483291614941493,115,pakistan
pakistan,45_to_49,0.3244565897562228,0.3074505608921345,0.08943109496793214,115,pakistan
pakistan,50_to_54,0.36030273365276927,0.3362253787165079,0.09880242502591399,115,pakistan
