location,age_group,maternal_hemorrhage_paf,maternal_sepsis_and_other_maternal_infections_paf,depressive_disorders_paf,draw,location_run
pakistan,10_to_14,0.4723020711876045,0.5334402590347311,0.22513129337494076,127,pakistan
pakistan,15_to_19,0.41758214957119794,0.49215372678623676,0.2027645138931975,127,pakistan
pakistan,20_to_24,0.3866899052652489,0.47076682962056143,0.1929837421039878,127,pakistan
pakistan,25_to_29,0.3889956107976231,0.469988506367786,0.19147291170440117,127,pakistan
pakistan,30_to_34,0.3851400621957689,0.4660316054767182,0.18900778438810706,127,pakistan
pakistan,35_to_39,0.3916451078877466,0.47355174260545396,0.19387145621866322,127,pakistan
pakistan,40_to_44,0.40364098841813395,0.47957341425473227,0.19570426394643847,127,pakistan
pakistan,45_to_49,0.40039445886860586,0.4844549047077691,0.2014830941039195,127,pakistan
pakistan,50_to_54,0.4262737733814868,0.5148293587459508,0.2219103615876113,127,pakistan
