location,age_group,maternal_hemorrhage_paf,maternal_sepsis_and_other_maternal_infections_paf,depressive_disorders_paf,draw,location_run
pakistan,10_to_14,0.08630304248898785,0.5110045115655492,0.21252969611156197,28,pakistan
pakistan,15_to_19,0.06951976558284757,0.4579027342480821,0.18670793103602693,28,pakistan
pakistan,20_to_24,0.06179102928042432,0.42951842384986905,0.17374934471292414,28,pakistan
pakistan,25_to_29,0.060754516681900614,0.42553230587181956,0.1720703917520513,28,pakistan
pakistan,30_to_34,0.05907624895823555,0.4187327611982092,0.16883080300121317,28,pakistan
pakistan,35_to_39,0.06363785280429876,0.4364571294096131,0.17679448018047017,28,pakistan
pakistan,40_to_44,0.06495264802616986,0.44169842237728757,0.17964460685293374,28,pakistan
pakistan,45_to_49,0.0628412359947101,0.43457836259598837,0.17853382002770507,28,pakistan
pakistan,50_to_54,0.07414605539424174,0.473661504356909,0.1951801785814762,28,pakistan
