location,age_group,maternal_hemorrhage_paf,maternal_sepsis_and_other_maternal_infections_paf,depressive_disorders_paf,draw,location_run
pakistan,10_to_14,0.31064677737343915,0.4604338090744878,0.15844122791735935,197,pakistan
pakistan,15_to_19,0.29644072179218833,0.4477926548560755,0.1525580951123201,197,pakistan
pakistan,20_to_24,0.2837745772627782,0.43806727945009966,0.14886876012946398,197,pakistan
pakistan,25_to_29,0.2846255787307644,0.43780638988104575,0.14839568577333334,197,pakistan
pakistan,30_to_34,0.28106122806692846,0.43381328924163276,0.14642573620169919,197,pakistan
pakistan,35_to_39,0.2895186041497711,0.44118152422587614,0.14946115110279887,197,pakistan
pakistan,40_to_44,0.29223639542053603,0.44327066668635057,0.15012467632416746,197,pakistan
pakistan,45_to_49,0.28557347041268843,0.4385826803769947,0.14864026935479333,197,pakistan
pakistan,50_to_54,0.30966529806215015,0.4622853383422776,0.1587454886474947,197,pakistan
