location,age_group,maternal_hemorrhage_paf,maternal_sepsis_and_other_maternal_infections_paf,depressive_disorders_paf,draw,location_run
pakistan,10_to_14,0.25863191593429796,0.3627997927876298,0.11436011752549026,109,pakistan
pakistan,15_to_19,0.24506126425153363,0.3450856940907112,0.10674819459095032,109,pakistan
pakistan,20_to_24,0.2174419782552551,0.31995081291875227,0.09818015870751294,109,pakistan
pakistan,25_to_29,0.22086821620748853,0.32228082421055937,0.09869290182644083,109,pakistan
pakistan,30_to_34,0.21578239330672197,0.31765518324630904,0.09703939969464416,109,pakistan
pakistan,35_to_39,0.2294630904798303,0.3301318709318094,0.10123029272086469,109,pakistan
pakistan,40_to_44,0.23735283708311594,0.3372808908851133,0.10383879558482542,109,pakistan
pakistan,45_to_49,0.2327207374812961,0.3339861139756774,0.10347806001105615,109,pakistan
pakistan,50_to_54,0.2744463882687573,0.38604058340848063,0.12579958826064894,109,pakistan
