location,age_group,maternal_hemorrhage_paf,maternal_sepsis_and_other_maternal_infections_paf,depressive_disorders_paf,draw,location_run
pakistan,10_to_14,0.08630304248898785,0.5110045115655492,0.21252969611156197,28,pakistan
pakistan,15_to_19,0.06951976558284757,0.4579027342480821,0.18670793103602693,28,pakistan
pakistan,20_to_24,0.06179344253116991,0.42952788954422266,0.17375345843608755,28,pakistan
pakistan,25_to_29,0.06074979308777411,0.42551287475908334,0.17205921972006613,28,pakistan
pakistan,30_to_34,0.059078212008456886,0.4187407347218682,0.1688347412961971,28,pakistan
pakistan,35_to_39,0.06363892445384876,0.43646118841767645,0.17679730117776601,28,pakistan
pakistan,40_to_44,0.06494776027847583,0.4416803141827027,0.17963472107234066,28,pakistan
pakistan,45_to_49,0.0628412359947101,0.43457836259598837,0.17853382002770507,28,pakistan
pakistan,50_to_54,0.07414605539424174,0.473661504356909,0.1951801785814762,28,pakistan
