location,age_group,maternal_hemorrhage_paf,maternal_sepsis_and_other_maternal_infections_paf,depressive_disorders_paf,draw,location_run
pakistan,10_to_14,0.474355731212897,0.6116931544293857,0.2481047294388073,22,pakistan
pakistan,15_to_19,0.4430140194098871,0.5862439636000008,0.23123885543152994,22,pakistan
pakistan,20_to_24,0.401439906336755,0.5546218652777536,0.2129218401634807,22,pakistan
pakistan,25_to_29,0.4064321876747628,0.557582444105185,0.21419421033158495,22,pakistan
pakistan,30_to_34,0.3944895286789977,0.5483469398965934,0.20905475923418104,22,pakistan
pakistan,35_to_39,0.4130815302352255,0.5627351244167594,0.21749715378372086,22,pakistan
pakistan,40_to_44,0.4261689889553817,0.5738400721590418,0.22400525817527758,22,pakistan
pakistan,45_to_49,0.4135943387421521,0.5618607522307516,0.21746348636857654,22,pakistan
pakistan,50_to_54,0.475839821586044,0.6194352957190059,0.256414051767956,22,pakistan
