location,age_group,maternal_hemorrhage_paf,maternal_sepsis_and_other_maternal_infections_paf,depressive_disorders_paf,draw,location_run
pakistan,10_to_14,0.255883276100469,0.4014810020777704,0.12979879362343444,197,pakistan
pakistan,15_to_19,0.23802307475999543,0.3829197157154891,0.1224179534573637,197,pakistan
pakistan,20_to_24,0.22316617946088388,0.36904291660368493,0.11743577515466747,197,pakistan
pakistan,25_to_29,0.2247818058802213,0.36969595225264956,0.11737027257087314,197,pakistan
pakistan,30_to_34,0.22161649992060742,0.36574872351376714,0.11563961784967261,197,pakistan
pakistan,35_to_39,0.23092800980451939,0.37529268947636474,0.11926903768317207,197,pakistan
pakistan,40_to_44,0.23532083444476543,0.3800613279817541,0.12132678891178084,197,pakistan
pakistan,45_to_49,0.22401251335583033,0.3684397717840898,0.11669178809373972,197,pakistan
pakistan,50_to_54,0.22344344597205326,0.378236410751805,0.1231237296203976,197,pakistan
