location,age_group,maternal_hemorrhage_paf,maternal_sepsis_and_other_maternal_infections_paf,depressive_disorders_paf,draw,location_run
pakistan,10_to_14,0.14608522177148545,0.5747031222909593,0.2681291646259261,167,pakistan
pakistan,15_to_19,0.1181449026165614,0.5153489571356527,0.22401755818977084,167,pakistan
pakistan,20_to_24,0.10488518609328087,0.48364589686621395,0.20757435019451667,167,pakistan
pakistan,25_to_29,0.10609431887983313,0.4868706683386118,0.207540302923248,167,pakistan
pakistan,30_to_34,0.10462500365926683,0.4833087269325412,0.204781620955683,167,pakistan
pakistan,35_to_39,0.11210394818732008,0.501735902744029,0.2137360069332431,167,pakistan
pakistan,40_to_44,0.11247626176333503,0.5024270089005934,0.21626377494296456,167,pakistan
pakistan,45_to_49,0.10923661525502588,0.4945613116685237,0.21325804464428977,167,pakistan
pakistan,50_to_54,0.12498928376677423,0.5282649984572086,0.239153533107277,167,pakistan
