location,age_group,maternal_hemorrhage_paf,maternal_sepsis_and_other_maternal_infections_paf,depressive_disorders_paf,draw,location_run
pakistan,10_to_14,0.5369109075158235,0.596733202318625,0.25988845475638206,79,pakistan
pakistan,15_to_19,0.45514581769972307,0.5395111869185888,0.2257321670317981,79,pakistan
pakistan,20_to_24,0.4001771258885497,0.5045366864839955,0.2108197205793733,79,pakistan
pakistan,25_to_29,0.40258577919962124,0.5046326783941727,0.20993305934052747,79,pakistan
pakistan,30_to_34,0.4036975688794935,0.5038382258359705,0.20860287353481452,79,pakistan
pakistan,35_to_39,0.4293035148800924,0.5207624822147208,0.21610146391505336,79,pakistan
pakistan,40_to_44,0.4246697436839365,0.5219587045253242,0.21893181979366558,79,pakistan
pakistan,45_to_49,0.40793083567749544,0.5119346563015043,0.2147991560778478,79,pakistan
pakistan,50_to_54,0.4792729071568984,0.5793130544371041,0.2569731397529016,79,pakistan
