location,age_group,maternal_hemorrhage_paf,maternal_sepsis_and_other_maternal_infections_paf,depressive_disorders_paf,draw,location_run
pakistan,10_to_14,0.6002668777390546,0.6497581352537484,0.301049731528618,79,pakistan
pakistan,15_to_19,0.534341697477122,0.6076473135071584,0.27348639022142884,79,pakistan
pakistan,20_to_24,0.48917960697063706,0.5844907414926017,0.2642760588973543,79,pakistan
pakistan,25_to_29,0.490820066808449,0.5839734207178259,0.2629713266267583,79,pakistan
pakistan,30_to_34,0.4907947384288044,0.582316583181742,0.2607963892072676,79,pakistan
pakistan,35_to_39,0.5115429648199222,0.5936191224708331,0.2659677610814343,79,pakistan
pakistan,40_to_44,0.5091210958983194,0.5964509844582001,0.27014769879535194,79,pakistan
pakistan,45_to_49,0.49737518969685013,0.5914926930722584,0.2689657695439906,79,pakistan
pakistan,50_to_54,0.5611566589991266,0.6391267248280719,0.298562411307762,79,pakistan
