location,age_group,maternal_hemorrhage_paf,maternal_sepsis_and_other_maternal_infections_paf,depressive_disorders_paf,draw,location_run
pakistan,10_to_14,0.5911707946835623,0.6692868391209641,0.3312056858355502,244,pakistan
pakistan,15_to_19,0.5105471928272941,0.6202197222372873,0.29967541028379835,244,pakistan
pakistan,20_to_24,0.4781210523018415,0.598627584293668,0.28701085215426164,244,pakistan
pakistan,25_to_29,0.4818864968961088,0.5991495761408934,0.2855860912091096,244,pakistan
pakistan,30_to_34,0.4788228265118385,0.5953619663340725,0.2819609272685315,244,pakistan
pakistan,35_to_39,0.4963843367739773,0.6086982282333413,0.2908076552242384,244,pakistan
pakistan,40_to_44,0.5000802321158235,0.612477079767489,0.29481080519352626,244,pakistan
pakistan,45_to_49,0.4810135428799916,0.603870041027291,0.2922045993285249,244,pakistan
pakistan,50_to_54,0.5716809481392657,0.6523396467221875,0.3187502873084145,244,pakistan
