location,age_group,maternal_hemorrhage_paf,maternal_sepsis_and_other_maternal_infections_paf,depressive_disorders_paf,draw,location_run
pakistan,10_to_14,0.48468767043337735,0.5815839052429391,0.26079519483465496,244,pakistan
pakistan,15_to_19,0.394936633185697,0.516484054962714,0.22458553978871937,244,pakistan
pakistan,20_to_24,0.3594156893185182,0.48751920681890654,0.20929483405311966,244,pakistan
pakistan,25_to_29,0.3647250774693425,0.4900790515320693,0.20939945402242952,244,pakistan
pakistan,30_to_34,0.36222250412211243,0.4865067032872554,0.20647220941207825,244,pakistan
pakistan,35_to_39,0.3810464252733383,0.503472768519916,0.21645561173483355,244,pakistan
pakistan,40_to_44,0.3838149490013743,0.5056950893039207,0.2185261954735394,244,pakistan
pakistan,45_to_49,0.3557060438325908,0.4891501680113948,0.21262872482223216,244,pakistan
pakistan,50_to_54,0.47888028475888555,0.5692597265437158,0.2518304584273757,244,pakistan
