location,age_group,maternal_hemorrhage_paf,maternal_sepsis_and_other_maternal_infections_paf,depressive_disorders_paf,draw,location_run
pakistan,10_to_14,0.4046764115409693,0.5014940630193302,0.18992802934506361,60,pakistan
pakistan,15_to_19,0.35448365469946513,0.4542737565024795,0.16384399574491262,60,pakistan
pakistan,20_to_24,0.329410433727129,0.43523776934737335,0.15570643890887126,60,pakistan
pakistan,25_to_29,0.3319613073779974,0.43635785650021924,0.15565847511671427,60,pakistan
pakistan,30_to_34,0.32920593494944755,0.43336934575052116,0.15398003819819944,60,pakistan
pakistan,35_to_39,0.3393345679355245,0.4424718293375018,0.15821333911055252,60,pakistan
pakistan,40_to_44,0.33962767948204464,0.44333331053730274,0.15922989968893395,60,pakistan
pakistan,45_to_49,0.3325268522341767,0.4392605175977616,0.1578889298994548,60,pakistan
pakistan,50_to_54,0.3354690365082883,0.4533372974932565,0.16638307436002692,60,pakistan
