location,age_group,maternal_hemorrhage_paf,maternal_sepsis_and_other_maternal_infections_paf,depressive_disorders_paf,draw,location_run
pakistan,10_to_14,0.4907872427098239,0.23453133777168517,0.04332380913777563,170,pakistan
pakistan,15_to_19,0.4386029538204478,0.2036055798136281,0.036576558563004485,170,pakistan
pakistan,20_to_24,0.4082755512438106,0.19060292357995873,0.034033011764434906,170,pakistan
pakistan,25_to_29,0.40942278671990034,0.19059175797093675,0.03399613565957923,170,pakistan
pakistan,30_to_34,0.40465627309704433,0.18823871175456766,0.033480078964609174,170,pakistan
pakistan,35_to_39,0.42160707033012773,0.19551263432900104,0.0349153347607993,170,pakistan
pakistan,40_to_44,0.4189772565067452,0.19596177774064905,0.03510749359676625,170,pakistan
pakistan,45_to_49,0.41902667974760327,0.1973540331650236,0.03559037261870596,170,pakistan
pakistan,50_to_54,0.41377829011595507,0.18643463752029038,0.03299198881862011,170,pakistan
