location,age_group,maternal_hemorrhage_paf,maternal_sepsis_and_other_maternal_infections_paf,depressive_disorders_paf,draw,location_run
pakistan,10_to_14,0.3595477152538534,0.5938680454722571,0.2607786902432501,71,pakistan
pakistan,15_to_19,0.31189507747426115,0.5547828798000727,0.2429990942460785,71,pakistan
pakistan,20_to_24,0.28355789448252056,0.5320947144382943,0.23454815342816063,71,pakistan
pakistan,25_to_29,0.2827027151666973,0.5307230890021272,0.23327030939364213,71,pakistan
pakistan,30_to_34,0.281265686573049,0.5276376864490441,0.23024052290571334,71,pakistan
pakistan,35_to_39,0.2917215805425573,0.5368654761023253,0.23427082337810046,71,pakistan
pakistan,40_to_44,0.2960276096481311,0.5426084392948841,0.2387710052980861,71,pakistan
pakistan,45_to_49,0.29809349322467216,0.5462385701340003,0.2422300289321887,71,pakistan
pakistan,50_to_54,0.3275920556412132,0.5727966377044931,0.255420366419321,71,pakistan
