location,age_group,maternal_hemorrhage_paf,maternal_sepsis_and_other_maternal_infections_paf,depressive_disorders_paf,draw,location_run
pakistan,10_to_14,0.45998302396749535,0.6380442949378892,0.2766274955945501,35,pakistan
pakistan,15_to_19,0.4179010648102422,0.6034732789831151,0.25086021156088517,35,pakistan
pakistan,20_to_24,0.3824337223253001,0.575709746632761,0.2340065267085943,35,pakistan
pakistan,25_to_29,0.38500165678475456,0.5770683349907763,0.23438974344913596,35,pakistan
pakistan,30_to_34,0.38465341277019005,0.5760455874053014,0.23312207376415173,35,pakistan
pakistan,35_to_39,0.39388016592777564,0.5840008060993609,0.23869438309995253,35,pakistan
pakistan,40_to_44,0.4056278055275754,0.5942906179344783,0.24546207901479622,35,pakistan
pakistan,45_to_49,0.402599027473739,0.593031521148663,0.24589524009392513,35,pakistan
pakistan,50_to_54,0.43666905566480047,0.6235626205358715,0.2701867000606378,35,pakistan
