location,age_group,maternal_hemorrhage_paf,maternal_sepsis_and_other_maternal_infections_paf,depressive_disorders_paf,draw,location_run
pakistan,10_to_14,0.43305012195456144,0.6203498527691385,0.26717869124653204,94,pakistan
pakistan,15_to_19,0.375382009654572,0.5761724818710031,0.24117614426110962,94,pakistan
pakistan,20_to_24,0.32367002314973903,0.5323338373962422,0.2176753056277821,94,pakistan
pakistan,25_to_29,0.33016467048383136,0.5369900920951172,0.21918641465871627,94,pakistan
pakistan,30_to_34,0.3265360611490124,0.5330002542516207,0.2159479087276889,94,pakistan
pakistan,35_to_39,0.35262567339155476,0.556054470236705,0.22853239299288008,94,pakistan
pakistan,40_to_44,0.33905323062995296,0.5467122113415043,0.22550049086134008,94,pakistan
pakistan,45_to_49,0.3451465855374808,0.5545744557412114,0.23166393857486386,94,pakistan
pakistan,50_to_54,0.43797376514226294,0.6285241604874942,0.2770385353528944,94,pakistan
