location,age_group,maternal_hemorrhage_paf,maternal_sepsis_and_other_maternal_infections_paf,depressive_disorders_paf,draw,location_run
pakistan,10_to_14,0.5297929532938029,0.5679770647006651,0.23221304193986708,146,pakistan
pakistan,15_to_19,0.5011806846814554,0.5439585468145302,0.21530203489142505,146,pakistan
pakistan,20_to_24,0.4665295290805524,0.5201596649384461,0.20254009591594718,146,pakistan
pakistan,25_to_29,0.47224374175455885,0.5229413216082526,0.20342500483950524,146,pakistan
pakistan,30_to_34,0.47018873875789413,0.5213621128386122,0.20232783980527155,146,pakistan
pakistan,35_to_39,0.48090755399048557,0.5298084487886339,0.20743293191454093,146,pakistan
pakistan,40_to_44,0.4866507595321719,0.5349609357158366,0.21054874117137146,146,pakistan
pakistan,45_to_49,0.4678745769546924,0.5265697881406634,0.20709072392041022,146,pakistan
pakistan,50_to_54,0.49191660409072585,0.5532726624809186,0.22704362306957368,146,pakistan
