location,age_group,maternal_hemorrhage_paf,maternal_sepsis_and_other_maternal_infections_paf,depressive_disorders_paf,draw,location_run
pakistan,10_to_14,0.550286156932497,0.5894892281708726,0.2658348817312272,156,pakistan
pakistan,15_to_19,0.4665518395077784,0.5493624116492075,0.25337931002480074,156,pakistan
pakistan,20_to_24,0.4446407133394338,0.5336607187610217,0.2449858789842255,156,pakistan
pakistan,25_to_29,0.4486124828316248,0.5338252039051979,0.2433183895291427,156,pakistan
pakistan,30_to_34,0.44685513271311655,0.5299523026523907,0.23957480341211432,156,pakistan
pakistan,35_to_39,0.46135818341882445,0.5394606472162512,0.244419264266882,156,pakistan
pakistan,40_to_44,0.4575675719516449,0.5428311705358037,0.25000122438488664,156,pakistan
pakistan,45_to_49,0.456744521044407,0.5427285791383726,0.25023261056549684,156,pakistan
pakistan,50_to_54,0.5083382235784406,0.5880407931194555,0.2817327907037466,156,pakistan
