location,age_group,maternal_hemorrhage_paf,maternal_sepsis_and_other_maternal_infections_paf,depressive_disorders_paf,draw,location_run
pakistan,10_to_14,0.4280328453973696,0.3642978877118101,0.10238059848684634,114,pakistan
pakistan,15_to_19,0.39836298790178226,0.3449312551351215,0.09554286727641428,114,pakistan
pakistan,20_to_24,0.37178099493124,0.3299508351976043,0.09114950301742908,114,pakistan
pakistan,25_to_29,0.372145136584062,0.32861845431941206,0.09054095604078298,114,pakistan
pakistan,30_to_34,0.36901130279404903,0.32619724304729103,0.08970438587623539,114,pakistan
pakistan,35_to_39,0.3782001400082621,0.33316415901217905,0.0920138622934326,114,pakistan
pakistan,40_to_44,0.3859612840505032,0.33893802859186994,0.09391458084475089,114,pakistan
pakistan,45_to_49,0.375504430934499,0.33280227016294855,0.09225161003929429,114,pakistan
pakistan,50_to_54,0.4142626157786709,0.3613842305560641,0.10239543468441016,114,pakistan
