location,age_group,maternal_hemorrhage_paf,maternal_sepsis_and_other_maternal_infections_paf,depressive_disorders_paf,draw,location_run
pakistan,10_to_14,0.6328821602457342,0.6527804276213262,0.31188275846908314,156,pakistan
pakistan,15_to_19,0.5720208998887818,0.6324062020721206,0.3096235381135306,156,pakistan
pakistan,20_to_24,0.5544509239856726,0.621856588476914,0.30410292401955047,156,pakistan
pakistan,25_to_29,0.555913169155869,0.6202602698461217,0.3014155445096547,156,pakistan
pakistan,30_to_34,0.5539531141898333,0.6166590027951278,0.2977210464666669,156,pakistan
pakistan,35_to_39,0.5643753490986045,0.6226476375510457,0.30074067961319345,156,pakistan
pakistan,40_to_44,0.5624954987833058,0.6268310478517141,0.30692913249604975,156,pakistan
pakistan,45_to_49,0.5650261261891212,0.6285504883702058,0.3080548359289104,156,pakistan
pakistan,50_to_54,0.6019344860104214,0.6592676486174607,0.3300769702516771,156,pakistan
