location,age_group,maternal_hemorrhage_paf,maternal_sepsis_and_other_maternal_infections_paf,depressive_disorders_paf,draw,location_run
pakistan,10_to_14,0.5369109075158235,0.596733202318625,0.25988845475638206,79,pakistan
pakistan,15_to_19,0.45514581769972307,0.5395111869185888,0.2257321670317981,79,pakistan
pakistan,20_to_24,0.40020589442495436,0.5045533382078771,0.21082911769212806,79,pakistan
pakistan,25_to_29,0.4025846044476595,0.5046371698302703,0.20993671299131167,79,pakistan
pakistan,30_to_34,0.403676197709212,0.503816280518665,0.2085891845191441,79,pakistan
pakistan,35_to_39,0.42926949300512235,0.5207537073317517,0.21609754238544993,79,pakistan
pakistan,40_to_44,0.4246364656668711,0.5219193344146362,0.21890230141001463,79,pakistan
pakistan,45_to_49,0.40793083567749544,0.5119346563015043,0.2147991560778478,79,pakistan
pakistan,50_to_54,0.4792729071568983,0.5793130544371041,0.2569731397529016,79,pakistan
