location,age_group,maternal_hemorrhage_paf,maternal_sepsis_and_other_maternal_infections_paf,depressive_disorders_paf,draw,location_run
pakistan,10_to_14,0.46028369975441336,0.6383010955002145,0.2768218689637019,35,pakistan
pakistan,15_to_19,0.41790024901816375,0.6034719978723512,0.2508584105724678,35,pakistan
pakistan,20_to_24,0.38246357043371654,0.5757373851569684,0.23402521166896761,35,pakistan
pakistan,25_to_29,0.3849956383036288,0.5770605329814849,0.2343832143246329,35,pakistan
pakistan,30_to_34,0.3846507608022497,0.5760430558668829,0.23312042468841346,35,pakistan
pakistan,35_to_39,0.39387881281800424,0.583999749911912,0.23869292145442372,35,pakistan
pakistan,40_to_44,0.4056278055275754,0.5942906179344783,0.24546207901479622,35,pakistan
pakistan,45_to_49,0.402599027473739,0.593031521148663,0.24589524009392513,35,pakistan
pakistan,50_to_54,0.43666905566480047,0.6235626205358715,0.2701867000606378,35,pakistan
