location,age_group,maternal_hemorrhage_paf,maternal_sepsis_and_other_maternal_infections_paf,depressive_disorders_paf,draw,location_run
pakistan,10_to_14,0.060959575378355134,0.17965707795181463,0.00858580138162401,178,pakistan
pakistan,15_to_19,0.051502268396531777,0.1599776402265882,0.007557134064181478,178,pakistan
pakistan,20_to_24,0.04626571131507232,0.14991425537831254,0.0071212701922015245,178,pakistan
pakistan,25_to_29,0.04617332595320308,0.14908727748607528,0.007057450797131295,178,pakistan
pakistan,30_to_34,0.045838192309135335,0.14789648906621014,0.006979714161602437,178,pakistan
pakistan,35_to_39,0.04746541834451303,0.15147122881928388,0.0071513697667660876,178,pakistan
pakistan,40_to_44,0.04731599631185228,0.15186295806408737,0.007197310627857542,178,pakistan
pakistan,45_to_49,0.04765221729912857,0.1519794392184314,0.007187431049720741,178,pakistan
pakistan,50_to_54,0.05693028808919396,0.17328318606786325,0.008276018716551422,178,pakistan
