location,age_group,maternal_hemorrhage_paf,maternal_sepsis_and_other_maternal_infections_paf,depressive_disorders_paf,draw,location_run
pakistan,10_to_14,0.3526664270405342,0.3572441969363916,0.10531264305448211,26,pakistan
pakistan,15_to_19,0.3165108384210412,0.3281697147982349,0.09467225706432295,26,pakistan
pakistan,20_to_24,0.28605136447744706,0.30740694915969397,0.08825059644575224,26,pakistan
pakistan,25_to_29,0.28945503082284907,0.30874135661797864,0.08836229117610361,26,pakistan
pakistan,30_to_34,0.28651728935336435,0.30615665776873857,0.08750421522344264,26,pakistan
pakistan,35_to_39,0.2980453380164557,0.314629849807631,0.09009990146029415,26,pakistan
pakistan,40_to_44,0.30165037531981487,0.3168599406038185,0.09081767320115668,26,pakistan
pakistan,45_to_49,0.29258451730472457,0.3117201009478777,0.08950041139214646,26,pakistan
pakistan,50_to_54,0.31341307062894314,0.3439253863893915,0.10275706347200396,26,pakistan
