location,age_group,maternal_hemorrhage_paf,maternal_sepsis_and_other_maternal_infections_paf,depressive_disorders_paf,draw,location_run
pakistan,10_to_14,0.4814028982537929,0.4212971813981029,0.13396823298711266,115,pakistan
pakistan,15_to_19,0.4452289635666228,0.4010610501127374,0.12630910499275264,115,pakistan
pakistan,20_to_24,0.4108017945743586,0.3823533876407935,0.11988021076872324,115,pakistan
pakistan,25_to_29,0.4132149879242268,0.3813363401682319,0.11898560853601331,115,pakistan
pakistan,30_to_34,0.40864691525979197,0.37797692060272997,0.11758472288676536,115,pakistan
pakistan,35_to_39,0.4289069891881543,0.38976971946993755,0.12176895781123916,115,pakistan
pakistan,40_to_44,0.43491169970958005,0.39497475856804515,0.1238911537530857,115,pakistan
pakistan,45_to_49,0.4141044202164864,0.38363051952801747,0.12028002060868101,115,pakistan
pakistan,50_to_54,0.45616019011917475,0.4114168526787382,0.13023878110506185,115,pakistan
