location,age_group,maternal_hemorrhage_paf,maternal_sepsis_and_other_maternal_infections_paf,depressive_disorders_paf,draw,location_run
pakistan,10_to_14,0.3903296060394047,0.45971337941031487,0.18116415015513426,127,pakistan
pakistan,15_to_19,0.3288859515217302,0.4065961757768443,0.1543667302224258,127,pakistan
pakistan,20_to_24,0.29454469328835525,0.37969744342400313,0.1432203856713477,127,pakistan
pakistan,25_to_29,0.2981108377772316,0.3801811912863178,0.14251325873204207,127,pakistan
pakistan,30_to_34,0.2947024040622402,0.37674300419896706,0.14064296574403787,127,pakistan
pakistan,35_to_39,0.298847137171528,0.3825447766322123,0.14405711857248155,127,pakistan
pakistan,40_to_44,0.31331104292919426,0.39082227821459103,0.146314568645719,127,pakistan
pakistan,45_to_49,0.30420122668831573,0.3903526996881582,0.14898242947907406,127,pakistan
pakistan,50_to_54,0.33851839044072657,0.4284181421704485,0.17194694146186332,127,pakistan
