location,age_group,maternal_hemorrhage_paf,maternal_sepsis_and_other_maternal_infections_paf,depressive_disorders_paf,draw,location_run
pakistan,10_to_14,0.3191475364472097,0.5115452401958068,0.208422164505771,118,pakistan
pakistan,15_to_19,0.2831809056265982,0.4800986178108285,0.1946426921343815,118,pakistan
pakistan,20_to_24,0.25814637758267717,0.4583717663116018,0.1861904701929642,118,pakistan
pakistan,25_to_29,0.2574312760865022,0.45726427184288804,0.18534378746720054,118,pakistan
pakistan,30_to_34,0.2556004016819173,0.45350589310656075,0.18247947494948027,118,pakistan
pakistan,35_to_39,0.2674737941491144,0.46426930214036116,0.18664624941008667,118,pakistan
pakistan,40_to_44,0.2683209099593537,0.46856124474874794,0.1906585578044041,118,pakistan
pakistan,45_to_49,0.2723245058042356,0.4735521478918056,0.19422913041204437,118,pakistan
pakistan,50_to_54,0.2702650204919228,0.47623019247797876,0.1972160054352066,118,pakistan
