location,age_group,maternal_hemorrhage_paf,maternal_sepsis_and_other_maternal_infections_paf,depressive_disorders_paf,draw,location_run
pakistan,10_to_14,0.3659389104075447,0.31099745843634496,0.08296736600636653,114,pakistan
pakistan,15_to_19,0.3350811438177858,0.29318726687675734,0.0773998977469994,114,pakistan
pakistan,20_to_24,0.3050952656426825,0.27495640029012897,0.07235875775004706,114,pakistan
pakistan,25_to_29,0.30678432090319735,0.27456436447993116,0.07205821263616219,114,pakistan
pakistan,30_to_34,0.30400142919191325,0.27212969109342183,0.07129728223205413,114,pakistan
pakistan,35_to_39,0.3136793531017125,0.28005105928718027,0.07370603778790769,114,pakistan
pakistan,40_to_44,0.3211933672172571,0.2863815392327886,0.07577901651075783,114,pakistan
pakistan,45_to_49,0.3106650428755099,0.2790049878648893,0.07347623565968459,114,pakistan
pakistan,50_to_54,0.34677927088065913,0.31140274137894536,0.08505983638177586,114,pakistan
