sex_of_child,value,age_group_id,exposure,location,draw
Female,2.283057961795189,2,40.0,ethiopia,draw_167
Male,2.6690686503786067,2,40.0,ethiopia,draw_167
Female,2.1197154167325123,3,40.0,ethiopia,draw_167
Male,2.2537203363878713,3,40.0,ethiopia,draw_167
Female,2.27897388931369,2,40.11011,ethiopia,draw_167
Male,2.6633369694221165,2,40.11011,ethiopia,draw_167
Female,2.1168502823162765,3,40.11011,ethiopia,draw_167
Male,2.250191432324884,3,40.11011,ethiopia,draw_167
Female,2.2748997985673314,2,40.22022,ethiopia,draw_167
Male,2.657621424779903,2,40.22022,ethiopia,draw_167
Female,2.1139902818601914,3,40.22022,ethiopia,draw_167
Male,2.2466698852201366,3,40.22022,ethiopia,draw_167
Female,2.2708382823171283,2,40.33033,ethiopia,draw_167
Male,2.651924744201732,2,40.33033,ethiopia,draw_167
Female,2.111136760796185,3,40.33033,ethiopia,draw_167
Male,2.2431570100945812,3,40.33033,ethiopia,draw_167
Female,2.2667869826831724,2,40.44044,ethiopia,draw_167
Male,2.6462428601401835,2,40.44044,ethiopia,draw_167
Female,2.1082884688026033,3,40.44044,ethiopia,draw_167
Male,2.239651128908283,3,40.44044,ethiopia,draw_167
Female,2.262748215928635,2,40.55055,ethiopia,draw_167
Male,2.6405788766701317,2,40.55055,ethiopia,draw_167
Female,2.1054466563322385,3,40.55055,ethiopia,draw_167
Male,2.2361532824509363,3,40.55055,ethiopia,draw_167
Female,2.2587199275502132,2,40.66066,ethiopia,draw_167
Male,2.634931843603006,2,40.66066,ethiopia,draw_167
Female,2.1026102672894376,3,40.66066,ethiopia,draw_167
Male,2.232663348304322,3,40.66066,ethiopia,draw_167
Female,2.254702397724969,2,40.77077,ethiopia,draw_167
Male,2.6293007050333843,2,40.77077,ethiopia,draw_167
Female,2.099779366982902,3,40.77077,ethiopia,draw_167
Male,2.229180632480062,3,40.77077,ethiopia,draw_167
Female,2.2506974890967753,2,40.88088,ethiopia,draw_167
Male,2.623687221840056,2,40.88088,ethiopia,draw_167
Female,2.09695472832203,3,40.88088,ethiopia,draw_167
Male,2.2257058407903103,3,40.88088,ethiopia,draw_167
Female,2.2467028355436818,2,40.99099,ethiopia,draw_167
Male,2.618089000263686,2,40.99099,ethiopia,draw_167
Female,2.0941353724123473,3,40.99099,ethiopia,draw_167
Male,2.2222376865164977,3,40.99099,ethiopia,draw_167
Female,2.2427187618344666,2,41.1011,ethiopia,draw_167
Male,2.612505946560067,2,41.1011,ethiopia,draw_167
Female,2.0913215374525653,3,41.1011,ethiopia,draw_167
Male,2.218776466147977,3,41.1011,ethiopia,draw_167
Female,2.2387459858285474,2,41.21121,ethiopia,draw_167
Male,2.60693945998989,2,41.21121,ethiopia,draw_167
Female,2.088513470241854,3,41.21121,ethiopia,draw_167
Male,2.2153227533074586,3,41.21121,ethiopia,draw_167
Female,2.2347844786875544,2,41.32132,ethiopia,draw_167
Male,2.601388631972028,2,41.32132,ethiopia,draw_167
Female,2.085711113199834,3,41.32132,ethiopia,draw_167
Male,2.2118763640978574,3,41.32132,ethiopia,draw_167
Female,2.230833000896803,2,41.43143,ethiopia,draw_167
Male,2.5958546220817857,2,41.43143,ethiopia,draw_167
Female,2.0829138660039033,3,41.43143,ethiopia,draw_167
Male,2.208437686808229,3,41.43143,ethiopia,draw_167
Female,2.2268931859801913,2,41.54154,ethiopia,draw_167
Male,2.590336971098608,2,41.54154,ethiopia,draw_167
Female,2.0801227031144998,3,41.54154,ethiopia,draw_167
Male,2.2050065607331963,3,41.54154,ethiopia,draw_167
Female,2.2229641009348504,2,41.65165,ethiopia,draw_167
Male,2.5848343019149973,2,41.65165,ethiopia,draw_167
Female,2.0773372393933096,3,41.65165,ethiopia,draw_167
Male,2.2015822446905053,3,41.65165,ethiopia,draw_167
Female,2.2190457198413136,2,41.76176,ethiopia,draw_167
Male,2.5793488421925135,2,41.76176,ethiopia,draw_167
Female,2.074557448085114,3,41.76176,ethiopia,draw_167
Male,2.198165933384577,3,41.76176,ethiopia,draw_167
Female,2.2151373360071305,2,41.87187,ethiopia,draw_167
Male,2.5738805965974008,2,41.87187,ethiopia,draw_167
Female,2.071782770698435,3,41.87187,ethiopia,draw_167
Male,2.19475761638818,3,41.87187,ethiopia,draw_167
Female,2.211240405234562,2,41.98198,ethiopia,draw_167
Male,2.568427426799443,2,41.98198,ethiopia,draw_167
Female,2.0690139970969623,3,41.98198,ethiopia,draw_167
Male,2.1913563097781292,3,41.98198,ethiopia,draw_167
Female,2.2073552016578555,2,42.09209,ethiopia,draw_167
Male,2.5629908992444674,2,42.09209,ethiopia,draw_167
Female,2.0662511924603764,3,42.09209,ethiopia,draw_167
Male,2.18796259735477,3,42.09209,ethiopia,draw_167
Female,2.2034801324132953,2,42.2022,ethiopia,draw_167
Male,2.5575688631087097,2,42.2022,ethiopia,draw_167
Female,2.0634936596888855,3,42.2022,ethiopia,draw_167
Male,2.1845758199276584,3,42.2022,ethiopia,draw_167
Female,2.1996168601675854,2,42.31231,ethiopia,draw_167
Male,2.5521628536337517,2,42.31231,ethiopia,draw_167
Female,2.060742119523961,3,42.31231,ethiopia,draw_167
Male,2.181196184449003,3,42.31231,ethiopia,draw_167
Female,2.1957642057395743,2,42.42242,ethiopia,draw_167
Male,2.5467749054481446,2,42.42242,ethiopia,draw_167
Female,2.0579959805226555,3,42.42242,ethiopia,draw_167
Male,2.177824729352266,3,42.42242,ethiopia,draw_167
Female,2.1919216777445962,2,42.53253,ethiopia,draw_167
Male,2.5414018464726658,2,42.53253,ethiopia,draw_167
Female,2.055255126609411,3,42.53253,ethiopia,draw_167
Male,2.1744601081234816,3,42.53253,ethiopia,draw_167
Female,2.1880905791011926,2,42.64264,ethiopia,draw_167
Male,2.5360451835467974,2,42.64264,ethiopia,draw_167
Female,2.052520189646473,3,42.64264,ethiopia,draw_167
Male,2.1711032694966876,3,42.64264,ethiopia,draw_167
Female,2.1842697834944307,2,42.75275,ethiopia,draw_167
Male,2.530704375231783,2,42.75275,ethiopia,draw_167
Female,2.0497904844299177,3,42.75275,ethiopia,draw_167
Male,2.167753910975687,3,42.75275,ethiopia,draw_167
Female,2.1804595406419582,2,42.86286,ethiopia,draw_167
Male,2.5253791701447867,2,42.86286,ethiopia,draw_167
Female,2.0470664173465605,3,42.86286,ethiopia,draw_167
Male,2.1644116691605846,3,42.86286,ethiopia,draw_167
Female,2.1766593132714323,2,42.97297,ethiopia,draw_167
Male,2.5200706951240694,2,42.97297,ethiopia,draw_167
Female,2.0443474808511404,3,42.97297,ethiopia,draw_167
Male,2.161077105256864,3,42.97297,ethiopia,draw_167
Female,2.1728693327220907,2,43.08308,ethiopia,draw_167
Male,2.514775748529001,2,43.08308,ethiopia,draw_167
Female,2.0416338315261298,3,43.08308,ethiopia,draw_167
Male,2.15774872803548,3,43.08308,ethiopia,draw_167
Female,2.16908942100523,2,43.19319,ethiopia,draw_167
Male,2.5094977139152372,2,43.19319,ethiopia,draw_167
Female,2.038925442540344,3,43.19319,ethiopia,draw_167
Male,2.1544282410060718,3,43.19319,ethiopia,draw_167
Female,2.1653202376693583,2,43.3033,ethiopia,draw_167
Male,2.5042329758605044,2,43.3033,ethiopia,draw_167
Female,2.0362225599153305,3,43.3033,ethiopia,draw_167
Male,2.1511142527537572,3,43.3033,ethiopia,draw_167
Female,2.161560987003327,2,43.41341,ethiopia,draw_167
Male,2.498986369924006,2,43.41341,ethiopia,draw_167
Female,2.03352483210479,3,43.41341,ethiopia,draw_167
Male,2.147808905537213,3,43.41341,ethiopia,draw_167
Female,2.15781262012625,2,43.52352,ethiopia,draw_167
Male,2.4937528979903063,2,43.52352,ethiopia,draw_167
Female,2.0308326050147008,3,43.52352,ethiopia,draw_167
Male,2.1445099103373084,3,43.52352,ethiopia,draw_167
Female,2.1540755422418343,2,43.63363,ethiopia,draw_167
Male,2.488534683486528,2,43.63363,ethiopia,draw_167
Female,2.028146123104426,3,43.63363,ethiopia,draw_167
Male,2.1412180398704823,3,43.63363,ethiopia,draw_167
Female,2.150348621691419,2,43.74374,ethiopia,draw_167
Male,2.483333204070086,2,43.74374,ethiopia,draw_167
Female,2.025464947595601,3,43.74374,ethiopia,draw_167
Male,2.137933818429354,3,43.74374,ethiopia,draw_167
Female,2.146632103236289,2,43.85385,ethiopia,draw_167
Male,2.4781460295975934,2,43.85385,ethiopia,draw_167
Female,2.0227891701387755,3,43.85385,ethiopia,draw_167
Male,2.134656462630131,3,43.85385,ethiopia,draw_167
Female,2.1429266269474083,2,43.96396,ethiopia,draw_167
Male,2.4729743558281565,2,43.96396,ethiopia,draw_167
Female,2.0201192406148527,3,43.96396,ethiopia,draw_167
Male,2.1313863617789695,3,43.96396,ethiopia,draw_167
Female,2.139230246079343,2,44.07407,ethiopia,draw_167
Male,2.4678181290753383,2,44.07407,ethiopia,draw_167
Female,2.017454098515041,3,44.07407,ethiopia,draw_167
Male,2.128123294464874,3,44.07407,ethiopia,draw_167
Female,2.135545865537906,2,44.18418,ethiopia,draw_167
Male,2.462677983852318,2,44.18418,ethiopia,draw_167
Female,2.0147949835927843,3,44.18418,ethiopia,draw_167
Male,2.1248676765837278,3,44.18418,ethiopia,draw_167
Female,2.1318716044345565,2,44.29429,ethiopia,draw_167
Male,2.4575510622948076,2,44.29429,ethiopia,draw_167
Female,2.01214103885119,3,44.29429,ethiopia,draw_167
Male,2.1216186069206184,3,44.29429,ethiopia,draw_167
Female,2.128207112372222,2,44.4044,ethiopia,draw_167
Male,2.452440164166885,2,44.4044,ethiopia,draw_167
Female,2.0094920714352793,3,44.4044,ethiopia,draw_167
Male,2.1183770511675535,3,44.4044,ethiopia,draw_167
Female,2.124552071749724,2,44.51451,ethiopia,draw_167
Male,2.447344081498191,2,44.51451,ethiopia,draw_167
Female,2.006847965918328,3,44.51451,ethiopia,draw_167
Male,2.1151426042953974,3,44.51451,ethiopia,draw_167
Female,2.120907865088352,2,44.62462,ethiopia,draw_167
Male,2.442262433399792,2,44.62462,ethiopia,draw_167
Female,2.004209520699799,3,44.62462,ethiopia,draw_167
Male,2.1119149708701728,3,44.62462,ethiopia,draw_167
Female,2.1172734035056764,2,44.73473,ethiopia,draw_167
Male,2.437197161479284,2,44.73473,ethiopia,draw_167
Female,2.001576189537673,3,44.73473,ethiopia,draw_167
Male,2.108694905879785,3,44.73473,ethiopia,draw_167
Female,2.113649224963196,2,44.84484,ethiopia,draw_167
Male,2.43214616383623,2,44.84484,ethiopia,draw_167
Female,1.998948186975669,3,44.84484,ethiopia,draw_167
Male,2.1054815105066385,3,44.84484,ethiopia,draw_167
Female,2.1100348562889013,2,44.95495,ethiopia,draw_167
Male,2.4271106725346865,2,44.95495,ethiopia,draw_167
Female,1.9963252218846224,3,44.95495,ethiopia,draw_167
Male,2.102275270186262,3,44.95495,ethiopia,draw_167
Female,2.106430800360955,2,45.06507,ethiopia,draw_167
Male,2.4220891948239394,2,45.06507,ethiopia,draw_167
Female,1.99370755075694,3,45.06507,ethiopia,draw_167
Male,2.0990755637643366,3,45.06507,ethiopia,draw_167
Female,2.102837253632257,2,45.17518,ethiopia,draw_167
Male,2.417082162316938,2,45.17518,ethiopia,draw_167
Female,1.9910955597632427,3,45.17518,ethiopia,draw_167
Male,2.0958828072345095,3,45.17518,ethiopia,draw_167
Female,2.099254051489112,2,45.28529,ethiopia,draw_167
Male,2.412089447666087,2,45.28529,ethiopia,draw_167
Female,1.9884889909972225,3,45.28529,ethiopia,draw_167
Male,2.092696771965839,3,45.28529,ethiopia,draw_167
Female,2.0956817464527373,2,45.3954,ethiopia,draw_167
Male,2.4071126508307534,2,45.3954,ethiopia,draw_167
Female,1.9858880575233258,3,45.3954,ethiopia,draw_167
Male,2.089518052769428,3,45.3954,ethiopia,draw_167
Female,2.0921195681643416,2,45.50551,ethiopia,draw_167
Male,2.4021491702418794,2,45.50551,ethiopia,draw_167
Female,1.983292133524898,3,45.50551,ethiopia,draw_167
Male,2.0863454532140113,3,45.50551,ethiopia,draw_167
Female,2.088566783176029,2,45.61562,ethiopia,draw_167
Male,2.3972003748698563,2,45.61562,ethiopia,draw_167
Female,1.9807010203632422,3,45.61562,ethiopia,draw_167
Male,2.083179558025447,3,45.61562,ethiopia,draw_167
Female,2.085024127579455,2,45.72573,ethiopia,draw_167
Male,2.392267252960366,2,45.72573,ethiopia,draw_167
Female,1.9781153648226466,3,45.72573,ethiopia,draw_167
Male,2.0800209008401414,3,45.72573,ethiopia,draw_167
Female,2.0814907666752056,2,45.83584,ethiopia,draw_167
Male,2.3873486437497147,2,45.83584,ethiopia,draw_167
Female,1.9755347896009785,3,45.83584,ethiopia,draw_167
Male,2.0768691424697265,3,45.83584,ethiopia,draw_167
Female,2.077802316211557,2,45.94595,ethiopia,draw_167
Male,2.3824438724178525,2,45.94595,ethiopia,draw_167
Female,1.9728367003759326,3,45.94595,ethiopia,draw_167
Male,2.0737241338222683,3,45.94595,ethiopia,draw_167
Female,2.0733407060872815,2,46.05606,ethiopia,draw_167
Male,2.3775549570390595,2,46.05606,ethiopia,draw_167
Female,1.9695603925958756,3,46.05606,ethiopia,draw_167
Male,2.0705865084226724,3,46.05606,ethiopia,draw_167
Female,2.068895624059492,2,46.16617,ethiopia,draw_167
Male,2.3726789392952337,2,46.16617,ethiopia,draw_167
Female,1.966292548058046,3,46.16617,ethiopia,draw_167
Male,2.067455089218345,3,46.16617,ethiopia,draw_167
Female,2.0644671340894947,2,46.27628,ethiopia,draw_167
Male,2.367818774323227,2,46.27628,ethiopia,draw_167
Female,1.9630332039699587,3,46.27628,ethiopia,draw_167
Male,2.0643311900187626,3,46.27628,ethiopia,draw_167
Female,2.060054124562214,2,46.38639,ethiopia,draw_167
Male,2.362972493612828,2,46.38639,ethiopia,draw_167
Female,1.9597818515534262,3,46.38639,ethiopia,draw_167
Male,2.0612137908246764,3,46.38639,ethiopia,draw_167
Female,2.055657480010907,2,46.4965,ethiopia,draw_167
Male,2.358139504394616,2,46.4965,ethiopia,draw_167
Female,1.9565390074706563,3,46.4965,ethiopia,draw_167
Male,2.058102860994583,3,46.4965,ethiopia,draw_167
Female,2.051276073506983,2,46.60661,ethiopia,draw_167
Male,2.353321869677141,2,46.60661,ethiopia,draw_167
Female,1.95330418152078,3,46.60661,ethiopia,draw_167
Male,2.0549990488609935,3,46.60661,ethiopia,draw_167
Female,2.0469106730073383,2,46.71672,ethiopia,draw_167
Male,2.348519026403331,2,46.71672,ethiopia,draw_167
Female,1.9500775666205667,3,46.71672,ethiopia,draw_167
Male,2.051902253604817,3,46.71672,ethiopia,draw_167
Female,2.0425610978107884,2,46.82683,ethiopia,draw_167
Male,2.343728984457929,2,46.82683,ethiopia,draw_167
Female,1.9468594779270039,3,46.82683,ethiopia,draw_167
Male,2.048811624647936,3,46.82683,ethiopia,draw_167
Female,2.0382265164562585,2,46.93694,ethiopia,draw_167
Male,2.338954264944805,2,46.93694,ethiopia,draw_167
Female,1.9436494511107882,3,46.93694,ethiopia,draw_167
Male,2.045728057591359,3,46.93694,ethiopia,draw_167
Female,2.0339076294447094,2,47.04705,ethiopia,draw_167
Male,2.3341924055839733,2,47.04705,ethiopia,draw_167
Female,1.9404476481479054,3,47.04705,ethiopia,draw_167
Male,2.0426507476819897,3,47.04705,ethiopia,draw_167
Female,2.0296051835174205,2,47.15716,ethiopia,draw_167
Male,2.329444858645461,2,47.15716,ethiopia,draw_167
Female,1.9372542604587148,3,47.15716,ethiopia,draw_167
Male,2.039580331391185,3,47.15716,ethiopia,draw_167
Female,2.0253189002166763,2,47.26727,ethiopia,draw_167
Male,2.3247106726265967,2,47.26727,ethiopia,draw_167
Female,1.9340691496030176,3,47.26727,ethiopia,draw_167
Male,2.0365163035874683,3,47.26727,ethiopia,draw_167
Female,2.0210472478311825,2,47.37738,ethiopia,draw_167
Male,2.3199920397979166,2,47.37738,ethiopia,draw_167
Female,1.9308917506837466,3,47.37738,ethiopia,draw_167
Male,2.0334598668778288,3,47.37738,ethiopia,draw_167
Female,2.0167909880709276,2,47.48749,ethiopia,draw_167
Male,2.315286990013673,2,47.48749,ethiopia,draw_167
Female,1.927722571634823,3,47.48749,ethiopia,draw_167
Male,2.03040984818245,3,47.48749,ethiopia,draw_167
Female,2.012551069938624,2,47.5976,ethiopia,draw_167
Male,2.310594634749219,2,47.5976,ethiopia,draw_167
Female,1.924562124377943,3,47.5976,ethiopia,draw_167
Male,2.027365812112365,3,47.5976,ethiopia,draw_167
Female,2.0083249384413184,2,47.70771,ethiopia,draw_167
Male,2.3059172370871717,2,47.70771,ethiopia,draw_167
Female,1.9214091228937644,3,47.70771,ethiopia,draw_167
Male,2.0243286693078444,3,47.70771,ethiopia,draw_167
Female,2.0041130816112456,2,47.81782,ethiopia,draw_167
Male,2.3012535601556205,2,47.81782,ethiopia,draw_167
Female,1.9182639951296998,3,47.81782,ethiopia,draw_167
Male,2.021298031253643,3,47.81782,ethiopia,draw_167
Female,1.9999154587280688,2,47.92793,ethiopia,draw_167
Male,2.2966045202430982,2,47.92793,ethiopia,draw_167
Female,1.9151264966472645,3,47.92793,ethiopia,draw_167
Male,2.018274293103898,3,47.92793,ethiopia,draw_167
Female,1.995733870972395,2,48.03804,ethiopia,draw_167
Male,2.291968120156842,2,48.03804,ethiopia,draw_167
Female,1.9119972882058385,3,48.03804,ethiopia,draw_167
Male,2.0152569309222086,3,48.03804,ethiopia,draw_167
Female,1.9915664638060144,2,48.14815,ethiopia,draw_167
Male,2.28734724698285,2,48.14815,ethiopia,draw_167
Female,1.9088756710566341,3,48.14815,ethiopia,draw_167
Male,2.0122470966594315,3,48.14815,ethiopia,draw_167
Female,1.9874146552086536,2,48.25826,ethiopia,draw_167
Male,2.2827384961695345,2,48.25826,ethiopia,draw_167
Female,1.9057625507006533,3,48.25826,ethiopia,draw_167
Male,2.0092432021457283,3,48.25826,ethiopia,draw_167
Female,1.9832761053733532,2,48.36837,ethiopia,draw_167
Male,2.278146121375138,2,48.36837,ethiopia,draw_167
Female,1.902656592488048,3,48.36837,ethiopia,draw_167
Male,2.0062469338271294,3,48.36837,ethiopia,draw_167
Female,1.9791522904375853,2,48.47848,ethiopia,draw_167
Male,2.2735676442158086,2,48.47848,ethiopia,draw_167
Female,1.8995585957026104,3,48.47848,ethiopia,draw_167
Male,2.003257224788013,3,48.47848,ethiopia,draw_167
Female,1.9750444968892376,2,48.58859,ethiopia,draw_167
Male,2.2690019288477057,2,48.58859,ethiopia,draw_167
Female,1.8964692750588563,3,48.58859,ethiopia,draw_167
Male,2.000273624707063,3,48.58859,ethiopia,draw_167
Female,1.9709514784592332,2,48.6987,ethiopia,draw_167
Male,2.264451101770594,2,48.6987,ethiopia,draw_167
Female,1.8933876946197836,3,48.6987,ethiopia,draw_167
Male,1.997296865356598,3,48.6987,ethiopia,draw_167
Female,1.9668718412772734,2,48.80881,ethiopia,draw_167
Male,2.259914093791464,2,48.80881,ethiopia,draw_167
Female,1.8903132556776054,3,48.80881,ethiopia,draw_167
Male,1.994326553802623,3,48.80881,ethiopia,draw_167
Female,1.962806822689168,2,48.91892,ethiopia,draw_167
Male,2.25538906034049,2,48.91892,ethiopia,draw_167
Female,1.8872466329705764,3,48.91892,ethiopia,draw_167
Male,1.9913621143403926,3,48.91892,ethiopia,draw_167
Female,1.9587565455321758,2,49.02903,ethiopia,draw_167
Male,2.2508776558271797,2,49.02903,ethiopia,draw_167
Female,1.8841878850669462,3,49.02903,ethiopia,draw_167
Male,1.988404078730219,3,49.02903,ethiopia,draw_167
Female,1.9547197267181318,2,49.13914,ethiopia,draw_167
Male,2.2463809955427156,2,49.13914,ethiopia,draw_167
Female,1.881136044436279,3,49.13914,ethiopia,draw_167
Male,1.985453172356313,3,49.13914,ethiopia,draw_167
Female,1.95069892168584,2,49.24925,ethiopia,draw_167
Male,2.241898209787301,2,49.24925,ethiopia,draw_167
Female,1.878092711059586,3,49.24925,ethiopia,draw_167
Male,1.9825089161984202,3,49.24925,ethiopia,draw_167
Female,1.9466911944144778,2,49.35936,ethiopia,draw_167
Male,2.237428381120749,2,49.35936,ethiopia,draw_167
Female,1.8750562623635487,3,49.35936,ethiopia,draw_167
Male,1.979570917912442,3,49.35936,ethiopia,draw_167
Female,1.9426979006139973,2,49.46947,ethiopia,draw_167
Male,2.232972126670259,2,49.46947,ethiopia,draw_167
Female,1.8720277775377836,3,49.46947,ethiopia,draw_167
Male,1.9766394590598426,3,49.46947,ethiopia,draw_167
Female,1.9387187693510897,2,49.57958,ethiopia,draw_167
Male,2.228529170887055,2,49.57958,ethiopia,draw_167
Female,1.8690071256119782,3,49.57958,ethiopia,draw_167
Male,1.9737143307614873,3,49.57958,ethiopia,draw_167
Female,1.9347532088039785,2,49.68969,ethiopia,draw_167
Male,2.224099415035078,2,49.68969,ethiopia,draw_167
Female,1.8659936010651061,3,49.68969,ethiopia,draw_167
Male,1.9707954652408537,3,49.68969,ethiopia,draw_167
Female,1.9308019547225137,2,49.7998,ethiopia,draw_167
Male,2.2196832906892543,2,49.7998,ethiopia,draw_167
Female,1.8629879871791446,3,49.7998,ethiopia,draw_167
Male,1.9678827419481273,3,49.7998,ethiopia,draw_167
Female,1.9268651376979484,2,49.90991,ethiopia,draw_167
Male,2.2152431768495835,2,49.90991,ethiopia,draw_167
Female,1.8599903485035219,3,49.90991,ethiopia,draw_167
Male,1.9649510686116196,3,49.90991,ethiopia,draw_167
Female,1.9229424619373219,2,50.02002,ethiopia,draw_167
Male,2.210164056494451,2,50.02002,ethiopia,draw_167
Female,1.8570002019050444,3,50.02002,ethiopia,draw_167
Male,1.9615810064841817,3,50.02002,ethiopia,draw_167
Female,1.9190342410254488,2,50.13013,ethiopia,draw_167
Male,2.2051023205389186,2,50.13013,ethiopia,draw_167
Female,1.8540178995339354,3,50.13013,ethiopia,draw_167
Male,1.9582194547598657,3,50.13013,ethiopia,draw_167
Female,1.9151399788898802,2,50.24024,ethiopia,draw_167
Male,2.20005971886074,2,50.24024,ethiopia,draw_167
Female,1.8510430203695554,3,50.24024,ethiopia,draw_167
Male,1.9548668921397216,3,50.24024,ethiopia,draw_167
Female,1.9112597795066295,2,50.35035,ethiopia,draw_167
Male,2.1950336690346073,2,50.35035,ethiopia,draw_167
Female,1.8480758572106017,3,50.35035,ethiopia,draw_167
Male,1.9515223334210288,3,50.35035,ethiopia,draw_167
Female,1.9073943076886513,2,50.46046,ethiopia,draw_167
Male,2.1900273816909532,2,50.46046,ethiopia,draw_167
Female,1.8451168810919374,3,50.46046,ethiopia,draw_167
Male,1.9481871216180475,3,50.46046,ethiopia,draw_167
Female,1.9035428700369577,2,50.57057,ethiopia,draw_167
Male,2.1850368438892542,2,50.57057,ethiopia,draw_167
Female,1.8421655213528965,3,50.57057,ethiopia,draw_167
Male,1.944859866708063,3,50.57057,ethiopia,draw_167
Female,1.8997056012151214,2,50.68068,ethiopia,draw_167
Male,2.180064648015955,2,50.68068,ethiopia,draw_167
Female,1.83922177870435,3,50.68068,ethiopia,draw_167
Male,1.941541472139921,3,50.68068,ethiopia,draw_167
Female,1.8958819053083467,2,50.79079,ethiopia,draw_167
Male,2.1751068867640404,2,50.79079,ethiopia,draw_167
Female,1.8362854554241514,3,50.79079,ethiopia,draw_167
Male,1.9382300146224316,3,50.79079,ethiopia,draw_167
Female,1.892071651382659,2,50.9009,ethiopia,draw_167
Male,2.170168457351618,2,50.9009,ethiopia,draw_167
Female,1.8333564507836912,3,50.9009,ethiopia,draw_167
Male,1.9349277093784236,3,50.9009,ethiopia,draw_167
Female,1.8882748075453222,2,51.01101,ethiopia,draw_167
Male,2.1652467952942356,2,51.01101,ethiopia,draw_167
Female,1.830434470558091,3,51.01101,ethiopia,draw_167
Male,1.931633281014933,3,51.01101,ethiopia,draw_167
Female,1.8844907494490915,2,51.12112,ethiopia,draw_167
Male,2.160343166211931,2,51.12112,ethiopia,draw_167
Female,1.8275192789558121,3,51.12112,ethiopia,draw_167
Male,1.9283477758873557,3,51.12112,ethiopia,draw_167
Female,1.880720301507789,2,51.23123,ethiopia,draw_167
Male,2.155455859516006,2,51.23123,ethiopia,draw_167
Female,1.8246115499423088,3,51.23123,ethiopia,draw_167
Male,1.9250699001049811,3,51.23123,ethiopia,draw_167
Female,1.8769633901105143,2,51.34134,ethiopia,draw_167
Male,2.1505858533259805,2,51.34134,ethiopia,draw_167
Female,1.821711002136241,3,51.34134,ethiopia,draw_167
Male,1.9218005139385632,3,51.34134,ethiopia,draw_167
Female,1.8732203589289722,2,51.45145,ethiopia,draw_167
Male,2.1457337195577466,2,51.45145,ethiopia,draw_167
Female,1.818818133862234,3,51.45145,ethiopia,draw_167
Male,1.91853989049509,3,51.45145,ethiopia,draw_167
Female,1.8694900026759964,2,51.56156,ethiopia,draw_167
Male,2.1408991597927596,2,51.56156,ethiopia,draw_167
Female,1.8159321523254677,3,51.56156,ethiopia,draw_167
Male,1.9152875182503448,3,51.56156,ethiopia,draw_167
Female,1.8657728062387735,2,51.67167,ethiopia,draw_167
Male,2.136081108133899,2,51.67167,ethiopia,draw_167
Female,1.81305315846714,3,51.67167,ethiopia,draw_167
Male,1.9120428519668586,3,51.67167,ethiopia,draw_167
Female,1.8620702951007015,2,51.78178,ethiopia,draw_167
Male,2.1312802680102894,2,51.78178,ethiopia,draw_167
Female,1.8101820666347153,3,51.78178,ethiopia,draw_167
Male,1.9088066486685407,3,51.78178,ethiopia,draw_167
Female,1.8583793073953496,2,51.89189,ethiopia,draw_167
Male,2.1264962258959894,2,51.89189,ethiopia,draw_167
Female,1.8073169895334085,3,51.89189,ethiopia,draw_167
Male,1.9055789193344248,3,51.89189,ethiopia,draw_167
Female,1.8547011485767586,2,52.002,ethiopia,draw_167
Male,2.121728960888826,2,52.002,ethiopia,draw_167
Female,1.8044591078613363,3,52.002,ethiopia,draw_167
Male,1.9023595689050032,3,52.002,ethiopia,draw_167
Female,1.8510367866909314,2,52.11211,ethiopia,draw_167
Male,2.116979492689178,2,52.11211,ethiopia,draw_167
Female,1.8016088305377342,3,52.11211,ethiopia,draw_167
Male,1.8991487772988407,3,52.11211,ethiopia,draw_167
Female,1.8473859891614473,2,52.22222,ethiopia,draw_167
Male,2.1122454167707883,2,52.22222,ethiopia,draw_167
Female,1.7987656076572125,3,52.22222,ethiopia,draw_167
Male,1.8959459133326568,3,52.22222,ethiopia,draw_167
Female,1.8437492111245088,2,52.33233,ethiopia,draw_167
Male,2.107528307233353,2,52.33233,ethiopia,draw_167
Female,1.7959302477263595,3,52.33233,ethiopia,draw_167
Male,1.892751452165054,3,52.33233,ethiopia,draw_167
Female,1.840125448362029,2,52.44244,ethiopia,draw_167
Male,2.102827674246097,2,52.44244,ethiopia,draw_167
Female,1.7931021019044007,3,52.44244,ethiopia,draw_167
Male,1.8895650154273307,3,52.44244,ethiopia,draw_167
Female,1.8365159631412138,2,52.55255,ethiopia,draw_167
Male,2.0981432535082845,2,52.55255,ethiopia,draw_167
Female,1.7902821062529064,3,52.55255,ethiopia,draw_167
Male,1.8863864270343624,3,52.55255,ethiopia,draw_167
Female,1.8329182685808412,2,52.66266,ethiopia,draw_167
Male,2.0934761549262944,2,52.66266,ethiopia,draw_167
Female,1.7874686371310118,3,52.66266,ethiopia,draw_167
Male,1.8832160034554566,3,52.66266,ethiopia,draw_167
Female,1.8293341356968253,2,52.77277,ethiopia,draw_167
Male,2.0888256808310013,2,52.77277,ethiopia,draw_167
Female,1.7846626614930627,3,52.77277,ethiopia,draw_167
Male,1.880053607040422,3,52.77277,ethiopia,draw_167
Female,1.8257619020910179,2,52.88288,ethiopia,draw_167
Male,2.0841904001205553,2,52.88288,ethiopia,draw_167
Female,1.7818630437717842,3,52.88288,ethiopia,draw_167
Male,1.8768986949070317,3,52.88288,ethiopia,draw_167
Female,1.822202950512538,2,52.99299,ethiopia,draw_167
Male,2.0795704660195704,2,52.99299,ethiopia,draw_167
Female,1.7790706526420699,3,52.99299,ethiopia,draw_167
Male,1.8737514397327115,3,52.99299,ethiopia,draw_167
Female,1.8186557124917646,2,53.1031,ethiopia,draw_167
Male,2.074968031076377,2,53.1031,ethiopia,draw_167
Female,1.7762847586983048,3,53.1031,ethiopia,draw_167
Male,1.8706126305642021,3,53.1031,ethiopia,draw_167
Female,1.8151223466821302,2,53.21321,ethiopia,draw_167
Male,2.070381293806614,2,53.21321,ethiopia,draw_167
Female,1.7735065434539294,3,53.21321,ethiopia,draw_167
Male,1.8674811308482684,3,53.21321,ethiopia,draw_167
Female,1.811599879140185,2,53.32332,ethiopia,draw_167
Male,2.065810918708571,2,53.32332,ethiopia,draw_167
Female,1.7707346267326491,3,53.32332,ethiopia,draw_167
Male,1.8643574523532047,3,53.32332,ethiopia,draw_167
Female,1.8080917315881861,2,53.43343,ethiopia,draw_167
Male,2.061256768188317,2,53.43343,ethiopia,draw_167
Female,1.7679706189710787,3,53.43343,ethiopia,draw_167
Male,1.8612414868357343,3,53.43343,ethiopia,draw_167
Female,1.804594962680069,2,53.54354,ethiopia,draw_167
Male,2.0567178549448673,2,53.54354,ethiopia,draw_167
Female,1.765212818309798,3,53.54354,ethiopia,draw_167
Male,1.8581331401424306,3,53.54354,ethiopia,draw_167
Female,1.8011097574140074,2,53.65365,ethiopia,draw_167
Male,2.052195294431788,2,53.65365,ethiopia,draw_167
Female,1.7624611437841389,3,53.65365,ethiopia,draw_167
Male,1.8550328876393545,3,53.65365,ethiopia,draw_167
Female,1.797638608929257,2,53.76376,ethiopia,draw_167
Male,2.0476872523546357,2,53.76376,ethiopia,draw_167
Female,1.7597171246144698,3,53.76376,ethiopia,draw_167
Male,1.8519400281564933,3,53.76376,ethiopia,draw_167
Female,1.7941793297395998,2,53.87387,ethiopia,draw_167
Male,2.043196620631345,2,53.87387,ethiopia,draw_167
Female,1.75697942306102,3,53.87387,ethiopia,draw_167
Male,1.848855756044941,3,53.87387,ethiopia,draw_167
Female,1.7907330241813124,2,53.98398,ethiopia,draw_167
Male,2.0387201437255675,2,53.98398,ethiopia,draw_167
Female,1.754248776077687,3,53.98398,ethiopia,draw_167
Male,1.8457785615049227,3,53.98398,ethiopia,draw_167
Female,1.7872995067564312,2,54.09409,ethiopia,draw_167
Male,2.034260404251072,2,54.09409,ethiopia,draw_167
Female,1.7515250987598727,3,54.09409,ethiopia,draw_167
Male,1.8427095238777895,3,54.09409,ethiopia,draw_167
Female,1.7838783144247439,2,54.2042,ethiopia,draw_167
Male,2.0298157977670694,2,54.2042,ethiopia,draw_167
Female,1.7488083969471655,3,54.2042,ethiopia,draw_167
Male,1.8396479367892729,3,54.2042,ethiopia,draw_167
Female,1.780469747185172,2,54.31431,ethiopia,draw_167
Male,2.0253874016105162,2,54.31431,ethiopia,draw_167
Female,1.7460989229391493,3,54.31431,ethiopia,draw_167
Male,1.836594391344809,3,54.31431,ethiopia,draw_167
Female,1.7770729228896869,2,54.42442,ethiopia,draw_167
Male,2.0209737192892354,2,54.42442,ethiopia,draw_167
Female,1.7433961149111805,3,54.42442,ethiopia,draw_167
Male,1.8335484802800417,3,54.42442,ethiopia,draw_167
Female,1.7736877568049172,2,54.53453,ethiopia,draw_167
Male,2.016575821563618,2,54.53453,ethiopia,draw_167
Female,1.7406999614704264,3,54.53453,ethiopia,draw_167
Male,1.8305105123953096,3,54.53453,ethiopia,draw_167
Female,1.7703147360290599,2,54.64464,ethiopia,draw_167
Male,2.0121916653378746,2,54.64464,ethiopia,draw_167
Female,1.7380108177455458,3,54.64464,ethiopia,draw_167
Male,1.8274796883706095,3,54.64464,ethiopia,draw_167
Female,1.7669534135304041,2,54.75475,ethiopia,draw_167
Male,2.007823137752537,2,54.75475,ethiopia,draw_167
Female,1.735328328334289,3,54.75475,ethiopia,draw_167
Male,1.8244563913363812,3,54.75475,ethiopia,draw_167
Female,1.7636028081093083,2,54.86486,ethiopia,draw_167
Male,2.0034709855022026,2,54.86486,ethiopia,draw_167
Female,1.7326515796267918,3,54.86486,ethiopia,draw_167
Male,1.8214408906871022,3,54.86486,ethiopia,draw_167
Female,1.7602648192788695,2,54.97497,ethiopia,draw_167
Male,1.9991330923039112,2,54.97497,ethiopia,draw_167
Female,1.729981871504691,3,54.97497,ethiopia,draw_167
Male,1.8184326742598445,3,54.97497,ethiopia,draw_167
Female,1.7569378031703442,2,55.08509,ethiopia,draw_167
Male,1.9948105503875728,2,55.08509,ethiopia,draw_167
Female,1.7273183168132458,3,55.08509,ethiopia,draw_167
Male,1.815432126485713,3,55.08509,ethiopia,draw_167
Female,1.753623026569146,2,55.1952,ethiopia,draw_167
Male,1.9905017554958135,2,55.1952,ethiopia,draw_167
Female,1.7246618256921544,3,55.1952,ethiopia,draw_167
Male,1.8124386700142892,3,55.1952,ethiopia,draw_167
Female,1.7503195836157972,2,55.30531,ethiopia,draw_167
Male,1.9862085932620257,2,55.30531,ethiopia,draw_167
Female,1.7220119901459083,3,55.30531,ethiopia,draw_167
Male,1.8094531752056182,3,55.30531,ethiopia,draw_167
Female,1.7470274803721446,2,55.41542,ethiopia,draw_167
Male,1.981930238797974,2,55.41542,ethiopia,draw_167
Female,1.7193688200254347,3,55.41542,ethiopia,draw_167
Male,1.806475075351145,3,55.41542,ethiopia,draw_167
Female,1.7437477013922715,2,55.52553,ethiopia,draw_167
Male,1.97766631713068,2,55.52553,ethiopia,draw_167
Female,1.7167326991169054,3,55.52553,ethiopia,draw_167
Male,1.8035043078144144,3,55.52553,ethiopia,draw_167
Female,1.7404800618092844,2,55.63564,ethiopia,draw_167
Male,1.9734173294252233,2,55.63564,ethiopia,draw_167
Female,1.7141032584086928,3,55.63564,ethiopia,draw_167
Male,1.8005411316766025,3,55.63564,ethiopia,draw_167
Female,1.737224909870305,2,55.74575,ethiopia,draw_167
Male,1.9691827708443894,2,55.74575,ethiopia,draw_167
Female,1.7114809212610476,3,55.74575,ethiopia,draw_167
Male,1.797585238495673,3,55.74575,ethiopia,draw_167
Female,1.7339810169241745,2,55.85586,ethiopia,draw_167
Male,1.9649637184842645,2,55.85586,ethiopia,draw_167
Female,1.7088647564912918,3,55.85586,ethiopia,draw_167
Male,1.7946369003596496,3,55.85586,ethiopia,draw_167
Female,1.7307497074602194,2,55.96597,ethiopia,draw_167
Male,1.9607592557132472,2,55.96597,ethiopia,draw_167
Female,1.7062555814569447,3,55.96597,ethiopia,draw_167
Male,1.7916961376823815,3,55.96597,ethiopia,draw_167
Female,1.7275295833211508,2,56.07608,ethiopia,draw_167
Male,1.9565678390969328,2,56.07608,ethiopia,draw_167
Female,1.7036525524471142,3,56.07608,ethiopia,draw_167
Male,1.7887620505575912,3,56.07608,ethiopia,draw_167
Female,1.7243208932856882,2,56.18619,ethiopia,draw_167
Male,1.9523920462167126,2,56.18619,ethiopia,draw_167
Female,1.7010559671649692,3,56.18619,ethiopia,draw_167
Male,1.7858359620867614,3,56.18619,ethiopia,draw_167
Female,1.721124602421695,2,56.2963,ethiopia,draw_167
Male,1.9482308667242683,2,56.2963,ethiopia,draw_167
Female,1.6984663645577236,3,56.2963,ethiopia,draw_167
Male,1.782917200927475,3,56.2963,ethiopia,draw_167
Female,1.717939478715473,2,56.40641,ethiopia,draw_167
Male,1.944083648336901,2,56.40641,ethiopia,draw_167
Female,1.69588303656637,3,56.40641,ethiopia,draw_167
Male,1.7800057437791992,3,56.40641,ethiopia,draw_167
Female,1.7147665414262954,2,56.51652,ethiopia,draw_167
Male,1.9399504744336447,2,56.51652,ethiopia,draw_167
Female,1.6933068399947149,3,56.51652,ethiopia,draw_167
Male,1.777101537030635,3,56.51652,ethiopia,draw_167
Female,1.7116054071223217,2,56.62663,ethiopia,draw_167
Male,1.9358321887995766,2,56.62663,ethiopia,draw_167
Female,1.69073734986444,3,56.62663,ethiopia,draw_167
Male,1.7742045795772678,3,56.62663,ethiopia,draw_167
Female,1.7084547929002876,2,56.73674,ethiopia,draw_167
Male,1.9317280653174589,2,56.73674,ethiopia,draw_167
Female,1.6881741344871473,3,56.73674,ethiopia,draw_167
Male,1.7713146663206847,3,56.73674,ethiopia,draw_167
Female,1.7053147538821642,2,56.84685,ethiopia,draw_167
Male,1.927638061230375,2,56.84685,ethiopia,draw_167
Female,1.6856169541535546,3,56.84685,ethiopia,draw_167
Male,1.7684320590641807,3,56.84685,ethiopia,draw_167
Female,1.7021860733065222,2,56.95696,ethiopia,draw_167
Male,1.9235634588138135,2,56.95696,ethiopia,draw_167
Female,1.6830664001645046,3,56.95696,ethiopia,draw_167
Male,1.7655574149781164,3,56.95696,ethiopia,draw_167
Female,1.6990685137564707,2,57.06707,ethiopia,draw_167
Male,1.9195021596781934,2,57.06707,ethiopia,draw_167
Female,1.68052227606679,3,57.06707,ethiopia,draw_167
Male,1.762689450652019,3,57.06707,ethiopia,draw_167
Female,1.695960930362677,2,57.17718,ethiopia,draw_167
Male,1.9154563951440593,2,57.17718,ethiopia,draw_167
Female,1.6779839111312316,3,57.17718,ethiopia,draw_167
Male,1.7598291424297654,3,57.17718,ethiopia,draw_167
Female,1.6928641017279702,2,57.28729,ethiopia,draw_167
Male,1.9114236239737772,2,57.28729,ethiopia,draw_167
Female,1.6754518816578359,3,57.28729,ethiopia,draw_167
Male,1.756975233583565,3,57.28729,ethiopia,draw_167
Female,1.6897789674404857,2,57.3974,ethiopia,draw_167
Male,1.9074055807879626,2,57.3974,ethiopia,draw_167
Female,1.6729266665901954,3,57.3974,ethiopia,draw_167
Male,1.7541289522699322,3,57.3974,ethiopia,draw_167
Female,1.686704745959252,2,57.50751,ethiopia,draw_167
Male,1.9033999329284588,2,57.50751,ethiopia,draw_167
Female,1.670407649011673,3,57.50751,ethiopia,draw_167
Male,1.7512893174242212,3,57.50751,ethiopia,draw_167
Female,1.6836423210013716,2,57.61762,ethiopia,draw_167
Male,1.8994083392309271,2,57.61762,ethiopia,draw_167
Female,1.6678956816289792,3,57.61762,ethiopia,draw_167
Male,1.7484568402759613,3,57.61762,ethiopia,draw_167
Female,1.6805899902773445,2,57.72773,ethiopia,draw_167
Male,1.895431043093155,2,57.72773,ethiopia,draw_167
Female,1.66538948576635,3,57.72773,ethiopia,draw_167
Male,1.7456317476954646,3,57.72773,ethiopia,draw_167
Female,1.6775488313177365,2,57.83784,ethiopia,draw_167
Male,1.8914667260143874,2,57.83784,ethiopia,draw_167
Female,1.6628897202212507,3,57.83784,ethiopia,draw_167
Male,1.742813307985377,3,57.83784,ethiopia,draw_167
Female,1.6745180400330266,2,57.94795,ethiopia,draw_167
Male,1.8875168813670047,2,57.94795,ethiopia,draw_167
Female,1.6603958924485975,3,57.94795,ethiopia,draw_167
Male,1.7400018195906184,3,57.94795,ethiopia,draw_167
Female,1.67149799169899,2,58.05806,ethiopia,draw_167
Male,1.88358137405249,2,58.05806,ethiopia,draw_167
Female,1.657908002033843,3,58.05806,ethiopia,draw_167
Male,1.7371973161077023,3,58.05806,ethiopia,draw_167
Female,1.6684888596443839,2,58.16817,ethiopia,draw_167
Male,1.8796592411779993,2,58.16817,ethiopia,draw_167
Female,1.6554263645353025,3,58.16817,ethiopia,draw_167
Male,1.734399661072764,3,58.16817,ethiopia,draw_167
Female,1.6654893811171294,2,58.27828,ethiopia,draw_167
Male,1.8757520238152472,2,58.27828,ethiopia,draw_167
Female,1.652950340475927,3,58.27828,ethiopia,draw_167
Male,1.7316098491740866,3,58.27828,ethiopia,draw_167
Female,1.6625005780046846,2,58.38839,ethiopia,draw_167
Male,1.8718572702179637,2,58.38839,ethiopia,draw_167
Female,1.650480632218316,3,58.38839,ethiopia,draw_167
Male,1.728826525408144,3,58.38839,ethiopia,draw_167
Female,1.6595224382217875,2,58.4985,ethiopia,draw_167
Male,1.8679757541570503,2,58.4985,ethiopia,draw_167
Female,1.6480171415972817,3,58.4985,ethiopia,draw_167
Male,1.7260499155998257,3,58.4985,ethiopia,draw_167
Female,1.6565540699825747,2,58.60861,ethiopia,draw_167
Male,1.8641098806964678,2,58.60861,ethiopia,draw_167
Female,1.6455592610898881,3,58.60861,ethiopia,draw_167
Male,1.7232815210146089,3,58.60861,ethiopia,draw_167
Female,1.6535967535130949,2,58.71872,ethiopia,draw_167
Male,1.8602561196592162,2,58.71872,ethiopia,draw_167
Female,1.64310760441089,3,58.71872,ethiopia,draw_167
Male,1.7205194832944053,3,58.71872,ethiopia,draw_167
Female,1.6506509537043714,2,58.82883,ethiopia,draw_167
Male,1.856415693144866,2,58.82883,ethiopia,draw_167
Female,1.6406625255276581,3,58.82883,ethiopia,draw_167
Male,1.7177644082812815,3,58.82883,ethiopia,draw_167
Female,1.647714691636599,2,58.93894,ethiopia,draw_167
Male,1.8525889315317103,2,58.93894,ethiopia,draw_167
Female,1.638223027717017,3,58.93894,ethiopia,draw_167
Male,1.715016150601047,3,58.93894,ethiopia,draw_167
Female,1.6447901095499498,2,59.04905,ethiopia,draw_167
Male,1.8487753280947468,2,59.04905,ethiopia,draw_167
Female,1.6357903556995714,3,59.04905,ethiopia,draw_167
Male,1.7122746358499321,3,59.04905,ethiopia,draw_167
Female,1.6418747052520033,2,59.15916,ethiopia,draw_167
Male,1.844973600994591,2,59.15916,ethiopia,draw_167
Female,1.6333633621840171,3,59.15916,ethiopia,draw_167
Male,1.709539214921608,3,59.15916,ethiopia,draw_167
Female,1.6389703444560682,2,59.26927,ethiopia,draw_167
Male,1.8411867719488295,2,59.26927,ethiopia,draw_167
Female,1.6309427663925764,3,59.26927,ethiopia,draw_167
Male,1.7068113107215768,3,59.26927,ethiopia,draw_167
Female,1.6360754446741195,2,59.37938,ethiopia,draw_167
Male,1.837413327831144,2,59.37938,ethiopia,draw_167
Female,1.6285274763982414,3,59.37938,ethiopia,draw_167
Male,1.7040904472227287,3,59.37938,ethiopia,draw_167
Female,1.6331903605856748,2,59.48949,ethiopia,draw_167
Male,1.8336517546564408,2,59.48949,ethiopia,draw_167
Female,1.6261176380730453,3,59.48949,ethiopia,draw_167
Male,1.7013758634426073,3,59.48949,ethiopia,draw_167
Female,1.6303153883464172,2,59.5996,ethiopia,draw_167
Male,1.8299034602022475,2,59.5996,ethiopia,draw_167
Female,1.6237136388305524,3,59.5996,ethiopia,draw_167
Male,1.6986680718261162,3,59.5996,ethiopia,draw_167
Female,1.6274502048965998,2,59.70971,ethiopia,draw_167
Male,1.8261681384297197,2,59.70971,ethiopia,draw_167
Female,1.621315426625321,3,59.70971,ethiopia,draw_167
Male,1.6959671851091538,3,59.70971,ethiopia,draw_167
Female,1.62459398258206,2,59.81982,ethiopia,draw_167
Male,1.8224465396835732,2,59.81982,ethiopia,draw_167
Female,1.6189224149796102,3,59.81982,ethiopia,draw_167
Male,1.6932735099578584,3,59.81982,ethiopia,draw_167
Female,1.6217494300759716,2,59.92993,ethiopia,draw_167
Male,1.8187384059614713,2,59.92993,ethiopia,draw_167
Female,1.6165361961274882,3,59.92993,ethiopia,draw_167
Male,1.6905869051743434,3,59.92993,ethiopia,draw_167
Female,1.6189148604049206,2,60.04004,ethiopia,draw_167
Male,1.8150434296570996,2,60.04004,ethiopia,draw_167
Female,1.6141555204378923,3,60.04004,ethiopia,draw_167
Male,1.6879070721065872,3,60.04004,ethiopia,draw_167
Female,1.616091043485725,2,60.15015,ethiopia,draw_167
Male,1.81136026510413,2,60.15015,ethiopia,draw_167
Female,1.6117812158812872,3,60.15015,ethiopia,draw_167
Male,1.6852333952634633,3,60.15015,ethiopia,draw_167
Female,1.6132768049001778,2,60.26026,ethiopia,draw_167
Male,1.8076899811632812,2,60.26026,ethiopia,draw_167
Female,1.609412629801718,3,60.26026,ethiopia,draw_167
Male,1.6825665197928177,3,60.26026,ethiopia,draw_167
Female,1.6104735344406997,2,60.37037,ethiopia,draw_167
Male,1.8040318514705092,2,60.37037,ethiopia,draw_167
Female,1.6070505735379146,3,60.37037,ethiopia,draw_167
Male,1.6799060067723448,3,60.37037,ethiopia,draw_167
Female,1.6076794058704997,2,60.48048,ethiopia,draw_167
Male,1.8003868379898322,2,60.48048,ethiopia,draw_167
Female,1.6046940021102434,3,60.48048,ethiopia,draw_167
Male,1.6772523457125408,3,60.48048,ethiopia,draw_167
Female,1.604894605904033,2,60.59059,ethiopia,draw_167
Male,1.7967545676880825,2,60.59059,ethiopia,draw_167
Female,1.6023430299018915,3,60.59059,ethiopia,draw_167
Male,1.6746052719056528,3,60.59059,ethiopia,draw_167
Female,1.6021198492351072,2,60.7007,ethiopia,draw_167
Male,1.793135047377247,2,60.7007,ethiopia,draw_167
Female,1.5999978855885548,3,60.7007,ethiopia,draw_167
Male,1.6719649215771093,3,60.7007,ethiopia,draw_167
Female,1.5993548840824534,2,60.81081,ethiopia,draw_167
Male,1.7895281540232828,2,60.81081,ethiopia,draw_167
Female,1.5976583771867643,3,60.81081,ethiopia,draw_167
Male,1.6693311994972975,3,60.81081,ethiopia,draw_167
Female,1.5965992500699133,2,60.92092,ethiopia,draw_167
Male,1.785933959299948,2,60.92092,ethiopia,draw_167
Female,1.595324125730142,3,60.92092,ethiopia,draw_167
Male,1.6667041330298225,3,60.92092,ethiopia,draw_167
Female,1.5938539731034445,2,61.03103,ethiopia,draw_167
Male,1.7823530987224274,2,61.03103,ethiopia,draw_167
Female,1.5929958738777659,3,61.03103,ethiopia,draw_167
Male,1.664084077263728,3,61.03103,ethiopia,draw_167
Female,1.5911178088374616,2,61.14114,ethiopia,draw_167
Male,1.7787855633075311,2,61.14114,ethiopia,draw_167
Female,1.5906729982447918,3,61.14114,ethiopia,draw_167
Male,1.661470829924393,3,61.14114,ethiopia,draw_167
Female,1.5883920156233857,2,61.25125,ethiopia,draw_167
Male,1.7752284273081735,2,61.25125,ethiopia,draw_167
Female,1.588356023299679,3,61.25125,ethiopia,draw_167
Male,1.6588634115439966,3,61.25125,ethiopia,draw_167
Female,1.5856759108700833,2,61.36136,ethiopia,draw_167
Male,1.7716844922679458,2,61.36136,ethiopia,draw_167
Female,1.5860448807852463,3,61.36136,ethiopia,draw_167
Male,1.6562631243814379,3,61.36136,ethiopia,draw_167
Female,1.582968568665133,2,61.47147,ethiopia,draw_167
Male,1.7681516327527826,2,61.47147,ethiopia,draw_167
Female,1.5837390431464045,3,61.47147,ethiopia,draw_167
Male,1.6536690146602817,3,61.47147,ethiopia,draw_167
Female,1.5802712191132446,2,61.58158,ethiopia,draw_167
Male,1.7646305023776812,2,61.58158,ethiopia,draw_167
Female,1.5814390698276117,3,61.58158,ethiopia,draw_167
Male,1.6510810584391218,3,61.58158,ethiopia,draw_167
Female,1.5775831064246317,2,61.69169,ethiopia,draw_167
Male,1.7611218716773869,2,61.69169,ethiopia,draw_167
Female,1.579144428358102,3,61.69169,ethiopia,draw_167
Male,1.648499619115176,3,61.69169,ethiopia,draw_167
Female,1.574905691833511,2,61.8018,ethiopia,draw_167
Male,1.7576251609883575,2,61.8018,ethiopia,draw_167
Female,1.5768560279469999,3,61.8018,ethiopia,draw_167
Male,1.6459243415483726,3,61.8018,ethiopia,draw_167
Female,1.5722375724739996,2,61.91191,ethiopia,draw_167
Male,1.7541397669076018,2,61.91191,ethiopia,draw_167
Female,1.5745729212665864,3,61.91191,ethiopia,draw_167
Male,1.6433547113908773,3,61.91191,ethiopia,draw_167
Female,1.5695784507903952,2,62.02202,ethiopia,draw_167
Male,1.7506667089358228,2,62.02202,ethiopia,draw_167
Female,1.5722950486235678,3,62.02202,ethiopia,draw_167
Male,1.6407915944413292,3,62.02202,ethiopia,draw_167
Female,1.566928816570625,2,62.13213,ethiopia,draw_167
Male,1.747205430378967,2,62.13213,ethiopia,draw_167
Female,1.570023047203636,3,62.13213,ethiopia,draw_167
Male,1.6382346498538438,3,62.13213,ethiopia,draw_167
Female,1.5642893246522869,2,62.24224,ethiopia,draw_167
Male,1.7437551180192208,2,62.24224,ethiopia,draw_167
Female,1.5677571636718997,3,62.24224,ethiopia,draw_167
Male,1.6356836586123498,3,62.24224,ethiopia,draw_167
Female,1.5616596627354677,2,62.35235,ethiopia,draw_167
Male,1.7403179030616636,2,62.35235,ethiopia,draw_167
Female,1.5654970554027496,3,62.35235,ethiopia,draw_167
Male,1.6331394167010516,3,62.35235,ethiopia,draw_167
Female,1.5590393986756934,2,62.46246,ethiopia,draw_167
Male,1.7368929301122833,2,62.46246,ethiopia,draw_167
Female,1.5632423787060163,3,62.46246,ethiopia,draw_167
Male,1.630601500570406,3,62.46246,ethiopia,draw_167
Female,1.5564284496148006,2,62.57257,ethiopia,draw_167
Male,1.7334803731487378,2,62.57257,ethiopia,draw_167
Female,1.5609931907214978,3,62.57257,ethiopia,draw_167
Male,1.6280701109714162,3,62.57257,ethiopia,draw_167
Female,1.55382676834693,2,62.68268,ethiopia,draw_167
Male,1.7300795395281743,2,62.68268,ethiopia,draw_167
Female,1.5587494956539691,3,62.68268,ethiopia,draw_167
Male,1.6255446564346538,3,62.68268,ethiopia,draw_167
Female,1.5512344053062221,2,62.79279,ethiopia,draw_167
Male,1.7266911079529013,2,62.79279,ethiopia,draw_167
Female,1.556511288726082,3,62.79279,ethiopia,draw_167
Male,1.6230255662714503,3,62.79279,ethiopia,draw_167
Female,1.5486512660434946,2,62.9029,ethiopia,draw_167
Male,1.7233142375375206,2,62.9029,ethiopia,draw_167
Female,1.554278369759956,3,62.9029,ethiopia,draw_167
Male,1.6205126397649465,3,62.9029,ethiopia,draw_167
Female,1.5460772143775603,2,63.01301,ethiopia,draw_167
Male,1.7199489820454708,2,63.01301,ethiopia,draw_167
Female,1.5520509129276485,3,63.01301,ethiopia,draw_167
Male,1.6180058572729192,3,63.01301,ethiopia,draw_167
Female,1.5435118325480797,2,63.12312,ethiopia,draw_167
Male,1.7165946095148088,2,63.12312,ethiopia,draw_167
Female,1.5498284417814006,3,63.12312,ethiopia,draw_167
Male,1.615504845186177,3,63.12312,ethiopia,draw_167
Female,1.540956942990701,2,63.23323,ethiopia,draw_167
Male,1.7132522034804214,2,63.23323,ethiopia,draw_167
Female,1.547612474638446,3,63.23323,ethiopia,draw_167
Male,1.6130103736285,3,63.23323,ethiopia,draw_167
Female,1.5384101307468272,2,63.34334,ethiopia,draw_167
Male,1.709921627850319,2,63.34334,ethiopia,draw_167
Female,1.5454015448634173,3,63.34334,ethiopia,draw_167
Male,1.6105219381072629,3,63.34334,ethiopia,draw_167
Female,1.5358717862156803,2,63.45345,ethiopia,draw_167
Male,1.706602360790449,2,63.45345,ethiopia,draw_167
Female,1.5431957437172872,3,63.45345,ethiopia,draw_167
Male,1.6080394677472645,3,63.45345,ethiopia,draw_167
Female,1.5333422105012762,2,63.56356,ethiopia,draw_167
Male,1.70329470396767,2,63.56356,ethiopia,draw_167
Female,1.5409953110568195,3,63.56356,ethiopia,draw_167
Male,1.6055630730040267,3,63.56356,ethiopia,draw_167
Female,1.530821667258067,2,63.67367,ethiopia,draw_167
Male,1.699997393451272,2,63.67367,ethiopia,draw_167
Female,1.5388003804349302,3,63.67367,ethiopia,draw_167
Male,1.6030922012676432,3,63.67367,ethiopia,draw_167
Female,1.5283099565082254,2,63.78378,ethiopia,draw_167
Male,1.6967127184542916,2,63.78378,ethiopia,draw_167
Female,1.5366108543586365,3,63.78378,ethiopia,draw_167
Male,1.6006279474574145,3,63.78378,ethiopia,draw_167
Female,1.5258072970754009,2,63.89389,ethiopia,draw_167
Male,1.6934386074590981,2,63.89389,ethiopia,draw_167
Female,1.5344268269510313,3,63.89389,ethiopia,draw_167
Male,1.5981697296489052,3,63.89389,ethiopia,draw_167
Female,1.5233145764953917,2,64.004,ethiopia,draw_167
Male,1.6901776642256996,2,64.004,ethiopia,draw_167
Female,1.53224853631499,3,64.004,ethiopia,draw_167
Male,1.5957184487340255,3,64.004,ethiopia,draw_167
Female,1.520831266222428,2,64.11411,ethiopia,draw_167
Male,1.6869266231231252,2,64.11411,ethiopia,draw_167
Female,1.5300759016336805,3,64.11411,ethiopia,draw_167
Male,1.5932723111584635,3,64.11411,ethiopia,draw_167
Female,1.5183558809212496,2,64.22422,ethiopia,draw_167
Male,1.6836882977339276,2,64.22422,ethiopia,draw_167
Female,1.527908149033412,3,64.22422,ethiopia,draw_167
Male,1.5908326701855573,3,64.22422,ethiopia,draw_167
Female,1.5158897018061301,2,64.33433,ethiopia,draw_167
Male,1.680459376020708,2,64.33433,ethiopia,draw_167
Female,1.5257461056365582,3,64.33433,ethiopia,draw_167
Male,1.5883981353437746,3,64.33433,ethiopia,draw_167
Female,1.5134318682146635,2,64.44444,ethiopia,draw_167
Male,1.6772425784127873,2,64.44444,ethiopia,draw_167
Female,1.5235891715707408,3,64.44444,ethiopia,draw_167
Male,1.5859702097658706,3,64.44444,ethiopia,draw_167
Female,1.510983049501163,2,64.55455,ethiopia,draw_167
Male,1.6740360217200119,2,64.55455,ethiopia,draw_167
Female,1.5214377118258584,3,64.55455,ethiopia,draw_167
Male,1.5835479560249277,3,64.55455,ethiopia,draw_167
Female,1.508542448064911,2,64.66466,ethiopia,draw_167
Male,1.6708399589865508,2,64.66466,ethiopia,draw_167
Female,1.5192912311863918,3,64.66466,ethiopia,draw_167
Male,1.5811313619616303,3,64.66466,ethiopia,draw_167
Female,1.506111028669311,2,64.77477,ethiopia,draw_167
Male,1.6676556956940423,2,64.77477,ethiopia,draw_167
Female,1.5171500454957638,3,64.77477,ethiopia,draw_167
Male,1.5787212528855346,3,64.77477,ethiopia,draw_167
Female,1.5036883770886298,2,64.88488,ethiopia,draw_167
Male,1.6644823537846793,2,64.88488,ethiopia,draw_167
Female,1.5150140692926093,3,64.88488,ethiopia,draw_167
Male,1.5763171635442033,3,64.88488,ethiopia,draw_167
Female,1.5012755990447093,2,64.99499,ethiopia,draw_167
Male,1.6613195080423737,2,64.99499,ethiopia,draw_167
Female,1.5128840899835818,3,64.99499,ethiopia,draw_167
Male,1.5739188798899055,3,64.99499,ethiopia,draw_167
Female,1.4988707309395026,2,65.10511,ethiopia,draw_167
Male,1.6581673324828679,2,65.10511,ethiopia,draw_167
Female,1.5107586903255368,3,65.10511,ethiopia,draw_167
Male,1.571526480506321,3,65.10511,ethiopia,draw_167
Female,1.4964744207942988,2,65.21522,ethiopia,draw_167
Male,1.6550271167826214,2,65.21522,ethiopia,draw_167
Female,1.5086385644396383,3,65.21522,ethiopia,draw_167
Male,1.5691403297383484,3,65.21522,ethiopia,draw_167
Female,1.4940866352581503,2,65.32533,ethiopia,draw_167
Male,1.6518982760140393,2,65.32533,ethiopia,draw_167
Female,1.5065235537044903,3,65.32533,ethiopia,draw_167
Male,1.5667601491684944,3,65.32533,ethiopia,draw_167
Female,1.49170865184808,2,65.43544,ethiopia,draw_167
Male,1.648780801184259,2,65.43544,ethiopia,draw_167
Female,1.5044145345544662,3,65.43544,ethiopia,draw_167
Male,1.5643860130149183,3,65.43544,ethiopia,draw_167
Female,1.4893386110169315,2,65.54555,ethiopia,draw_167
Male,1.645673475417758,2,65.54555,ethiopia,draw_167
Female,1.5023100547001627,3,65.54555,ethiopia,draw_167
Male,1.5620173658129795,3,65.54555,ethiopia,draw_167
Female,1.4869772627452842,2,65.65566,ethiopia,draw_167
Male,1.6425769478809702,2,65.65566,ethiopia,draw_167
Female,1.5002109278647904,3,65.65566,ethiopia,draw_167
Male,1.559654534788214,3,65.65566,ethiopia,draw_167
Female,1.4846242244759318,2,65.76577,ethiopia,draw_167
Male,1.6394907652351232,2,65.76577,ethiopia,draw_167
Female,1.4981169806681869,3,65.76577,ethiopia,draw_167
Male,1.5572971056478815,3,65.76577,ethiopia,draw_167
Female,1.482280136788599,2,65.87588,ethiopia,draw_167
Male,1.6364153552534693,2,65.87588,ethiopia,draw_167
Female,1.496028317990678,3,65.87588,ethiopia,draw_167
Male,1.5549453026731792,3,65.87588,ethiopia,draw_167
Female,1.4799440534789468,2,65.98599,ethiopia,draw_167
Male,1.6333507174521038,2,65.98599,ethiopia,draw_167
Female,1.4939444568974487,3,65.98599,ethiopia,draw_167
Male,1.552599238333707,3,65.98599,ethiopia,draw_167
Female,1.4776170111217626,2,66.0961,ethiopia,draw_167
Male,1.6302974833188297,2,66.0961,ethiopia,draw_167
Female,1.491866175312747,3,66.0961,ethiopia,draw_167
Male,1.5502596601533756,3,66.0961,ethiopia,draw_167
Female,1.4752974320519503,2,66.20621,ethiopia,draw_167
Male,1.6272548299780654,2,66.20621,ethiopia,draw_167
Female,1.4897925157328633,3,66.20621,ethiopia,draw_167
Male,1.5479259011772772,3,66.20621,ethiopia,draw_167
Female,1.4729863473626255,2,66.31632,ethiopia,draw_167
Male,1.6242210997545548,2,66.31632,ethiopia,draw_167
Female,1.4877242046102497,3,66.31632,ethiopia,draw_167
Male,1.5455971219979763,3,66.31632,ethiopia,draw_167
Female,1.470682959176142,2,66.42643,ethiopia,draw_167
Male,1.62119939671076,2,66.42643,ethiopia,draw_167
Female,1.4856606648200668,3,66.42643,ethiopia,draw_167
Male,1.543274935285313,3,66.42643,ethiopia,draw_167
Female,1.4683877692168943,2,66.53654,ethiopia,draw_167
Male,1.6181869043380528,2,66.53654,ethiopia,draw_167
Female,1.4836021856245134,3,66.53654,ethiopia,draw_167
Male,1.5409578864815932,3,66.53654,ethiopia,draw_167
Female,1.4661009989672211,2,66.64665,ethiopia,draw_167
Male,1.6151850807318786,2,66.64665,ethiopia,draw_167
Female,1.4815489598960843,3,66.64665,ethiopia,draw_167
Male,1.5386466131667973,3,66.64665,ethiopia,draw_167
Female,1.4638218440969109,2,66.75676,ethiopia,draw_167
Male,1.6121941585986759,2,66.75676,ethiopia,draw_167
Female,1.4795005353422717,3,66.75676,ethiopia,draw_167
Male,1.536341293832877,3,66.75676,ethiopia,draw_167
Female,1.4615507164930743,2,66.86687,ethiopia,draw_167
Male,1.6092149203770252,2,66.86687,ethiopia,draw_167
Female,1.4774570303539987,3,66.86687,ethiopia,draw_167
Male,1.5340422312940212,3,66.86687,ethiopia,draw_167
Female,1.4592869412469351,2,66.97698,ethiopia,draw_167
Male,1.6062440694455673,2,66.97698,ethiopia,draw_167
Female,1.475418230092844,3,66.97698,ethiopia,draw_167
Male,1.5317479348655476,3,66.97698,ethiopia,draw_167
Female,1.4570322393242996,2,67.08709,ethiopia,draw_167
Male,1.6032847346862131,2,67.08709,ethiopia,draw_167
Female,1.4733850866191511,3,67.08709,ethiopia,draw_167
Male,1.52946000524449,3,67.08709,ethiopia,draw_167
Female,1.4547851677569321,2,67.1972,ethiopia,draw_167
Male,1.6003352331075387,2,67.1972,ethiopia,draw_167
Female,1.4713565041027257,3,67.1972,ethiopia,draw_167
Male,1.5271773322568725,3,67.1972,ethiopia,draw_167
Female,1.45254544110022,2,67.30731,ethiopia,draw_167
Male,1.5973965468869502,2,67.30731,ethiopia,draw_167
Female,1.4693324417963063,3,67.30731,ethiopia,draw_167
Male,1.5249004148493635,3,67.30731,ethiopia,draw_167
Female,1.4503151394775393,2,67.41742,ethiopia,draw_167
Male,1.5944670588904182,2,67.41742,ethiopia,draw_167
Female,1.467314160049585,3,67.41742,ethiopia,draw_167
Male,1.522628643155345,3,67.41742,ethiopia,draw_167
Female,1.4480926304902426,2,67.52753,ethiopia,draw_167
Male,1.5915493489523809,2,67.52753,ethiopia,draw_167
Female,1.4653008050684315,3,67.52753,ethiopia,draw_167
Male,1.520363407190539,3,67.52753,ethiopia,draw_167
Female,1.4458775346698451,2,67.63764,ethiopia,draw_167
Male,1.588641560962281,2,67.63764,ethiopia,draw_167
Female,1.4632920182712497,3,67.63764,ethiopia,draw_167
Male,1.5181034656182992,3,67.63764,ethiopia,draw_167
Female,1.4436702656103522,2,67.74775,ethiopia,draw_167
Male,1.5857436255906006,2,67.74775,ethiopia,draw_167
Female,1.4612880688814434,3,67.74775,ethiopia,draw_167
Male,1.5158487697345802,3,67.74775,ethiopia,draw_167
Female,1.4414704694285603,2,67.85786,ethiopia,draw_167
Male,1.5828558119686371,2,67.85786,ethiopia,draw_167
Female,1.4592887994229207,3,67.85786,ethiopia,draw_167
Male,1.5135995567015035,3,67.85786,ethiopia,draw_167
Female,1.4392776590820302,2,67.96797,ethiopia,draw_167
Male,1.5799787127948417,2,67.96797,ethiopia,draw_167
Female,1.4572938504147102,3,67.96797,ethiopia,draw_167
Male,1.5113560884842927,3,67.96797,ethiopia,draw_167
Female,1.4370925324259474,2,68.07808,ethiopia,draw_167
Male,1.5771121419222647,2,68.07808,ethiopia,draw_167
Female,1.4553035195560964,3,68.07808,ethiopia,draw_167
Male,1.5091183233110108,3,68.07808,ethiopia,draw_167
Female,1.4349151225991763,2,68.18819,ethiopia,draw_167
Male,1.5742560262174057,2,68.18819,ethiopia,draw_167
Female,1.4533177969485798,3,68.18819,ethiopia,draw_167
Male,1.5068862169515682,3,68.18819,ethiopia,draw_167
Female,1.4327455546287604,2,68.2983,ethiopia,draw_167
Male,1.5714076420274814,2,68.2983,ethiopia,draw_167
Female,1.451337005119127,3,68.2983,ethiopia,draw_167
Male,1.504658757966061,3,68.2983,ethiopia,draw_167
Female,1.4305845665136854,2,68.40841,ethiopia,draw_167
Male,1.5685700744447217,2,68.40841,ethiopia,draw_167
Female,1.4493613959913847,3,68.40841,ethiopia,draw_167
Male,1.502437177444811,3,68.40841,ethiopia,draw_167
Female,1.4284307366345939,2,68.51852,ethiopia,draw_167
Male,1.5657417512411538,2,68.51852,ethiopia,draw_167
Female,1.447390233932511,3,68.51852,ethiopia,draw_167
Male,1.5002208517793096,3,68.51852,ethiopia,draw_167
Female,1.4262858243611292,2,68.62863,ethiopia,draw_167
Male,1.5629235674945656,2,68.62863,ethiopia,draw_167
Female,1.445424520055264,3,68.62863,ethiopia,draw_167
Male,1.4980102881950195,3,68.62863,ethiopia,draw_167
Female,1.424148163160969,2,68.73874,ethiopia,draw_167
Male,1.5601149994507206,2,68.73874,ethiopia,draw_167
Female,1.443463302015951,3,68.73874,ethiopia,draw_167
Male,1.4958051694768721,3,68.73874,ethiopia,draw_167
Female,1.4220182356391533,2,68.84885,ethiopia,draw_167
Male,1.5573159433395607,2,68.84885,ethiopia,draw_167
Female,1.441507024355245,3,68.84885,ethiopia,draw_167
Male,1.4936053401324019,3,68.84885,ethiopia,draw_167
Female,1.4198951957802863,2,68.95896,ethiopia,draw_167
Male,1.5545264949858748,2,68.95896,ethiopia,draw_167
Female,1.4395553059730883,3,68.95896,ethiopia,draw_167
Male,1.4914106731831418,3,68.95896,ethiopia,draw_167
Female,1.417779649960519,2,69.06907,ethiopia,draw_167
Male,1.551746267048995,2,69.06907,ethiopia,draw_167
Female,1.4376085268075176,3,69.06907,ethiopia,draw_167
Male,1.4892209222875383,3,69.06907,ethiopia,draw_167
Female,1.4156713131556857,2,69.17918,ethiopia,draw_167
Male,1.5489765308208048,2,69.17918,ethiopia,draw_167
Female,1.4356663494188935,3,69.17918,ethiopia,draw_167
Male,1.4870369887437753,3,69.17918,ethiopia,draw_167
Female,1.4135704211679356,2,69.28929,ethiopia,draw_167
Male,1.5462161033909247,2,69.28929,ethiopia,draw_167
Female,1.4337290433635204,3,69.28929,ethiopia,draw_167
Male,1.4848580706270718,3,69.28929,ethiopia,draw_167
Female,1.411476194848246,2,69.3994,ethiopia,draw_167
Male,1.5434655673115771,2,69.3994,ethiopia,draw_167
Female,1.4317961391709408,3,69.3994,ethiopia,draw_167
Male,1.482684872531041,3,69.3994,ethiopia,draw_167
Female,1.4093898804015286,2,69.50951,ethiopia,draw_167
Male,1.5407229592208156,2,69.50951,ethiopia,draw_167
Female,1.429868264177653,3,69.50951,ethiopia,draw_167
Male,1.4805162989507976,3,69.50951,ethiopia,draw_167
Female,1.407310646140525,2,69.61962,ethiopia,draw_167
Male,1.5379902294566399,2,69.61962,ethiopia,draw_167
Female,1.4279450003146275,3,69.61962,ethiopia,draw_167
Male,1.4783530564121965,3,69.61962,ethiopia,draw_167
Female,1.4052389683644173,2,69.72973,ethiopia,draw_167
Male,1.5352656993223042,2,69.72973,ethiopia,draw_167
Female,1.426026533581127,3,69.72973,ethiopia,draw_167
Male,1.4761946417896534,3,69.72973,ethiopia,draw_167
Female,1.403174567060895,2,69.83984,ethiopia,draw_167
Male,1.532551943698674,2,69.83984,ethiopia,draw_167
Female,1.4241127665123758,3,69.83984,ethiopia,draw_167
Male,1.4740421746145254,3,69.83984,ethiopia,draw_167
Female,1.4011175864216303,2,69.94995,ethiopia,draw_167
Male,1.5298461664810832,2,69.94995,ethiopia,draw_167
Female,1.422203879574883,3,69.94995,ethiopia,draw_167
Male,1.4718943060068261,3,69.94995,ethiopia,draw_167
Female,1.3990677821356674,2,70.06006,ethiopia,draw_167
Male,1.527150013479068,2,70.06006,ethiopia,draw_167
Female,1.4202994520461194,3,70.06006,ethiopia,draw_167
Male,1.4697517185545996,3,70.06006,ethiopia,draw_167
Female,1.3970254957117743,2,70.17017,ethiopia,draw_167
Male,1.5244628659801511,2,70.17017,ethiopia,draw_167
Female,1.4184000907678742,3,70.17017,ethiopia,draw_167
Male,1.4676142553895284,3,70.17017,ethiopia,draw_167
Female,1.3949898575428632,2,70.28028,ethiopia,draw_167
Male,1.5217845431064574,2,70.28028,ethiopia,draw_167
Female,1.4165052119469848,3,70.28028,ethiopia,draw_167
Male,1.4654816324960622,3,70.28028,ethiopia,draw_167
Female,1.3929607302123548,2,70.39039,ethiopia,draw_167
Male,1.5191156387485227,2,70.39039,ethiopia,draw_167
Female,1.4146145557393837,3,70.39039,ethiopia,draw_167
Male,1.463354409461775,3,70.39039,ethiopia,draw_167
Female,1.3909385382441701,2,70.5005,ethiopia,draw_167
Male,1.5164562527973309,2,70.5005,ethiopia,draw_167
Female,1.412728404887869,3,70.5005,ethiopia,draw_167
Male,1.461232484194195,3,70.5005,ethiopia,draw_167
Female,1.3889235588278988,2,70.61061,ethiopia,draw_167
Male,1.5138072471415753,2,70.61061,ethiopia,draw_167
Female,1.4108468682624609,3,70.61061,ethiopia,draw_167
Male,1.4591162274805314,3,70.61061,ethiopia,draw_167
Female,1.3869148838715795,2,70.72072,ethiopia,draw_167
Male,1.5111656117952301,2,70.72072,ethiopia,draw_167
Female,1.4089697309586529,3,70.72072,ethiopia,draw_167
Male,1.4570043714909369,3,70.72072,ethiopia,draw_167
Female,1.3849131495085911,2,70.83083,ethiopia,draw_167
Male,1.5085347474363455,2,70.83083,ethiopia,draw_167
Female,1.407097382692007,3,70.83083,ethiopia,draw_167
Male,1.4548984902777484,3,70.83083,ethiopia,draw_167
Female,1.3829184350625299,2,70.94094,ethiopia,draw_167
Male,1.5059119256212885,2,70.94094,ethiopia,draw_167
Female,1.4052294700255952,3,70.94094,ethiopia,draw_167
Male,1.4527972324394451,3,70.94094,ethiopia,draw_167
Female,1.3809303049040738,2,71.05105,ethiopia,draw_167
Male,1.503298884191705,2,71.05105,ethiopia,draw_167
Female,1.4033659549920425,3,71.05105,ethiopia,draw_167
Male,1.4507014729235812,3,71.05105,ethiopia,draw_167
Female,1.3789484066100925,2,71.16116,ethiopia,draw_167
Male,1.50069593654996,2,71.16116,ethiopia,draw_167
Female,1.4015065096277592,3,71.16116,ethiopia,draw_167
Male,1.4486115269073154,3,71.16116,ethiopia,draw_167
Female,1.3769733560459585,2,71.27127,ethiopia,draw_167
Male,1.498101465801218,2,71.27127,ethiopia,draw_167
Female,1.3996514394683506,3,71.27127,ethiopia,draw_167
Male,1.4465264128916924,3,71.27127,ethiopia,draw_167
Female,1.3750060448644592,2,71.38138,ethiopia,draw_167
Male,1.49551532711378,2,71.38138,ethiopia,draw_167
Female,1.3978015840216282,3,71.38138,ethiopia,draw_167
Male,1.4444462719690399,3,71.38138,ethiopia,draw_167
Female,1.373044276959189,2,71.49149,ethiopia,draw_167
Male,1.492938175556451,2,71.49149,ethiopia,draw_167
Female,1.395955581370879,3,71.49149,ethiopia,draw_167
Male,1.4423713145699488,3,71.49149,ethiopia,draw_167
Female,1.37108921427143,2,71.6016,ethiopia,draw_167
Male,1.490369380110128,2,71.6016,ethiopia,draw_167
Female,1.3941139535642868,3,71.6016,ethiopia,draw_167
Male,1.4403014751295227,3,71.6016,ethiopia,draw_167
Female,1.369141739218486,2,71.71171,ethiopia,draw_167
Male,1.4878096165415262,2,71.71171,ethiopia,draw_167
Female,1.3922774823663575,3,71.71171,ethiopia,draw_167
Male,1.4382371060892325,3,71.71171,ethiopia,draw_167
Female,1.3672009528339109,2,71.82182,ethiopia,draw_167
Male,1.4852578146390074,2,71.82182,ethiopia,draw_167
Female,1.3904454833264697,3,71.82182,ethiopia,draw_167
Male,1.4361775502132712,3,71.82182,ethiopia,draw_167
Female,1.365266794386117,2,71.93193,ethiopia,draw_167
Male,1.4827135311808766,2,71.93193,ethiopia,draw_167
Female,1.3886175848251139,3,71.93193,ethiopia,draw_167
Male,1.4341224644651671,3,71.93193,ethiopia,draw_167
Female,1.36333953911289,2,72.04204,ethiopia,draw_167
Male,1.4801780815027064,2,72.04204,ethiopia,draw_167
Female,1.386794558940662,3,72.04204,ethiopia,draw_167
Male,1.4320725675943953,3,72.04204,ethiopia,draw_167
Female,1.3614197172459817,2,72.15215,ethiopia,draw_167
Male,1.4776514791312354,2,72.15215,ethiopia,draw_167
Female,1.3849762602142954,3,72.15215,ethiopia,draw_167
Male,1.430027996529314,3,72.15215,ethiopia,draw_167
Female,1.359506396319287,2,72.26226,ethiopia,draw_167
Male,1.4751324511887935,2,72.26226,ethiopia,draw_167
Female,1.3831624038905443,3,72.26226,ethiopia,draw_167
Male,1.4279882174684935,3,72.26226,ethiopia,draw_167
Female,1.3575999236909297,2,72.37237,ethiopia,draw_167
Male,1.4726225473644374,2,72.37237,ethiopia,draw_167
Female,1.3813531989461814,3,72.37237,ethiopia,draw_167
Male,1.425953764771396,3,72.37237,ethiopia,draw_167
Female,1.3557002700667322,2,72.48248,ethiopia,draw_167
Male,1.4701203861248373,2,72.48248,ethiopia,draw_167
Female,1.3795485824460387,3,72.48248,ethiopia,draw_167
Male,1.4239238361918134,3,72.48248,ethiopia,draw_167
Female,1.3538065658133849,2,72.59259,ethiopia,draw_167
Male,1.46762727102037,2,72.59259,ethiopia,draw_167
Female,1.3777479784437061,3,72.59259,ethiopia,draw_167
Male,1.4218991051642589,3,72.59259,ethiopia,draw_167
Female,1.3519196474403046,2,72.7027,ethiopia,draw_167
Male,1.4651412576821883,2,72.7027,ethiopia,draw_167
Female,1.3759520114364157,3,72.7027,ethiopia,draw_167
Male,1.4198788699518792,3,72.7027,ethiopia,draw_167
Female,1.3500394579198642,2,72.81281,ethiopia,draw_167
Male,1.4626650729806558,2,72.81281,ethiopia,draw_167
Female,1.3741605841095883,3,72.81281,ethiopia,draw_167
Male,1.4178645041564395,3,72.81281,ethiopia,draw_167
Female,1.3481659094881695,2,72.92292,ethiopia,draw_167
Male,1.460195578028326,2,72.92292,ethiopia,draw_167
Female,1.3723737368722542,3,72.92292,ethiopia,draw_167
Male,1.415854294675262,3,72.92292,ethiopia,draw_167
Female,1.3462986158530528,2,73.03303,ethiopia,draw_167
Male,1.4577348692054912,2,73.03303,ethiopia,draw_167
Female,1.370591273141231,3,73.03303,ethiopia,draw_167
Male,1.4138492798188256,3,73.03303,ethiopia,draw_167
Female,1.3444380185696752,2,73.14314,ethiopia,draw_167
Male,1.4552819047370296,2,73.14314,ethiopia,draw_167
Female,1.3688134283802886,3,73.14314,ethiopia,draw_167
Male,1.4118489041388536,3,73.14314,ethiopia,draw_167
Female,1.3425838698002008,2,73.25325,ethiopia,draw_167
Male,1.452837560103869,2,73.25325,ethiopia,draw_167
Female,1.3670400166690602,3,73.25325,ethiopia,draw_167
Male,1.4098536805212507,3,73.25325,ethiopia,draw_167
Female,1.3407355644278447,2,73.36336,ethiopia,draw_167
Male,1.450401120685973,2,73.36336,ethiopia,draw_167
Female,1.3652708259265722,3,73.36336,ethiopia,draw_167
Male,1.4078632272532083,3,73.36336,ethiopia,draw_167
Female,1.3388944117551087,2,73.47347,ethiopia,draw_167
Male,1.4479733970460225,2,73.47347,ethiopia,draw_167
Female,1.3635065666631951,3,73.47347,ethiopia,draw_167
Male,1.405877853174402,3,73.47347,ethiopia,draw_167
Female,1.33705953778972,2,73.58358,ethiopia,draw_167
Male,1.4455538330050293,2,73.58358,ethiopia,draw_167
Female,1.3617466320481082,3,73.58358,ethiopia,draw_167
Male,1.4038974397391695,3,73.58358,ethiopia,draw_167
Female,1.3352308312441816,2,73.69369,ethiopia,draw_167
Male,1.44314237721818,2,73.69369,ethiopia,draw_167
Female,1.3599907325436384,3,73.69369,ethiopia,draw_167
Male,1.401921828941153,3,73.69369,ethiopia,draw_167
Female,1.333408674992531,2,73.8038,ethiopia,draw_167
Male,1.4407385560501522,2,73.8038,ethiopia,draw_167
Female,1.3582393258034589,3,73.8038,ethiopia,draw_167
Male,1.399950799769415,3,73.8038,ethiopia,draw_167
Female,1.3315934362288504,2,73.91391,ethiopia,draw_167
Male,1.4383432865755374,2,73.91391,ethiopia,draw_167
Female,1.3564926560114794,3,73.91391,ethiopia,draw_167
Male,1.3979847837801713,3,73.91391,ethiopia,draw_167
Female,1.329784218582998,2,74.02402,ethiopia,draw_167
Male,1.43595583107588,2,74.02402,ethiopia,draw_167
Female,1.3547500294444177,3,74.02402,ethiopia,draw_167
Male,1.3960232715662517,3,74.02402,ethiopia,draw_167
Female,1.3279807308856988,2,74.13413,ethiopia,draw_167
Male,1.4335769706752288,2,74.13413,ethiopia,draw_167
Female,1.3530112843931694,3,74.13413,ethiopia,draw_167
Male,1.3940666383305202,3,74.13413,ethiopia,draw_167
Female,1.326184237141166,2,74.24424,ethiopia,draw_167
Male,1.4312052444389265,2,74.24424,ethiopia,draw_167
Female,1.3512772633392722,3,74.24424,ethiopia,draw_167
Male,1.3921143625517576,3,74.24424,ethiopia,draw_167
Female,1.3243941142849114,2,74.35435,ethiopia,draw_167
Male,1.4288419668973762,2,74.35435,ethiopia,draw_167
Female,1.3495474150136704,3,74.35435,ethiopia,draw_167
Male,1.3901671169272765,3,74.35435,ethiopia,draw_167
Female,1.3226099603066328,2,74.46446,ethiopia,draw_167
Male,1.4264870323153054,2,74.46446,ethiopia,draw_167
Female,1.3478215838182304,3,74.46446,ethiopia,draw_167
Male,1.3882248910668058,3,74.46446,ethiopia,draw_167
Female,1.3208314708042213,2,74.57457,ethiopia,draw_167
Male,1.4241393101760784,2,74.57457,ethiopia,draw_167
Female,1.3460997402504586,3,74.57457,ethiopia,draw_167
Male,1.3862871689311456,3,74.57457,ethiopia,draw_167
Female,1.3190591623062802,2,74.68468,ethiopia,draw_167
Male,1.4218015277637832,2,74.68468,ethiopia,draw_167
Female,1.344382332551056,3,74.68468,ethiopia,draw_167
Male,1.384355382736466,3,74.68468,ethiopia,draw_167
Female,1.3172933826400661,2,74.79479,ethiopia,draw_167
Male,1.4194699903135586,2,74.79479,ethiopia,draw_167
Female,1.342669405910098,3,74.79479,ethiopia,draw_167
Male,1.382427530478125,3,74.79479,ethiopia,draw_167
Female,1.3155336015171741,2,74.9049,ethiopia,draw_167
Male,1.4171473855116892,2,74.9049,ethiopia,draw_167
Female,1.3409607204136456,3,74.9049,ethiopia,draw_167
Male,1.3805049134353848,3,74.9049,ethiopia,draw_167
Female,1.313778957864234,2,75.01502,ethiopia,draw_167
Male,1.4148323035368675,2,75.01502,ethiopia,draw_167
Female,1.3392555264804138,3,75.01502,ethiopia,draw_167
Male,1.378586746600641,3,75.01502,ethiopia,draw_167
Female,1.3120304661046092,2,75.12513,ethiopia,draw_167
Male,1.4125250683567274,2,75.12513,ethiopia,draw_167
Female,1.337554542705903,3,75.12513,ethiopia,draw_167
Male,1.3766733529459525,3,75.12513,ethiopia,draw_167
Female,1.3102883169297446,2,75.23524,ethiopia,draw_167
Male,1.4102254610173595,2,75.23524,ethiopia,draw_167
Female,1.335858167664874,3,75.23524,ethiopia,draw_167
Male,1.3747644988064824,3,75.23524,ethiopia,draw_167
Female,1.3085510507333298,2,75.34535,ethiopia,draw_167
Male,1.407933415383617,2,75.34535,ethiopia,draw_167
Female,1.334165439513444,3,75.34535,ethiopia,draw_167
Male,1.3728601809840217,3,75.34535,ethiopia,draw_167
Female,1.306820011925222,2,75.45546,ethiopia,draw_167
Male,1.4056503129218878,2,75.45546,ethiopia,draw_167
Female,1.3324770433722228,3,75.45546,ethiopia,draw_167
Male,1.3709610589066326,3,75.45546,ethiopia,draw_167
Female,1.3050950869123172,2,75.56557,ethiopia,draw_167
Male,1.403374624375923,2,75.56557,ethiopia,draw_167
Female,1.3307929469962552,3,75.56557,ethiopia,draw_167
Male,1.3690665254910919,3,75.56557,ethiopia,draw_167
Female,1.3033755061204055,2,75.67568,ethiopia,draw_167
Male,1.4011062688702678,2,75.67568,ethiopia,draw_167
Female,1.3291127131346065,3,75.67568,ethiopia,draw_167
Male,1.3671765817178747,3,75.67568,ethiopia,draw_167
Female,1.3016619635735458,2,75.78579,ethiopia,draw_167
Male,1.398844429118779,2,75.78579,ethiopia,draw_167
Female,1.3274366030950389,3,75.78579,ethiopia,draw_167
Male,1.3652904480183097,3,75.78579,ethiopia,draw_167
Female,1.2999542405100477,2,75.8959,ethiopia,draw_167
Male,1.3965909410556905,2,75.8959,ethiopia,draw_167
Female,1.3257645572735444,3,75.8959,ethiopia,draw_167
Male,1.3634092156647037,3,75.8959,ethiopia,draw_167
Female,1.2982526066919289,2,76.00601,ethiopia,draw_167
Male,1.3943452291187,2,76.00601,ethiopia,draw_167
Female,1.3240968310578942,3,76.00601,ethiopia,draw_167
Male,1.3615327456732695,3,76.00601,ethiopia,draw_167
Female,1.2965570736398129,2,76.11612,ethiopia,draw_167
Male,1.392106739557065,2,76.11612,ethiopia,draw_167
Female,1.3224332421233698,3,76.11612,ethiopia,draw_167
Male,1.3596606718485778,3,76.11612,ethiopia,draw_167
Female,1.2948679518096922,2,76.22623,ethiopia,draw_167
Male,1.3898766729051084,2,76.22623,ethiopia,draw_167
Female,1.3207740231666998,3,76.22623,ethiopia,draw_167
Male,1.3577936330610736,3,76.22623,ethiopia,draw_167
Female,1.293184203214078,2,76.33634,ethiopia,draw_167
Male,1.38765369488259,2,76.33634,ethiopia,draw_167
Female,1.3191184794646185,3,76.33634,ethiopia,draw_167
Male,1.3559308981295326,3,76.33634,ethiopia,draw_167
Female,1.2915063404619134,2,76.44645,ethiopia,draw_167
Male,1.3854379547166942,2,76.44645,ethiopia,draw_167
Female,1.3174672738194522,3,76.44645,ethiopia,draw_167
Male,1.3540725800105022,3,76.44645,ethiopia,draw_167
Female,1.2898342702591514,2,76.55656,ethiopia,draw_167
Male,1.3832299302211506,2,76.55656,ethiopia,draw_167
Female,1.3158200255347106,3,76.55656,ethiopia,draw_167
Male,1.3522187923969802,3,76.55656,ethiopia,draw_167
Female,1.288167812625868,2,76.66667,ethiopia,draw_167
Male,1.3810299294358435,2,76.66667,ethiopia,draw_167
Female,1.3141766796636147,3,76.66667,ethiopia,draw_167
Male,1.350369757954226,3,76.66667,ethiopia,draw_167
Female,1.2865066198426651,2,76.77678,ethiopia,draw_167
Male,1.378838007043429,2,76.77678,ethiopia,draw_167
Female,1.3125374517451884,3,76.77678,ethiopia,draw_167
Male,1.3485257565227038,3,76.77678,ethiopia,draw_167
Female,1.284850861253299,2,76.88689,ethiopia,draw_167
Male,1.3766524448409858,2,76.88689,ethiopia,draw_167
Female,1.3109023536878244,3,76.88689,ethiopia,draw_167
Male,1.3466858418258434,3,76.88689,ethiopia,draw_167
Female,1.283200744157622,2,76.997,ethiopia,draw_167
Male,1.3744754814261608,2,76.997,ethiopia,draw_167
Female,1.3092712373686328,3,76.997,ethiopia,draw_167
Male,1.3448509300127967,3,76.997,ethiopia,draw_167
Female,1.2815557517266456,2,77.10711,ethiopia,draw_167
Male,1.3723050920959623,2,77.10711,ethiopia,draw_167
Female,1.307643885069137,3,77.10711,ethiopia,draw_167
Male,1.3430199464223747,3,77.10711,ethiopia,draw_167
Female,1.279916344334035,2,77.21722,ethiopia,draw_167
Male,1.3701414895642294,2,77.21722,ethiopia,draw_167
Female,1.3060206448278049,3,77.21722,ethiopia,draw_167
Male,1.3411931382018207,3,77.21722,ethiopia,draw_167
Female,1.2782821321331612,2,77.32733,ethiopia,draw_167
Male,1.3679861187541378,2,77.32733,ethiopia,draw_167
Female,1.3044013471301719,3,77.32733,ethiopia,draw_167
Male,1.3393712443673915,3,77.32733,ethiopia,draw_167
Female,1.2766533906980828,2,77.43744,ethiopia,draw_167
Male,1.365837809629241,2,77.43744,ethiopia,draw_167
Female,1.3027861975648747,3,77.43744,ethiopia,draw_167
Male,1.337553605515078,3,77.43744,ethiopia,draw_167
Female,1.275030583429064,2,77.54755,ethiopia,draw_167
Male,1.3636975351518084,2,77.54755,ethiopia,draw_167
Female,1.3011755182590843,3,77.54755,ethiopia,draw_167
Male,1.3357407836296535,3,77.54755,ethiopia,draw_167
Female,1.2734117908477507,2,77.65766,ethiopia,draw_167
Male,1.361564676448165,2,77.65766,ethiopia,draw_167
Female,1.2995680667681326,3,77.65766,ethiopia,draw_167
Male,1.3339325118010341,3,77.65766,ethiopia,draw_167
Female,1.2717982487525028,2,77.76777,ethiopia,draw_167
Male,1.3594392681841065,2,77.76777,ethiopia,draw_167
Female,1.2979647687036322,3,77.76777,ethiopia,draw_167
Male,1.3321288419861521,3,77.76777,ethiopia,draw_167
Female,1.2701899177256315,2,77.87788,ethiopia,draw_167
Male,1.3573204664596175,2,77.87788,ethiopia,draw_167
Female,1.2963655869811648,3,77.87788,ethiopia,draw_167
Male,1.3303291096880343,3,77.87788,ethiopia,draw_167
Female,1.2685860728210407,2,77.98799,ethiopia,draw_167
Male,1.3552090717849232,2,77.98799,ethiopia,draw_167
Female,1.294769785623249,3,77.98799,ethiopia,draw_167
Male,1.328533905190692,3,77.98799,ethiopia,draw_167
Female,1.2669883299040714,2,78.0981,ethiopia,draw_167
Male,1.3531052142154092,2,78.0981,ethiopia,draw_167
Female,1.2931784573536456,3,78.0981,ethiopia,draw_167
Male,1.3267432590741333,3,78.0981,ethiopia,draw_167
Female,1.2653949510667624,2,78.20821,ethiopia,draw_167
Male,1.3510084191043596,2,78.20821,ethiopia,draw_167
Female,1.2915905428660115,3,78.20821,ethiopia,draw_167
Male,1.3249570372379615,3,78.20821,ethiopia,draw_167
Female,1.2638069659603228,2,78.31832,ethiopia,draw_167
Male,1.3489189195219313,2,78.31832,ethiopia,draw_167
Female,1.290006627818496,3,78.31832,ethiopia,draw_167
Male,1.3231751847143374,3,78.31832,ethiopia,draw_167
Female,1.2622243834255225,2,78.42843,ethiopia,draw_167
Male,1.34683656188273,2,78.42843,ethiopia,draw_167
Female,1.2884268086896429,3,78.42843,ethiopia,draw_167
Male,1.3213977113425142,3,78.42843,ethiopia,draw_167
Female,1.260646417427872,2,78.53854,ethiopia,draw_167
Male,1.3447609838431145,2,78.53854,ethiopia,draw_167
Female,1.286850606246167,3,78.53854,ethiopia,draw_167
Male,1.3196243995415367,3,78.53854,ethiopia,draw_167
Female,1.2590733962005165,2,78.64865,ethiopia,draw_167
Male,1.342693214086531,2,78.64865,ethiopia,draw_167
Female,1.2852783096477616,3,78.64865,ethiopia,draw_167
Male,1.3178560369062255,3,78.64865,ethiopia,draw_167
Female,1.2575059941427005,2,78.75876,ethiopia,draw_167
Male,1.3406309183949123,2,78.75876,ethiopia,draw_167
Female,1.2837101706473526,3,78.75876,ethiopia,draw_167
Male,1.316091435561201,3,78.75876,ethiopia,draw_167
Female,1.255943968337602,2,78.86887,ethiopia,draw_167
Male,1.3385762692803285,2,78.86887,ethiopia,draw_167
Female,1.2821458973121558,3,78.86887,ethiopia,draw_167
Male,1.3143316658199657,3,78.86887,ethiopia,draw_167
Female,1.2543870615668544,2,78.97898,ethiopia,draw_167
Male,1.3365278942497214,2,78.97898,ethiopia,draw_167
Female,1.2805854559118264,3,78.97898,ethiopia,draw_167
Male,1.312576080649468,3,78.97898,ethiopia,draw_167
Female,1.2528352067439381,2,79.08909,ethiopia,draw_167
Male,1.3344873098557062,2,79.08909,ethiopia,draw_167
Female,1.2790289452996484,3,79.08909,ethiopia,draw_167
Male,1.310825332032522,3,79.08909,ethiopia,draw_167
Female,1.2512885916417624,2,79.1992,ethiopia,draw_167
Male,1.3324530583272813,2,79.1992,ethiopia,draw_167
Female,1.2774765493872209,3,79.1992,ethiopia,draw_167
Male,1.3090786548037627,3,79.1992,ethiopia,draw_167
Female,1.2497469455080001,2,79.30931,ethiopia,draw_167
Male,1.3304252469783617,2,79.30931,ethiopia,draw_167
Female,1.2759278407787014,3,79.30931,ethiopia,draw_167
Male,1.3073361005285737,3,79.30931,ethiopia,draw_167
Female,1.2482105025438424,2,79.41942,ethiopia,draw_167
Male,1.3284036070042848,2,79.41942,ethiopia,draw_167
Female,1.274383174824351,3,79.41942,ethiopia,draw_167
Male,1.3055974098405354,3,79.41942,ethiopia,draw_167
Female,1.246679863112197,2,79.52953,ethiopia,draw_167
Male,1.3263895144856295,2,79.52953,ethiopia,draw_167
Female,1.2728429973673403,3,79.52953,ethiopia,draw_167
Male,1.3038633766190317,3,79.52953,ethiopia,draw_167
Female,1.2451533628691656,2,79.63964,ethiopia,draw_167
Male,1.324382245417437,2,79.63964,ethiopia,draw_167
Female,1.2713062141850102,3,79.63964,ethiopia,draw_167
Male,1.3021336378792483,3,79.63964,ethiopia,draw_167
Female,1.2436326051502475,2,79.74975,ethiopia,draw_167
Male,1.3223813194804745,2,79.74975,ethiopia,draw_167
Female,1.2697739075832468,3,79.74975,ethiopia,draw_167
Male,1.300407949000914,3,79.74975,ethiopia,draw_167
Female,1.2421166891067221,2,79.85986,ethiopia,draw_167
Male,1.3203868068557398,2,79.85986,ethiopia,draw_167
Female,1.268245276549117,3,79.85986,ethiopia,draw_167
Male,1.2986865297383454,3,79.85986,ethiopia,draw_167
Female,1.2406054404883156,2,79.96997,ethiopia,draw_167
Male,1.3183994647578392,2,79.96997,ethiopia,draw_167
Female,1.2667202938255775,3,79.96997,ethiopia,draw_167
Male,1.2969697368092616,3,79.96997,ethiopia,draw_167
Female,1.2390999472191258,2,80.08008,ethiopia,draw_167
Male,1.3164176950675741,2,80.08008,ethiopia,draw_167
Female,1.265199392713018,3,80.08008,ethiopia,draw_167
Male,1.2952566208403016,3,80.08008,ethiopia,draw_167
Female,1.2375999814036653,2,80.19019,ethiopia,draw_167
Male,1.3144424613349233,2,80.19019,ethiopia,draw_167
Female,1.2636825638161069,3,80.19019,ethiopia,draw_167
Male,1.2935477170389302,3,80.19019,ethiopia,draw_167
Female,1.2361045845683514,2,80.3003,ethiopia,draw_167
Male,1.3124738592727934,2,80.3003,ethiopia,draw_167
Female,1.2621691703886098,3,80.3003,ethiopia,draw_167
Male,1.291843088344731,3,80.3003,ethiopia,draw_167
Female,1.2346146112994218,2,80.41041,ethiopia,draw_167
Male,1.3105130337364748,2,80.41041,ethiopia,draw_167
Female,1.2606599412192394,3,80.41041,ethiopia,draw_167
Male,1.2901434044948827,3,80.41041,ethiopia,draw_167
Female,1.2331288191073193,2,80.52052,ethiopia,draw_167
Male,1.3085582637610924,2,80.52052,ethiopia,draw_167
Female,1.2591539205063678,3,80.52052,ethiopia,draw_167
Male,1.288447751723336,3,80.52052,ethiopia,draw_167
Female,1.2316485197151668,2,80.63063,ethiopia,draw_167
Male,1.3066104654224457,2,80.63063,ethiopia,draw_167
Female,1.2576519600489506,3,80.63063,ethiopia,draw_167
Male,1.286756646612751,3,80.63063,ethiopia,draw_167
Female,1.230172978580183,2,80.74074,ethiopia,draw_167
Male,1.304668569035098,2,80.74074,ethiopia,draw_167
Female,1.2561536791930767,3,80.74074,ethiopia,draw_167
Male,1.285069369883368,3,80.74074,ethiopia,draw_167
Female,1.2287020011704517,2,80.85085,ethiopia,draw_167
Male,1.302733889132967,2,80.85085,ethiopia,draw_167
Female,1.2546587670234903,3,80.85085,ethiopia,draw_167
Male,1.2833866370323346,3,80.85085,ethiopia,draw_167
Female,1.2272365272423618,2,80.96096,ethiopia,draw_167
Male,1.3008050524868269,2,80.96096,ethiopia,draw_167
Female,1.2531678415769403,3,80.96096,ethiopia,draw_167
Male,1.2817078311381487,3,80.96096,ethiopia,draw_167
Female,1.2257757985574758,2,81.07107,ethiopia,draw_167
Male,1.2988829045549157,2,81.07107,ethiopia,draw_167
Female,1.2516805103282034,3,81.07107,ethiopia,draw_167
Male,1.2800335057740269,3,81.07107,ethiopia,draw_167
Female,1.2243194654529674,2,81.18118,ethiopia,draw_167
Male,1.2969672088668693,2,81.18118,ethiopia,draw_167
Female,1.2501968506926457,3,81.18118,ethiopia,draw_167
Male,1.2783632556969184,3,81.18118,ethiopia,draw_167
Female,1.2228676055529442,2,81.29129,ethiopia,draw_167
Male,1.2950579184320614,2,81.29129,ethiopia,draw_167
Female,1.2487165980265276,3,81.29129,ethiopia,draw_167
Male,1.2766971814732158,3,81.29129,ethiopia,draw_167
Female,1.2214204717927886,2,81.4014,ethiopia,draw_167
Male,1.2931552189043465,2,81.4014,ethiopia,draw_167
Female,1.2472401708820988,3,81.4014,ethiopia,draw_167
Male,1.275035368345506,3,81.4014,ethiopia,draw_167
Female,1.2199781187674505,2,81.51151,ethiopia,draw_167
Male,1.2912591905617183,2,81.51151,ethiopia,draw_167
Female,1.245767502505401,3,81.51151,ethiopia,draw_167
Male,1.2733776155489178,3,81.51151,ethiopia,draw_167
Female,1.2185399052093644,2,81.62162,ethiopia,draw_167
Male,1.2893692470749292,2,81.62162,ethiopia,draw_167
Female,1.2442978433360603,3,81.62162,ethiopia,draw_167
Male,1.2717238085284512,3,81.62162,ethiopia,draw_167
Female,1.2171071173050283,2,81.73173,ethiopia,draw_167
Male,1.2874853146522756,2,81.73173,ethiopia,draw_167
Female,1.2428322649101589,3,81.73173,ethiopia,draw_167
Male,1.2700739882618821,3,81.73173,ethiopia,draw_167
Female,1.2156794845250862,2,81.84184,ethiopia,draw_167
Male,1.28560790659058,2,81.84184,ethiopia,draw_167
Female,1.2413705361116303,3,81.84184,ethiopia,draw_167
Male,1.268428321787787,3,81.84184,ethiopia,draw_167
Female,1.2142564888589853,2,81.95195,ethiopia,draw_167
Male,1.283736610539489,2,81.95195,ethiopia,draw_167
Female,1.2399124759763702,3,81.95195,ethiopia,draw_167
Male,1.2667865168698884,3,81.95195,ethiopia,draw_167
Female,1.2128379786946213,2,82.06206,ethiopia,draw_167
Male,1.2818718794476167,2,82.06206,ethiopia,draw_167
Female,1.2384577737548481,3,82.06206,ethiopia,draw_167
Male,1.2651488565486189,3,82.06206,ethiopia,draw_167
Female,1.2114247128948017,2,82.17217,ethiopia,draw_167
Male,1.2800124678963365,2,82.17217,ethiopia,draw_167
Female,1.237007171914974,3,82.17217,ethiopia,draw_167
Male,1.2635149326162072,3,82.17217,ethiopia,draw_167
Female,1.2100157839529624,2,82.28228,ethiopia,draw_167
Male,1.2781602710331705,2,82.28228,ethiopia,draw_167
Female,1.235559892482745,3,82.28228,ethiopia,draw_167
Male,1.2618858702361677,3,82.28228,ethiopia,draw_167
Female,1.208611949865244,2,82.39239,ethiopia,draw_167
Male,1.2763142669621368,2,82.39239,ethiopia,draw_167
Female,1.2341164725305522,3,82.39239,ethiopia,draw_167
Male,1.26026072992473,3,82.39239,ethiopia,draw_167
Female,1.2072124332847796,2,82.5025,ethiopia,draw_167
Male,1.2744744983954406,2,82.5025,ethiopia,draw_167
Female,1.2326764380887816,3,82.5025,ethiopia,draw_167
Male,1.2586396852249553,3,82.5025,ethiopia,draw_167
Female,1.2058185436208784,2,82.61261,ethiopia,draw_167
Male,1.2726421003484463,2,82.61261,ethiopia,draw_167
Female,1.231240541987755,3,82.61261,ethiopia,draw_167
Male,1.257023280366719,3,82.61261,ethiopia,draw_167
Female,1.2044290674839053,2,82.72272,ethiopia,draw_167
Male,1.270815462308785,2,82.72272,ethiopia,draw_167
Female,1.2298079464658618,3,82.72272,ethiopia,draw_167
Male,1.2554105295360438,3,82.72272,ethiopia,draw_167
Female,1.203044029685188,2,82.83283,ethiopia,draw_167
Male,1.2689953137205958,2,82.83283,ethiopia,draw_167
Female,1.2283789416659412,3,82.83283,ethiopia,draw_167
Male,1.2538019197347747,3,82.83283,ethiopia,draw_167
Female,1.201663815540371,2,82.94294,ethiopia,draw_167
Male,1.2671810522178264,2,82.94294,ethiopia,draw_167
Female,1.2269537239952648,3,82.94294,ethiopia,draw_167
Male,1.2521971836784025,3,82.94294,ethiopia,draw_167
Female,1.2002887179535555,2,83.05305,ethiopia,draw_167
Male,1.2653743795815096,2,83.05305,ethiopia,draw_167
Female,1.2255322594159261,3,83.05305,ethiopia,draw_167
Male,1.2505971761374395,3,83.05305,ethiopia,draw_167
Female,1.1989181902651185,2,83.16316,ethiopia,draw_167
Male,1.2635728785274645,2,83.16316,ethiopia,draw_167
Female,1.2241141126394175,3,83.16316,ethiopia,draw_167
Male,1.2490005664862218,3,83.16316,ethiopia,draw_167
Female,1.1975530197953346,2,83.27327,ethiopia,draw_167
Male,1.261778634675234,2,83.27327,ethiopia,draw_167
Female,1.2226999120554105,3,83.27327,ethiopia,draw_167
Male,1.247408611491593,3,83.27327,ethiopia,draw_167
Female,1.1961927585524872,2,83.38338,ethiopia,draw_167
Male,1.259990738932587,2,83.38338,ethiopia,draw_167
Female,1.2212895973948936,3,83.38338,ethiopia,draw_167
Male,1.245820714106704,3,83.38338,ethiopia,draw_167
Female,1.194836480590395,2,83.49349,ethiopia,draw_167
Male,1.2582082477864183,2,83.49349,ethiopia,draw_167
Female,1.2198824514360076,3,83.49349,ethiopia,draw_167
Male,1.2442364169771716,3,83.49349,ethiopia,draw_167
Female,1.1934861624325959,2,83.6036,ethiopia,draw_167
Male,1.2564320100507687,2,83.6036,ethiopia,draw_167
Female,1.218479770981712,3,83.6036,ethiopia,draw_167
Male,1.2426562237213579,3,83.6036,ethiopia,draw_167
Female,1.19213997734259,2,83.71371,ethiopia,draw_167
Male,1.2546618658673796,2,83.71371,ethiopia,draw_167
Female,1.21708031888507,3,83.71371,ethiopia,draw_167
Male,1.2410800422183916,3,83.71371,ethiopia,draw_167
Female,1.190797596184164,2,83.82382,ethiopia,draw_167
Male,1.2528967710042802,2,83.82382,ethiopia,draw_167
Female,1.215683853769432,3,83.82382,ethiopia,draw_167
Male,1.2395074189259467,3,83.82382,ethiopia,draw_167
Female,1.1894603635070664,2,83.93393,ethiopia,draw_167
Male,1.251137577078086,2,83.93393,ethiopia,draw_167
Female,1.2142912690976542,3,83.93393,ethiopia,draw_167
Male,1.237938725839725,3,83.93393,ethiopia,draw_167
Female,1.188128328781133,2,84.04404,ethiopia,draw_167
Male,1.2493848830078282,2,84.04404,ethiopia,draw_167
Female,1.2129025319224884,3,84.04404,ethiopia,draw_167
Male,1.2363742858481483,3,84.04404,ethiopia,draw_167
Female,1.1868006489078278,2,84.15415,ethiopia,draw_167
Male,1.2476370878894416,2,84.15415,ethiopia,draw_167
Female,1.211517155277287,3,84.15415,ethiopia,draw_167
Male,1.2348131757301803,3,84.15415,ethiopia,draw_167
Female,1.1854777347419572,2,84.26426,ethiopia,draw_167
Male,1.2458949392903662,2,84.26426,ethiopia,draw_167
Female,1.2101354098339667,3,84.26426,ethiopia,draw_167
Male,1.2332557750461077,3,84.26426,ethiopia,draw_167
Female,1.184158391683487,2,84.37437,ethiopia,draw_167
Male,1.2441603284642169,2,84.37437,ethiopia,draw_167
Female,1.2087565453755398,3,84.37437,ethiopia,draw_167
Male,1.2317032403798993,3,84.37437,ethiopia,draw_167
Female,1.1828439627511598,2,84.48448,ethiopia,draw_167
Male,1.2424306875350166,2,84.48448,ethiopia,draw_167
Female,1.2073816453579396,3,84.48448,ethiopia,draw_167
Male,1.230154072509472,3,84.48448,ethiopia,draw_167
Female,1.1815334947318044,2,84.59459,ethiopia,draw_167
Male,1.2407061448841206,2,84.59459,ethiopia,draw_167
Female,1.20600984678504,3,84.59459,ethiopia,draw_167
Male,1.2286084625688938,3,84.59459,ethiopia,draw_167
Female,1.1802273636049412,2,84.7047,ethiopia,draw_167
Male,1.2389873537885732,2,84.7047,ethiopia,draw_167
Female,1.2046415716384584,3,84.7047,ethiopia,draw_167
Male,1.2270669130679073,3,84.7047,ethiopia,draw_167
Female,1.1789257942421933,2,84.81481,ethiopia,draw_167
Male,1.2372744026159999,2,84.81481,ethiopia,draw_167
Female,1.2032769597602135,3,84.81481,ethiopia,draw_167
Male,1.225529441155356,3,84.81481,ethiopia,draw_167
Female,1.1776289842640877,2,84.92492,ethiopia,draw_167
Male,1.2355673060015837,2,84.92492,ethiopia,draw_167
Female,1.2019162663095977,3,84.92492,ethiopia,draw_167
Male,1.2239961115409141,3,84.92492,ethiopia,draw_167
Female,1.1763355427425946,2,85.03504,ethiopia,draw_167
Male,1.2338673989683104,2,85.03504,ethiopia,draw_167
Female,1.2005587333680328,3,85.03504,ethiopia,draw_167
Male,1.2224674989895101,3,85.03504,ethiopia,draw_167
Female,1.1750467805133806,2,85.14515,ethiopia,draw_167
Male,1.232172858405425,2,85.14515,ethiopia,draw_167
Female,1.1992052807495668,3,85.14515,ethiopia,draw_167
Male,1.2209429671559022,3,85.14515,ethiopia,draw_167
Female,1.1737627778411532,2,85.25526,ethiopia,draw_167
Male,1.2304844534559392,2,85.25526,ethiopia,draw_167
Female,1.1978558819239404,3,85.25526,ethiopia,draw_167
Male,1.219422891249168,3,85.25526,ethiopia,draw_167
Female,1.1724835505440634,2,85.36537,ethiopia,draw_167
Male,1.2288032670777258,2,85.36537,ethiopia,draw_167
Female,1.1965105634697648,3,85.36537,ethiopia,draw_167
Male,1.217907897617802,3,85.36537,ethiopia,draw_167
Female,1.1712100485485266,2,85.47548,ethiopia,draw_167
Male,1.227128120633463,2,85.47548,ethiopia,draw_167
Female,1.1951698048266288,3,85.47548,ethiopia,draw_167
Male,1.2163971834520393,3,85.47548,ethiopia,draw_167
Female,1.1699401276586416,2,85.58559,ethiopia,draw_167
Male,1.2254594525398035,2,85.58559,ethiopia,draw_167
Female,1.193832098661089,3,85.58559,ethiopia,draw_167
Male,1.2148910759049862,3,85.58559,ethiopia,draw_167
Female,1.1686758117386256,2,85.6957,ethiopia,draw_167
Male,1.2237977314373376,2,85.6957,ethiopia,draw_167
Female,1.1924989852428531,3,85.6957,ethiopia,draw_167
Male,1.2133897779616443,3,85.6957,ethiopia,draw_167
Female,1.167415882945009,2,85.80581,ethiopia,draw_167
Male,1.2221425020236074,2,85.80581,ethiopia,draw_167
Female,1.1911693991046097,3,85.80581,ethiopia,draw_167
Male,1.2118931987697152,3,85.80581,ethiopia,draw_167
Female,1.1661619934396137,2,85.91592,ethiopia,draw_167
Male,1.2204936966590625,2,85.91592,ethiopia,draw_167
Female,1.1898447820507374,3,85.91592,ethiopia,draw_167
Male,1.2104013898171793,3,85.91592,ethiopia,draw_167
Female,1.1649133506778717,2,86.02603,ethiopia,draw_167
Male,1.218851158679166,2,86.02603,ethiopia,draw_167
Female,1.1885247564839152,3,86.02603,ethiopia,draw_167
Male,1.2089144414772233,3,86.02603,ethiopia,draw_167
Female,1.163670225513348,2,86.13614,ethiopia,draw_167
Male,1.2172163549349504,2,86.13614,ethiopia,draw_167
Female,1.1872094047989514,3,86.13614,ethiopia,draw_167
Male,1.2074331040426023,3,86.13614,ethiopia,draw_167
Female,1.1624318995787948,2,86.24625,ethiopia,draw_167
Male,1.215587350424518,2,86.24625,ethiopia,draw_167
Female,1.1858982161234763,3,86.24625,ethiopia,draw_167
Male,1.2059562086571778,3,86.24625,ethiopia,draw_167
Female,1.1611991969658089,2,86.35636,ethiopia,draw_167
Male,1.2139656398133563,2,86.35636,ethiopia,draw_167
Female,1.1845918645836737,3,86.35636,ethiopia,draw_167
Male,1.204484564387035,3,86.35636,ethiopia,draw_167
Female,1.1599718312061869,2,86.46647,ethiopia,draw_167
Male,1.2123507736934236,2,86.46647,ethiopia,draw_167
Female,1.1832899668886274,3,86.46647,ethiopia,draw_167
Male,1.2030178933126712,3,86.46647,ethiopia,draw_167
Female,1.1587498719253684,2,86.57658,ethiopia,draw_167
Male,1.2107445777439239,2,86.57658,ethiopia,draw_167
Female,1.1819927388810982,3,86.57658,ethiopia,draw_167
Male,1.201557312182919,3,86.57658,ethiopia,draw_167
Female,1.1575338123807888,2,86.68669,ethiopia,draw_167
Male,1.2091445453265885,2,86.68669,ethiopia,draw_167
Female,1.1807006448974007,3,86.68669,ethiopia,draw_167
Male,1.2001017024428746,3,86.68669,ethiopia,draw_167
Female,1.1563236457832275,2,86.7968,ethiopia,draw_167
Male,1.2075514225190258,2,86.7968,ethiopia,draw_167
Female,1.1794137876031103,3,86.7968,ethiopia,draw_167
Male,1.1986515916403826,3,86.7968,ethiopia,draw_167
Female,1.1551185143264504,2,86.90691,ethiopia,draw_167
Male,1.2059659064694321,2,86.90691,ethiopia,draw_167
Female,1.1781314982998412,3,86.90691,ethiopia,draw_167
Male,1.1972071656518752,3,86.90691,ethiopia,draw_167
Female,1.1539191623284055,2,87.01702,ethiopia,draw_167
Male,1.2043878807522646,2,87.01702,ethiopia,draw_167
Female,1.1768541798388963,3,87.01702,ethiopia,draw_167
Male,1.195768298290529,3,87.01702,ethiopia,draw_167
Female,1.1527248369687466,2,87.12713,ethiopia,draw_167
Male,1.2028165289873254,2,87.12713,ethiopia,draw_167
Female,1.1755814934607387,3,87.12713,ethiopia,draw_167
Male,1.1943345288441067,3,87.12713,ethiopia,draw_167
Female,1.1515356060858086,2,87.23724,ethiopia,draw_167
Male,1.2012519065444864,2,87.23724,ethiopia,draw_167
Female,1.1743134378361137,3,87.23724,ethiopia,draw_167
Male,1.1929058907911843,3,87.23724,ethiopia,draw_167
Female,1.1503526269922824,2,87.34735,ethiopia,draw_167
Male,1.1996949641494676,2,87.34735,ethiopia,draw_167
Female,1.1730506566060896,3,87.34735,ethiopia,draw_167
Male,1.191482865876252,3,87.34735,ethiopia,draw_167
Female,1.149175706983953,2,87.45746,ethiopia,draw_167
Male,1.1981441642903525,2,87.45746,ethiopia,draw_167
Female,1.17179298255994,3,87.45746,ethiopia,draw_167
Male,1.1900647372068325,3,87.45746,ethiopia,draw_167
Female,1.1480037250323079,2,87.56757,ethiopia,draw_167
Male,1.196600405833324,2,87.56757,ethiopia,draw_167
Female,1.170539717722335,3,87.56757,ethiopia,draw_167
Male,1.1886519758074658,3,87.56757,ethiopia,draw_167
Female,1.1468374731535225,2,87.67768,ethiopia,draw_167
Male,1.195064158709106,2,87.67768,ethiopia,draw_167
Female,1.1692913370893767,3,87.67768,ethiopia,draw_167
Male,1.1872445890200911,3,87.67768,ethiopia,draw_167
Female,1.1456768025368955,2,87.78779,ethiopia,draw_167
Male,1.1935351049478027,2,87.78779,ethiopia,draw_167
Female,1.1680478496296802,3,87.78779,ethiopia,draw_167
Male,1.1858426496274788,3,87.78779,ethiopia,draw_167
Female,1.1445208796316089,2,87.8979,ethiopia,draw_167
Male,1.1920127946520336,2,87.8979,ethiopia,draw_167
Female,1.1668088186684182,3,87.8979,ethiopia,draw_167
Male,1.1844457731182483,3,87.8979,ethiopia,draw_167
Female,1.143370777924082,2,88.00801,ethiopia,draw_167
Male,1.1904973271536683,2,88.00801,ethiopia,draw_167
Female,1.1655748745911008,3,88.00801,ethiopia,draw_167
Male,1.1830542668500248,3,88.00801,ethiopia,draw_167
Female,1.142225989233183,2,88.11812,ethiopia,draw_167
Male,1.1889896858684794,2,88.11812,ethiopia,draw_167
Female,1.1643460184887355,3,88.11812,ethiopia,draw_167
Male,1.1816688581595356,3,88.11812,ethiopia,draw_167
Female,1.1410877256622745,2,88.22823,ethiopia,draw_167
Male,1.187489155820318,2,88.22823,ethiopia,draw_167
Female,1.1631229558492902,3,88.22823,ethiopia,draw_167
Male,1.1802891490893008,3,88.22823,ethiopia,draw_167
Female,1.139954321355703,2,88.33834,ethiopia,draw_167
Male,1.1859960135552456,2,88.33834,ethiopia,draw_167
Female,1.161904376257746,3,88.33834,ethiopia,draw_167
Male,1.1789150574352982,3,88.33834,ethiopia,draw_167
Female,1.1388261992491207,2,88.44845,ethiopia,draw_167
Male,1.1845093287254658,2,88.44845,ethiopia,draw_167
Female,1.1606908318166569,3,88.44845,ethiopia,draw_167
Male,1.1775460971352525,3,88.44845,ethiopia,draw_167
Female,1.1377037163167518,2,88.55856,ethiopia,draw_167
Male,1.1830302338323158,2,88.55856,ethiopia,draw_167
Female,1.1594823711095092,3,88.55856,ethiopia,draw_167
Male,1.1761830447493304,3,88.55856,ethiopia,draw_167
Female,1.1365875485364838,2,88.66867,ethiopia,draw_167
Male,1.1815591921057937,2,88.66867,ethiopia,draw_167
Female,1.1582795388634017,3,88.66867,ethiopia,draw_167
Male,1.1748263586113668,3,88.66867,ethiopia,draw_167
Female,1.1354781411559545,2,88.77878,ethiopia,draw_167
Male,1.1800949988006022,2,88.77878,ethiopia,draw_167
Female,1.1570827638033354,3,88.77878,ethiopia,draw_167
Male,1.1734754711091686,3,88.77878,ethiopia,draw_167
Female,1.134375702769759,2,88.88889,ethiopia,draw_167
Male,1.1786398615908658,2,88.88889,ethiopia,draw_167
Female,1.1558927116592959,3,88.88889,ethiopia,draw_167
Male,1.1721319803478105,3,88.88889,ethiopia,draw_167
Female,1.1332796453785414,2,88.999,ethiopia,draw_167
Male,1.1771943269263676,2,88.999,ethiopia,draw_167
Female,1.154708705619694,3,88.999,ethiopia,draw_167
Male,1.1707961616650444,3,88.999,ethiopia,draw_167
Female,1.132190019771436,2,89.10911,ethiopia,draw_167
Male,1.1757580419937304,2,89.10911,ethiopia,draw_167
Female,1.1535310805189432,3,89.10911,ethiopia,draw_167
Male,1.1694680324111009,3,89.10911,ethiopia,draw_167
Female,1.1311085587107879,2,89.21922,ethiopia,draw_167
Male,1.1743302348358777,2,89.21922,ethiopia,draw_167
Female,1.1523609868901739,3,89.21922,ethiopia,draw_167
Male,1.1681471609141287,3,89.21922,ethiopia,draw_167
Female,1.1300344127744775,2,89.32933,ethiopia,draw_167
Male,1.1729123046585703,2,89.32933,ethiopia,draw_167
Female,1.151197833585347,3,89.32933,ethiopia,draw_167
Male,1.1668343870456428,3,89.32933,ethiopia,draw_167
Female,1.1289669276437493,2,89.43944,ethiopia,draw_167
Male,1.1715052460288138,2,89.43944,ethiopia,draw_167
Female,1.1500412560055129,3,89.43944,ethiopia,draw_167
Male,1.1655304034800527,3,89.43944,ethiopia,draw_167
Female,1.127906911940573,2,89.54955,ethiopia,draw_167
Male,1.1701060430298231,2,89.54955,ethiopia,draw_167
Female,1.1488919501474624,3,89.54955,ethiopia,draw_167
Male,1.1642336062182315,3,89.54955,ethiopia,draw_167
Female,1.126854271814558,2,89.65966,ethiopia,draw_167
Male,1.1687187985639207,2,89.65966,ethiopia,draw_167
Female,1.1477500158770266,3,89.65966,ethiopia,draw_167
Male,1.1629465122796385,3,89.65966,ethiopia,draw_167
Female,1.125809300561232,2,89.76977,ethiopia,draw_167
Male,1.1673402516217977,2,89.76977,ethiopia,draw_167
Female,1.1466155147099977,3,89.76977,ethiopia,draw_167
Male,1.1616669959143517,3,89.76977,ethiopia,draw_167
Female,1.1247720215437502,2,89.87988,ethiopia,draw_167
Male,1.1659715195154752,2,89.87988,ethiopia,draw_167
Female,1.1454883063739654,3,89.87988,ethiopia,draw_167
Male,1.160395640789921,3,89.87988,ethiopia,draw_167
Female,1.1237417621970798,2,89.98999,ethiopia,draw_167
Male,1.1646117051070586,2,89.98999,ethiopia,draw_167
Female,1.1443679742715354,3,89.98999,ethiopia,draw_167
Male,1.1591320277123511,3,89.98999,ethiopia,draw_167
Female,1.1227190844349286,2,90.1001,ethiopia,draw_167
Male,1.16326257653314,2,90.1001,ethiopia,draw_167
Female,1.1432550320758321,3,90.1001,ethiopia,draw_167
Male,1.157877189179606,3,90.1001,ethiopia,draw_167
Female,1.1217027374169877,2,90.21021,ethiopia,draw_167
Male,1.1619222110835594,2,90.21021,ethiopia,draw_167
Female,1.1421485575360453,3,90.21021,ethiopia,draw_167
Male,1.156630075863998,3,90.21021,ethiopia,draw_167
Female,1.1206950072561905,2,90.32032,ethiopia,draw_167
Male,1.1605916196355834,2,90.32032,ethiopia,draw_167
Female,1.141050564923606,3,90.32032,ethiopia,draw_167
Male,1.1553916086738816,3,90.32032,ethiopia,draw_167
Female,1.119695183498291,2,90.43043,ethiopia,draw_167
Male,1.1592716254196986,2,90.43043,ethiopia,draw_167
Female,1.1399601738936436,3,90.43043,ethiopia,draw_167
Male,1.1541620208393124,3,90.43043,ethiopia,draw_167
Female,1.1187029057456659,2,90.54054,ethiopia,draw_167
Male,1.157960978672039,2,90.54054,ethiopia,draw_167
Female,1.1388772437312626,3,90.54054,ethiopia,draw_167
Male,1.1529407203978335,3,90.54054,ethiopia,draw_167
Female,1.117718174215204,2,90.65065,ethiopia,draw_167
Male,1.1566607584086313,2,90.65065,ethiopia,draw_167
Female,1.137801967278186,3,90.65065,ethiopia,draw_167
Male,1.1517283422722036,3,90.65065,ethiopia,draw_167
Female,1.11674070428298,2,90.76076,ethiopia,draw_167
Male,1.1553697025591458,2,90.76076,ethiopia,draw_167
Female,1.1367341529050383,3,90.76076,ethiopia,draw_167
Male,1.150524150204914,3,90.76076,ethiopia,draw_167
Female,1.1157714388219286,2,90.87087,ethiopia,draw_167
Male,1.1540894439938663,2,90.87087,ethiopia,draw_167
Female,1.1356744658279592,3,90.87087,ethiopia,draw_167
Male,1.1493292231043752,3,90.87087,ethiopia,draw_167
Female,1.114810008909813,2,90.98098,ethiopia,draw_167
Male,1.1528189707124201,2,90.98098,ethiopia,draw_167
Female,1.1346227396543938,3,90.98098,ethiopia,draw_167
Male,1.1481431582821935,3,90.98098,ethiopia,draw_167
Female,1.1138574424301062,2,91.09109,ethiopia,draw_167
Male,1.151559312663238,2,91.09109,ethiopia,draw_167
Female,1.1335797826680893,3,91.09109,ethiopia,draw_167
Male,1.1469665548390182,3,91.09109,ethiopia,draw_167
Female,1.1129119664141645,2,91.2012,ethiopia,draw_167
Male,1.150309265528161,2,91.2012,ethiopia,draw_167
Female,1.1325440458999658,3,91.2012,ethiopia,draw_167
Male,1.1457984439586588,3,91.2012,ethiopia,draw_167
Female,1.1119739797483528,2,91.31131,ethiopia,draw_167
Male,1.1490690369090402,2,91.31131,ethiopia,draw_167
Female,1.131515855341212,3,91.31131,ethiopia,draw_167
Male,1.1446389878309822,3,91.31131,ethiopia,draw_167
Female,1.1110440020936816,2,91.42142,ethiopia,draw_167
Male,1.14783823809806,2,91.42142,ethiopia,draw_167
Female,1.1304957187028288,3,91.42142,ethiopia,draw_167
Male,1.1434879286081439,3,91.42142,ethiopia,draw_167
Female,1.110120496767859,2,91.53153,ethiopia,draw_167
Male,1.1466174025739473,2,91.53153,ethiopia,draw_167
Female,1.1294822530492508,3,91.53153,ethiopia,draw_167
Male,1.1423456393316191,3,91.53153,ethiopia,draw_167
Female,1.109204743697615,2,91.64164,ethiopia,draw_167
Male,1.145405687820601,2,91.64164,ethiopia,draw_167
Female,1.1284764509292815,3,91.64164,ethiopia,draw_167
Male,1.1412116225991231,3,91.64164,ethiopia,draw_167
Female,1.1082974905305907,2,91.75175,ethiopia,draw_167
Male,1.1442042604258431,2,91.75175,ethiopia,draw_167
Female,1.1274793699463654,3,91.75175,ethiopia,draw_167
Male,1.1400871906817827,3,91.75175,ethiopia,draw_167
Female,1.1073980819113127,2,91.86186,ethiopia,draw_167
Male,1.1430125020133535,2,91.86186,ethiopia,draw_167
Female,1.1264902589044068,3,91.86186,ethiopia,draw_167
Male,1.1389714569753084,3,91.86186,ethiopia,draw_167
Female,1.1065053462988597,2,91.97197,ethiopia,draw_167
Male,1.141830390438253,2,91.97197,ethiopia,draw_167
Female,1.1255082210174232,3,91.97197,ethiopia,draw_167
Male,1.1378644048098827,3,91.97197,ethiopia,draw_167
Female,1.1056208165254022,2,92.08208,ethiopia,draw_167
Male,1.1406582930109257,2,92.08208,ethiopia,draw_167
Female,1.124534269492493,3,92.08208,ethiopia,draw_167
Male,1.1367662360892454,3,92.08208,ethiopia,draw_167
Female,1.104743711781191,2,92.19219,ethiopia,draw_167
Male,1.1394948103835203,2,92.19219,ethiopia,draw_167
Female,1.1235679478614038,3,92.19219,ethiopia,draw_167
Male,1.1356761813221614,3,92.19219,ethiopia,draw_167
Female,1.1038743392039583,2,92.3023,ethiopia,draw_167
Male,1.1383414734976316,2,92.3023,ethiopia,draw_167
Female,1.1226095036032753,3,92.3023,ethiopia,draw_167
Male,1.134595131288336,3,92.3023,ethiopia,draw_167
Female,1.1030125591416204,2,92.41241,ethiopia,draw_167
Male,1.1371975236632281,2,92.41241,ethiopia,draw_167
Female,1.1216589929555991,3,92.41241,ethiopia,draw_167
Male,1.1335228030726219,3,92.41241,ethiopia,draw_167
Female,1.1021590340351817,2,92.52252,ethiopia,draw_167
Male,1.1360637699243579,2,92.52252,ethiopia,draw_167
Female,1.120716897746055,3,92.52252,ethiopia,draw_167
Male,1.1324598505052548,3,92.52252,ethiopia,draw_167
Female,1.1013123733992685,2,92.63263,ethiopia,draw_167
Male,1.1349407007011927,2,92.63263,ethiopia,draw_167
Female,1.1197819823828512,3,92.63263,ethiopia,draw_167
Male,1.131406044770724,3,92.63263,ethiopia,draw_167
Female,1.1004732455467259,2,92.74274,ethiopia,draw_167
Male,1.1338264097477093,2,92.74274,ethiopia,draw_167
Female,1.11885481037562,3,92.74274,ethiopia,draw_167
Male,1.1303602465981997,3,92.74274,ethiopia,draw_167
Female,1.0996412196001704,2,92.85285,ethiopia,draw_167
Male,1.132720869252438,2,92.85285,ethiopia,draw_167
Female,1.1179351415044898,3,92.85285,ethiopia,draw_167
Male,1.1293224638493518,3,92.85285,ethiopia,draw_167
Female,1.0988154845271718,2,92.96296,ethiopia,draw_167
Male,1.1316252419853525,2,92.96296,ethiopia,draw_167
Female,1.117022327355093,3,92.96296,ethiopia,draw_167
Male,1.1282933695624118,3,92.96296,ethiopia,draw_167
Female,1.0979969946568375,2,93.07307,ethiopia,draw_167
Male,1.1305388506874658,2,93.07307,ethiopia,draw_167
Female,1.1161171476457277,3,93.07307,ethiopia,draw_167
Male,1.127272617644415,3,93.07307,ethiopia,draw_167
Female,1.0971868954020596,2,93.18318,ethiopia,draw_167
Male,1.1294620884436481,2,93.18318,ethiopia,draw_167
Female,1.115220716447517,3,93.18318,ethiopia,draw_167
Male,1.1262609814404883,3,93.18318,ethiopia,draw_167
Female,1.096383461306802,2,93.29329,ethiopia,draw_167
Male,1.128394840851685,2,93.29329,ethiopia,draw_167
Female,1.11433137213922,3,93.29329,ethiopia,draw_167
Male,1.1252579740580777,3,93.29329,ethiopia,draw_167
Female,1.0955879504351465,2,93.4034,ethiopia,draw_167
Male,1.1273371566350079,2,93.4034,ethiopia,draw_167
Female,1.1134500679382564,3,93.4034,ethiopia,draw_167
Male,1.1242634474388449,3,93.4034,ethiopia,draw_167
Female,1.0947983272450255,2,93.51351,ethiopia,draw_167
Male,1.1262882389912094,2,93.51351,ethiopia,draw_167
Female,1.1125753327471215,3,93.51351,ethiopia,draw_167
Male,1.123276928594241,3,93.51351,ethiopia,draw_167
Female,1.0940154947648764,2,93.62362,ethiopia,draw_167
Male,1.1252480564879783,2,93.62362,ethiopia,draw_167
Female,1.1117078242390832,3,93.62362,ethiopia,draw_167
Male,1.1222983413975323,3,93.62362,ethiopia,draw_167
Female,1.093239902977776,2,93.73373,ethiopia,draw_167
Male,1.1242170685211799,2,93.73373,ethiopia,draw_167
Female,1.1108478982432077,3,93.73373,ethiopia,draw_167
Male,1.1213280615866785,3,93.73373,ethiopia,draw_167
Female,1.092471575191305,2,93.84384,ethiopia,draw_167
Male,1.1231947250434122,2,93.84384,ethiopia,draw_167
Female,1.1099956833742919,3,93.84384,ethiopia,draw_167
Male,1.1203659765118097,3,93.84384,ethiopia,draw_167
Female,1.0917106824664609,2,93.95395,ethiopia,draw_167
Male,1.122182399599617,2,93.95395,ethiopia,draw_167
Female,1.1091512562689168,3,93.95395,ethiopia,draw_167
Male,1.1194129115719191,3,93.95395,ethiopia,draw_167
Female,1.0909568762434816,2,94.06406,ethiopia,draw_167
Male,1.1211789887059347,2,94.06406,ethiopia,draw_167
Female,1.1083141933470047,3,94.06406,ethiopia,draw_167
Male,1.1184679398468982,3,94.06406,ethiopia,draw_167
Female,1.090209592887564,2,94.17417,ethiopia,draw_167
Male,1.1201836133176817,2,94.17417,ethiopia,draw_167
Female,1.1074840070888445,3,94.17417,ethiopia,draw_167
Male,1.1175306078270804,3,94.17417,ethiopia,draw_167
Female,1.0894696286553027,2,94.28428,ethiopia,draw_167
Male,1.1191969861679163,2,94.28428,ethiopia,draw_167
Female,1.1066613485684262,3,94.28428,ethiopia,draw_167
Male,1.1166012961301186,3,94.28428,ethiopia,draw_167
Female,1.088735656669197,2,94.39439,ethiopia,draw_167
Male,1.1182183815129185,2,94.39439,ethiopia,draw_167
Female,1.105845305114829,3,94.39439,ethiopia,draw_167
Male,1.1156796130955635,3,94.39439,ethiopia,draw_167
Female,1.0880086059353238,2,94.5045,ethiopia,draw_167
Male,1.1172484296575482,2,94.5045,ethiopia,draw_167
Female,1.1050364459593367,3,94.5045,ethiopia,draw_167
Male,1.1147659903091887,3,94.5045,ethiopia,draw_167
Female,1.087289399420322,2,94.61461,ethiopia,draw_167
Male,1.116288886473873,2,94.61461,ethiopia,draw_167
Female,1.1042359779207889,3,94.61461,ethiopia,draw_167
Male,1.1138620502314578,3,94.61461,ethiopia,draw_167
Female,1.0865763879814194,2,94.72472,ethiopia,draw_167
Male,1.115337094432391,2,94.72472,ethiopia,draw_167
Female,1.1034422648772773,3,94.72472,ethiopia,draw_167
Male,1.1129656786753777,3,94.72472,ethiopia,draw_167
Female,1.085870479650691,2,94.83483,ethiopia,draw_167
Male,1.1143943165631887,2,94.83483,ethiopia,draw_167
Female,1.1026560536490697,3,94.83483,ethiopia,draw_167
Male,1.1120775599310837,3,94.83483,ethiopia,draw_167
Female,1.085170026125028,2,94.94494,ethiopia,draw_167
Male,1.1134593523648313,2,94.94494,ethiopia,draw_167
Female,1.1018761462499616,3,94.94494,ethiopia,draw_167
Male,1.111197029119397,3,94.94494,ethiopia,draw_167
Female,1.0844768884279237,2,95.05506,ethiopia,draw_167
Male,1.1125328517508934,2,95.05506,ethiopia,draw_167
Female,1.1011039148397666,3,95.05506,ethiopia,draw_167
Male,1.1103244548055837,3,95.05506,ethiopia,draw_167
Female,1.0837900226083501,2,95.16517,ethiopia,draw_167
Male,1.1116149213670856,2,95.16517,ethiopia,draw_167
Female,1.1003384402810732,3,95.16517,ethiopia,draw_167
Male,1.1094599618785461,3,95.16517,ethiopia,draw_167
Female,1.083109918018532,2,95.27528,ethiopia,draw_167
Male,1.1107053837479774,2,95.27528,ethiopia,draw_167
Female,1.0995804646952703,3,95.27528,ethiopia,draw_167
Male,1.108603679566273,3,95.27528,ethiopia,draw_167
Female,1.0824373303453776,2,95.38539,ethiopia,draw_167
Male,1.109805480835279,2,95.38539,ethiopia,draw_167
Female,1.0988305471109368,3,95.38539,ethiopia,draw_167
Male,1.1077563792116623,3,95.38539,ethiopia,draw_167
Female,1.08177077277407,2,95.4955,ethiopia,draw_167
Male,1.1089129033571858,2,95.4955,ethiopia,draw_167
Female,1.0980872032524958,3,95.4955,ethiopia,draw_167
Male,1.10691645987949,3,95.4955,ethiopia,draw_167
Female,1.0811099164936187,2,95.60561,ethiopia,draw_167
Male,1.108028842269381,2,95.60561,ethiopia,draw_167
Female,1.0973502199439205,3,95.60561,ethiopia,draw_167
Male,1.1060845227160916,3,95.60561,ethiopia,draw_167
Female,1.0804559383617798,2,95.71572,ethiopia,draw_167
Male,1.1071525636388277,2,95.71572,ethiopia,draw_167
Female,1.0966205562855045,3,95.71572,ethiopia,draw_167
Male,1.105260137040603,3,95.71572,ethiopia,draw_167
Female,1.0798087385068618,2,95.82583,ethiopia,draw_167
Male,1.1062843053352154,2,95.82583,ethiopia,draw_167
Female,1.0958980493056267,3,95.82583,ethiopia,draw_167
Male,1.104443420779067,3,95.82583,ethiopia,draw_167
Female,1.0791671339894002,2,95.93594,ethiopia,draw_167
Male,1.1054232165059001,2,95.93594,ethiopia,draw_167
Female,1.0951817469377694,3,95.93594,ethiopia,draw_167
Male,1.1036338234378382,3,95.93594,ethiopia,draw_167
Female,1.0785333473097012,2,96.04605,ethiopia,draw_167
Male,1.1045721794562278,2,96.04605,ethiopia,draw_167
Female,1.094473786008233,3,96.04605,ethiopia,draw_167
Male,1.102833666455428,3,96.04605,ethiopia,draw_167
Female,1.0779055390500174,2,96.15616,ethiopia,draw_167
Male,1.1037289614151404,2,96.15616,ethiopia,draw_167
Female,1.0937723690322028,3,96.15616,ethiopia,draw_167
Male,1.1020409427325073,3,96.15616,ethiopia,draw_167
Female,1.0772838462461094,2,96.26627,ethiopia,draw_167
Male,1.1028938989109935,2,96.26627,ethiopia,draw_167
Female,1.0930776912461033,3,96.26627,ethiopia,draw_167
Male,1.101255813334442,3,96.26627,ethiopia,draw_167
Female,1.0766684871864993,2,96.37638,ethiopia,draw_167
Male,1.1020658387541267,2,96.37638,ethiopia,draw_167
Female,1.092389879198605,3,96.37638,ethiopia,draw_167
Male,1.1004776769383044,3,96.37638,ethiopia,draw_167
Female,1.0760590945428163,2,96.48649,ethiopia,draw_167
Male,1.1012461744780975,2,96.48649,ethiopia,draw_167
Female,1.0917085982650483,3,96.48649,ethiopia,draw_167
Male,1.0997073604069252,3,96.48649,ethiopia,draw_167
Female,1.0754552479992243,2,96.5966,ethiopia,draw_167
Male,1.1004340090807594,2,96.5966,ethiopia,draw_167
Female,1.0910336045433657,3,96.5966,ethiopia,draw_167
Male,1.0989443626595174,3,96.5966,ethiopia,draw_167
Female,1.0748580687781002,2,96.70671,ethiopia,draw_167
Male,1.0996296553713962,2,96.70671,ethiopia,draw_167
Female,1.090365941961235,3,96.70671,ethiopia,draw_167
Male,1.0981891376269475,3,96.70671,ethiopia,draw_167
Female,1.0742675273802755,2,96.81682,ethiopia,draw_167
Male,1.0988344806161392,2,96.81682,ethiopia,draw_167
Female,1.0897055916480203,3,96.81682,ethiopia,draw_167
Male,1.097442462511315,3,96.81682,ethiopia,draw_167
Female,1.0736834013682317,2,96.92693,ethiopia,draw_167
Male,1.0980463760284624,2,96.92693,ethiopia,draw_167
Female,1.0890521074063673,3,96.92693,ethiopia,draw_167
Male,1.0967028566703267,3,96.92693,ethiopia,draw_167
Female,1.0731044152587865,2,97.03704,ethiopia,draw_167
Male,1.0972657487505229,2,97.03704,ethiopia,draw_167
Female,1.0884045260793203,3,97.03704,ethiopia,draw_167
Male,1.0959705107300066,3,97.03704,ethiopia,draw_167
Female,1.072531660500204,2,97.14715,ethiopia,draw_167
Male,1.0964922141390852,2,97.14715,ethiopia,draw_167
Female,1.0877637956784043,3,97.14715,ethiopia,draw_167
Male,1.095245128331711,3,97.14715,ethiopia,draw_167
Female,1.071964285227036,2,97.25726,ethiopia,draw_167
Male,1.0957256166162888,2,97.25726,ethiopia,draw_167
Female,1.0871291071324174,3,97.25726,ethiopia,draw_167
Male,1.094526627795942,3,97.25726,ethiopia,draw_167
Female,1.0714033692831038,2,97.36737,ethiopia,draw_167
Male,1.0949677147460495,2,97.36737,ethiopia,draw_167
Female,1.0865013491743245,3,97.36737,ethiopia,draw_167
Male,1.0938159886883632,3,97.36737,ethiopia,draw_167
Female,1.070848477646924,2,97.47748,ethiopia,draw_167
Male,1.0942173907566013,2,97.47748,ethiopia,draw_167
Female,1.0858805994138507,3,97.47748,ethiopia,draw_167
Male,1.0931131705310773,3,97.47748,ethiopia,draw_167
Female,1.0702998528156722,2,97.58759,ethiopia,draw_167
Male,1.0934750260113555,2,97.58759,ethiopia,draw_167
Female,1.0852665607833492,3,97.58759,ethiopia,draw_167
Male,1.0924178282599402,3,97.58759,ethiopia,draw_167
Female,1.0697561598218976,2,97.6977,ethiopia,draw_167
Male,1.0927394448505174,2,97.6977,ethiopia,draw_167
Female,1.0846582052845624,3,97.6977,ethiopia,draw_167
Male,1.0917292148168567,3,97.6977,ethiopia,draw_167
Female,1.0692187124347885,2,97.80781,ethiopia,draw_167
Male,1.0920109303447043,2,97.80781,ethiopia,draw_167
Female,1.0840565833360218,3,97.80781,ethiopia,draw_167
Male,1.0910475780804003,3,97.80781,ethiopia,draw_167
Female,1.068686420543813,2,97.91792,ethiopia,draw_167
Male,1.091289790870396,2,97.91792,ethiopia,draw_167
Female,1.0834607870619466,3,97.91792,ethiopia,draw_167
Male,1.0903730834050922,3,97.91792,ethiopia,draw_167
Female,1.0681595307863225,2,98.02803,ethiopia,draw_167
Male,1.0905755424313015,2,98.02803,ethiopia,draw_167
Female,1.0828710821161949,3,98.02803,ethiopia,draw_167
Male,1.0897053734196434,3,98.02803,ethiopia,draw_167
Female,1.0676388212473895,2,98.13814,ethiopia,draw_167
Male,1.0898696394247478,2,98.13814,ethiopia,draw_167
Female,1.0822882767640463,3,98.13814,ethiopia,draw_167
Male,1.0890456036982956,3,98.13814,ethiopia,draw_167
Female,1.0671243457854145,2,98.24825,ethiopia,draw_167
Male,1.0891707339832393,2,98.24825,ethiopia,draw_167
Female,1.081712421185232,3,98.24825,ethiopia,draw_167
Male,1.0883929724007888,3,98.24825,ethiopia,draw_167
Female,1.0666145437457673,2,98.35836,ethiopia,draw_167
Male,1.0884787230773354,2,98.35836,ethiopia,draw_167
Female,1.0811421003775485,3,98.35836,ethiopia,draw_167
Male,1.087747109738077,3,98.35836,ethiopia,draw_167
Female,1.066110828190182,2,98.46847,ethiopia,draw_167
Male,1.0877945995192466,2,98.46847,ethiopia,draw_167
Female,1.0805782882074277,3,98.46847,ethiopia,draw_167
Male,1.087108615555299,3,98.46847,ethiopia,draw_167
Female,1.065612096243854,2,98.57858,ethiopia,draw_167
Male,1.0871162474044809,2,98.57858,ethiopia,draw_167
Female,1.0800202324382828,3,98.57858,ethiopia,draw_167
Male,1.0864762610734513,3,98.57858,ethiopia,draw_167
Female,1.0651188613383744,2,98.68869,ethiopia,draw_167
Male,1.0864453619477918,2,98.68869,ethiopia,draw_167
Female,1.0794683273148393,3,98.68869,ethiopia,draw_167
Male,1.0858510293257961,3,98.68869,ethiopia,draw_167
Female,1.064631099075117,2,98.7988,ethiopia,draw_167
Male,1.085780557230306,2,98.7988,ethiopia,draw_167
Female,1.0789225315037274,3,98.7988,ethiopia,draw_167
Male,1.085232106170631,3,98.7988,ethiopia,draw_167
Female,1.0641496179062473,2,98.90891,ethiopia,draw_167
Male,1.0851248463234657,2,98.90891,ethiopia,draw_167
Female,1.0783838772987917,3,98.90891,ethiopia,draw_167
Male,1.0846217669221532,3,98.90891,ethiopia,draw_167
Female,1.06367319596753,2,99.01902,ethiopia,draw_167
Male,1.084475112741689,2,99.01902,ethiopia,draw_167
Female,1.0778510106641093,3,99.01902,ethiopia,draw_167
Male,1.0840176374772177,3,99.01902,ethiopia,draw_167
Female,1.0632019801360226,2,99.12913,ethiopia,draw_167
Male,1.083831959474873,2,99.12913,ethiopia,draw_167
Female,1.0773240364926941,3,99.12913,ethiopia,draw_167
Male,1.083420070674918,3,99.12913,ethiopia,draw_167
Female,1.0627358562539755,2,99.23924,ethiopia,draw_167
Male,1.0831955307135268,2,99.23924,ethiopia,draw_167
Female,1.0768028327486454,3,99.23924,ethiopia,draw_167
Male,1.0828290970115182,3,99.23924,ethiopia,draw_167
Female,1.0622747182770118,2,99.34935,ethiopia,draw_167
Male,1.0825650339970314,2,99.34935,ethiopia,draw_167
Female,1.0762873608576253,3,99.34935,ethiopia,draw_167
Male,1.0822442854222145,3,99.34935,ethiopia,draw_167
Female,1.0618185444895267,2,99.45946,ethiopia,draw_167
Male,1.0819418023608076,2,99.45946,ethiopia,draw_167
Female,1.0757775943511285,3,99.45946,ethiopia,draw_167
Male,1.0816663968539795,3,99.45946,ethiopia,draw_167
Female,1.0613684497607208,2,99.56957,ethiopia,draw_167
Male,1.0813263366568966,2,99.56957,ethiopia,draw_167
Female,1.07527461847972,3,99.56957,ethiopia,draw_167
Male,1.0810960228036883,3,99.56957,ethiopia,draw_167
Female,1.0609234373704604,2,99.67968,ethiopia,draw_167
Male,1.0807169187053822,2,99.67968,ethiopia,draw_167
Female,1.0747775795038057,3,99.67968,ethiopia,draw_167
Male,1.0805320301225025,3,99.67968,ethiopia,draw_167
Female,1.0604831850282492,2,99.78979,ethiopia,draw_167
Male,1.0801143941931775,2,99.78979,ethiopia,draw_167
Female,1.0742860533609666,3,99.78979,ethiopia,draw_167
Male,1.0799746943244173,3,99.78979,ethiopia,draw_167
Female,1.060048190500077,2,99.8999,ethiopia,draw_167
Male,1.0795180251257213,2,99.8999,ethiopia,draw_167
Female,1.073800385411415,3,99.8999,ethiopia,draw_167
Male,1.0794235627189173,3,99.8999,ethiopia,draw_167
Female,1.0596181921725345,2,100.01001,ethiopia,draw_167
Male,1.0789285043365868,2,100.01001,ethiopia,draw_167
Female,1.0733203797179012,3,100.01001,ethiopia,draw_167
Male,1.078879036406816,3,100.01001,ethiopia,draw_167
Female,1.0591929378902296,2,100.12012,ethiopia,draw_167
Male,1.0783445905785787,2,100.12012,ethiopia,draw_167
Female,1.072845807437439,3,100.12012,ethiopia,draw_167
Male,1.0783403938872507,3,100.12012,ethiopia,draw_167
Female,1.058772746421645,2,100.23023,ethiopia,draw_167
Male,1.0777672354759615,2,100.23023,ethiopia,draw_167
Female,1.072376868542274,3,100.23023,ethiopia,draw_167
Male,1.0778081753436248,3,100.23023,ethiopia,draw_167
Female,1.0583568808192698,2,100.34034,ethiopia,draw_167
Male,1.077196080898968,2,100.34034,ethiopia,draw_167
Female,1.0719129852713538,3,100.34034,ethiopia,draw_167
Male,1.0772820919821544,3,100.34034,ethiopia,draw_167
Female,1.0579451426601343,2,100.45045,ethiopia,draw_167
Male,1.0766294314215612,2,100.45045,ethiopia,draw_167
Female,1.0714537168361757,3,100.45045,ethiopia,draw_167
Male,1.07676060590424,3,100.45045,ethiopia,draw_167
Female,1.0575369140541615,2,100.56056,ethiopia,draw_167
Male,1.0760675573832292,2,100.56056,ethiopia,draw_167
Female,1.070998461676394,3,100.56056,ethiopia,draw_167
Male,1.076243793362365,3,100.56056,ethiopia,draw_167
Female,1.0571320274200615,2,100.67067,ethiopia,draw_167
Male,1.0755109798117122,2,100.67067,ethiopia,draw_167
Female,1.0705470533819272,3,100.67067,ethiopia,draw_167
Male,1.0757318745952842,3,100.67067,ethiopia,draw_167
Female,1.0567311611598462,2,100.78078,ethiopia,draw_167
Male,1.0749581831323027,2,100.78078,ethiopia,draw_167
Female,1.0701000026408982,3,100.78078,ethiopia,draw_167
Male,1.0752238886219152,3,100.78078,ethiopia,draw_167
Female,1.0563329729619781,2,100.89089,ethiopia,draw_167
Male,1.0744095895904107,2,100.89089,ethiopia,draw_167
Female,1.069656155481488,3,100.89089,ethiopia,draw_167
Male,1.074720050750398,3,100.89089,ethiopia,draw_167
Female,1.0559390982811552,2,101.001,ethiopia,draw_167
Male,1.0738662631493354,2,101.001,ethiopia,draw_167
Female,1.0692170120631694,3,101.001,ethiopia,draw_167
Male,1.0742212135279452,3,101.001,ethiopia,draw_167
Female,1.0555486805840053,2,101.11111,ethiopia,draw_167
Male,1.0733273907180818,2,101.11111,ethiopia,draw_167
Female,1.068781748274737,3,101.11111,ethiopia,draw_167
Male,1.0737267131258483,3,101.11111,ethiopia,draw_167
Female,1.0551612133786255,2,101.22122,ethiopia,draw_167
Male,1.0727926166140076,2,101.22122,ethiopia,draw_167
Female,1.06834985281589,3,101.22122,ethiopia,draw_167
Male,1.0732361703036684,3,101.22122,ethiopia,draw_167
Female,1.0547766583298621,2,101.33133,ethiopia,draw_167
Male,1.0722625066810685,2,101.33133,ethiopia,draw_167
Female,1.0679212930445574,3,101.33133,ethiopia,draw_167
Male,1.0727498843468917,3,101.33133,ethiopia,draw_167
Female,1.0543950059143332,2,101.44144,ethiopia,draw_167
Male,1.0717354356147013,2,101.44144,ethiopia,draw_167
Female,1.0674960135219953,3,101.44144,ethiopia,draw_167
Male,1.0722668294988307,3,101.44144,ethiopia,draw_167
Female,1.0540162376813893,2,101.55155,ethiopia,draw_167
Male,1.071212260267316,2,101.55155,ethiopia,draw_167
Female,1.0670739742440558,3,101.55155,ethiopia,draw_167
Male,1.0717874319692688,3,101.55155,ethiopia,draw_167
Female,1.0536402868804615,2,101.66166,ethiopia,draw_167
Male,1.0706925279468948,2,101.66166,ethiopia,draw_167
Female,1.066655096283548,3,101.66166,ethiopia,draw_167
Male,1.071311480908698,3,101.66166,ethiopia,draw_167
Female,1.0532672046363456,2,101.77177,ethiopia,draw_167
Male,1.0701769819802733,2,101.77177,ethiopia,draw_167
Female,1.0662395529555868,3,101.77177,ethiopia,draw_167
Male,1.0708396084372243,3,101.77177,ethiopia,draw_167
Female,1.0528973087298552,2,101.88188,ethiopia,draw_167
Male,1.069665296408051,2,101.88188,ethiopia,draw_167
Female,1.0658274542106057,3,101.88188,ethiopia,draw_167
Male,1.0703713753843453,3,101.88188,ethiopia,draw_167
Female,1.0525297470891133,2,101.99199,ethiopia,draw_167
Male,1.069157541830654,2,101.99199,ethiopia,draw_167
Female,1.0654181124524753,3,101.99199,ethiopia,draw_167
Male,1.069906812025883,3,101.99199,ethiopia,draw_167
Female,1.0521647644131258,2,102.1021,ethiopia,draw_167
Male,1.0686527360201157,2,102.1021,ethiopia,draw_167
Female,1.0650117027737716,3,102.1021,ethiopia,draw_167
Male,1.0694452400531602,3,102.1021,ethiopia,draw_167
Female,1.0518023105337848,2,102.21221,ethiopia,draw_167
Male,1.0681508168019522,2,102.21221,ethiopia,draw_167
Female,1.0646080390783994,3,102.21221,ethiopia,draw_167
Male,1.0689864260179875,3,102.21221,ethiopia,draw_167
Female,1.0514412964204756,2,102.32232,ethiopia,draw_167
Male,1.0676519203320314,2,102.32232,ethiopia,draw_167
Female,1.0642060547425751,3,102.32232,ethiopia,draw_167
Male,1.0685301794841344,3,102.32232,ethiopia,draw_167
Female,1.0510825335665566,2,102.43243,ethiopia,draw_167
Male,1.067155323292954,2,102.43243,ethiopia,draw_167
Female,1.0638064781277152,3,102.43243,ethiopia,draw_167
Male,1.068076181955432,3,102.43243,ethiopia,draw_167
Female,1.0507255255222108,2,102.54254,ethiopia,draw_167
Male,1.0666610377256918,2,102.54254,ethiopia,draw_167
Female,1.0634087891506878,3,102.54254,ethiopia,draw_167
Male,1.0676243326541974,3,102.54254,ethiopia,draw_167
Female,1.0503698265007697,2,102.65265,ethiopia,draw_167
Male,1.066169270169595,2,102.65265,ethiopia,draw_167
Female,1.063012608133446,3,102.65265,ethiopia,draw_167
Male,1.0671747204425466,3,102.65265,ethiopia,draw_167
Female,1.050016571100893,2,102.76276,ethiopia,draw_167
Male,1.0656800027305107,2,102.76276,ethiopia,draw_167
Female,1.062618921853823,3,102.76276,ethiopia,draw_167
Male,1.0667273684561107,3,102.76276,ethiopia,draw_167
Female,1.0496646234378677,2,102.87287,ethiopia,draw_167
Male,1.0651927433260144,2,102.87287,ethiopia,draw_167
Female,1.0622268074674561,3,102.87287,ethiopia,draw_167
Male,1.0662819609100944,3,102.87287,ethiopia,draw_167
Female,1.0493146848051493,2,102.98298,ethiopia,draw_167
Male,1.0647078246361772,2,102.98298,ethiopia,draw_167
Female,1.061836818896925,3,102.98298,ethiopia,draw_167
Male,1.0658386914405809,3,102.98298,ethiopia,draw_167
Female,1.0489665940881896,2,103.09309,ethiopia,draw_167
Male,1.0642253026415454,2,103.09309,ethiopia,draw_167
Female,1.0614488153655584,3,103.09309,ethiopia,draw_167
Male,1.065397649411575,3,103.09309,ethiopia,draw_167
Female,1.0486204379948343,2,103.2032,ethiopia,draw_167
Male,1.063745787866965,2,103.2032,ethiopia,draw_167
Female,1.0610629380778542,3,103.2032,ethiopia,draw_167
Male,1.0649592766558797,3,103.2032,ethiopia,draw_167
Female,1.0482759103551622,2,103.31331,ethiopia,draw_167
Male,1.0632688137869233,2,103.31331,ethiopia,draw_167
Female,1.0606788770046585,3,103.31331,ethiopia,draw_167
Male,1.0645231575940983,3,103.31331,ethiopia,draw_167
Female,1.0479328494163693,2,103.42342,ethiopia,draw_167
Male,1.0627935331297076,2,103.42342,ethiopia,draw_167
Female,1.0602964032411792,3,103.42342,ethiopia,draw_167
Male,1.0640887190908743,3,103.42342,ethiopia,draw_167
Female,1.0475909807261494,2,103.53353,ethiopia,draw_167
Male,1.0623191595423624,2,103.53353,ethiopia,draw_167
Female,1.0599151875438757,3,103.53353,ethiopia,draw_167
Male,1.0636553786315674,3,103.53353,ethiopia,draw_167
Female,1.047250966817255,2,103.64364,ethiopia,draw_167
Male,1.061848067354128,2,103.64364,ethiopia,draw_167
Female,1.05953577001786,3,103.64364,ethiopia,draw_167
Male,1.0632244861130988,3,103.64364,ethiopia,draw_167
Female,1.0469120094052342,2,103.75375,ethiopia,draw_167
Male,1.0613783428560786,2,103.75375,ethiopia,draw_167
Female,1.0591574737183809,3,103.75375,ethiopia,draw_167
Male,1.062794875067629,3,103.75375,ethiopia,draw_167
Female,1.046574036625414,2,103.86386,ethiopia,draw_167
Male,1.0609102403216724,2,103.86386,ethiopia,draw_167
Female,1.0587802946869573,3,103.86386,ethiopia,draw_167
Male,1.0623667596955744,3,103.86386,ethiopia,draw_167
Female,1.0462377063845838,2,103.97397,ethiopia,draw_167
Male,1.0604440035863558,2,103.97397,ethiopia,draw_167
Female,1.0584047862223727,3,103.97397,ethiopia,draw_167
Male,1.06194027623324,3,103.97397,ethiopia,draw_167
Female,1.0459025369793369,2,104.08408,ethiopia,draw_167
Male,1.059979513047345,2,104.08408,ethiopia,draw_167
Female,1.058030548763121,3,104.08408,ethiopia,draw_167
Male,1.061515312442811,3,104.08408,ethiopia,draw_167
Female,1.0455688755311432,2,104.19419,ethiopia,draw_167
Male,1.0595167522681603,2,104.19419,ethiopia,draw_167
Female,1.0576578277253208,3,104.19419,ethiopia,draw_167
Male,1.0610918777035558,3,104.19419,ethiopia,draw_167
Female,1.0452362375777573,2,104.3043,ethiopia,draw_167
Male,1.0590554999547561,2,104.3043,ethiopia,draw_167
Female,1.0572862118217494,3,104.3043,ethiopia,draw_167
Male,1.0606698203651783,3,104.3043,ethiopia,draw_167
Female,1.0449049498874232,2,104.41441,ethiopia,draw_167
Male,1.0585960841218354,2,104.41441,ethiopia,draw_167
Female,1.056915986768958,3,104.41441,ethiopia,draw_167
Male,1.0602493408613225,3,104.41441,ethiopia,draw_167
Female,1.0445745867861733,2,104.52452,ethiopia,draw_167
Male,1.0581382492390237,2,104.52452,ethiopia,draw_167
Female,1.0565468087430538,3,104.52452,ethiopia,draw_167
Male,1.0598303055265232,3,104.52452,ethiopia,draw_167
Female,1.044245967519267,2,104.63463,ethiopia,draw_167
Male,1.0576820828600788,2,104.63463,ethiopia,draw_167
Female,1.0561794260587911,3,104.63463,ethiopia,draw_167
Male,1.0594128665731988,3,104.63463,ethiopia,draw_167
Female,1.0439187140537536,2,104.74474,ethiopia,draw_167
Male,1.057228269330718,2,104.74474,ethiopia,draw_167
Female,1.0558134245768254,3,104.74474,ethiopia,draw_167
Male,1.0589973476686698,3,104.74474,ethiopia,draw_167
Female,1.0435921529013845,2,104.85485,ethiopia,draw_167
Male,1.056775766128955,2,104.85485,ethiopia,draw_167
Female,1.055448225819153,3,104.85485,ethiopia,draw_167
Male,1.0585830963821978,3,104.85485,ethiopia,draw_167
Female,1.0432675644343254,2,104.96496,ethiopia,draw_167
Male,1.0563243017775628,2,104.96496,ethiopia,draw_167
Female,1.0550848841503173,3,104.96496,ethiopia,draw_167
Male,1.0581699158994553,3,104.96496,ethiopia,draw_167
Female,1.0429435135190237,2,105.07508,ethiopia,draw_167
Male,1.0558749199676263,2,105.07508,ethiopia,draw_167
Female,1.0547221591318339,3,105.07508,ethiopia,draw_167
Male,1.05775828460316,3,105.07508,ethiopia,draw_167
Female,1.0426203842774875,2,105.18519,ethiopia,draw_167
Male,1.0554258388599789,2,105.18519,ethiopia,draw_167
Female,1.0543603459117967,3,105.18519,ethiopia,draw_167
Male,1.057347048545224,3,105.18519,ethiopia,draw_167
Female,1.042297716782806,2,105.2953,ethiopia,draw_167
Male,1.0549785407201295,2,105.2953,ethiopia,draw_167
Female,1.0539990624595532,3,105.2953,ethiopia,draw_167
Male,1.0569371072677636,3,105.2953,ethiopia,draw_167
Female,1.041976409017898,2,105.40541,ethiopia,draw_167
Male,1.0545321553515432,2,105.40541,ethiopia,draw_167
Female,1.0536390117502645,3,105.40541,ethiopia,draw_167
Male,1.0565279026931078,3,105.40541,ethiopia,draw_167
Female,1.041655432364641,2,105.51552,ethiopia,draw_167
Male,1.0540866919420824,2,105.51552,ethiopia,draw_167
Female,1.0532792611976534,3,105.51552,ethiopia,draw_167
Male,1.056119435482137,3,105.51552,ethiopia,draw_167
Female,1.041334892691788,2,105.62563,ethiopia,draw_167
Male,1.0536426235859782,2,105.62563,ethiopia,draw_167
Female,1.0529198564720352,3,105.62563,ethiopia,draw_167
Male,1.0557119263366876,3,105.62563,ethiopia,draw_167
Female,1.0410155645294479,2,105.73574,ethiopia,draw_167
Male,1.0531985937729573,2,105.73574,ethiopia,draw_167
Female,1.0525614457600263,3,105.73574,ethiopia,draw_167
Male,1.055304477629261,3,105.73574,ethiopia,draw_167
Female,1.0406962442477108,2,105.84585,ethiopia,draw_167
Male,1.05275615126119,2,105.84585,ethiopia,draw_167
Female,1.0522030111395273,3,105.84585,ethiopia,draw_167
Male,1.0548979916739025,3,105.84585,ethiopia,draw_167
Female,1.0403773272239167,2,105.95596,ethiopia,draw_167
Male,1.0523141528798556,2,105.95596,ethiopia,draw_167
Female,1.0518448678886343,3,105.95596,ethiopia,draw_167
Male,1.054491779690004,3,105.95596,ethiopia,draw_167
Female,1.0400590957155922,2,106.06607,ethiopia,draw_167
Male,1.0518731345076926,2,106.06607,ethiopia,draw_167
Female,1.0514872824095858,3,106.06607,ethiopia,draw_167
Male,1.0540861605291656,3,106.06607,ethiopia,draw_167
Female,1.0397412237871309,2,106.17618,ethiopia,draw_167
Male,1.051432346354606,2,106.17618,ethiopia,draw_167
Female,1.0511299812256873,3,106.17618,ethiopia,draw_167
Male,1.0536806914223702,3,106.17618,ethiopia,draw_167
Female,1.0394242790069117,2,106.28629,ethiopia,draw_167
Male,1.0509927616495394,2,106.28629,ethiopia,draw_167
Female,1.0507733900460086,3,106.28629,ethiopia,draw_167
Male,1.0532759388805948,3,106.28629,ethiopia,draw_167
Female,1.0391072178436638,2,106.3964,ethiopia,draw_167
Male,1.0505537633683295,2,106.3964,ethiopia,draw_167
Female,1.050416633334592,3,106.3964,ethiopia,draw_167
Male,1.052871549111253,3,106.3964,ethiopia,draw_167
Female,1.038790915434779,2,106.50651,ethiopia,draw_167
Male,1.050114967160751,2,106.50651,ethiopia,draw_167
Female,1.0500604258835688,3,106.50651,ethiopia,draw_167
Male,1.0524673277906833,3,106.50651,ethiopia,draw_167
Female,1.038475456172408,2,106.61662,ethiopia,draw_167
Male,1.0496771495733503,2,106.61662,ethiopia,draw_167
Female,1.0497048799047872,3,106.61662,ethiopia,draw_167
Male,1.052063716975049,3,106.61662,ethiopia,draw_167
Female,1.038159501640493,2,106.72673,ethiopia,draw_167
Male,1.0492401684871777,2,106.72673,ethiopia,draw_167
Female,1.0493488793885775,3,106.72673,ethiopia,draw_167
Male,1.0516606140352511,3,106.72673,ethiopia,draw_167
Female,1.037844522637758,2,106.83684,ethiopia,draw_167
Male,1.048803888251104,2,106.83684,ethiopia,draw_167
Female,1.0489936377317748,3,106.83684,ethiopia,draw_167
Male,1.0512579651671914,3,106.83684,ethiopia,draw_167
Female,1.0375301361847309,2,106.94695,ethiopia,draw_167
Male,1.0483682464310184,2,106.94695,ethiopia,draw_167
Female,1.048638865721398,3,106.94695,ethiopia,draw_167
Male,1.0508557015860773,3,106.94695,ethiopia,draw_167
Female,1.0372160110120832,2,107.05706,ethiopia,draw_167
Male,1.0479333468221714,2,107.05706,ethiopia,draw_167
Female,1.0482842692525935,3,107.05706,ethiopia,draw_167
Male,1.050453890327134,3,107.05706,ethiopia,draw_167
Female,1.0369020834082623,2,107.16717,ethiopia,draw_167
Male,1.0474988601117698,2,107.16717,ethiopia,draw_167
Female,1.0479297637014586,3,107.16717,ethiopia,draw_167
Male,1.0500523210278645,3,107.16717,ethiopia,draw_167
Female,1.0365892992723944,2,107.27728,ethiopia,draw_167
Male,1.0470651041900585,2,107.27728,ethiopia,draw_167
Female,1.0475761636440568,3,107.27728,ethiopia,draw_167
Male,1.0496511816665188,3,107.27728,ethiopia,draw_167
Female,1.0362769204500735,2,107.38739,ethiopia,draw_167
Male,1.0466322388953453,2,107.38739,ethiopia,draw_167
Female,1.0472228234532392,3,107.38739,ethiopia,draw_167
Male,1.0492505771468417,3,107.38739,ethiopia,draw_167
Female,1.0359646344261826,2,107.4975,ethiopia,draw_167
Male,1.0462000374399898,2,107.4975,ethiopia,draw_167
Female,1.046869548662359,3,107.4975,ethiopia,draw_167
Male,1.0488503638538065,3,107.4975,ethiopia,draw_167
Female,1.0356528406617596,2,107.60761,ethiopia,draw_167
Male,1.0457685822250093,2,107.60761,ethiopia,draw_167
Female,1.046516649402115,3,107.60761,ethiopia,draw_167
Male,1.0484506110350371,3,107.60761,ethiopia,draw_167
Female,1.0353416709945975,2,107.71772,ethiopia,draw_167
Male,1.0453379971318255,2,107.71772,ethiopia,draw_167
Female,1.04616423695332,3,107.71772,ethiopia,draw_167
Male,1.0480513746989895,3,107.71772,ethiopia,draw_167
Female,1.0350306084998933,2,107.82783,ethiopia,draw_167
Male,1.0449083551381404,2,107.82783,ethiopia,draw_167
Female,1.0458118706143957,3,107.82783,ethiopia,draw_167
Male,1.0476527023361344,3,107.82783,ethiopia,draw_167
Female,1.0347207144878934,2,107.93794,ethiopia,draw_167
Male,1.044478857445991,2,107.93794,ethiopia,draw_167
Female,1.0454604677470296,3,107.93794,ethiopia,draw_167
Male,1.0472541090268013,3,107.93794,ethiopia,draw_167
Female,1.0344104547782613,2,108.04805,ethiopia,draw_167
Male,1.0440505179814714,2,108.04805,ethiopia,draw_167
Female,1.0451087620037154,3,108.04805,ethiopia,draw_167
Male,1.0468562331913247,3,108.04805,ethiopia,draw_167
Female,1.0341011413001593,2,108.15816,ethiopia,draw_167
Male,1.0436225720665955,2,108.15816,ethiopia,draw_167
Female,1.0447578257800556,3,108.15816,ethiopia,draw_167
Male,1.046458602223954,3,108.15816,ethiopia,draw_167
Female,1.0337919755887948,2,108.26827,ethiopia,draw_167
Male,1.0431948919059426,2,108.26827,ethiopia,draw_167
Female,1.0444069546457888,3,108.26827,ethiopia,draw_167
Male,1.046061127255703,3,108.26827,ethiopia,draw_167
Female,1.0334834733766978,2,108.37838,ethiopia,draw_167
Male,1.0427688151427699,2,108.37838,ethiopia,draw_167
Female,1.0440566034772676,3,108.37838,ethiopia,draw_167
Male,1.0456646306163997,3,108.37838,ethiopia,draw_167
Female,1.0331753853993062,2,108.48849,ethiopia,draw_167
Male,1.0423432276997506,2,108.48849,ethiopia,draw_167
Female,1.0437065543481623,3,108.48849,ethiopia,draw_167
Male,1.0452684358934383,3,108.48849,ethiopia,draw_167
Female,1.0328679199141648,2,108.5986,ethiopia,draw_167
Male,1.0419181506113806,2,108.5986,ethiopia,draw_167
Female,1.0433570120189506,3,108.5986,ethiopia,draw_167
Male,1.0448725420936256,3,108.5986,ethiopia,draw_167
Female,1.0325607162979502,2,108.70871,ethiopia,draw_167
Male,1.0414940072925392,2,108.70871,ethiopia,draw_167
Female,1.0430076635366023,3,108.70871,ethiopia,draw_167
Male,1.044477212810793,3,108.70871,ethiopia,draw_167
Female,1.032253894671009,2,108.81882,ethiopia,draw_167
Male,1.0410700855291521,2,108.81882,ethiopia,draw_167
Female,1.0426586228702124,3,108.81882,ethiopia,draw_167
Male,1.0440820284721555,3,108.81882,ethiopia,draw_167
Female,1.031947303905338,2,108.92893,ethiopia,draw_167
Male,1.0406475129693513,2,108.92893,ethiopia,draw_167
Female,1.0423097358825895,3,108.92893,ethiopia,draw_167
Male,1.0436877034477239,3,108.92893,ethiopia,draw_167
Female,1.031641977196747,2,109.03904,ethiopia,draw_167
Male,1.04022544649922,2,109.03904,ethiopia,draw_167
Female,1.0419618766079535,3,109.03904,ethiopia,draw_167
Male,1.0432937177847135,3,109.03904,ethiopia,draw_167
Female,1.031336693017426,2,109.14915,ethiopia,draw_167
Male,1.0398041963611113,2,109.14915,ethiopia,draw_167
Female,1.0416140178222657,3,109.14915,ethiopia,draw_167
Male,1.0429002653504629,3,109.14915,ethiopia,draw_167
Female,1.0310320485762265,2,109.25926,ethiopia,draw_167
Male,1.0393829437050464,2,109.25926,ethiopia,draw_167
Female,1.041266642579611,3,109.25926,ethiopia,draw_167
Male,1.0425068188990498,3,109.25926,ethiopia,draw_167
Female,1.0307276843854287,2,109.36937,ethiopia,draw_167
Male,1.0389630981036153,2,109.36937,ethiopia,draw_167
Female,1.04091942766143,3,109.36937,ethiopia,draw_167
Male,1.0421142437734405,3,109.36937,ethiopia,draw_167
Female,1.0304236308901191,2,109.47948,ethiopia,draw_167
Male,1.038543655868899,2,109.47948,ethiopia,draw_167
Female,1.0405723955376425,3,109.47948,ethiopia,draw_167
Male,1.0417219211069386,3,109.47948,ethiopia,draw_167
Female,1.0301203250772288,2,109.58959,ethiopia,draw_167
Male,1.0381253341628518,2,109.58959,ethiopia,draw_167
Female,1.0402259758578494,3,109.58959,ethiopia,draw_167
Male,1.0413302876262494,3,109.58959,ethiopia,draw_167
Female,1.0298176866181357,2,109.6997,ethiopia,draw_167
Male,1.0377069912497243,2,109.6997,ethiopia,draw_167
Female,1.0398800825978392,3,109.6997,ethiopia,draw_167
Male,1.0409386530091427,3,109.6997,ethiopia,draw_167
Female,1.0295152907673302,2,109.80981,ethiopia,draw_167
Male,1.0372898277417368,2,109.80981,ethiopia,draw_167
Female,1.0395343454353727,3,109.80981,ethiopia,draw_167
Male,1.0405477685193125,3,109.80981,ethiopia,draw_167
Female,1.0292137603509854,2,109.91992,ethiopia,draw_167
Male,1.0368734411342202,2,109.91992,ethiopia,draw_167
Female,1.0391892781783152,3,109.91992,ethiopia,draw_167
Male,1.0401573806332156,3,109.91992,ethiopia,draw_167
Female,1.0289125288740435,2,110.03003,ethiopia,draw_167
Male,1.0364575119833241,2,110.03003,ethiopia,draw_167
Female,1.0388443837099268,3,110.03003,ethiopia,draw_167
Male,1.0397673115396495,3,110.03003,ethiopia,draw_167
Female,1.0286112809934245,2,110.14014,ethiopia,draw_167
Male,1.0360422041408792,2,110.14014,ethiopia,draw_167
Female,1.0384994632092508,3,110.14014,ethiopia,draw_167
Male,1.0393776513723907,3,110.14014,ethiopia,draw_167
Female,1.0283107384779635,2,110.25025,ethiopia,draw_167
Male,1.0356279585942119,2,110.25025,ethiopia,draw_167
Female,1.0381551491707677,3,110.25025,ethiopia,draw_167
Male,1.0389886756380686,3,110.25025,ethiopia,draw_167
Female,1.0280109115524336,2,110.36036,ethiopia,draw_167
Male,1.0352143405533492,2,110.36036,ethiopia,draw_167
Female,1.0378114400480813,3,110.36036,ethiopia,draw_167
Male,1.03860012454601,3,110.36036,ethiopia,draw_167
Female,1.0277114374836371,2,110.47047,ethiopia,draw_167
Male,1.034801022288661,2,110.47047,ethiopia,draw_167
Female,1.0374679478098054,3,110.47047,ethiopia,draw_167
Male,1.0382117964417048,3,110.47047,ethiopia,draw_167
Female,1.0274126666645607,2,110.58058,ethiopia,draw_167
Male,1.0343885607993568,2,110.58058,ethiopia,draw_167
Female,1.0371250020467193,3,110.58058,ethiopia,draw_167
Male,1.0378240357824224,3,110.58058,ethiopia,draw_167
Female,1.0271144533669927,2,110.69069,ethiopia,draw_167
Male,1.0339767993598659,2,110.69069,ethiopia,draw_167
Female,1.0367825110819269,3,110.69069,ethiopia,draw_167
Male,1.0374367303000103,3,110.69069,ethiopia,draw_167
Female,1.0268166913713295,2,110.8008,ethiopia,draw_167
Male,1.0335662842734126,2,110.8008,ethiopia,draw_167
Female,1.0364403791471675,3,110.8008,ethiopia,draw_167
Male,1.0370502374501067,3,110.8008,ethiopia,draw_167
Female,1.0265192773331122,2,110.91091,ethiopia,draw_167
Male,1.0331556707648109,2,110.91091,ethiopia,draw_167
Female,1.0360985195059793,3,110.91091,ethiopia,draw_167
Male,1.0366637273229085,3,110.91091,ethiopia,draw_167
Female,1.0262223797316778,2,111.02102,ethiopia,draw_167
Male,1.032746543420699,2,111.02102,ethiopia,draw_167
Female,1.0357570780613612,3,111.02102,ethiopia,draw_167
Male,1.0362781573698476,3,111.02102,ethiopia,draw_167
Female,1.0259262544138088,2,111.13113,ethiopia,draw_167
Male,1.032338396424724,2,111.13113,ethiopia,draw_167
Female,1.035416263363613,3,111.13113,ethiopia,draw_167
Male,1.0358932311758422,3,111.13113,ethiopia,draw_167
Female,1.0256302250986404,2,111.24124,ethiopia,draw_167
Male,1.031930782359134,2,111.24124,ethiopia,draw_167
Female,1.0350755394559188,3,111.24124,ethiopia,draw_167
Male,1.0355086680367305,3,111.24124,ethiopia,draw_167
Female,1.0253350172839524,2,111.35135,ethiopia,draw_167
Male,1.0315239484751746,2,111.35135,ethiopia,draw_167
Female,1.034735531150688,3,111.35135,ethiopia,draw_167
Male,1.0351246256600009,3,111.35135,ethiopia,draw_167
Female,1.0250401665662483,2,111.46146,ethiopia,draw_167
Male,1.0311174064193627,2,111.46146,ethiopia,draw_167
Female,1.0343957891859117,3,111.46146,ethiopia,draw_167
Male,1.0347408016304918,3,111.46146,ethiopia,draw_167
Female,1.0247456248027749,2,111.57157,ethiopia,draw_167
Male,1.0307123356625594,2,111.57157,ethiopia,draw_167
Female,1.0340562485380402,3,111.57157,ethiopia,draw_167
Male,1.03435793002271,3,111.57157,ethiopia,draw_167
Female,1.0244518635948046,2,111.68168,ethiopia,draw_167
Male,1.0303078393514447,2,111.68168,ethiopia,draw_167
Female,1.0337173433959086,3,111.68168,ethiopia,draw_167
Male,1.033975464570841,3,111.68168,ethiopia,draw_167
Female,1.024158806320233,2,111.79179,ethiopia,draw_167
Male,1.0299045511072336,2,111.79179,ethiopia,draw_167
Female,1.0333790475946727,3,111.79179,ethiopia,draw_167
Male,1.03359376608734,3,111.79179,ethiopia,draw_167
Female,1.023866209823853,2,111.9019,ethiopia,draw_167
Male,1.0295013152379549,2,111.9019,ethiopia,draw_167
Female,1.0330411140840552,3,111.9019,ethiopia,draw_167
Male,1.0332121292822056,3,111.9019,ethiopia,draw_167
Female,1.023573792819434,2,112.01201,ethiopia,draw_167
Male,1.0290995852084899,2,112.01201,ethiopia,draw_167
Female,1.0327033221007886,3,112.01201,ethiopia,draw_167
Male,1.0328314968248868,3,112.01201,ethiopia,draw_167
Female,1.023282546645188,2,112.12212,ethiopia,draw_167
Male,1.0286981449061663,2,112.12212,ethiopia,draw_167
Female,1.0323665424351864,3,112.12212,ethiopia,draw_167
Male,1.032451127772615,3,112.12212,ethiopia,draw_167
Female,1.0229913900334637,2,112.23223,ethiopia,draw_167
Male,1.0282975242248118,2,112.23223,ethiopia,draw_167
Female,1.0320298044767335,3,112.23223,ethiopia,draw_167
Male,1.0320713099954497,3,112.23223,ethiopia,draw_167
Female,1.022700675308088,2,112.34234,ethiopia,draw_167
Male,1.0278977592750809,2,112.34234,ethiopia,draw_167
Female,1.031693421250437,3,112.34234,ethiopia,draw_167
Male,1.0316920667072331,3,112.34234,ethiopia,draw_167
Female,1.0224109425464722,2,112.45245,ethiopia,draw_167
Male,1.0274992992267546,2,112.45245,ethiopia,draw_167
Female,1.031357931145573,3,112.45245,ethiopia,draw_167
Male,1.0313137077597458,3,112.45245,ethiopia,draw_167
Female,1.0221214179968747,2,112.56256,ethiopia,draw_167
Male,1.0271009296121174,2,112.56256,ethiopia,draw_167
Female,1.0310226101108635,3,112.56256,ethiopia,draw_167
Male,1.0309354620655171,3,112.56256,ethiopia,draw_167
Female,1.0218322699165183,2,112.67267,ethiopia,draw_167
Male,1.0267031143210132,2,112.67267,ethiopia,draw_167
Female,1.0306875736962358,3,112.67267,ethiopia,draw_167
Male,1.0305576083731118,3,112.67267,ethiopia,draw_167
Female,1.0215440516038177,2,112.78278,ethiopia,draw_167
Male,1.0263063590780623,2,112.78278,ethiopia,draw_167
Female,1.030353345418406,3,112.78278,ethiopia,draw_167
Male,1.0301804556658911,3,112.78278,ethiopia,draw_167
Female,1.0212561701184604,2,112.89289,ethiopia,draw_167
Male,1.0259110350367087,2,112.89289,ethiopia,draw_167
Female,1.0300194045380824,3,112.89289,ethiopia,draw_167
Male,1.0298042386517452,3,112.89289,ethiopia,draw_167
Female,1.020968816341926,2,113.003,ethiopia,draw_167
Male,1.025515993879666,2,113.003,ethiopia,draw_167
Female,1.0296859111550358,3,113.003,ethiopia,draw_167
Male,1.0294282108533273,3,113.003,ethiopia,draw_167
Female,1.020682271588959,2,113.11311,ethiopia,draw_167
Male,1.0251214746515331,2,113.11311,ethiopia,draw_167
Female,1.029353101946442,3,113.11311,ethiopia,draw_167
Male,1.0290525701668418,3,113.11311,ethiopia,draw_167
Female,1.020396046914101,2,113.22322,ethiopia,draw_167
Male,1.0247280556525131,2,113.22322,ethiopia,draw_167
Female,1.0290205397641419,3,113.22322,ethiopia,draw_167
Male,1.0286776764763323,3,113.22322,ethiopia,draw_167
Female,1.0201103011344343,2,113.33333,ethiopia,draw_167
Male,1.0243358676002992,2,113.33333,ethiopia,draw_167
Female,1.0286884013168902,3,113.33333,ethiopia,draw_167
Male,1.0283036174047395,3,113.33333,ethiopia,draw_167
Female,1.019825070056502,2,113.44344,ethiopia,draw_167
Male,1.0239438898705038,2,113.44344,ethiopia,draw_167
Female,1.0283567206938296,3,113.44344,ethiopia,draw_167
Male,1.0279297550087123,3,113.44344,ethiopia,draw_167
Female,1.0195404851720946,2,113.55355,ethiopia,draw_167
Male,1.0235530260735775,2,113.55355,ethiopia,draw_167
Female,1.0280256028817685,3,113.55355,ethiopia,draw_167
Male,1.0275566641675216,3,113.55355,ethiopia,draw_167
Female,1.0192568786097436,2,113.66366,ethiopia,draw_167
Male,1.0231632382900029,2,113.66366,ethiopia,draw_167
Female,1.0276953026819213,3,113.66366,ethiopia,draw_167
Male,1.0271843150796096,3,113.66366,ethiopia,draw_167
Female,1.0189734819714027,2,113.77377,ethiopia,draw_167
Male,1.022774272142158,2,113.77377,ethiopia,draw_167
Female,1.0273651861857005,3,113.77377,ethiopia,draw_167
Male,1.026812572781832,3,113.77377,ethiopia,draw_167
Female,1.0186914233055513,2,113.88388,ethiopia,draw_167
Male,1.0223861764693722,2,113.88388,ethiopia,draw_167
Female,1.0270362336951724,3,113.88388,ethiopia,draw_167
Male,1.0264414827223625,3,113.88388,ethiopia,draw_167
Female,1.0184096705628694,2,113.99399,ethiopia,draw_167
Male,1.0219992380381062,2,113.99399,ethiopia,draw_167
Female,1.0267075456069703,3,113.99399,ethiopia,draw_167
Male,1.0260711961541924,3,113.99399,ethiopia,draw_167
Female,1.0181281770485702,2,114.1041,ethiopia,draw_167
Male,1.0216128472546937,2,114.1041,ethiopia,draw_167
Female,1.0263790771394106,3,114.1041,ethiopia,draw_167
Male,1.0257013634986185,3,114.1041,ethiopia,draw_167
Female,1.0178476822343876,2,114.21421,ethiopia,draw_167
Male,1.0212275048895687,2,114.21421,ethiopia,draw_167
Female,1.0260515022401795,3,114.21421,ethiopia,draw_167
Male,1.025332261367606,3,114.21421,ethiopia,draw_167
Female,1.0175680019527398,2,114.32432,ethiopia,draw_167
Male,1.0208438393605024,2,114.32432,ethiopia,draw_167
Female,1.0257247027751344,3,114.32432,ethiopia,draw_167
Male,1.0249643099056265,3,114.32432,ethiopia,draw_167
Female,1.0172885428026528,2,114.43443,ethiopia,draw_167
Male,1.020460461278389,2,114.43443,ethiopia,draw_167
Female,1.025398082929789,3,114.43443,ethiopia,draw_167
Male,1.0245966474493258,3,114.43443,ethiopia,draw_167
Female,1.017009870552902,2,114.54454,ethiopia,draw_167
Male,1.0200782216969986,2,114.54454,ethiopia,draw_167
Female,1.0250721071453197,3,114.54454,ethiopia,draw_167
Male,1.0242298208965368,3,114.54454,ethiopia,draw_167
Female,1.0167323394922687,2,114.65465,ethiopia,draw_167
Male,1.0196965892258438,2,114.65465,ethiopia,draw_167
Female,1.0247471703891065,3,114.65465,ethiopia,draw_167
Male,1.0238634692617201,3,114.65465,ethiopia,draw_167
Female,1.0164550919328104,2,114.76476,ethiopia,draw_167
Male,1.0193161097532977,2,114.76476,ethiopia,draw_167
Female,1.0244225404698237,3,114.76476,ethiopia,draw_167
Male,1.0234979277081488,3,114.76476,ethiopia,draw_167
Female,1.016178913480387,2,114.87487,ethiopia,draw_167
Male,1.0189373839782092,2,114.87487,ethiopia,draw_167
Female,1.0240988290820392,3,114.87487,ethiopia,draw_167
Male,1.0231336009038354,3,114.87487,ethiopia,draw_167
Female,1.015903570528524,2,114.98498,ethiopia,draw_167
Male,1.0185590760297993,2,114.98498,ethiopia,draw_167
Female,1.0237758694162145,3,114.98498,ethiopia,draw_167
Male,1.0227696367772992,3,114.98498,ethiopia,draw_167
Female,1.0156288108497342,2,115.0951,ethiopia,draw_167
Male,1.0181822759845651,2,115.0951,ethiopia,draw_167
Female,1.0234534428561914,3,115.0951,ethiopia,draw_167
Male,1.022406710385233,3,115.0951,ethiopia,draw_167
Female,1.015354523322625,2,115.20521,ethiopia,draw_167
Male,1.0178065066539044,2,115.20521,ethiopia,draw_167
Female,1.0231314842334989,3,115.20521,ethiopia,draw_167
Male,1.0220445196457857,3,115.20521,ethiopia,draw_167
Female,1.015081365826773,2,115.31532,ethiopia,draw_167
Male,1.0174322474470734,2,115.31532,ethiopia,draw_167
Female,1.0228105440558386,3,115.31532,ethiopia,draw_167
Male,1.0216833685446312,3,115.31532,ethiopia,draw_167
Female,1.014809077422553,2,115.42543,ethiopia,draw_167
Male,1.0170591979484824,2,115.42543,ethiopia,draw_167
Female,1.022490375647532,3,115.42543,ethiopia,draw_167
Male,1.0213230467586336,3,115.42543,ethiopia,draw_167
Female,1.0145372606704106,2,115.53554,ethiopia,draw_167
Male,1.0166870058587754,2,115.53554,ethiopia,draw_167
Female,1.022170662839109,3,115.53554,ethiopia,draw_167
Male,1.0209633628088202,3,115.53554,ethiopia,draw_167
Female,1.0142662247196432,2,115.64565,ethiopia,draw_167
Male,1.0163161148100186,2,115.64565,ethiopia,draw_167
Female,1.021851667764021,3,115.64565,ethiopia,draw_167
Male,1.020604592985203,3,115.64565,ethiopia,draw_167
Female,1.0139961605285963,2,115.75576,ethiopia,draw_167
Male,1.0159462769416447,2,115.75576,ethiopia,draw_167
Female,1.021533544674262,3,115.75576,ethiopia,draw_167
Male,1.020246587696292,3,115.75576,ethiopia,draw_167
Female,1.013726613575477,2,115.86587,ethiopia,draw_167
Male,1.0155774297146294,2,115.86587,ethiopia,draw_167
Female,1.0212158765351314,3,115.86587,ethiopia,draw_167
Male,1.019889322585201,3,115.86587,ethiopia,draw_167
Female,1.0134580785398177,2,115.97598,ethiopia,draw_167
Male,1.0152099087023105,2,115.97598,ethiopia,draw_167
Female,1.0208991048601466,3,115.97598,ethiopia,draw_167
Male,1.0195330167998908,3,115.97598,ethiopia,draw_167
Female,1.0131899925311125,2,116.08609,ethiopia,draw_167
Male,1.0148436854976661,2,116.08609,ethiopia,draw_167
Female,1.0205827901581528,3,116.08609,ethiopia,draw_167
Male,1.019177684705944,3,116.08609,ethiopia,draw_167
Female,1.0129232382658377,2,116.1962,ethiopia,draw_167
Male,1.0144779270017057,2,116.1962,ethiopia,draw_167
Female,1.0202676990503994,3,116.1962,ethiopia,draw_167
Male,1.0188227873220927,3,116.1962,ethiopia,draw_167
Female,1.012657003767715,2,116.30631,ethiopia,draw_167
Male,1.0141142200526023,2,116.30631,ethiopia,draw_167
Female,1.0199530908177292,3,116.30631,ethiopia,draw_167
Male,1.0184693268931617,3,116.30631,ethiopia,draw_167
Female,1.0123913256258474,2,116.41642,ethiopia,draw_167
Male,1.0137509607417035,2,116.41642,ethiopia,draw_167
Female,1.0196390166838853,3,116.41642,ethiopia,draw_167
Male,1.0181163059084295,3,116.41642,ethiopia,draw_167
Female,1.0121270385455714,2,116.52653,ethiopia,draw_167
Male,1.0133891368481531,2,116.52653,ethiopia,draw_167
Female,1.0193261866834962,3,116.52653,ethiopia,draw_167
Male,1.017764331247849,3,116.52653,ethiopia,draw_167
Female,1.011863544680398,2,116.63664,ethiopia,draw_167
Male,1.0130284102358358,2,116.63664,ethiopia,draw_167
Female,1.0190140725695838,3,116.63664,ethiopia,draw_167
Male,1.0174131954723127,3,116.63664,ethiopia,draw_167
Female,1.0116007410547165,2,116.74675,ethiopia,draw_167
Male,1.012668931209453,2,116.74675,ethiopia,draw_167
Female,1.0187026042836735,3,116.74675,ethiopia,draw_167
Male,1.0170629991830276,3,116.74675,ethiopia,draw_167
Female,1.0113383525044843,2,116.85686,ethiopia,draw_167
Male,1.0123109374838832,2,116.85686,ethiopia,draw_167
Female,1.0183915309417542,3,116.85686,ethiopia,draw_167
Male,1.0167139147808122,3,116.85686,ethiopia,draw_167
Female,1.0110771691065814,2,116.96697,ethiopia,draw_167
Male,1.0119540047557622,2,116.96697,ethiopia,draw_167
Female,1.0180815563919907,3,116.96697,ethiopia,draw_167
Male,1.0163656437686235,3,116.96697,ethiopia,draw_167
Female,1.0108170239558787,2,117.07708,ethiopia,draw_167
Male,1.0115978379819075,2,117.07708,ethiopia,draw_167
Female,1.0177725532329087,3,117.07708,ethiopia,draw_167
Male,1.0160179826754165,3,117.07708,ethiopia,draw_167
Female,1.0105574695478603,2,117.18719,ethiopia,draw_167
Male,1.0112437940521606,2,117.18719,ethiopia,draw_167
Female,1.0174641152776676,3,117.18719,ethiopia,draw_167
Male,1.0156717973955092,3,117.18719,ethiopia,draw_167
Female,1.0102986455043825,2,117.2973,ethiopia,draw_167
Male,1.0108900728874555,2,117.2973,ethiopia,draw_167
Female,1.0171563893773308,3,117.2973,ethiopia,draw_167
Male,1.015325962510761,3,117.2973,ethiopia,draw_167
Female,1.0100404007812034,2,117.40741,ethiopia,draw_167
Male,1.010537848552414,2,117.40741,ethiopia,draw_167
Female,1.0168492466369545,3,117.40741,ethiopia,draw_167
Male,1.0149812515298293,3,117.40741,ethiopia,draw_167
Female,1.009783515258107,2,117.51752,ethiopia,draw_167
Male,1.0101866673917277,2,117.51752,ethiopia,draw_167
Female,1.0165433722559585,3,117.51752,ethiopia,draw_167
Male,1.0146373731084088,3,117.51752,ethiopia,draw_167
Female,1.0095269466252383,2,117.62763,ethiopia,draw_167
Male,1.0098369739255735,2,117.62763,ethiopia,draw_167
Female,1.0162378857498835,3,117.62763,ethiopia,draw_167
Male,1.0142945787080753,3,117.62763,ethiopia,draw_167
Female,1.0092712991846775,2,117.73774,ethiopia,draw_167
Male,1.009488502439414,2,117.73774,ethiopia,draw_167
Female,1.0159333011106753,3,117.73774,ethiopia,draw_167
Male,1.0139526975348312,3,117.73774,ethiopia,draw_167
Female,1.009016434825812,2,117.84785,ethiopia,draw_167
Male,1.0091408595851044,2,117.84785,ethiopia,draw_167
Female,1.0156294865513784,3,117.84785,ethiopia,draw_167
Male,1.013611482147095,3,117.84785,ethiopia,draw_167
Female,1.0087622578828355,2,117.95796,ethiopia,draw_167
Male,1.0087945727559384,2,117.95796,ethiopia,draw_167
Female,1.01532635777614,3,117.95796,ethiopia,draw_167
Male,1.0132712744070043,3,117.95796,ethiopia,draw_167
Female,1.0085090987840424,2,118.06807,ethiopia,draw_167
Male,1.0084490709994793,2,118.06807,ethiopia,draw_167
Female,1.0150241974485306,3,118.06807,ethiopia,draw_167
Male,1.0129317218086693,3,118.06807,ethiopia,draw_167
Female,1.0082563543926404,2,118.17818,ethiopia,draw_167
Male,1.0081052149070728,2,118.17818,ethiopia,draw_167
Female,1.0147225179260653,3,118.17818,ethiopia,draw_167
Male,1.0125934074194356,3,118.17818,ethiopia,draw_167
Female,1.0080050766707755,2,118.28829,ethiopia,draw_167
Male,1.0077620551162787,2,118.28829,ethiopia,draw_167
Female,1.0144222125380356,3,118.28829,ethiopia,draw_167
Male,1.012255694316034,3,118.28829,ethiopia,draw_167
Female,1.007754009610721,2,118.3984,ethiopia,draw_167
Male,1.0074206558340497,2,118.3984,ethiopia,draw_167
Female,1.0141221844146227,3,118.3984,ethiopia,draw_167
Male,1.011919305906531,3,118.3984,ethiopia,draw_167
Female,1.0075044248626217,2,118.50851,ethiopia,draw_167
Male,1.0070807845670953,2,118.50851,ethiopia,draw_167
Female,1.0138236633177595,3,118.50851,ethiopia,draw_167
Male,1.0115841655856925,3,118.50851,ethiopia,draw_167
Female,1.0072558820101147,2,118.61862,ethiopia,draw_167
Male,1.0067426067609486,2,118.61862,ethiopia,draw_167
Female,1.0135262567034808,3,118.61862,ethiopia,draw_167
Male,1.0112504593490454,3,118.61862,ethiopia,draw_167
Female,1.0070083816814686,2,118.72873,ethiopia,draw_167
Male,1.0064055093079392,2,118.72873,ethiopia,draw_167
Female,1.013229937099278,3,118.72873,ethiopia,draw_167
Male,1.0109178197664421,3,118.72873,ethiopia,draw_167
Female,1.0067624958851378,2,118.83884,ethiopia,draw_167
Male,1.0060707812921195,2,118.83884,ethiopia,draw_167
Female,1.0129353144148934,3,118.83884,ethiopia,draw_167
Male,1.0105871390601089,3,118.83884,ethiopia,draw_167
Female,1.0065180639577143,2,118.94895,ethiopia,draw_167
Male,1.0057375573449345,2,118.94895,ethiopia,draw_167
Female,1.0126423072438209,3,118.94895,ethiopia,draw_167
Male,1.0102579606306443,3,118.94895,ethiopia,draw_167
Female,1.0062748876619072,2,119.05906,ethiopia,draw_167
Male,1.0054072864616377,2,119.05906,ethiopia,draw_167
Female,1.012350757860195,3,119.05906,ethiopia,draw_167
Male,1.0099312724254519,3,119.05906,ethiopia,draw_167
Female,1.0060338582253474,2,119.16917,ethiopia,draw_167
Male,1.0050785058241252,2,119.16917,ethiopia,draw_167
Female,1.012061501307527,3,119.16917,ethiopia,draw_167
Male,1.009606193486742,3,119.16917,ethiopia,draw_167
Female,1.005793945842735,2,119.27928,ethiopia,draw_167
Male,1.00475235893939,2,119.27928,ethiopia,draw_167
Female,1.0117736612932215,3,119.27928,ethiopia,draw_167
Male,1.0092835143179988,3,119.27928,ethiopia,draw_167
Female,1.0055563029547634,2,119.38939,ethiopia,draw_167
Male,1.0044287814036172,2,119.38939,ethiopia,draw_167
Female,1.0114883498543419,3,119.38939,ethiopia,draw_167
Male,1.0089633007092749,3,119.38939,ethiopia,draw_167
Female,1.0053204410032532,2,119.4995,ethiopia,draw_167
Male,1.004107560153509,2,119.4995,ethiopia,draw_167
Female,1.0112051615780249,3,119.4995,ethiopia,draw_167
Male,1.0086455301527537,3,119.4995,ethiopia,draw_167
Female,1.0050874952467632,2,119.60961,ethiopia,draw_167
Male,1.0037901580587782,2,119.60961,ethiopia,draw_167
Female,1.0109252873681156,3,119.60961,ethiopia,draw_167
Male,1.008331334659268,3,119.60961,ethiopia,draw_167
Female,1.0048566184916774,2,119.71972,ethiopia,draw_167
Male,1.0034754225427838,2,119.71972,ethiopia,draw_167
Female,1.0106478976831377,3,119.71972,ethiopia,draw_167
Male,1.008019818870008,3,119.71972,ethiopia,draw_167
Female,1.0046284156582521,2,119.82983,ethiopia,draw_167
Male,1.003164505174412,2,119.82983,ethiopia,draw_167
Female,1.0103735165322025,3,119.82983,ethiopia,draw_167
Male,1.0077117486682974,3,119.82983,ethiopia,draw_167
Female,1.004402185414138,2,119.93994,ethiopia,draw_167
Male,1.0028570297054165,2,119.93994,ethiopia,draw_167
Female,1.010101566262816,3,119.93994,ethiopia,draw_167
Male,1.0074069882366783,3,119.93994,ethiopia,draw_167
Female,1.0041794097985786,2,120.05005,ethiopia,draw_167
Male,1.002553676058386,2,120.05005,ethiopia,draw_167
Female,1.0098334515848364,3,120.05005,ethiopia,draw_167
Male,1.0071060561989351,3,120.05005,ethiopia,draw_167
Female,1.0029951086302853,2,120.16016,ethiopia,draw_167
Male,1.0011350314457805,2,120.16016,ethiopia,draw_167
Female,1.0084363050280116,3,120.16016,ethiopia,draw_167
Male,1.0057381795154636,3,120.16016,ethiopia,draw_167
Female,1.0018360734707932,2,120.27027,ethiopia,draw_167
Male,0.9997468760917804,2,120.27027,ethiopia,draw_167
Female,1.0070655720148924,3,120.27027,ethiopia,draw_167
Male,1.0043961835778186,3,120.27027,ethiopia,draw_167
Female,1.0007017427205338,2,120.38038,ethiopia,draw_167
Male,0.9983888254496405,2,120.38038,ethiopia,draw_167
Female,1.0057210273837076,3,120.38038,ethiopia,draw_167
Male,1.003079815378625,3,120.38038,ethiopia,draw_167
Female,0.9995939535293622,2,120.49049,ethiopia,draw_167
Male,0.997062887780906,2,120.49049,ethiopia,draw_167
Female,1.0044045663700691,3,120.49049,ethiopia,draw_167
Male,1.0017908896465006,3,120.49049,ethiopia,draw_167
Female,0.9985151203137613,2,120.6006,ethiopia,draw_167
Male,0.9957713025149836,2,120.6006,ethiopia,draw_167
Female,1.0031187281134308,3,120.6006,ethiopia,draw_167
Male,1.0005313116529997,3,120.6006,ethiopia,draw_167
Female,0.9974648534577102,2,120.71071,ethiopia,draw_167
Male,0.9945149737539801,2,120.71071,ethiopia,draw_167
Female,1.0018633327284325,3,120.71071,ethiopia,draw_167
Male,0.9993018914054242,3,120.71071,ethiopia,draw_167
Female,0.9964474944945547,2,120.82082,ethiopia,draw_167
Male,0.9932977773031207,2,120.82082,ethiopia,draw_167
Female,1.0006423095436983,3,120.82082,ethiopia,draw_167
Male,0.9981052612340111,3,120.82082,ethiopia,draw_167
Female,0.9954640947786788,2,120.93093,ethiopia,draw_167
Male,0.9921235437039004,2,120.93093,ethiopia,draw_167
Female,0.9994573557516877,3,120.93093,ethiopia,draw_167
Male,0.9969442472987377,3,120.93093,ethiopia,draw_167
Female,0.9945168629120922,2,121.04104,ethiopia,draw_167
Male,0.9909929585358264,2,121.04104,ethiopia,draw_167
Female,0.9983109930228102,3,121.04104,ethiopia,draw_167
Male,0.9958200925904506,3,121.04104,ethiopia,draw_167
Female,0.9936043037686842,2,121.15115,ethiopia,draw_167
Male,0.9899051492016717,2,121.15115,ethiopia,draw_167
Female,0.9972008569935544,3,121.15115,ethiopia,draw_167
Male,0.9947313141892044,3,121.15115,ethiopia,draw_167
Female,0.9927248986260485,2,121.26126,ethiopia,draw_167
Male,0.9888582911760122,2,121.26126,ethiopia,draw_167
Female,0.996125977801106,3,121.26126,ethiopia,draw_167
Male,0.9936766744984404,3,121.26126,ethiopia,draw_167
Female,0.9918790324761537,2,121.37137,ethiopia,draw_167
Male,0.9878535285381971,2,121.37137,ethiopia,draw_167
Female,0.9950868951817209,3,121.37137,ethiopia,draw_167
Male,0.9926568086884507,3,121.37137,ethiopia,draw_167
Female,0.9910665064715904,2,121.48148,ethiopia,draw_167
Male,0.9868893877825047,2,121.48148,ethiopia,draw_167
Female,0.9940834995684116,3,121.48148,ethiopia,draw_167
Male,0.9916709753064922,3,121.48148,ethiopia,draw_167
Female,0.9902902032643581,2,121.59159,ethiopia,draw_167
Male,0.9859704589175906,2,121.59159,ethiopia,draw_167
Female,0.9931183971590646,3,121.59159,ethiopia,draw_167
Male,0.9907221782672895,3,121.59159,ethiopia,draw_167
Female,0.9895475108391258,2,121.7017,ethiopia,draw_167
Male,0.9850934553180262,2,121.7017,ethiopia,draw_167
Female,0.9921903982560245,3,121.7017,ethiopia,draw_167
Male,0.9898094949191325,3,121.7017,ethiopia,draw_167
Female,0.9888374576329907,2,121.81181,ethiopia,draw_167
Male,0.9842576433824782,2,121.81181,ethiopia,draw_167
Female,0.9912978976413581,3,121.81181,ethiopia,draw_167
Male,0.9889315805167722,3,121.81181,ethiopia,draw_167
Female,0.9881586466135095,2,121.92192,ethiopia,draw_167
Male,0.9834609237579705,2,121.92192,ethiopia,draw_167
Female,0.990439227936474,3,121.92192,ethiopia,draw_167
Male,0.9880866767949538,3,121.92192,ethiopia,draw_167
Female,0.9875112220659904,2,122.03203,ethiopia,draw_167
Male,0.9827032511063626,2,122.03203,ethiopia,draw_167
Female,0.9896146376895676,3,122.03203,ethiopia,draw_167
Male,0.9872748169340484,3,122.03203,ethiopia,draw_167
Female,0.9868945156208937,2,122.14214,ethiopia,draw_167
Male,0.9819846617973167,2,122.14214,ethiopia,draw_167
Female,0.9888237783195876,3,122.14214,ethiopia,draw_167
Male,0.9864959549828942,3,122.14214,ethiopia,draw_167
Female,0.986310921240871,2,122.25225,ethiopia,draw_167
Male,0.9813076230048069,2,122.25225,ethiopia,draw_167
Female,0.9880687049693688,3,122.25225,ethiopia,draw_167
Male,0.9857517614184252,3,122.25225,ethiopia,draw_167
Female,0.9857605935667266,2,122.36236,ethiopia,draw_167
Male,0.9806720215287629,2,122.36236,ethiopia,draw_167
Female,0.9873500044247014,3,122.36236,ethiopia,draw_167
Male,0.9850425234371796,3,122.36236,ethiopia,draw_167
Female,0.9852429460874613,2,122.47247,ethiopia,draw_167
Male,0.9800772105530207,2,122.47247,ethiopia,draw_167
Female,0.9866675940929462,3,122.47247,ethiopia,draw_167
Male,0.9843684987023741,3,122.47247,ethiopia,draw_167
Female,0.9847549925652219,2,122.58258,ethiopia,draw_167
Male,0.9795196323787491,2,122.58258,ethiopia,draw_167
Female,0.9860178350921998,3,122.58258,ethiopia,draw_167
Male,0.9837262386623418,3,122.58258,ethiopia,draw_167
Female,0.9842973985831196,2,122.69269,ethiopia,draw_167
Male,0.9790004061754367,2,122.69269,ethiopia,draw_167
Female,0.9854014496812832,3,122.69269,ethiopia,draw_167
Male,0.9831164213075648,3,122.69269,ethiopia,draw_167
Female,0.9838699251542441,2,122.8028,ethiopia,draw_167
Male,0.9785196302871533,2,122.8028,ethiopia,draw_167
Female,0.9848181764075846,3,122.8028,ethiopia,draw_167
Male,0.982539044851376,3,122.8028,ethiopia,draw_167
Female,0.9834726997847859,2,122.91291,ethiopia,draw_167
Male,0.9780758200361364,2,122.91291,ethiopia,draw_167
Female,0.9842679477085187,3,122.91291,ethiopia,draw_167
Male,0.9819932157379568,3,122.91291,ethiopia,draw_167
Female,0.9831088831380855,2,123.02302,ethiopia,draw_167
Male,0.9776740516707875,2,123.02302,ethiopia,draw_167
Female,0.9837536905131972,3,123.02302,ethiopia,draw_167
Male,0.981482240207054,3,123.02302,ethiopia,draw_167
Female,0.9827777818916051,2,123.13313,ethiopia,draw_167
Male,0.9773129426119835,2,123.13313,ethiopia,draw_167
Female,0.9832758923758969,3,123.13313,ethiopia,draw_167
Male,0.9810064283926192,3,123.13313,ethiopia,draw_167
Female,0.9824766684215089,2,123.24324,ethiopia,draw_167
Male,0.9769892871340567,2,123.24324,ethiopia,draw_167
Female,0.9828311688205841,3,123.24324,ethiopia,draw_167
Male,0.9805625017735419,3,123.24324,ethiopia,draw_167
Female,0.9822049684491554,2,123.35335,ethiopia,draw_167
Male,0.9767037210066432,2,123.35335,ethiopia,draw_167
Female,0.982418780303672,3,123.35335,ethiopia,draw_167
Male,0.9801505726486561,3,123.35335,ethiopia,draw_167
Female,0.9819631267070718,2,123.46346,ethiopia,draw_167
Male,0.9764552045226357,2,123.46346,ethiopia,draw_167
Female,0.9820390884529444,3,123.46346,ethiopia,draw_167
Male,0.9797699621734899,3,123.46346,ethiopia,draw_167
Female,0.9817511145652215,2,123.57357,ethiopia,draw_167
Male,0.976243694043451,2,123.57357,ethiopia,draw_167
Female,0.9816919890453648,3,123.57357,ethiopia,draw_167
Male,0.9794205829933693,3,123.57357,ethiopia,draw_167
Female,0.9815698244706695,2,123.68368,ethiopia,draw_167
Male,0.9760720219403052,2,123.68368,ethiopia,draw_167
Female,0.9813782869924921,3,123.68368,ethiopia,draw_167
Male,0.9791042099083331,3,123.68368,ethiopia,draw_167
Female,0.9814214750751254,2,123.79379,ethiopia,draw_167
Male,0.975942426703571,2,123.79379,ethiopia,draw_167
Female,0.9811002949548675,3,123.79379,ethiopia,draw_167
Male,0.9788227937326215,3,123.79379,ethiopia,draw_167
Female,0.9813043824527552,2,123.9039,ethiopia,draw_167
Male,0.975851591655467,2,123.9039,ethiopia,draw_167
Female,0.9808566046294313,3,123.9039,ethiopia,draw_167
Male,0.9785744782911461,3,123.9039,ethiopia,draw_167
Female,0.981217145748265,2,124.01401,ethiopia,draw_167
Male,0.9757985258716261,2,124.01401,ethiopia,draw_167
Female,0.9806451768977503,3,124.01401,ethiopia,draw_167
Male,0.9783574754486547,3,124.01401,ethiopia,draw_167
Female,0.981159651062121,2,124.12412,ethiopia,draw_167
Male,0.9757838567177346,2,124.12412,ethiopia,draw_167
Female,0.9804658353094644,3,124.12412,ethiopia,draw_167
Male,0.9781720488566534,3,124.12412,ethiopia,draw_167
Female,0.9811320228303209,2,124.23423,ethiopia,draw_167
Male,0.9758072788098956,2,124.23423,ethiopia,draw_167
Female,0.9803185666352393,3,124.23423,ethiopia,draw_167
Male,0.9780179124932001,3,124.23423,ethiopia,draw_167
Female,0.9811345405526275,2,124.34434,ethiopia,draw_167
Male,0.975868746633128,2,124.34434,ethiopia,draw_167
Female,0.9802033654555617,3,124.34434,ethiopia,draw_167
Male,0.9778949344381216,3,124.34434,ethiopia,draw_167
Female,0.9811702456480146,2,124.45445,ethiopia,draw_167
Male,0.975972432940053,2,124.45445,ethiopia,draw_167
Female,0.9801229085041291,3,124.45445,ethiopia,draw_167
Male,0.9778057299909646,3,124.45445,ethiopia,draw_167
Female,0.9812390843896958,2,124.56456,ethiopia,draw_167
Male,0.976118383841042,2,124.56456,ethiopia,draw_167
Female,0.9800781324258311,3,124.56456,ethiopia,draw_167
Male,0.9777515057067414,3,124.56456,ethiopia,draw_167
Female,0.9813387895296396,2,124.67467,ethiopia,draw_167
Male,0.9763034940307186,2,124.67467,ethiopia,draw_167
Female,0.9800658866429486,3,124.67467,ethiopia,draw_167
Male,0.9777292013183171,3,124.67467,ethiopia,draw_167
Female,0.9814691416513824,2,124.78478,ethiopia,draw_167
Male,0.9765280026563178,2,124.78478,ethiopia,draw_167
Female,0.9800857818663359,3,124.78478,ethiopia,draw_167
Male,0.9777385688680937,3,124.78478,ethiopia,draw_167
Female,0.9816302821473916,2,124.89489,ethiopia,draw_167
Male,0.9767914286056647,2,124.89489,ethiopia,draw_167
Female,0.9801379015663572,3,124.89489,ethiopia,draw_167
Male,0.9777790319691294,3,124.89489,ethiopia,draw_167
Female,0.9818226622585315,2,125.00501,ethiopia,draw_167
Male,0.977095325980862,2,125.00501,ethiopia,draw_167
Female,0.9802222210640275,3,125.00501,ethiopia,draw_167
Male,0.9778514048579932,3,125.00501,ethiopia,draw_167
Female,0.982046559406634,2,125.11512,ethiopia,draw_167
Male,0.9774394665735275,2,125.11512,ethiopia,draw_167
Female,0.9803389054837685,3,125.11512,ethiopia,draw_167
Male,0.9779553733236608,3,125.11512,ethiopia,draw_167
Female,0.9821938418035356,2,125.22523,ethiopia,draw_167
Male,0.9776821948659885,2,125.22523,ethiopia,draw_167
Female,0.9803907187073079,3,125.22523,ethiopia,draw_167
Male,0.9780009086134778,3,125.22523,ethiopia,draw_167
Female,0.982099324282741,2,125.33534,ethiopia,draw_167
Male,0.9776057469037849,2,125.33534,ethiopia,draw_167
Female,0.980229397544993,3,125.33534,ethiopia,draw_167
Male,0.9778493664725305,3,125.33534,ethiopia,draw_167
Female,0.982016673599037,2,125.44545,ethiopia,draw_167
Male,0.977544396784685,2,125.44545,ethiopia,draw_167
Female,0.9800831499415875,3,125.44545,ethiopia,draw_167
Male,0.9777133815542742,3,125.44545,ethiopia,draw_167
Female,0.9819455182298604,2,125.55556,ethiopia,draw_167
Male,0.9774978317368791,2,125.55556,ethiopia,draw_167
Female,0.979951580438854,3,125.55556,ethiopia,draw_167
Male,0.9775926840797342,3,125.55556,ethiopia,draw_167
Female,0.9818866477261803,2,125.66567,ethiopia,draw_167
Male,0.97746574214193,2,125.66567,ethiopia,draw_167
Female,0.9798354611272009,3,125.66567,ethiopia,draw_167
Male,0.9774871296885302,3,125.66567,ethiopia,draw_167
Female,0.9818396892231764,2,125.77578,ethiopia,draw_167
Male,0.9774485404884677,2,125.77578,ethiopia,draw_167
Female,0.9797347064136036,3,125.77578,ethiopia,draw_167
Male,0.9773973184313479,3,125.77578,ethiopia,draw_167
Female,0.9818066367921329,2,125.88589,ethiopia,draw_167
Male,0.977448253392546,2,125.88589,ethiopia,draw_167
Female,0.9796516056840637,3,125.88589,ethiopia,draw_167
Male,0.9773251935762034,3,125.88589,ethiopia,draw_167
Female,0.9817914426332778,2,125.996,ethiopia,draw_167
Male,0.9774702678698105,2,125.996,ethiopia,draw_167
Female,0.9795918902007691,3,125.996,ethiopia,draw_167
Male,0.977277109903651,3,125.996,ethiopia,draw_167
Female,0.9817922570732012,2,126.10611,ethiopia,draw_167
Male,0.9775120495129003,2,126.10611,ethiopia,draw_167
Female,0.9795531365730519,3,126.10611,ethiopia,draw_167
Male,0.9772505005263794,3,126.10611,ethiopia,draw_167
Female,0.9818097829362028,2,126.21622,ethiopia,draw_167
Male,0.977573186340958,2,126.21622,ethiopia,draw_167
Female,0.9795358854617633,3,126.21622,ethiopia,draw_167
Male,0.9772449523640888,3,126.21622,ethiopia,draw_167
Female,0.9818429291906883,2,126.32633,ethiopia,draw_167
Male,0.9776537456841896,2,126.32633,ethiopia,draw_167
Female,0.9795391721026735,3,126.32633,ethiopia,draw_167
Male,0.9772605389675174,3,126.32633,ethiopia,draw_167
Female,0.9818914134570684,2,126.43644,ethiopia,draw_167
Male,0.9777527186650493,2,126.43644,ethiopia,draw_167
Female,0.9795624064085487,3,126.43644,ethiopia,draw_167
Male,0.97729616743046,3,126.43644,ethiopia,draw_167
Female,0.9819536294151692,2,126.54655,ethiopia,draw_167
Male,0.9778681565798403,2,126.54655,ethiopia,draw_167
Female,0.9796034258919454,3,126.54655,ethiopia,draw_167
Male,0.9773496329292327,3,126.54655,ethiopia,draw_167
Female,0.9820293040192007,2,126.65666,ethiopia,draw_167
Male,0.978000468592957,2,126.65666,ethiopia,draw_167
Female,0.9796617108940054,3,126.65666,ethiopia,draw_167
Male,0.977420836510467,3,126.65666,ethiopia,draw_167
Female,0.982117544248197,2,126.76677,ethiopia,draw_167
Male,0.9781483043257712,2,126.76677,ethiopia,draw_167
Female,0.9797364583216294,3,126.76677,ethiopia,draw_167
Male,0.9775088847902016,3,126.76677,ethiopia,draw_167
Female,0.9822170440980997,2,126.87688,ethiopia,draw_167
Male,0.9783097319812342,2,126.87688,ethiopia,draw_167
Female,0.9798258168324078,3,126.87688,ethiopia,draw_167
Male,0.9776116394417814,3,126.87688,ethiopia,draw_167
Female,0.9823281742204122,2,126.98699,ethiopia,draw_167
Male,0.9784852684832711,2,126.98699,ethiopia,draw_167
Female,0.979930089872845,3,126.98699,ethiopia,draw_167
Male,0.9777294027893068,3,126.98699,ethiopia,draw_167
Female,0.9824506737400454,2,127.0971,ethiopia,draw_167
Male,0.9786748654277931,2,127.0971,ethiopia,draw_167
Female,0.9800490333560784,3,127.0971,ethiopia,draw_167
Male,0.977862145507879,3,127.0971,ethiopia,draw_167
Female,0.9825840887668474,2,127.20721,ethiopia,draw_167
Male,0.9788776756253253,2,127.20721,ethiopia,draw_167
Female,0.9801822947287433,3,127.20721,ethiopia,draw_167
Male,0.9780093629397091,3,127.20721,ethiopia,draw_167
Female,0.9827283235281405,2,127.31732,ethiopia,draw_167
Male,0.9790932651581111,2,127.31732,ethiopia,draw_167
Female,0.9803298028612434,3,127.31732,ethiopia,draw_167
Male,0.978170807683243,3,127.31732,ethiopia,draw_167
Female,0.9828853338480309,2,127.42743,ethiopia,draw_167
Male,0.9793242933819267,2,127.42743,ethiopia,draw_167
Female,0.9804940095961999,3,127.42743,ethiopia,draw_167
Male,0.9783491035659784,3,127.42743,ethiopia,draw_167
Female,0.9830519033107994,2,127.53754,ethiopia,draw_167
Male,0.9795673119505157,2,127.53754,ethiopia,draw_167
Female,0.9806710365462797,3,127.53754,ethiopia,draw_167
Male,0.9785407122641733,3,127.53754,ethiopia,draw_167
Female,0.9832291866980718,2,127.64765,ethiopia,draw_167
Male,0.9798228699051698,2,127.64765,ethiopia,draw_167
Female,0.9808620463257381,3,127.64765,ethiopia,draw_167
Male,0.9787462226522985,3,127.64765,ethiopia,draw_167
Female,0.9834175480940337,2,127.75776,ethiopia,draw_167
Male,0.9800914436400505,2,127.75776,ethiopia,draw_167
Female,0.9810675197165032,3,127.75776,ethiopia,draw_167
Male,0.9789661810368082,3,127.75776,ethiopia,draw_167
Female,0.9836166286923156,2,127.86787,ethiopia,draw_167
Male,0.9803732720268498,2,127.86787,ethiopia,draw_167
Female,0.9812872684156807,3,127.86787,ethiopia,draw_167
Male,0.9792008958727306,3,127.86787,ethiopia,draw_167
Female,0.9838267153876088,2,127.97798,ethiopia,draw_167
Male,0.9806682878398878,2,127.97798,ethiopia,draw_167
Female,0.9815214795875393,3,127.97798,ethiopia,draw_167
Male,0.979450258103277,3,127.97798,ethiopia,draw_167
Female,0.9840484700451393,2,128.08809,ethiopia,draw_167
Male,0.9809760463768883,2,128.08809,ethiopia,draw_167
Female,0.981770887856431,3,128.08809,ethiopia,draw_167
Male,0.97971414506206,3,128.08809,ethiopia,draw_167
Female,0.9842812312099835,2,128.1982,ethiopia,draw_167
Male,0.9812984624937665,2,128.1982,ethiopia,draw_167
Female,0.9820348278876577,3,128.1982,ethiopia,draw_167
Male,0.9799936578377471,3,128.1982,ethiopia,draw_167
Female,0.984524372883974,2,128.30831,ethiopia,draw_167
Male,0.9816322033938495,2,128.30831,ethiopia,draw_167
Female,0.9823122794036798,3,128.30831,ethiopia,draw_167
Male,0.9802860568624495,3,128.30831,ethiopia,draw_167
Female,0.9847765971842912,2,128.41842,ethiopia,draw_167
Male,0.9819777791123654,2,128.41842,ethiopia,draw_167
Female,0.9826018126504708,3,128.41842,ethiopia,draw_167
Male,0.9805913250170247,3,128.41842,ethiopia,draw_167
Female,0.9850384484762547,2,128.52853,ethiopia,draw_167
Male,0.9823339329263076,2,128.52853,ethiopia,draw_167
Female,0.9829036614856441,3,128.52853,ethiopia,draw_167
Male,0.9809082701773109,3,128.52853,ethiopia,draw_167
Female,0.9853088052125697,2,128.63864,ethiopia,draw_167
Male,0.9827010398739403,2,128.63864,ethiopia,draw_167
Female,0.9832165773156339,3,128.63864,ethiopia,draw_167
Male,0.9812368390229231,3,128.63864,ethiopia,draw_167
Female,0.9855875892534088,2,128.74875,ethiopia,draw_167
Male,0.9830786047425247,2,128.74875,ethiopia,draw_167
Female,0.983540442124546,3,128.74875,ethiopia,draw_167
Male,0.9815766309714097,3,128.74875,ethiopia,draw_167
Female,0.9858768148542286,2,128.85886,ethiopia,draw_167
Male,0.9834686711892646,2,128.85886,ethiopia,draw_167
Female,0.9838776022117445,3,128.85886,ethiopia,draw_167
Male,0.9819297498360613,3,128.85886,ethiopia,draw_167
Female,0.9861738309632259,2,128.96897,ethiopia,draw_167
Male,0.9838684716296646,2,128.96897,ethiopia,draw_167
Female,0.9842250098843166,3,128.96897,ethiopia,draw_167
Male,0.982293473062497,3,128.96897,ethiopia,draw_167
Female,0.9864794422973929,2,129.07908,ethiopia,draw_167
Male,0.984277812272194,2,129.07908,ethiopia,draw_167
Female,0.9845833802039654,3,129.07908,ethiopia,draw_167
Male,0.9826676922318109,3,129.07908,ethiopia,draw_167
Female,0.9867929888876754,2,129.18919,ethiopia,draw_167
Male,0.9846969240204048,2,129.18919,ethiopia,draw_167
Female,0.984952096777462,3,129.18919,ethiopia,draw_167
Male,0.9830525918947999,3,129.18919,ethiopia,draw_167
Female,0.9871146943861545,2,129.2993,ethiopia,draw_167
Male,0.9851255069497544,2,129.2993,ethiopia,draw_167
Female,0.9853314325448245,3,129.2993,ethiopia,draw_167
Male,0.9834479902357451,3,129.2993,ethiopia,draw_167
Female,0.987444538914051,2,129.40941,ethiopia,draw_167
Male,0.9855645461580638,2,129.40941,ethiopia,draw_167
Female,0.9857213167453616,3,129.40941,ethiopia,draw_167
Male,0.9838545321990713,3,129.40941,ethiopia,draw_167
Female,0.9877837519017099,2,129.51952,ethiopia,draw_167
Male,0.9860137289401306,2,129.51952,ethiopia,draw_167
Female,0.9861232647812499,3,129.51952,ethiopia,draw_167
Male,0.9842725521298563,3,129.51952,ethiopia,draw_167
Female,0.9881319352667652,2,129.62963,ethiopia,draw_167
Male,0.9864744666860388,2,129.62963,ethiopia,draw_167
Female,0.9865368438686904,3,129.62963,ethiopia,draw_167
Male,0.9847028992320737,3,129.62963,ethiopia,draw_167
Female,0.9884885922034393,2,129.73974,ethiopia,draw_167
Male,0.9869453732163466,2,129.73974,ethiopia,draw_167
Female,0.9869612495248443,3,129.73974,ethiopia,draw_167
Male,0.9851442091997161,3,129.73974,ethiopia,draw_167
Female,0.9888537937926944,2,129.84985,ethiopia,draw_167
Male,0.9874265775350501,2,129.84985,ethiopia,draw_167
Female,0.987396564559735,3,129.84985,ethiopia,draw_167
Male,0.9855965702847395,3,129.84985,ethiopia,draw_167
Female,0.9892271663477644,2,129.95996,ethiopia,draw_167
Male,0.9879167806701565,2,129.95996,ethiopia,draw_167
Female,0.9878424507133656,3,129.95996,ethiopia,draw_167
Male,0.9860592306327421,3,129.95996,ethiopia,draw_167
Female,0.9896088718891791,2,130.07007,ethiopia,draw_167
Male,0.9884171427215733,2,130.07007,ethiopia,draw_167
Female,0.9882990732889845,3,130.07007,ethiopia,draw_167
Male,0.9865328872722077,3,130.07007,ethiopia,draw_167
Female,0.9899993983853865,2,130.18018,ethiopia,draw_167
Male,0.9889272188397185,2,130.18018,ethiopia,draw_167
Female,0.9887669866554544,3,130.18018,ethiopia,draw_167
Male,0.9870173884626857,3,130.18018,ethiopia,draw_167
Female,0.9903998442819282,2,130.29029,ethiopia,draw_167
Male,0.9894499736037055,2,130.29029,ethiopia,draw_167
Female,0.9892478613985819,3,130.29029,ethiopia,draw_167
Male,0.9875155532744332,3,130.29029,ethiopia,draw_167
Female,0.9908089315588549,2,130.4004,ethiopia,draw_167
Male,0.9899828557131116,2,130.4004,ethiopia,draw_167
Female,0.9897398640612355,3,130.4004,ethiopia,draw_167
Male,0.9880248908077703,3,130.4004,ethiopia,draw_167
Female,0.9912269123696222,2,130.51051,ethiopia,draw_167
Male,0.9905250640474326,2,130.51051,ethiopia,draw_167
Female,0.990243237063578,3,130.51051,ethiopia,draw_167
Male,0.9885449061920479,3,130.51051,ethiopia,draw_167
Female,0.9916524546577254,2,130.62062,ethiopia,draw_167
Male,0.9910769247870458,2,130.62062,ethiopia,draw_167
Female,0.9907566793698217,3,130.62062,ethiopia,draw_167
Male,0.9890756024814225,3,130.62062,ethiopia,draw_167
Female,0.9920861714487025,2,130.73073,ethiopia,draw_167
Male,0.9916378691131135,2,130.73073,ethiopia,draw_167
Female,0.991280467960212,3,130.73073,ethiopia,draw_167
Male,0.9896163868212102,3,130.73073,ethiopia,draw_167
Female,0.9925268451839807,2,130.84084,ethiopia,draw_167
Male,0.9922066959780744,2,130.84084,ethiopia,draw_167
Female,0.9918133537146444,3,130.84084,ethiopia,draw_167
Male,0.9901662296477884,3,130.84084,ethiopia,draw_167
Female,0.9929755684371623,2,130.95095,ethiopia,draw_167
Male,0.9927845040687097,2,130.95095,ethiopia,draw_167
Female,0.992356757671027,3,130.95095,ethiopia,draw_167
Male,0.9907263549680931,3,130.95095,ethiopia,draw_167
Female,0.9934315260762282,2,131.06106,ethiopia,draw_167
Male,0.993370417163037,2,131.06106,ethiopia,draw_167
Female,0.9929097919133828,3,131.06106,ethiopia,draw_167
Male,0.9912960840705386,3,131.06106,ethiopia,draw_167
Female,0.9938954418820439,2,131.17117,ethiopia,draw_167
Male,0.9939651676847698,2,131.17117,ethiopia,draw_167
Female,0.993472869812064,3,131.17117,ethiopia,draw_167
Male,0.9918754469282542,3,131.17117,ethiopia,draw_167
Female,0.9943660349226571,2,131.28128,ethiopia,draw_167
Male,0.9945685404414781,2,131.28128,ethiopia,draw_167
Female,0.9940449367012832,3,131.28128,ethiopia,draw_167
Male,0.9924643955918135,3,131.28128,ethiopia,draw_167
Female,0.994844391196047,2,131.39139,ethiopia,draw_167
Male,0.995179905020445,2,131.39139,ethiopia,draw_167
Female,0.9946266788743403,3,131.39139,ethiopia,draw_167
Male,0.9930625409935722,3,131.39139,ethiopia,draw_167
Female,0.9953304503910392,2,131.5015,ethiopia,draw_167
Male,0.9957989576078261,2,131.5015,ethiopia,draw_167
Female,0.9952181492702565,3,131.5015,ethiopia,draw_167
Male,0.9936697829939838,3,131.5015,ethiopia,draw_167
Female,0.9958243135751143,2,131.61161,ethiopia,draw_167
Male,0.996427404870424,2,131.61161,ethiopia,draw_167
Female,0.9958194800085298,3,131.61161,ethiopia,draw_167
Male,0.9942871794841436,3,131.61161,ethiopia,draw_167
Female,0.9963270673971796,2,131.72172,ethiopia,draw_167
Male,0.9970658863809101,2,131.72172,ethiopia,draw_167
Female,0.9964323482517767,3,131.72172,ethiopia,draw_167
Male,0.9949159410701724,3,131.72172,ethiopia,draw_167
Female,0.9968373092075886,2,131.83183,ethiopia,draw_167
Male,0.9977125997581313,2,131.83183,ethiopia,draw_167
Female,0.9970548417454078,3,131.83183,ethiopia,draw_167
Male,0.9955540966490588,3,131.83183,ethiopia,draw_167
Female,0.9973549197297822,2,131.94194,ethiopia,draw_167
Male,0.9983678938115477,2,131.94194,ethiopia,draw_167
Female,0.9976868674345348,3,131.94194,ethiopia,draw_167
Male,0.9962019190106612,3,131.94194,ethiopia,draw_167
Female,0.9978800931248186,2,132.05205,ethiopia,draw_167
Male,0.9990315343111956,2,132.05205,ethiopia,draw_167
Female,0.9983285945098506,3,132.05205,ethiopia,draw_167
Male,0.9968592677257616,3,132.05205,ethiopia,draw_167
Female,0.9984130429065646,2,132.16216,ethiopia,draw_167
Male,0.9997041095385079,2,132.16216,ethiopia,draw_167
Female,0.9989801581399482,3,132.16216,ethiopia,draw_167
Male,0.9975263810910683,3,132.16216,ethiopia,draw_167
Female,0.9989532348279423,2,132.27227,ethiopia,draw_167
Male,1.0003845794914603,2,132.27227,ethiopia,draw_167
Female,0.9996409473051966,3,132.27227,ethiopia,draw_167
Male,0.9982023886689493,3,132.27227,ethiopia,draw_167
Female,0.9994999399290129,2,132.38238,ethiopia,draw_167
Male,1.0010728589429143,2,132.38238,ethiopia,draw_167
Female,1.0003100388318107,3,132.38238,ethiopia,draw_167
Male,0.9988870159156775,3,132.38238,ethiopia,draw_167
Female,1.0000528042921386,2,132.49249,ethiopia,draw_167
Male,1.001767441098429,2,132.49249,ethiopia,draw_167
Female,1.0009868979838692,3,132.49249,ethiopia,draw_167
Male,0.9995788406017045,3,132.49249,ethiopia,draw_167
Female,1.0006111250674041,2,132.6026,ethiopia,draw_167
Male,1.0024682061348116,2,132.6026,ethiopia,draw_167
Female,1.0016704931900207,3,132.6026,ethiopia,draw_167
Male,1.000277427438233,3,132.6026,ethiopia,draw_167
Female,1.001174308673775,2,132.71271,ethiopia,draw_167
Male,1.0031741596537498,2,132.71271,ethiopia,draw_167
Female,1.0023602038121855,3,132.71271,ethiopia,draw_167
Male,1.0009821117513127,3,132.71271,ethiopia,draw_167
Female,1.0017433417026131,2,132.82282,ethiopia,draw_167
Male,1.0038866564316977,2,132.82282,ethiopia,draw_167
Female,1.0030568991950393,3,132.82282,ethiopia,draw_167
Male,1.0016937305811358,3,132.82282,ethiopia,draw_167
Female,1.0023175889386962,2,132.93293,ethiopia,draw_167
Male,1.0046050367433128,2,132.93293,ethiopia,draw_167
Female,1.0037601880055291,3,132.93293,ethiopia,draw_167
Male,1.002411864621061,3,132.93293,ethiopia,draw_167
Female,1.002897741288482,2,133.04304,ethiopia,draw_167
Male,1.0053292111949408,2,133.04304,ethiopia,draw_167
Female,1.0044708436940104,3,133.04304,ethiopia,draw_167
Male,1.003136589842142,3,133.04304,ethiopia,draw_167
Female,1.003483925507342,2,133.15315,ethiopia,draw_167
Male,1.0060608900390964,2,133.15315,ethiopia,draw_167
Female,1.0051892021553792,3,133.15315,ethiopia,draw_167
Male,1.00386942703638,3,133.15315,ethiopia,draw_167
Female,1.0040760898042203,2,133.26326,ethiopia,draw_167
Male,1.0067988763456948,2,133.26326,ethiopia,draw_167
Female,1.0059148003289444,3,133.26326,ethiopia,draw_167
Male,1.0046091330438782,3,133.26326,ethiopia,draw_167
Female,1.0046741124954814,2,133.37337,ethiopia,draw_167
Male,1.0075424378172668,2,133.37337,ethiopia,draw_167
Female,1.0066476118207337,3,133.37337,ethiopia,draw_167
Male,1.0053553106720545,3,133.37337,ethiopia,draw_167
Female,1.005277866103575,2,133.48348,ethiopia,draw_167
Male,1.0082926438839885,2,133.48348,ethiopia,draw_167
Female,1.007387474541242,3,133.48348,ethiopia,draw_167
Male,1.0061085404496424,3,133.48348,ethiopia,draw_167
Female,1.0058870897431305,2,133.59359,ethiopia,draw_167
Male,1.009048819796303,2,133.59359,ethiopia,draw_167
Female,1.0081341682148928,3,133.59359,ethiopia,draw_167
Male,1.0068684897440745,3,133.59359,ethiopia,draw_167
Female,1.0065029116240989,2,133.7037,ethiopia,draw_167
Male,1.0098115531336027,2,133.7037,ethiopia,draw_167
Female,1.0088886600020563,3,133.7037,ethiopia,draw_167
Male,1.0076355750038712,3,133.7037,ethiopia,draw_167
Female,1.0071255600807754,2,133.81381,ethiopia,draw_167
Male,1.0105817936994719,2,133.81381,ethiopia,draw_167
Female,1.009651364061854,3,133.81381,ethiopia,draw_167
Male,1.0084108209126863,3,133.81381,ethiopia,draw_167
Female,1.0077542589727937,2,133.92392,ethiopia,draw_167
Male,1.0113583552760326,2,133.92392,ethiopia,draw_167
Female,1.0104215789239803,3,133.92392,ethiopia,draw_167
Male,1.0091932218290347,3,133.92392,ethiopia,draw_167
Female,1.0083889927936063,2,134.03403,ethiopia,draw_167
Male,1.0121417580330339,2,134.03403,ethiopia,draw_167
Female,1.011199189779527,3,134.03403,ethiopia,draw_167
Male,1.0099829297159568,3,134.03403,ethiopia,draw_167
Female,1.0090304765668978,2,134.14414,ethiopia,draw_167
Male,1.012931331942726,2,134.14414,ethiopia,draw_167
Female,1.0119848096977948,3,134.14414,ethiopia,draw_167
Male,1.0107794856576602,3,134.14414,ethiopia,draw_167
Female,1.0096774710001952,2,134.25425,ethiopia,draw_167
Male,1.0137280078009812,2,134.25425,ethiopia,draw_167
Female,1.0127772605926832,3,134.25425,ethiopia,draw_167
Male,1.0115835130915412,3,134.25425,ethiopia,draw_167
Female,1.0103311217012283,2,134.36436,ethiopia,draw_167
Male,1.0145314209425438,2,134.36436,ethiopia,draw_167
Female,1.0135775838033478,3,134.36436,ethiopia,draw_167
Male,1.0123948065855892,3,134.36436,ethiopia,draw_167
Female,1.010991086413234,2,134.47447,ethiopia,draw_167
Male,1.0153418938229501,2,134.47447,ethiopia,draw_167
Female,1.0143855480434423,3,134.47447,ethiopia,draw_167
Male,1.0132137609027052,3,134.47447,ethiopia,draw_167
Female,1.0116588544996346,2,134.58458,ethiopia,draw_167
Male,1.0161596657670764,2,134.58458,ethiopia,draw_167
Female,1.0152027266500498,3,134.58458,ethiopia,draw_167
Male,1.0140408925381426,3,134.58458,ethiopia,draw_167
Female,1.0123322486387667,2,134.69469,ethiopia,draw_167
Male,1.0169846767386588,2,134.69469,ethiopia,draw_167
Female,1.016027038428933,3,134.69469,ethiopia,draw_167
Male,1.0148755886299026,3,134.69469,ethiopia,draw_167
Female,1.0130127305480785,2,134.8048,ethiopia,draw_167
Male,1.017816814843319,2,134.8048,ethiopia,draw_167
Female,1.0168596691417997,3,134.8048,ethiopia,draw_167
Male,1.015717795065375,3,134.8048,ethiopia,draw_167
Female,1.0136989047516474,2,134.91491,ethiopia,draw_167
Male,1.0186554499673135,2,134.91491,ethiopia,draw_167
Female,1.0176996119385489,3,134.91491,ethiopia,draw_167
Male,1.0165672197908988,3,134.91491,ethiopia,draw_167
Female,1.0143928159760967,2,135.02503,ethiopia,draw_167
Male,1.0195018441312391,2,135.02503,ethiopia,draw_167
Female,1.0185484053962481,3,135.02503,ethiopia,draw_167
Male,1.0174246194022765,3,135.02503,ethiopia,draw_167
Female,1.014885417620471,2,135.13514,ethiopia,draw_167
Male,1.0201302528937384,2,135.13514,ethiopia,draw_167
Female,1.0191334987689094,3,135.13514,ethiopia,draw_167
Male,1.01803165234488,3,135.13514,ethiopia,draw_167
Female,1.015128207574364,2,135.24525,ethiopia,draw_167
Male,1.0204883483463982,2,135.24525,ethiopia,draw_167
Female,1.0193915721230988,3,135.24525,ethiopia,draw_167
Male,1.0183280175161116,3,135.24525,ethiopia,draw_167
Female,1.0153713846146828,2,135.35536,ethiopia,draw_167
Male,1.0208475944722273,2,135.35536,ethiopia,draw_167
Female,1.0196504134531583,3,135.35536,ethiopia,draw_167
Male,1.0186257628030762,3,135.35536,ethiopia,draw_167
Female,1.0156154618657993,2,135.46547,ethiopia,draw_167
Male,1.0212074503037438,2,135.46547,ethiopia,draw_167
Female,1.0199104413120728,3,135.46547,ethiopia,draw_167
Male,1.0189245051772193,3,135.46547,ethiopia,draw_167
Female,1.015860276155187,2,135.57558,ethiopia,draw_167
Male,1.021567486768797,2,135.57558,ethiopia,draw_167
Female,1.0201714484034266,3,135.57558,ethiopia,draw_167
Male,1.0192240375414854,3,135.57558,ethiopia,draw_167
Female,1.0161053733397682,2,135.68569,ethiopia,draw_167
Male,1.021928066425089,2,135.68569,ethiopia,draw_167
Female,1.0204330809434534,3,135.68569,ethiopia,draw_167
Male,1.0195245655308482,3,135.68569,ethiopia,draw_167
Female,1.0163509312694343,2,135.7958,ethiopia,draw_167
Male,1.0222890359101844,2,135.7958,ethiopia,draw_167
Female,1.0206955148783694,3,135.7958,ethiopia,draw_167
Male,1.0198260098982888,3,135.7958,ethiopia,draw_167
Female,1.0165969818834142,2,135.90591,ethiopia,draw_167
Male,1.0226495864608656,2,135.90591,ethiopia,draw_167
Female,1.020958798564759,3,135.90591,ethiopia,draw_167
Male,1.0201279217446824,3,135.90591,ethiopia,draw_167
Female,1.0168430896715563,2,136.01602,ethiopia,draw_167
Male,1.0230106823831668,2,136.01602,ethiopia,draw_167
Female,1.02122261674278,3,136.01602,ethiopia,draw_167
Male,1.0204309301701568,3,136.01602,ethiopia,draw_167
Female,1.0170896742825126,2,136.12613,ethiopia,draw_167
Male,1.0233718853942702,2,136.12613,ethiopia,draw_167
Female,1.021487223101872,3,136.12613,ethiopia,draw_167
Male,1.0207346689373198,3,136.12613,ethiopia,draw_167
Female,1.0173362413576872,2,136.23624,ethiopia,draw_167
Male,1.0237322354499716,2,136.23624,ethiopia,draw_167
Female,1.021752215117815,3,136.23624,ethiopia,draw_167
Male,1.0210385906377963,3,136.23624,ethiopia,draw_167
Female,1.0175823347785617,2,136.34635,ethiopia,draw_167
Male,1.024091983316765,2,136.34635,ethiopia,draw_167
Female,1.0220172712908937,3,136.34635,ethiopia,draw_167
Male,1.021342823431799,3,136.34635,ethiopia,draw_167
Female,1.0178292976078105,2,136.45646,ethiopia,draw_167
Male,1.0244529072860111,2,136.45646,ethiopia,draw_167
Female,1.0222834825172231,3,136.45646,ethiopia,draw_167
Male,1.0216484390488108,3,136.45646,ethiopia,draw_167
Female,1.0180760920426308,2,136.56657,ethiopia,draw_167
Male,1.0248126675157245,2,136.56657,ethiopia,draw_167
Female,1.0225499696187184,3,136.56657,ethiopia,draw_167
Male,1.0219540288991749,3,136.56657,ethiopia,draw_167
Female,1.0183238267715304,2,136.67668,ethiopia,draw_167
Male,1.0251730530473586,2,136.67668,ethiopia,draw_167
Female,1.022817749339554,3,136.67668,ethiopia,draw_167
Male,1.0222607956070973,3,136.67668,ethiopia,draw_167
Female,1.0185709278606623,2,136.78679,ethiopia,draw_167
Male,1.0255337040822121,2,136.78679,ethiopia,draw_167
Female,1.0230854443938722,3,136.78679,ethiopia,draw_167
Male,1.0225684487294864,3,136.78679,ethiopia,draw_167
Female,1.0188188149065567,2,136.8969,ethiopia,draw_167
Male,1.025892964181657,2,136.8969,ethiopia,draw_167
Female,1.0233542249982546,3,136.8969,ethiopia,draw_167
Male,1.0228759757304406,3,136.8969,ethiopia,draw_167
Female,1.0190661806326757,2,137.00701,ethiopia,draw_167
Male,1.026252448741761,2,137.00701,ethiopia,draw_167
Female,1.023623029938349,3,137.00701,ethiopia,draw_167
Male,1.023184328569845,3,137.00701,ethiopia,draw_167
Female,1.0193140567795824,2,137.11712,ethiopia,draw_167
Male,1.0266121131262005,2,137.11712,ethiopia,draw_167
Female,1.0238927110926648,3,137.11712,ethiopia,draw_167
Male,1.0234934926691022,3,137.11712,ethiopia,draw_167
Female,1.0195624278394053,2,137.22723,ethiopia,draw_167
Male,1.0269710943534889,2,137.22723,ethiopia,draw_167
Female,1.0241631998750031,3,137.22723,ethiopia,draw_167
Male,1.0238029415176906,3,137.22723,ethiopia,draw_167
Female,1.01981023645411,2,137.33734,ethiopia,draw_167
Male,1.0273303110770364,2,137.33734,ethiopia,draw_167
Female,1.0244337503581527,3,137.33734,ethiopia,draw_167
Male,1.0241132803005735,3,137.33734,ethiopia,draw_167
Female,1.0200589827724875,2,137.44745,ethiopia,draw_167
Male,1.027689771232692,2,137.44745,ethiopia,draw_167
Female,1.0247056301589015,3,137.44745,ethiopia,draw_167
Male,1.0244245819910296,3,137.44745,ethiopia,draw_167
Female,1.0203077018672309,2,137.55756,ethiopia,draw_167
Male,1.0280481839204327,2,137.55756,ethiopia,draw_167
Female,1.0249779551520886,3,137.55756,ethiopia,draw_167
Male,1.0247359654418837,3,137.55756,ethiopia,draw_167
Female,1.0205562522988005,2,137.66767,ethiopia,draw_167
Male,1.0284067303226352,2,137.66767,ethiopia,draw_167
Female,1.025250584099109,3,137.66767,ethiopia,draw_167
Male,1.0250480998296168,3,137.66767,ethiopia,draw_167
Female,1.020804994403865,2,137.77778,ethiopia,draw_167
Male,1.0287651681984629,2,137.77778,ethiopia,draw_167
Female,1.0255238163901683,3,137.77778,ethiopia,draw_167
Male,1.0253608773956693,3,137.77778,ethiopia,draw_167
Female,1.0210541053106823,2,137.88789,ethiopia,draw_167
Male,1.0291228158853556,2,137.88789,ethiopia,draw_167
Female,1.0257978444831852,3,137.88789,ethiopia,draw_167
Male,1.0256739091771636,3,137.88789,ethiopia,draw_167
Female,1.0213030902386215,2,137.998,ethiopia,draw_167
Male,1.0294806644560337,2,137.998,ethiopia,draw_167
Female,1.0260722329816878,3,137.998,ethiopia,draw_167
Male,1.025987752233142,3,137.998,ethiopia,draw_167
Female,1.0215523161828641,2,138.10811,ethiopia,draw_167
Male,1.0298388017105673,2,138.10811,ethiopia,draw_167
Female,1.0263474077672736,3,138.10811,ethiopia,draw_167
Male,1.0263026148416814,3,138.10811,ethiopia,draw_167
Female,1.0218018549894252,2,138.21822,ethiopia,draw_167
Male,1.0301967459041474,2,138.21822,ethiopia,draw_167
Female,1.0266233565731726,3,138.21822,ethiopia,draw_167
Male,1.0266181187705288,3,138.21822,ethiopia,draw_167
Female,1.0220512813292266,2,138.32833,ethiopia,draw_167
Male,1.03055381287943,2,138.32833,ethiopia,draw_167
Female,1.026899694081692,3,138.32833,ethiopia,draw_167
Male,1.026933849079898,3,138.32833,ethiopia,draw_167
Female,1.022300467952858,2,138.43844,ethiopia,draw_167
Male,1.0309107360781546,2,138.43844,ethiopia,draw_167
Female,1.0271763212296912,3,138.43844,ethiopia,draw_167
Male,1.0272502260403318,3,138.43844,ethiopia,draw_167
Female,1.0225501923249574,2,138.54855,ethiopia,draw_167
Male,1.0312671897515038,2,138.54855,ethiopia,draw_167
Female,1.0274538907146529,3,138.54855,ethiopia,draw_167
Male,1.027567056722077,3,138.54855,ethiopia,draw_167
Female,1.0227997984343227,2,138.65866,ethiopia,draw_167
Male,1.0316237331574,2,138.65866,ethiopia,draw_167
Female,1.0277318652562082,3,138.65866,ethiopia,draw_167
Male,1.0278846568560087,3,138.65866,ethiopia,draw_167
Female,1.0230498008244293,2,138.76877,ethiopia,draw_167
Male,1.0319798083105447,2,138.76877,ethiopia,draw_167
Female,1.0280106855243194,3,138.76877,ethiopia,draw_167
Male,1.0282027804728118,3,138.76877,ethiopia,draw_167
Female,1.023299463986337,2,138.87888,ethiopia,draw_167
Male,1.0323362465421015,2,138.87888,ethiopia,draw_167
Female,1.028289789449104,3,138.87888,ethiopia,draw_167
Male,1.0285219656983637,3,138.87888,ethiopia,draw_167
Female,1.0235495507209011,2,138.98899,ethiopia,draw_167
Male,1.0326920082209357,2,138.98899,ethiopia,draw_167
Female,1.0285697108250176,3,138.98899,ethiopia,draw_167
Male,1.0288414946449187,3,138.98899,ethiopia,draw_167
Female,1.0237996802789184,2,139.0991,ethiopia,draw_167
Male,1.0330470655059818,2,139.0991,ethiopia,draw_167
Female,1.028850129186762,3,139.0991,ethiopia,draw_167
Male,1.0291613510023145,3,139.0991,ethiopia,draw_167
Female,1.0240500691201748,2,139.20921,ethiopia,draw_167
Male,1.0334023734497484,2,139.20921,ethiopia,draw_167
Female,1.029131223513874,3,139.20921,ethiopia,draw_167
Male,1.0294820639539588,3,139.20921,ethiopia,draw_167
Female,1.024300120433559,2,139.31932,ethiopia,draw_167
Male,1.033757435396717,2,139.31932,ethiopia,draw_167
Female,1.0294124921125871,3,139.31932,ethiopia,draw_167
Male,1.029803355585242,3,139.31932,ethiopia,draw_167
Female,1.024550678820339,2,139.42943,ethiopia,draw_167
Male,1.034111604343379,2,139.42943,ethiopia,draw_167
Female,1.029694642789197,3,139.42943,ethiopia,draw_167
Male,1.0301248694557184,3,139.42943,ethiopia,draw_167
Female,1.0248016473927672,2,139.53954,ethiopia,draw_167
Male,1.0344659023881058,2,139.53954,ethiopia,draw_167
Female,1.029977682795966,3,139.53954,ethiopia,draw_167
Male,1.03044733298006,3,139.53954,ethiopia,draw_167
Female,1.025052416811587,2,139.64965,ethiopia,draw_167
Male,1.0348205513725235,2,139.64965,ethiopia,draw_167
Female,1.0302610422969476,3,139.64965,ethiopia,draw_167
Male,1.0307707588779,3,139.64965,ethiopia,draw_167
Female,1.0253032079195374,2,139.75976,ethiopia,draw_167
Male,1.0351737318354797,2,139.75976,ethiopia,draw_167
Female,1.0305448797751995,3,139.75976,ethiopia,draw_167
Male,1.0310940650008753,3,139.75976,ethiopia,draw_167
Female,1.0255537900922365,2,139.86987,ethiopia,draw_167
Male,1.0355273004686145,2,139.86987,ethiopia,draw_167
Female,1.0308289996916387,3,139.86987,ethiopia,draw_167
Male,1.031418309251037,3,139.86987,ethiopia,draw_167
Female,1.0258047935527488,2,139.97998,ethiopia,draw_167
Male,1.035879688398139,2,139.97998,ethiopia,draw_167
Female,1.0311139052239184,3,139.97998,ethiopia,draw_167
Male,1.0317425873990895,3,139.97998,ethiopia,draw_167
Female,1.0260556423896043,2,140.09009,ethiopia,draw_167
Male,1.0362320984749602,2,140.09009,ethiopia,draw_167
Female,1.0313991429711664,3,140.09009,ethiopia,draw_167
Male,1.0320676123824226,3,140.09009,ethiopia,draw_167
Female,1.026307180309591,2,140.2002,ethiopia,draw_167
Male,1.0365841509508393,2,140.2002,ethiopia,draw_167
Female,1.0316854591644529,3,140.2002,ethiopia,draw_167
Male,1.0323932234676663,3,140.2002,ethiopia,draw_167
Female,1.0265582013021475,2,140.31031,ethiopia,draw_167
Male,1.0369361540159638,2,140.31031,ethiopia,draw_167
Female,1.0319719016412443,3,140.31031,ethiopia,draw_167
Male,1.0327196567966759,3,140.31031,ethiopia,draw_167
Female,1.0268100279321795,2,140.42042,ethiopia,draw_167
Male,1.037288181419414,2,140.42042,ethiopia,draw_167
Female,1.0322594840154815,3,140.42042,ethiopia,draw_167
Male,1.0330468557694972,3,140.42042,ethiopia,draw_167
Female,1.0270613454234656,2,140.53053,ethiopia,draw_167
Male,1.0376383983893422,2,140.53053,ethiopia,draw_167
Female,1.0325471005574447,3,140.53053,ethiopia,draw_167
Male,1.033373737253742,3,140.53053,ethiopia,draw_167
Female,1.0273123957271824,2,140.64064,ethiopia,draw_167
Male,1.0379888797164434,2,140.64064,ethiopia,draw_167
Female,1.0328349470350229,3,140.64064,ethiopia,draw_167
Male,1.0337015202611353,3,140.64064,ethiopia,draw_167
Female,1.0275638826117899,2,140.75075,ethiopia,draw_167
Male,1.038339125099164,2,140.75075,ethiopia,draw_167
Female,1.033123610851503,3,140.75075,ethiopia,draw_167
Male,1.0340298743864136,3,140.75075,ethiopia,draw_167
Female,1.0278155750726672,2,140.86086,ethiopia,draw_167
Male,1.0386885211443917,2,140.86086,ethiopia,draw_167
Female,1.033412923069075,3,140.86086,ethiopia,draw_167
Male,1.0343584598752062,3,140.86086,ethiopia,draw_167
Female,1.0280669375439695,2,140.97097,ethiopia,draw_167
Male,1.0390383996339905,2,140.97097,ethiopia,draw_167
Female,1.0337025278138037,3,140.97097,ethiopia,draw_167
Male,1.0346882069441066,3,140.97097,ethiopia,draw_167
Female,1.0283191150685569,2,141.08108,ethiopia,draw_167
Male,1.039386618509358,2,141.08108,ethiopia,draw_167
Female,1.0339932620273613,3,141.08108,ethiopia,draw_167
Male,1.0350177462624284,3,141.08108,ethiopia,draw_167
Female,1.0285709458145527,2,141.19119,ethiopia,draw_167
Male,1.039735380174629,2,141.19119,ethiopia,draw_167
Female,1.0342841632460025,3,141.19119,ethiopia,draw_167
Male,1.0353483106572505,3,141.19119,ethiopia,draw_167
Female,1.0288223356979738,2,141.3013,ethiopia,draw_167
Male,1.0400832019875184,2,141.3013,ethiopia,draw_167
Female,1.0345752104877348,3,141.3013,ethiopia,draw_167
Male,1.0356790440243224,3,141.3013,ethiopia,draw_167
Female,1.0290744452575435,2,141.41141,ethiopia,draw_167
Male,1.0404313085674248,2,141.41141,ethiopia,draw_167
Female,1.0348672921446884,3,141.41141,ethiopia,draw_167
Male,1.036010666775639,3,141.41141,ethiopia,draw_167
Female,1.0293257984094608,2,141.52152,ethiopia,draw_167
Male,1.0407784064607515,2,141.52152,ethiopia,draw_167
Female,1.0351592638983658,3,141.52152,ethiopia,draw_167
Male,1.036342439083305,3,141.52152,ethiopia,draw_167
Female,1.029578160165205,2,141.63163,ethiopia,draw_167
Male,1.0411251409483036,2,141.63163,ethiopia,draw_167
Female,1.0354525616755161,3,141.63163,ethiopia,draw_167
Male,1.0366747987071385,3,141.63163,ethiopia,draw_167
Female,1.0298297463077113,2,141.74174,ethiopia,draw_167
Male,1.041471753150249,2,141.74174,ethiopia,draw_167
Female,1.0357457358300672,3,141.74174,ethiopia,draw_167
Male,1.0370079203280387,3,141.74174,ethiopia,draw_167
Female,1.0300821063622974,2,141.85185,ethiopia,draw_167
Male,1.0418178618073362,2,141.85185,ethiopia,draw_167
Female,1.0360400351513386,3,141.85185,ethiopia,draw_167
Male,1.037341461250126,3,141.85185,ethiopia,draw_167
Female,1.0303340946146193,2,141.96196,ethiopia,draw_167
Male,1.0421632596614656,2,141.96196,ethiopia,draw_167
Female,1.0363345010241187,3,141.96196,ethiopia,draw_167
Male,1.037675302799633,3,141.96196,ethiopia,draw_167
Female,1.0305856969089218,2,142.07207,ethiopia,draw_167
Male,1.042508059139735,2,142.07207,ethiopia,draw_167
Female,1.0366290931104891,3,142.07207,ethiopia,draw_167
Male,1.0380095267575304,3,142.07207,ethiopia,draw_167
Female,1.0308379945501362,2,142.18218,ethiopia,draw_167
Male,1.0428516733736621,2,142.18218,ethiopia,draw_167
Female,1.03692469936643,3,142.18218,ethiopia,draw_167
Male,1.0383438106409155,3,142.18218,ethiopia,draw_167
Female,1.0310901514571622,2,142.29229,ethiopia,draw_167
Male,1.0431954185518402,2,142.29229,ethiopia,draw_167
Female,1.0372206711169847,3,142.29229,ethiopia,draw_167
Male,1.0386788984008297,3,142.29229,ethiopia,draw_167
Female,1.0313422518408495,2,142.4024,ethiopia,draw_167
Male,1.0435389723742623,2,142.4024,ethiopia,draw_167
Female,1.037517163956419,3,142.4024,ethiopia,draw_167
Male,1.0390147165787855,3,142.4024,ethiopia,draw_167
Female,1.0315945436899243,2,142.51251,ethiopia,draw_167
Male,1.0438827136817486,2,142.51251,ethiopia,draw_167
Female,1.0378142609664511,3,142.51251,ethiopia,draw_167
Male,1.0393513842140532,3,142.51251,ethiopia,draw_167
Female,1.0318466819603294,2,142.62262,ethiopia,draw_167
Male,1.0442252857445427,2,142.62262,ethiopia,draw_167
Female,1.038111669830825,3,142.62262,ethiopia,draw_167
Male,1.0396880920044647,3,142.62262,ethiopia,draw_167
Female,1.032098699796539,2,142.73273,ethiopia,draw_167
Male,1.0445668456758814,2,142.73273,ethiopia,draw_167
Female,1.0384094095342922,3,142.73273,ethiopia,draw_167
Male,1.0400249317431616,3,142.73273,ethiopia,draw_167
Female,1.032350701197877,2,142.84284,ethiopia,draw_167
Male,1.0449078281011785,2,142.84284,ethiopia,draw_167
Female,1.0387076009668035,3,142.84284,ethiopia,draw_167
Male,1.0403621541783403,3,142.84284,ethiopia,draw_167
Female,1.0326032198703938,2,142.95295,ethiopia,draw_167
Male,1.045248284739552,2,142.95295,ethiopia,draw_167
Female,1.039006648015965,3,142.95295,ethiopia,draw_167
Male,1.0406997805387976,3,142.95295,ethiopia,draw_167
Female,1.0328552370490398,2,143.06306,ethiopia,draw_167
Male,1.04558916066924,2,143.06306,ethiopia,draw_167
Female,1.0393057908000145,3,143.06306,ethiopia,draw_167
Male,1.0410384113547937,3,143.06306,ethiopia,draw_167
Female,1.0331075237068654,2,143.17317,ethiopia,draw_167
Male,1.045928529834915,2,143.17317,ethiopia,draw_167
Female,1.0396056869362154,3,143.17317,ethiopia,draw_167
Male,1.0413769582444594,3,143.17317,ethiopia,draw_167
Female,1.0333598595402018,2,143.28328,ethiopia,draw_167
Male,1.0462677988566011,2,143.28328,ethiopia,draw_167
Female,1.0399061016674114,3,143.28328,ethiopia,draw_167
Male,1.0417161644899802,3,143.28328,ethiopia,draw_167
Female,1.0336119599544955,2,143.39339,ethiopia,draw_167
Male,1.0466067773707237,2,143.39339,ethiopia,draw_167
Female,1.0402067663355703,3,143.39339,ethiopia,draw_167
Male,1.0420559047187734,3,143.39339,ethiopia,draw_167
Female,1.0338639800638245,2,143.5035,ethiopia,draw_167
Male,1.0469447022826472,2,143.5035,ethiopia,draw_167
Female,1.0405078125305767,3,143.5035,ethiopia,draw_167
Male,1.0423957452737669,3,143.5035,ethiopia,draw_167
Female,1.0341156375271683,2,143.61361,ethiopia,draw_167
Male,1.047281928047869,2,143.61361,ethiopia,draw_167
Female,1.0408090024791945,3,143.61361,ethiopia,draw_167
Male,1.042735853460223,3,143.61361,ethiopia,draw_167
Female,1.0343677562086195,2,143.72372,ethiopia,draw_167
Male,1.047618785026199,2,143.72372,ethiopia,draw_167
Female,1.041111021226624,3,143.72372,ethiopia,draw_167
Male,1.0430764326727509,3,143.72372,ethiopia,draw_167
Female,1.0346196259392273,2,143.83383,ethiopia,draw_167
Male,1.0479552690099545,2,143.83383,ethiopia,draw_167
Female,1.041413403837834,3,143.83383,ethiopia,draw_167
Male,1.0434176129874295,3,143.83383,ethiopia,draw_167
Female,1.034871736800668,2,143.94394,ethiopia,draw_167
Male,1.0482910901537603,2,143.94394,ethiopia,draw_167
Female,1.0417164151768656,3,143.94394,ethiopia,draw_167
Male,1.0437590991616854,3,143.94394,ethiopia,draw_167
Female,1.035123567534185,2,144.05405,ethiopia,draw_167
Male,1.0486262039130771,2,144.05405,ethiopia,draw_167
Female,1.042019650560003,3,144.05405,ethiopia,draw_167
Male,1.044100854167752,3,144.05405,ethiopia,draw_167
Female,1.035375581197252,2,144.16416,ethiopia,draw_167
Male,1.048960270605714,2,144.16416,ethiopia,draw_167
Female,1.0423235089361271,3,144.16416,ethiopia,draw_167
Male,1.0444426838269294,3,144.16416,ethiopia,draw_167
Female,1.0356271813545836,2,144.27427,ethiopia,draw_167
Male,1.049294221300578,2,144.27427,ethiopia,draw_167
Female,1.0426274585843627,3,144.27427,ethiopia,draw_167
Male,1.0447851235076488,3,144.27427,ethiopia,draw_167
Female,1.0358787848594075,2,144.38438,ethiopia,draw_167
Male,1.0496272606637433,2,144.38438,ethiopia,draw_167
Female,1.0429318213376666,3,144.38438,ethiopia,draw_167
Male,1.045127701788558,3,144.38438,ethiopia,draw_167
Female,1.0361301059847523,2,144.49449,ethiopia,draw_167
Male,1.0499598485622752,2,144.49449,ethiopia,draw_167
Female,1.0432364612487555,3,144.49449,ethiopia,draw_167
Male,1.045470791537223,3,144.49449,ethiopia,draw_167
Female,1.036381847164773,2,144.6046,ethiopia,draw_167
Male,1.0502921037491642,2,144.6046,ethiopia,draw_167
Female,1.0435419324952118,3,144.6046,ethiopia,draw_167
Male,1.0458144239184552,3,144.6046,ethiopia,draw_167
Female,1.0366335039628993,2,144.71471,ethiopia,draw_167
Male,1.0506238624124973,2,144.71471,ethiopia,draw_167
Female,1.0438477422935557,3,144.71471,ethiopia,draw_167
Male,1.0461584186507418,3,144.71471,ethiopia,draw_167
Female,1.0368849112182854,2,144.82482,ethiopia,draw_167
Male,1.0509548590605737,2,144.82482,ethiopia,draw_167
Female,1.044153788875293,3,144.82482,ethiopia,draw_167
Male,1.0465026054185926,3,144.82482,ethiopia,draw_167
Female,1.0371360663731526,2,144.93493,ethiopia,draw_167
Male,1.0512847356286257,2,144.93493,ethiopia,draw_167
Female,1.0444600197964684,3,144.93493,ethiopia,draw_167
Male,1.0468467984945555,3,144.93493,ethiopia,draw_167
Female,1.0373871131121981,2,145.04505,ethiopia,draw_167
Male,1.0516138247246345,2,145.04505,ethiopia,draw_167
Female,1.0447665715184524,3,145.04505,ethiopia,draw_167
Male,1.0471911883314775,3,145.04505,ethiopia,draw_167
Female,1.037638082659582,2,145.15516,ethiopia,draw_167
Male,1.0519422851700129,2,145.15516,ethiopia,draw_167
Female,1.0450734495944882,3,145.15516,ethiopia,draw_167
Male,1.0475358418219791,3,145.15516,ethiopia,draw_167
Female,1.0378887198325586,2,145.26527,ethiopia,draw_167
Male,1.0522708929730655,2,145.26527,ethiopia,draw_167
Female,1.0453806084891206,3,145.26527,ethiopia,draw_167
Male,1.04788135020197,3,145.26527,ethiopia,draw_167
Female,1.0381396058664232,2,145.37538,ethiopia,draw_167
Male,1.0525986359610011,2,145.37538,ethiopia,draw_167
Female,1.0456883706109381,3,145.37538,ethiopia,draw_167
Male,1.0482270059389585,3,145.37538,ethiopia,draw_167
Female,1.0383904911280426,2,145.48549,ethiopia,draw_167
Male,1.0529254314347292,2,145.48549,ethiopia,draw_167
Female,1.0459965392824884,3,145.48549,ethiopia,draw_167
Male,1.0485727399863487,3,145.48549,ethiopia,draw_167
Female,1.0386406583500605,2,145.5956,ethiopia,draw_167
Male,1.0532518923527885,2,145.5956,ethiopia,draw_167
Female,1.046304542397877,3,145.5956,ethiopia,draw_167
Male,1.0489189102632026,3,145.5956,ethiopia,draw_167
Female,1.038890760505558,2,145.70571,ethiopia,draw_167
Male,1.0535767307468924,2,145.70571,ethiopia,draw_167
Female,1.0466128875964311,3,145.70571,ethiopia,draw_167
Male,1.0492647691322277,3,145.70571,ethiopia,draw_167
Female,1.039141396403489,2,145.81582,ethiopia,draw_167
Male,1.0539016125195355,2,145.81582,ethiopia,draw_167
Female,1.0469220655192526,3,145.81582,ethiopia,draw_167
Male,1.049611271946052,3,145.81582,ethiopia,draw_167
Female,1.039391290155487,2,145.92593,ethiopia,draw_167
Male,1.0542262867370107,2,145.92593,ethiopia,draw_167
Female,1.0472310614088318,3,145.92593,ethiopia,draw_167
Male,1.0499583431033723,3,145.92593,ethiopia,draw_167
Female,1.039640912864691,2,146.03604,ethiopia,draw_167
Male,1.054549587358049,2,146.03604,ethiopia,draw_167
Female,1.0475402478074958,3,146.03604,ethiopia,draw_167
Male,1.0503052923305476,3,146.03604,ethiopia,draw_167
Female,1.0398909750556693,2,146.14615,ethiopia,draw_167
Male,1.0548722204567123,2,146.14615,ethiopia,draw_167
Female,1.0478502056169479,3,146.14615,ethiopia,draw_167
Male,1.05065247218882,3,146.14615,ethiopia,draw_167
Female,1.0401408348052388,2,146.25626,ethiopia,draw_167
Male,1.0551943049212313,2,146.25626,ethiopia,draw_167
Female,1.0481604222380894,3,146.25626,ethiopia,draw_167
Male,1.0509999253326832,3,146.25626,ethiopia,draw_167
Female,1.0403900698663104,2,146.36637,ethiopia,draw_167
Male,1.0555154289958855,2,146.36637,ethiopia,draw_167
Female,1.0484704847105035,3,146.36637,ethiopia,draw_167
Male,1.051347446594813,3,146.36637,ethiopia,draw_167
Female,1.0406389868965964,2,146.47648,ethiopia,draw_167
Male,1.0558359962282504,2,146.47648,ethiopia,draw_167
Female,1.0487806625703289,3,146.47648,ethiopia,draw_167
Male,1.051695244493469,3,146.47648,ethiopia,draw_167
Female,1.040887785223372,2,146.58659,ethiopia,draw_167
Male,1.0561556253948976,2,146.58659,ethiopia,draw_167
Female,1.0490911427712633,3,146.58659,ethiopia,draw_167
Male,1.0520431046734586,3,146.58659,ethiopia,draw_167
Female,1.041137121915585,2,146.6967,ethiopia,draw_167
Male,1.0564743893628739,2,146.6967,ethiopia,draw_167
Female,1.0494024779366227,3,146.6967,ethiopia,draw_167
Male,1.0523911542347828,3,146.6967,ethiopia,draw_167
Female,1.0413858797363362,2,146.80681,ethiopia,draw_167
Male,1.0567922175913098,2,146.80681,ethiopia,draw_167
Female,1.0497137164546084,3,146.80681,ethiopia,draw_167
Male,1.0527392460582956,3,146.80681,ethiopia,draw_167
Female,1.041634537924976,2,146.91692,ethiopia,draw_167
Male,1.0571099844958358,2,146.91692,ethiopia,draw_167
Female,1.0500252019011,3,146.91692,ethiopia,draw_167
Male,1.0530878796572924,3,146.91692,ethiopia,draw_167
Female,1.041883445871567,2,147.02703,ethiopia,draw_167
Male,1.057426490447785,2,147.02703,ethiopia,draw_167
Female,1.0503372395452313,3,147.02703,ethiopia,draw_167
Male,1.0534363491942946,3,147.02703,ethiopia,draw_167
Female,1.0421315508089133,2,147.13714,ethiopia,draw_167
Male,1.0577423703022373,2,147.13714,ethiopia,draw_167
Female,1.0506489811177928,3,147.13714,ethiopia,draw_167
Male,1.053785018352883,3,147.13714,ethiopia,draw_167
Female,1.042379514575869,2,147.24725,ethiopia,draw_167
Male,1.0580567332650308,2,147.24725,ethiopia,draw_167
Female,1.0509609937730844,3,147.24725,ethiopia,draw_167
Male,1.0541334022041113,3,147.24725,ethiopia,draw_167
Female,1.042626955065579,2,147.35736,ethiopia,draw_167
Male,1.0583708686713744,2,147.35736,ethiopia,draw_167
Female,1.0512729938628507,3,147.35736,ethiopia,draw_167
Male,1.0544822826112796,3,147.35736,ethiopia,draw_167
Female,1.0428747181262834,2,147.46747,ethiopia,draw_167
Male,1.0586847006412625,2,147.46747,ethiopia,draw_167
Female,1.051585648291635,3,147.46747,ethiopia,draw_167
Male,1.0548315750393396,3,147.46747,ethiopia,draw_167
Female,1.0431222732140661,2,147.57758,ethiopia,draw_167
Male,1.0589970831511129,2,147.57758,ethiopia,draw_167
Female,1.0518985058947967,3,147.57758,ethiopia,draw_167
Male,1.0551805729837247,3,147.57758,ethiopia,draw_167
Female,1.0433696795549052,2,147.68769,ethiopia,draw_167
Male,1.059309226613703,2,147.68769,ethiopia,draw_167
Female,1.052211589753276,3,147.68769,ethiopia,draw_167
Male,1.055529974995359,3,147.68769,ethiopia,draw_167
Female,1.0436162682912438,2,147.7978,ethiopia,draw_167
Male,1.0596200451628222,2,147.7978,ethiopia,draw_167
Female,1.0525243582967039,3,147.7978,ethiopia,draw_167
Male,1.0558791548326338,3,147.7978,ethiopia,draw_167
Female,1.0438628414636795,2,147.90791,ethiopia,draw_167
Male,1.0599296302427,2,147.90791,ethiopia,draw_167
Female,1.0528374408389711,3,147.90791,ethiopia,draw_167
Male,1.0562281232951123,3,147.90791,ethiopia,draw_167
Female,1.04410956271065,2,148.01802,ethiopia,draw_167
Male,1.0602386722778874,2,148.01802,ethiopia,draw_167
Female,1.0531509770680174,3,148.01802,ethiopia,draw_167
Male,1.0565772975890035,3,148.01802,ethiopia,draw_167
Female,1.0443556846325452,2,148.12813,ethiopia,draw_167
Male,1.0605472804710696,2,148.12813,ethiopia,draw_167
Female,1.0534644550109697,3,148.12813,ethiopia,draw_167
Male,1.0569268356504073,3,148.12813,ethiopia,draw_167
Female,1.0446015551019003,2,148.23824,ethiopia,draw_167
Male,1.0608552128674293,2,148.23824,ethiopia,draw_167
Female,1.0537780570726425,3,148.23824,ethiopia,draw_167
Male,1.0572764850208378,3,148.23824,ethiopia,draw_167
Female,1.0448476899740216,2,148.34835,ethiopia,draw_167
Male,1.0611623681796336,2,148.34835,ethiopia,draw_167
Female,1.0540921713609992,3,148.34835,ethiopia,draw_167
Male,1.0576261657196722,3,148.34835,ethiopia,draw_167
Female,1.0450929122342902,2,148.45846,ethiopia,draw_167
Male,1.0614680135944237,2,148.45846,ethiopia,draw_167
Female,1.054405867694444,3,148.45846,ethiopia,draw_167
Male,1.0579754549161924,3,148.45846,ethiopia,draw_167
Female,1.0453381482681656,2,148.56857,ethiopia,draw_167
Male,1.0617726792457283,2,148.56857,ethiopia,draw_167
Female,1.0547198890078542,3,148.56857,ethiopia,draw_167
Male,1.0583246587561557,3,148.56857,ethiopia,draw_167
Female,1.0455830487867828,2,148.67868,ethiopia,draw_167
Male,1.062076414690611,2,148.67868,ethiopia,draw_167
Female,1.0550339276739813,3,148.67868,ethiopia,draw_167
Male,1.0586738114834482,3,148.67868,ethiopia,draw_167
Female,1.0458279965902926,2,148.78879,ethiopia,draw_167
Male,1.0623800958189937,2,148.78879,ethiopia,draw_167
Female,1.0553483049353096,3,148.78879,ethiopia,draw_167
Male,1.0590234745755165,3,148.78879,ethiopia,draw_167
Female,1.046072690750082,2,148.8989,ethiopia,draw_167
Male,1.0626827746635001,2,148.8989,ethiopia,draw_167
Female,1.0556627760518853,3,148.8989,ethiopia,draw_167
Male,1.0593730431211392,3,148.8989,ethiopia,draw_167
Female,1.0463171040009314,2,149.00901,ethiopia,draw_167
Male,1.0629842578808733,2,149.00901,ethiopia,draw_167
Female,1.055977305330794,3,149.00901,ethiopia,draw_167
Male,1.0597223946883196,3,149.00901,ethiopia,draw_167
Female,1.046560639126599,2,149.11912,ethiopia,draw_167
Male,1.063284759787514,2,149.11912,ethiopia,draw_167
Female,1.0562914079316688,3,149.11912,ethiopia,draw_167
Male,1.0600716494337346,3,149.11912,ethiopia,draw_167
Female,1.0468044894855022,2,149.22923,ethiopia,draw_167
Male,1.0635852153784529,2,149.22923,ethiopia,draw_167
Female,1.056606027770103,3,149.22923,ethiopia,draw_167
Male,1.060421331476647,3,149.22923,ethiopia,draw_167
Female,1.0470478241911998,2,149.33934,ethiopia,draw_167
Male,1.0638833938665324,2,149.33934,ethiopia,draw_167
Female,1.0569205031660454,3,149.33934,ethiopia,draw_167
Male,1.0607701533372809,3,149.33934,ethiopia,draw_167
Female,1.047290934776054,2,149.44945,ethiopia,draw_167
Male,1.064181168331529,2,149.44945,ethiopia,draw_167
Female,1.0572350705161397,3,149.44945,ethiopia,draw_167
Male,1.0611192198857,3,149.44945,ethiopia,draw_167
Female,1.0475338407223194,2,149.55956,ethiopia,draw_167
Male,1.0644780574550778,2,149.55956,ethiopia,draw_167
Female,1.0575497225995247,3,149.55956,ethiopia,draw_167
Male,1.0614682883069766,3,149.55956,ethiopia,draw_167
Female,1.0477763423372586,2,149.66967,ethiopia,draw_167
Male,1.0647739271714993,2,149.66967,ethiopia,draw_167
Female,1.057864300039615,3,149.66967,ethiopia,draw_167
Male,1.0618171916378796,3,149.66967,ethiopia,draw_167
Female,1.0480185757735343,2,149.77978,ethiopia,draw_167
Male,1.065068779731813,2,149.77978,ethiopia,draw_167
Female,1.0581789121145797,3,149.77978,ethiopia,draw_167
Male,1.0621659050650536,3,149.77978,ethiopia,draw_167
Female,1.0482610352225523,2,149.88989,ethiopia,draw_167
Male,1.0653632469556038,2,149.88989,ethiopia,draw_167
Female,1.0584939400828375,3,149.88989,ethiopia,draw_167
Male,1.0625147939744468,3,149.88989,ethiopia,draw_167
Female,1.0485028182802723,2,150.0,ethiopia,draw_167
Male,1.0656563490967714,2,150.0,ethiopia,draw_167
Female,1.0588086617378072,3,150.0,ethiopia,draw_167
Male,1.0628633113031902,3,150.0,ethiopia,draw_167
Female,2.390838002074817,2,40.0,nigeria,draw_167
Male,2.486357956320997,2,40.0,nigeria,draw_167
Female,2.1844967518054754,3,40.0,nigeria,draw_167
Male,2.1570307350947493,3,40.0,nigeria,draw_167
Female,2.386269538187748,2,40.11011,nigeria,draw_167
Male,2.4815961921391048,2,40.11011,nigeria,draw_167
Female,2.1813531441069776,3,40.11011,nigeria,draw_167
Male,2.154018176121022,3,40.11011,nigeria,draw_167
Female,2.3817138575556216,2,40.22022,nigeria,draw_167
Male,2.4768481302110033,2,40.22022,nigeria,draw_167
Female,2.1782160408588638,3,40.22022,nigeria,draw_167
Male,2.151012053354907,3,40.22022,nigeria,draw_167
Female,2.3771714213984696,2,40.33033,nigeria,draw_167
Male,2.4721132539335926,2,40.33033,nigeria,draw_167
Female,2.175085702842642,3,40.33033,nigeria,draw_167
Male,2.1480119779091953,3,40.33033,nigeria,draw_167
Female,2.3726402214603053,2,40.44044,nigeria,draw_167
Male,2.4673912351782494,2,40.44044,nigeria,draw_167
Female,2.171961205165414,3,40.44044,nigeria,draw_167
Male,2.145017906808691,3,40.44044,nigeria,draw_167
Female,2.3681220060065584,2,40.55055,nigeria,draw_167
Male,2.4626821564119936,2,40.55055,nigeria,draw_167
Female,2.168843369044837,3,40.55055,nigeria,draw_167
Male,2.14202981265189,3,40.55055,nigeria,draw_167
Female,2.3636162636109734,2,40.66066,nigeria,draw_167
Male,2.457986046965514,2,40.66066,nigeria,draw_167
Female,2.165731794501194,3,40.66066,nigeria,draw_167
Male,2.139047826854756,3,40.66066,nigeria,draw_167
Female,2.359123759612752,2,40.77077,nigeria,draw_167
Male,2.453302576109663,2,40.77077,nigeria,draw_167
Female,2.162626988314476,3,40.77077,nigeria,draw_167
Male,2.136072176941054,3,40.77077,nigeria,draw_167
Female,2.3546427843711757,2,40.88088,nigeria,draw_167
Male,2.4486332201509393,2,40.88088,nigeria,draw_167
Female,2.1595283081410703,3,40.88088,nigeria,draw_167
Male,2.1331031558092177,3,40.88088,nigeria,draw_167
Female,2.350175614434664,2,40.99099,nigeria,draw_167
Male,2.4439758080543195,2,40.99099,nigeria,draw_167
Female,2.1564367022915416,3,40.99099,nigeria,draw_167
Male,2.1301395998878148,3,40.99099,nigeria,draw_167
Female,2.3457214354181564,2,41.1011,nigeria,draw_167
Male,2.4393318769369374,2,41.1011,nigeria,draw_167
Female,2.1533518716893623,3,41.1011,nigeria,draw_167
Male,2.1271820966852517,3,41.1011,nigeria,draw_167
Female,2.3412805503559007,2,41.21121,nigeria,draw_167
Male,2.4347014761700176,2,41.21121,nigeria,draw_167
Female,2.1502737148021858,3,41.21121,nigeria,draw_167
Male,2.124230752381407,3,41.21121,nigeria,draw_167
Female,2.3368520186085675,2,41.32132,nigeria,draw_167
Male,2.430083969563535,2,41.32132,nigeria,draw_167
Female,2.1472017804911387,3,41.32132,nigeria,draw_167
Male,2.1212856153358866,3,41.32132,nigeria,draw_167
Female,2.3324366384864086,2,41.43143,nigeria,draw_167
Male,2.4254793895226308,2,41.43143,nigeria,draw_167
Female,2.1441365430459407,3,41.43143,nigeria,draw_167
Male,2.1183463298877667,3,41.43143,nigeria,draw_167
Female,2.328033809571247,2,41.54154,nigeria,draw_167
Male,2.420888130637483,2,41.54154,nigeria,draw_167
Female,2.141077675804823,3,41.54154,nigeria,draw_167
Male,2.1154131333042048,3,41.54154,nigeria,draw_167
Female,2.3236442194638824,2,41.65165,nigeria,draw_167
Male,2.4163096893600375,2,41.65165,nigeria,draw_167
Female,2.1380256321799527,3,41.65165,nigeria,draw_167
Male,2.112485816234061,3,41.65165,nigeria,draw_167
Female,2.3192667465231285,2,41.76176,nigeria,draw_167
Male,2.411743481639712,2,41.76176,nigeria,draw_167
Female,2.1349799339131192,3,41.76176,nigeria,draw_167
Male,2.109564242728769,3,41.76176,nigeria,draw_167
Female,2.314903726879764,2,41.87187,nigeria,draw_167
Male,2.4071902947638932,2,41.87187,nigeria,draw_167
Female,2.1319415668979236,3,41.87187,nigeria,draw_167
Male,2.10664861917293,3,41.87187,nigeria,draw_167
Female,2.3105520529671235,2,41.98198,nigeria,draw_167
Male,2.4026490413176194,2,41.98198,nigeria,draw_167
Female,2.1289091166804064,3,41.98198,nigeria,draw_167
Male,2.1037386792653057,3,41.98198,nigeria,draw_167
Female,2.3062135146595426,2,42.09209,nigeria,draw_167
Male,2.398121689307936,2,42.09209,nigeria,draw_167
Female,2.1258833438149876,3,42.09209,nigeria,draw_167
Male,2.100835156180928,3,42.09209,nigeria,draw_167
Female,2.3018865718761936,2,42.2022,nigeria,draw_167
Male,2.393607399330192,2,42.2022,nigeria,draw_167
Female,2.122863486697904,3,42.2022,nigeria,draw_167
Male,2.0979375094439465,3,42.2022,nigeria,draw_167
Female,2.297573213082928,2,42.31231,nigeria,draw_167
Male,2.389104228343407,2,42.31231,nigeria,draw_167
Female,2.119850484465558,3,42.31231,nigeria,draw_167
Male,2.095045022631829,3,42.31231,nigeria,draw_167
Female,2.2932721974494137,2,42.42242,nigeria,draw_167
Male,2.3846140544673284,2,42.42242,nigeria,draw_167
Female,2.116843748939218,3,42.42242,nigeria,draw_167
Male,2.0921585631819437,3,42.42242,nigeria,draw_167
Female,2.2889833746762895,2,42.53253,nigeria,draw_167
Male,2.3801361469709614,2,42.53253,nigeria,draw_167
Female,2.113843284521555,3,42.53253,nigeria,draw_167
Male,2.0892776389529746,3,42.53253,nigeria,draw_167
Female,2.2847066179336957,2,42.64264,nigeria,draw_167
Male,2.3756696828572057,2,42.64264,nigeria,draw_167
Female,2.110848910705147,3,42.64264,nigeria,draw_167
Male,2.0864019805561203,3,42.64264,nigeria,draw_167
Female,2.2804436034146343,2,42.75275,nigeria,draw_167
Male,2.371215696455757,2,42.75275,nigeria,draw_167
Female,2.107861591515595,3,42.75275,nigeria,draw_167
Male,2.0835319393596023,3,42.75275,nigeria,draw_167
Female,2.276193154922723,2,42.86286,nigeria,draw_167
Male,2.366774032998256,2,42.86286,nigeria,draw_167
Female,2.1048806039093955,3,42.86286,nigeria,draw_167
Male,2.0806679152201593,3,42.86286,nigeria,draw_167
Female,2.2719541254529982,2,42.97297,nigeria,draw_167
Male,2.3623447270853926,2,42.97297,nigeria,draw_167
Female,2.1019055245128206,3,42.97297,nigeria,draw_167
Male,2.077809871282624,3,42.97297,nigeria,draw_167
Female,2.267728854258271,2,43.08308,nigeria,draw_167
Male,2.357927539268265,2,43.08308,nigeria,draw_167
Female,2.0989374242450998,3,43.08308,nigeria,draw_167
Male,2.074957411687927,3,43.08308,nigeria,draw_167
Female,2.2635148119534767,2,43.19319,nigeria,draw_167
Male,2.3535228857781614,2,43.19319,nigeria,draw_167
Female,2.0959750797163004,3,43.19319,nigeria,draw_167
Male,2.072110822825304,3,43.19319,nigeria,draw_167
Female,2.259315934278456,2,43.3033,nigeria,draw_167
Male,2.3491302320682137,2,43.3033,nigeria,draw_167
Female,2.0930202641149487,3,43.3033,nigeria,draw_167
Male,2.069270013162204,3,43.3033,nigeria,draw_167
Female,2.2551271681584986,2,43.41341,nigeria,draw_167
Male,2.3447503845307422,2,43.41341,nigeria,draw_167
Female,2.090070827693819,3,43.41341,nigeria,draw_167
Male,2.0664351515871258,3,43.41341,nigeria,draw_167
Female,2.250951385553435,2,43.52352,nigeria,draw_167
Male,2.3403828212243223,2,43.52352,nigeria,draw_167
Female,2.0871279663998634,3,43.52352,nigeria,draw_167
Male,2.063606075952649,3,43.52352,nigeria,draw_167
Female,2.2467877384775465,2,43.63363,nigeria,draw_167
Male,2.3360280065853587,2,43.63363,nigeria,draw_167
Female,2.084191265864094,3,43.63363,nigeria,draw_167
Male,2.060782969751249,3,43.63363,nigeria,draw_167
Female,2.24263618831108,2,43.74374,nigeria,draw_167
Male,2.3316845542163023,2,43.74374,nigeria,draw_167
Female,2.0812607886386045,3,43.74374,nigeria,draw_167
Male,2.0579652416846326,3,43.74374,nigeria,draw_167
Female,2.2384968365151,2,43.85385,nigeria,draw_167
Male,2.327353048557168,2,43.85385,nigeria,draw_167
Female,2.0783362151746285,3,43.85385,nigeria,draw_167
Male,2.0551534061025327,3,43.85385,nigeria,draw_167
Female,2.2343694154515497,2,43.96396,nigeria,draw_167
Male,2.3230338938387582,2,43.96396,nigeria,draw_167
Female,2.075417813710842,3,43.96396,nigeria,draw_167
Male,2.052347580405111,3,43.96396,nigeria,draw_167
Female,2.230253846013235,2,44.07407,nigeria,draw_167
Male,2.3187254398310446,2,44.07407,nigeria,draw_167
Female,2.0725054486563494,3,44.07407,nigeria,draw_167
Male,2.0495469416477228,3,44.07407,nigeria,draw_167
Female,2.2261502500503636,2,44.18418,nigeria,draw_167
Male,2.3144292852001573,2,44.18418,nigeria,draw_167
Female,2.06959934898752,3,44.18418,nigeria,draw_167
Male,2.046752033948428,3,44.18418,nigeria,draw_167
Female,2.222058165352961,2,44.29429,nigeria,draw_167
Male,2.3101451820122714,2,44.29429,nigeria,draw_167
Female,2.066699165558173,3,44.29429,nigeria,draw_167
Male,2.043962692757873,3,44.29429,nigeria,draw_167
Female,2.2179785504479614,2,44.4044,nigeria,draw_167
Male,2.3058722151492637,2,44.4044,nigeria,draw_167
Female,2.0638053517819865,3,44.4044,nigeria,draw_167
Male,2.041178316262196,3,44.4044,nigeria,draw_167
Female,2.2139105954662353,2,44.51451,nigeria,draw_167
Male,2.30161152322884,2,44.51451,nigeria,draw_167
Female,2.0609176421035453,3,44.51451,nigeria,draw_167
Male,2.0383997437311683,3,44.51451,nigeria,draw_167
Female,2.209855175098588,2,44.62462,nigeria,draw_167
Male,2.2973625276916763,2,44.62462,nigeria,draw_167
Female,2.0580363694150456,3,44.62462,nigeria,draw_167
Male,2.035626957701577,3,44.62462,nigeria,draw_167
Female,2.2058108677085917,2,44.73473,nigeria,draw_167
Male,2.2931249201756136,2,44.73473,nigeria,draw_167
Female,2.055160915215763,3,44.73473,nigeria,draw_167
Male,2.032859720598835,3,44.73473,nigeria,draw_167
Female,2.2017780448152386,2,44.84484,nigeria,draw_167
Male,2.2888997705209797,2,44.84484,nigeria,draw_167
Female,2.05229157578305,3,44.84484,nigeria,draw_167
Male,2.0300983856389965,3,44.84484,nigeria,draw_167
Female,2.1977562388615275,2,44.95495,nigeria,draw_167
Male,2.2846853377347247,2,44.95495,nigeria,draw_167
Female,2.049428096261368,3,44.95495,nigeria,draw_167
Male,2.027342057556003,3,44.95495,nigeria,draw_167
Female,2.1937452553672783,2,45.06507,nigeria,draw_167
Male,2.2804836093217764,2,45.06507,nigeria,draw_167
Female,2.0465701715377524,3,45.06507,nigeria,draw_167
Male,2.0245915679622373,3,45.06507,nigeria,draw_167
Female,2.189746959552814,2,45.17518,nigeria,draw_167
Male,2.2762925645066785,2,45.17518,nigeria,draw_167
Female,2.04371880269304,3,45.17518,nigeria,draw_167
Male,2.021846261208701,3,45.17518,nigeria,draw_167
Female,2.185758860059727,2,45.28529,nigeria,draw_167
Male,2.2721144378567453,2,45.28529,nigeria,draw_167
Female,2.040872724608369,3,45.28529,nigeria,draw_167
Male,2.0191071237694986,3,45.28529,nigeria,draw_167
Female,2.181782347776812,2,45.3954,nigeria,draw_167
Male,2.2679474919854092,2,45.3954,nigeria,draw_167
Female,2.03803257617125,3,45.3954,nigeria,draw_167
Male,2.0163733681788796,3,45.3954,nigeria,draw_167
Female,2.1778163719909616,2,45.50551,nigeria,draw_167
Male,2.2637925486517942,2,45.50551,nigeria,draw_167
Female,2.0351979188878757,3,45.50551,nigeria,draw_167
Male,2.013645513901123,3,45.50551,nigeria,draw_167
Female,2.1738619264151904,2,45.61562,nigeria,draw_167
Male,2.2596476845642615,2,45.61562,nigeria,draw_167
Female,2.032369345883344,3,45.61562,nigeria,draw_167
Male,2.0109225730975386,3,45.61562,nigeria,draw_167
Female,2.1699188734260333,2,45.72573,nigeria,draw_167
Male,2.2555148723012155,2,45.72573,nigeria,draw_167
Female,2.0295467690465636,3,45.72573,nigeria,draw_167
Male,2.0082053832436775,3,45.72573,nigeria,draw_167
Female,2.1659874488806423,2,45.83584,nigeria,draw_167
Male,2.251394809738821,2,45.83584,nigeria,draw_167
Female,2.026730343191396,3,45.83584,nigeria,draw_167
Male,2.0054940348903547,3,45.83584,nigeria,draw_167
Female,2.162067609612859,2,45.94595,nigeria,draw_167
Male,2.247285993638462,2,45.94595,nigeria,draw_167
Female,2.023919832287899,3,45.94595,nigeria,draw_167
Male,2.0027881108601715,3,45.94595,nigeria,draw_167
Female,2.1581585093808444,2,46.05606,nigeria,draw_167
Male,2.2431876502254253,2,46.05606,nigeria,draw_167
Female,2.021114818697036,3,46.05606,nigeria,draw_167
Male,2.000087442492528,3,46.05606,nigeria,draw_167
Female,2.154261598965548,2,46.16617,nigeria,draw_167
Male,2.2391009550778183,2,46.16617,nigeria,draw_167
Female,2.018316102165813,3,46.16617,nigeria,draw_167
Male,1.9973924053156191,3,46.16617,nigeria,draw_167
Female,2.1503763702001013,2,46.27628,nigeria,draw_167
Male,2.2350250857281924,2,46.27628,nigeria,draw_167
Female,2.0155236536049634,3,46.27628,nigeria,draw_167
Male,1.9947025697577212,3,46.27628,nigeria,draw_167
Female,2.1465002435701455,2,46.38639,nigeria,draw_167
Male,2.230960242192709,2,46.38639,nigeria,draw_167
Female,2.0127361045277707,3,46.38639,nigeria,draw_167
Male,1.9920180634070022,3,46.38639,nigeria,draw_167
Female,2.142636688357305,2,46.4965,nigeria,draw_167
Male,2.226907463289283,2,46.4965,nigeria,draw_167
Female,2.009954968548958,3,46.4965,nigeria,draw_167
Male,1.9893390943003577,3,46.4965,nigeria,draw_167
Female,2.1387844891369987,2,46.60661,nigeria,draw_167
Male,2.222865469673182,2,46.60661,nigeria,draw_167
Female,2.0071797312468616,3,46.60661,nigeria,draw_167
Male,1.9866652504040152,3,46.60661,nigeria,draw_167
Female,2.134942559265875,2,46.71672,nigeria,draw_167
Male,2.218834366348096,2,46.71672,nigeria,draw_167
Female,2.004409663377786,3,46.71672,nigeria,draw_167
Male,1.9839964417490923,3,46.71672,nigeria,draw_167
Female,2.1311132723695008,2,46.82683,nigeria,draw_167
Male,2.214814805781292,2,46.82683,nigeria,draw_167
Female,2.0016460612287768,3,46.82683,nigeria,draw_167
Male,1.9813330414914434,3,46.82683,nigeria,draw_167
Female,2.127295986944517,2,46.93694,nigeria,draw_167
Male,2.21080692217805,2,46.93694,nigeria,draw_167
Female,1.9988885869126096,3,46.93694,nigeria,draw_167
Male,1.9786751602207715,3,46.93694,nigeria,draw_167
Female,2.123490139957407,2,47.04705,nigeria,draw_167
Male,2.2068097362206953,2,47.04705,nigeria,draw_167
Female,1.9961369939416649,3,47.04705,nigeria,draw_167
Male,1.9760224388136693,3,47.04705,nigeria,draw_167
Female,2.119695472865619,2,47.15716,nigeria,draw_167
Male,2.2028243510387178,2,47.15716,nigeria,draw_167
Female,1.9933912078418128,3,47.15716,nigeria,draw_167
Male,1.973375465784239,3,47.15716,nigeria,draw_167
Female,2.115911592092454,2,47.26727,nigeria,draw_167
Male,2.1988500264518804,2,47.26727,nigeria,draw_167
Female,1.9906508119859616,3,47.26727,nigeria,draw_167
Male,1.970733622240735,3,47.26727,nigeria,draw_167
Female,2.1121405118570697,2,47.37738,nigeria,draw_167
Male,2.194886622474232,2,47.37738,nigeria,draw_167
Female,1.987917058383487,3,47.37738,nigeria,draw_167
Male,1.968096998277054,3,47.37738,nigeria,draw_167
Female,2.108379864195181,2,47.48749,nigeria,draw_167
Male,2.190935211355805,2,47.48749,nigeria,draw_167
Female,1.985188600421771,3,47.48749,nigeria,draw_167
Male,1.9654659560604117,3,47.48749,nigeria,draw_167
Female,2.1046306175225147,2,47.5976,nigeria,draw_167
Male,2.186995550906967,2,47.5976,nigeria,draw_167
Female,1.982465965272359,3,47.5976,nigeria,draw_167
Male,1.9628406318891416,3,47.5976,nigeria,draw_167
Female,2.100893018262573,2,47.70771,nigeria,draw_167
Male,2.183066294909471,2,47.70771,nigeria,draw_167
Female,1.9797493268576818,3,47.70771,nigeria,draw_167
Male,1.9602202761839942,3,47.70771,nigeria,draw_167
Female,2.097166727324126,2,47.81782,nigeria,draw_167
Male,2.17914699358212,2,47.81782,nigeria,draw_167
Female,1.9770388381293884,3,47.81782,nigeria,draw_167
Male,1.9576045017355348,3,47.81782,nigeria,draw_167
Female,2.093451150951572,2,47.92793,nigeria,draw_167
Male,2.175239259706383,2,47.92793,nigeria,draw_167
Female,1.9743340294088434,3,47.92793,nigeria,draw_167
Male,1.9549940970002881,3,47.92793,nigeria,draw_167
Female,2.0897458597987737,2,48.03804,nigeria,draw_167
Male,2.1713414930514143,2,48.03804,nigeria,draw_167
Female,1.9716346603592583,3,48.03804,nigeria,draw_167
Male,1.9523885144240525,3,48.03804,nigeria,draw_167
Female,2.0860508967653995,2,48.14815,nigeria,draw_167
Male,2.16679429395317,2,48.14815,nigeria,draw_167
Female,1.9689408247745148,3,48.14815,nigeria,draw_167
Male,1.9493333252231342,3,48.14815,nigeria,draw_167
Female,2.0823676779819666,2,48.25826,nigeria,draw_167
Male,2.161980923446246,2,48.25826,nigeria,draw_167
Female,1.9662533223062226,3,48.25826,nigeria,draw_167
Male,1.9460915543584603,3,48.25826,nigeria,draw_167
Female,2.078694182353425,2,48.36837,nigeria,draw_167
Male,2.157185062652102,2,48.36837,nigeria,draw_167
Female,1.963571053998984,3,48.36837,nigeria,draw_167
Male,1.942858322012245,3,48.36837,nigeria,draw_167
Female,2.075031609303662,2,48.47848,nigeria,draw_167
Male,2.152405286849117,2,48.47848,nigeria,draw_167
Female,1.9608944200127585,3,48.47848,nigeria,draw_167
Male,1.9396329855253378,3,48.47848,nigeria,draw_167
Female,2.071201576025395,2,48.58859,nigeria,draw_167
Male,2.1476422039719956,2,48.58859,nigeria,draw_167
Female,1.9580892908159409,3,48.58859,nigeria,draw_167
Male,1.936415628073969,3,48.58859,nigeria,draw_167
Female,2.0666599005057362,2,48.6987,nigeria,draw_167
Male,2.1428965456087337,2,48.6987,nigeria,draw_167
Female,1.9547456721125096,3,48.6987,nigeria,draw_167
Male,1.9332066152881313,3,48.6987,nigeria,draw_167
Female,2.0621360063115817,2,48.80881,nigeria,draw_167
Male,2.1381657566983896,2,48.80881,nigeria,draw_167
Female,1.9514118864817225,3,48.80881,nigeria,draw_167
Male,1.9300045607570935,3,48.80881,nigeria,draw_167
Female,2.057629005586461,2,48.91892,nigeria,draw_167
Male,2.133453916101334,2,48.91892,nigeria,draw_167
Female,1.9480871915710616,3,48.91892,nigeria,draw_167
Male,1.926811672776854,3,48.91892,nigeria,draw_167
Female,2.0531369103727215,2,49.02903,nigeria,draw_167
Male,2.1287573022073216,2,49.02903,nigeria,draw_167
Female,1.9447705325341385,3,49.02903,nigeria,draw_167
Male,1.923626302780389,3,49.02903,nigeria,draw_167
Female,2.0486628557502957,2,49.13914,nigeria,draw_167
Male,2.1240788254939917,2,49.13914,nigeria,draw_167
Female,1.9414635352382905,3,49.13914,nigeria,draw_167
Male,1.9204497112016765,3,49.13914,nigeria,draw_167
Female,2.0442048115985543,2,49.24925,nigeria,draw_167
Male,2.1194153509870852,2,49.24925,nigeria,draw_167
Female,1.93816442561707,3,49.24925,nigeria,draw_167
Male,1.9172803725555294,3,49.24925,nigeria,draw_167
Female,2.039763304843574,2,49.35936,nigeria,draw_167
Male,2.1147682879968537,2,49.35936,nigeria,draw_167
Female,1.9348740927653645,3,49.35936,nigeria,draw_167
Male,1.9141190789057003,3,49.35936,nigeria,draw_167
Female,2.035338793923303,2,49.46947,nigeria,draw_167
Male,2.110136236380861,2,49.46947,nigeria,draw_167
Female,1.931593036250132,3,49.46947,nigeria,draw_167
Male,1.9109652934802284,3,49.46947,nigeria,draw_167
Female,2.030928810636179,2,49.57958,nigeria,draw_167
Male,2.105521621026413,2,49.57958,nigeria,draw_167
Female,1.928320033780931,3,49.57958,nigeria,draw_167
Male,1.9078197652034723,3,49.57958,nigeria,draw_167
Female,2.0265357295218664,2,49.68969,nigeria,draw_167
Male,2.1009233130361573,2,49.68969,nigeria,draw_167
Female,1.9250560532457988,3,49.68969,nigeria,draw_167
Male,1.9046821859551328,3,49.68969,nigeria,draw_167
Female,2.022158613624245,2,49.7998,nigeria,draw_167
Male,2.096339323529422,2,49.7998,nigeria,draw_167
Female,1.9218006691685994,3,49.7998,nigeria,draw_167
Male,1.901551574253752,3,49.7998,nigeria,draw_167
Female,2.017798151752764,2,49.90991,nigeria,draw_167
Male,2.0917717430526346,2,49.90991,nigeria,draw_167
Female,1.918554073527477,3,49.90991,nigeria,draw_167
Male,1.8984288687361721,3,49.90991,nigeria,draw_167
Female,2.013454095047169,2,50.02002,nigeria,draw_167
Male,2.0872195679907346,2,50.02002,nigeria,draw_167
Female,1.915316332231376,3,50.02002,nigeria,draw_167
Male,1.8953137676672203,3,50.02002,nigeria,draw_167
Female,2.009125962588672,2,50.13013,nigeria,draw_167
Male,2.0826834629113207,2,50.13013,nigeria,draw_167
Female,1.9120870283249316,3,50.13013,nigeria,draw_167
Male,1.8922063898776098,3,50.13013,nigeria,draw_167
Female,2.004815098646763,2,50.24024,nigeria,draw_167
Male,2.0781629006988718,2,50.24024,nigeria,draw_167
Female,1.9088667742452328,3,50.24024,nigeria,draw_167
Male,1.8891062403602288,3,50.24024,nigeria,draw_167
Female,2.0005194805568247,2,50.35035,nigeria,draw_167
Male,2.0736590293437898,2,50.35035,nigeria,draw_167
Female,1.9056547152753809,3,50.35035,nigeria,draw_167
Male,1.8860139437310925,3,50.35035,nigeria,draw_167
Female,1.9962402458899642,2,50.46046,nigeria,draw_167
Male,2.069170942778443,2,50.46046,nigeria,draw_167
Female,1.9024516587343354,3,50.46046,nigeria,draw_167
Male,1.882929131920836,3,50.46046,nigeria,draw_167
Female,1.9919749978783552,2,50.57057,nigeria,draw_167
Male,2.064697868780137,2,50.57057,nigeria,draw_167
Female,1.8992564312327032,3,50.57057,nigeria,draw_167
Male,1.879851506861972,3,50.57057,nigeria,draw_167
Female,1.9877262773941127,2,50.68068,nigeria,draw_167
Male,2.0602406615884026,2,50.68068,nigeria,draw_167
Female,1.8960698984764628,3,50.68068,nigeria,draw_167
Male,1.8767816646854625,3,50.68068,nigeria,draw_167
Female,1.9834921300911659,2,50.79079,nigeria,draw_167
Male,2.0557990345976793,2,50.79079,nigeria,draw_167
Female,1.8928913562818488,3,50.79079,nigeria,draw_167
Male,1.8737196358764805,3,50.79079,nigeria,draw_167
Female,1.9792737768929094,2,50.9009,nigeria,draw_167
Male,2.0513719772052053,2,50.9009,nigeria,draw_167
Female,1.8897215423205247,3,50.9009,nigeria,draw_167
Male,1.8706646592277236,3,50.9009,nigeria,draw_167
Female,1.9750724411448675,2,51.01101,nigeria,draw_167
Male,2.0469593776825215,2,51.01101,nigeria,draw_167
Female,1.886560908370943,3,51.01101,nigeria,draw_167
Male,1.8676168464923713,3,51.01101,nigeria,draw_167
Female,1.970886482289406,2,51.12112,nigeria,draw_167
Male,2.042561517750959,2,51.12112,nigeria,draw_167
Female,1.8834083164936857,3,51.12112,nigeria,draw_167
Male,1.8645764345425548,3,51.12112,nigeria,draw_167
Female,1.966716497467535,2,51.23123,nigeria,draw_167
Male,2.038178837931176,2,51.23123,nigeria,draw_167
Female,1.8802641203960109,3,51.23123,nigeria,draw_167
Male,1.8615435517748042,3,51.23123,nigeria,draw_167
Female,1.962562490850458,2,51.34134,nigeria,draw_167
Male,2.033811354378381,2,51.34134,nigeria,draw_167
Female,1.8771282605179798,3,51.34134,nigeria,draw_167
Male,1.8585181438868081,3,51.34134,nigeria,draw_167
Female,1.9584237629326666,2,51.45145,nigeria,draw_167
Male,2.0294597481287275,2,51.45145,nigeria,draw_167
Female,1.8740002679819803,3,51.45145,nigeria,draw_167
Male,1.8555009520785268,3,51.45145,nigeria,draw_167
Female,1.954301461533112,2,51.56156,nigeria,draw_167
Male,2.025123198045782,2,51.56156,nigeria,draw_167
Female,1.8708811849043345,3,51.56156,nigeria,draw_167
Male,1.8524911336049172,3,51.56156,nigeria,draw_167
Female,1.9501935428821928,2,51.67167,nigeria,draw_167
Male,2.0208021834417877,2,51.67167,nigeria,draw_167
Female,1.8677702085249184,3,51.67167,nigeria,draw_167
Male,1.8494888196836208,3,51.67167,nigeria,draw_167
Female,1.9461008085164866,2,51.78178,nigeria,draw_167
Male,2.0164954147110508,2,51.78178,nigeria,draw_167
Female,1.8646677334236208,3,51.78178,nigeria,draw_167
Male,1.8464934070831711,3,51.78178,nigeria,draw_167
Female,1.9420227098861536,2,51.89189,nigeria,draw_167
Male,2.0122040392318103,2,51.89189,nigeria,draw_167
Female,1.861573179003563,3,51.89189,nigeria,draw_167
Male,1.8435055652639603,3,51.89189,nigeria,draw_167
Female,1.937960538052736,2,52.002,nigeria,draw_167
Male,2.0079278510457086,2,52.002,nigeria,draw_167
Female,1.8584872169722764,3,52.002,nigeria,draw_167
Male,1.8405253336285619,3,52.002,nigeria,draw_167
Female,1.9339141059212914,2,52.11211,nigeria,draw_167
Male,2.0036657848801815,2,52.11211,nigeria,draw_167
Female,1.8554097923689996,3,52.11211,nigeria,draw_167
Male,1.8375520332662965,3,52.11211,nigeria,draw_167
Female,1.9298815218695882,2,52.22222,nigeria,draw_167
Male,1.999418932413275,2,52.22222,nigeria,draw_167
Female,1.8523398219339464,3,52.22222,nigeria,draw_167
Male,1.834586037485177,3,52.22222,nigeria,draw_167
Female,1.9258648232162479,2,52.33233,nigeria,draw_167
Male,1.995186637596589,2,52.33233,nigeria,draw_167
Female,1.8492783452387955,3,52.33233,nigeria,draw_167
Male,1.8316272586897626,3,52.33233,nigeria,draw_167
Female,1.9218612001031834,2,52.44244,nigeria,draw_167
Male,1.990969472931779,2,52.44244,nigeria,draw_167
Female,1.846224100397568,3,52.44244,nigeria,draw_167
Male,1.8286757132862261,3,52.44244,nigeria,draw_167
Female,1.9178727889219558,2,52.55255,nigeria,draw_167
Male,1.9867677537387238,2,52.55255,nigeria,draw_167
Female,1.8431782098316438,3,52.55255,nigeria,draw_167
Male,1.8257317757879932,3,52.55255,nigeria,draw_167
Female,1.9139001100830306,2,52.66266,nigeria,draw_167
Male,1.982580660955661,2,52.66266,nigeria,draw_167
Female,1.8401407352627797,3,52.66266,nigeria,draw_167
Male,1.8227951140669547,3,52.66266,nigeria,draw_167
Female,1.9099416015081323,2,52.77277,nigeria,draw_167
Male,1.9784075778248467,2,52.77277,nigeria,draw_167
Female,1.8371111539007448,3,52.77277,nigeria,draw_167
Male,1.8198654426139032,3,52.77277,nigeria,draw_167
Female,1.9059965147877895,2,52.88288,nigeria,draw_167
Male,1.9742481611186713,2,52.88288,nigeria,draw_167
Female,1.8340891148927256,3,52.88288,nigeria,draw_167
Male,1.816942702574683,3,52.88288,nigeria,draw_167
Female,1.9020651754691265,2,52.99299,nigeria,draw_167
Male,1.970104498180471,2,52.99299,nigeria,draw_167
Female,1.8310745616098594,3,52.99299,nigeria,draw_167
Male,1.8140280964224567,3,52.99299,nigeria,draw_167
Female,1.898148520279356,2,53.1031,nigeria,draw_167
Male,1.9659742546869456,2,53.1031,nigeria,draw_167
Female,1.82806809558405,3,53.1031,nigeria,draw_167
Male,1.811120367758699,3,53.1031,nigeria,draw_167
Female,1.8942467994768,2,53.21321,nigeria,draw_167
Male,1.9618599951106817,2,53.21321,nigeria,draw_167
Female,1.825070200570846,3,53.21321,nigeria,draw_167
Male,1.8082205756748015,3,53.21321,nigeria,draw_167
Female,1.8903590318403949,2,53.32332,nigeria,draw_167
Male,1.9577591654793014,2,53.32332,nigeria,draw_167
Female,1.822079968524397,3,53.32332,nigeria,draw_167
Male,1.805327402760385,3,53.32332,nigeria,draw_167
Female,1.8864861859649067,2,53.43343,nigeria,draw_167
Male,1.953674126813547,2,53.43343,nigeria,draw_167
Female,1.8190981588950148,3,53.43343,nigeria,draw_167
Male,1.8024421816833427,3,53.43343,nigeria,draw_167
Female,1.8826273162854705,2,53.54354,nigeria,draw_167
Male,1.949603172602339,2,53.54354,nigeria,draw_167
Female,1.8161240472843745,3,53.54354,nigeria,draw_167
Male,1.7995637146990755,3,53.54354,nigeria,draw_167
Female,1.8787814296068872,2,53.65365,nigeria,draw_167
Male,1.9455461342992846,2,53.65365,nigeria,draw_167
Female,1.8131575408184286,3,53.65365,nigeria,draw_167
Male,1.7966921933202087,3,53.65365,nigeria,draw_167
Female,1.874949822183311,2,53.76376,nigeria,draw_167
Male,1.9415036325062096,2,53.76376,nigeria,draw_167
Female,1.8101989312476638,3,53.76376,nigeria,draw_167
Male,1.7938277320973615,3,53.76376,nigeria,draw_167
Female,1.871131884778013,2,53.87387,nigeria,draw_167
Male,1.937474846199463,2,53.87387,nigeria,draw_167
Female,1.807248035436291,3,53.87387,nigeria,draw_167
Male,1.7909701725083018,3,53.87387,nigeria,draw_167
Female,1.8673280213541146,2,53.98398,nigeria,draw_167
Male,1.9334606992270853,2,53.98398,nigeria,draw_167
Female,1.8043051302045843,3,53.98398,nigeria,draw_167
Male,1.78812002419308,3,53.98398,nigeria,draw_167
Female,1.8635381460218197,2,54.09409,nigeria,draw_167
Male,1.92945915751283,2,54.09409,nigeria,draw_167
Female,1.801369995732478,3,54.09409,nigeria,draw_167
Male,1.7852762645979114,3,54.09409,nigeria,draw_167
Female,1.8597611043382727,2,54.2042,nigeria,draw_167
Male,1.9254722077613275,2,54.2042,nigeria,draw_167
Female,1.7984419885123786,3,54.2042,nigeria,draw_167
Male,1.7824397870941482,3,54.2042,nigeria,draw_167
Female,1.8559989196746818,2,54.31431,nigeria,draw_167
Male,1.921498702568418,2,54.31431,nigeria,draw_167
Female,1.7955222261610202,3,54.31431,nigeria,draw_167
Male,1.779609954717634,3,54.31431,nigeria,draw_167
Female,1.8522505475228896,2,54.42442,nigeria,draw_167
Male,1.9175394767417657,2,54.42442,nigeria,draw_167
Female,1.7926103116211043,3,54.42442,nigeria,draw_167
Male,1.7767871027060218,3,54.42442,nigeria,draw_167
Female,1.8485158318024768,2,54.53453,nigeria,draw_167
Male,1.913593819945077,2,54.53453,nigeria,draw_167
Female,1.789705749673086,3,54.53453,nigeria,draw_167
Male,1.7739711827851214,3,54.53453,nigeria,draw_167
Female,1.8447948095309017,2,54.64464,nigeria,draw_167
Male,1.9096617994337801,2,54.64464,nigeria,draw_167
Female,1.7868087236607895,3,54.64464,nigeria,draw_167
Male,1.7711622189252345,3,54.64464,nigeria,draw_167
Female,1.841087715329525,2,54.75475,nigeria,draw_167
Male,1.9057438173436587,2,54.75475,nigeria,draw_167
Female,1.7839192247363584,3,54.75475,nigeria,draw_167
Male,1.7683603326723956,3,54.75475,nigeria,draw_167
Female,1.8373926451761693,2,54.86486,nigeria,draw_167
Male,1.9018388985940995,2,54.86486,nigeria,draw_167
Female,1.7810366246729576,3,54.86486,nigeria,draw_167
Male,1.7655651936189105,3,54.86486,nigeria,draw_167
Female,1.833712085466764,2,54.97497,nigeria,draw_167
Male,1.8979473538128846,2,54.97497,nigeria,draw_167
Female,1.7781620259220268,3,54.97497,nigeria,draw_167
Male,1.7627766805240745,3,54.97497,nigeria,draw_167
Female,1.830043701143831,2,55.08509,nigeria,draw_167
Male,1.8940693273623965,2,55.08509,nigeria,draw_167
Female,1.7752943164492514,3,55.08509,nigeria,draw_167
Male,1.7599948208905474,3,55.08509,nigeria,draw_167
Female,1.8263886365320314,2,55.1952,nigeria,draw_167
Male,1.8902046935785646,2,55.1952,nigeria,draw_167
Female,1.7724342102635733,3,55.1952,nigeria,draw_167
Male,1.7572197756353498,3,55.1952,nigeria,draw_167
Female,1.822746887410755,2,55.30531,nigeria,draw_167
Male,1.8863544558007566,2,55.30531,nigeria,draw_167
Female,1.7695815347183965,3,55.30531,nigeria,draw_167
Male,1.7544519541537857,3,55.30531,nigeria,draw_167
Female,1.81911900464594,2,55.41542,nigeria,draw_167
Male,1.8825157381563906,2,55.41542,nigeria,draw_167
Female,1.7667364319886154,3,55.41542,nigeria,draw_167
Male,1.7516902971699955,3,55.41542,nigeria,draw_167
Female,1.815505076530407,2,55.52553,nigeria,draw_167
Male,1.878690154235097,2,55.52553,nigeria,draw_167
Female,1.7638990282892344,3,55.52553,nigeria,draw_167
Male,1.7489354990064025,3,55.52553,nigeria,draw_167
Female,1.8119048691266475,2,55.63564,nigeria,draw_167
Male,1.8748774952076572,2,55.63564,nigeria,draw_167
Female,1.761069113328985,3,55.63564,nigeria,draw_167
Male,1.7461871940126732,3,55.63564,nigeria,draw_167
Female,1.8083179528016298,2,55.74575,nigeria,draw_167
Male,1.8710795169026442,2,55.74575,nigeria,draw_167
Female,1.7582463549436913,3,55.74575,nigeria,draw_167
Male,1.743446168827184,3,55.74575,nigeria,draw_167
Female,1.8047442328544039,2,55.85586,nigeria,draw_167
Male,1.8672942144412394,2,55.85586,nigeria,draw_167
Female,1.755431012746374,3,55.85586,nigeria,draw_167
Male,1.7407113574240056,3,55.85586,nigeria,draw_167
Female,1.8011831946920467,2,55.96597,nigeria,draw_167
Male,1.8635214167433363,2,55.96597,nigeria,draw_167
Female,1.7526227850012859,3,55.96597,nigeria,draw_167
Male,1.7379827090597995,3,55.96597,nigeria,draw_167
Female,1.7976360572388783,2,56.07608,nigeria,draw_167
Male,1.8597624048313506,2,56.07608,nigeria,draw_167
Female,1.7498220472714194,3,56.07608,nigeria,draw_167
Male,1.7352608116199932,3,56.07608,nigeria,draw_167
Female,1.7941015234908002,2,56.18619,nigeria,draw_167
Male,1.8560150935922106,2,56.18619,nigeria,draw_167
Female,1.747028361051693,3,56.18619,nigeria,draw_167
Male,1.7325447719437874,3,56.18619,nigeria,draw_167
Female,1.790580128114518,2,56.2963,nigeria,draw_167
Male,1.8522812626608771,2,56.2963,nigeria,draw_167
Female,1.7442420925503466,3,56.2963,nigeria,draw_167
Male,1.7298353905573163,3,56.2963,nigeria,draw_167
Female,1.7870710176511777,2,56.40641,nigeria,draw_167
Male,1.8485595273863922,2,56.40641,nigeria,draw_167
Female,1.7414626633634176,3,56.40641,nigeria,draw_167
Male,1.7271322796448971,3,56.40641,nigeria,draw_167
Female,1.7835738674991204,2,56.51652,nigeria,draw_167
Male,1.8448512499973686,2,56.51652,nigeria,draw_167
Female,1.7386900302657071,3,56.51652,nigeria,draw_167
Male,1.7244359455538538,3,56.51652,nigeria,draw_167
Female,1.780089612853175,2,56.62663,nigeria,draw_167
Male,1.8411561052623047,2,56.62663,nigeria,draw_167
Female,1.7359246585937826,3,56.62663,nigeria,draw_167
Male,1.7217463449311727,3,56.62663,nigeria,draw_167
Female,1.7766180551632467,2,56.73674,nigeria,draw_167
Male,1.8374748844325306,2,56.73674,nigeria,draw_167
Female,1.7331664976746528,3,56.73674,nigeria,draw_167
Male,1.7190639056040553,3,56.73674,nigeria,draw_167
Female,1.7731582000963872,2,56.84685,nigeria,draw_167
Male,1.8338054364362284,2,56.84685,nigeria,draw_167
Female,1.730415052491188,3,56.84685,nigeria,draw_167
Male,1.7163878402201103,3,56.84685,nigeria,draw_167
Female,1.769711506296304,2,56.95696,nigeria,draw_167
Male,1.8301489138529872,2,56.95696,nigeria,draw_167
Female,1.7276710128264319,3,56.95696,nigeria,draw_167
Male,1.7137186187705364,3,56.95696,nigeria,draw_167
Female,1.7662767199949518,2,57.06707,nigeria,draw_167
Male,1.826505295622521,2,57.06707,nigeria,draw_167
Female,1.7249340605677959,3,57.06707,nigeria,draw_167
Male,1.7110562094488782,3,57.06707,nigeria,draw_167
Female,1.7628544542680715,2,57.17718,nigeria,draw_167
Male,1.822874561473189,2,57.17718,nigeria,draw_167
Female,1.7222042500056576,3,57.17718,nigeria,draw_167
Male,1.708400276679136,3,57.17718,nigeria,draw_167
Female,1.7594449755252985,2,57.28729,nigeria,draw_167
Male,1.8192567348798467,2,57.28729,nigeria,draw_167
Female,1.7194817903796946,3,57.28729,nigeria,draw_167
Male,1.7057509347184305,3,57.28729,nigeria,draw_167
Female,1.7560481341312122,2,57.3974,nigeria,draw_167
Male,1.8156514829959685,2,57.3974,nigeria,draw_167
Female,1.7167666696083972,3,57.3974,nigeria,draw_167
Male,1.7031079701870322,3,57.3974,nigeria,draw_167
Female,1.7526635831044064,2,57.50751,nigeria,draw_167
Male,1.812059262524221,2,57.50751,nigeria,draw_167
Female,1.714058781756703,3,57.50751,nigeria,draw_167
Male,1.7004716907142285,3,57.50751,nigeria,draw_167
Female,1.7492910289633778,2,57.61762,nigeria,draw_167
Male,1.808479262327367,2,57.61762,nigeria,draw_167
Female,1.7113579425129892,3,57.61762,nigeria,draw_167
Male,1.6978417886283463,3,57.61762,nigeria,draw_167
Female,1.7459303502529915,2,57.72773,nigeria,draw_167
Male,1.8049112890878112,2,57.72773,nigeria,draw_167
Female,1.708664011202591,3,57.72773,nigeria,draw_167
Male,1.6952182076206543,3,57.72773,nigeria,draw_167
Female,1.7425816122675626,2,57.83784,nigeria,draw_167
Male,1.8013572077531614,2,57.83784,nigeria,draw_167
Female,1.7059769413366046,3,57.83784,nigeria,draw_167
Male,1.6926017758924226,3,57.83784,nigeria,draw_167
Female,1.7392456858990304,2,57.94795,nigeria,draw_167
Male,1.797814488321957,2,57.94795,nigeria,draw_167
Female,1.7032971989636407,3,57.94795,nigeria,draw_167
Male,1.6899913590849889,3,57.94795,nigeria,draw_167
Female,1.7359211037170403,2,58.05806,nigeria,draw_167
Male,1.794284137348152,2,58.05806,nigeria,draw_167
Female,1.7006240716956103,3,58.05806,nigeria,draw_167
Male,1.6873874795397017,3,58.05806,nigeria,draw_167
Female,1.7326088926868264,2,58.16817,nigeria,draw_167
Male,1.7907665148034946,2,58.16817,nigeria,draw_167
Female,1.6979580130998684,3,58.16817,nigeria,draw_167
Male,1.6847903458890212,3,58.16817,nigeria,draw_167
Female,1.7293096489402096,2,58.27828,nigeria,draw_167
Male,1.7872613822694585,2,58.27828,nigeria,draw_167
Female,1.6952992929236153,3,58.27828,nigeria,draw_167
Male,1.6821998029063827,3,58.27828,nigeria,draw_167
Female,1.7260212506361416,2,58.38839,nigeria,draw_167
Male,1.7837688404804946,2,58.38839,nigeria,draw_167
Female,1.6926467751665921,3,58.38839,nigeria,draw_167
Male,1.6796160785046392,3,58.38839,nigeria,draw_167
Female,1.7227451062100594,2,58.4985,nigeria,draw_167
Male,1.7802877339862604,2,58.4985,nigeria,draw_167
Female,1.690001068026006,3,58.4985,nigeria,draw_167
Male,1.6770383934909412,3,58.4985,nigeria,draw_167
Female,1.7194811775591714,2,58.60861,nigeria,draw_167
Male,1.7768192428206657,2,58.60861,nigeria,draw_167
Female,1.6873622327727642,3,58.60861,nigeria,draw_167
Male,1.6744675184736166,3,58.60861,nigeria,draw_167
Female,1.7162286519218688,2,58.71872,nigeria,draw_167
Male,1.7733610275149503,2,58.71872,nigeria,draw_167
Female,1.6847301764500513,3,58.71872,nigeria,draw_167
Male,1.6719019857464086,3,58.71872,nigeria,draw_167
Female,1.7129877163511606,2,58.82883,nigeria,draw_167
Male,1.7699146943666175,2,58.82883,nigeria,draw_167
Female,1.6821050697457696,3,58.82883,nigeria,draw_167
Male,1.6693424748076635,3,58.82883,nigeria,draw_167
Female,1.7097583067855333,2,58.93894,nigeria,draw_167
Male,1.766480531151978,2,58.93894,nigeria,draw_167
Female,1.6794865056468828,3,58.93894,nigeria,draw_167
Male,1.6667889858628242,3,58.93894,nigeria,draw_167
Female,1.7065411314027221,2,59.04905,nigeria,draw_167
Male,1.7630585406256636,2,59.04905,nigeria,draw_167
Female,1.6768749179732572,3,59.04905,nigeria,draw_167
Male,1.6642420111291418,3,59.04905,nigeria,draw_167
Female,1.7033344317458858,2,59.15916,nigeria,draw_167
Male,1.7596488412042617,2,59.15916,nigeria,draw_167
Female,1.6742692862856843,3,59.15916,nigeria,draw_167
Male,1.661701468077505,3,59.15916,nigeria,draw_167
Female,1.7001405707012995,2,59.26927,nigeria,draw_167
Male,1.7562506756069443,2,59.26927,nigeria,draw_167
Female,1.671670908818686,3,59.26927,nigeria,draw_167
Male,1.6591672527067023,3,59.26927,nigeria,draw_167
Female,1.6969574201812325,2,59.37938,nigeria,draw_167
Male,1.7528652229004937,2,59.37938,nigeria,draw_167
Female,1.6690788591213332,3,59.37938,nigeria,draw_167
Male,1.656639850365024,3,59.37938,nigeria,draw_167
Female,1.693785103714962,2,59.48949,nigeria,draw_167
Male,1.7494907797972328,2,59.48949,nigeria,draw_167
Female,1.6664931324883863,3,59.48949,nigeria,draw_167
Male,1.65411841201822,3,59.48949,nigeria,draw_167
Female,1.6906247167436395,2,59.5996,nigeria,draw_167
Male,1.7461291741875986,2,59.5996,nigeria,draw_167
Female,1.6639143509479433,3,59.5996,nigeria,draw_167
Male,1.6516035687383877,3,59.5996,nigeria,draw_167
Female,1.6874753082155811,2,59.70971,nigeria,draw_167
Male,1.7427784894490481,2,59.70971,nigeria,draw_167
Female,1.6613418662394943,3,59.70971,nigeria,draw_167
Male,1.64909452828116,3,59.70971,nigeria,draw_167
Female,1.6843388034681053,2,59.81982,nigeria,draw_167
Male,1.7394397855045511,2,59.81982,nigeria,draw_167
Female,1.658776625647242,3,59.81982,nigeria,draw_167
Male,1.6465920753799903,3,59.81982,nigeria,draw_167
Female,1.6812139860746438,2,59.92993,nigeria,draw_167
Male,1.7361119076617224,2,59.92993,nigeria,draw_167
Female,1.6562179500398193,3,59.92993,nigeria,draw_167
Male,1.6440954591538308,3,59.92993,nigeria,draw_167
Female,1.678101857706147,2,60.04004,nigeria,draw_167
Male,1.7327969704330308,2,60.04004,nigeria,draw_167
Female,1.653666513480777,3,60.04004,nigeria,draw_167
Male,1.641605935453273,3,60.04004,nigeria,draw_167
Female,1.674999734536707,2,60.15015,nigeria,draw_167
Male,1.72949343196454,2,60.15015,nigeria,draw_167
Female,1.6511209457791165,3,60.15015,nigeria,draw_167
Male,1.639122561684593,3,60.15015,nigeria,draw_167
Female,1.6719096773810667,2,60.26026,nigeria,draw_167
Male,1.7262007064191212,2,60.26026,nigeria,draw_167
Female,1.6485821961997464,3,60.26026,nigeria,draw_167
Male,1.6366450924741704,3,60.26026,nigeria,draw_167
Female,1.668830534748394,2,60.37037,nigeria,draw_167
Male,1.7229204009801915,2,60.37037,nigeria,draw_167
Female,1.6460499017090242,3,60.37037,nigeria,draw_167
Male,1.6341743581563277,3,60.37037,nigeria,draw_167
Female,1.6657627210194115,2,60.48048,nigeria,draw_167
Male,1.7196508492300326,2,60.48048,nigeria,draw_167
Female,1.643524080812209,3,60.48048,nigeria,draw_167
Male,1.6317096583048514,3,60.48048,nigeria,draw_167
Female,1.6627064804366425,2,60.59059,nigeria,draw_167
Male,1.71639333835832,2,60.59059,nigeria,draw_167
Female,1.6410049498515764,3,60.59059,nigeria,draw_167
Male,1.62925134703517,3,60.59059,nigeria,draw_167
Female,1.6596619200515967,2,60.7007,nigeria,draw_167
Male,1.7131467205885196,2,60.7007,nigeria,draw_167
Female,1.6384924950006157,3,60.7007,nigeria,draw_167
Male,1.626798748904741,3,60.7007,nigeria,draw_167
Female,1.6566285557684393,2,60.81081,nigeria,draw_167
Male,1.7099110552042867,2,60.81081,nigeria,draw_167
Female,1.6359863378374122,3,60.81081,nigeria,draw_167
Male,1.6243519888565159,3,60.81081,nigeria,draw_167
Female,1.6536056917081685,2,60.92092,nigeria,draw_167
Male,1.7066872320254591,2,60.92092,nigeria,draw_167
Female,1.6334863358563425,3,60.92092,nigeria,draw_167
Male,1.621911548164182,3,60.92092,nigeria,draw_167
Female,1.6505940112453004,2,61.03103,nigeria,draw_167
Male,1.7034736785748028,2,61.03103,nigeria,draw_167
Female,1.6309927085843197,3,61.03103,nigeria,draw_167
Male,1.619476284242396,3,61.03103,nigeria,draw_167
Female,1.6475941653095345,2,61.14114,nigeria,draw_167
Male,1.7002722811686446,2,61.14114,nigeria,draw_167
Female,1.628505932680203,3,61.14114,nigeria,draw_167
Male,1.6170473682778823,3,61.14114,nigeria,draw_167
Female,1.6446040406577067,2,61.25125,nigeria,draw_167
Male,1.6970819250279827,2,61.25125,nigeria,draw_167
Female,1.6260247529583085,3,61.25125,nigeria,draw_167
Male,1.6146243370415958,3,61.25125,nigeria,draw_167
Female,1.6416251811905036,2,61.36136,nigeria,draw_167
Male,1.6939026213680917,2,61.36136,nigeria,draw_167
Female,1.6235502389745344,3,61.36136,nigeria,draw_167
Male,1.6122074956001327,3,61.36136,nigeria,draw_167
Female,1.6386564150393492,2,61.47147,nigeria,draw_167
Male,1.6907337702267817,2,61.47147,nigeria,draw_167
Female,1.6210818075779416,3,61.47147,nigeria,draw_167
Male,1.6097965006782562,3,61.47147,nigeria,draw_167
Female,1.6356988829035692,2,61.58158,nigeria,draw_167
Male,1.6875764007580702,2,61.58158,nigeria,draw_167
Female,1.6186200086971334,3,61.58158,nigeria,draw_167
Male,1.6073916197630334,3,61.58158,nigeria,draw_167
Female,1.6327523498143626,2,61.69169,nigeria,draw_167
Male,1.6844293263542154,2,61.69169,nigeria,draw_167
Female,1.6161647369991716,3,61.69169,nigeria,draw_167
Male,1.6049922221024795,3,61.69169,nigeria,draw_167
Female,1.6298153511725142,2,61.8018,nigeria,draw_167
Male,1.6812930729625202,2,61.8018,nigeria,draw_167
Female,1.6137152365759306,3,61.8018,nigeria,draw_167
Male,1.6025987134331416,3,61.8018,nigeria,draw_167
Female,1.6268895644301475,2,61.91191,nigeria,draw_167
Male,1.6781685980636911,2,61.91191,nigeria,draw_167
Female,1.6112722686523138,3,61.91191,nigeria,draw_167
Male,1.600211525740159,3,61.91191,nigeria,draw_167
Female,1.6239744737550434,2,62.02202,nigeria,draw_167
Male,1.6750547540828598,2,62.02202,nigeria,draw_167
Female,1.6088354582386208,3,62.02202,nigeria,draw_167
Male,1.5978299337303492,3,62.02202,nigeria,draw_167
Female,1.6210693496519204,2,62.13213,nigeria,draw_167
Male,1.6719516855542593,2,62.13213,nigeria,draw_167
Female,1.6064045695771625,3,62.13213,nigeria,draw_167
Male,1.5954541030706628,3,62.13213,nigeria,draw_167
Female,1.6181735862777686,2,62.24224,nigeria,draw_167
Male,1.668860624029795,2,62.24224,nigeria,draw_167
Female,1.6039791306715527,3,62.24224,nigeria,draw_167
Male,1.5930846092824256,3,62.24224,nigeria,draw_167
Female,1.6152891894987271,2,62.35235,nigeria,draw_167
Male,1.6657796240731326,2,62.35235,nigeria,draw_167
Female,1.6015602141423668,3,62.35235,nigeria,draw_167
Male,1.5907204619642987,3,62.35235,nigeria,draw_167
Female,1.6124139015239745,2,62.46246,nigeria,draw_167
Male,1.6627091216719627,2,62.46246,nigeria,draw_167
Female,1.5991467397016954,3,62.46246,nigeria,draw_167
Male,1.5883620395308247,3,62.46246,nigeria,draw_167
Female,1.6095495817092014,2,62.57257,nigeria,draw_167
Male,1.6596495365491826,2,62.57257,nigeria,draw_167
Female,1.596739935011394,3,62.57257,nigeria,draw_167
Male,1.5860093318989859,3,62.57257,nigeria,draw_167
Female,1.60669536559759,2,62.68268,nigeria,draw_167
Male,1.6566013528876344,2,62.68268,nigeria,draw_167
Female,1.5943390019160364,3,62.68268,nigeria,draw_167
Male,1.5836627068708644,3,62.68268,nigeria,draw_167
Female,1.6038516070713735,2,62.79279,nigeria,draw_167
Male,1.6535638489300226,2,62.79279,nigeria,draw_167
Female,1.5919445351249522,3,62.79279,nigeria,draw_167
Male,1.5813217915719895,3,62.79279,nigeria,draw_167
Female,1.6010166150036491,2,62.9029,nigeria,draw_167
Male,1.6505353888313998,2,62.9029,nigeria,draw_167
Female,1.5895555882437222,3,62.9029,nigeria,draw_167
Male,1.57898588614286,3,62.9029,nigeria,draw_167
Female,1.5981926286625143,2,63.01301,nigeria,draw_167
Male,1.6475181246764012,2,63.01301,nigeria,draw_167
Female,1.5871734509415671,3,63.01301,nigeria,draw_167
Male,1.5766560443944941,3,63.01301,nigeria,draw_167
Female,1.5953780635625157,2,63.12312,nigeria,draw_167
Male,1.644510341809336,2,63.12312,nigeria,draw_167
Female,1.5847968472101934,3,63.12312,nigeria,draw_167
Male,1.5743314437831493,3,63.12312,nigeria,draw_167
Female,1.5925738132511114,2,63.23323,nigeria,draw_167
Male,1.6415131300585888,2,63.23323,nigeria,draw_167
Female,1.5824262280826054,3,63.23323,nigeria,draw_167
Male,1.5720127426863586,3,63.23323,nigeria,draw_167
Female,1.5897798438344548,2,63.34334,nigeria,draw_167
Male,1.6385272615898576,2,63.34334,nigeria,draw_167
Female,1.5800615999560748,3,63.34334,nigeria,draw_167
Male,1.569699918937165,3,63.34334,nigeria,draw_167
Female,1.58699573752518,2,63.45345,nigeria,draw_167
Male,1.6355506103567465,2,63.45345,nigeria,draw_167
Female,1.5777028289770592,3,63.45345,nigeria,draw_167
Male,1.5673920398524401,3,63.45345,nigeria,draw_167
Female,1.5842230422503907,2,63.56356,nigeria,draw_167
Male,1.6325846845475342,2,63.56356,nigeria,draw_167
Female,1.5753508561514789,3,63.56356,nigeria,draw_167
Male,1.5650898645870797,3,63.56356,nigeria,draw_167
Female,1.5814600619919479,2,63.67367,nigeria,draw_167
Male,1.6296291725005387,2,63.67367,nigeria,draw_167
Female,1.5730045721532548,3,63.67367,nigeria,draw_167
Male,1.5627934216059953,3,63.67367,nigeria,draw_167
Female,1.5787059883407006,2,63.78378,nigeria,draw_167
Male,1.6266832994997944,2,63.78378,nigeria,draw_167
Female,1.570663691565171,3,63.78378,nigeria,draw_167
Male,1.560502532556235,3,63.78378,nigeria,draw_167
Female,1.575961412673642,2,63.89389,nigeria,draw_167
Male,1.6237476578549166,2,63.89389,nigeria,draw_167
Female,1.568328715849269,3,63.89389,nigeria,draw_167
Male,1.5582173028682917,3,63.89389,nigeria,draw_167
Female,1.5732275303494954,2,64.004,nigeria,draw_167
Male,1.6208232441685657,2,64.004,nigeria,draw_167
Female,1.5659998624262497,3,64.004,nigeria,draw_167
Male,1.555938130695515,3,64.004,nigeria,draw_167
Female,1.57050226710418,2,64.11411,nigeria,draw_167
Male,1.6179082866621803,2,64.11411,nigeria,draw_167
Female,1.5636760849453308,3,64.11411,nigeria,draw_167
Male,1.5536641413814558,3,64.11411,nigeria,draw_167
Female,1.567787638877767,2,64.22422,nigeria,draw_167
Male,1.6150045101802508,2,64.22422,nigeria,draw_167
Female,1.5613587328571545,3,64.22422,nigeria,draw_167
Male,1.5513963146862642,3,64.22422,nigeria,draw_167
Female,1.565081463034126,2,64.33433,nigeria,draw_167
Male,1.6121103913634776,2,64.33433,nigeria,draw_167
Female,1.559046686411438,3,64.33433,nigeria,draw_167
Male,1.5491336022965607,3,64.33433,nigeria,draw_167
Female,1.5623839250794134,2,64.44444,nigeria,draw_167
Male,1.6092265989809709,2,64.44444,nigeria,draw_167
Female,1.5567399559116375,3,64.44444,nigeria,draw_167
Male,1.5468763545555642,3,64.44444,nigeria,draw_167
Female,1.559697509035744,2,64.55455,nigeria,draw_167
Male,1.606352937816104,2,64.55455,nigeria,draw_167
Female,1.5544398555267986,3,64.55455,nigeria,draw_167
Male,1.5446245861279089,3,64.55455,nigeria,draw_167
Female,1.557019784686874,2,64.66466,nigeria,draw_167
Male,1.6034894563149789,2,64.66466,nigeria,draw_167
Female,1.5521450247467548,3,64.66466,nigeria,draw_167
Male,1.5423783807523286,3,64.66466,nigeria,draw_167
Female,1.5543517796858304,2,64.77477,nigeria,draw_167
Male,1.6006360595801536,2,64.77477,nigeria,draw_167
Female,1.5498559401387324,3,64.77477,nigeria,draw_167
Male,1.5401378141847957,3,64.77477,nigeria,draw_167
Female,1.5516928607752283,2,64.88488,nigeria,draw_167
Male,1.5977923423524156,2,64.88488,nigeria,draw_167
Female,1.5475725907992393,3,64.88488,nigeria,draw_167
Male,1.5379026251371888,3,64.88488,nigeria,draw_167
Female,1.5490438657072876,2,64.99499,nigeria,draw_167
Male,1.5949590885355185,2,64.99499,nigeria,draw_167
Female,1.54529515865455,3,64.99499,nigeria,draw_167
Male,1.5356733324887886,3,64.99499,nigeria,draw_167
Female,1.54640268971108,2,65.10511,nigeria,draw_167
Male,1.5921345131744375,2,65.10511,nigeria,draw_167
Female,1.543022726774148,3,65.10511,nigeria,draw_167
Male,1.5334487206986316,3,65.10511,nigeria,draw_167
Female,1.5437727592536767,2,65.21522,nigeria,draw_167
Male,1.5893204232820402,2,65.21522,nigeria,draw_167
Female,1.5407571226481547,3,65.21522,nigeria,draw_167
Male,1.531229741734899,3,65.21522,nigeria,draw_167
Female,1.541150886902849,2,65.32533,nigeria,draw_167
Male,1.5865155138050953,2,65.32533,nigeria,draw_167
Female,1.5384966854719817,3,65.32533,nigeria,draw_167
Male,1.5290159628946547,3,65.32533,nigeria,draw_167
Female,1.5385380580889212,2,65.43544,nigeria,draw_167
Male,1.5837203116276615,2,65.43544,nigeria,draw_167
Female,1.5362415570374104,3,65.43544,nigeria,draw_167
Male,1.526807728003605,3,65.43544,nigeria,draw_167
Female,1.5359354573148494,2,65.54555,nigeria,draw_167
Male,1.5809345956375722,2,65.54555,nigeria,draw_167
Female,1.533992246051323,3,65.54555,nigeria,draw_167
Male,1.5246046081128153,3,65.54555,nigeria,draw_167
Female,1.5333424772751054,2,65.65566,nigeria,draw_167
Male,1.5781585896570212,2,65.65566,nigeria,draw_167
Female,1.531748880002958,3,65.65566,nigeria,draw_167
Male,1.522406907234915,3,65.65566,nigeria,draw_167
Female,1.5307587694873,2,65.76577,nigeria,draw_167
Male,1.5753913704760412,2,65.76577,nigeria,draw_167
Female,1.5295112025095192,3,65.76577,nigeria,draw_167
Male,1.5202140947958191,3,65.76577,nigeria,draw_167
Female,1.5281841935061296,2,65.87588,nigeria,draw_167
Male,1.5726347501533866,2,65.87588,nigeria,draw_167
Female,1.5272792025353408,3,65.87588,nigeria,draw_167
Male,1.518026983418329,3,65.87588,nigeria,draw_167
Female,1.5256192215405622,2,65.98599,nigeria,draw_167
Male,1.5698876180617554,2,65.98599,nigeria,draw_167
Female,1.5250527769294757,3,65.98599,nigeria,draw_167
Male,1.5158452093516677,3,65.98599,nigeria,draw_167
Female,1.5230639658721727,2,66.0961,nigeria,draw_167
Male,1.5671499997221319,2,66.0961,nigeria,draw_167
Female,1.5228321161887144,3,66.0961,nigeria,draw_167
Male,1.513668613737423,3,66.0961,nigeria,draw_167
Female,1.520518180418998,2,66.20621,nigeria,draw_167
Male,1.564421181982045,2,66.20621,nigeria,draw_167
Female,1.5206170309268712,3,66.20621,nigeria,draw_167
Male,1.5114970393144544,3,66.20621,nigeria,draw_167
Female,1.517980922290181,2,66.31632,nigeria,draw_167
Male,1.5617015972084762,2,66.31632,nigeria,draw_167
Female,1.5184068322874738,3,66.31632,nigeria,draw_167
Male,1.5093307301583199,3,66.31632,nigeria,draw_167
Female,1.515454214327221,2,66.42643,nigeria,draw_167
Male,1.5589911227556015,2,66.42643,nigeria,draw_167
Female,1.5162030818248704,3,66.42643,nigeria,draw_167
Male,1.50716938707131,3,66.42643,nigeria,draw_167
Female,1.5129343861110565,2,66.53654,nigeria,draw_167
Male,1.556291032547219,2,66.53654,nigeria,draw_167
Female,1.514003597767179,3,66.53654,nigeria,draw_167
Male,1.5050137967845731,3,66.53654,nigeria,draw_167
Female,1.5104237062026098,2,66.64665,nigeria,draw_167
Male,1.5535983575281673,2,66.64665,nigeria,draw_167
Female,1.5118096452174352,3,66.64665,nigeria,draw_167
Male,1.5028624385009204,3,66.64665,nigeria,draw_167
Female,1.5079218036805193,2,66.75676,nigeria,draw_167
Male,1.5509162003417483,2,66.75676,nigeria,draw_167
Female,1.5096211915723872,3,66.75676,nigeria,draw_167
Male,1.5007167687845138,3,66.75676,nigeria,draw_167
Female,1.5054294371127839,2,66.86687,nigeria,draw_167
Male,1.5482434371588847,2,66.86687,nigeria,draw_167
Female,1.5074386000734703,3,66.86687,nigeria,draw_167
Male,1.4985763364884686,3,66.86687,nigeria,draw_167
Female,1.502945865481638,2,66.97698,nigeria,draw_167
Male,1.545579796985032,2,66.97698,nigeria,draw_167
Female,1.5052615500889368,3,66.97698,nigeria,draw_167
Male,1.496441032245179,3,66.97698,nigeria,draw_167
Female,1.500471604586595,2,67.08709,nigeria,draw_167
Male,1.5429263769706454,2,67.08709,nigeria,draw_167
Female,1.503090265713409,3,67.08709,nigeria,draw_167
Male,1.494311550114645,3,67.08709,nigeria,draw_167
Female,1.4980058938219576,2,67.1972,nigeria,draw_167
Male,1.5402811886062306,2,67.1972,nigeria,draw_167
Female,1.5009243545258122,3,67.1972,nigeria,draw_167
Male,1.4921869526770923,3,67.1972,nigeria,draw_167
Female,1.4955496493805005,2,67.30731,nigeria,draw_167
Male,1.537645752975172,2,67.30731,nigeria,draw_167
Female,1.4987643057094049,3,67.30731,nigeria,draw_167
Male,1.4900678382735204,3,67.30731,nigeria,draw_167
Female,1.4931023345039762,2,67.41742,nigeria,draw_167
Male,1.5350182389809528,2,67.41742,nigeria,draw_167
Female,1.4966098044404939,3,67.41742,nigeria,draw_167
Male,1.4879534207337448,3,67.41742,nigeria,draw_167
Female,1.490663629141639,2,67.52753,nigeria,draw_167
Male,1.5324002761127316,2,67.52753,nigeria,draw_167
Female,1.4944604881217551,3,67.52753,nigeria,draw_167
Male,1.4858443133125252,3,67.52753,nigeria,draw_167
Female,1.4882346958271053,2,67.63764,nigeria,draw_167
Male,1.5297911527595482,2,67.63764,nigeria,draw_167
Female,1.4923171182022565,3,67.63764,nigeria,draw_167
Male,1.4837402117260823,3,67.63764,nigeria,draw_167
Female,1.4858139890858013,2,67.74775,nigeria,draw_167
Male,1.5271920407077988,2,67.74775,nigeria,draw_167
Female,1.490178676305818,3,67.74775,nigeria,draw_167
Male,1.4816416413986617,3,67.74775,nigeria,draw_167
Female,1.4834028584964047,2,67.85786,nigeria,draw_167
Male,1.5246018533867127,2,67.85786,nigeria,draw_167
Female,1.4880460040741161,3,67.85786,nigeria,draw_167
Male,1.4795481809118718,3,67.85786,nigeria,draw_167
Female,1.4809992431609746,2,67.96797,nigeria,draw_167
Male,1.522019732242935,2,67.96797,nigeria,draw_167
Female,1.4859182024454516,3,67.96797,nigeria,draw_167
Male,1.477459573850967,3,67.96797,nigeria,draw_167
Female,1.4786049179044893,2,68.07808,nigeria,draw_167
Male,1.5194464158346308,2,68.07808,nigeria,draw_167
Female,1.4837960001406019,3,68.07808,nigeria,draw_167
Male,1.47537593702792,3,68.07808,nigeria,draw_167
Female,1.4762193861562398,2,68.18819,nigeria,draw_167
Male,1.5168827439481394,2,68.18819,nigeria,draw_167
Female,1.4816793271333817,3,68.18819,nigeria,draw_167
Male,1.473297924643233,3,68.18819,nigeria,draw_167
Female,1.4738425618075883,2,68.2983,nigeria,draw_167
Male,1.5143275552133832,2,68.2983,nigeria,draw_167
Female,1.4795680827809947,3,68.2983,nigeria,draw_167
Male,1.4712247155773033,3,68.2983,nigeria,draw_167
Female,1.4714750493865745,2,68.40841,nigeria,draw_167
Male,1.5117807829616936,2,68.40841,nigeria,draw_167
Female,1.4774625355850632,3,68.40841,nigeria,draw_167
Male,1.469156297491171,3,68.40841,nigeria,draw_167
Female,1.4691155440929975,2,68.51852,nigeria,draw_167
Male,1.5092430440523854,2,68.51852,nigeria,draw_167
Female,1.4753618776849755,3,68.51852,nigeria,draw_167
Male,1.467093092595144,3,68.51852,nigeria,draw_167
Female,1.4667642694696386,2,68.62863,nigeria,draw_167
Male,1.506713394923709,2,68.62863,nigeria,draw_167
Female,1.4732661964959524,3,68.62863,nigeria,draw_167
Male,1.4650345165841454,3,68.62863,nigeria,draw_167
Female,1.464421278904156,2,68.73874,nigeria,draw_167
Male,1.5041934516676996,2,68.73874,nigeria,draw_167
Female,1.471175738036339,3,68.73874,nigeria,draw_167
Male,1.4629814362051832,3,68.73874,nigeria,draw_167
Female,1.462087280954116,2,68.84885,nigeria,draw_167
Male,1.5016815655638014,2,68.84885,nigeria,draw_167
Female,1.4690908078371436,3,68.84885,nigeria,draw_167
Male,1.4609330685865705,3,68.84885,nigeria,draw_167
Female,1.4597612667654953,2,68.95896,nigeria,draw_167
Male,1.4991783308437479,2,68.95896,nigeria,draw_167
Female,1.4670105878905524,3,68.95896,nigeria,draw_167
Male,1.458889648461704,3,68.95896,nigeria,draw_167
Female,1.4574435235089973,2,69.06907,nigeria,draw_167
Male,1.4966850060965362,2,69.06907,nigeria,draw_167
Female,1.4649353791275592,3,69.06907,nigeria,draw_167
Male,1.4568515025957176,3,69.06907,nigeria,draw_167
Female,1.4551349838806764,2,69.17918,nigeria,draw_167
Male,1.4941998142760353,2,69.17918,nigeria,draw_167
Female,1.4628658629079432,3,69.17918,nigeria,draw_167
Male,1.4548177218127853,3,69.17918,nigeria,draw_167
Female,1.452834083795188,2,69.28929,nigeria,draw_167
Male,1.4917229055888348,2,69.28929,nigeria,draw_167
Female,1.460801243356533,3,69.28929,nigeria,draw_167
Male,1.4527884985722457,3,69.28929,nigeria,draw_167
Female,1.4505411505631993,2,69.3994,nigeria,draw_167
Male,1.4892547840711896,2,69.3994,nigeria,draw_167
Female,1.4587415120706535,3,69.3994,nigeria,draw_167
Male,1.4507644317730806,3,69.3994,nigeria,draw_167
Female,1.4482567946085827,2,69.50951,nigeria,draw_167
Male,1.4867948857058546,2,69.50951,nigeria,draw_167
Female,1.4566871039363452,3,69.50951,nigeria,draw_167
Male,1.4487453140438864,3,69.50951,nigeria,draw_167
Female,1.4459804115135164,2,69.61962,nigeria,draw_167
Male,1.4843435225919848,2,69.61962,nigeria,draw_167
Female,1.4546376349559482,3,69.61962,nigeria,draw_167
Male,1.4467312572333384,3,69.61962,nigeria,draw_167
Female,1.4437127627722808,2,69.72973,nigeria,draw_167
Male,1.4819002265369832,2,69.72973,nigeria,draw_167
Female,1.452593710864409,3,69.72973,nigeria,draw_167
Male,1.4447220007027501,3,69.72973,nigeria,draw_167
Female,1.441453004596432,2,69.83984,nigeria,draw_167
Male,1.479464503062707,2,69.83984,nigeria,draw_167
Female,1.4505546945786787,3,69.83984,nigeria,draw_167
Male,1.4427172902760066,3,69.83984,nigeria,draw_167
Female,1.4392014108382918,2,69.94995,nigeria,draw_167
Male,1.4770368987481046,2,69.94995,nigeria,draw_167
Female,1.4485206629391794,3,69.94995,nigeria,draw_167
Male,1.4407172718500838,3,69.94995,nigeria,draw_167
Female,1.4369578344067921,2,70.06006,nigeria,draw_167
Male,1.4746185721231975,2,70.06006,nigeria,draw_167
Female,1.4464915743320108,3,70.06006,nigeria,draw_167
Male,1.438722474614508,3,70.06006,nigeria,draw_167
Female,1.434722795659605,2,70.17017,nigeria,draw_167
Male,1.4722082583401388,2,70.17017,nigeria,draw_167
Female,1.444467500001849,3,70.17017,nigeria,draw_167
Male,1.436732269868627,3,70.17017,nigeria,draw_167
Female,1.432496161390144,2,70.28028,nigeria,draw_167
Male,1.4698059671062997,2,70.28028,nigeria,draw_167
Female,1.4424487261701457,3,70.28028,nigeria,draw_167
Male,1.4347467694326237,3,70.28028,nigeria,draw_167
Female,1.4302774777338454,2,70.39039,nigeria,draw_167
Male,1.4674124025422843,2,70.39039,nigeria,draw_167
Female,1.4404350309022536,3,70.39039,nigeria,draw_167
Male,1.43276639767244,3,70.39039,nigeria,draw_167
Female,1.428065525299665,2,70.5005,nigeria,draw_167
Male,1.4650266350107362,2,70.5005,nigeria,draw_167
Female,1.4384256482628266,3,70.5005,nigeria,draw_167
Male,1.4307906126666232,3,70.5005,nigeria,draw_167
Female,1.425862605186734,2,70.61061,nigeria,draw_167
Male,1.462649246059717,2,70.61061,nigeria,draw_167
Female,1.4364222640011672,3,70.61061,nigeria,draw_167
Male,1.4288198399268717,3,70.61061,nigeria,draw_167
Female,1.423667923303373,2,70.72072,nigeria,draw_167
Male,1.4602794000792743,2,70.72072,nigeria,draw_167
Female,1.434424033358102,3,70.72072,nigeria,draw_167
Male,1.426853545301982,3,70.72072,nigeria,draw_167
Female,1.4214805708120637,2,70.83083,nigeria,draw_167
Male,1.4579173856541106,2,70.83083,nigeria,draw_167
Female,1.432430507844397,3,70.83083,nigeria,draw_167
Male,1.4248918520147205,3,70.83083,nigeria,draw_167
Female,1.419301994315983,2,70.94094,nigeria,draw_167
Male,1.4555632445465343,2,70.94094,nigeria,draw_167
Female,1.4304425370617473,3,70.94094,nigeria,draw_167
Male,1.4229346826055038,3,70.94094,nigeria,draw_167
Female,1.4171291146103322,2,71.05105,nigeria,draw_167
Male,1.4532178283470152,2,71.05105,nigeria,draw_167
Female,1.4284583438076293,3,71.05105,nigeria,draw_167
Male,1.4209824461734035,3,71.05105,nigeria,draw_167
Female,1.414966710769864,2,71.16116,nigeria,draw_167
Male,1.4508798936799168,2,71.16116,nigeria,draw_167
Female,1.4264804107678588,3,71.16116,nigeria,draw_167
Male,1.4190345857864517,3,71.16116,nigeria,draw_167
Female,1.4128104113037816,2,71.27127,nigeria,draw_167
Male,1.4485500199490295,2,71.27127,nigeria,draw_167
Female,1.4245065532132433,3,71.27127,nigeria,draw_167
Male,1.417091279751331,3,71.27127,nigeria,draw_167
Female,1.4106624266802015,2,71.38138,nigeria,draw_167
Male,1.4462284769479725,2,71.38138,nigeria,draw_167
Female,1.4225380159199867,3,71.38138,nigeria,draw_167
Male,1.4151527817734402,3,71.38138,nigeria,draw_167
Female,1.4085236201083895,2,71.49149,nigeria,draw_167
Male,1.4439149397700621,2,71.49149,nigeria,draw_167
Female,1.4205748305537642,3,71.49149,nigeria,draw_167
Male,1.4132190264854954,3,71.49149,nigeria,draw_167
Female,1.406391953134978,2,71.6016,nigeria,draw_167
Male,1.4416086689917942,2,71.6016,nigeria,draw_167
Female,1.4186163110215988,3,71.6016,nigeria,draw_167
Male,1.4112895190568693,3,71.6016,nigeria,draw_167
Female,1.4042679551190944,2,71.71171,nigeria,draw_167
Male,1.4393102776202393,2,71.71171,nigeria,draw_167
Female,1.416662695072099,3,71.71171,nigeria,draw_167
Male,1.4093648941853463,3,71.71171,nigeria,draw_167
Female,1.4021526227743115,2,71.82182,nigeria,draw_167
Male,1.4370199235306,2,71.82182,nigeria,draw_167
Female,1.4147146443824121,3,71.82182,nigeria,draw_167
Male,1.4074452635536265,3,71.82182,nigeria,draw_167
Female,1.4000443254822255,2,71.93193,nigeria,draw_167
Male,1.4347368049399738,2,71.93193,nigeria,draw_167
Female,1.412771180207287,3,71.93193,nigeria,draw_167
Male,1.4055302540966161,3,71.93193,nigeria,draw_167
Female,1.3979432949945114,2,72.04204,nigeria,draw_167
Male,1.4324613639078485,2,72.04204,nigeria,draw_167
Female,1.4108328233224683,3,72.04204,nigeria,draw_167
Male,1.4036200411578752,3,72.04204,nigeria,draw_167
Female,1.3958495157582846,2,72.15215,nigeria,draw_167
Male,1.4301919166946737,2,72.15215,nigeria,draw_167
Female,1.4088994103961838,3,72.15215,nigeria,draw_167
Male,1.401713557018004,3,72.15215,nigeria,draw_167
Female,1.3937636912459346,2,72.26226,nigeria,draw_167
Male,1.427930719797145,2,72.26226,nigeria,draw_167
Female,1.406971378504863,3,72.26226,nigeria,draw_167
Male,1.3998120170518655,3,72.26226,nigeria,draw_167
Female,1.3916845781742897,2,72.37237,nigeria,draw_167
Male,1.4256768154613682,2,72.37237,nigeria,draw_167
Female,1.4050479979898163,3,72.37237,nigeria,draw_167
Male,1.3979148597765445,3,72.37237,nigeria,draw_167
Female,1.3896129664061148,2,72.48248,nigeria,draw_167
Male,1.423429980600383,2,72.48248,nigeria,draw_167
Female,1.4031296355970009,3,72.48248,nigeria,draw_167
Male,1.3960220068665368,3,72.48248,nigeria,draw_167
Female,1.3875481565270118,2,72.59259,nigeria,draw_167
Male,1.4211907006648044,2,72.59259,nigeria,draw_167
Female,1.4012158572555753,3,72.59259,nigeria,draw_167
Male,1.3941339947824636,3,72.59259,nigeria,draw_167
Female,1.38549051203369,2,72.7027,nigeria,draw_167
Male,1.4189588757923022,2,72.7027,nigeria,draw_167
Female,1.399307074377228,3,72.7027,nigeria,draw_167
Male,1.3922507548236547,3,72.7027,nigeria,draw_167
Female,1.383440491368571,2,72.81281,nigeria,draw_167
Male,1.4167342774934373,2,72.81281,nigeria,draw_167
Female,1.3974035463053944,3,72.81281,nigeria,draw_167
Male,1.3903719751733021,3,72.81281,nigeria,draw_167
Female,1.3813973695132786,2,72.92292,nigeria,draw_167
Male,1.4145158367769064,2,72.92292,nigeria,draw_167
Female,1.395504839907233,3,72.92292,nigeria,draw_167
Male,1.3884970111011368,3,72.92292,nigeria,draw_167
Female,1.3793606772061684,2,73.03303,nigeria,draw_167
Male,1.412305637236201,2,73.03303,nigeria,draw_167
Female,1.393610573821824,3,73.03303,nigeria,draw_167
Male,1.3866269924566552,3,73.03303,nigeria,draw_167
Female,1.3773310588378989,2,73.14314,nigeria,draw_167
Male,1.410102816830507,2,73.14314,nigeria,draw_167
Female,1.391721325014595,3,73.14314,nigeria,draw_167
Male,1.384761475614051,3,73.14314,nigeria,draw_167
Female,1.375308793143993,2,73.25325,nigeria,draw_167
Male,1.4079057793773533,2,73.25325,nigeria,draw_167
Female,1.38983725499679,3,73.25325,nigeria,draw_167
Male,1.3828996844541739,3,73.25325,nigeria,draw_167
Female,1.3732922400632073,2,73.36336,nigeria,draw_167
Male,1.4057177842674893,2,73.36336,nigeria,draw_167
Female,1.387957280809171,3,73.36336,nigeria,draw_167
Male,1.3810433089210779,3,73.36336,nigeria,draw_167
Female,1.371282192866706,2,73.47347,nigeria,draw_167
Male,1.4035351382329184,2,73.47347,nigeria,draw_167
Female,1.3860819525019887,3,73.47347,nigeria,draw_167
Male,1.3791906355814518,3,73.47347,nigeria,draw_167
Female,1.3692797636253293,2,73.58358,nigeria,draw_167
Male,1.4013600687814838,2,73.58358,nigeria,draw_167
Female,1.384211667875366,3,73.58358,nigeria,draw_167
Male,1.3773426499768853,3,73.58358,nigeria,draw_167
Female,1.367283679337254,2,73.69369,nigeria,draw_167
Male,1.3991923474515129,2,73.69369,nigeria,draw_167
Female,1.382345788661146,3,73.69369,nigeria,draw_167
Male,1.3754994523994266,3,73.69369,nigeria,draw_167
Female,1.365295116101659,2,73.8038,nigeria,draw_167
Male,1.3970314044791887,2,73.8038,nigeria,draw_167
Female,1.3804848285297247,3,73.8038,nigeria,draw_167
Male,1.3736605427508597,3,73.8038,nigeria,draw_167
Female,1.3633126042018826,2,73.91391,nigeria,draw_167
Male,1.3948773678327129,2,73.91391,nigeria,draw_167
Female,1.37862806722038,3,73.91391,nigeria,draw_167
Male,1.3718259445584629,3,73.91391,nigeria,draw_167
Female,1.3613376596645277,2,74.02402,nigeria,draw_167
Male,1.392730616413437,2,74.02402,nigeria,draw_167
Female,1.3767765346654983,3,74.02402,nigeria,draw_167
Male,1.3699960437171137,3,74.02402,nigeria,draw_167
Female,1.359368491002362,2,74.13413,nigeria,draw_167
Male,1.390590732457038,2,74.13413,nigeria,draw_167
Female,1.3749291202510083,3,74.13413,nigeria,draw_167
Male,1.3681705228623156,3,74.13413,nigeria,draw_167
Female,1.357405579488637,2,74.24424,nigeria,draw_167
Male,1.388457310900428,2,74.24424,nigeria,draw_167
Female,1.373086046149381,3,74.24424,nigeria,draw_167
Male,1.3663492697764867,3,74.24424,nigeria,draw_167
Female,1.3554500459633265,2,74.35435,nigeria,draw_167
Male,1.386330393540835,2,74.35435,nigeria,draw_167
Female,1.3712479722124684,3,74.35435,nigeria,draw_167
Male,1.3645321471452754,3,74.35435,nigeria,draw_167
Female,1.35350132480994,2,74.46446,nigeria,draw_167
Male,1.3842115164998416,2,74.46446,nigeria,draw_167
Female,1.3694145734219667,3,74.46446,nigeria,draw_167
Male,1.3627199103145746,3,74.46446,nigeria,draw_167
Female,1.3515588164910337,2,74.57457,nigeria,draw_167
Male,1.3821001210262744,2,74.57457,nigeria,draw_167
Female,1.3675855873623657,3,74.57457,nigeria,draw_167
Male,1.3609124192681277,3,74.57457,nigeria,draw_167
Female,1.3496247300061883,2,74.68468,nigeria,draw_167
Male,1.3799948359352656,2,74.68468,nigeria,draw_167
Female,1.3657625308241583,3,74.68468,nigeria,draw_167
Male,1.3591089480666083,3,74.68468,nigeria,draw_167
Female,1.3476957271632921,2,74.79479,nigeria,draw_167
Male,1.377897540686539,2,74.79479,nigeria,draw_167
Female,1.3639432665366362,3,74.79479,nigeria,draw_167
Male,1.3573105047950476,3,74.79479,nigeria,draw_167
Female,1.3457732566505456,2,74.9049,nigeria,draw_167
Male,1.3758070816408927,2,74.9049,nigeria,draw_167
Female,1.3621286169668223,3,74.9049,nigeria,draw_167
Male,1.3555164462555822,3,74.9049,nigeria,draw_167
Female,1.3438569979585127,2,75.01502,nigeria,draw_167
Male,1.3737230013106392,2,75.01502,nigeria,draw_167
Female,1.3603182615638127,3,75.01502,nigeria,draw_167
Male,1.3537263948341054,3,75.01502,nigeria,draw_167
Female,1.3419481094987247,2,75.12513,nigeria,draw_167
Male,1.371645674725117,2,75.12513,nigeria,draw_167
Female,1.358513048522948,3,75.12513,nigeria,draw_167
Male,1.3519408166048814,3,75.12513,nigeria,draw_167
Female,1.340045271462653,2,75.23524,nigeria,draw_167
Male,1.3695755250887574,2,75.23524,nigeria,draw_167
Female,1.3567122484903658,3,75.23524,nigeria,draw_167
Male,1.3501598514467121,3,75.23524,nigeria,draw_167
Female,1.338148661148171,2,75.34535,nigeria,draw_167
Male,1.3675119603989179,2,75.34535,nigeria,draw_167
Female,1.354915881517501,3,75.34535,nigeria,draw_167
Male,1.3483831124851762,3,75.34535,nigeria,draw_167
Female,1.3362569924935237,2,75.45546,nigeria,draw_167
Male,1.365455139501392,2,75.45546,nigeria,draw_167
Female,1.3531232130363875,3,75.45546,nigeria,draw_167
Male,1.3466108450716687,3,75.45546,nigeria,draw_167
Female,1.3343719600081854,2,75.56557,nigeria,draw_167
Male,1.363405401355988,2,75.56557,nigeria,draw_167
Female,1.3513352333179043,3,75.56557,nigeria,draw_167
Male,1.344843047189862,3,75.56557,nigeria,draw_167
Female,1.3324932928561852,2,75.67568,nigeria,draw_167
Male,1.3613617462111578,2,75.67568,nigeria,draw_167
Female,1.3495518573916765,3,75.67568,nigeria,draw_167
Male,1.3430792730523171,3,75.67568,nigeria,draw_167
Female,1.3306202493009613,2,75.78579,nigeria,draw_167
Male,1.3593243470816656,2,75.78579,nigeria,draw_167
Female,1.3477725072454407,3,75.78579,nigeria,draw_167
Male,1.3413196311787736,3,75.78579,nigeria,draw_167
Female,1.3287529198949883,2,75.8959,nigeria,draw_167
Male,1.3572944122377362,2,75.8959,nigeria,draw_167
Female,1.3459972200045303,3,75.8959,nigeria,draw_167
Male,1.3395647296286448,3,75.8959,nigeria,draw_167
Female,1.3268921008776047,2,76.00601,nigeria,draw_167
Male,1.3552715057388278,2,76.00601,nigeria,draw_167
Female,1.3442265507160391,3,76.00601,nigeria,draw_167
Male,1.337814446585478,3,76.00601,nigeria,draw_167
Female,1.3250380839502438,2,76.11612,nigeria,draw_167
Male,1.3532540551048622,2,76.11612,nigeria,draw_167
Female,1.3424607061527112,3,76.11612,nigeria,draw_167
Male,1.3360678682065559,3,76.11612,nigeria,draw_167
Female,1.323189827828438,2,76.22623,nigeria,draw_167
Male,1.351244120717243,2,76.22623,nigeria,draw_167
Female,1.3406990522636555,3,76.22623,nigeria,draw_167
Male,1.3343260714693637,3,76.22623,nigeria,draw_167
Female,1.3213475684664766,2,76.33634,nigeria,draw_167
Male,1.34924009305179,2,76.33634,nigeria,draw_167
Female,1.3389413648572754,3,76.33634,nigeria,draw_167
Male,1.3325881992239186,3,76.33634,nigeria,draw_167
Female,1.319512534765467,2,76.44645,nigeria,draw_167
Male,1.3472423825073316,2,76.44645,nigeria,draw_167
Female,1.3371885855546117,3,76.44645,nigeria,draw_167
Male,1.3308543573844265,3,76.44645,nigeria,draw_167
Female,1.3176832574586697,2,76.55656,nigeria,draw_167
Male,1.3452520349236392,2,76.55656,nigeria,draw_167
Female,1.3354398024739644,3,76.55656,nigeria,draw_167
Male,1.3291252904536488,3,76.55656,nigeria,draw_167
Female,1.3158604948393704,2,76.66667,nigeria,draw_167
Male,1.3432676492792555,2,76.66667,nigeria,draw_167
Female,1.3336957524558792,3,76.66667,nigeria,draw_167
Male,1.3274001099477395,3,76.66667,nigeria,draw_167
Female,1.3140433378022942,2,76.77678,nigeria,draw_167
Male,1.3412906689135178,2,76.77678,nigeria,draw_167
Female,1.331955762720786,3,76.77678,nigeria,draw_167
Male,1.3256795499640988,3,76.77678,nigeria,draw_167
Female,1.3122323444070032,2,76.88689,nigeria,draw_167
Male,1.3393211269086838,2,76.88689,nigeria,draw_167
Female,1.330220012238211,3,76.88689,nigeria,draw_167
Male,1.3239636645855326,3,76.88689,nigeria,draw_167
Female,1.3104281875727646,2,76.997,nigeria,draw_167
Male,1.3373577747025909,2,76.997,nigeria,draw_167
Female,1.328489000487809,3,76.997,nigeria,draw_167
Male,1.3222517028251057,3,76.997,nigeria,draw_167
Female,1.3086312018952864,2,77.10711,nigeria,draw_167
Male,1.3354010209125065,2,77.10711,nigeria,draw_167
Female,1.326762926348114,3,77.10711,nigeria,draw_167
Male,1.3205440023959591,3,77.10711,nigeria,draw_167
Female,1.3068401464210906,2,77.21722,nigeria,draw_167
Male,1.3334512092770348,2,77.21722,nigeria,draw_167
Female,1.32504093359097,3,77.21722,nigeria,draw_167
Male,1.3188407668123132,3,77.21722,nigeria,draw_167
Female,1.3050549922978802,2,77.32733,nigeria,draw_167
Male,1.3315074006235263,2,77.32733,nigeria,draw_167
Female,1.3233231759455188,3,77.32733,nigeria,draw_167
Male,1.3171413827127523,3,77.32733,nigeria,draw_167
Female,1.3032757730627726,2,77.43744,nigeria,draw_167
Male,1.32956950657093,2,77.43744,nigeria,draw_167
Female,1.3216096804745248,3,77.43744,nigeria,draw_167
Male,1.3154457090710794,3,77.43744,nigeria,draw_167
Female,1.3015031855239578,2,77.54755,nigeria,draw_167
Male,1.3276387729288364,2,77.54755,nigeria,draw_167
Female,1.3199007249249621,3,77.54755,nigeria,draw_167
Male,1.3137544469366813,3,77.54755,nigeria,draw_167
Female,1.2997366518294031,2,77.65766,nigeria,draw_167
Male,1.325714157247998,2,77.65766,nigeria,draw_167
Female,1.3181960141599514,3,77.65766,nigeria,draw_167
Male,1.3120672614606697,3,77.65766,nigeria,draw_167
Female,1.2979763213446451,2,77.76777,nigeria,draw_167
Male,1.3237962488843897,2,77.76777,nigeria,draw_167
Female,1.316495514505467,3,77.76777,nigeria,draw_167
Male,1.310384369823104,3,77.76777,nigeria,draw_167
Female,1.296222065464003,2,77.87788,nigeria,draw_167
Male,1.321885172134438,2,77.87788,nigeria,draw_167
Female,1.3147992011271765,3,77.87788,nigeria,draw_167
Male,1.308705645027738,3,77.87788,nigeria,draw_167
Female,1.2944746666138132,2,77.98799,nigeria,draw_167
Male,1.3199794109284402,2,77.98799,nigeria,draw_167
Female,1.31310756027682,3,77.98799,nigeria,draw_167
Male,1.3070304309972411,3,77.98799,nigeria,draw_167
Female,1.29273280378781,2,78.0981,nigeria,draw_167
Male,1.318081370217931,2,78.0981,nigeria,draw_167
Female,1.3114198578309515,3,78.0981,nigeria,draw_167
Male,1.3053600193617796,3,78.0981,nigeria,draw_167
Female,1.290997917621339,2,78.20821,nigeria,draw_167
Male,1.3161886640043825,2,78.20821,nigeria,draw_167
Female,1.309737049724155,3,78.20821,nigeria,draw_167
Male,1.30369313873164,3,78.20821,nigeria,draw_167
Female,1.2892678147665655,2,78.31832,nigeria,draw_167
Male,1.314302578503256,2,78.31832,nigeria,draw_167
Female,1.3080578310977593,3,78.31832,nigeria,draw_167
Male,1.3020305138716857,3,78.31832,nigeria,draw_167
Female,1.287544009851898,2,78.42843,nigeria,draw_167
Male,1.3124228723185183,2,78.42843,nigeria,draw_167
Female,1.3063828822868662,3,78.42843,nigeria,draw_167
Male,1.300372028255137,3,78.42843,nigeria,draw_167
Female,1.285825664057936,2,78.53854,nigeria,draw_167
Male,1.3105494290129385,2,78.53854,nigeria,draw_167
Female,1.3047117841756393,3,78.53854,nigeria,draw_167
Male,1.298717705674296,3,78.53854,nigeria,draw_167
Female,1.2841139632697616,2,78.64865,nigeria,draw_167
Male,1.3086818839467906,2,78.64865,nigeria,draw_167
Female,1.30304525332314,3,78.64865,nigeria,draw_167
Male,1.2970672199923183,3,78.64865,nigeria,draw_167
Female,1.2824084864944367,2,78.75876,nigeria,draw_167
Male,1.3068200846632703,2,78.75876,nigeria,draw_167
Female,1.3013830327516336,3,78.75876,nigeria,draw_167
Male,1.2954204680734343,3,78.75876,nigeria,draw_167
Female,1.280708972153899,2,78.86887,nigeria,draw_167
Male,1.3049646294886024,2,78.86887,nigeria,draw_167
Female,1.2997251467574689,3,78.86887,nigeria,draw_167
Male,1.2937777607970458,3,78.86887,nigeria,draw_167
Female,1.2790148862580157,2,78.97898,nigeria,draw_167
Male,1.3031153669820263,2,78.97898,nigeria,draw_167
Female,1.2980712208968144,3,78.97898,nigeria,draw_167
Male,1.2921389582088145,3,78.97898,nigeria,draw_167
Female,1.2773268277910268,2,79.08909,nigeria,draw_167
Male,1.301272816648678,2,79.08909,nigeria,draw_167
Female,1.2964215468812692,3,79.08909,nigeria,draw_167
Male,1.290504435748481,3,79.08909,nigeria,draw_167
Female,1.2756446220229898,2,79.1992,nigeria,draw_167
Male,1.2994363342516924,2,79.1992,nigeria,draw_167
Female,1.2947759755611843,3,79.1992,nigeria,draw_167
Male,1.288873844557335,3,79.1992,nigeria,draw_167
Female,1.2739687413206093,2,79.30931,nigeria,draw_167
Male,1.2976061448128273,2,79.30931,nigeria,draw_167
Female,1.2931347893943275,3,79.30931,nigeria,draw_167
Male,1.2872474684604982,3,79.30931,nigeria,draw_167
Female,1.2722981372673559,2,79.41942,nigeria,draw_167
Male,1.2957815695585517,2,79.41942,nigeria,draw_167
Female,1.2914974517623297,3,79.41942,nigeria,draw_167
Male,1.2856248755105464,3,79.41942,nigeria,draw_167
Female,1.2706331623814608,2,79.52953,nigeria,draw_167
Male,1.29396294944196,2,79.52953,nigeria,draw_167
Female,1.2898643178066507,3,79.52953,nigeria,draw_167
Male,1.284006210443053,3,79.52953,nigeria,draw_167
Female,1.2689743218301948,2,79.63964,nigeria,draw_167
Male,1.2921504490202058,2,79.63964,nigeria,draw_167
Female,1.2882355850325082,3,79.63964,nigeria,draw_167
Male,1.282391690183793,3,79.63964,nigeria,draw_167
Female,1.2673206751559447,2,79.74975,nigeria,draw_167
Male,1.2903434172445793,2,79.74975,nigeria,draw_167
Female,1.28661043409581,3,79.74975,nigeria,draw_167
Male,1.280780829474072,3,79.74975,nigeria,draw_167
Female,1.2656738294684668,2,79.85986,nigeria,draw_167
Male,1.2885428803651378,2,79.85986,nigeria,draw_167
Female,1.284990153383093,3,79.85986,nigeria,draw_167
Male,1.27917421950753,3,79.85986,nigeria,draw_167
Female,1.2640312971404575,2,79.96997,nigeria,draw_167
Male,1.2867479707190967,2,79.96997,nigeria,draw_167
Female,1.283373140858533,3,79.96997,nigeria,draw_167
Male,1.2775714336615205,3,79.96997,nigeria,draw_167
Female,1.2623941562159289,2,80.08008,nigeria,draw_167
Male,1.284958604221738,2,80.08008,nigeria,draw_167
Female,1.2817600567996004,3,80.08008,nigeria,draw_167
Male,1.275972461610997,3,80.08008,nigeria,draw_167
Female,1.2607634399377017,2,80.19019,nigeria,draw_167
Male,1.2831760649408854,2,80.19019,nigeria,draw_167
Female,1.280151582518289,3,80.19019,nigeria,draw_167
Male,1.2743780338108661,3,80.19019,nigeria,draw_167
Female,1.25913686452185,2,80.3003,nigeria,draw_167
Male,1.2813993303551292,2,80.3003,nigeria,draw_167
Female,1.2785464108459674,3,80.3003,nigeria,draw_167
Male,1.2727874706854747,3,80.3003,nigeria,draw_167
Female,1.2575161032329907,2,80.41041,nigeria,draw_167
Male,1.2796280916399179,2,80.41041,nigeria,draw_167
Female,1.276945533434968,3,80.41041,nigeria,draw_167
Male,1.271200632478213,3,80.41041,nigeria,draw_167
Female,1.2559011397335158,2,80.52052,nigeria,draw_167
Male,1.277862680831386,2,80.52052,nigeria,draw_167
Female,1.2753489525432469,3,80.52052,nigeria,draw_167
Male,1.269617834227195,3,80.52052,nigeria,draw_167
Female,1.2542916154818218,2,80.63063,nigeria,draw_167
Male,1.276103677491794,2,80.63063,nigeria,draw_167
Female,1.2737564668424426,3,80.63063,nigeria,draw_167
Male,1.2680392779174128,3,80.63063,nigeria,draw_167
Female,1.2526867124671295,2,80.74074,nigeria,draw_167
Male,1.2743498949407255,2,80.74074,nigeria,draw_167
Female,1.2721675348669013,3,80.74074,nigeria,draw_167
Male,1.2664642907518624,3,80.74074,nigeria,draw_167
Female,1.2510878614621932,2,80.85085,nigeria,draw_167
Male,1.2726013772159284,2,80.85085,nigeria,draw_167
Female,1.2705828712404168,3,80.85085,nigeria,draw_167
Male,1.2648930654250568,3,80.85085,nigeria,draw_167
Female,1.2494949087108906,2,80.96096,nigeria,draw_167
Male,1.2708594970353053,2,80.96096,nigeria,draw_167
Female,1.2690026685197417,3,80.96096,nigeria,draw_167
Male,1.2633263158437609,3,80.96096,nigeria,draw_167
Female,1.247906583471371,2,81.07107,nigeria,draw_167
Male,1.2691227556670794,2,81.07107,nigeria,draw_167
Female,1.2674261225028003,3,81.07107,nigeria,draw_167
Male,1.2617632257121723,3,81.07107,nigeria,draw_167
Female,1.2463239659597538,2,81.18118,nigeria,draw_167
Male,1.2673925030433124,2,81.18118,nigeria,draw_167
Female,1.2658537675921353,3,81.18118,nigeria,draw_167
Male,1.2602044537633141,3,81.18118,nigeria,draw_167
Female,1.2447471710967497,2,81.29129,nigeria,draw_167
Male,1.2656681932691076,2,81.29129,nigeria,draw_167
Female,1.2642856734373842,3,81.29129,nigeria,draw_167
Male,1.2586496850096294,3,81.29129,nigeria,draw_167
Female,1.2431750936825297,2,81.4014,nigeria,draw_167
Male,1.2639492083175998,2,81.4014,nigeria,draw_167
Female,1.2627211085536476,3,81.4014,nigeria,draw_167
Male,1.2570985100514336,3,81.4014,nigeria,draw_167
Female,1.2416086434147409,2,81.51151,nigeria,draw_167
Male,1.2622357162080668,2,81.51151,nigeria,draw_167
Female,1.261160753816508,3,81.51151,nigeria,draw_167
Male,1.2555510567627568,3,81.51151,nigeria,draw_167
Female,1.2400480078873408,2,81.62162,nigeria,draw_167
Male,1.2605278389651573,2,81.62162,nigeria,draw_167
Female,1.2596046377218597,3,81.62162,nigeria,draw_167
Male,1.2540074037236977,3,81.62162,nigeria,draw_167
Female,1.2384931190959083,2,81.73173,nigeria,draw_167
Male,1.2588262481288044,2,81.73173,nigeria,draw_167
Female,1.258052612773156,3,81.73173,nigeria,draw_167
Male,1.2524679887733023,3,81.73173,nigeria,draw_167
Female,1.236943915302952,2,81.84184,nigeria,draw_167
Male,1.257129363703268,2,81.84184,nigeria,draw_167
Female,1.2565048351843924,3,81.84184,nigeria,draw_167
Male,1.2509320114402296,3,81.84184,nigeria,draw_167
Female,1.235399329287191,2,81.95195,nigeria,draw_167
Male,1.2554382857647144,2,81.95195,nigeria,draw_167
Female,1.2549605681833151,3,81.95195,nigeria,draw_167
Male,1.2493999623061791,3,81.95195,nigeria,draw_167
Female,1.2338612655231103,2,82.06206,nigeria,draw_167
Male,1.2537529541295713,2,82.06206,nigeria,draw_167
Female,1.2534211314899828,3,82.06206,nigeria,draw_167
Male,1.247871658183231,3,82.06206,nigeria,draw_167
Female,1.2323277527439243,2,82.17217,nigeria,draw_167
Male,1.2520728960280252,2,82.17217,nigeria,draw_167
Female,1.2518851781788953,3,82.17217,nigeria,draw_167
Male,1.246346965768103,3,82.17217,nigeria,draw_167
Female,1.2307997929244163,2,82.28228,nigeria,draw_167
Male,1.2503980159760946,2,82.28228,nigeria,draw_167
Female,1.2503532012399732,3,82.28228,nigeria,draw_167
Male,1.2448258925853932,3,82.28228,nigeria,draw_167
Female,1.2292764278125992,2,82.39239,nigeria,draw_167
Male,1.2487288993383818,2,82.39239,nigeria,draw_167
Female,1.2488245910949654,3,82.39239,nigeria,draw_167
Male,1.2433086882809719,3,82.39239,nigeria,draw_167
Female,1.227759198832474,2,82.5025,nigeria,draw_167
Male,1.2470655795092744,2,82.5025,nigeria,draw_167
Female,1.2473005464392848,3,82.5025,nigeria,draw_167
Male,1.2417953537459794,3,82.5025,nigeria,draw_167
Female,1.2262459722268941,2,82.61261,nigeria,draw_167
Male,1.2454076605673787,2,82.61261,nigeria,draw_167
Female,1.2457796164749624,3,82.61261,nigeria,draw_167
Male,1.2402855915673416,3,82.61261,nigeria,draw_167
Female,1.224738925553338,2,82.72272,nigeria,draw_167
Male,1.2437549260822347,2,82.72272,nigeria,draw_167
Female,1.2442631400672113,3,82.72272,nigeria,draw_167
Male,1.2387791828055672,3,82.72272,nigeria,draw_167
Female,1.2232367868715672,2,82.83283,nigeria,draw_167
Male,1.2421078297892896,2,82.83283,nigeria,draw_167
Female,1.2427503629194196,3,82.83283,nigeria,draw_167
Male,1.237276733987219,3,82.83283,nigeria,draw_167
Female,1.2217387248115803,2,82.94294,nigeria,draw_167
Male,1.2404662652498761,2,82.94294,nigeria,draw_167
Female,1.241240906323457,3,82.94294,nigeria,draw_167
Male,1.2357781926259959,3,82.94294,nigeria,draw_167
Female,1.22024641415231,2,83.05305,nigeria,draw_167
Male,1.238830108935775,2,83.05305,nigeria,draw_167
Female,1.2397359421388432,3,83.05305,nigeria,draw_167
Male,1.2342834049960334,3,83.05305,nigeria,draw_167
Female,1.218759315412352,2,83.16316,nigeria,draw_167
Male,1.2371993944532411,2,83.16316,nigeria,draw_167
Female,1.2382348204249536,3,83.16316,nigeria,draw_167
Male,1.2327922595648375,3,83.16316,nigeria,draw_167
Female,1.2172769035495439,2,83.27327,nigeria,draw_167
Male,1.2355737731999756,2,83.27327,nigeria,draw_167
Female,1.236737312821707,3,83.27327,nigeria,draw_167
Male,1.2313045660404525,3,83.27327,nigeria,draw_167
Female,1.2157995035737594,2,83.38338,nigeria,draw_167
Male,1.2339541591134402,2,83.38338,nigeria,draw_167
Female,1.2352435423702897,3,83.38338,nigeria,draw_167
Male,1.2298208880083017,3,83.38338,nigeria,draw_167
Female,1.2143273933001577,2,83.49349,nigeria,draw_167
Male,1.2323392845111234,2,83.49349,nigeria,draw_167
Female,1.2337538824809415,3,83.49349,nigeria,draw_167
Male,1.2283405488737402,3,83.49349,nigeria,draw_167
Female,1.2128597529681333,2,83.6036,nigeria,draw_167
Male,1.2307306609153161,2,83.6036,nigeria,draw_167
Female,1.23226772468396,3,83.6036,nigeria,draw_167
Male,1.2268643223175246,3,83.6036,nigeria,draw_167
Female,1.2113983643532935,2,83.71371,nigeria,draw_167
Male,1.2291276679043033,2,83.71371,nigeria,draw_167
Female,1.2307861733155188,3,83.71371,nigeria,draw_167
Male,1.2253918619088728,3,83.71371,nigeria,draw_167
Female,1.209940702176833,2,83.82382,nigeria,draw_167
Male,1.2275299522949612,2,83.82382,nigeria,draw_167
Female,1.2293079117195826,3,83.82382,nigeria,draw_167
Male,1.2239231239441524,3,83.82382,nigeria,draw_167
Female,1.2084888685378903,2,83.93393,nigeria,draw_167
Male,1.22593722069083,2,83.93393,nigeria,draw_167
Female,1.2278341255223306,3,83.93393,nigeria,draw_167
Male,1.2224578553181267,3,83.93393,nigeria,draw_167
Female,1.2070409242825495,2,84.04404,nigeria,draw_167
Male,1.224350007886333,2,84.04404,nigeria,draw_167
Female,1.226363319876291,3,84.04404,nigeria,draw_167
Male,1.2209963173134486,3,84.04404,nigeria,draw_167
Female,1.2055988440534242,2,84.15415,nigeria,draw_167
Male,1.222768212517809,2,84.15415,nigeria,draw_167
Female,1.2248969244668813,3,84.15415,nigeria,draw_167
Male,1.2195385609113127,3,84.15415,nigeria,draw_167
Female,1.2041616776120807,2,84.26426,nigeria,draw_167
Male,1.2211913771118432,2,84.26426,nigeria,draw_167
Female,1.2234343219531434,3,84.26426,nigeria,draw_167
Male,1.2180841295841847,3,84.26426,nigeria,draw_167
Female,1.2027284989212244,2,84.37437,nigeria,draw_167
Male,1.2196197503441362,2,84.37437,nigeria,draw_167
Female,1.2219748838212534,3,84.37437,nigeria,draw_167
Male,1.216633382679342,3,84.37437,nigeria,draw_167
Female,1.2013004654343882,2,84.48448,nigeria,draw_167
Male,1.2180536808611395,2,84.48448,nigeria,draw_167
Female,1.2205192071037219,3,84.48448,nigeria,draw_167
Male,1.215186498638896,3,84.48448,nigeria,draw_167
Female,1.1998777682503265,2,84.59459,nigeria,draw_167
Male,1.216492522390788,2,84.59459,nigeria,draw_167
Female,1.2190673707224255,3,84.59459,nigeria,draw_167
Male,1.2137431623191033,3,84.59459,nigeria,draw_167
Female,1.198459089745765,2,84.7047,nigeria,draw_167
Male,1.2149364703873888,2,84.7047,nigeria,draw_167
Female,1.2176188347292924,3,84.7047,nigeria,draw_167
Male,1.2123034412813083,3,84.7047,nigeria,draw_167
Female,1.1970467404353975,2,84.81481,nigeria,draw_167
Male,1.2133861977444014,2,84.81481,nigeria,draw_167
Female,1.2161751367046403,3,84.81481,nigeria,draw_167
Male,1.2108677394862357,3,84.81481,nigeria,draw_167
Female,1.1956390243250958,2,84.92492,nigeria,draw_167
Male,1.2118420798018048,2,84.92492,nigeria,draw_167
Female,1.2147352448802287,3,84.92492,nigeria,draw_167
Male,1.2094361736444652,3,84.92492,nigeria,draw_167
Female,1.194236633988334,2,85.03504,nigeria,draw_167
Male,1.210302745556938,2,85.03504,nigeria,draw_167
Female,1.2132994770149603,3,85.03504,nigeria,draw_167
Male,1.2080080623060911,3,85.03504,nigeria,draw_167
Female,1.1928407757213966,2,85.14515,nigeria,draw_167
Male,1.2087698618697538,2,85.14515,nigeria,draw_167
Female,1.2118684733588092,3,85.14515,nigeria,draw_167
Male,1.2065843535950125,3,85.14515,nigeria,draw_167
Female,1.1914499894207486,2,85.25526,nigeria,draw_167
Male,1.2072429301157224,2,85.25526,nigeria,draw_167
Female,1.2104415475678858,3,85.25526,nigeria,draw_167
Male,1.2051648074369423,3,85.25526,nigeria,draw_167
Female,1.190064552641178,2,85.36537,nigeria,draw_167
Male,1.2057217962508129,2,85.36537,nigeria,draw_167
Female,1.20901901658611,3,85.36537,nigeria,draw_167
Male,1.203749431923534,3,85.36537,nigeria,draw_167
Female,1.1886842322781468,2,85.47548,nigeria,draw_167
Male,1.2042065513190399,2,85.47548,nigeria,draw_167
Female,1.2076008103097282,3,85.47548,nigeria,draw_167
Male,1.2023383263548335,3,85.47548,nigeria,draw_167
Female,1.187310126545002,2,85.58559,nigeria,draw_167
Male,1.2026968338039612,2,85.58559,nigeria,draw_167
Female,1.2061875167136067,3,85.58559,nigeria,draw_167
Male,1.2009313328556026,3,85.58559,nigeria,draw_167
Female,1.185940572918193,2,85.6957,nigeria,draw_167
Male,1.2011931272005825,2,85.6957,nigeria,draw_167
Female,1.2047778578787889,3,85.6957,nigeria,draw_167
Male,1.1995287954468665,3,85.6957,nigeria,draw_167
Female,1.1845770568471161,2,85.80581,nigeria,draw_167
Male,1.1996954783062308,2,85.80581,nigeria,draw_167
Female,1.2033729647311486,3,85.80581,nigeria,draw_167
Male,1.198130714282092,3,85.80581,nigeria,draw_167
Female,1.1832188152975969,2,85.91592,nigeria,draw_167
Male,1.1982040358638248,2,85.91592,nigeria,draw_167
Female,1.2019725275105657,3,85.91592,nigeria,draw_167
Male,1.196737143792384,3,85.91592,nigeria,draw_167
Female,1.1818672129030736,2,86.02603,nigeria,draw_167
Male,1.1967191377017887,2,86.02603,nigeria,draw_167
Female,1.200577440019397,3,86.02603,nigeria,draw_167
Male,1.195348487942985,3,86.02603,nigeria,draw_167
Female,1.1805206665941077,2,86.13614,nigeria,draw_167
Male,1.1952406610974609,2,86.13614,nigeria,draw_167
Female,1.199186444941988,3,86.13614,nigeria,draw_167
Male,1.1939645811224495,3,86.13614,nigeria,draw_167
Female,1.1791810040885369,2,86.24625,nigeria,draw_167
Male,1.1937683567236026,2,86.24625,nigeria,draw_167
Female,1.19780089015166,3,86.24625,nigeria,draw_167
Male,1.1925851858757226,3,86.24625,nigeria,draw_167
Female,1.1778462438066912,2,86.35636,nigeria,draw_167
Male,1.1923019962576282,2,86.35636,nigeria,draw_167
Female,1.1964195032448226,3,86.35636,nigeria,draw_167
Male,1.191210409612864,3,86.35636,nigeria,draw_167
Female,1.1765173422798767,2,86.46647,nigeria,draw_167
Male,1.1908425199913821,2,86.46647,nigeria,draw_167
Female,1.1950432204413246,3,86.46647,nigeria,draw_167
Male,1.1898407509208713,3,86.46647,nigeria,draw_167
Female,1.1751938329121272,2,86.57658,nigeria,draw_167
Male,1.189388963676279,2,86.57658,nigeria,draw_167
Female,1.1936715657763322,3,86.57658,nigeria,draw_167
Male,1.1884757562771977,3,86.57658,nigeria,draw_167
Female,1.1738764936861346,2,86.68669,nigeria,draw_167
Male,1.1879422953394772,2,86.68669,nigeria,draw_167
Female,1.1923052281860662,3,86.68669,nigeria,draw_167
Male,1.187116007764848,3,86.68669,nigeria,draw_167
Female,1.1725651129874248,2,86.7968,nigeria,draw_167
Male,1.1865029168352124,2,86.7968,nigeria,draw_167
Female,1.1909443913767097,3,86.7968,nigeria,draw_167
Male,1.1857618923399142,3,86.7968,nigeria,draw_167
Female,1.171259772863302,2,86.90691,nigeria,draw_167
Male,1.1850695339202209,2,86.90691,nigeria,draw_167
Female,1.1895887483065863,3,86.90691,nigeria,draw_167
Male,1.184412584063341,3,86.90691,nigeria,draw_167
Female,1.1699603695071772,2,87.01702,nigeria,draw_167
Male,1.183641783571092,2,87.01702,nigeria,draw_167
Female,1.1882380250369982,3,87.01702,nigeria,draw_167
Male,1.1830677093472681,3,87.01702,nigeria,draw_167
Female,1.1686666426647472,2,87.12713,nigeria,draw_167
Male,1.1822204186691119,2,87.12713,nigeria,draw_167
Female,1.1868924443009388,3,87.12713,nigeria,draw_167
Male,1.1817277834188848,3,87.12713,nigeria,draw_167
Female,1.1673788285672488,2,87.23724,nigeria,draw_167
Male,1.1808061072316423,2,87.23724,nigeria,draw_167
Female,1.185551921425172,3,87.23724,nigeria,draw_167
Male,1.1803931645525525,3,87.23724,nigeria,draw_167
Female,1.1660970426220938,2,87.34735,nigeria,draw_167
Male,1.179397542418145,2,87.34735,nigeria,draw_167
Female,1.184216377091348,3,87.34735,nigeria,draw_167
Male,1.1790631869924144,3,87.34735,nigeria,draw_167
Female,1.164821954596229,2,87.45746,nigeria,draw_167
Male,1.1779954011817353,2,87.45746,nigeria,draw_167
Female,1.182886327068892,3,87.45746,nigeria,draw_167
Male,1.1777383648979458,3,87.45746,nigeria,draw_167
Female,1.1635533120041166,2,87.56757,nigeria,draw_167
Male,1.1765998176424144,2,87.56757,nigeria,draw_167
Female,1.181561766822092,3,87.56757,nigeria,draw_167
Male,1.1764186538431467,3,87.56757,nigeria,draw_167
Female,1.1622898683473633,2,87.67768,nigeria,draw_167
Male,1.1752103446679418,2,87.67768,nigeria,draw_167
Female,1.1802416663481126,3,87.67768,nigeria,draw_167
Male,1.175103836590377,3,87.67768,nigeria,draw_167
Female,1.1610321964383692,2,87.78779,nigeria,draw_167
Male,1.1738264214822307,2,87.78779,nigeria,draw_167
Female,1.178926533165701,3,87.78779,nigeria,draw_167
Male,1.173793491500294,3,87.78779,nigeria,draw_167
Female,1.159779939056033,2,87.8979,nigeria,draw_167
Male,1.1724495365384036,2,87.8979,nigeria,draw_167
Female,1.1776162624219328,3,87.8979,nigeria,draw_167
Male,1.1724885021809248,3,87.8979,nigeria,draw_167
Female,1.1585330944363683,2,88.00801,nigeria,draw_167
Male,1.1710786739329642,2,88.00801,nigeria,draw_167
Female,1.176310660137292,3,88.00801,nigeria,draw_167
Male,1.1711883469463875,3,88.00801,nigeria,draw_167
Female,1.1572935070783916,2,88.11812,nigeria,draw_167
Male,1.16971424086471,2,88.11812,nigeria,draw_167
Female,1.175011082129459,3,88.11812,nigeria,draw_167
Male,1.1698932894976104,3,88.11812,nigeria,draw_167
Female,1.1560585752934374,2,88.22823,nigeria,draw_167
Male,1.1683568973719276,2,88.22823,nigeria,draw_167
Female,1.1737160489637053,3,88.22823,nigeria,draw_167
Male,1.1686038599718023,3,88.22823,nigeria,draw_167
Female,1.1548304524963333,2,88.33834,nigeria,draw_167
Male,1.167006465661572,2,88.33834,nigeria,draw_167
Female,1.1724267975302465,3,88.33834,nigeria,draw_167
Male,1.167319816706611,3,88.33834,nigeria,draw_167
Female,1.1536074520615445,2,88.44845,nigeria,draw_167
Male,1.1656615497107536,2,88.44845,nigeria,draw_167
Female,1.1711421930939774,3,88.44845,nigeria,draw_167
Male,1.1660404075468678,3,88.44845,nigeria,draw_167
Female,1.1523909082428188,2,88.55856,nigeria,draw_167
Male,1.1643243736181568,2,88.55856,nigeria,draw_167
Female,1.1698632660978625,3,88.55856,nigeria,draw_167
Male,1.1647669740402227,3,88.55856,nigeria,draw_167
Female,1.1511800931964133,2,88.66867,nigeria,draw_167
Male,1.1629933247585247,2,88.66867,nigeria,draw_167
Female,1.1685895589693827,3,88.66867,nigeria,draw_167
Male,1.16349877080681,3,88.66867,nigeria,draw_167
Female,1.1499766580190365,2,88.77878,nigeria,draw_167
Male,1.1616696025378404,2,88.77878,nigeria,draw_167
Female,1.167322404858453,3,88.77878,nigeria,draw_167
Male,1.1622364898210267,3,88.77878,nigeria,draw_167
Female,1.1487801996073395,2,88.88889,nigeria,draw_167
Male,1.16035433703851,2,88.88889,nigeria,draw_167
Female,1.1660617700172318,3,88.88889,nigeria,draw_167
Male,1.1609813346534055,3,88.88889,nigeria,draw_167
Female,1.147590636088469,2,88.999,nigeria,draw_167
Male,1.159046057071881,2,88.999,nigeria,draw_167
Female,1.1648076288397018,3,88.999,nigeria,draw_167
Male,1.1597323916632596,3,88.999,nigeria,draw_167
Female,1.1464096892812594,2,89.10911,nigeria,draw_167
Male,1.1577461900379302,2,89.10911,nigeria,draw_167
Female,1.1635614019102714,3,89.10911,nigeria,draw_167
Male,1.1584907531030841,3,89.10911,nigeria,draw_167
Female,1.1452365222251042,2,89.21922,nigeria,draw_167
Male,1.1564549305945437,2,89.21922,nigeria,draw_167
Female,1.1623225284859466,3,89.21922,nigeria,draw_167
Male,1.1572565382220292,3,89.21922,nigeria,draw_167
Female,1.1440704261565933,2,89.32933,nigeria,draw_167
Male,1.155172387489997,2,89.32933,nigeria,draw_167
Female,1.1610905195311882,3,89.32933,nigeria,draw_167
Male,1.1560297171615646,3,89.32933,nigeria,draw_167
Female,1.1429131056472,2,89.43944,nigeria,draw_167
Male,1.1538981108405184,2,89.43944,nigeria,draw_167
Female,1.1598667015307345,3,89.43944,nigeria,draw_167
Male,1.1548100454904937,3,89.43944,nigeria,draw_167
Female,1.1417634357283553,2,89.54955,nigeria,draw_167
Male,1.1526325971209639,2,89.54955,nigeria,draw_167
Female,1.158650294802372,3,89.54955,nigeria,draw_167
Male,1.1535980301292366,3,89.54955,nigeria,draw_167
Female,1.1406225338602585,2,89.65966,nigeria,draw_167
Male,1.1513767874168381,2,89.65966,nigeria,draw_167
Female,1.1574422304244212,3,89.65966,nigeria,draw_167
Male,1.1523945198434329,3,89.65966,nigeria,draw_167
Female,1.1394889983583287,2,89.76977,nigeria,draw_167
Male,1.1501295321278857,2,89.76977,nigeria,draw_167
Female,1.1562414128935496,3,89.76977,nigeria,draw_167
Male,1.1511985148565902,3,89.76977,nigeria,draw_167
Female,1.1383640822886874,2,89.87988,nigeria,draw_167
Male,1.1488907208896013,2,89.87988,nigeria,draw_167
Female,1.1550485340620376,3,89.87988,nigeria,draw_167
Male,1.1500100427119788,3,89.87988,nigeria,draw_167
Female,1.1372471981200627,2,89.98999,nigeria,draw_167
Male,1.1476605817732723,2,89.98999,nigeria,draw_167
Female,1.1538633334555493,3,89.98999,nigeria,draw_167
Male,1.1488292152179267,3,89.98999,nigeria,draw_167
Female,1.1361379226524664,2,90.1001,nigeria,draw_167
Male,1.1464387448109015,2,90.1001,nigeria,draw_167
Female,1.1526854995920566,3,90.1001,nigeria,draw_167
Male,1.1476559231354682,3,90.1001,nigeria,draw_167
Female,1.1350363477081786,2,90.21021,nigeria,draw_167
Male,1.1452258876075745,2,90.21021,nigeria,draw_167
Female,1.1515150122117517,3,90.21021,nigeria,draw_167
Male,1.1464904073819953,3,90.21021,nigeria,draw_167
Female,1.1339429209216563,2,90.32032,nigeria,draw_167
Male,1.1440223108766647,2,90.32032,nigeria,draw_167
Female,1.1503526403509292,3,90.32032,nigeria,draw_167
Male,1.1453332202064663,3,90.32032,nigeria,draw_167
Female,1.1328577289074007,2,90.43043,nigeria,draw_167
Male,1.142827163919894,2,90.43043,nigeria,draw_167
Female,1.1491982749690282,3,90.43043,nigeria,draw_167
Male,1.144183613023155,3,90.43043,nigeria,draw_167
Female,1.1317804770039392,2,90.54054,nigeria,draw_167
Male,1.1416416960291706,2,90.54054,nigeria,draw_167
Female,1.1480518506586004,3,90.54054,nigeria,draw_167
Male,1.1430424395170342,3,90.54054,nigeria,draw_167
Female,1.1307120626283198,2,90.65065,nigeria,draw_167
Male,1.1404643814230309,2,90.65065,nigeria,draw_167
Female,1.1469139145554226,3,90.65065,nigeria,draw_167
Male,1.1419089539536829,3,90.65065,nigeria,draw_167
Female,1.1296513786010645,2,90.76076,nigeria,draw_167
Male,1.1392965279800407,2,90.76076,nigeria,draw_167
Female,1.1457838257400905,3,90.76076,nigeria,draw_167
Male,1.140783896971694,3,90.76076,nigeria,draw_167
Female,1.1285988427771905,2,90.87087,nigeria,draw_167
Male,1.1381370130836461,2,90.87087,nigeria,draw_167
Female,1.14466181497984,3,90.87087,nigeria,draw_167
Male,1.1396664913875065,3,90.87087,nigeria,draw_167
Female,1.1275554472457687,2,90.98098,nigeria,draw_167
Male,1.1369871924580468,2,90.98098,nigeria,draw_167
Female,1.1435487651445286,3,90.98098,nigeria,draw_167
Male,1.138557776588073,3,90.98098,nigeria,draw_167
Female,1.1265203077146975,2,91.09109,nigeria,draw_167
Male,1.1358468666393737,2,91.09109,nigeria,draw_167
Female,1.1424442431009953,3,91.09109,nigeria,draw_167
Male,1.1374578052664714,3,91.09109,nigeria,draw_167
Female,1.125493775041566,2,91.2012,nigeria,draw_167
Male,1.1347153560939178,2,91.2012,nigeria,draw_167
Female,1.1413481061332083,3,91.2012,nigeria,draw_167
Male,1.136365853935042,3,91.2012,nigeria,draw_167
Female,1.1244751289287038,2,91.31131,nigeria,draw_167
Male,1.1335923539034918,2,91.31131,nigeria,draw_167
Female,1.1402598710482892,3,91.31131,nigeria,draw_167
Male,1.135281631308832,3,91.31131,nigeria,draw_167
Female,1.1234643022828399,2,91.42142,nigeria,draw_167
Male,1.132478098593876,2,91.42142,nigeria,draw_167
Female,1.1391795338527684,3,91.42142,nigeria,draw_167
Male,1.1342053241125445,3,91.42142,nigeria,draw_167
Female,1.1224617958209,2,91.53153,nigeria,draw_167
Male,1.1313722577128784,2,91.53153,nigeria,draw_167
Female,1.138107217003889,3,91.53153,nigeria,draw_167
Male,1.1331368545613398,3,91.53153,nigeria,draw_167
Female,1.1214670773620787,2,91.64164,nigeria,draw_167
Male,1.1302753344216065,2,91.64164,nigeria,draw_167
Female,1.137042650896664,3,91.64164,nigeria,draw_167
Male,1.1320765262841912,3,91.64164,nigeria,draw_167
Female,1.1204811744750538,2,91.75175,nigeria,draw_167
Male,1.129187661362833,2,91.75175,nigeria,draw_167
Female,1.1359870802214957,3,91.75175,nigeria,draw_167
Male,1.1310250075914086,3,91.75175,nigeria,draw_167
Female,1.1195029055288093,2,91.86186,nigeria,draw_167
Male,1.1281102293327756,2,91.86186,nigeria,draw_167
Female,1.1349394343550685,3,91.86186,nigeria,draw_167
Male,1.1299825934814867,3,91.86186,nigeria,draw_167
Female,1.1185325292679906,2,91.97197,nigeria,draw_167
Male,1.1270411157413407,2,91.97197,nigeria,draw_167
Female,1.133899830985755,3,91.97197,nigeria,draw_167
Male,1.1289479288366617,3,91.97197,nigeria,draw_167
Female,1.117569939670671,2,92.08208,nigeria,draw_167
Male,1.1259808839393843,2,92.08208,nigeria,draw_167
Female,1.13286809956034,3,92.08208,nigeria,draw_167
Male,1.127921422297413,3,92.08208,nigeria,draw_167
Female,1.116615143443073,2,92.19219,nigeria,draw_167
Male,1.1249287264773318,2,92.19219,nigeria,draw_167
Female,1.13184428573722,3,92.19219,nigeria,draw_167
Male,1.1269025947502311,3,92.19219,nigeria,draw_167
Female,1.1156686495655024,2,92.3023,nigeria,draw_167
Male,1.1238858546693968,2,92.3023,nigeria,draw_167
Female,1.1308288892269538,3,92.3023,nigeria,draw_167
Male,1.1258921409561355,3,92.3023,nigeria,draw_167
Female,1.1147292995141784,2,92.41241,nigeria,draw_167
Male,1.1228518774956617,2,92.41241,nigeria,draw_167
Female,1.1298211988329123,3,92.41241,nigeria,draw_167
Male,1.1248900798636758,3,92.41241,nigeria,draw_167
Female,1.1137989907682022,2,92.52252,nigeria,draw_167
Male,1.1218270379877682,2,92.52252,nigeria,draw_167
Female,1.1288226362393796,3,92.52252,nigeria,draw_167
Male,1.1238968257597466,3,92.52252,nigeria,draw_167
Female,1.1128765297634589,2,92.63263,nigeria,draw_167
Male,1.1208109597043743,2,92.63263,nigeria,draw_167
Female,1.1278321237429318,3,92.63263,nigeria,draw_167
Male,1.12291166670204,3,92.63263,nigeria,draw_167
Female,1.1119615718000309,2,92.74274,nigeria,draw_167
Male,1.1198034936438295,2,92.74274,nigeria,draw_167
Female,1.1268494386582224,3,92.74274,nigeria,draw_167
Male,1.121934455922815,3,92.74274,nigeria,draw_167
Female,1.111054138988548,2,92.85285,nigeria,draw_167
Male,1.1188045773989548,2,92.85285,nigeria,draw_167
Female,1.125874485240634,3,92.85285,nigeria,draw_167
Male,1.1209651887768635,3,92.85285,nigeria,draw_167
Female,1.1101546931698032,2,92.96296,nigeria,draw_167
Male,1.1178138292106068,2,92.96296,nigeria,draw_167
Female,1.124907553174873,3,92.96296,nigeria,draw_167
Male,1.120003602541368,3,92.96296,nigeria,draw_167
Female,1.109262007171599,2,93.07307,nigeria,draw_167
Male,1.1168315560498678,2,93.07307,nigeria,draw_167
Female,1.1239479458030655,3,93.07307,nigeria,draw_167
Male,1.1190498659057946,3,93.07307,nigeria,draw_167
Female,1.1083785283724152,2,93.18318,nigeria,draw_167
Male,1.1158582826309504,2,93.18318,nigeria,draw_167
Female,1.1229977480491464,3,93.18318,nigeria,draw_167
Male,1.1181048340051951,3,93.18318,nigeria,draw_167
Female,1.10750150100475,2,93.29329,nigeria,draw_167
Male,1.1148938613498036,2,93.29329,nigeria,draw_167
Female,1.1220545448172998,3,93.29329,nigeria,draw_167
Male,1.1171679433085815,3,93.29329,nigeria,draw_167
Female,1.106631727972302,2,93.4034,nigeria,draw_167
Male,1.113937632546262,2,93.4034,nigeria,draw_167
Female,1.1211188051653522,3,93.4034,nigeria,draw_167
Male,1.1162387689444815,3,93.4034,nigeria,draw_167
Female,1.1057703770090164,2,93.51351,nigeria,draw_167
Male,1.1129891242759595,2,93.51351,nigeria,draw_167
Female,1.1201913193286874,3,93.51351,nigeria,draw_167
Male,1.1153170210265566,3,93.51351,nigeria,draw_167
Female,1.104915835401225,2,93.62362,nigeria,draw_167
Male,1.1120488873685557,2,93.62362,nigeria,draw_167
Female,1.1192709635949185,3,93.62362,nigeria,draw_167
Male,1.1144028987638344,3,93.62362,nigeria,draw_167
Female,1.104068781380498,2,93.73373,nigeria,draw_167
Male,1.1111171656048588,2,93.73373,nigeria,draw_167
Female,1.1183583933580583,3,93.73373,nigeria,draw_167
Male,1.1134966280739431,3,93.73373,nigeria,draw_167
Female,1.1032295990326983,2,93.84384,nigeria,draw_167
Male,1.1101936777895292,2,93.84384,nigeria,draw_167
Female,1.117454081929883,3,93.84384,nigeria,draw_167
Male,1.1125983006024207,3,93.84384,nigeria,draw_167
Female,1.102397791066684,2,93.95395,nigeria,draw_167
Male,1.1092792301910375,2,93.95395,nigeria,draw_167
Female,1.1165577041864416,3,93.95395,nigeria,draw_167
Male,1.1117085232073816,3,93.95395,nigeria,draw_167
Female,1.1015733933636787,2,94.06406,nigeria,draw_167
Male,1.1083723953678475,2,94.06406,nigeria,draw_167
Female,1.1156690648766896,3,94.06406,nigeria,draw_167
Male,1.110826029537749,3,94.06406,nigeria,draw_167
Female,1.1007553584098597,2,94.17417,nigeria,draw_167
Male,1.1074736707318902,2,94.17417,nigeria,draw_167
Female,1.114787339415901,3,94.17417,nigeria,draw_167
Male,1.1099511490132177,3,94.17417,nigeria,draw_167
Female,1.0999451727167002,2,94.28428,nigeria,draw_167
Male,1.1065831330173195,2,94.28428,nigeria,draw_167
Female,1.113913588959932,3,94.28428,nigeria,draw_167
Male,1.1090839012851588,3,94.28428,nigeria,draw_167
Female,1.099142004681302,2,94.39439,nigeria,draw_167
Male,1.1056997295147382,2,94.39439,nigeria,draw_167
Female,1.1130472485892655,3,94.39439,nigeria,draw_167
Male,1.1082237433659539,3,94.39439,nigeria,draw_167
Female,1.0983448423970619,2,94.5045,nigeria,draw_167
Male,1.1048250039325354,2,94.5045,nigeria,draw_167
Female,1.1121875449808256,3,94.5045,nigeria,draw_167
Male,1.1073716032692604,3,94.5045,nigeria,draw_167
Female,1.0975568855511832,2,94.61461,nigeria,draw_167
Male,1.1039583250765808,2,94.61461,nigeria,draw_167
Female,1.1113373183080844,3,94.61461,nigeria,draw_167
Male,1.1065276026805402,3,94.61461,nigeria,draw_167
Female,1.0967751392414962,2,94.72472,nigeria,draw_167
Male,1.1030999695070467,2,94.72472,nigeria,draw_167
Female,1.1104940600664945,3,94.72472,nigeria,draw_167
Male,1.1056915151830284,3,94.72472,nigeria,draw_167
Female,1.0960009165428521,2,94.83483,nigeria,draw_167
Male,1.1022496111952176,2,94.83483,nigeria,draw_167
Female,1.109658639794107,3,94.83483,nigeria,draw_167
Male,1.1048630892445601,3,94.83483,nigeria,draw_167
Female,1.0952330257126925,2,94.94494,nigeria,draw_167
Male,1.1014069173607313,2,94.94494,nigeria,draw_167
Female,1.108830140906448,3,94.94494,nigeria,draw_167
Male,1.1040420533398823,3,94.94494,nigeria,draw_167
Female,1.0944722949447567,2,95.05506,nigeria,draw_167
Male,1.1005713316888694,2,95.05506,nigeria,draw_167
Female,1.1080092145333769,3,95.05506,nigeria,draw_167
Male,1.1032281286036114,3,95.05506,nigeria,draw_167
Female,1.0937181833218337,2,95.16517,nigeria,draw_167
Male,1.0997440060288588,2,95.16517,nigeria,draw_167
Female,1.1071954503020474,3,95.16517,nigeria,draw_167
Male,1.1024219691266588,3,95.16517,nigeria,draw_167
Female,1.0929713463204047,2,95.27528,nigeria,draw_167
Male,1.0989250434876765,2,95.27528,nigeria,draw_167
Female,1.1063895093232665,3,95.27528,nigeria,draw_167
Male,1.1016238814881094,3,95.27528,nigeria,draw_167
Female,1.0922325948932297,2,95.38539,nigeria,draw_167
Male,1.0981141792559643,2,95.38539,nigeria,draw_167
Female,1.1055921403516453,3,95.38539,nigeria,draw_167
Male,1.1008337877206915,3,95.38539,nigeria,draw_167
Female,1.0914998353421768,2,95.4955,nigeria,draw_167
Male,1.0973110358704241,2,95.4955,nigeria,draw_167
Female,1.104801427333853,3,95.4955,nigeria,draw_167
Male,1.100051154588738,3,95.4955,nigeria,draw_167
Female,1.0907747264435101,2,95.60561,nigeria,draw_167
Male,1.0965145091474495,2,95.60561,nigeria,draw_167
Female,1.1040185728994465,3,95.60561,nigeria,draw_167
Male,1.0992752735189415,3,95.60561,nigeria,draw_167
Female,1.090055864395736,2,95.71572,nigeria,draw_167
Male,1.0957255792467901,2,95.71572,nigeria,draw_167
Female,1.1032425477166252,3,95.71572,nigeria,draw_167
Male,1.0985066359727271,3,95.71572,nigeria,draw_167
Female,1.089343375920016,2,95.82583,nigeria,draw_167
Male,1.0949446311398514,2,95.82583,nigeria,draw_167
Female,1.1024734747335618,3,95.82583,nigeria,draw_167
Male,1.0977455663511295,3,95.82583,nigeria,draw_167
Female,1.088637041144549,2,95.93594,nigeria,draw_167
Male,1.0941703129891134,2,95.93594,nigeria,draw_167
Female,1.1017112782292948,3,95.93594,nigeria,draw_167
Male,1.0969912387047502,3,95.93594,nigeria,draw_167
Female,1.0879384994370822,2,96.04605,nigeria,draw_167
Male,1.0934050047054185,2,96.04605,nigeria,draw_167
Female,1.1009575381428827,3,96.04605,nigeria,draw_167
Male,1.0962455921678578,3,96.04605,nigeria,draw_167
Female,1.0872468773091775,2,96.15616,nigeria,draw_167
Male,1.0926459346489228,2,96.15616,nigeria,draw_167
Female,1.1002111497441929,3,96.15616,nigeria,draw_167
Male,1.0955063959813143,3,96.15616,nigeria,draw_167
Female,1.0865610436563242,2,96.26627,nigeria,draw_167
Male,1.091895791496459,2,96.26627,nigeria,draw_167
Female,1.0994712276472411,3,96.26627,nigeria,draw_167
Male,1.094775278243616,3,96.26627,nigeria,draw_167
Female,1.0858816623924654,2,96.37638,nigeria,draw_167
Male,1.0911518210266926,2,96.37638,nigeria,draw_167
Female,1.0987382017317806,3,96.37638,nigeria,draw_167
Male,1.0940506173251958,3,96.37638,nigeria,draw_167
Female,1.0852089040315092,2,96.48649,nigeria,draw_167
Male,1.0904147196745908,2,96.48649,nigeria,draw_167
Female,1.098012215861161,3,96.48649,nigeria,draw_167
Male,1.093332802312287,3,96.48649,nigeria,draw_167
Female,1.0845428735686975,2,96.5966,nigeria,draw_167
Male,1.0896850521131647,2,96.5966,nigeria,draw_167
Female,1.09729338941135,3,96.5966,nigeria,draw_167
Male,1.0926221635814546,3,96.5966,nigeria,draw_167
Female,1.0838829235210583,2,96.70671,nigeria,draw_167
Male,1.0889630276745506,2,96.70671,nigeria,draw_167
Female,1.0965815517387543,3,96.70671,nigeria,draw_167
Male,1.0919191545953362,3,96.70671,nigeria,draw_167
Female,1.0832304681342046,2,96.81682,nigeria,draw_167
Male,1.0882487099054727,2,96.81682,nigeria,draw_167
Female,1.0958777318854067,3,96.81682,nigeria,draw_167
Male,1.091223838359937,3,96.81682,nigeria,draw_167
Female,1.0825834242065109,2,96.92693,nigeria,draw_167
Male,1.0875405635442106,2,96.92693,nigeria,draw_167
Female,1.095180156231647,3,96.92693,nigeria,draw_167
Male,1.0905349477334791,3,96.92693,nigeria,draw_167
Female,1.0819430391400904,2,97.03704,nigeria,draw_167
Male,1.0868401094511069,2,97.03704,nigeria,draw_167
Female,1.0944896743081707,3,97.03704,nigeria,draw_167
Male,1.0898533276809912,3,97.03704,nigeria,draw_167
Female,1.0813090165200687,2,97.14715,nigeria,draw_167
Male,1.0861458949080744,2,97.14715,nigeria,draw_167
Female,1.0938060447861162,3,97.14715,nigeria,draw_167
Male,1.0891781354363694,3,97.14715,nigeria,draw_167
Female,1.0806807745184477,2,97.25726,nigeria,draw_167
Male,1.0854588158344363,2,97.25726,nigeria,draw_167
Female,1.093128811070702,3,97.25726,nigeria,draw_167
Male,1.088509892007277,3,97.25726,nigeria,draw_167
Female,1.080058763199912,2,97.36737,nigeria,draw_167
Male,1.0847780406772949,2,97.36737,nigeria,draw_167
Female,1.092458302337859,3,97.36737,nigeria,draw_167
Male,1.0878481565978284,3,97.36737,nigeria,draw_167
Female,1.0794436863416472,2,97.47748,nigeria,draw_167
Male,1.0841056998739473,2,97.47748,nigeria,draw_167
Female,1.0917955853432229,3,97.47748,nigeria,draw_167
Male,1.0871947118933192,3,97.47748,nigeria,draw_167
Female,1.0788350818706283,2,97.58759,nigeria,draw_167
Male,1.0834394634351698,2,97.58759,nigeria,draw_167
Female,1.0911397908864795,3,97.58759,nigeria,draw_167
Male,1.086547552451668,3,97.58759,nigeria,draw_167
Female,1.0782310510689217,2,97.6977,nigeria,draw_167
Male,1.0827802253184566,2,97.6977,nigeria,draw_167
Female,1.0904895336056926,3,97.6977,nigeria,draw_167
Male,1.0859072127233622,3,97.6977,nigeria,draw_167
Female,1.0776338788234088,2,97.80781,nigeria,draw_167
Male,1.0821277514091787,2,97.80781,nigeria,draw_167
Female,1.0898465047070702,3,97.80781,nigeria,draw_167
Male,1.085273545532683,3,97.80781,nigeria,draw_167
Female,1.0770424004682804,2,97.91792,nigeria,draw_167
Male,1.081481613471604,2,97.91792,nigeria,draw_167
Female,1.0892098203420162,3,97.91792,nigeria,draw_167
Male,1.0846462999400668,3,97.91792,nigeria,draw_167
Female,1.0764564236989111,2,98.02803,nigeria,draw_167
Male,1.0808412185630525,2,98.02803,nigeria,draw_167
Female,1.0885793436931384,3,98.02803,nigeria,draw_167
Male,1.0840251317753935,3,98.02803,nigeria,draw_167
Female,1.075876825918016,2,98.13814,nigeria,draw_167
Male,1.080208980450503,2,98.13814,nigeria,draw_167
Female,1.0879558869977097,3,98.13814,nigeria,draw_167
Male,1.0834117651872446,3,98.13814,nigeria,draw_167
Female,1.0753034084184165,2,98.24825,nigeria,draw_167
Male,1.0795834067355805,2,98.24825,nigeria,draw_167
Female,1.0873393865934216,3,98.24825,nigeria,draw_167
Male,1.0828052502236414,3,98.24825,nigeria,draw_167
Female,1.074736618931004,2,98.35836,nigeria,draw_167
Male,1.0789637605540148,2,98.35836,nigeria,draw_167
Female,1.0867298887278884,3,98.35836,nigeria,draw_167
Male,1.0822048999786813,3,98.35836,nigeria,draw_167
Female,1.0741746382015078,2,98.46847,nigeria,draw_167
Male,1.0783510889830108,2,98.46847,nigeria,draw_167
Female,1.0861260236794599,3,98.46847,nigeria,draw_167
Male,1.0816113061994874,3,98.46847,nigeria,draw_167
Female,1.073618277711321,2,98.57858,nigeria,draw_167
Male,1.077744385971037,2,98.57858,nigeria,draw_167
Female,1.0855284305686828,3,98.57858,nigeria,draw_167
Male,1.0810238298616297,3,98.57858,nigeria,draw_167
Female,1.073067930753058,2,98.68869,nigeria,draw_167
Male,1.07714373984838,2,98.68869,nigeria,draw_167
Female,1.0849373748718183,3,98.68869,nigeria,draw_167
Male,1.080442527701643,3,98.68869,nigeria,draw_167
Female,1.0725226988195795,2,98.7988,nigeria,draw_167
Male,1.0765499630381759,2,98.7988,nigeria,draw_167
Female,1.084352268727156,3,98.7988,nigeria,draw_167
Male,1.079867985599831,3,98.7988,nigeria,draw_167
Female,1.0719843434842025,2,98.90891,nigeria,draw_167
Male,1.0759631809928247,2,98.90891,nigeria,draw_167
Female,1.083774743195664,3,98.90891,nigeria,draw_167
Male,1.0793007198162983,3,98.90891,nigeria,draw_167
Female,1.0714519172990509,2,99.01902,nigeria,draw_167
Male,1.0753821099805794,2,99.01902,nigeria,draw_167
Female,1.0832036079054768,3,99.01902,nigeria,draw_167
Male,1.0787394426681536,3,99.01902,nigeria,draw_167
Female,1.070924696953217,2,99.12913,nigeria,draw_167
Male,1.074807789346989,2,99.12913,nigeria,draw_167
Female,1.082638342196387,3,99.12913,nigeria,draw_167
Male,1.078184729753681,3,99.12913,nigeria,draw_167
Female,1.0704026147510597,2,99.23924,nigeria,draw_167
Male,1.0742397181115801,2,99.23924,nigeria,draw_167
Female,1.0820790240217395,3,99.23924,nigeria,draw_167
Male,1.0776362896168132,3,99.23924,nigeria,draw_167
Female,1.0698862100008564,2,99.34935,nigeria,draw_167
Male,1.0736774777088836,2,99.34935,nigeria,draw_167
Female,1.081525988834376,3,99.34935,nigeria,draw_167
Male,1.0770938464792785,3,99.34935,nigeria,draw_167
Female,1.0693750223223324,2,99.45946,nigeria,draw_167
Male,1.0731214950705512,2,99.45946,nigeria,draw_167
Female,1.0809788786299406,3,99.45946,nigeria,draw_167
Male,1.0765576280183615,3,99.45946,nigeria,draw_167
Female,1.0688697121129218,2,99.56957,nigeria,draw_167
Male,1.0725718749846638,2,99.56957,nigeria,draw_167
Female,1.0804384491134063,3,99.56957,nigeria,draw_167
Male,1.0760280349925948,3,99.56957,nigeria,draw_167
Female,1.0683700233755407,2,99.67968,nigeria,draw_167
Male,1.0720292961816473,2,99.67968,nigeria,draw_167
Female,1.0799043794143022,3,99.67968,nigeria,draw_167
Male,1.0755054266216395,3,99.67968,nigeria,draw_167
Female,1.0678754594241981,2,99.78979,nigeria,draw_167
Male,1.0714924438139826,2,99.78979,nigeria,draw_167
Female,1.0793761575052319,3,99.78979,nigeria,draw_167
Male,1.0749887872902686,3,99.78979,nigeria,draw_167
Female,1.0673867246737645,2,99.8999,nigeria,draw_167
Male,1.0709615644766042,2,99.8999,nigeria,draw_167
Female,1.078854306422085,3,99.8999,nigeria,draw_167
Male,1.0744782243073796,3,99.8999,nigeria,draw_167
Female,1.0669029274973214,2,100.01001,nigeria,draw_167
Male,1.070436491455194,2,100.01001,nigeria,draw_167
Female,1.0783381359404978,3,100.01001,nigeria,draw_167
Male,1.073973607377206,3,100.01001,nigeria,draw_167
Female,1.0664242440263076,2,100.12012,nigeria,draw_167
Male,1.0699171344922873,2,100.12012,nigeria,draw_167
Female,1.0778277296091205,3,100.12012,nigeria,draw_167
Male,1.07347485878765,3,100.12012,nigeria,draw_167
Female,1.0659508221663683,2,100.23023,nigeria,draw_167
Male,1.069403502018119,2,100.23023,nigeria,draw_167
Female,1.0773231384847626,3,100.23023,nigeria,draw_167
Male,1.072981947860525,3,100.23023,nigeria,draw_167
Female,1.0654822913647326,2,100.34034,nigeria,draw_167
Male,1.068895834612833,2,100.34034,nigeria,draw_167
Female,1.0768240435809497,3,100.34034,nigeria,draw_167
Male,1.0724949925479794,3,100.34034,nigeria,draw_167
Female,1.065018056677543,2,100.45045,nigeria,draw_167
Male,1.0683922851750847,2,100.45045,nigeria,draw_167
Female,1.0763295942177722,3,100.45045,nigeria,draw_167
Male,1.0720123706279119,3,100.45045,nigeria,draw_167
Female,1.0645578152131463,2,100.56056,nigeria,draw_167
Male,1.0678931460047392,2,100.56056,nigeria,draw_167
Female,1.0758395471091253,3,100.56056,nigeria,draw_167
Male,1.071534194462801,3,100.56056,nigeria,draw_167
Female,1.06410101940622,2,100.67067,nigeria,draw_167
Male,1.067398692585251,2,100.67067,nigeria,draw_167
Female,1.0753534074473101,3,100.67067,nigeria,draw_167
Male,1.0710605198312935,3,100.67067,nigeria,draw_167
Female,1.0636484942760165,2,100.78078,nigeria,draw_167
Male,1.0669081782542806,2,100.78078,nigeria,draw_167
Female,1.0748717524427096,3,100.78078,nigeria,draw_167
Male,1.0705908808557834,3,100.78078,nigeria,draw_167
Female,1.0631994343898492,2,100.89089,nigeria,draw_167
Male,1.0664208495133356,2,100.89089,nigeria,draw_167
Female,1.074393904588322,3,100.89089,nigeria,draw_167
Male,1.070124775889977,3,100.89089,nigeria,draw_167
Female,1.0627539348154824,2,101.001,nigeria,draw_167
Male,1.0659389869927989,2,101.001,nigeria,draw_167
Female,1.073920179235466,3,101.001,nigeria,draw_167
Male,1.0696638221277182,3,101.001,nigeria,draw_167
Female,1.0623125948464418,2,101.11111,nigeria,draw_167
Male,1.065460244669128,2,101.11111,nigeria,draw_167
Female,1.0734508643277736,3,101.11111,nigeria,draw_167
Male,1.0692063713437963,3,101.11111,nigeria,draw_167
Female,1.0618743268527098,2,101.22122,nigeria,draw_167
Male,1.0649862091557865,2,101.22122,nigeria,draw_167
Female,1.0729850266464247,3,101.22122,nigeria,draw_167
Male,1.068753229672258,3,101.22122,nigeria,draw_167
Female,1.0614394048413702,2,101.33133,nigeria,draw_167
Male,1.0645154229433202,2,101.33133,nigeria,draw_167
Female,1.072522807627745,3,101.33133,nigeria,draw_167
Male,1.0683034575925876,3,101.33133,nigeria,draw_167
Female,1.0610078351363752,2,101.44144,nigeria,draw_167
Male,1.0640484555210055,2,101.44144,nigeria,draw_167
Female,1.072064086599366,3,101.44144,nigeria,draw_167
Male,1.0678573673075407,3,101.44144,nigeria,draw_167
Female,1.060579628278998,2,101.55155,nigeria,draw_167
Male,1.0635845018760457,2,101.55155,nigeria,draw_167
Female,1.0716088775912327,3,101.55155,nigeria,draw_167
Male,1.067414388515154,3,101.55155,nigeria,draw_167
Female,1.0601534943134225,2,101.66166,nigeria,draw_167
Male,1.0631235146320217,2,101.66166,nigeria,draw_167
Female,1.071156309856346,3,101.66166,nigeria,draw_167
Male,1.0669745203452743,3,101.66166,nigeria,draw_167
Female,1.059731787685311,2,101.77177,nigeria,draw_167
Male,1.062667016067871,2,101.77177,nigeria,draw_167
Female,1.0707082400305665,3,101.77177,nigeria,draw_167
Male,1.0665388827213391,3,101.77177,nigeria,draw_167
Female,1.0593121094522613,2,101.88188,nigeria,draw_167
Male,1.0622133978817876,2,101.88188,nigeria,draw_167
Female,1.070262665511824,3,101.88188,nigeria,draw_167
Male,1.066106239499865,3,101.88188,nigeria,draw_167
Female,1.0588957725690054,2,101.99199,nigeria,draw_167
Male,1.0617633201932628,2,101.99199,nigeria,draw_167
Female,1.069820576068409,3,101.99199,nigeria,draw_167
Male,1.0656770087444647,3,101.99199,nigeria,draw_167
Female,1.05848200964687,2,102.1021,nigeria,draw_167
Male,1.061316235920908,2,102.1021,nigeria,draw_167
Female,1.0693813593194486,3,102.1021,nigeria,draw_167
Male,1.065250755067075,3,102.1021,nigeria,draw_167
Female,1.0580710301110272,2,102.21221,nigeria,draw_167
Male,1.0608722939417208,2,102.21221,nigeria,draw_167
Female,1.0689450396402684,3,102.21221,nigeria,draw_167
Male,1.0648274220503475,3,102.21221,nigeria,draw_167
Female,1.0576616348110228,2,102.32232,nigeria,draw_167
Male,1.0604299875667027,2,102.32232,nigeria,draw_167
Female,1.0685104756017683,3,102.32232,nigeria,draw_167
Male,1.0644058169387944,3,102.32232,nigeria,draw_167
Female,1.0572543581849174,2,102.43243,nigeria,draw_167
Male,1.059989711886635,2,102.43243,nigeria,draw_167
Female,1.0680781661169116,3,102.43243,nigeria,draw_167
Male,1.0639862813703678,3,102.43243,nigeria,draw_167
Female,1.0568496262973965,2,102.54254,nigeria,draw_167
Male,1.059552696719089,2,102.54254,nigeria,draw_167
Female,1.0676483876379357,3,102.54254,nigeria,draw_167
Male,1.0635695196660284,3,102.54254,nigeria,draw_167
Female,1.0564464191730878,2,102.65265,nigeria,draw_167
Male,1.059116786761073,2,102.65265,nigeria,draw_167
Female,1.067220309081184,3,102.65265,nigeria,draw_167
Male,1.0631541351410299,3,102.65265,nigeria,draw_167
Female,1.0560451951864862,2,102.76276,nigeria,draw_167
Male,1.0586840142661507,2,102.76276,nigeria,draw_167
Female,1.0667942705328122,3,102.76276,nigeria,draw_167
Male,1.0627414242800173,3,102.76276,nigeria,draw_167
Female,1.0556458530074466,2,102.87287,nigeria,draw_167
Male,1.058252681405942,2,102.87287,nigeria,draw_167
Female,1.0663701958604521,3,102.87287,nigeria,draw_167
Male,1.0623302665121033,3,102.87287,nigeria,draw_167
Female,1.0552485129266322,2,102.98298,nigeria,draw_167
Male,1.0578235975972325,2,102.98298,nigeria,draw_167
Female,1.065948177131317,3,102.98298,nigeria,draw_167
Male,1.0619211764877363,3,102.98298,nigeria,draw_167
Female,1.054853394980787,2,103.09309,nigeria,draw_167
Male,1.0573962338521654,2,103.09309,nigeria,draw_167
Female,1.0655283555459938,3,103.09309,nigeria,draw_167
Male,1.0615138674688442,3,103.09309,nigeria,draw_167
Female,1.0544601812682484,2,103.2032,nigeria,draw_167
Male,1.0569716284408643,2,103.2032,nigeria,draw_167
Female,1.0651106090708593,3,103.2032,nigeria,draw_167
Male,1.061109067504993,3,103.2032,nigeria,draw_167
Female,1.0540689723061285,2,103.31331,nigeria,draw_167
Male,1.0565494167342122,2,103.31331,nigeria,draw_167
Female,1.0646949613921999,3,103.31331,nigeria,draw_167
Male,1.0607064333484924,3,103.31331,nigeria,draw_167
Female,1.053679302613222,2,103.42342,nigeria,draw_167
Male,1.0561289762510413,2,103.42342,nigeria,draw_167
Female,1.0642809406268945,3,103.42342,nigeria,draw_167
Male,1.0603054951521491,3,103.42342,nigeria,draw_167
Female,1.0532917265083173,2,103.53353,nigeria,draw_167
Male,1.0557098322711729,2,103.53353,nigeria,draw_167
Female,1.063868880351689,3,103.53353,nigeria,draw_167
Male,1.0599058834853023,3,103.53353,nigeria,draw_167
Female,1.0529049809209887,2,103.64364,nigeria,draw_167
Male,1.0552923605187539,2,103.64364,nigeria,draw_167
Female,1.0634577650919559,3,103.64364,nigeria,draw_167
Male,1.059507766969493,3,103.64364,nigeria,draw_167
Female,1.0525197563034792,2,103.75375,nigeria,draw_167
Male,1.0548764649045173,2,103.75375,nigeria,draw_167
Female,1.0630481046960267,3,103.75375,nigeria,draw_167
Male,1.0591110696573414,3,103.75375,nigeria,draw_167
Female,1.0521364017710522,2,103.86386,nigeria,draw_167
Male,1.0544625826924907,2,103.86386,nigeria,draw_167
Female,1.0626402823123746,3,103.86386,nigeria,draw_167
Male,1.0587161605609938,3,103.86386,nigeria,draw_167
Female,1.0517541928685827,2,103.97397,nigeria,draw_167
Male,1.0540499410371513,2,103.97397,nigeria,draw_167
Female,1.0622336827010705,3,103.97397,nigeria,draw_167
Male,1.0583225281478046,3,103.97397,nigeria,draw_167
Female,1.0513739219360614,2,104.08408,nigeria,draw_167
Male,1.0536386689218087,2,104.08408,nigeria,draw_167
Female,1.061828888019885,3,104.08408,nigeria,draw_167
Male,1.0579302279116443,3,104.08408,nigeria,draw_167
Female,1.050994539302389,2,104.19419,nigeria,draw_167
Male,1.0532287975371535,2,104.19419,nigeria,draw_167
Female,1.06142511084122,3,104.19419,nigeria,draw_167
Male,1.057539261151884,3,104.19419,nigeria,draw_167
Female,1.0506168121622794,2,104.3043,nigeria,draw_167
Male,1.052820974023059,2,104.3043,nigeria,draw_167
Female,1.061022913503786,3,104.3043,nigeria,draw_167
Male,1.0571500357165713,3,104.3043,nigeria,draw_167
Female,1.0502405295440191,2,104.41441,nigeria,draw_167
Male,1.052414117597315,2,104.41441,nigeria,draw_167
Female,1.0606221544031023,3,104.41441,nigeria,draw_167
Male,1.0567618542668968,3,104.41441,nigeria,draw_167
Female,1.0498656520496892,2,104.52452,nigeria,draw_167
Male,1.0520096645668757,2,104.52452,nigeria,draw_167
Female,1.0602228169158658,3,104.52452,nigeria,draw_167
Male,1.056375643856333,3,104.52452,nigeria,draw_167
Female,1.0494921210184505,2,104.63463,nigeria,draw_167
Male,1.051605923273912,2,104.63463,nigeria,draw_167
Female,1.0598249053836437,3,104.63463,nigeria,draw_167
Male,1.055990379232304,3,104.63463,nigeria,draw_167
Female,1.0491204400533365,2,104.74474,nigeria,draw_167
Male,1.0512040528775215,2,104.74474,nigeria,draw_167
Female,1.0594287242198193,3,104.74474,nigeria,draw_167
Male,1.0556067041116697,3,104.74474,nigeria,draw_167
Female,1.0487497492243911,2,104.85485,nigeria,draw_167
Male,1.0508035337665333,2,104.85485,nigeria,draw_167
Female,1.059033622739404,3,104.85485,nigeria,draw_167
Male,1.0552242946752177,3,104.85485,nigeria,draw_167
Female,1.048380157485926,2,104.96496,nigeria,draw_167
Male,1.0504049629043546,2,104.96496,nigeria,draw_167
Female,1.058639622855518,3,104.96496,nigeria,draw_167
Male,1.0548434839596776,3,104.96496,nigeria,draw_167
Female,1.048012242617184,2,105.07508,nigeria,draw_167
Male,1.0500075984024608,2,105.07508,nigeria,draw_167
Female,1.0582471169396128,3,105.07508,nigeria,draw_167
Male,1.0544636869855448,3,105.07508,nigeria,draw_167
Female,1.0476449763326172,2,105.18519,nigeria,draw_167
Male,1.0496102015342432,2,105.18519,nigeria,draw_167
Female,1.0578552153693632,3,105.18519,nigeria,draw_167
Male,1.0540840819540067,3,105.18519,nigeria,draw_167
Female,1.0472789270257463,2,105.2953,nigeria,draw_167
Male,1.0492150893875356,2,105.2953,nigeria,draw_167
Female,1.0574643361835598,3,105.2953,nigeria,draw_167
Male,1.053706126365998,3,105.2953,nigeria,draw_167
Female,1.046913466762626,2,105.40541,nigeria,draw_167
Male,1.0488204950655438,2,105.40541,nigeria,draw_167
Female,1.0570739770827686,3,105.40541,nigeria,draw_167
Male,1.0533286517259097,3,105.40541,nigeria,draw_167
Female,1.04654882047954,2,105.51552,nigeria,draw_167
Male,1.048426885443497,2,105.51552,nigeria,draw_167
Female,1.0566843063828413,3,105.51552,nigeria,draw_167
Male,1.0529519545490875,3,105.51552,nigeria,draw_167
Female,1.046185339066263,2,105.62563,nigeria,draw_167
Male,1.0480336200109597,2,105.62563,nigeria,draw_167
Female,1.0562955918511807,3,105.62563,nigeria,draw_167
Male,1.052575557972937,3,105.62563,nigeria,draw_167
Female,1.0458223403583469,2,105.73574,nigeria,draw_167
Male,1.0476415961766703,2,105.73574,nigeria,draw_167
Female,1.0559072761432242,3,105.73574,nigeria,draw_167
Male,1.0521999835559335,3,105.73574,nigeria,draw_167
Female,1.0454597798541938,2,105.84585,nigeria,draw_167
Male,1.0472502684296057,2,105.84585,nigeria,draw_167
Female,1.0555192566756988,3,105.84585,nigeria,draw_167
Male,1.0518248370185306,3,105.84585,nigeria,draw_167
Female,1.0450980501607505,2,105.95596,nigeria,draw_167
Male,1.046859123934081,2,105.95596,nigeria,draw_167
Female,1.0551318762431752,3,105.95596,nigeria,draw_167
Male,1.051449806241889,3,105.95596,nigeria,draw_167
Female,1.0447364918229567,2,106.06607,nigeria,draw_167
Male,1.046468949607204,2,106.06607,nigeria,draw_167
Female,1.05474465266654,3,106.06607,nigeria,draw_167
Male,1.0510753928227585,3,106.06607,nigeria,draw_167
Female,1.0443759412937736,2,106.17618,nigeria,draw_167
Male,1.046079323973694,2,106.17618,nigeria,draw_167
Female,1.0543581750407043,3,106.17618,nigeria,draw_167
Male,1.0507013459861465,3,106.17618,nigeria,draw_167
Female,1.0440156839124681,2,106.28629,nigeria,draw_167
Male,1.0456898437198299,2,106.28629,nigeria,draw_167
Female,1.0539719221990065,3,106.28629,nigeria,draw_167
Male,1.0503274109397833,3,106.28629,nigeria,draw_167
Female,1.0436559944221087,2,106.3964,nigeria,draw_167
Male,1.0453017319858144,2,106.3964,nigeria,draw_167
Female,1.0535860727528716,3,106.3964,nigeria,draw_167
Male,1.0499543520164483,3,106.3964,nigeria,draw_167
Female,1.0432967704940599,2,106.50651,nigeria,draw_167
Male,1.0449135199537056,2,106.50651,nigeria,draw_167
Female,1.0532005649729852,3,106.50651,nigeria,draw_167
Male,1.0495812322484066,3,106.50651,nigeria,draw_167
Female,1.042938258993125,2,106.61662,nigeria,draw_167
Male,1.0445264044775873,2,106.61662,nigeria,draw_167
Female,1.0528155713800709,3,106.61662,nigeria,draw_167
Male,1.0492088267311852,3,106.61662,nigeria,draw_167
Female,1.0425802754098197,2,106.72673,nigeria,draw_167
Male,1.0441395582589,2,106.72673,nigeria,draw_167
Female,1.0524309463571064,3,106.72673,nigeria,draw_167
Male,1.048836636811871,3,106.72673,nigeria,draw_167
Female,1.0422227270573594,2,106.83684,nigeria,draw_167
Male,1.0437529122707045,2,106.83684,nigeria,draw_167
Female,1.0520466069634296,3,106.83684,nigeria,draw_167
Male,1.0484645704898055,3,106.83684,nigeria,draw_167
Female,1.0418660280314966,2,106.94695,nigeria,draw_167
Male,1.0433671241933091,2,106.94695,nigeria,draw_167
Female,1.0516628852613563,3,106.94695,nigeria,draw_167
Male,1.048093053994121,3,106.94695,nigeria,draw_167
Female,1.0415093853690265,2,107.05706,nigeria,draw_167
Male,1.0429820848933793,2,107.05706,nigeria,draw_167
Female,1.051279195569846,3,107.05706,nigeria,draw_167
Male,1.0477219977602215,3,107.05706,nigeria,draw_167
Female,1.0411537542219065,2,107.16717,nigeria,draw_167
Male,1.0425976341502023,2,107.16717,nigeria,draw_167
Female,1.0508962597376503,3,107.16717,nigeria,draw_167
Male,1.0473513077386176,3,107.16717,nigeria,draw_167
Female,1.0407985119680405,2,107.27728,nigeria,draw_167
Male,1.0422142509538999,2,107.27728,nigeria,draw_167
Female,1.0505136167132445,3,107.27728,nigeria,draw_167
Male,1.046981314736894,3,107.27728,nigeria,draw_167
Female,1.0404437991710893,2,107.38739,nigeria,draw_167
Male,1.0418308355561836,2,107.38739,nigeria,draw_167
Female,1.0501313453213126,3,107.38739,nigeria,draw_167
Male,1.0466112897729603,3,107.38739,nigeria,draw_167
Female,1.040089871060284,2,107.4975,nigeria,draw_167
Male,1.0414480578750969,2,107.4975,nigeria,draw_167
Female,1.049749602565913,3,107.4975,nigeria,draw_167
Male,1.0462416743061456,3,107.4975,nigeria,draw_167
Female,1.0397358069630576,2,107.60761,nigeria,draw_167
Male,1.0410661818124576,2,107.60761,nigeria,draw_167
Female,1.0493677003326736,3,107.60761,nigeria,draw_167
Male,1.0458726395693447,3,107.60761,nigeria,draw_167
Female,1.0393832760631254,2,107.71772,nigeria,draw_167
Male,1.0406845550547277,2,107.71772,nigeria,draw_167
Female,1.0489869351267282,3,107.71772,nigeria,draw_167
Male,1.0455037875180129,3,107.71772,nigeria,draw_167
Female,1.0390308820913212,2,107.82783,nigeria,draw_167
Male,1.040303527174128,2,107.82783,nigeria,draw_167
Female,1.048606286909052,3,107.82783,nigeria,draw_167
Male,1.045135342797204,3,107.82783,nigeria,draw_167
Female,1.0386788341725004,2,107.93794,nigeria,draw_167
Male,1.0399231036512315,2,107.93794,nigeria,draw_167
Female,1.048225886618715,3,107.93794,nigeria,draw_167
Male,1.0447672819545601,3,107.93794,nigeria,draw_167
Female,1.0383279968127115,2,108.04805,nigeria,draw_167
Male,1.0395433208642078,2,108.04805,nigeria,draw_167
Female,1.0478463791548862,3,108.04805,nigeria,draw_167
Male,1.0443996088819991,3,108.04805,nigeria,draw_167
Female,1.037977136547455,2,108.15816,nigeria,draw_167
Male,1.0391637516756698,2,108.15816,nigeria,draw_167
Female,1.0474668109892915,3,108.15816,nigeria,draw_167
Male,1.0440320596480892,3,108.15816,nigeria,draw_167
Female,1.0376268353556706,2,108.26827,nigeria,draw_167
Male,1.0387851606127787,2,108.26827,nigeria,draw_167
Female,1.047087685250455,3,108.26827,nigeria,draw_167
Male,1.0436651269619759,3,108.26827,nigeria,draw_167
Female,1.0372775779743855,2,108.37838,nigeria,draw_167
Male,1.0384072143643952,2,108.37838,nigeria,draw_167
Female,1.0467093566637653,3,108.37838,nigeria,draw_167
Male,1.0432986005702571,3,108.37838,nigeria,draw_167
Female,1.0369283529616227,2,108.48849,nigeria,draw_167
Male,1.0380297083740428,2,108.48849,nigeria,draw_167
Female,1.0463310191620359,3,108.48849,nigeria,draw_167
Male,1.0429323761536788,3,108.48849,nigeria,draw_167
Female,1.0365798461600866,2,108.5986,nigeria,draw_167
Male,1.0376529787306616,2,108.5986,nigeria,draw_167
Female,1.0459531438329899,3,108.5986,nigeria,draw_167
Male,1.0425666654359291,3,108.5986,nigeria,draw_167
Female,1.036231996256954,2,108.70871,nigeria,draw_167
Male,1.0372766414905064,2,108.70871,nigeria,draw_167
Female,1.045575748554396,3,108.70871,nigeria,draw_167
Male,1.0422012005332988,3,108.70871,nigeria,draw_167
Female,1.0358849206612968,2,108.81882,nigeria,draw_167
Male,1.0369013919758494,2,108.81882,nigeria,draw_167
Female,1.0451989371169685,3,108.81882,nigeria,draw_167
Male,1.0418364253455152,3,108.81882,nigeria,draw_167
Female,1.0355380778069923,2,108.92893,nigeria,draw_167
Male,1.0365258832703215,2,108.92893,nigeria,draw_167
Female,1.0448222711185982,3,108.92893,nigeria,draw_167
Male,1.041471503215783,3,108.92893,nigeria,draw_167
Female,1.0351915687999178,2,109.03904,nigeria,draw_167
Male,1.036151712509191,2,109.03904,nigeria,draw_167
Female,1.0444458444546103,3,109.03904,nigeria,draw_167
Male,1.0411074258061945,3,109.03904,nigeria,draw_167
Female,1.0348458245065106,2,109.14915,nigeria,draw_167
Male,1.0357777605652918,2,109.14915,nigeria,draw_167
Female,1.0440699840212548,3,109.14915,nigeria,draw_167
Male,1.040743488564044,3,109.14915,nigeria,draw_167
Female,1.034501114762111,2,109.25926,nigeria,draw_167
Male,1.0354043643455564,2,109.25926,nigeria,draw_167
Female,1.043694854876763,3,109.25926,nigeria,draw_167
Male,1.040379942827148,3,109.25926,nigeria,draw_167
Female,1.0341568530505842,2,109.36937,nigeria,draw_167
Male,1.035031763766759,2,109.36937,nigeria,draw_167
Female,1.0433200283472457,3,109.36937,nigeria,draw_167
Male,1.040016962351503,3,109.36937,nigeria,draw_167
Female,1.0338125985795081,2,109.47948,nigeria,draw_167
Male,1.034659563714472,2,109.47948,nigeria,draw_167
Female,1.0429451463577624,3,109.47948,nigeria,draw_167
Male,1.0396542566457236,3,109.47948,nigeria,draw_167
Female,1.033469229160152,2,109.58959,nigeria,draw_167
Male,1.0342883895822101,2,109.58959,nigeria,draw_167
Female,1.042570894717174,3,109.58959,nigeria,draw_167
Male,1.0392922540843248,3,109.58959,nigeria,draw_167
Female,1.033126350512647,2,109.6997,nigeria,draw_167
Male,1.0339173174974996,2,109.6997,nigeria,draw_167
Female,1.0421970391089292,3,109.6997,nigeria,draw_167
Male,1.0389303481266359,3,109.6997,nigeria,draw_167
Female,1.0327843675338775,2,109.80981,nigeria,draw_167
Male,1.0335470449362514,2,109.80981,nigeria,draw_167
Female,1.0418238528531183,3,109.80981,nigeria,draw_167
Male,1.0385689557225475,3,109.80981,nigeria,draw_167
Female,1.0324428468818254,2,109.91992,nigeria,draw_167
Male,1.0331769817860001,2,109.91992,nigeria,draw_167
Female,1.0414510071520044,3,109.91992,nigeria,draw_167
Male,1.0382076955993824,3,109.91992,nigeria,draw_167
Female,1.0321015368489581,2,110.03003,nigeria,draw_167
Male,1.0328080715793202,2,110.03003,nigeria,draw_167
Female,1.0410783129941248,3,110.03003,nigeria,draw_167
Male,1.0378471963288791,3,110.03003,nigeria,draw_167
Female,1.0317607658094003,2,110.14014,nigeria,draw_167
Male,1.0324396609497093,2,110.14014,nigeria,draw_167
Female,1.040706011512306,3,110.14014,nigeria,draw_167
Male,1.0374870424836473,3,110.14014,nigeria,draw_167
Female,1.0314210746184271,2,110.25025,nigeria,draw_167
Male,1.0320720426819439,2,110.25025,nigeria,draw_167
Female,1.0403345571487144,3,110.25025,nigeria,draw_167
Male,1.0371274197780376,3,110.25025,nigeria,draw_167
Female,1.031081544979494,2,110.36036,nigeria,draw_167
Male,1.031704916394305,2,110.36036,nigeria,draw_167
Female,1.0399632197609148,3,110.36036,nigeria,draw_167
Male,1.036768134078475,3,110.36036,nigeria,draw_167
Female,1.0307425352630841,2,110.47047,nigeria,draw_167
Male,1.031338416973517,2,110.47047,nigeria,draw_167
Female,1.0395922824715116,3,110.47047,nigeria,draw_167
Male,1.0364092638311353,3,110.47047,nigeria,draw_167
Female,1.0304045967438513,2,110.58058,nigeria,draw_167
Male,1.0309723471030778,2,110.58058,nigeria,draw_167
Female,1.0392222274669027,3,110.58058,nigeria,draw_167
Male,1.0360506751231913,3,110.58058,nigeria,draw_167
Female,1.0300661076695568,2,110.69069,nigeria,draw_167
Male,1.0306074849768798,2,110.69069,nigeria,draw_167
Female,1.0388517811936904,3,110.69069,nigeria,draw_167
Male,1.035692922071167,3,110.69069,nigeria,draw_167
Female,1.0297290382373931,2,110.8008,nigeria,draw_167
Male,1.0302431052762377,2,110.8008,nigeria,draw_167
Female,1.0384824340029282,3,110.8008,nigeria,draw_167
Male,1.035335512553507,3,110.8008,nigeria,draw_167
Female,1.0293925987282735,2,110.91091,nigeria,draw_167
Male,1.029879599932688,2,110.91091,nigeria,draw_167
Female,1.0381135695015047,3,110.91091,nigeria,draw_167
Male,1.03497871321095,3,110.91091,nigeria,draw_167
Female,1.0290566401723207,2,111.02102,nigeria,draw_167
Male,1.0295157420846033,2,111.02102,nigeria,draw_167
Female,1.0377450449453722,3,111.02102,nigeria,draw_167
Male,1.0346217042972037,3,111.02102,nigeria,draw_167
Female,1.0287214742971194,2,111.13113,nigeria,draw_167
Male,1.0291537674912379,2,111.13113,nigeria,draw_167
Female,1.0373770985010373,3,111.13113,nigeria,draw_167
Male,1.0342659476553733,3,111.13113,nigeria,draw_167
Female,1.0283866281904492,2,111.24124,nigeria,draw_167
Male,1.0287917454416022,2,111.24124,nigeria,draw_167
Female,1.0370094050343592,3,111.24124,nigeria,draw_167
Male,1.033910176886488,3,111.24124,nigeria,draw_167
Female,1.0280529552252273,2,111.35135,nigeria,draw_167
Male,1.0284303714637912,2,111.35135,nigeria,draw_167
Female,1.0366426422870105,3,111.35135,nigeria,draw_167
Male,1.0335548512794348,3,111.35135,nigeria,draw_167
Female,1.0277193887811402,2,111.46146,nigeria,draw_167
Male,1.0280704298363714,2,111.46146,nigeria,draw_167
Female,1.0362759739652099,3,111.46146,nigeria,draw_167
Male,1.0332005125056998,3,111.46146,nigeria,draw_167
Female,1.0273869968921896,2,111.57157,nigeria,draw_167
Male,1.0277100244404067,2,111.57157,nigeria,draw_167
Female,1.0359102376257714,3,111.57157,nigeria,draw_167
Male,1.032845915469856,3,111.57157,nigeria,draw_167
Female,1.027054860063126,2,111.68168,nigeria,draw_167
Male,1.027351351140215,2,111.68168,nigeria,draw_167
Female,1.0355447267561557,3,111.68168,nigeria,draw_167
Male,1.0324924997074127,3,111.68168,nigeria,draw_167
Female,1.0267233231684003,2,111.79179,nigeria,draw_167
Male,1.02699305382858,2,111.79179,nigeria,draw_167
Female,1.0351797144388277,3,111.79179,nigeria,draw_167
Male,1.0321393766938434,3,111.79179,nigeria,draw_167
Female,1.026392641916857,2,111.9019,nigeria,draw_167
Male,1.026634937059171,2,111.9019,nigeria,draw_167
Female,1.0348153614779854,3,111.9019,nigeria,draw_167
Male,1.0317863794066913,3,111.9019,nigeria,draw_167
Female,1.0260625376367076,2,112.01201,nigeria,draw_167
Male,1.0262780112267562,2,112.01201,nigeria,draw_167
Female,1.0344514621140366,3,112.01201,nigeria,draw_167
Male,1.0314342054435732,3,112.01201,nigeria,draw_167
Female,1.0257332092653009,2,112.12212,nigeria,draw_167
Male,1.0259217027066176,2,112.12212,nigeria,draw_167
Female,1.0340881388573944,3,112.12212,nigeria,draw_167
Male,1.0310824946573867,3,112.12212,nigeria,draw_167
Female,1.025404367026366,2,112.23223,nigeria,draw_167
Male,1.025565619922035,2,112.23223,nigeria,draw_167
Female,1.033725187349763,3,112.23223,nigeria,draw_167
Male,1.030730982627603,3,112.23223,nigeria,draw_167
Female,1.0250762190952845,2,112.34234,nigeria,draw_167
Male,1.0252107361921712,2,112.34234,nigeria,draw_167
Female,1.033362780783024,3,112.34234,nigeria,draw_167
Male,1.030380302138756,3,112.34234,nigeria,draw_167
Female,1.0247486909151857,2,112.45245,nigeria,draw_167
Male,1.0248565858086405,2,112.45245,nigeria,draw_167
Female,1.0330009210972204,3,112.45245,nigeria,draw_167
Male,1.030030143812497,3,112.45245,nigeria,draw_167
Female,1.0244219147969915,2,112.56256,nigeria,draw_167
Male,1.0245021627806379,2,112.56256,nigeria,draw_167
Female,1.0326396112555287,3,112.56256,nigeria,draw_167
Male,1.0296798418653261,3,112.56256,nigeria,draw_167
Female,1.0240957946125564,2,112.67267,nigeria,draw_167
Male,1.0241491292239635,2,112.67267,nigeria,draw_167
Female,1.0322787906541009,3,112.67267,nigeria,draw_167
Male,1.0293304756614485,3,112.67267,nigeria,draw_167
Female,1.0237699425797073,2,112.78278,nigeria,draw_167
Male,1.0237966861475574,2,112.78278,nigeria,draw_167
Female,1.0319182136193883,3,112.78278,nigeria,draw_167
Male,1.0289815376155564,3,112.78278,nigeria,draw_167
Female,1.0234452674165977,2,112.89289,nigeria,draw_167
Male,1.0234449385965232,2,112.89289,nigeria,draw_167
Female,1.0315585307706,3,112.89289,nigeria,draw_167
Male,1.0286330932401349,3,112.89289,nigeria,draw_167
Female,1.0231209786641138,2,113.003,nigeria,draw_167
Male,1.023093972208261,2,113.003,nigeria,draw_167
Female,1.0311991354748171,3,113.003,nigeria,draw_167
Male,1.0282852097899629,3,113.003,nigeria,draw_167
Female,1.0227975454138203,2,113.11311,nigeria,draw_167
Male,1.0227438738457602,2,113.11311,nigeria,draw_167
Female,1.0308404310218466,3,113.11311,nigeria,draw_167
Male,1.0279379594459879,3,113.11311,nigeria,draw_167
Female,1.0224746766682171,2,113.22322,nigeria,draw_167
Male,1.0223939608619503,2,113.22322,nigeria,draw_167
Female,1.0304821906576083,3,113.22322,nigeria,draw_167
Male,1.0275908987470035,3,113.22322,nigeria,draw_167
Female,1.0221522118412638,2,113.33333,nigeria,draw_167
Male,1.0220450264721703,2,113.33333,nigeria,draw_167
Female,1.0301242750199289,3,113.33333,nigeria,draw_167
Male,1.0272445112833137,3,113.33333,nigeria,draw_167
Female,1.021830793271526,2,113.44344,nigeria,draw_167
Male,1.021696995662178,2,113.44344,nigeria,draw_167
Female,1.0297672233840585,3,113.44344,nigeria,draw_167
Male,1.0268987493101425,3,113.44344,nigeria,draw_167
Female,1.0215096791764162,2,113.55355,nigeria,draw_167
Male,1.021349355350834,2,113.55355,nigeria,draw_167
Female,1.0294104592958506,3,113.55355,nigeria,draw_167
Male,1.026553306290858,3,113.55355,nigeria,draw_167
Female,1.0211896512125387,2,113.66366,nigeria,draw_167
Male,1.0210028079390283,2,113.66366,nigeria,draw_167
Female,1.0290545990686213,3,113.66366,nigeria,draw_167
Male,1.0262086631897784,3,113.66366,nigeria,draw_167
Female,1.0208700350740414,2,113.77377,nigeria,draw_167
Male,1.0206569674903692,2,113.77377,nigeria,draw_167
Female,1.0286990864555703,3,113.77377,nigeria,draw_167
Male,1.0258645983498778,3,113.77377,nigeria,draw_167
Female,1.020551513183613,2,113.88388,nigeria,draw_167
Male,1.0203118803507705,2,113.88388,nigeria,draw_167
Female,1.0283444769620607,3,113.88388,nigeria,draw_167
Male,1.025521135070141,3,113.88388,nigeria,draw_167
Female,1.0202340251477735,2,113.99399,nigeria,draw_167
Male,1.019967367406684,2,113.99399,nigeria,draw_167
Female,1.0279907072005292,3,113.99399,nigeria,draw_167
Male,1.0251781361410943,3,113.99399,nigeria,draw_167
Female,1.019916972355441,2,114.1041,nigeria,draw_167
Male,1.0196238803239461,2,114.1041,nigeria,draw_167
Female,1.0276372911360792,3,114.1041,nigeria,draw_167
Male,1.0248359000155463,3,114.1041,nigeria,draw_167
Female,1.019600962799149,2,114.21421,nigeria,draw_167
Male,1.0192810393838676,2,114.21421,nigeria,draw_167
Female,1.0272847548269426,3,114.21421,nigeria,draw_167
Male,1.0244941771915483,3,114.21421,nigeria,draw_167
Female,1.0192849640614865,2,114.32432,nigeria,draw_167
Male,1.0189388073979848,2,114.32432,nigeria,draw_167
Female,1.0269323117309939,3,114.32432,nigeria,draw_167
Male,1.0241529638408782,3,114.32432,nigeria,draw_167
Female,1.0189705650257301,2,114.43443,nigeria,draw_167
Male,1.01859767481122,2,114.43443,nigeria,draw_167
Female,1.026581130191338,3,114.43443,nigeria,draw_167
Male,1.0238125544077428,3,114.43443,nigeria,draw_167
Female,1.018656593453828,2,114.54454,nigeria,draw_167
Male,1.0182575298016057,2,114.54454,nigeria,draw_167
Female,1.0262303399479242,3,114.54454,nigeria,draw_167
Male,1.023472897394771,3,114.54454,nigeria,draw_167
Female,1.0183436564557247,2,114.65465,nigeria,draw_167
Male,1.0179177009912412,2,114.65465,nigeria,draw_167
Female,1.0258804054166188,3,114.65465,nigeria,draw_167
Male,1.023133529168654,3,114.65465,nigeria,draw_167
Female,1.018031851179685,2,114.76476,nigeria,draw_167
Male,1.0175791758170085,2,114.76476,nigeria,draw_167
Female,1.0255313953677994,3,114.76476,nigeria,draw_167
Male,1.0227950843774365,3,114.76476,nigeria,draw_167
Female,1.0177207989307837,2,114.87487,nigeria,draw_167
Male,1.017241937018298,2,114.87487,nigeria,draw_167
Female,1.0251829785280797,3,114.87487,nigeria,draw_167
Male,1.0224575651216212,3,114.87487,nigeria,draw_167
Female,1.0174105510880482,2,114.98498,nigeria,draw_167
Male,1.016904537691413,2,114.98498,nigeria,draw_167
Female,1.0248352186412486,3,114.98498,nigeria,draw_167
Male,1.022120044500601,3,114.98498,nigeria,draw_167
Female,1.0171018631406996,2,115.0951,nigeria,draw_167
Male,1.0165691546128834,2,115.0951,nigeria,draw_167
Female,1.0244887581526305,3,115.0951,nigeria,draw_167
Male,1.0217839433458047,3,115.0951,nigeria,draw_167
Female,1.0167933412411703,2,115.20521,nigeria,draw_167
Male,1.0162340539112187,2,115.20521,nigeria,draw_167
Female,1.0241424306413134,3,115.20521,nigeria,draw_167
Male,1.0214481349660314,3,115.20521,nigeria,draw_167
Female,1.0164862441329605,2,115.31532,nigeria,draw_167
Male,1.0159002670395276,2,115.31532,nigeria,draw_167
Female,1.0237972871098258,3,115.31532,nigeria,draw_167
Male,1.0211133071070235,3,115.31532,nigeria,draw_167
Female,1.01618048936228,2,115.42543,nigeria,draw_167
Male,1.015567328996407,2,115.42543,nigeria,draw_167
Female,1.023453222668871,3,115.42543,nigeria,draw_167
Male,1.0207791194720448,3,115.42543,nigeria,draw_167
Female,1.0158749280912016,2,115.53554,nigeria,draw_167
Male,1.0152355585727166,2,115.53554,nigeria,draw_167
Female,1.023109336443854,3,115.53554,nigeria,draw_167
Male,1.020445793308531,3,115.53554,nigeria,draw_167
Female,1.015570504449052,2,115.64565,nigeria,draw_167
Male,1.0149044361945332,2,115.64565,nigeria,draw_167
Female,1.0227664544000885,3,115.64565,nigeria,draw_167
Male,1.0201129817062027,3,115.64565,nigeria,draw_167
Female,1.015267406273698,2,115.75576,nigeria,draw_167
Male,1.014574346054676,2,115.75576,nigeria,draw_167
Female,1.022424718732427,3,115.75576,nigeria,draw_167
Male,1.0197809310884707,3,115.75576,nigeria,draw_167
Female,1.01496497470459,2,115.86587,nigeria,draw_167
Male,1.014245240207467,2,115.86587,nigeria,draw_167
Female,1.022083532818998,3,115.86587,nigeria,draw_167
Male,1.0194496268714603,3,115.86587,nigeria,draw_167
Female,1.0146635108591342,2,115.97598,nigeria,draw_167
Male,1.013916844034634,2,115.97598,nigeria,draw_167
Female,1.0217431942225454,3,115.97598,nigeria,draw_167
Male,1.019118894172695,3,115.97598,nigeria,draw_167
Female,1.0143629113588102,2,116.08609,nigeria,draw_167
Male,1.0135902346640626,2,116.08609,nigeria,draw_167
Female,1.0214036520489613,3,116.08609,nigeria,draw_167
Male,1.0187894916572946,3,116.08609,nigeria,draw_167
Female,1.0140634367659673,2,116.1962,nigeria,draw_167
Male,1.0132638795399638,2,116.1962,nigeria,draw_167
Female,1.021065111412659,3,116.1962,nigeria,draw_167
Male,1.0184603747712972,3,116.1962,nigeria,draw_167
Female,1.0137647217300534,2,116.30631,nigeria,draw_167
Male,1.0129386448339477,2,116.30631,nigeria,draw_167
Female,1.0207271981979262,3,116.30631,nigeria,draw_167
Male,1.0181321330910267,3,116.30631,nigeria,draw_167
Female,1.0134674854759769,2,116.41642,nigeria,draw_167
Male,1.0126148704510676,2,116.41642,nigeria,draw_167
Female,1.0203905254770245,3,116.41642,nigeria,draw_167
Male,1.0178049874450597,3,116.41642,nigeria,draw_167
Female,1.013171067014038,2,116.52653,nigeria,draw_167
Male,1.0122915543258104,2,116.52653,nigeria,draw_167
Female,1.0200545655797069,3,116.52653,nigeria,draw_167
Male,1.0174782890517717,3,116.52653,nigeria,draw_167
Female,1.012875223490894,2,116.63664,nigeria,draw_167
Male,1.0119697337433706,2,116.63664,nigeria,draw_167
Female,1.0197191304532178,3,116.63664,nigeria,draw_167
Male,1.0171527351915528,3,116.63664,nigeria,draw_167
Female,1.01258103693007,2,116.74675,nigeria,draw_167
Male,1.011648789985247,2,116.74675,nigeria,draw_167
Female,1.0193851564488547,3,116.74675,nigeria,draw_167
Male,1.0168279256700228,3,116.74675,nigeria,draw_167
Female,1.0122871980073813,2,116.85686,nigeria,draw_167
Male,1.011328922836478,2,116.85686,nigeria,draw_167
Female,1.019051526505511,3,116.85686,nigeria,draw_167
Male,1.0165039536070892,3,116.85686,nigeria,draw_167
Female,1.0119949239676547,2,116.96697,nigeria,draw_167
Male,1.0110099923658855,2,116.96697,nigeria,draw_167
Female,1.018719194991304,3,116.96697,nigeria,draw_167
Male,1.0161807358987303,3,116.96697,nigeria,draw_167
Female,1.0117031676056498,2,117.07708,nigeria,draw_167
Male,1.0106917354208969,2,117.07708,nigeria,draw_167
Female,1.0183873706913893,3,117.07708,nigeria,draw_167
Male,1.0158580861136266,3,117.07708,nigeria,draw_167
Female,1.0114127387197636,2,117.18719,nigeria,draw_167
Male,1.01037502105305,2,117.18719,nigeria,draw_167
Female,1.0180567076425462,3,117.18719,nigeria,draw_167
Male,1.0155365790783253,3,117.18719,nigeria,draw_167
Female,1.0111229505346153,2,117.2973,nigeria,draw_167
Male,1.0100588841533473,2,117.2973,nigeria,draw_167
Female,1.0177266531947615,3,117.2973,nigeria,draw_167
Male,1.0152155761661021,3,117.2973,nigeria,draw_167
Female,1.0108342690622107,2,117.40741,nigeria,draw_167
Male,1.0097445036775619,2,117.40741,nigeria,draw_167
Female,1.017397613963972,3,117.40741,nigeria,draw_167
Male,1.0148958961546826,3,117.40741,nigeria,draw_167
Female,1.0105470001785857,2,117.51752,nigeria,draw_167
Male,1.00943060058341,2,117.51752,nigeria,draw_167
Female,1.0170697928746815,3,117.51752,nigeria,draw_167
Male,1.0145766937712604,3,117.51752,nigeria,draw_167
Female,1.0102599105517147,2,117.62763,nigeria,draw_167
Male,1.0091172903660974,2,117.62763,nigeria,draw_167
Female,1.0167421935213017,3,117.62763,nigeria,draw_167
Male,1.0142579989421954,3,117.62763,nigeria,draw_167
Female,1.009974252993601,2,117.73774,nigeria,draw_167
Male,1.008805477686181,2,117.73774,nigeria,draw_167
Female,1.0164158155508254,3,117.73774,nigeria,draw_167
Male,1.0139404316721592,3,117.73774,nigeria,draw_167
Female,1.0096895503296626,2,117.84785,nigeria,draw_167
Male,1.0084944138319394,2,117.84785,nigeria,draw_167
Female,1.01609027708389,3,117.84785,nigeria,draw_167
Male,1.0136234891709048,3,117.84785,nigeria,draw_167
Female,1.0094058987742263,2,117.95796,nigeria,draw_167
Male,1.0081845465664039,2,117.95796,nigeria,draw_167
Female,1.015765672617302,3,117.95796,nigeria,draw_167
Male,1.0133074682813892,3,117.95796,nigeria,draw_167
Female,1.0091229109532127,2,118.06807,nigeria,draw_167
Male,1.0078761857433636,2,118.06807,nigeria,draw_167
Female,1.015441702647772,3,118.06807,nigeria,draw_167
Male,1.0129925839753782,3,118.06807,nigeria,draw_167
Female,1.0088408922576808,2,118.17818,nigeria,draw_167
Male,1.0075682383872127,2,118.17818,nigeria,draw_167
Female,1.0151186425708503,3,118.17818,nigeria,draw_167
Male,1.0126781215401899,3,118.17818,nigeria,draw_167
Female,1.0085596933357406,2,118.28829,nigeria,draw_167
Male,1.0072613664093677,2,118.28829,nigeria,draw_167
Female,1.0147963587865272,3,118.28829,nigeria,draw_167
Male,1.012364506585739,3,118.28829,nigeria,draw_167
Female,1.0082798892816303,2,118.3984,nigeria,draw_167
Male,1.0069561544281953,2,118.3984,nigeria,draw_167
Female,1.0144753624969234,3,118.3984,nigeria,draw_167
Male,1.0120522077908287,3,118.3984,nigeria,draw_167
Female,1.008001287733307,2,118.50851,nigeria,draw_167
Male,1.0066517916343467,2,118.50851,nigeria,draw_167
Female,1.0141555748150823,3,118.50851,nigeria,draw_167
Male,1.0117407344489115,3,118.50851,nigeria,draw_167
Female,1.007723942905004,2,118.61862,nigeria,draw_167
Male,1.0063487529944417,2,118.61862,nigeria,draw_167
Female,1.0138370307263853,3,118.61862,nigeria,draw_167
Male,1.011430459819317,3,118.61862,nigeria,draw_167
Female,1.0074481844083023,2,118.72873,nigeria,draw_167
Male,1.00604750061684,2,118.72873,nigeria,draw_167
Female,1.013520066543525,3,118.72873,nigeria,draw_167
Male,1.0111217131938737,3,118.72873,nigeria,draw_167
Female,1.0071736107487523,2,118.83884,nigeria,draw_167
Male,1.0057478118509733,2,118.83884,nigeria,draw_167
Female,1.0132043735384375,3,118.83884,nigeria,draw_167
Male,1.010814397080268,3,118.83884,nigeria,draw_167
Female,1.0069012235924897,2,118.94895,nigeria,draw_167
Male,1.0054501242310792,2,118.94895,nigeria,draw_167
Female,1.0128908707449429,3,118.94895,nigeria,draw_167
Male,1.010508922078384,3,118.94895,nigeria,draw_167
Female,1.0066298797627393,2,119.05906,nigeria,draw_167
Male,1.0051537341888943,2,119.05906,nigeria,draw_167
Female,1.0125786843026943,3,119.05906,nigeria,draw_167
Male,1.0102048838432693,3,119.05906,nigeria,draw_167
Female,1.0063605391643196,2,119.16917,nigeria,draw_167
Male,1.0048600271664532,2,119.16917,nigeria,draw_167
Female,1.012268625575644,3,119.16917,nigeria,draw_167
Male,1.0099032543761814,3,119.16917,nigeria,draw_167
Female,1.0060933251547304,2,119.27928,nigeria,draw_167
Male,1.0045678487939866,2,119.27928,nigeria,draw_167
Female,1.0119608274083347,3,119.27928,nigeria,draw_167
Male,1.009603319608327,3,119.27928,nigeria,draw_167
Female,1.0058282861095689,2,119.38939,nigeria,draw_167
Male,1.004277915348332,2,119.38939,nigeria,draw_167
Female,1.0116554125513926,3,119.38939,nigeria,draw_167
Male,1.0093056389467392,3,119.38939,nigeria,draw_167
Female,1.0055648206276344,2,119.4995,nigeria,draw_167
Male,1.0039907150347689,2,119.4995,nigeria,draw_167
Female,1.0113519853365331,3,119.4995,nigeria,draw_167
Male,1.0090106343586296,3,119.4995,nigeria,draw_167
Female,1.0053049165216226,2,119.60961,nigeria,draw_167
Male,1.0037066971997721,2,119.60961,nigeria,draw_167
Female,1.0110523347684826,3,119.60961,nigeria,draw_167
Male,1.0087187965308095,3,119.60961,nigeria,draw_167
Female,1.005047244064716,2,119.71972,nigeria,draw_167
Male,1.0034248580699932,2,119.71972,nigeria,draw_167
Female,1.0107552627288026,3,119.71972,nigeria,draw_167
Male,1.0084293280386725,3,119.71972,nigeria,draw_167
Female,1.0047922282000021,2,119.82983,nigeria,draw_167
Male,1.0031465532509687,2,119.82983,nigeria,draw_167
Female,1.010461131446933,3,119.82983,nigeria,draw_167
Male,1.0081431373418872,3,119.82983,nigeria,draw_167
Female,1.0045402849202518,2,119.93994,nigeria,draw_167
Male,1.0028714308860445,2,119.93994,nigeria,draw_167
Female,1.0101703439686858,3,119.93994,nigeria,draw_167
Male,1.0078600735871774,3,119.93994,nigeria,draw_167
Female,1.0042919827470693,2,120.05005,nigeria,draw_167
Male,1.0025999440560898,2,120.05005,nigeria,draw_167
Female,1.009883432322059,3,120.05005,nigeria,draw_167
Male,1.0075805555949096,3,120.05005,nigeria,draw_167
Female,1.0030365074754395,2,120.16016,nigeria,draw_167
Male,1.0012392559828978,2,120.16016,nigeria,draw_167
Female,1.0084620943333809,3,120.16016,nigeria,draw_167
Male,1.0062124289664298,3,120.16016,nigeria,draw_167
Female,1.0018079666867228,2,120.27027,nigeria,draw_167
Male,0.9999079359355081,2,120.27027,nigeria,draw_167
Female,1.0070675370688256,3,120.27027,nigeria,draw_167
Male,1.0048702820249586,3,120.27027,nigeria,draw_167
Female,1.0006067846646145,2,120.38038,nigeria,draw_167
Male,0.9986048286942101,2,120.38038,nigeria,draw_167
Female,1.0057003398733984,3,120.38038,nigeria,draw_167
Male,1.0035534135217947,3,120.38038,nigeria,draw_167
Female,0.9994339791305195,2,120.49049,nigeria,draw_167
Male,0.9973327472584764,2,120.49049,nigeria,draw_167
Female,1.0043621159824083,3,120.49049,nigeria,draw_167
Male,1.0022643303649053,3,120.49049,nigeria,draw_167
Female,0.9982919404878936,2,120.6006,nigeria,draw_167
Male,0.9960933032005715,2,120.6006,nigeria,draw_167
Female,1.0030550942314593,3,120.6006,nigeria,draw_167
Male,1.0010043991173025,3,120.6006,nigeria,draw_167
Female,0.9971812764800655,2,120.71071,nigeria,draw_167
Male,0.9948877553763927,2,120.71071,nigeria,draw_167
Female,1.00177971069233,3,120.71071,nigeria,draw_167
Male,0.999774655544066,3,120.71071,nigeria,draw_167
Female,0.9961066230268186,2,120.82082,nigeria,draw_167
Male,0.9937194777128756,2,120.82082,nigeria,draw_167
Female,1.0005400072699981,3,120.82082,nigeria,draw_167
Male,0.9985775374953281,3,120.82082,nigeria,draw_167
Female,0.9950697027962244,2,120.93093,nigeria,draw_167
Male,0.9925909172821242,2,120.93093,nigeria,draw_167
Female,0.9993377646350772,3,120.93093,nigeria,draw_167
Male,0.9974150416792863,3,120.93093,nigeria,draw_167
Female,0.9940735245291734,2,121.04104,nigeria,draw_167
Male,0.9915042018609284,2,121.04104,nigeria,draw_167
Female,0.9981760353654964,3,121.04104,nigeria,draw_167
Male,0.9962897072488244,3,121.04104,nigeria,draw_167
Female,0.9931140841790534,2,121.15115,nigeria,draw_167
Male,0.990455910372747,2,121.15115,nigeria,draw_167
Female,0.9970509371507638,3,121.15115,nigeria,draw_167
Male,0.9951980934184123,3,121.15115,nigeria,draw_167
Female,0.9921927021699253,2,121.26126,nigeria,draw_167
Male,0.9894457506099092,2,121.26126,nigeria,draw_167
Female,0.9959636682016848,3,121.26126,nigeria,draw_167
Male,0.9941398232801233,3,121.26126,nigeria,draw_167
Female,0.9913077338948376,2,121.37137,nigeria,draw_167
Male,0.9884741641990454,2,121.37137,nigeria,draw_167
Female,0.994912956411942,3,121.37137,nigeria,draw_167
Male,0.9931152399861383,3,121.37137,nigeria,draw_167
Female,0.9904601295448562,2,121.48148,nigeria,draw_167
Male,0.9875409596914018,2,121.48148,nigeria,draw_167
Female,0.9938998701513517,3,121.48148,nigeria,draw_167
Male,0.9921242456350247,3,121.48148,nigeria,draw_167
Female,0.9896522120649218,2,121.59159,nigeria,draw_167
Male,0.9866492414566805,2,121.59159,nigeria,draw_167
Female,0.9929266020787708,3,121.59159,nigeria,draw_167
Male,0.9911691034693718,3,121.59159,nigeria,draw_167
Female,0.9888822845725747,2,121.7017,nigeria,draw_167
Male,0.9857962014577287,2,121.7017,nigeria,draw_167
Female,0.9919924582721806,3,121.7017,nigeria,draw_167
Male,0.9902491452735949,3,121.7017,nigeria,draw_167
Female,0.9881487722341351,2,121.81181,nigeria,draw_167
Male,0.9849806859984567,2,121.81181,nigeria,draw_167
Female,0.9910951610408167,3,121.81181,nigeria,draw_167
Male,0.9893626322455065,3,121.81181,nigeria,draw_167
Female,0.9874512252411747,2,121.92192,nigeria,draw_167
Male,0.9842008940809681,2,121.92192,nigeria,draw_167
Female,0.9902343124961197,3,121.92192,nigeria,draw_167
Male,0.9885080176862687,3,121.92192,nigeria,draw_167
Female,0.9867877266091583,2,122.03203,nigeria,draw_167
Male,0.9834569387360165,2,122.03203,nigeria,draw_167
Female,0.9894085396698651,3,122.03203,nigeria,draw_167
Male,0.9876854172124474,3,122.03203,nigeria,draw_167
Female,0.9861593673769388,2,122.14214,nigeria,draw_167
Male,0.9827494727021459,2,122.14214,nigeria,draw_167
Female,0.9886186641992318,3,122.14214,nigeria,draw_167
Male,0.9868952789241607,3,122.14214,nigeria,draw_167
Female,0.9855678551897915,2,122.25225,nigeria,draw_167
Male,0.9820794774220462,2,122.25225,nigeria,draw_167
Female,0.9878662220435029,3,122.25225,nigeria,draw_167
Male,0.9861383286891051,3,122.25225,nigeria,draw_167
Female,0.9850136296476971,2,122.36236,nigeria,draw_167
Male,0.981447720492915,2,122.36236,nigeria,draw_167
Female,0.9871520033212493,3,122.36236,nigeria,draw_167
Male,0.985415553230772,3,122.36236,nigeria,draw_167
Female,0.9844944908838529,2,122.47247,nigeria,draw_167
Male,0.980852989287798,2,122.47247,nigeria,draw_167
Female,0.9864746560624578,3,122.47247,nigeria,draw_167
Male,0.9847266767085489,3,122.47247,nigeria,draw_167
Female,0.9840095987755079,2,122.58258,nigeria,draw_167
Male,0.9802931688606837,2,122.58258,nigeria,draw_167
Female,0.9858324647498804,3,122.58258,nigeria,draw_167
Male,0.9840691345624825,3,122.58258,nigeria,draw_167
Female,0.9835582471967866,2,122.69269,nigeria,draw_167
Male,0.9797683510514215,2,122.69269,nigeria,draw_167
Female,0.9852250217332753,3,122.69269,nigeria,draw_167
Male,0.9834429995066944,3,122.69269,nigeria,draw_167
Female,0.9831408502908703,2,122.8028,nigeria,draw_167
Male,0.9792774860429612,2,122.8028,nigeria,draw_167
Female,0.9846525136263338,3,122.8028,nigeria,draw_167
Male,0.9828474581301773,3,122.8028,nigeria,draw_167
Female,0.9827570514413916,2,122.91291,nigeria,draw_167
Male,0.9788215858733983,2,122.91291,nigeria,draw_167
Female,0.9841145808205887,3,122.91291,nigeria,draw_167
Male,0.9822831158584453,3,122.91291,nigeria,draw_167
Female,0.98241022425964,2,123.02302,nigeria,draw_167
Male,0.9784038537337776,2,123.02302,nigeria,draw_167
Female,0.9836143248700014,3,123.02302,nigeria,draw_167
Male,0.9817522075455658,3,123.02302,nigeria,draw_167
Female,0.982099610700021,2,123.13313,nigeria,draw_167
Male,0.9780233187482574,2,123.13313,nigeria,draw_167
Female,0.9831519883531121,3,123.13313,nigeria,draw_167
Male,0.981255179046919,3,123.13313,nigeria,draw_167
Female,0.9818226889019597,2,123.24324,nigeria,draw_167
Male,0.9776777989473089,2,123.24324,nigeria,draw_167
Female,0.98272448972205,3,123.24324,nigeria,draw_167
Male,0.9807895121290924,3,123.24324,nigeria,draw_167
Female,0.9815787107032052,2,123.35335,nigeria,draw_167
Male,0.9773664657329916,2,123.35335,nigeria,draw_167
Female,0.9823307098000312,3,123.35335,nigeria,draw_167
Male,0.9803543275712425,3,123.35335,nigeria,draw_167
Female,0.9813684909099106,2,123.46346,nigeria,draw_167
Male,0.977089115615823,2,123.46346,nigeria,draw_167
Female,0.981971466482768,3,123.46346,nigeria,draw_167
Male,0.9799494437639672,3,123.46346,nigeria,draw_167
Female,0.9811912964175941,2,123.57357,nigeria,draw_167
Male,0.9768462117543011,2,123.57357,nigeria,draw_167
Female,0.9816460557429793,3,123.57357,nigeria,draw_167
Male,0.9795750919345717,3,123.57357,nigeria,draw_167
Female,0.9810489281242294,2,123.68368,nigeria,draw_167
Male,0.9766389122193212,2,123.68368,nigeria,draw_167
Female,0.9813558310295359,3,123.68368,nigeria,draw_167
Male,0.9792319804180245,3,123.68368,nigeria,draw_167
Female,0.9809443078367901,2,123.79379,nigeria,draw_167
Male,0.9764695181897188,2,123.79379,nigeria,draw_167
Female,0.9811036306740004,3,123.79379,nigeria,draw_167
Male,0.9789221974362736,3,123.79379,nigeria,draw_167
Female,0.9808738497774326,2,123.9039,nigeria,draw_167
Male,0.9763365261396495,2,123.9039,nigeria,draw_167
Female,0.9808867726954599,3,123.9039,nigeria,draw_167
Male,0.9786450422271299,3,123.9039,nigeria,draw_167
Female,0.9808375365876111,2,124.01401,nigeria,draw_167
Male,0.9762381889595991,2,124.01401,nigeria,draw_167
Female,0.9807043031301902,3,124.01401,nigeria,draw_167
Male,0.9783982635007625,3,124.01401,nigeria,draw_167
Female,0.9808338143513653,2,124.12412,nigeria,draw_167
Male,0.9761746986028972,2,124.12412,nigeria,draw_167
Female,0.9805548348437422,3,124.12412,nigeria,draw_167
Male,0.9781818374187391,3,124.12412,nigeria,draw_167
Female,0.9808644909503461,2,124.23423,nigeria,draw_167
Male,0.9761456342546562,2,124.23423,nigeria,draw_167
Female,0.9804396266962006,3,124.23423,nigeria,draw_167
Male,0.9779953555350063,3,124.23423,nigeria,draw_167
Female,0.9809287753407168,2,124.34434,nigeria,draw_167
Male,0.9761514216805428,2,124.34434,nigeria,draw_167
Female,0.9803580036413295,3,124.34434,nigeria,draw_167
Male,0.9778391484649498,3,124.34434,nigeria,draw_167
Female,0.9810302782463238,2,124.45445,nigeria,draw_167
Male,0.9761947336693352,2,124.45445,nigeria,draw_167
Female,0.9803128223240551,3,124.45445,nigeria,draw_167
Male,0.9777149371006263,3,124.45445,nigeria,draw_167
Female,0.9811700488468516,2,124.56456,nigeria,draw_167
Male,0.9762779898931878,2,124.56456,nigeria,draw_167
Female,0.9803057771279189,3,124.56456,nigeria,draw_167
Male,0.9776252938853501,3,124.56456,nigeria,draw_167
Female,0.9813438041554569,2,124.67467,nigeria,draw_167
Male,0.9763973908166206,2,124.67467,nigeria,draw_167
Female,0.9803322247383307,3,124.67467,nigeria,draw_167
Male,0.9775664810483163,3,124.67467,nigeria,draw_167
Female,0.9815529268731864,2,124.78478,nigeria,draw_167
Male,0.9765522782031214,2,124.78478,nigeria,draw_167
Female,0.9803931499707069,3,124.78478,nigeria,draw_167
Male,0.9775377531370143,3,124.78478,nigeria,draw_167
Female,0.9817964448616487,2,124.89489,nigeria,draw_167
Male,0.9767432825047332,2,124.89489,nigeria,draw_167
Female,0.9804875787771158,3,124.89489,nigeria,draw_167
Male,0.9775393765137896,3,124.89489,nigeria,draw_167
Female,0.9820751757484127,2,125.00501,nigeria,draw_167
Male,0.9769707460253647,2,125.00501,nigeria,draw_167
Female,0.980616061376871,3,125.00501,nigeria,draw_167
Male,0.9775714461740451,3,125.00501,nigeria,draw_167
Female,0.9823898105770753,2,125.11512,nigeria,draw_167
Male,0.9772352613885209,2,125.11512,nigeria,draw_167
Female,0.980778812260408,3,125.11512,nigeria,draw_167
Male,0.9776342914936617,3,125.11512,nigeria,draw_167
Female,0.9826107205426023,2,125.22523,nigeria,draw_167
Male,0.9774128463620022,2,125.22523,nigeria,draw_167
Female,0.9808691965753495,3,125.22523,nigeria,draw_167
Male,0.9776452759546883,3,125.22523,nigeria,draw_167
Female,0.9825429788310505,2,125.33534,nigeria,draw_167
Male,0.9773131656247106,2,125.33534,nigeria,draw_167
Female,0.9807264318412722,3,125.33534,nigeria,draw_167
Male,0.9774772165595169,3,125.33534,nigeria,draw_167
Female,0.9824880656981577,2,125.44545,nigeria,draw_167
Male,0.9772279266725546,2,125.44545,nigeria,draw_167
Female,0.9805992527693098,3,125.44545,nigeria,draw_167
Male,0.977324661387995,3,125.44545,nigeria,draw_167
Female,0.9824453100945779,2,125.55556,nigeria,draw_167
Male,0.9771566734118632,2,125.55556,nigeria,draw_167
Female,0.9804870554375601,3,125.55556,nigeria,draw_167
Male,0.9771872290397268,3,125.55556,nigeria,draw_167
Female,0.982415614145331,2,125.66567,nigeria,draw_167
Male,0.9770994986931869,2,125.66567,nigeria,draw_167
Female,0.9803906468695794,3,125.66567,nigeria,draw_167
Male,0.977065049263143,3,125.66567,nigeria,draw_167
Female,0.9823987598274431,2,125.77578,nigeria,draw_167
Male,0.9770568589946113,2,125.77578,nigeria,draw_167
Female,0.9803101006621657,3,125.77578,nigeria,draw_167
Male,0.9769587338601813,3,125.77578,nigeria,draw_167
Female,0.9823960322383194,2,125.88589,nigeria,draw_167
Male,0.9770302011669195,2,125.88589,nigeria,draw_167
Female,0.9802470349950214,3,125.88589,nigeria,draw_167
Male,0.9768699171206477,3,125.88589,nigeria,draw_167
Female,0.9824118703319721,2,125.996,nigeria,draw_167
Male,0.9770251568508046,2,125.996,nigeria,draw_167
Female,0.9802075752123514,3,125.996,nigeria,draw_167
Male,0.9768052717689644,3,125.996,nigeria,draw_167
Female,0.9824453268358576,2,126.10611,nigeria,draw_167
Male,0.9770386224725391,2,126.10611,nigeria,draw_167
Female,0.980190150626387,3,126.10611,nigeria,draw_167
Male,0.9767617687302853,3,126.10611,nigeria,draw_167
Female,0.9824950926096869,2,126.21622,nigeria,draw_167
Male,0.9770717299278738,2,126.21622,nigeria,draw_167
Female,0.9801935392914122,3,126.21622,nigeria,draw_167
Male,0.9767400137260249,3,126.21622,nigeria,draw_167
Female,0.9825622103360494,2,126.32633,nigeria,draw_167
Male,0.977123298387054,2,126.32633,nigeria,draw_167
Female,0.9802185854458809,3,126.32633,nigeria,draw_167
Male,0.9767392442300423,3,126.32633,nigeria,draw_167
Female,0.982644729787484,2,126.43644,nigeria,draw_167
Male,0.9771927829602638,2,126.43644,nigeria,draw_167
Female,0.9802633064367615,3,126.43644,nigeria,draw_167
Male,0.97675864886782,3,126.43644,nigeria,draw_167
Female,0.9827416724431716,2,126.54655,nigeria,draw_167
Male,0.9772789629830231,2,126.54655,nigeria,draw_167
Female,0.9803260865965802,3,126.54655,nigeria,draw_167
Male,0.976796448308151,3,126.54655,nigeria,draw_167
Female,0.9828526746993008,2,126.65666,nigeria,draw_167
Male,0.97738037990718,2,126.65666,nigeria,draw_167
Female,0.9804063371991006,3,126.65666,nigeria,draw_167
Male,0.9768513231069236,3,126.65666,nigeria,draw_167
Female,0.9829766734182473,2,126.76677,nigeria,draw_167
Male,0.9774973014395792,2,126.76677,nigeria,draw_167
Female,0.9805031629149374,3,126.76677,nigeria,draw_167
Male,0.9769233912662468,3,126.76677,nigeria,draw_167
Female,0.9831131269780519,2,126.87688,nigeria,draw_167
Male,0.9776273160750629,2,126.87688,nigeria,draw_167
Female,0.9806153339323044,3,126.87688,nigeria,draw_167
Male,0.9770101695691495,3,126.87688,nigeria,draw_167
Female,0.9832615630457076,2,126.98699,nigeria,draw_167
Male,0.9777710757476692,2,126.98699,nigeria,draw_167
Female,0.9807424276003925,3,126.98699,nigeria,draw_167
Male,0.9771120751588294,3,126.98699,nigeria,draw_167
Female,0.9834217362087324,2,127.0971,nigeria,draw_167
Male,0.9779280110435291,2,127.0971,nigeria,draw_167
Female,0.9808842472455939,3,127.0971,nigeria,draw_167
Male,0.9772287258259911,3,127.0971,nigeria,draw_167
Female,0.9835930725976485,2,127.20721,nigeria,draw_167
Male,0.9780982017175532,2,127.20721,nigeria,draw_167
Female,0.9810403721131181,3,127.20721,nigeria,draw_167
Male,0.9773602248098965,3,127.20721,nigeria,draw_167
Female,0.9837760308514775,2,127.31732,nigeria,draw_167
Male,0.97828071792602,2,127.31732,nigeria,draw_167
Female,0.9812111611448411,3,127.31732,nigeria,draw_167
Male,0.9775059807429387,3,127.31732,nigeria,draw_167
Female,0.9839720136106936,2,127.42743,nigeria,draw_167
Male,0.9784783260924935,2,127.42743,nigeria,draw_167
Female,0.9813985844300916,3,127.42743,nigeria,draw_167
Male,0.9776687549514904,3,127.42743,nigeria,draw_167
Female,0.9841776488478606,2,127.53754,nigeria,draw_167
Male,0.9786873010069392,2,127.53754,nigeria,draw_167
Female,0.9815987424599016,3,127.53754,nigeria,draw_167
Male,0.9778447602331239,3,127.53754,nigeria,draw_167
Female,0.9843946218166324,2,127.64765,nigeria,draw_167
Male,0.9789088968324847,2,127.64765,nigeria,draw_167
Female,0.9818131772284171,3,127.64765,nigeria,draw_167
Male,0.9780350677056857,3,127.64765,nigeria,draw_167
Female,0.9846225548701113,2,127.75776,nigeria,draw_167
Male,0.979143242687714,2,127.75776,nigeria,draw_167
Female,0.9820418444674935,3,127.75776,nigeria,draw_167
Male,0.9782399992335882,3,127.75776,nigeria,draw_167
Female,0.9848617128451758,2,127.86787,nigeria,draw_167
Male,0.979390304461683,2,127.86787,nigeria,draw_167
Female,0.9822850120533655,3,127.86787,nigeria,draw_167
Male,0.9784596647820463,3,127.86787,nigeria,draw_167
Female,0.985112224004969,2,127.97798,nigeria,draw_167
Male,0.9796498048669033,2,127.97798,nigeria,draw_167
Female,0.9825427114444021,3,127.97798,nigeria,draw_167
Male,0.978693808278619,3,127.97798,nigeria,draw_167
Female,0.9853744728689712,2,128.08809,nigeria,draw_167
Male,0.979923372108755,2,128.08809,nigeria,draw_167
Female,0.982815406224682,3,128.08809,nigeria,draw_167
Male,0.9789436766547385,3,128.08809,nigeria,draw_167
Female,0.9856483422341145,2,128.1982,nigeria,draw_167
Male,0.9802098431227968,2,128.1982,nigeria,draw_167
Female,0.9831029874682751,3,128.1982,nigeria,draw_167
Male,0.9792083808133109,3,128.1982,nigeria,draw_167
Female,0.985932223681083,2,128.30831,nigeria,draw_167
Male,0.9805079664910751,2,128.30831,nigeria,draw_167
Female,0.9834035847317801,3,128.30831,nigeria,draw_167
Male,0.979486463619624,3,128.30831,nigeria,draw_167
Female,0.986226306831204,2,128.41842,nigeria,draw_167
Male,0.9808179093354898,2,128.41842,nigeria,draw_167
Female,0.9837170604533314,3,128.41842,nigeria,draw_167
Male,0.9797776912357362,3,128.41842,nigeria,draw_167
Female,0.9865296054725742,2,128.52853,nigeria,draw_167
Male,0.9811383868643001,2,128.52853,nigeria,draw_167
Female,0.9840423151028119,3,128.52853,nigeria,draw_167
Male,0.9800808519860585,3,128.52853,nigeria,draw_167
Female,0.9868421164942557,2,128.63864,nigeria,draw_167
Male,0.9814689140055157,2,128.63864,nigeria,draw_167
Female,0.9843789954202218,3,128.63864,nigeria,draw_167
Male,0.980395360182306,3,128.63864,nigeria,draw_167
Female,0.9871635957766293,2,128.74875,nigeria,draw_167
Male,0.9818100668765747,2,128.74875,nigeria,draw_167
Female,0.9847268208340788,3,128.74875,nigeria,draw_167
Male,0.9807214970974705,3,128.74875,nigeria,draw_167
Female,0.9874957948482531,2,128.85886,nigeria,draw_167
Male,0.9821625096605371,2,128.85886,nigeria,draw_167
Female,0.9850879102022468,3,128.85886,nigeria,draw_167
Male,0.981060539966411,3,128.85886,nigeria,draw_167
Female,0.9878362393087438,2,128.96897,nigeria,draw_167
Male,0.9825251373175169,2,128.96897,nigeria,draw_167
Female,0.9854593766433847,3,128.96897,nigeria,draw_167
Male,0.9814107439415052,3,128.96897,nigeria,draw_167
Female,0.9881848086761236,2,129.07908,nigeria,draw_167
Male,0.9828967324706537,2,129.07908,nigeria,draw_167
Female,0.9858411746698273,3,129.07908,nigeria,draw_167
Male,0.9817713217806506,3,129.07908,nigeria,draw_167
Female,0.9885417348121626,2,129.18919,nigeria,draw_167
Male,0.9832781606163986,2,129.18919,nigeria,draw_167
Female,0.9862335582563257,3,129.18919,nigeria,draw_167
Male,0.982142885558475,3,129.18919,nigeria,draw_167
Female,0.988907686605041,2,129.2993,nigeria,draw_167
Male,0.9836691958365924,2,129.2993,nigeria,draw_167
Female,0.9866370871426501,3,129.2993,nigeria,draw_167
Male,0.9825253271716762,3,129.2993,nigeria,draw_167
Female,0.9892820672661703,2,129.40941,nigeria,draw_167
Male,0.9840699147733172,2,129.40941,nigeria,draw_167
Female,0.9870512705972755,3,129.40941,nigeria,draw_167
Male,0.9829186993334746,3,129.40941,nigeria,draw_167
Female,0.989665261607008,2,129.51952,nigeria,draw_167
Male,0.9844812773457285,2,129.51952,nigeria,draw_167
Female,0.9874768906392956,3,129.51952,nigeria,draw_167
Male,0.9833241765784326,3,129.51952,nigeria,draw_167
Female,0.9900582981029437,2,129.62963,nigeria,draw_167
Male,0.9849030085581392,2,129.62963,nigeria,draw_167
Female,0.9879146975336787,3,129.62963,nigeria,draw_167
Male,0.9837415642082253,3,129.62963,nigeria,draw_167
Female,0.9904599823865061,2,129.73974,nigeria,draw_167
Male,0.9853350251434803,2,129.73974,nigeria,draw_167
Female,0.9883633921263829,3,129.73974,nigeria,draw_167
Male,0.9841703237196989,3,129.73974,nigeria,draw_167
Female,0.990870224810126,2,129.84985,nigeria,draw_167
Male,0.9857768843096518,2,129.84985,nigeria,draw_167
Female,0.9888228861620157,3,129.84985,nigeria,draw_167
Male,0.9846101567895859,3,129.84985,nigeria,draw_167
Female,0.9912884796559897,2,129.95996,nigeria,draw_167
Male,0.9862276332807364,2,129.95996,nigeria,draw_167
Female,0.9892927857546144,3,129.95996,nigeria,draw_167
Male,0.9850604388759333,3,129.95996,nigeria,draw_167
Female,0.9917156772974668,2,130.07007,nigeria,draw_167
Male,0.9866889106953812,2,130.07007,nigeria,draw_167
Female,0.9897738279734372,3,130.07007,nigeria,draw_167
Male,0.9855222682337692,3,130.07007,nigeria,draw_167
Female,0.9921513637343983,2,130.18018,nigeria,draw_167
Male,0.9871597598294294,2,130.18018,nigeria,draw_167
Female,0.9902657364613686,3,130.18018,nigeria,draw_167
Male,0.9859951810748063,3,130.18018,nigeria,draw_167
Female,0.9925972338748369,2,130.29029,nigeria,draw_167
Male,0.9876422141011829,2,130.29029,nigeria,draw_167
Female,0.9907707420258844,3,130.29029,nigeria,draw_167
Male,0.9864814564340897,3,130.29029,nigeria,draw_167
Female,0.9930520126545248,2,130.4004,nigeria,draw_167
Male,0.9881351155555549,2,130.4004,nigeria,draw_167
Female,0.99128685006719,3,130.4004,nigeria,draw_167
Male,0.9869793287839785,3,130.4004,nigeria,draw_167
Female,0.9935152491198866,2,130.51051,nigeria,draw_167
Male,0.988637991375204,2,130.51051,nigeria,draw_167
Female,0.9918138052029866,3,130.51051,nigeria,draw_167
Male,0.9874885681406844,3,130.51051,nigeria,draw_167
Female,0.9939869816618709,2,130.62062,nigeria,draw_167
Male,0.9891496306603531,2,130.62062,nigeria,draw_167
Female,0.9923513619219834,3,130.62062,nigeria,draw_167
Male,0.9880081315894708,3,130.62062,nigeria,draw_167
Female,0.9944660369936783,2,130.73073,nigeria,draw_167
Male,0.9896702408310244,2,130.73073,nigeria,draw_167
Female,0.9928984100932011,3,130.73073,nigeria,draw_167
Male,0.9885379083672011,3,130.73073,nigeria,draw_167
Female,0.994952378657611,2,130.84084,nigeria,draw_167
Male,0.990199429542228,2,130.84084,nigeria,draw_167
Female,0.9934548286382024,3,130.84084,nigeria,draw_167
Male,0.9890773445699976,3,130.84084,nigeria,draw_167
Female,0.9954469806446565,2,130.95095,nigeria,draw_167
Male,0.9907377264571927,2,130.95095,nigeria,draw_167
Female,0.9940216962118824,3,130.95095,nigeria,draw_167
Male,0.9896273890233834,3,130.95095,nigeria,draw_167
Female,0.9959485687091656,2,131.06106,nigeria,draw_167
Male,0.9912842730196668,2,131.06106,nigeria,draw_167
Female,0.9945979743181758,3,131.06106,nigeria,draw_167
Male,0.9901873704194637,3,131.06106,nigeria,draw_167
Female,0.9964576449454677,2,131.17117,nigeria,draw_167
Male,0.991839618457061,2,131.17117,nigeria,draw_167
Female,0.9951837494724873,3,131.17117,nigeria,draw_167
Male,0.9907572471573014,3,131.17117,nigeria,draw_167
Female,0.9969742997636475,2,131.28128,nigeria,draw_167
Male,0.992403177956492,2,131.28128,nigeria,draw_167
Female,0.9957790830090906,3,131.28128,nigeria,draw_167
Male,0.9913366300394708,3,131.28128,nigeria,draw_167
Female,0.9974976269250739,2,131.39139,nigeria,draw_167
Male,0.992974798279288,2,131.39139,nigeria,draw_167
Female,0.9963834172174956,3,131.39139,nigeria,draw_167
Male,0.9919254722028096,3,131.39139,nigeria,draw_167
Female,0.9980286788716609,2,131.5015,nigeria,draw_167
Male,0.9935548485439983,2,131.5015,nigeria,draw_167
Female,0.9969973617514558,3,131.5015,nigeria,draw_167
Male,0.9925240181287828,3,131.5015,nigeria,draw_167
Female,0.9985676269198691,2,131.61161,nigeria,draw_167
Male,0.9941443115173011,2,131.61161,nigeria,draw_167
Female,0.9976212722335631,3,131.61161,nigeria,draw_167
Male,0.9931329952605071,3,131.61161,nigeria,draw_167
Female,0.9991147431396613,2,131.72172,nigeria,draw_167
Male,0.9947434003983598,2,131.72172,nigeria,draw_167
Female,0.998256047067108,3,131.72172,nigeria,draw_167
Male,0.9937533407727197,3,131.72172,nigeria,draw_167
Female,0.9996695705358852,2,131.83183,nigeria,draw_167
Male,0.9953515854867971,2,131.83183,nigeria,draw_167
Female,0.9989006501279516,3,131.83183,nigeria,draw_167
Male,0.9943839503126114,3,131.83183,nigeria,draw_167
Female,1.0002321199574948,2,131.94194,nigeria,draw_167
Male,0.9959681823048302,2,131.94194,nigeria,draw_167
Female,0.9995549248305614,3,131.94194,nigeria,draw_167
Male,0.9950243708501737,3,131.94194,nigeria,draw_167
Female,1.000801655169451,2,132.05205,nigeria,draw_167
Male,0.9965936660868768,2,132.05205,nigeria,draw_167
Female,1.00021840105372,3,132.05205,nigeria,draw_167
Male,0.9956749054227088,3,132.05205,nigeria,draw_167
Female,1.0013788024702024,2,132.16216,nigeria,draw_167
Male,0.9972276325230566,2,132.16216,nigeria,draw_167
Female,1.0008915224980603,3,132.16216,nigeria,draw_167
Male,0.9963352136401227,3,132.16216,nigeria,draw_167
Female,1.0019630907003378,2,132.27227,nigeria,draw_167
Male,0.9978693884660257,2,132.27227,nigeria,draw_167
Female,1.0015737235194924,3,132.27227,nigeria,draw_167
Male,0.9970046970873073,3,132.27227,nigeria,draw_167
Female,1.0025534350793925,2,132.38238,nigeria,draw_167
Male,0.9985195409161567,2,132.38238,nigeria,draw_167
Female,1.002263902516245,3,132.38238,nigeria,draw_167
Male,0.997683489872677,3,132.38238,nigeria,draw_167
Female,1.0031503567619255,2,132.49249,nigeria,draw_167
Male,0.9991756625661365,2,132.49249,nigeria,draw_167
Female,1.002961975413743,3,132.49249,nigeria,draw_167
Male,0.9983695364880796,3,132.49249,nigeria,draw_167
Female,1.0037522621663166,2,132.6026,nigeria,draw_167
Male,0.9998385221618212,2,132.6026,nigeria,draw_167
Female,1.0036664107247093,3,132.6026,nigeria,draw_167
Male,0.9990628677779197,3,132.6026,nigeria,draw_167
Female,1.0043591301831913,2,132.71271,nigeria,draw_167
Male,1.0005067500145368,2,132.71271,nigeria,draw_167
Female,1.0043771529095662,3,132.71271,nigeria,draw_167
Male,0.9997625465291131,3,132.71271,nigeria,draw_167
Female,1.0049717563291551,2,132.82282,nigeria,draw_167
Male,1.0011814937418775,2,132.82282,nigeria,draw_167
Female,1.0050947600316091,3,132.82282,nigeria,draw_167
Male,1.000469282409556,3,132.82282,nigeria,draw_167
Female,1.0055901993839442,2,132.93293,nigeria,draw_167
Male,1.0018620735973198,2,132.93293,nigeria,draw_167
Female,1.005819131683766,3,132.93293,nigeria,draw_167
Male,1.001182655482376,3,132.93293,nigeria,draw_167
Female,1.0062138728768484,2,133.04304,nigeria,draw_167
Male,1.0025485455211123,2,133.04304,nigeria,draw_167
Female,1.0065500903279951,3,133.04304,nigeria,draw_167
Male,1.001902906272917,3,133.04304,nigeria,draw_167
Female,1.0068441482932038,2,133.15315,nigeria,draw_167
Male,1.0032427481256434,2,133.15315,nigeria,draw_167
Female,1.0072892204003008,3,133.15315,nigeria,draw_167
Male,1.002631626539475,3,133.15315,nigeria,draw_167
Female,1.0074793965298166,2,133.26326,nigeria,draw_167
Male,1.0039435798093954,2,133.26326,nigeria,draw_167
Female,1.008034927068974,3,133.26326,nigeria,draw_167
Male,1.0033676140265253,3,133.26326,nigeria,draw_167
Female,1.0081203128202296,2,133.37337,nigeria,draw_167
Male,1.0046508991895335,2,133.37337,nigeria,draw_167
Female,1.008787617984927,3,133.37337,nigeria,draw_167
Male,1.0041107095454918,3,133.37337,nigeria,draw_167
Female,1.0087672215035521,2,133.48348,nigeria,draw_167
Male,1.005364495709164,2,133.48348,nigeria,draw_167
Female,1.0095474697150475,3,133.48348,nigeria,draw_167
Male,1.004860831907574,3,133.48348,nigeria,draw_167
Female,1.009419004198529,2,133.59359,nigeria,draw_167
Male,1.006084667101375,2,133.59359,nigeria,draw_167
Female,1.010313683562174,3,133.59359,nigeria,draw_167
Male,1.0056182264219875,3,133.59359,nigeria,draw_167
Female,1.0100771479670996,2,133.7037,nigeria,draw_167
Male,1.006811091414646,2,133.7037,nigeria,draw_167
Female,1.0110873608052973,3,133.7037,nigeria,draw_167
Male,1.0063827032146067,3,133.7037,nigeria,draw_167
Female,1.0107418546164961,2,133.81381,nigeria,draw_167
Male,1.0075450091973897,2,133.81381,nigeria,draw_167
Female,1.0118690711282572,3,133.81381,nigeria,draw_167
Male,1.0071555407998503,3,133.81381,nigeria,draw_167
Female,1.011412320782206,2,133.92392,nigeria,draw_167
Male,1.0082862871902585,2,133.92392,nigeria,draw_167
Female,1.0126579162769829,3,133.92392,nigeria,draw_167
Male,1.0079364462949065,3,133.92392,nigeria,draw_167
Female,1.0120890968153502,2,134.03403,nigeria,draw_167
Male,1.0090343028331499,2,134.03403,nigeria,draw_167
Female,1.0134541581726897,3,134.03403,nigeria,draw_167
Male,1.0087247739649876,3,134.03403,nigeria,draw_167
Female,1.0127719309730279,2,134.14414,nigeria,draw_167
Male,1.0097890442642556,2,134.14414,nigeria,draw_167
Female,1.0142577882422168,3,134.14414,nigeria,draw_167
Male,1.0095205570089838,3,134.14414,nigeria,draw_167
Female,1.0134607038685652,2,134.25425,nigeria,draw_167
Male,1.0105510328040381,2,134.25425,nigeria,draw_167
Female,1.0150687331920463,3,134.25425,nigeria,draw_167
Male,1.0103241571078956,3,134.25425,nigeria,draw_167
Female,1.0141553887196388,2,134.36436,nigeria,draw_167
Male,1.0113199423222625,2,134.36436,nigeria,draw_167
Female,1.0158868526049731,3,134.36436,nigeria,draw_167
Male,1.011135384507353,3,134.36436,nigeria,draw_167
Female,1.014856141315655,2,134.47447,nigeria,draw_167
Male,1.012096175514613,2,134.47447,nigeria,draw_167
Female,1.0167124593126793,3,134.47447,nigeria,draw_167
Male,1.0119545571497395,3,134.47447,nigeria,draw_167
Female,1.0155641916739802,2,134.58458,nigeria,draw_167
Male,1.0128805098896003,2,134.58458,nigeria,draw_167
Female,1.01754694428884,3,134.58458,nigeria,draw_167
Male,1.012782619416706,3,134.58458,nigeria,draw_167
Female,1.01627850407678,2,134.69469,nigeria,draw_167
Male,1.0136719607807618,2,134.69469,nigeria,draw_167
Female,1.0183891342968148,3,134.69469,nigeria,draw_167
Male,1.013618434209617,3,134.69469,nigeria,draw_167
Female,1.0169991327516907,2,134.8048,nigeria,draw_167
Male,1.0144710619147699,2,134.8048,nigeria,draw_167
Female,1.0192389312244305,3,134.8048,nigeria,draw_167
Male,1.0144623463749638,3,134.8048,nigeria,draw_167
Female,1.0177257954691832,2,134.91491,nigeria,draw_167
Male,1.015277220016147,2,134.91491,nigeria,draw_167
Female,1.02009618194473,3,134.91491,nigeria,draw_167
Male,1.0153139078974704,3,134.91491,nigeria,draw_167
Female,1.0184594631847588,2,135.02503,nigeria,draw_167
Male,1.0160914836196493,2,135.02503,nigeria,draw_167
Female,1.0209614674802123,3,135.02503,nigeria,draw_167
Male,1.0161738690997655,3,135.02503,nigeria,draw_167
Female,1.0189970283634846,2,135.13514,nigeria,draw_167
Male,1.0166796514593963,2,135.13514,nigeria,draw_167
Female,1.0215699289027058,3,135.13514,nigeria,draw_167
Male,1.0167697955974844,3,135.13514,nigeria,draw_167
Female,1.0192899980446464,2,135.24525,nigeria,draw_167
Male,1.0169857774816142,2,135.24525,nigeria,draw_167
Female,1.0218589924454158,3,135.24525,nigeria,draw_167
Male,1.017037142444212,3,135.24525,nigeria,draw_167
Female,1.0195842370131585,2,135.35536,nigeria,draw_167
Male,1.0172940332349845,2,135.35536,nigeria,draw_167
Female,1.0221495219594006,3,135.35536,nigeria,draw_167
Male,1.017306486984373,3,135.35536,nigeria,draw_167
Female,1.0198786830614066,2,135.46547,nigeria,draw_167
Male,1.0176020190788526,2,135.46547,nigeria,draw_167
Female,1.022440685421651,3,135.46547,nigeria,draw_167
Male,1.017576271622923,3,135.46547,nigeria,draw_167
Female,1.0201738558717557,2,135.57558,nigeria,draw_167
Male,1.0179112798928802,2,135.57558,nigeria,draw_167
Female,1.0227328872156682,3,135.57558,nigeria,draw_167
Male,1.0178474526024925,3,135.57558,nigeria,draw_167
Female,1.0204690076379215,2,135.68569,nigeria,draw_167
Male,1.0182208260769763,2,135.68569,nigeria,draw_167
Female,1.0230255359552765,3,135.68569,nigeria,draw_167
Male,1.0181194121224615,3,135.68569,nigeria,draw_167
Female,1.0207645649900772,2,135.7958,nigeria,draw_167
Male,1.0185310352555907,2,135.7958,nigeria,draw_167
Female,1.0233189831758542,3,135.7958,nigeria,draw_167
Male,1.0183923944091344,3,135.7958,nigeria,draw_167
Female,1.0210601024699955,2,135.90591,nigeria,draw_167
Male,1.018840775193288,2,135.90591,nigeria,draw_167
Female,1.0236129270436853,3,135.90591,nigeria,draw_167
Male,1.0186657299201014,3,135.90591,nigeria,draw_167
Female,1.0213555711077218,2,136.01602,nigeria,draw_167
Male,1.0191511023990407,2,136.01602,nigeria,draw_167
Female,1.0239073863405757,3,136.01602,nigeria,draw_167
Male,1.018940173527613,3,136.01602,nigeria,draw_167
Female,1.0216507669189534,2,136.12613,nigeria,draw_167
Male,1.0194616665792677,2,136.12613,nigeria,draw_167
Female,1.0242021430057373,3,136.12613,nigeria,draw_167
Male,1.0192154053409677,3,136.12613,nigeria,draw_167
Female,1.0219457408749497,2,136.23624,nigeria,draw_167
Male,1.0197719351487684,2,136.23624,nigeria,draw_167
Female,1.0244972491493733,3,136.23624,nigeria,draw_167
Male,1.0194911157442075,3,136.23624,nigeria,draw_167
Female,1.0222403411002237,2,136.34635,nigeria,draw_167
Male,1.020081900760848,2,136.34635,nigeria,draw_167
Female,1.0247925706983643,3,136.34635,nigeria,draw_167
Male,1.0197672942545482,3,136.34635,nigeria,draw_167
Female,1.0225346699061335,2,136.45646,nigeria,draw_167
Male,1.0203921804537321,2,136.45646,nigeria,draw_167
Female,1.0250881812472978,3,136.45646,nigeria,draw_167
Male,1.020044309756788,3,136.45646,nigeria,draw_167
Female,1.0228292494655906,2,136.56657,nigeria,draw_167
Male,1.0207030081259927,2,136.56657,nigeria,draw_167
Female,1.025384495680965,3,136.56657,nigeria,draw_167
Male,1.0203223180003342,3,136.56657,nigeria,draw_167
Female,1.0231238009371046,2,136.67668,nigeria,draw_167
Male,1.0210138525868222,2,136.67668,nigeria,draw_167
Female,1.0256813632336232,3,136.67668,nigeria,draw_167
Male,1.0206011030127844,3,136.67668,nigeria,draw_167
Female,1.0234184553380108,2,136.78679,nigeria,draw_167
Male,1.021324525838288,2,136.78679,nigeria,draw_167
Female,1.0259788305163953,3,136.78679,nigeria,draw_167
Male,1.020880457267565,3,136.78679,nigeria,draw_167
Female,1.0237124390149674,2,136.8969,nigeria,draw_167
Male,1.0216349025806761,2,136.8969,nigeria,draw_167
Female,1.0262763046938288,3,136.8969,nigeria,draw_167
Male,1.0211602748438673,3,136.8969,nigeria,draw_167
Female,1.0240063351810742,2,137.00701,nigeria,draw_167
Male,1.0219455606901056,2,137.00701,nigeria,draw_167
Female,1.0265742443544206,3,137.00701,nigeria,draw_167
Male,1.0214408876569585,3,137.00701,nigeria,draw_167
Female,1.0242999944060378,2,137.11712,nigeria,draw_167
Male,1.0222566734909488,2,137.11712,nigeria,draw_167
Female,1.0268725326567207,3,137.11712,nigeria,draw_167
Male,1.0217223933025592,3,137.11712,nigeria,draw_167
Female,1.0245935174630727,2,137.22723,nigeria,draw_167
Male,1.0225671048067775,2,137.22723,nigeria,draw_167
Female,1.027171210628936,3,137.22723,nigeria,draw_167
Male,1.0220041160974729,3,137.22723,nigeria,draw_167
Female,1.024886912776381,2,137.33734,nigeria,draw_167
Male,1.0228786329386073,2,137.33734,nigeria,draw_167
Female,1.027470344314605,3,137.33734,nigeria,draw_167
Male,1.022287190101154,3,137.33734,nigeria,draw_167
Female,1.0251802761298272,2,137.44745,nigeria,draw_167
Male,1.0231897997877284,2,137.44745,nigeria,draw_167
Female,1.027770075297234,3,137.44745,nigeria,draw_167
Male,1.0225708036881542,3,137.44745,nigeria,draw_167
Female,1.0254734244562342,2,137.55756,nigeria,draw_167
Male,1.0235010337532016,2,137.55756,nigeria,draw_167
Female,1.028070174374058,3,137.55756,nigeria,draw_167
Male,1.0228551272901776,3,137.55756,nigeria,draw_167
Female,1.02576637862337,2,137.66767,nigeria,draw_167
Male,1.0238119918043667,2,137.66767,nigeria,draw_167
Female,1.0283706563948345,3,137.66767,nigeria,draw_167
Male,1.0231399219626112,3,137.66767,nigeria,draw_167
Female,1.026058421626533,2,137.77778,nigeria,draw_167
Male,1.024123458464018,2,137.77778,nigeria,draw_167
Female,1.0286710100857501,3,137.77778,nigeria,draw_167
Male,1.023425690525219,3,137.77778,nigeria,draw_167
Female,1.026350723682677,2,137.88789,nigeria,draw_167
Male,1.0244348094028155,2,137.88789,nigeria,draw_167
Female,1.0289721040462285,3,137.88789,nigeria,draw_167
Male,1.0237120590087403,3,137.88789,nigeria,draw_167
Female,1.0266430400270086,2,137.998,nigeria,draw_167
Male,1.0247459226536246,2,137.998,nigeria,draw_167
Female,1.0292737453465328,3,137.998,nigeria,draw_167
Male,1.0239989326560512,3,137.998,nigeria,draw_167
Female,1.0269350728347677,2,138.10811,nigeria,draw_167
Male,1.0250576453987743,2,138.10811,nigeria,draw_167
Female,1.0295758451607522,3,138.10811,nigeria,draw_167
Male,1.02428696088706,3,138.10811,nigeria,draw_167
Female,1.0272271550105811,2,138.21822,nigeria,draw_167
Male,1.025369370613808,2,138.21822,nigeria,draw_167
Female,1.029878541785274,3,138.21822,nigeria,draw_167
Male,1.0245756935832249,3,138.21822,nigeria,draw_167
Female,1.0275181271025808,2,138.32833,nigeria,draw_167
Male,1.025680784935983,2,138.32833,nigeria,draw_167
Female,1.0301809241940398,3,138.32833,nigeria,draw_167
Male,1.0248648979977457,3,138.32833,nigeria,draw_167
Female,1.027809282801515,2,138.43844,nigeria,draw_167
Male,1.025992199761364,2,138.43844,nigeria,draw_167
Female,1.0304839559311905,3,138.43844,nigeria,draw_167
Male,1.0251547599687663,3,138.43844,nigeria,draw_167
Female,1.0281004501617206,2,138.54855,nigeria,draw_167
Male,1.0263031863233003,2,138.54855,nigeria,draw_167
Female,1.0307875345842077,3,138.54855,nigeria,draw_167
Male,1.0254450164461977,3,138.54855,nigeria,draw_167
Female,1.028390637796221,2,138.65866,nigeria,draw_167
Male,1.0266147720014187,2,138.65866,nigeria,draw_167
Female,1.0310909275390774,3,138.65866,nigeria,draw_167
Male,1.0257363127790586,3,138.65866,nigeria,draw_167
Female,1.028681415180123,2,138.76877,nigeria,draw_167
Male,1.0269266430352206,2,138.76877,nigeria,draw_167
Female,1.0313953330372194,3,138.76877,nigeria,draw_167
Male,1.0260284957558872,3,138.76877,nigeria,draw_167
Female,1.028971531735655,2,138.87888,nigeria,draw_167
Male,1.0272384292542815,2,138.87888,nigeria,draw_167
Female,1.0316998579310506,3,138.87888,nigeria,draw_167
Male,1.026321392518492,3,138.87888,nigeria,draw_167
Female,1.0292617269395203,2,138.98899,nigeria,draw_167
Male,1.0275499480735508,2,138.98899,nigeria,draw_167
Female,1.0320049952364405,3,138.98899,nigeria,draw_167
Male,1.0266147959778003,3,138.98899,nigeria,draw_167
Female,1.0295517731189063,2,139.0991,nigeria,draw_167
Male,1.0278611150123333,2,139.0991,nigeria,draw_167
Female,1.0323105958871213,3,139.0991,nigeria,draw_167
Male,1.026908636709936,3,139.0991,nigeria,draw_167
Female,1.0298410126929263,2,139.20921,nigeria,draw_167
Male,1.0281724931385472,2,139.20921,nigeria,draw_167
Female,1.032616156588759,3,139.20921,nigeria,draw_167
Male,1.027203277870012,3,139.20921,nigeria,draw_167
Female,1.0301302009030668,2,139.31932,nigeria,draw_167
Male,1.0284840676259523,2,139.31932,nigeria,draw_167
Female,1.0329222438418564,3,139.31932,nigeria,draw_167
Male,1.0274987106107276,3,139.31932,nigeria,draw_167
Female,1.0304191860007514,2,139.42943,nigeria,draw_167
Male,1.0287952498922266,2,139.42943,nigeria,draw_167
Female,1.033228698544043,3,139.42943,nigeria,draw_167
Male,1.0277945773942543,3,139.42943,nigeria,draw_167
Female,1.0307080511249003,2,139.53954,nigeria,draw_167
Male,1.0291067040944657,2,139.53954,nigeria,draw_167
Female,1.0335357506350638,3,139.53954,nigeria,draw_167
Male,1.028091412765729,3,139.53954,nigeria,draw_167
Female,1.030996233957364,2,139.64965,nigeria,draw_167
Male,1.02941793563959,2,139.64965,nigeria,draw_167
Female,1.033842901047376,3,139.64965,nigeria,draw_167
Male,1.0283888266635557,3,139.64965,nigeria,draw_167
Female,1.0312846507481808,2,139.75976,nigeria,draw_167
Male,1.0297297320004553,2,139.75976,nigeria,draw_167
Female,1.0341507954735512,3,139.75976,nigeria,draw_167
Male,1.0286872694947575,3,139.75976,nigeria,draw_167
Female,1.031572071391112,2,139.86987,nigeria,draw_167
Male,1.0300401137577198,2,139.86987,nigeria,draw_167
Female,1.0344585305353204,3,139.86987,nigeria,draw_167
Male,1.0289855388194589,3,139.86987,nigeria,draw_167
Female,1.031859392152074,2,139.97998,nigeria,draw_167
Male,1.0303515105187728,2,139.97998,nigeria,draw_167
Female,1.0347667603217792,3,139.97998,nigeria,draw_167
Male,1.0292851149253652,3,139.97998,nigeria,draw_167
Female,1.032146135843272,2,140.09009,nigeria,draw_167
Male,1.0306622580144673,2,140.09009,nigeria,draw_167
Female,1.0350751062312387,3,140.09009,nigeria,draw_167
Male,1.0295849613987704,3,140.09009,nigeria,draw_167
Female,1.0324329031511092,2,140.2002,nigeria,draw_167
Male,1.0309726634107226,2,140.2002,nigeria,draw_167
Female,1.0353840562895298,3,140.2002,nigeria,draw_167
Male,1.0298853308473448,3,140.2002,nigeria,draw_167
Female,1.0327195103053695,2,140.31031,nigeria,draw_167
Male,1.0312836392469913,2,140.31031,nigeria,draw_167
Female,1.0356935496884818,3,140.31031,nigeria,draw_167
Male,1.0301868199477353,3,140.31031,nigeria,draw_167
Female,1.0330056494261675,2,140.42042,nigeria,draw_167
Male,1.03159466765261,2,140.42042,nigeria,draw_167
Female,1.0360032677406985,3,140.42042,nigeria,draw_167
Male,1.030489010936677,3,140.42042,nigeria,draw_167
Female,1.0332917129340617,2,140.53053,nigeria,draw_167
Male,1.031904819599554,2,140.53053,nigeria,draw_167
Female,1.0363134843970474,3,140.53053,nigeria,draw_167
Male,1.0307913395264874,3,140.53053,nigeria,draw_167
Female,1.0335771343887346,2,140.64064,nigeria,draw_167
Male,1.0322153507285787,2,140.64064,nigeria,draw_167
Female,1.0366237675520324,3,140.64064,nigeria,draw_167
Male,1.0310945801269604,3,140.64064,nigeria,draw_167
Female,1.0338618535775104,2,140.75075,nigeria,draw_167
Male,1.0325253209605343,2,140.75075,nigeria,draw_167
Female,1.0369341278698418,3,140.75075,nigeria,draw_167
Male,1.0313981466703788,3,140.75075,nigeria,draw_167
Female,1.0341462161939468,2,140.86086,nigeria,draw_167
Male,1.0328355589534846,2,140.86086,nigeria,draw_167
Female,1.037244843491356,3,140.86086,nigeria,draw_167
Male,1.0317025535177458,3,140.86086,nigeria,draw_167
Female,1.0344312855097686,2,140.97097,nigeria,draw_167
Male,1.0331456671988288,2,140.97097,nigeria,draw_167
Female,1.0375567598890205,3,140.97097,nigeria,draw_167
Male,1.0320077069125633,3,140.97097,nigeria,draw_167
Female,1.0347156258996941,2,141.08108,nigeria,draw_167
Male,1.0334559378412407,2,141.08108,nigeria,draw_167
Female,1.0378686959091687,3,141.08108,nigeria,draw_167
Male,1.0323136419090524,3,141.08108,nigeria,draw_167
Female,1.034998940491779,2,141.19119,nigeria,draw_167
Male,1.0337658874950004,2,141.19119,nigeria,draw_167
Female,1.0381804402487098,3,141.19119,nigeria,draw_167
Male,1.0326200513334707,3,141.19119,nigeria,draw_167
Female,1.035282227900677,2,141.3013,nigeria,draw_167
Male,1.0340752953713492,2,141.3013,nigeria,draw_167
Female,1.0384927504962627,3,141.3013,nigeria,draw_167
Male,1.0329267893114518,3,141.3013,nigeria,draw_167
Female,1.0355650389639994,2,141.41141,nigeria,draw_167
Male,1.0343842250330084,2,141.41141,nigeria,draw_167
Female,1.0388052706446669,3,141.41141,nigeria,draw_167
Male,1.0332339079783361,3,141.41141,nigeria,draw_167
Female,1.0358475621054086,2,141.52152,nigeria,draw_167
Male,1.0346938476028753,2,141.52152,nigeria,draw_167
Female,1.039118155542427,3,141.52152,nigeria,draw_167
Male,1.0335421220392942,3,141.52152,nigeria,draw_167
Female,1.0361301008684676,2,141.63163,nigeria,draw_167
Male,1.0350025640853127,2,141.63163,nigeria,draw_167
Female,1.0394316482658765,3,141.63163,nigeria,draw_167
Male,1.0338505094082646,3,141.63163,nigeria,draw_167
Female,1.0364117075979196,2,141.74174,nigeria,draw_167
Male,1.0353121553481972,2,141.74174,nigeria,draw_167
Female,1.0397450942328497,3,141.74174,nigeria,draw_167
Male,1.0341601790408388,3,141.74174,nigeria,draw_167
Female,1.0366934687802547,2,141.85185,nigeria,draw_167
Male,1.0356207188125126,2,141.85185,nigeria,draw_167
Female,1.0400592293413937,3,141.85185,nigeria,draw_167
Male,1.034469884707695,3,141.85185,nigeria,draw_167
Female,1.0369747613447973,2,141.96196,nigeria,draw_167
Male,1.035929537238665,2,141.96196,nigeria,draw_167
Female,1.0403735772431557,3,141.96196,nigeria,draw_167
Male,1.0347804113871046,3,141.96196,nigeria,draw_167
Female,1.0372556708808003,2,142.07207,nigeria,draw_167
Male,1.0362377571356416,2,142.07207,nigeria,draw_167
Female,1.040688213114715,3,142.07207,nigeria,draw_167
Male,1.0350912224264648,3,142.07207,nigeria,draw_167
Female,1.0375356827407938,2,142.18218,nigeria,draw_167
Male,1.0365458755380788,2,142.18218,nigeria,draw_167
Female,1.0410027179475407,3,142.18218,nigeria,draw_167
Male,1.0354026217335224,3,142.18218,nigeria,draw_167
Female,1.0378154546969736,2,142.29229,nigeria,draw_167
Male,1.0368541684606944,2,142.29229,nigeria,draw_167
Female,1.0413176456980093,3,142.29229,nigeria,draw_167
Male,1.0357148005524743,3,142.29229,nigeria,draw_167
Female,1.0380952889544148,2,142.4024,nigeria,draw_167
Male,1.037161863975271,2,142.4024,nigeria,draw_167
Female,1.041633309162798,3,142.4024,nigeria,draw_167
Male,1.036027396989705,3,142.4024,nigeria,draw_167
Female,1.038374567389903,2,142.51251,nigeria,draw_167
Male,1.0374698050996236,2,142.51251,nigeria,draw_167
Female,1.0419491293018674,3,142.51251,nigeria,draw_167
Male,1.036340807570577,3,142.51251,nigeria,draw_167
Female,1.038653163591728,2,142.62262,nigeria,draw_167
Male,1.0377772448181206,2,142.62262,nigeria,draw_167
Female,1.0422649986256451,3,142.62262,nigeria,draw_167
Male,1.036654570526249,3,142.62262,nigeria,draw_167
Female,1.0389313694691138,2,142.73273,nigeria,draw_167
Male,1.0380845496666768,2,142.73273,nigeria,draw_167
Female,1.0425811506277223,3,142.73273,nigeria,draw_167
Male,1.0369689006605871,3,142.73273,nigeria,draw_167
Female,1.0392091587428138,2,142.84284,nigeria,draw_167
Male,1.0383913102314977,2,142.84284,nigeria,draw_167
Female,1.0428975531371762,3,142.84284,nigeria,draw_167
Male,1.037283554843022,3,142.84284,nigeria,draw_167
Female,1.0394865489793028,2,142.95295,nigeria,draw_167
Male,1.0386980020121788,2,142.95295,nigeria,draw_167
Female,1.0432142283853474,3,142.95295,nigeria,draw_167
Male,1.0375988171094992,3,142.95295,nigeria,draw_167
Female,1.0397636138228035,2,143.06306,nigeria,draw_167
Male,1.0390043374963298,2,143.06306,nigeria,draw_167
Female,1.0435312907878356,3,143.06306,nigeria,draw_167
Male,1.0379145576785558,3,143.06306,nigeria,draw_167
Female,1.0400403644840888,2,143.17317,nigeria,draw_167
Male,1.0393109626731178,2,143.17317,nigeria,draw_167
Female,1.043848754084386,3,143.17317,nigeria,draw_167
Male,1.0382311760430911,3,143.17317,nigeria,draw_167
Female,1.0403166638701733,2,143.28328,nigeria,draw_167
Male,1.0396170984128557,2,143.28328,nigeria,draw_167
Female,1.0441664423750612,3,143.28328,nigeria,draw_167
Male,1.0385481105592527,3,143.28328,nigeria,draw_167
Female,1.0405923464458993,2,143.39339,nigeria,draw_167
Male,1.0399233882884225,2,143.39339,nigeria,draw_167
Female,1.044484224685637,3,143.39339,nigeria,draw_167
Male,1.0388657853884011,3,143.39339,nigeria,draw_167
Female,1.04086640728793,2,143.5035,nigeria,draw_167
Male,1.0402284361059795,2,143.5035,nigeria,draw_167
Female,1.044801375597195,3,143.5035,nigeria,draw_167
Male,1.039183353618665,3,143.5035,nigeria,draw_167
Female,1.0411409447093667,2,143.61361,nigeria,draw_167
Male,1.04053394676133,2,143.61361,nigeria,draw_167
Female,1.0451194017020349,3,143.61361,nigeria,draw_167
Male,1.0395018298528858,3,143.61361,nigeria,draw_167
Female,1.0414150840991367,2,143.72372,nigeria,draw_167
Male,1.0408386659251923,2,143.72372,nigeria,draw_167
Female,1.0454376337857236,3,143.72372,nigeria,draw_167
Male,1.0398204457460283,3,143.72372,nigeria,draw_167
Female,1.0416889858759673,2,143.83383,nigeria,draw_167
Male,1.0411441797643393,2,143.83383,nigeria,draw_167
Female,1.045756375355631,3,143.83383,nigeria,draw_167
Male,1.040140306751747,3,143.83383,nigeria,draw_167
Female,1.0419624310172784,2,143.94394,nigeria,draw_167
Male,1.0414491472097411,2,143.94394,nigeria,draw_167
Female,1.04607531591028,3,143.94394,nigeria,draw_167
Male,1.0404604485576636,3,143.94394,nigeria,draw_167
Female,1.0422354022974596,2,144.05405,nigeria,draw_167
Male,1.0417536488155337,2,144.05405,nigeria,draw_167
Female,1.0463944283331716,3,144.05405,nigeria,draw_167
Male,1.0407809223192512,3,144.05405,nigeria,draw_167
Female,1.042507624170789,2,144.16416,nigeria,draw_167
Male,1.0420573215247586,2,144.16416,nigeria,draw_167
Female,1.0467135540745187,3,144.16416,nigeria,draw_167
Male,1.0411014933793943,3,144.16416,nigeria,draw_167
Female,1.0427793272720283,2,144.27427,nigeria,draw_167
Male,1.0423606306897613,2,144.27427,nigeria,draw_167
Female,1.047032817947476,3,144.27427,nigeria,draw_167
Male,1.0414224460363044,3,144.27427,nigeria,draw_167
Female,1.0430505534778334,2,144.38438,nigeria,draw_167
Male,1.0426640478197489,2,144.38438,nigeria,draw_167
Female,1.047352267399694,3,144.38438,nigeria,draw_167
Male,1.0417440778659988,3,144.38438,nigeria,draw_167
Female,1.0433213993283668,2,144.49449,nigeria,draw_167
Male,1.0429678927949873,2,144.49449,nigeria,draw_167
Female,1.047672023373644,3,144.49449,nigeria,draw_167
Male,1.042066659949256,3,144.49449,nigeria,draw_167
Female,1.0435918452101443,2,144.6046,nigeria,draw_167
Male,1.0432707342877514,2,144.6046,nigeria,draw_167
Female,1.047992069839079,3,144.6046,nigeria,draw_167
Male,1.0423893001055087,3,144.6046,nigeria,draw_167
Female,1.0438617782362558,2,144.71471,nigeria,draw_167
Male,1.0435733105793223,2,144.71471,nigeria,draw_167
Female,1.0483122398130087,3,144.71471,nigeria,draw_167
Male,1.0427123725682816,3,144.71471,nigeria,draw_167
Female,1.0441311476906214,2,144.82482,nigeria,draw_167
Male,1.043875783287135,2,144.82482,nigeria,draw_167
Female,1.0486325166982446,3,144.82482,nigeria,draw_167
Male,1.0430359909454405,3,144.82482,nigeria,draw_167
Female,1.0443996407939125,2,144.93493,nigeria,draw_167
Male,1.044177257136363,2,144.93493,nigeria,draw_167
Female,1.0489526871407389,3,144.93493,nigeria,draw_167
Male,1.0433596161387473,3,144.93493,nigeria,draw_167
Female,1.0446676641873103,2,145.04505,nigeria,draw_167
Male,1.0444787931127537,2,145.04505,nigeria,draw_167
Female,1.0492730495569436,3,145.04505,nigeria,draw_167
Male,1.0436838862252074,3,145.04505,nigeria,draw_167
Female,1.044935149586138,2,145.15516,nigeria,draw_167
Male,1.0447798727378141,2,145.15516,nigeria,draw_167
Female,1.0495935359242103,3,145.15516,nigeria,draw_167
Male,1.0440084675512458,3,145.15516,nigeria,draw_167
Female,1.0452022844753586,2,145.26527,nigeria,draw_167
Male,1.045080743352177,2,145.26527,nigeria,draw_167
Female,1.0499144085858854,3,145.26527,nigeria,draw_167
Male,1.0443335987221856,3,145.26527,nigeria,draw_167
Female,1.045468914056671,2,145.37538,nigeria,draw_167
Male,1.0453815103034936,2,145.37538,nigeria,draw_167
Female,1.0502354137955523,3,145.37538,nigeria,draw_167
Male,1.0446592243348318,3,145.37538,nigeria,draw_167
Female,1.045735015799449,2,145.48549,nigeria,draw_167
Male,1.045682024099173,2,145.48549,nigeria,draw_167
Female,1.0505564994147045,3,145.48549,nigeria,draw_167
Male,1.044985254619797,3,145.48549,nigeria,draw_167
Female,1.046000355350614,2,145.5956,nigeria,draw_167
Male,1.0459816326014486,2,145.5956,nigeria,draw_167
Female,1.0508775278649312,3,145.5956,nigeria,draw_167
Male,1.0453113204550077,3,145.5956,nigeria,draw_167
Female,1.0462658568216692,2,145.70571,nigeria,draw_167
Male,1.0462810076090419,2,145.70571,nigeria,draw_167
Female,1.0511991934898839,3,145.70571,nigeria,draw_167
Male,1.0456378171107392,3,145.70571,nigeria,draw_167
Female,1.0465297958495787,2,145.81582,nigeria,draw_167
Male,1.046580061269897,2,145.81582,nigeria,draw_167
Female,1.0515202611561891,3,145.81582,nigeria,draw_167
Male,1.045964701361576,3,145.81582,nigeria,draw_167
Female,1.0467932567413527,2,145.92593,nigeria,draw_167
Male,1.0468789082429917,2,145.92593,nigeria,draw_167
Female,1.0518415674530437,3,145.92593,nigeria,draw_167
Male,1.0462920788732448,3,145.92593,nigeria,draw_167
Female,1.0470562419897798,2,146.03604,nigeria,draw_167
Male,1.0471775032238628,2,146.03604,nigeria,draw_167
Female,1.0521630604433925,3,146.03604,nigeria,draw_167
Male,1.046619907081762,3,146.03604,nigeria,draw_167
Female,1.047318634390814,2,146.14615,nigeria,draw_167
Male,1.0474757484938133,2,146.14615,nigeria,draw_167
Female,1.0524846002749748,3,146.14615,nigeria,draw_167
Male,1.0469480605167256,3,146.14615,nigeria,draw_167
Female,1.0475800336453545,2,146.25626,nigeria,draw_167
Male,1.0477735830326798,2,146.25626,nigeria,draw_167
Female,1.0528059076317942,3,146.25626,nigeria,draw_167
Male,1.0472765093922594,3,146.25626,nigeria,draw_167
Female,1.047841695019698,2,146.36637,nigeria,draw_167
Male,1.048070806455981,2,146.36637,nigeria,draw_167
Female,1.0531278898150997,3,146.36637,nigeria,draw_167
Male,1.0476051241164,3,146.36637,nigeria,draw_167
Female,1.0481019337301574,2,146.47648,nigeria,draw_167
Male,1.0483676389809313,2,146.47648,nigeria,draw_167
Female,1.053449322124082,3,146.47648,nigeria,draw_167
Male,1.047934054914683,3,146.47648,nigeria,draw_167
Female,1.0483616013594783,2,146.58659,nigeria,draw_167
Male,1.048664088550138,2,146.58659,nigeria,draw_167
Female,1.0537707888442354,3,146.58659,nigeria,draw_167
Male,1.0482632899359274,3,146.58659,nigeria,draw_167
Female,1.048620808825314,2,146.6967,nigeria,draw_167
Male,1.0489603509329362,2,146.6967,nigeria,draw_167
Female,1.0540924973048114,3,146.6967,nigeria,draw_167
Male,1.0485930562258143,3,146.6967,nigeria,draw_167
Female,1.048879471291556,2,146.80681,nigeria,draw_167
Male,1.0492561726612974,2,146.80681,nigeria,draw_167
Female,1.054414241080096,3,146.80681,nigeria,draw_167
Male,1.0489231014672311,3,146.80681,nigeria,draw_167
Female,1.0491375840524058,2,146.91692,nigeria,draw_167
Male,1.0495515678049294,2,146.91692,nigeria,draw_167
Female,1.0547360025265193,3,146.91692,nigeria,draw_167
Male,1.0492534056341667,3,146.91692,nigeria,draw_167
Female,1.0493949636383515,2,147.02703,nigeria,draw_167
Male,1.0498464459042127,2,147.02703,nigeria,draw_167
Female,1.0550576463304793,3,147.02703,nigeria,draw_167
Male,1.0495839346341724,3,147.02703,nigeria,draw_167
Female,1.0496514994018191,2,147.13714,nigeria,draw_167
Male,1.0501406498941763,2,147.13714,nigeria,draw_167
Female,1.0553790962266685,3,147.13714,nigeria,draw_167
Male,1.0499145688161802,3,147.13714,nigeria,draw_167
Female,1.0499074468185454,2,147.24725,nigeria,draw_167
Male,1.0504344487079476,2,147.24725,nigeria,draw_167
Female,1.05570057327494,3,147.24725,nigeria,draw_167
Male,1.0502454409931714,3,147.24725,nigeria,draw_167
Female,1.0501628613357639,2,147.35736,nigeria,draw_167
Male,1.0507279239914453,2,147.35736,nigeria,draw_167
Female,1.0560221394586313,3,147.35736,nigeria,draw_167
Male,1.050576668250815,3,147.35736,nigeria,draw_167
Female,1.0504176901569924,2,147.46747,nigeria,draw_167
Male,1.0510210027813782,2,147.46747,nigeria,draw_167
Female,1.056343746335933,3,147.46747,nigeria,draw_167
Male,1.0509082078569425,3,147.46747,nigeria,draw_167
Female,1.050671827563625,2,147.57758,nigeria,draw_167
Male,1.0513136252096995,2,147.57758,nigeria,draw_167
Female,1.0566652856793666,3,147.57758,nigeria,draw_167
Male,1.0512399629198785,3,147.57758,nigeria,draw_167
Female,1.0509253483362675,2,147.68769,nigeria,draw_167
Male,1.0516058255538032,2,147.68769,nigeria,draw_167
Female,1.0569867766274204,3,147.68769,nigeria,draw_167
Male,1.0515719617957409,3,147.68769,nigeria,draw_167
Female,1.0511780226591996,2,147.7978,nigeria,draw_167
Male,1.05189736135251,2,147.7978,nigeria,draw_167
Female,1.0573080816030818,3,147.7978,nigeria,draw_167
Male,1.0519040388363796,3,147.7978,nigeria,draw_167
Female,1.0514299152667066,2,147.90791,nigeria,draw_167
Male,1.0521883430401375,2,147.90791,nigeria,draw_167
Female,1.0576292813878878,3,147.90791,nigeria,draw_167
Male,1.0522362476288625,3,147.90791,nigeria,draw_167
Female,1.0516804124835462,2,148.01802,nigeria,draw_167
Male,1.0524788305298853,2,148.01802,nigeria,draw_167
Female,1.057949890378256,3,148.01802,nigeria,draw_167
Male,1.0525686367760405,3,148.01802,nigeria,draw_167
Female,1.0519315889296694,2,148.12813,nigeria,draw_167
Male,1.0527689697659754,2,148.12813,nigeria,draw_167
Female,1.0582714523604508,3,148.12813,nigeria,draw_167
Male,1.0529013476293956,3,148.12813,nigeria,draw_167
Female,1.052181740171918,2,148.23824,nigeria,draw_167
Male,1.0530586389938783,2,148.23824,nigeria,draw_167
Female,1.0585927005120204,3,148.23824,nigeria,draw_167
Male,1.053234213365483,3,148.23824,nigeria,draw_167
Female,1.0524312246639553,2,148.34835,nigeria,draw_167
Male,1.0533477582517026,2,148.34835,nigeria,draw_167
Female,1.0589139119875202,3,148.34835,nigeria,draw_167
Male,1.0535672107243579,3,148.34835,nigeria,draw_167
Female,1.0526800492967263,2,148.45846,nigeria,draw_167
Male,1.0536363444899421,2,148.45846,nigeria,draw_167
Female,1.0592350428739838,3,148.45846,nigeria,draw_167
Male,1.0539003354691052,3,148.45846,nigeria,draw_167
Female,1.0529278565999098,2,148.56857,nigeria,draw_167
Male,1.0539241039900755,2,148.56857,nigeria,draw_167
Female,1.059555801790667,3,148.56857,nigeria,draw_167
Male,1.0542333880898191,3,148.56857,nigeria,draw_167
Female,1.053175014924254,2,148.67868,nigeria,draw_167
Male,1.0542113990255915,2,148.67868,nigeria,draw_167
Female,1.0598764788988373,3,148.67868,nigeria,draw_167
Male,1.0545665884267148,3,148.67868,nigeria,draw_167
Female,1.0534205730249946,2,148.78879,nigeria,draw_167
Male,1.054498280094569,2,148.78879,nigeria,draw_167
Female,1.0601964606820526,3,148.78879,nigeria,draw_167
Male,1.0549000351301132,3,148.78879,nigeria,draw_167
Female,1.0536663770805446,2,148.8989,nigeria,draw_167
Male,1.0547848409485907,2,148.8989,nigeria,draw_167
Female,1.0605170317350374,3,148.8989,nigeria,draw_167
Male,1.0552337428857699,3,148.8989,nigeria,draw_167
Female,1.0539114684833448,2,149.00901,nigeria,draw_167
Male,1.0550708482609907,2,149.00901,nigeria,draw_167
Female,1.060837443553893,3,149.00901,nigeria,draw_167
Male,1.0555675194073697,3,149.00901,nigeria,draw_167
Female,1.0541558552982646,2,149.11912,nigeria,draw_167
Male,1.0553564999646745,2,149.11912,nigeria,draw_167
Female,1.0611576887527723,3,149.11912,nigeria,draw_167
Male,1.0559014946321277,3,149.11912,nigeria,draw_167
Female,1.054399378906832,2,149.22923,nigeria,draw_167
Male,1.0556412091205434,2,149.22923,nigeria,draw_167
Female,1.061477669684351,3,149.22923,nigeria,draw_167
Male,1.0562353359093797,3,149.22923,nigeria,draw_167
Female,1.054641970191711,2,149.33934,nigeria,draw_167
Male,1.0559250939255171,2,149.33934,nigeria,draw_167
Female,1.0617973376072076,3,149.33934,nigeria,draw_167
Male,1.0565691028912114,3,149.33934,nigeria,draw_167
Female,1.0548838489922372,2,149.44945,nigeria,draw_167
Male,1.0562082943407016,2,149.44945,nigeria,draw_167
Female,1.0621168686503604,3,149.44945,nigeria,draw_167
Male,1.0569028690527287,3,149.44945,nigeria,draw_167
Female,1.0551251486543753,2,149.55956,nigeria,draw_167
Male,1.0564914744707765,2,149.55956,nigeria,draw_167
Female,1.0624363940991521,3,149.55956,nigeria,draw_167
Male,1.0572370911456146,3,149.55956,nigeria,draw_167
Female,1.055365669599565,2,149.66967,nigeria,draw_167
Male,1.0567738879291946,2,149.66967,nigeria,draw_167
Female,1.062755679943032,3,149.66967,nigeria,draw_167
Male,1.0575712484771318,3,149.66967,nigeria,draw_167
Female,1.055605396757498,2,149.77978,nigeria,draw_167
Male,1.0570559201866103,2,149.77978,nigeria,draw_167
Female,1.0630747435857288,3,149.77978,nigeria,draw_167
Male,1.0579055692160881,3,149.77978,nigeria,draw_167
Female,1.0558443616709492,2,149.88989,nigeria,draw_167
Male,1.0573365484082606,2,149.88989,nigeria,draw_167
Female,1.0633936214871234,3,149.88989,nigeria,draw_167
Male,1.05823941120448,3,149.88989,nigeria,draw_167
Female,1.0560823702691986,2,150.0,nigeria,draw_167
Male,1.0576168954546687,2,150.0,nigeria,draw_167
Female,1.0637121283886346,3,150.0,nigeria,draw_167
Male,1.0585734453232554,3,150.0,nigeria,draw_167
Female,5.432983941207282,2,40.0,pakistan,draw_167
Male,4.691383077396816,2,40.0,pakistan,draw_167
Female,3.9082879443112524,3,40.0,pakistan,draw_167
Male,3.3737579233230797,3,40.0,pakistan,draw_167
Female,5.412509700302151,2,40.11011,pakistan,draw_167
Male,4.6753848206047985,2,40.11011,pakistan,draw_167
Female,3.8974033189160404,3,40.11011,pakistan,draw_167
Male,3.3653753467680376,3,40.11011,pakistan,draw_167
Female,5.392109313803016,2,40.22022,pakistan,draw_167
Male,4.659438788873632,2,40.22022,pakistan,draw_167
Female,3.886549783142102,3,40.22022,pakistan,draw_167
Male,3.3570130580311717,3,40.22022,pakistan,draw_167
Female,5.37178456579114,2,40.33033,pakistan,draw_167
Male,4.643547121348051,2,40.33033,pakistan,draw_167
Female,3.87572684788799,3,40.33033,pakistan,draw_167
Male,3.3486732990610264,3,40.33033,pakistan,draw_167
Female,5.35152973316307,2,40.44044,pakistan,draw_167
Male,4.627707256837633,2,40.44044,pakistan,draw_167
Female,3.8649330940541695,3,40.44044,pakistan,draw_167
Male,3.34035513908461,3,40.44044,pakistan,draw_167
Female,5.331346522747114,2,40.55055,pakistan,draw_167
Male,4.61192011854621,2,40.55055,pakistan,draw_167
Female,3.854169490411549,3,40.55055,pakistan,draw_167
Male,3.3320584744871673,3,40.55055,pakistan,draw_167
Female,5.311230213084055,2,40.66066,pakistan,draw_167
Male,4.596184866418142,2,40.66066,pakistan,draw_167
Female,3.843434639935342,3,40.66066,pakistan,draw_167
Male,3.3237835291482316,3,40.66066,pakistan,draw_167
Female,5.291185296548821,2,40.77077,pakistan,draw_167
Male,4.580499887523836,2,40.77077,pakistan,draw_167
Female,3.83273005954844,3,40.77077,pakistan,draw_167
Male,3.315529649290804,3,40.77077,pakistan,draw_167
Female,5.2712117467935595,2,40.88088,pakistan,draw_167
Male,4.564867889934565,2,40.88088,pakistan,draw_167
Female,3.8220562372571214,3,40.88088,pakistan,draw_167
Male,3.307298002273882,3,40.88088,pakistan,draw_167
Female,5.251312307504513,2,40.99099,pakistan,draw_167
Male,4.549286748989272,2,40.99099,pakistan,draw_167
Female,3.811413733320138,3,40.99099,pakistan,draw_167
Male,3.29908818826866,3,40.99099,pakistan,draw_167
Female,5.231480099865356,2,41.1011,pakistan,draw_167
Male,4.533757839056294,2,41.1011,pakistan,draw_167
Female,3.8008005001316345,3,41.1011,pakistan,draw_167
Male,3.290900016132087,3,41.1011,pakistan,draw_167
Female,5.2117185022184005,2,41.21121,pakistan,draw_167
Male,4.518282303818751,2,41.21121,pakistan,draw_167
Female,3.7902160102316778,3,41.21121,pakistan,draw_167
Male,3.2827336798495987,3,41.21121,pakistan,draw_167
Female,5.1920270949791805,2,41.32132,pakistan,draw_167
Male,4.502860056275197,2,41.32132,pakistan,draw_167
Female,3.7796612037015094,3,41.32132,pakistan,draw_167
Male,3.2745898233588986,3,41.32132,pakistan,draw_167
Female,5.172405955067191,2,41.43143,pakistan,draw_167
Male,4.487492049326822,2,41.43143,pakistan,draw_167
Female,3.769136909221095,3,41.43143,pakistan,draw_167
Male,3.2664683753300197,3,41.43143,pakistan,draw_167
Female,5.152857593061193,2,41.54154,pakistan,draw_167
Male,4.472175914084105,2,41.54154,pakistan,draw_167
Female,3.7586438491078553,3,41.54154,pakistan,draw_167
Male,3.258368505794997,3,41.54154,pakistan,draw_167
Female,5.133373260528688,2,41.65165,pakistan,draw_167
Male,4.4569070742419665,2,41.65165,pakistan,draw_167
Female,3.7481804852950984,3,41.65165,pakistan,draw_167
Male,3.2502898809976304,3,41.65165,pakistan,draw_167
Female,5.113954038148051,2,41.76176,pakistan,draw_167
Male,4.441687392419157,2,41.76176,pakistan,draw_167
Female,3.737746332025931,3,41.76176,pakistan,draw_167
Male,3.242232216127464,3,41.76176,pakistan,draw_167
Female,5.094604121967155,2,41.87187,pakistan,draw_167
Male,4.426518707930913,2,41.87187,pakistan,draw_167
Female,3.7273416610165393,3,41.87187,pakistan,draw_167
Male,3.234196240510482,3,41.87187,pakistan,draw_167
Female,5.075319273213535,2,41.98198,pakistan,draw_167
Male,4.411402308859709,2,41.98198,pakistan,draw_167
Female,3.7169647016813347,3,41.98198,pakistan,draw_167
Male,3.226181893008868,3,41.98198,pakistan,draw_167
Female,5.056100579379175,2,42.09209,pakistan,draw_167
Male,4.3963353705158195,2,42.09209,pakistan,draw_167
Female,3.7066161267891933,3,42.09209,pakistan,draw_167
Male,3.2181874571783338,3,42.09209,pakistan,draw_167
Female,5.036949536756904,2,42.2022,pakistan,draw_167
Male,4.38131608978029,2,42.2022,pakistan,draw_167
Female,3.69629663077572,3,42.2022,pakistan,draw_167
Male,3.2102128759647,3,42.2022,pakistan,draw_167
Female,5.017868753733397,2,42.31231,pakistan,draw_167
Male,4.366346221289806,2,42.31231,pakistan,draw_167
Female,3.686006089932504,3,42.31231,pakistan,draw_167
Male,3.202259410715029,3,42.31231,pakistan,draw_167
Female,4.998857132636693,2,42.42242,pakistan,draw_167
Male,4.3514264659083315,2,42.42242,pakistan,draw_167
Female,3.6757447807130896,3,42.42242,pakistan,draw_167
Male,3.1943258271731247,3,42.42242,pakistan,draw_167
Female,4.979909731914005,2,42.53253,pakistan,draw_167
Male,4.336557125359684,2,42.53253,pakistan,draw_167
Female,3.665512667726752,3,42.53253,pakistan,draw_167
Male,3.1864128938316294,3,42.53253,pakistan,draw_167
Female,4.961030217023698,2,42.64264,pakistan,draw_167
Male,4.321736763770154,2,42.64264,pakistan,draw_167
Female,3.6553092294666696,3,42.64264,pakistan,draw_167
Male,3.1785203733999685,3,42.64264,pakistan,draw_167
Female,4.942218423699801,2,42.75275,pakistan,draw_167
Male,4.306962762224777,2,42.75275,pakistan,draw_167
Female,3.645134249440148,3,42.75275,pakistan,draw_167
Male,3.1706478986225877,3,42.75275,pakistan,draw_167
Female,4.923474010074342,2,42.86286,pakistan,draw_167
Male,4.2922363645125,2,42.86286,pakistan,draw_167
Female,3.634988545389773,3,42.86286,pakistan,draw_167
Male,3.1627968260036834,3,42.86286,pakistan,draw_167
Female,4.904799227144031,2,42.97297,pakistan,draw_167
Male,4.277559125462615,2,42.97297,pakistan,draw_167
Female,3.624871828221824,3,42.97297,pakistan,draw_167
Male,3.154967465205726,3,42.97297,pakistan,draw_167
Female,4.8861930246841165,2,43.08308,pakistan,draw_167
Male,4.262932203647089,2,43.08308,pakistan,draw_167
Female,3.6147839654713056,3,43.08308,pakistan,draw_167
Male,3.1471599768319543,3,43.08308,pakistan,draw_167
Female,4.867658617701776,2,43.19319,pakistan,draw_167
Male,4.248353530526607,2,43.19319,pakistan,draw_167
Female,3.60472603976505,3,43.19319,pakistan,draw_167
Male,3.1393725995633877,3,43.19319,pakistan,draw_167
Female,4.849194556323552,2,43.3033,pakistan,draw_167
Male,4.2338225083051295,2,43.3033,pakistan,draw_167
Female,3.5946979853713334,3,43.3033,pakistan,draw_167
Male,3.1316061509866713,3,43.3033,pakistan,draw_167
Female,4.830797920812215,2,43.41341,pakistan,draw_167
Male,4.2193412959910805,2,43.41341,pakistan,draw_167
Female,3.5846998933641054,3,43.41341,pakistan,draw_167
Male,3.1238610102451463,3,43.41341,pakistan,draw_167
Female,4.81246975895106,2,43.52352,pakistan,draw_167
Male,4.2049115518215325,2,43.52352,pakistan,draw_167
Female,3.574731392210691,3,43.52352,pakistan,draw_167
Male,3.1161368055158607,3,43.52352,pakistan,draw_167
Female,4.794211038700292,2,43.63363,pakistan,draw_167
Male,4.190536691273641,2,43.63363,pakistan,draw_167
Female,3.564792457296488,3,43.63363,pakistan,draw_167
Male,3.1084346179669944,3,43.63363,pakistan,draw_167
Female,4.776017334565696,2,43.74374,pakistan,draw_167
Male,4.176215197505981,2,43.74374,pakistan,draw_167
Female,3.5548812850235745,3,43.74374,pakistan,draw_167
Male,3.1007547828084325,3,43.74374,pakistan,draw_167
Female,4.757889827959865,2,43.85385,pakistan,draw_167
Male,4.161949058277429,2,43.85385,pakistan,draw_167
Female,3.544998625521453,3,43.85385,pakistan,draw_167
Male,3.0930978429209603,3,43.85385,pakistan,draw_167
Female,4.739828327032232,2,43.96396,pakistan,draw_167
Male,4.147740423757161,2,43.96396,pakistan,draw_167
Female,3.535143419417803,3,43.96396,pakistan,draw_167
Male,3.0854645816115496,3,43.96396,pakistan,draw_167
Female,4.721827095483288,2,44.07407,pakistan,draw_167
Male,4.1335875751912665,2,44.07407,pakistan,draw_167
Female,3.5253141721083523,3,44.07407,pakistan,draw_167
Male,3.077854441866997,3,44.07407,pakistan,draw_167
Female,4.703890032835971,2,44.18418,pakistan,draw_167
Male,4.119489714996822,2,44.18418,pakistan,draw_167
Female,3.515512561009123,3,44.18418,pakistan,draw_167
Male,3.070267208021757,3,44.18418,pakistan,draw_167
Female,4.6860252657940205,2,44.29429,pakistan,draw_167
Male,4.105445521767762,2,44.29429,pakistan,draw_167
Female,3.5057407654286936,3,44.29429,pakistan,draw_167
Male,3.062701933790803,3,44.29429,pakistan,draw_167
Female,4.668226727244842,2,44.4044,pakistan,draw_167
Male,4.091454785875306,2,44.4044,pakistan,draw_167
Female,3.495997298595804,3,44.4044,pakistan,draw_167
Male,3.055159050047597,3,44.4044,pakistan,draw_167
Female,4.650488568051785,2,44.51451,pakistan,draw_167
Male,4.077515370906058,2,44.51451,pakistan,draw_167
Female,3.4862805949025066,3,44.51451,pakistan,draw_167
Male,3.0476380520958775,3,44.51451,pakistan,draw_167
Female,4.6328120139270395,2,44.62462,pakistan,draw_167
Male,4.063629237291011,2,44.62462,pakistan,draw_167
Female,3.476591213738953,3,44.62462,pakistan,draw_167
Male,3.04013854194803,3,44.62462,pakistan,draw_167
Female,4.615202612038045,2,44.73473,pakistan,draw_167
Male,4.049796789747984,2,44.73473,pakistan,draw_167
Female,3.46693118967353,3,44.73473,pakistan,draw_167
Male,3.0326615471574123,3,44.73473,pakistan,draw_167
Female,4.597657132379337,2,44.84484,pakistan,draw_167
Male,4.036016948906816,2,44.84484,pakistan,draw_167
Female,3.457299176569403,3,44.84484,pakistan,draw_167
Male,3.0252062914680673,3,44.84484,pakistan,draw_167
Female,4.580175840015922,2,44.95495,pakistan,draw_167
Male,4.022292378460753,2,44.95495,pakistan,draw_167
Female,3.4476944487553753,3,44.95495,pakistan,draw_167
Male,3.0177734215685583,3,44.95495,pakistan,draw_167
Female,4.562756342849301,2,45.06507,pakistan,draw_167
Male,4.008619721915455,2,45.06507,pakistan,draw_167
Female,3.438115290684372,3,45.06507,pakistan,draw_167
Male,3.010361516331599,3,45.06507,pakistan,draw_167
Female,4.545402407884693,2,45.17518,pakistan,draw_167
Male,3.99499991081209,2,45.17518,pakistan,draw_167
Female,3.428564286208945,3,45.17518,pakistan,draw_167
Male,3.00297168041941,3,45.17518,pakistan,draw_167
Female,4.5281111860581715,2,45.28529,pakistan,draw_167
Male,3.981433118426944,2,45.28529,pakistan,draw_167
Female,3.41903979274859,3,45.28529,pakistan,draw_167
Male,2.9956037155361255,3,45.28529,pakistan,draw_167
Female,4.5108874791138796,2,45.3954,pakistan,draw_167
Male,3.9679178475553805,2,45.3954,pakistan,draw_167
Female,3.4095436919457986,3,45.3954,pakistan,draw_167
Male,2.988258013279127,3,45.3954,pakistan,draw_167
Female,4.493729388779025,2,45.50551,pakistan,draw_167
Male,3.954455552317851,2,45.50551,pakistan,draw_167
Female,3.400076238014161,3,45.50551,pakistan,draw_167
Male,2.980934755527039,3,45.50551,pakistan,draw_167
Female,4.47663700617332,2,45.61562,pakistan,draw_167
Male,3.941044053831379,2,45.61562,pakistan,draw_167
Female,3.390636828059227,3,45.61562,pakistan,draw_167
Male,2.973632527329167,3,45.61562,pakistan,draw_167
Female,4.459608772347539,2,45.72573,pakistan,draw_167
Male,3.927684163949586,2,45.72573,pakistan,draw_167
Female,3.3812245104084613,3,45.72573,pakistan,draw_167
Male,2.9663513918255595,3,45.72573,pakistan,draw_167
Female,4.442645433777675,2,45.83584,pakistan,draw_167
Male,3.9143765415900154,2,45.83584,pakistan,draw_167
Female,3.37183896849005,3,45.83584,pakistan,draw_167
Male,2.959091955120681,3,45.83584,pakistan,draw_167
Female,4.425746659094961,2,45.94595,pakistan,draw_167
Male,3.901116986713598,2,45.94595,pakistan,draw_167
Female,3.3624802971677554,3,45.94595,pakistan,draw_167
Male,2.9518521891801996,3,45.94595,pakistan,draw_167
Female,4.4089064114335725,2,46.05606,pakistan,draw_167
Male,3.887906707014842,2,46.05606,pakistan,draw_167
Female,3.3531471001051067,3,46.05606,pakistan,draw_167
Male,2.9446336619358546,3,46.05606,pakistan,draw_167
Female,4.392131403793401,2,46.16617,pakistan,draw_167
Male,3.874747205353707,2,46.16617,pakistan,draw_167
Female,3.34384118388046,3,46.16617,pakistan,draw_167
Male,2.937437243655965,3,46.16617,pakistan,draw_167
Female,4.375419071973485,2,46.27628,pakistan,draw_167
Male,3.861639065327087,2,46.27628,pakistan,draw_167
Female,3.334561794563799,3,46.27628,pakistan,draw_167
Male,2.9302622419238116,3,46.27628,pakistan,draw_167
Female,4.35876714559141,2,46.38639,pakistan,draw_167
Male,3.8485799613913256,2,46.38639,pakistan,draw_167
Female,3.325307771659288,3,46.38639,pakistan,draw_167
Male,2.923107490925139,3,46.38639,pakistan,draw_167
Female,4.342174738719731,2,46.4965,pakistan,draw_167
Male,3.8355694639692515,2,46.4965,pakistan,draw_167
Female,3.3160792438485887,3,46.4965,pakistan,draw_167
Male,2.915973785042435,3,46.4965,pakistan,draw_167
Female,4.325642518094497,2,46.60661,pakistan,draw_167
Male,3.82260918363758,2,46.60661,pakistan,draw_167
Female,3.306876659143825,3,46.60661,pakistan,draw_167
Male,2.9088603469052714,3,46.60661,pakistan,draw_167
Female,4.309169318247141,2,46.71672,pakistan,draw_167
Male,3.809699823289307,2,46.71672,pakistan,draw_167
Female,3.297700055157997,3,46.71672,pakistan,draw_167
Male,2.901766972173373,3,46.71672,pakistan,draw_167
Female,4.292755738229012,2,46.82683,pakistan,draw_167
Male,3.7968420794485866,2,46.82683,pakistan,draw_167
Female,3.288549625933117,3,46.82683,pakistan,draw_167
Male,2.8946946562487677,3,46.82683,pakistan,draw_167
Female,4.276402225837413,2,46.93694,pakistan,draw_167
Male,3.7840332143488453,2,46.93694,pakistan,draw_167
Female,3.2794257708674492,3,46.93694,pakistan,draw_167
Male,2.8876423482091997,3,46.93694,pakistan,draw_167
Female,4.2601064044681545,2,47.04705,pakistan,draw_167
Male,3.7712732248535743,2,47.04705,pakistan,draw_167
Female,3.2703273336743797,3,47.04705,pakistan,draw_167
Male,2.8806097665039014,3,47.04705,pakistan,draw_167
Female,4.243868185170791,2,47.15716,pakistan,draw_167
Male,3.758564358642981,2,47.15716,pakistan,draw_167
Female,3.2612546062048438,3,47.15716,pakistan,draw_167
Male,2.873597832807943,3,47.15716,pakistan,draw_167
Female,4.227687648300865,2,47.26727,pakistan,draw_167
Male,3.7459033968035245,2,47.26727,pakistan,draw_167
Female,3.2522070457593784,3,47.26727,pakistan,draw_167
Male,2.866606452355982,3,47.26727,pakistan,draw_167
Female,4.211566824583035,2,47.37738,pakistan,draw_167
Male,3.7332901517382067,2,47.37738,pakistan,draw_167
Female,3.243185553942872,3,47.37738,pakistan,draw_167
Male,2.8596349082226222,3,47.37738,pakistan,draw_167
Female,4.19550641177547,2,47.48749,pakistan,draw_167
Male,3.720726876012787,2,47.48749,pakistan,draw_167
Female,3.234190558253322,3,47.48749,pakistan,draw_167
Male,2.8526839407343902,3,47.48749,pakistan,draw_167
Female,4.179509360293309,2,47.5976,pakistan,draw_167
Male,3.7082134215290568,2,47.5976,pakistan,draw_167
Female,3.2252221338177813,3,47.5976,pakistan,draw_167
Male,2.84575393359695,3,47.5976,pakistan,draw_167
Female,4.16356975964042,2,47.70771,pakistan,draw_167
Male,3.695748680314498,2,47.70771,pakistan,draw_167
Female,3.2162786874056484,3,47.70771,pakistan,draw_167
Male,2.838844068084503,3,47.70771,pakistan,draw_167
Female,4.1476888995468215,2,47.81782,pakistan,draw_167
Male,3.683331812637887,2,47.81782,pakistan,draw_167
Female,3.2073596959868653,3,47.81782,pakistan,draw_167
Male,2.8319546220299814,3,47.81782,pakistan,draw_167
Female,4.131865622259752,2,47.92793,pakistan,draw_167
Male,3.6709608750022853,2,47.92793,pakistan,draw_167
Female,3.1984655473935315,3,47.92793,pakistan,draw_167
Male,2.825084947920739,3,47.92793,pakistan,draw_167
Female,4.116101647650296,2,48.03804,pakistan,draw_167
Male,3.6586369742065745,2,48.03804,pakistan,draw_167
Female,3.1895973115638974,3,48.03804,pakistan,draw_167
Male,2.8182350053510783,3,48.03804,pakistan,draw_167
Female,4.100398891293526,2,48.14815,pakistan,draw_167
Male,3.6463626474921944,2,48.14815,pakistan,draw_167
Female,3.180755572707007,3,48.14815,pakistan,draw_167
Male,2.8114052593206247,3,48.14815,pakistan,draw_167
Female,4.084759701912229,2,48.25826,pakistan,draw_167
Male,3.634135784995289,2,48.25826,pakistan,draw_167
Female,3.1719423469263517,3,48.25826,pakistan,draw_167
Male,2.804595104623341,3,48.25826,pakistan,draw_167
Female,4.069185408692914,2,48.36837,pakistan,draw_167
Male,3.6219560302607934,2,48.36837,pakistan,draw_167
Female,3.1631576833091324,3,48.36837,pakistan,draw_167
Male,2.7978051848049548,3,48.36837,pakistan,draw_167
Female,4.0536804290231,2,48.47848,pakistan,draw_167
Male,3.609824844754945,2,48.47848,pakistan,draw_167
Female,3.1544023328184987,3,48.47848,pakistan,draw_167
Male,2.791036307081151,3,48.47848,pakistan,draw_167
Female,4.0382440281856855,2,48.58859,pakistan,draw_167
Male,3.597739325721374,2,48.58859,pakistan,draw_167
Female,3.145676225832348,3,48.58859,pakistan,draw_167
Male,2.7842865149524014,3,48.58859,pakistan,draw_167
Female,4.022873556561278,2,48.6987,pakistan,draw_167
Male,3.585700925471028,2,48.6987,pakistan,draw_167
Female,3.1369778350583837,3,48.6987,pakistan,draw_167
Male,2.7775563753693193,3,48.6987,pakistan,draw_167
Female,4.007568677488458,2,48.80881,pakistan,draw_167
Male,3.5737139972768928,2,48.80881,pakistan,draw_167
Female,3.128307524279897,3,48.80881,pakistan,draw_167
Male,2.7708470619750436,3,48.80881,pakistan,draw_167
Female,3.9923292140503714,2,48.91892,pakistan,draw_167
Male,3.5617762876664605,2,48.91892,pakistan,draw_167
Female,3.1196657762128055,3,48.91892,pakistan,draw_167
Male,2.764157877109001,3,48.91892,pakistan,draw_167
Female,3.9771570246255292,2,49.02903,pakistan,draw_167
Male,3.549886699423047,2,49.02903,pakistan,draw_167
Female,3.111053291073941,3,49.02903,pakistan,draw_167
Male,2.7574892450787574,3,49.02903,pakistan,draw_167
Female,3.9620526867224526,2,49.13914,pakistan,draw_167
Male,3.538046669453409,2,49.13914,pakistan,draw_167
Female,3.102469944317933,3,49.13914,pakistan,draw_167
Male,2.7508415132885133,3,49.13914,pakistan,draw_167
Female,3.9470166838021106,2,49.24925,pakistan,draw_167
Male,3.526254981320352,2,49.24925,pakistan,draw_167
Female,3.0939160290618806,3,49.24925,pakistan,draw_167
Male,2.7442142650998913,3,49.24925,pakistan,draw_167
Female,3.9320470522667867,2,49.35936,pakistan,draw_167
Male,3.5145109678734747,2,49.35936,pakistan,draw_167
Female,3.0853899107615077,3,49.35936,pakistan,draw_167
Male,2.737607123637008,3,49.35936,pakistan,draw_167
Female,3.9171437082124227,2,49.46947,pakistan,draw_167
Male,3.502816772673842,2,49.46947,pakistan,draw_167
Female,3.076891677505035,3,49.46947,pakistan,draw_167
Male,2.731020378152776,3,49.46947,pakistan,draw_167
Female,3.9023072751530647,2,49.57958,pakistan,draw_167
Male,3.49116962270915,2,49.57958,pakistan,draw_167
Female,3.0684223821033787,3,49.57958,pakistan,draw_167
Male,2.724453368545194,3,49.57958,pakistan,draw_167
Female,3.887535241562665,2,49.68969,pakistan,draw_167
Male,3.4795699842695456,2,49.68969,pakistan,draw_167
Female,3.0599809674109504,3,49.68969,pakistan,draw_167
Male,2.717906951109116,3,49.68969,pakistan,draw_167
Female,3.8728264510334953,2,49.7998,pakistan,draw_167
Male,3.468018338406313,2,49.7998,pakistan,draw_167
Female,3.051566905419492,3,49.7998,pakistan,draw_167
Male,2.7113802971280396,3,49.7998,pakistan,draw_167
Female,3.8581807288628647,2,49.90991,pakistan,draw_167
Male,3.456513786040841,2,49.90991,pakistan,draw_167
Female,3.043179651259962,3,49.90991,pakistan,draw_167
Male,2.7048733732845127,3,49.90991,pakistan,draw_167
Female,3.843601284118143,2,50.02002,pakistan,draw_167
Male,3.445055309886339,2,50.02002,pakistan,draw_167
Female,3.0348208591734003,3,50.02002,pakistan,draw_167
Male,2.6983862321494065,3,50.02002,pakistan,draw_167
Female,3.8290848443685435,2,50.13013,pakistan,draw_167
Male,3.433644196588512,2,50.13013,pakistan,draw_167
Female,3.02648912727081,3,50.13013,pakistan,draw_167
Male,2.6919194200255543,3,50.13013,pakistan,draw_167
Female,3.8146329098766163,2,50.24024,pakistan,draw_167
Male,3.4222797190111005,2,50.24024,pakistan,draw_167
Female,3.018185738753207,3,50.24024,pakistan,draw_167
Male,2.6854725637572,3,50.24024,pakistan,draw_167
Female,3.800243703861697,2,50.35035,pakistan,draw_167
Male,3.410961987411695,2,50.35035,pakistan,draw_167
Female,3.0099096635703493,3,50.35035,pakistan,draw_167
Male,2.679046035680361,3,50.35035,pakistan,draw_167
Female,3.7859163538786738,2,50.46046,pakistan,draw_167
Male,3.3996904702016626,2,50.46046,pakistan,draw_167
Female,3.0016597644023344,3,50.46046,pakistan,draw_167
Male,2.672639015039265,3,50.46046,pakistan,draw_167
Female,3.7716517196118726,2,50.57057,pakistan,draw_167
Male,3.388466943811859,2,50.57057,pakistan,draw_167
Female,2.9934370353868505,3,50.57057,pakistan,draw_167
Male,2.666252847406777,3,50.57057,pakistan,draw_167
Female,3.7574509157262126,2,50.68068,pakistan,draw_167
Male,3.3772896793770832,2,50.68068,pakistan,draw_167
Female,2.9852415899105558,3,50.68068,pakistan,draw_167
Male,2.6598872193277714,3,50.68068,pakistan,draw_167
Female,3.743314635569398,2,50.79079,pakistan,draw_167
Male,3.366157693377396,2,50.79079,pakistan,draw_167
Female,2.977073838455677,3,50.79079,pakistan,draw_167
Male,2.6535413085917794,3,50.79079,pakistan,draw_167
Female,3.7292393907150974,2,50.9009,pakistan,draw_167
Male,3.3550710045177725,2,50.9009,pakistan,draw_167
Female,2.968932269666332,3,50.9009,pakistan,draw_167
Male,2.647214937318817,3,50.9009,pakistan,draw_167
Female,3.7152226117258667,2,51.01101,pakistan,draw_167
Male,3.3440298714062284,2,51.01101,pakistan,draw_167
Female,2.9608163186468324,3,51.01101,pakistan,draw_167
Male,2.6409074948841944,3,51.01101,pakistan,draw_167
Female,3.7012660329233302,2,51.12112,pakistan,draw_167
Male,3.333033994684225,2,51.12112,pakistan,draw_167
Female,2.9527274693010437,3,51.12112,pakistan,draw_167
Male,2.634619458277176,3,51.12112,pakistan,draw_167
Female,3.687367999992387,2,51.23123,pakistan,draw_167
Male,3.3220828902294586,2,51.23123,pakistan,draw_167
Female,2.944664309760097,3,51.23123,pakistan,draw_167
Male,2.6283507033947084,3,51.23123,pakistan,draw_167
Female,3.6735275372805156,2,51.34134,pakistan,draw_167
Male,3.311175849078433,2,51.34134,pakistan,draw_167
Female,2.936626356075536,3,51.34134,pakistan,draw_167
Male,2.622101206924912,3,51.34134,pakistan,draw_167
Female,3.6597459232690626,2,51.45145,pakistan,draw_167
Male,3.300314938394848,2,51.45145,pakistan,draw_167
Female,2.928613258023407,3,51.45145,pakistan,draw_167
Male,2.6158713304063865,3,51.45145,pakistan,draw_167
Female,3.646024271488532,2,51.56156,pakistan,draw_167
Male,3.2894997275991815,2,51.56156,pakistan,draw_167
Female,2.920625804659829,3,51.56156,pakistan,draw_167
Male,2.609660987533737,3,51.56156,pakistan,draw_167
Female,3.632363029983893,2,51.67167,pakistan,draw_167
Male,3.27872977709151,2,51.67167,pakistan,draw_167
Female,2.912664872742029,3,51.67167,pakistan,draw_167
Male,2.603470002658644,3,51.67167,pakistan,draw_167
Female,3.6187611185071935,2,51.78178,pakistan,draw_167
Male,3.2680047048083503,2,51.78178,pakistan,draw_167
Female,2.904729872577255,3,51.78178,pakistan,draw_167
Male,2.597298489311279,3,51.78178,pakistan,draw_167
Female,3.6052168544760064,2,51.89189,pakistan,draw_167
Male,3.2573240065189952,2,51.89189,pakistan,draw_167
Female,2.8968200825538046,3,51.89189,pakistan,draw_167
Male,2.5911468275225737,3,51.89189,pakistan,draw_167
Female,3.5917285267212535,2,52.002,pakistan,draw_167
Male,3.246687891042155,2,52.002,pakistan,draw_167
Female,2.888934618601349,3,52.002,pakistan,draw_167
Male,2.585014823700027,3,52.002,pakistan,draw_167
Female,3.5782984851977955,2,52.11211,pakistan,draw_167
Male,3.236095816157768,2,52.11211,pakistan,draw_167
Female,2.8810747946541477,3,52.11211,pakistan,draw_167
Male,2.5789020429976395,3,52.11211,pakistan,draw_167
Female,3.564927173043552,2,52.22222,pakistan,draw_167
Male,3.2255469057526676,2,52.22222,pakistan,draw_167
Female,2.873240240389876,3,52.22222,pakistan,draw_167
Male,2.5728075603858898,3,52.22222,pakistan,draw_167
Female,3.5516116053373397,2,52.33233,pakistan,draw_167
Male,3.215041090003017,2,52.33233,pakistan,draw_167
Female,2.865430384637102,3,52.33233,pakistan,draw_167
Male,2.5667321908011793,3,52.33233,pakistan,draw_167
Female,3.5383533972966026,2,52.44244,pakistan,draw_167
Male,3.2045780659668686,2,52.44244,pakistan,draw_167
Female,2.8576458126274846,3,52.44244,pakistan,draw_167
Male,2.5606750828261524,3,52.44244,pakistan,draw_167
Female,3.525149450962529,2,52.55255,pakistan,draw_167
Male,3.1941598113661165,2,52.55255,pakistan,draw_167
Female,2.849885875391987,3,52.55255,pakistan,draw_167
Male,2.554637324805296,3,52.55255,pakistan,draw_167
Female,3.5120029534556556,2,52.66266,pakistan,draw_167
Male,3.183783094753142,2,52.66266,pakistan,draw_167
Female,2.84215139613588,3,52.66266,pakistan,draw_167
Male,2.5486176945926613,3,52.66266,pakistan,draw_167
Female,3.4989153392927945,2,52.77277,pakistan,draw_167
Male,3.1734496657164075,2,52.77277,pakistan,draw_167
Female,2.8344427403109416,3,52.77277,pakistan,draw_167
Male,2.5426169563899577,3,52.77277,pakistan,draw_167
Female,3.485882592448196,2,52.88288,pakistan,draw_167
Male,3.163159441860695,2,52.88288,pakistan,draw_167
Female,2.826757929038094,3,52.88288,pakistan,draw_167
Male,2.536634783709491,3,52.88288,pakistan,draw_167
Female,3.4729080505484036,2,52.99299,pakistan,draw_167
Male,3.1529110137821985,2,52.99299,pakistan,draw_167
Female,2.8190987368479736,3,52.99299,pakistan,draw_167
Male,2.530670720146278,3,52.99299,pakistan,draw_167
Female,3.45999535915491,2,53.1031,pakistan,draw_167
Male,3.14270615722424,2,53.1031,pakistan,draw_167
Female,2.8114664966891327,3,53.1031,pakistan,draw_167
Male,2.5247257611548255,3,53.1031,pakistan,draw_167
Female,3.4471434409350876,2,53.21321,pakistan,draw_167
Male,3.132542580140159,2,53.21321,pakistan,draw_167
Female,2.8038611962923725,3,53.21321,pakistan,draw_167
Male,2.5187991837851764,3,53.21321,pakistan,draw_167
Female,3.434350803099714,2,53.32332,pakistan,draw_167
Male,3.1224221067377522,2,53.32332,pakistan,draw_167
Female,2.796282278989022,3,53.32332,pakistan,draw_167
Male,2.5128915583567157,3,53.32332,pakistan,draw_167
Female,3.421617625677311,2,53.43343,pakistan,draw_167
Male,3.112343095753622,2,53.43343,pakistan,draw_167
Female,2.7887293226144325,3,53.43343,pakistan,draw_167
Male,2.507002070377838,3,53.43343,pakistan,draw_167
Female,3.4089427240159598,2,53.54354,pakistan,draw_167
Male,3.102307019670511,2,53.54354,pakistan,draw_167
Female,2.781202171635157,3,53.54354,pakistan,draw_167
Male,2.501131134977363,3,53.54354,pakistan,draw_167
Female,3.3963238023881,2,53.65365,pakistan,draw_167
Male,3.092311885614295,2,53.65365,pakistan,draw_167
Female,2.773699510234351,3,53.65365,pakistan,draw_167
Male,2.495278005705692,3,53.65365,pakistan,draw_167
Female,3.3837655150218757,2,53.76376,pakistan,draw_167
Male,3.0823584436291434,2,53.76376,pakistan,draw_167
Female,2.7662237701999564,3,53.76376,pakistan,draw_167
Male,2.489443514324768,3,53.76376,pakistan,draw_167
Female,3.3712655051504603,2,53.87387,pakistan,draw_167
Male,3.0724460966373197,2,53.87387,pakistan,draw_167
Female,2.758774049370862,3,53.87387,pakistan,draw_167
Male,2.4836267977440865,3,53.87387,pakistan,draw_167
Female,3.3588244975376518,2,53.98398,pakistan,draw_167
Male,3.0625753122396424,2,53.98398,pakistan,draw_167
Female,2.7513507181497467,3,53.98398,pakistan,draw_167
Male,2.477828241964247,3,53.98398,pakistan,draw_167
Female,3.346442011243763,2,54.09409,pakistan,draw_167
Male,3.0527451826937515,2,54.09409,pakistan,draw_167
Female,2.7439533460355423,3,54.09409,pakistan,draw_167
Male,2.4720468107915314,3,54.09409,pakistan,draw_167
Female,3.334117477325442,2,54.2042,pakistan,draw_167
Male,3.0429565490945287,2,54.2042,pakistan,draw_167
Female,2.7365819293031355,3,54.2042,pakistan,draw_167
Male,2.466283083242606,3,54.2042,pakistan,draw_167
Female,3.3218501391320343,2,54.31431,pakistan,draw_167
Male,3.0332085803652795,2,54.31431,pakistan,draw_167
Female,2.729235767824173,3,54.31431,pakistan,draw_167
Male,2.4605371970277417,3,54.31431,pakistan,draw_167
Female,3.309639097593115,2,54.42442,pakistan,draw_167
Male,3.0235022001318663,2,54.42442,pakistan,draw_167
Female,2.7219142271461276,3,54.42442,pakistan,draw_167
Male,2.4548090538051266,3,54.42442,pakistan,draw_167
Female,3.2974837888733552,2,54.53453,pakistan,draw_167
Male,3.0138362390772624,2,54.53453,pakistan,draw_167
Female,2.7146179155371173,3,54.53453,pakistan,draw_167
Male,2.4490985720224536,3,54.53453,pakistan,draw_167
Female,3.2853857116209895,2,54.64464,pakistan,draw_167
Male,3.004211555884793,2,54.64464,pakistan,draw_167
Female,2.7073475071600055,3,54.64464,pakistan,draw_167
Male,2.44340594469685,3,54.64464,pakistan,draw_167
Female,3.2733445768788245,2,54.75475,pakistan,draw_167
Male,2.994625319426208,2,54.75475,pakistan,draw_167
Female,2.700102719661493,3,54.75475,pakistan,draw_167
Male,2.437730273936121,3,54.75475,pakistan,draw_167
Female,3.261360067134842,2,54.86486,pakistan,draw_167
Male,2.985080223078856,2,54.86486,pakistan,draw_167
Female,2.6928836432078977,3,54.86486,pakistan,draw_167
Male,2.4320727225161614,3,54.86486,pakistan,draw_167
Female,3.249429809599221,2,54.97497,pakistan,draw_167
Male,2.9755730693468347,2,54.97497,pakistan,draw_167
Female,2.6856891647467114,3,54.97497,pakistan,draw_167
Male,2.426431807135592,3,54.97497,pakistan,draw_167
Female,3.2375560188840087,2,55.08509,pakistan,draw_167
Male,2.966104456908,2,55.08509,pakistan,draw_167
Female,2.67851948280609,3,55.08509,pakistan,draw_167
Male,2.4208078850374326,3,55.08509,pakistan,draw_167
Female,3.2257394277499274,2,55.1952,pakistan,draw_167
Male,2.9566750469899894,2,55.1952,pakistan,draw_167
Female,2.6713751563647636,3,55.1952,pakistan,draw_167
Male,2.4152011975277694,3,55.1952,pakistan,draw_167
Female,3.21397947933535,2,55.30531,pakistan,draw_167
Male,2.947285668167856,2,55.30531,pakistan,draw_167
Female,2.6642560525193577,3,55.30531,pakistan,draw_167
Male,2.4096120824434033,3,55.30531,pakistan,draw_167
Female,3.202276458861708,2,55.41542,pakistan,draw_167
Male,2.937935745777897,2,55.41542,pakistan,draw_167
Female,2.6571619128995545,3,55.41542,pakistan,draw_167
Male,2.4040405540680987,3,55.41542,pakistan,draw_167
Female,3.1906276393216184,2,55.52553,pakistan,draw_167
Male,2.928624022448111,2,55.52553,pakistan,draw_167
Female,2.650092013704685,3,55.52553,pakistan,draw_167
Male,2.398486282409581,3,55.52553,pakistan,draw_167
Female,3.179033314713673,2,55.63564,pakistan,draw_167
Male,2.919349853854641,2,55.63564,pakistan,draw_167
Female,2.6430464822753477,3,55.63564,pakistan,draw_167
Male,2.3929491819164705,3,55.63564,pakistan,draw_167
Female,3.167493186878656,2,55.74575,pakistan,draw_167
Male,2.9101134216479974,2,55.74575,pakistan,draw_167
Female,2.636025263649744,3,55.74575,pakistan,draw_167
Male,2.387428835260541,3,55.74575,pakistan,draw_167
Female,3.1560068025134647,2,55.85586,pakistan,draw_167
Male,2.900916542364835,2,55.85586,pakistan,draw_167
Female,2.629027786984351,3,55.85586,pakistan,draw_167
Male,2.381926046089135,3,55.85586,pakistan,draw_167
Female,3.144574233278508,2,55.96597,pakistan,draw_167
Male,2.8917580109288923,2,55.96597,pakistan,draw_167
Female,2.6220547198410347,3,55.96597,pakistan,draw_167
Male,2.3764403335511903,3,55.96597,pakistan,draw_167
Female,3.133196912850886,2,56.07608,pakistan,draw_167
Male,2.882638972887842,2,56.07608,pakistan,draw_167
Female,2.615106299845031,3,56.07608,pakistan,draw_167
Male,2.370972128611341,3,56.07608,pakistan,draw_167
Female,3.121872703489301,2,56.18619,pakistan,draw_167
Male,2.8735557979085637,2,56.18619,pakistan,draw_167
Female,2.6081814928158153,3,56.18619,pakistan,draw_167
Male,2.3655197833003454,3,56.18619,pakistan,draw_167
Female,3.1106009796927854,2,56.2963,pakistan,draw_167
Male,2.864509847099159,2,56.2963,pakistan,draw_167
Female,2.601280583497433,3,56.2963,pakistan,draw_167
Male,2.3600838335745937,3,56.2963,pakistan,draw_167
Female,3.0993831193338903,2,56.40641,pakistan,draw_167
Male,2.855502156844115,2,56.40641,pakistan,draw_167
Female,2.5944044202702496,3,56.40641,pakistan,draw_167
Male,2.354664941002556,3,56.40641,pakistan,draw_167
Female,3.0882182536644573,2,56.51652,pakistan,draw_167
Male,2.8465322254069916,2,56.51652,pakistan,draw_167
Female,2.587552503557764,3,56.51652,pakistan,draw_167
Male,2.3492632219507787,3,56.51652,pakistan,draw_167
Female,3.07710588915735,2,56.62663,pakistan,draw_167
Male,2.837600918909087,2,56.62663,pakistan,draw_167
Female,2.5807238804282093,3,56.62663,pakistan,draw_167
Male,2.343878857684023,3,56.62663,pakistan,draw_167
Female,3.06604714931355,2,56.73674,pakistan,draw_167
Male,2.8287085947071025,2,56.73674,pakistan,draw_167
Female,2.5739197061327164,3,56.73674,pakistan,draw_167
Male,2.338511707966614,3,56.73674,pakistan,draw_167
Female,3.055041086866138,2,56.84685,pakistan,draw_167
Male,2.8198531049903606,2,56.84685,pakistan,draw_167
Female,2.5671393360714108,3,56.84685,pakistan,draw_167
Male,2.333160870500521,3,56.84685,pakistan,draw_167
Female,3.0440850772578423,2,56.95696,pakistan,draw_167
Male,2.811034600614958,2,56.95696,pakistan,draw_167
Female,2.5603822294523746,3,56.95696,pakistan,draw_167
Male,2.327826540779463,3,56.95696,pakistan,draw_167
Female,3.0331785803119753,2,57.06707,pakistan,draw_167
Male,2.8022527566543953,2,57.06707,pakistan,draw_167
Female,2.553647934900045,3,57.06707,pakistan,draw_167
Male,2.3225090255033924,3,57.06707,pakistan,draw_167
Female,3.0223246899134977,2,57.17718,pakistan,draw_167
Male,2.793507967020933,2,57.17718,pakistan,draw_167
Female,2.54693767044644,3,57.17718,pakistan,draw_167
Male,2.31720787586427,3,57.17718,pakistan,draw_167
Female,3.0115208559821918,2,57.28729,pakistan,draw_167
Male,2.7847996434986513,2,57.28729,pakistan,draw_167
Female,2.54025019033788,3,57.28729,pakistan,draw_167
Male,2.3119226913079216,3,57.28729,pakistan,draw_167
Female,3.0007664965420626,2,57.3974,pakistan,draw_167
Male,2.7761279662377505,2,57.3974,pakistan,draw_167
Female,2.533585046130176,3,57.3974,pakistan,draw_167
Male,2.3066540086461216,3,57.3974,pakistan,draw_167
Female,2.9900633466706843,2,57.50751,pakistan,draw_167
Male,2.7674921970932878,2,57.50751,pakistan,draw_167
Female,2.526943706529548,3,57.50751,pakistan,draw_167
Male,2.3014016798238575,3,57.50751,pakistan,draw_167
Female,2.979409897391859,2,57.61762,pakistan,draw_167
Male,2.7588935793615157,2,57.61762,pakistan,draw_167
Female,2.5203253597123307,3,57.61762,pakistan,draw_167
Male,2.296166046477962,3,57.61762,pakistan,draw_167
Female,2.9688060990715273,2,57.72773,pakistan,draw_167
Male,2.7503313687934803,2,57.72773,pakistan,draw_167
Female,2.513729899703092,3,57.72773,pakistan,draw_167
Male,2.2909466260208124,3,57.72773,pakistan,draw_167
Female,2.9582529714905585,2,57.83784,pakistan,draw_167
Male,2.7418059651719346,2,57.83784,pakistan,draw_167
Female,2.5071572408659857,3,57.83784,pakistan,draw_167
Male,2.2857436386982104,3,57.83784,pakistan,draw_167
Female,2.947748722266021,2,57.94795,pakistan,draw_167
Male,2.7333136734049326,2,57.94795,pakistan,draw_167
Female,2.500606601772558,3,57.94795,pakistan,draw_167
Male,2.2805552772653246,3,57.94795,pakistan,draw_167
Female,2.9372931743773365,2,58.05806,pakistan,draw_167
Male,2.7248570206222436,2,58.05806,pakistan,draw_167
Female,2.494078278928622,3,58.05806,pakistan,draw_167
Male,2.2753829864407566,3,58.05806,pakistan,draw_167
Female,2.9268863454898084,2,58.16817,pakistan,draw_167
Male,2.7164355682934436,2,58.16817,pakistan,draw_167
Female,2.4875722385366554,3,58.16817,pakistan,draw_167
Male,2.270226798778447,3,58.16817,pakistan,draw_167
Female,2.916528773003911,2,58.27828,pakistan,draw_167
Male,2.708049287548611,2,58.27828,pakistan,draw_167
Female,2.4810887395524612,3,58.27828,pakistan,draw_167
Male,2.265086704404005,3,58.27828,pakistan,draw_167
Female,2.9062200808690037,2,58.38839,pakistan,draw_167
Male,2.6996978025718117,2,58.38839,pakistan,draw_167
Female,2.4746272863736167,3,58.38839,pakistan,draw_167
Male,2.2599621671908317,3,58.38839,pakistan,draw_167
Female,2.8959587640894258,2,58.4985,pakistan,draw_167
Male,2.6913816708633935,2,58.4985,pakistan,draw_167
Female,2.468187794166124,3,58.4985,pakistan,draw_167
Male,2.254853660415003,3,58.4985,pakistan,draw_167
Female,2.8857469673895664,2,58.60861,pakistan,draw_167
Male,2.6831002088420677,2,58.60861,pakistan,draw_167
Female,2.4617711105012026,3,58.60861,pakistan,draw_167
Male,2.249761146349445,3,58.60861,pakistan,draw_167
Female,2.875583819064529,2,58.71872,pakistan,draw_167
Male,2.67485200860091,2,58.71872,pakistan,draw_167
Female,2.4553764640751345,3,58.71872,pakistan,draw_167
Male,2.244684302799584,3,58.71872,pakistan,draw_167
Female,2.86546982041177,2,58.82883,pakistan,draw_167
Male,2.6666403379857355,2,58.82883,pakistan,draw_167
Female,2.449004064784586,3,58.82883,pakistan,draw_167
Male,2.2396243301543635,3,58.82883,pakistan,draw_167
Female,2.855405382458228,2,58.93894,pakistan,draw_167
Male,2.6584636497478815,2,58.93894,pakistan,draw_167
Female,2.4426548983110132,3,58.93894,pakistan,draw_167
Male,2.2345802689369494,3,58.93894,pakistan,draw_167
Female,2.8453885183277245,2,59.04905,pakistan,draw_167
Male,2.6503223176385795,2,59.04905,pakistan,draw_167
Female,2.4363280044817444,3,59.04905,pakistan,draw_167
Male,2.22955204909436,3,59.04905,pakistan,draw_167
Female,2.835417512583997,2,59.15916,pakistan,draw_167
Male,2.642215923688606,2,59.15916,pakistan,draw_167
Female,2.4300221740515844,3,59.15916,pakistan,draw_167
Male,2.2245398181711185,3,59.15916,pakistan,draw_167
Female,2.825495536380383,2,59.26927,pakistan,draw_167
Male,2.634141457750566,2,59.26927,pakistan,draw_167
Female,2.423739258097639,3,59.26927,pakistan,draw_167
Male,2.2195419409457893,3,59.26927,pakistan,draw_167
Female,2.815618841862814,2,59.37938,pakistan,draw_167
Male,2.6261010819223958,2,59.37938,pakistan,draw_167
Female,2.417477143546942,3,59.37938,pakistan,draw_167
Male,2.2145598184528703,3,59.37938,pakistan,draw_167
Female,2.8057895555290675,2,59.48949,pakistan,draw_167
Male,2.618096126073634,2,59.48949,pakistan,draw_167
Female,2.4112369563856366,3,59.48949,pakistan,draw_167
Male,2.2095935566900105,3,59.48949,pakistan,draw_167
Female,2.7960061180957796,2,59.5996,pakistan,draw_167
Male,2.6101249094283383,2,59.5996,pakistan,draw_167
Female,2.405018074525467,3,59.5996,pakistan,draw_167
Male,2.2046419786504625,3,59.5996,pakistan,draw_167
Female,2.786269786790124,2,59.70971,pakistan,draw_167
Male,2.6021859080024714,2,59.70971,pakistan,draw_167
Female,2.398821145014307,3,59.70971,pakistan,draw_167
Male,2.199704659831694,3,59.70971,pakistan,draw_167
Female,2.7765782736702835,2,59.81982,pakistan,draw_167
Male,2.594280005404894,2,59.81982,pakistan,draw_167
Female,2.392645461849396,3,59.81982,pakistan,draw_167
Male,2.1947821541372536,3,59.81982,pakistan,draw_167
Female,2.766932957561678,2,59.92993,pakistan,draw_167
Male,2.5864075413678314,2,59.92993,pakistan,draw_167
Female,2.386491481571198,3,59.92993,pakistan,draw_167
Male,2.1898746012790338,3,59.92993,pakistan,draw_167
Female,2.757333042379833,2,60.04004,pakistan,draw_167
Male,2.578568549675971,2,60.04004,pakistan,draw_167
Female,2.3803588315722592,3,60.04004,pakistan,draw_167
Male,2.184982352165582,3,60.04004,pakistan,draw_167
Female,2.7477788028103958,2,60.15015,pakistan,draw_167
Male,2.570761758635547,2,60.15015,pakistan,draw_167
Female,2.374247567155121,3,60.15015,pakistan,draw_167
Male,2.1801046225767706,3,60.15015,pakistan,draw_167
Female,2.738268164780485,2,60.26026,pakistan,draw_167
Male,2.562986224213175,2,60.26026,pakistan,draw_167
Female,2.3681570554357423,3,60.26026,pakistan,draw_167
Male,2.175241202773782,3,60.26026,pakistan,draw_167
Female,2.7288007438457456,2,60.37037,pakistan,draw_167
Male,2.555244337154471,2,60.37037,pakistan,draw_167
Female,2.3620872433087854,3,60.37037,pakistan,draw_167
Male,2.17039309966904,3,60.37037,pakistan,draw_167
Female,2.7193772118925073,2,60.48048,pakistan,draw_167
Male,2.54753345862745,2,60.48048,pakistan,draw_167
Female,2.3560378385353395,3,60.48048,pakistan,draw_167
Male,2.165559372446149,3,60.48048,pakistan,draw_167
Female,2.7099991443245512,2,60.59059,pakistan,draw_167
Male,2.5398550014072705,2,60.59059,pakistan,draw_167
Female,2.350009630723556,3,60.59059,pakistan,draw_167
Male,2.160740186184718,3,60.59059,pakistan,draw_167
Female,2.700665373241584,2,60.7007,pakistan,draw_167
Male,2.5322099000655185,2,60.7007,pakistan,draw_167
Female,2.344002056648952,3,60.7007,pakistan,draw_167
Male,2.1559360179173033,3,60.7007,pakistan,draw_167
Female,2.6913744190587297,2,60.81081,pakistan,draw_167
Male,2.524596300333318,2,60.81081,pakistan,draw_167
Female,2.3380148467606445,3,60.81081,pakistan,draw_167
Male,2.1511464174102635,3,60.81081,pakistan,draw_167
Female,2.6821264323245693,2,60.92092,pakistan,draw_167
Male,2.517014501838058,2,60.92092,pakistan,draw_167
Female,2.3320485087703826,3,60.92092,pakistan,draw_167
Male,2.146371299417666,3,60.92092,pakistan,draw_167
Female,2.672920896498789,2,61.03103,pakistan,draw_167
Male,2.509463148649694,2,61.03103,pakistan,draw_167
Female,2.3261022099876922,3,61.03103,pakistan,draw_167
Male,2.1416107760089154,3,61.03103,pakistan,draw_167
Female,2.6637593218286666,2,61.14114,pakistan,draw_167
Male,2.5019427973900323,2,61.14114,pakistan,draw_167
Female,2.3201772935391065,3,61.14114,pakistan,draw_167
Male,2.136864643257867,3,61.14114,pakistan,draw_167
Female,2.6546405229528136,2,61.25125,pakistan,draw_167
Male,2.4944542614004126,2,61.25125,pakistan,draw_167
Female,2.3142726533998528,3,61.25125,pakistan,draw_167
Male,2.1321328157610484,3,61.25125,pakistan,draw_167
Female,2.645563377106967,2,61.36136,pakistan,draw_167
Male,2.486995590002595,2,61.36136,pakistan,draw_167
Female,2.3083876436933872,3,61.36136,pakistan,draw_167
Male,2.12741494213567,3,61.36136,pakistan,draw_167
Female,2.636528389297727,2,61.47147,pakistan,draw_167
Male,2.4795680332538024,2,61.47147,pakistan,draw_167
Female,2.302522477615621,3,61.47147,pakistan,draw_167
Male,2.1227112478450003,3,61.47147,pakistan,draw_167
Female,2.6275364366338674,2,61.58158,pakistan,draw_167
Male,2.4721719166676066,2,61.58158,pakistan,draw_167
Female,2.2966774517409947,3,61.58158,pakistan,draw_167
Male,2.118021925787955,3,61.58158,pakistan,draw_167
Female,2.6185857047111702,2,61.69169,pakistan,draw_167
Male,2.4648065460961455,2,61.69169,pakistan,draw_167
Female,2.2908520909170136,3,61.69169,pakistan,draw_167
Male,2.1133468883080098,3,61.69169,pakistan,draw_167
Female,2.6096772112241684,2,61.8018,pakistan,draw_167
Male,2.457471177979995,2,61.8018,pakistan,draw_167
Female,2.285046854072048,3,61.8018,pakistan,draw_167
Male,2.1086860551023827,3,61.8018,pakistan,draw_167
Female,2.6008099145946306,2,61.91191,pakistan,draw_167
Male,2.450165966447502,2,61.91191,pakistan,draw_167
Female,2.2792614703566616,3,61.91191,pakistan,draw_167
Male,2.104039738471731,3,61.91191,pakistan,draw_167
Female,2.591984251311978,2,62.02202,pakistan,draw_167
Male,2.4428914949337046,2,62.02202,pakistan,draw_167
Female,2.2734963382730244,3,62.02202,pakistan,draw_167
Male,2.0994077641575473,3,62.02202,pakistan,draw_167
Female,2.583198752183089,2,62.13213,pakistan,draw_167
Male,2.4356455679634834,2,62.13213,pakistan,draw_167
Female,2.2677506351549344,3,62.13213,pakistan,draw_167
Male,2.094789379840266,3,62.13213,pakistan,draw_167
Female,2.5744546619067594,2,62.24224,pakistan,draw_167
Male,2.4284302109569924,2,62.24224,pakistan,draw_167
Female,2.262024754833526,3,62.24224,pakistan,draw_167
Male,2.090185408847732,3,62.24224,pakistan,draw_167
Female,2.565751506412958,2,62.35235,pakistan,draw_167
Male,2.4212460969246847,2,62.35235,pakistan,draw_167
Female,2.256318255684364,3,62.35235,pakistan,draw_167
Male,2.085595967170163,3,62.35235,pakistan,draw_167
Female,2.557090300356445,2,62.46246,pakistan,draw_167
Male,2.414091572664076,2,62.46246,pakistan,draw_167
Female,2.2506318344771428,3,62.46246,pakistan,draw_167
Male,2.081020354102304,3,62.46246,pakistan,draw_167
Female,2.548471291057091,2,62.57257,pakistan,draw_167
Male,2.4069663416406515,2,62.57257,pakistan,draw_167
Female,2.2449653177360616,3,62.57257,pakistan,draw_167
Male,2.0764583099471574,3,62.57257,pakistan,draw_167
Female,2.5398920429628387,2,62.68268,pakistan,draw_167
Male,2.399870832775532,2,62.68268,pakistan,draw_167
Female,2.2393179994947525,3,62.68268,pakistan,draw_167
Male,2.07190988040527,3,62.68268,pakistan,draw_167
Female,2.5313540392378644,2,62.79279,pakistan,draw_167
Male,2.392804933926753,2,62.79279,pakistan,draw_167
Female,2.233690541911288,3,62.79279,pakistan,draw_167
Male,2.067375265566723,3,62.79279,pakistan,draw_167
Female,2.522857189735965,2,62.9029,pakistan,draw_167
Male,2.385769664747551,2,62.9029,pakistan,draw_167
Female,2.2280828464161293,3,62.9029,pakistan,draw_167
Male,2.0628551070874215,3,62.9029,pakistan,draw_167
Female,2.514401735140504,2,63.01301,pakistan,draw_167
Male,2.3787635203231794,2,63.01301,pakistan,draw_167
Female,2.2224947142846796,3,63.01301,pakistan,draw_167
Male,2.0583489807362514,3,63.01301,pakistan,draw_167
Female,2.505986524659056,2,63.12312,pakistan,draw_167
Male,2.371788375905483,2,63.12312,pakistan,draw_167
Female,2.2169260712525483,3,63.12312,pakistan,draw_167
Male,2.053857533442632,3,63.12312,pakistan,draw_167
Female,2.49761162400631,2,63.23323,pakistan,draw_167
Male,2.364841639149795,2,63.23323,pakistan,draw_167
Female,2.2113769641337004,3,63.23323,pakistan,draw_167
Male,2.049379836975393,3,63.23323,pakistan,draw_167
Female,2.489274708875585,2,63.34334,pakistan,draw_167
Male,2.3579259098445045,2,63.34334,pakistan,draw_167
Female,2.2058459645148822,3,63.34334,pakistan,draw_167
Male,2.0449167585610537,3,63.34334,pakistan,draw_167
Female,2.4809778408361605,2,63.45345,pakistan,draw_167
Male,2.3510383097810186,2,63.45345,pakistan,draw_167
Female,2.2003343774490247,3,63.45345,pakistan,draw_167
Male,2.0404668746880614,3,63.45345,pakistan,draw_167
Female,2.472721037797404,2,63.56356,pakistan,draw_167
Male,2.344180039315286,2,63.56356,pakistan,draw_167
Female,2.1948421133212155,3,63.56356,pakistan,draw_167
Male,2.0360305722726073,3,63.56356,pakistan,draw_167
Female,2.464503205474505,2,63.67367,pakistan,draw_167
Male,2.337350879774781,2,63.67367,pakistan,draw_167
Female,2.189369010401682,3,63.67367,pakistan,draw_167
Male,2.0316077754166844,3,63.67367,pakistan,draw_167
Female,2.4563239844780655,2,63.78378,pakistan,draw_167
Male,2.3305506992771665,2,63.78378,pakistan,draw_167
Female,2.1839146537290164,3,63.78378,pakistan,draw_167
Male,2.0271987778681546,3,63.78378,pakistan,draw_167
Female,2.448185023577808,2,63.89389,pakistan,draw_167
Male,2.3237781154856294,2,63.89389,pakistan,draw_167
Female,2.1784804059295393,3,63.89389,pakistan,draw_167
Male,2.0228032105262685,3,63.89389,pakistan,draw_167
Female,2.4400853632834862,2,64.004,pakistan,draw_167
Male,2.317034085881032,2,64.004,pakistan,draw_167
Female,2.173065194863751,3,64.004,pakistan,draw_167
Male,2.0184210393655606,3,64.004,pakistan,draw_167
Female,2.432024114972048,2,64.11411,pakistan,draw_167
Male,2.3103172376624035,2,64.11411,pakistan,draw_167
Female,2.1676688160621667,3,64.11411,pakistan,draw_167
Male,2.01405125888891,3,64.11411,pakistan,draw_167
Female,2.4240014826972187,2,64.22422,pakistan,draw_167
Male,2.3036290736857974,2,64.22422,pakistan,draw_167
Female,2.1622910816202467,3,64.22422,pakistan,draw_167
Male,2.009695012488599,3,64.22422,pakistan,draw_167
Female,2.416018133509885,2,64.33433,pakistan,draw_167
Male,2.2969683128591765,2,64.33433,pakistan,draw_167
Female,2.1569324598006343,3,64.33433,pakistan,draw_167
Male,2.005351886021598,3,64.33433,pakistan,draw_167
Female,2.4080740187434424,2,64.44444,pakistan,draw_167
Male,2.2903339598134385,2,64.44444,pakistan,draw_167
Female,2.1515927028639776,3,64.44444,pakistan,draw_167
Male,2.001021103142364,3,64.44444,pakistan,draw_167
Female,2.40016759480554,2,64.55455,pakistan,draw_167
Male,2.28372787294055,2,64.55455,pakistan,draw_167
Female,2.146271133771962,3,64.55455,pakistan,draw_167
Male,1.9967030947369706,3,64.55455,pakistan,draw_167
Female,2.392298693158549,2,64.66466,pakistan,draw_167
Male,2.2771486215221173,2,64.66466,pakistan,draw_167
Female,2.1409681370378593,3,64.66466,pakistan,draw_167
Male,1.9923981651176224,3,64.66466,pakistan,draw_167
Female,2.384466903194726,2,64.77477,pakistan,draw_167
Male,2.270559057060967,2,64.77477,pakistan,draw_167
Female,2.135683542154825,3,64.77477,pakistan,draw_167
Male,1.9880819684985418,3,64.77477,pakistan,draw_167
Female,2.3766720624652,2,64.88488,pakistan,draw_167
Male,2.263351936579392,2,64.88488,pakistan,draw_167
Female,2.130417197679706,3,64.88488,pakistan,draw_167
Male,1.9833495060383937,3,64.88488,pakistan,draw_167
Female,2.3689144354633336,2,64.99499,pakistan,draw_167
Male,2.2561775551817713,2,64.99499,pakistan,draw_167
Female,2.125168913722143,3,64.99499,pakistan,draw_167
Male,1.978633114708469,3,64.99499,pakistan,draw_167
Female,2.361192834408877,2,65.10511,pakistan,draw_167
Male,2.2490344624368994,2,65.10511,pakistan,draw_167
Female,2.1199381634079733,3,65.10511,pakistan,draw_167
Male,1.9739317044311169,3,65.10511,pakistan,draw_167
Female,2.353509036573459,2,65.21522,pakistan,draw_167
Male,2.2419249246169723,2,65.21522,pakistan,draw_167
Female,2.1147261301600033,3,65.21522,pakistan,draw_167
Male,1.9692463636929571,3,65.21522,pakistan,draw_167
Female,2.345859182912306,2,65.32533,pakistan,draw_167
Male,2.2348483919265867,2,65.32533,pakistan,draw_167
Female,2.1095311501790794,3,65.32533,pakistan,draw_167
Male,1.9645767798481126,3,65.32533,pakistan,draw_167
Female,2.338245181098041,2,65.43544,pakistan,draw_167
Male,2.2278048740615675,2,65.43544,pakistan,draw_167
Female,2.104354025572535,3,65.43544,pakistan,draw_167
Male,1.9599229409619934,3,65.43544,pakistan,draw_167
Female,2.3306675601784472,2,65.54555,pakistan,draw_167
Male,2.220793966670868,2,65.54555,pakistan,draw_167
Female,2.0991945709880966,3,65.54555,pakistan,draw_167
Male,1.955284661567841,3,65.54555,pakistan,draw_167
Female,2.323127398613258,2,65.65566,pakistan,draw_167
Male,2.2138161390094044,2,65.65566,pakistan,draw_167
Female,2.094053396224542,3,65.65566,pakistan,draw_167
Male,1.9506623675004178,3,65.65566,pakistan,draw_167
Female,2.3156225794272607,2,65.76577,pakistan,draw_167
Male,2.2068705729970817,2,65.76577,pakistan,draw_167
Female,2.0889293307059864,3,65.76577,pakistan,draw_167
Male,1.9460560163506688,3,65.76577,pakistan,draw_167
Female,2.3081539977144803,2,65.87588,pakistan,draw_167
Male,2.1999573069930145,2,65.87588,pakistan,draw_167
Female,2.0838234538244,3,65.87588,pakistan,draw_167
Male,1.9414653271465165,3,65.87588,pakistan,draw_167
Female,2.3007206446145942,2,65.98599,pakistan,draw_167
Male,2.1930761626215403,2,65.98599,pakistan,draw_167
Female,2.0787349400882706,3,65.98599,pakistan,draw_167
Male,1.936890161155989,3,65.98599,pakistan,draw_167
Female,2.29332461099004,2,66.0961,pakistan,draw_167
Male,2.1862263102038275,2,66.0961,pakistan,draw_167
Female,2.0736646696359124,3,66.0961,pakistan,draw_167
Male,1.932330606432988,3,66.0961,pakistan,draw_167
Female,2.2859633064289553,2,66.20621,pakistan,draw_167
Male,2.179408162125749,2,66.20621,pakistan,draw_167
Female,2.0686115330020325,3,66.20621,pakistan,draw_167
Male,1.927786326021223,3,66.20621,pakistan,draw_167
Female,2.2786371928071527,2,66.31632,pakistan,draw_167
Male,2.1726225379672988,2,66.31632,pakistan,draw_167
Female,2.063575986655345,3,66.31632,pakistan,draw_167
Male,1.9232574392803548,3,66.31632,pakistan,draw_167
Female,2.2713465886171385,2,66.42643,pakistan,draw_167
Male,2.1658663826628217,2,66.42643,pakistan,draw_167
Female,2.058557852264144,3,66.42643,pakistan,draw_167
Male,1.918742981259789,3,66.42643,pakistan,draw_167
Female,2.2640891183878207,2,66.53654,pakistan,draw_167
Male,2.159141718454081,2,66.53654,pakistan,draw_167
Female,2.0535565180840316,3,66.53654,pakistan,draw_167
Male,1.9142438578176555,3,66.53654,pakistan,draw_167
Female,2.256866635689627,2,66.64665,pakistan,draw_167
Male,2.152447347003826,2,66.64665,pakistan,draw_167
Female,2.048572352071622,3,66.64665,pakistan,draw_167
Male,1.909759486332666,3,66.64665,pakistan,draw_167
Female,2.249679552692554,2,66.75676,pakistan,draw_167
Male,2.145784585292387,2,66.75676,pakistan,draw_167
Female,2.0436056873722324,3,66.75676,pakistan,draw_167
Male,1.9052907716579743,3,66.75676,pakistan,draw_167
Female,2.242527811474326,2,66.86687,pakistan,draw_167
Male,2.1391516435126054,2,66.86687,pakistan,draw_167
Female,2.0386567629310623,3,66.86687,pakistan,draw_167
Male,1.9008367005826394,3,66.86687,pakistan,draw_167
Female,2.2354108098704795,2,66.97698,pakistan,draw_167
Male,2.1325494338613327,2,66.97698,pakistan,draw_167
Female,2.0337256840088704,3,66.97698,pakistan,draw_167
Male,1.89639772423371,3,66.97698,pakistan,draw_167
Female,2.2283289573349814,2,67.08709,pakistan,draw_167
Male,2.1259782895986086,2,67.08709,pakistan,draw_167
Female,2.0288122471837444,3,67.08709,pakistan,draw_167
Male,1.8919739130109392,3,67.08709,pakistan,draw_167
Female,2.221280749776089,2,67.1972,pakistan,draw_167
Male,2.119434514250042,2,67.1972,pakistan,draw_167
Female,2.0239154909758708,3,67.1972,pakistan,draw_167
Male,1.8875637121311388,3,67.1972,pakistan,draw_167
Female,2.214265769163472,2,67.30731,pakistan,draw_167
Male,2.1129209856933575,2,67.30731,pakistan,draw_167
Female,2.0190355310767343,3,67.30731,pakistan,draw_167
Male,1.8831687418150433,3,67.30731,pakistan,draw_167
Female,2.20728410181057,2,67.41742,pakistan,draw_167
Male,2.1064372391539647,2,67.41742,pakistan,draw_167
Female,2.014171826941803,3,67.41742,pakistan,draw_167
Male,1.878788743893617,3,67.41742,pakistan,draw_167
Female,2.200336751703014,2,67.52753,pakistan,draw_167
Male,2.0999831291531237,2,67.52753,pakistan,draw_167
Female,2.0093252610173518,3,67.52753,pakistan,draw_167
Male,1.8744228759802304,3,67.52753,pakistan,draw_167
Female,2.193422351325955,2,67.63764,pakistan,draw_167
Male,2.093559496321441,2,67.63764,pakistan,draw_167
Female,2.0044950737778118,3,67.63764,pakistan,draw_167
Male,1.8700712969490154,3,67.63764,pakistan,draw_167
Female,2.186393635507195,2,67.74775,pakistan,draw_167
Male,2.0871664056213244,2,67.74775,pakistan,draw_167
Female,1.999577879678988,3,67.74775,pakistan,draw_167
Male,1.8657341884908503,3,67.74775,pakistan,draw_167
Female,2.1789008290590335,2,67.85786,pakistan,draw_167
Male,2.080802911984832,2,67.85786,pakistan,draw_167
Female,1.9943272876678473,3,67.85786,pakistan,draw_167
Male,1.8614118008982392,3,67.85786,pakistan,draw_167
Female,2.171446544552149,2,67.96797,pakistan,draw_167
Male,2.0744693846564686,2,67.96797,pakistan,draw_167
Female,1.9890959822820764,3,67.96797,pakistan,draw_167
Male,1.8571041025099786,3,67.96797,pakistan,draw_167
Female,2.164031840149542,2,68.07808,pakistan,draw_167
Male,2.068165720393044,2,68.07808,pakistan,draw_167
Female,1.9838839635642083,3,68.07808,pakistan,draw_167
Male,1.8528111738012842,3,68.07808,pakistan,draw_167
Female,2.1566574328594337,2,68.18819,pakistan,draw_167
Male,2.0618902672443435,2,68.18819,pakistan,draw_167
Female,1.9786922671857827,3,68.18819,pakistan,draw_167
Male,1.848532184151629,3,68.18819,pakistan,draw_167
Female,2.1493209626746315,2,68.2983,pakistan,draw_167
Male,2.0556438852583048,2,68.2983,pakistan,draw_167
Female,1.9735204687703838,3,68.2983,pakistan,draw_167
Male,1.8442675781147804,3,68.2983,pakistan,draw_167
Female,2.142023037529636,2,68.40841,pakistan,draw_167
Male,2.049425414334942,2,68.40841,pakistan,draw_167
Female,1.9683682812299494,3,68.40841,pakistan,draw_167
Male,1.840016718000875,3,68.40841,pakistan,draw_167
Female,2.1347638617239983,2,68.51852,pakistan,draw_167
Male,2.0432357689082523,2,68.51852,pakistan,draw_167
Female,1.963235647019257,3,68.51852,pakistan,draw_167
Male,1.8357805377599792,3,68.51852,pakistan,draw_167
Female,2.1275430305257155,2,68.62863,pakistan,draw_167
Male,2.03707409872993,2,68.62863,pakistan,draw_167
Female,1.9581224107754094,3,68.62863,pakistan,draw_167
Male,1.8315584072308846,3,68.62863,pakistan,draw_167
Female,2.1203592664124735,2,68.73874,pakistan,draw_167
Male,2.030940596687762,2,68.73874,pakistan,draw_167
Female,1.9530278642119014,3,68.73874,pakistan,draw_167
Male,1.8273503711064643,3,68.73874,pakistan,draw_167
Female,2.113213726439697,2,68.84885,pakistan,draw_167
Male,2.024836253848575,2,68.84885,pakistan,draw_167
Female,1.9479524652677251,3,68.84885,pakistan,draw_167
Male,1.8231566890733553,3,68.84885,pakistan,draw_167
Female,2.106106667784722,2,68.95896,pakistan,draw_167
Male,2.0187610432378262,2,68.95896,pakistan,draw_167
Female,1.9428964315462727,3,68.95896,pakistan,draw_167
Male,1.8189775405572226,3,68.95896,pakistan,draw_167
Female,2.099035656673031,2,69.06907,pakistan,draw_167
Male,2.0127123738266706,2,69.06907,pakistan,draw_167
Female,1.937858747842957,3,69.06907,pakistan,draw_167
Male,1.8148116865315653,3,69.06907,pakistan,draw_167
Female,2.092002835365845,2,69.17918,pakistan,draw_167
Male,2.0066920844798046,2,69.17918,pakistan,draw_167
Female,1.9328404474494834,3,69.17918,pakistan,draw_167
Male,1.8106597305796572,3,69.17918,pakistan,draw_167
Female,2.085006873735298,2,69.28929,pakistan,draw_167
Male,2.0006997027406435,2,69.28929,pakistan,draw_167
Female,1.9278410956568963,3,69.28929,pakistan,draw_167
Male,1.8065214166952916,3,69.28929,pakistan,draw_167
Female,2.0780473818936547,2,69.3994,pakistan,draw_167
Male,1.994733613100028,2,69.3994,pakistan,draw_167
Female,1.9228609620616308,3,69.3994,pakistan,draw_167
Male,1.8023964682322575,3,69.3994,pakistan,draw_167
Female,2.0711245576090875,2,69.50951,pakistan,draw_167
Male,1.9887952544322094,2,69.50951,pakistan,draw_167
Female,1.9178995839103175,3,69.50951,pakistan,draw_167
Male,1.7982851534822408,3,69.50951,pakistan,draw_167
Female,2.0642375532854054,2,69.61962,pakistan,draw_167
Male,1.9828848255452378,2,69.61962,pakistan,draw_167
Female,1.9129571349606918,3,69.61962,pakistan,draw_167
Male,1.794188199734512,3,69.61962,pakistan,draw_167
Female,2.0573853986057533,2,69.72973,pakistan,draw_167
Male,1.9770014804531777,2,69.72973,pakistan,draw_167
Female,1.9080328507195177,3,69.72973,pakistan,draw_167
Male,1.7901054996668122,3,69.72973,pakistan,draw_167
Female,2.050567955856885,2,69.83984,pakistan,draw_167
Male,1.9711472034490471,2,69.83984,pakistan,draw_167
Female,1.9031264872390623,3,69.83984,pakistan,draw_167
Male,1.7860372434590093,3,69.83984,pakistan,draw_167
Female,2.0437851618855944,2,69.94995,pakistan,draw_167
Male,1.9653198697760759,2,69.94995,pakistan,draw_167
Female,1.8982381471681393,3,69.94995,pakistan,draw_167
Male,1.7819826459815582,3,69.94995,pakistan,draw_167
Female,2.037036550453019,2,70.06006,pakistan,draw_167
Male,1.9595197918597669,2,70.06006,pakistan,draw_167
Female,1.8933677135187568,3,70.06006,pakistan,draw_167
Male,1.7779418564352554,3,70.06006,pakistan,draw_167
Female,2.0303229956416686,2,70.17017,pakistan,draw_167
Male,1.9537455478298666,2,70.17017,pakistan,draw_167
Female,1.8885154902291708,3,70.17017,pakistan,draw_167
Male,1.7739141242328866,3,70.17017,pakistan,draw_167
Female,2.0236431965698083,2,70.28028,pakistan,draw_167
Male,1.9479977369558117,2,70.28028,pakistan,draw_167
Female,1.8836806217206559,3,70.28028,pakistan,draw_167
Male,1.7699000872430521,3,70.28028,pakistan,draw_167
Female,2.0169988116827073,2,70.39039,pakistan,draw_167
Male,1.9422758276990304,2,70.39039,pakistan,draw_167
Female,1.8788643246519172,3,70.39039,pakistan,draw_167
Male,1.7658993007297337,3,70.39039,pakistan,draw_167
Female,2.0103903590368595,2,70.5005,pakistan,draw_167
Male,1.9365814668665984,2,70.5005,pakistan,draw_167
Female,1.874066510885089,3,70.5005,pakistan,draw_167
Male,1.761912617439376,3,70.5005,pakistan,draw_167
Female,2.0038157822142155,2,70.61061,pakistan,draw_167
Male,1.9309132980203019,2,70.61061,pakistan,draw_167
Female,1.8692863725213422,3,70.61061,pakistan,draw_167
Male,1.7579392555717361,3,70.61061,pakistan,draw_167
Female,1.9972739622116304,2,70.72072,pakistan,draw_167
Male,1.9252714490950509,2,70.72072,pakistan,draw_167
Female,1.864523433197668,3,70.72072,pakistan,draw_167
Male,1.7539791515070227,3,70.72072,pakistan,draw_167
Female,1.9907675005688548,2,70.83083,pakistan,draw_167
Male,1.9196549361285389,2,70.83083,pakistan,draw_167
Female,1.8597786570145478,3,70.83083,pakistan,draw_167
Male,1.7500319855546893,3,70.83083,pakistan,draw_167
Female,1.984294966517549,2,70.94094,pakistan,draw_167
Male,1.9140648524824209,2,70.94094,pakistan,draw_167
Female,1.855051523400151,3,70.94094,pakistan,draw_167
Male,1.746098028312342,3,70.94094,pakistan,draw_167
Female,1.9778569305691767,2,71.05105,pakistan,draw_167
Male,1.9085012585639356,2,71.05105,pakistan,draw_167
Female,1.850342630208293,3,71.05105,pakistan,draw_167
Male,1.7421775426381692,3,71.05105,pakistan,draw_167
Female,1.9714536079176712,2,71.16116,pakistan,draw_167
Male,1.9029629554461973,2,71.16116,pakistan,draw_167
Female,1.8456520617787815,3,71.16116,pakistan,draw_167
Male,1.7382700704881628,3,71.16116,pakistan,draw_167
Female,1.96508377157782,2,71.27127,pakistan,draw_167
Male,1.8974502790031291,2,71.27127,pakistan,draw_167
Female,1.8409791552225372,3,71.27127,pakistan,draw_167
Male,1.734375639019289,3,71.27127,pakistan,draw_167
Female,1.9587469543518299,2,71.38138,pakistan,draw_167
Male,1.891962374291559,2,71.38138,pakistan,draw_167
Female,1.8363234623976465,3,71.38138,pakistan,draw_167
Male,1.7304938774934042,3,71.38138,pakistan,draw_167
Female,1.9524441097005707,2,71.49149,pakistan,draw_167
Male,1.8865007110535987,2,71.49149,pakistan,draw_167
Female,1.8316856144002944,3,71.49149,pakistan,draw_167
Male,1.726625334167906,3,71.49149,pakistan,draw_167
Female,1.9461733633470895,2,71.6016,pakistan,draw_167
Male,1.881063610891246,2,71.6016,pakistan,draw_167
Female,1.8270646210092931,3,71.6016,pakistan,draw_167
Male,1.72276892367824,3,71.6016,pakistan,draw_167
Female,1.9399355897626651,2,71.71171,pakistan,draw_167
Male,1.8756513380535118,2,71.71171,pakistan,draw_167
Female,1.8224609977996509,3,71.71171,pakistan,draw_167
Male,1.7189250292906832,3,71.71171,pakistan,draw_167
Female,1.9337306357238209,2,71.82182,pakistan,draw_167
Male,1.870263895293977,2,71.82182,pakistan,draw_167
Female,1.817874007941429,3,71.82182,pakistan,draw_167
Male,1.7150945335986223,3,71.82182,pakistan,draw_167
Female,1.9275570082845208,2,71.93193,pakistan,draw_167
Male,1.864900455835488,2,71.93193,pakistan,draw_167
Female,1.8133035828201316,3,71.93193,pakistan,draw_167
Male,1.711276652718309,3,71.93193,pakistan,draw_167
Female,1.9214145321151075,2,72.04204,pakistan,draw_167
Male,1.8595619774282812,2,72.04204,pakistan,draw_167
Female,1.8087494837674094,3,72.04204,pakistan,draw_167
Male,1.707471284870305,3,72.04204,pakistan,draw_167
Female,1.9153044325931192,2,72.15215,pakistan,draw_167
Male,1.8542468936874992,2,72.15215,pakistan,draw_167
Female,1.8042121345256736,3,72.15215,pakistan,draw_167
Male,1.7036776826658437,3,72.15215,pakistan,draw_167
Female,1.9092251593816567,2,72.26226,pakistan,draw_167
Male,1.8489559863707488,2,72.26226,pakistan,draw_167
Female,1.7996909617968309,3,72.26226,pakistan,draw_167
Male,1.6998967246212628,3,72.26226,pakistan,draw_167
Female,1.9031778696570865,2,72.37237,pakistan,draw_167
Male,1.8436908379141743,2,72.37237,pakistan,draw_167
Female,1.7951864874506718,3,72.37237,pakistan,draw_167
Male,1.6961290713918482,3,72.37237,pakistan,draw_167
Female,1.8971623902700718,2,72.48248,pakistan,draw_167
Male,1.8384476581747469,2,72.48248,pakistan,draw_167
Female,1.7906988832139177,3,72.48248,pakistan,draw_167
Male,1.6923729059861832,3,72.48248,pakistan,draw_167
Female,1.8911778169120803,2,72.59259,pakistan,draw_167
Male,1.8332284647389068,2,72.59259,pakistan,draw_167
Female,1.7862275939442662,3,72.59259,pakistan,draw_167
Male,1.6886288796106605,3,72.59259,pakistan,draw_167
Female,1.8852252956913338,2,72.7027,pakistan,draw_167
Male,1.8280323340255242,2,72.7027,pakistan,draw_167
Female,1.7817738044022202,3,72.7027,pakistan,draw_167
Male,1.6848969730954055,3,72.7027,pakistan,draw_167
Female,1.8793034271854128,2,72.81281,pakistan,draw_167
Male,1.8228613011610015,2,72.81281,pakistan,draw_167
Female,1.7773362273391529,3,72.81281,pakistan,draw_167
Male,1.6811781907328505,3,72.81281,pakistan,draw_167
Female,1.8734117714420644,2,72.92292,pakistan,draw_167
Male,1.8177131101960156,2,72.92292,pakistan,draw_167
Female,1.7729146609064137,3,72.92292,pakistan,draw_167
Male,1.6774715902844952,3,72.92292,pakistan,draw_167
Female,1.8675507651543144,2,73.03303,pakistan,draw_167
Male,1.8125878012338528,2,73.03303,pakistan,draw_167
Female,1.7685090892044324,3,73.03303,pakistan,draw_167
Male,1.6737774443846951,3,73.03303,pakistan,draw_167
Female,1.8617215990166456,2,73.14314,pakistan,draw_167
Male,1.807486357078658,2,73.14314,pakistan,draw_167
Female,1.764120281914388,3,73.14314,pakistan,draw_167
Male,1.6700956211502398,3,73.14314,pakistan,draw_167
Female,1.85592270065386,2,73.25325,pakistan,draw_167
Male,1.8024073039419821,2,73.25325,pakistan,draw_167
Female,1.7597476322820065,3,73.25325,pakistan,draw_167
Male,1.6664252146384242,3,73.25325,pakistan,draw_167
Female,1.8501522866513027,2,73.36336,pakistan,draw_167
Male,1.797352215709397,2,73.36336,pakistan,draw_167
Female,1.7553906495477811,3,73.36336,pakistan,draw_167
Male,1.6627671438067155,3,73.36336,pakistan,draw_167
Female,1.8444103569611596,2,73.47347,pakistan,draw_167
Male,1.7923187380561756,2,73.47347,pakistan,draw_167
Female,1.7510491675828073,3,73.47347,pakistan,draw_167
Male,1.659120659433857,3,73.47347,pakistan,draw_167
Female,1.8386985746824456,2,73.58358,pakistan,draw_167
Male,1.7873094063546815,2,73.58358,pakistan,draw_167
Female,1.7467240317617287,3,73.58358,pakistan,draw_167
Male,1.6554870626074714,3,73.58358,pakistan,draw_167
Female,1.8330162520300264,2,73.69369,pakistan,draw_167
Male,1.7823221397014963,2,73.69369,pakistan,draw_167
Female,1.7424154186915628,3,73.69369,pakistan,draw_167
Male,1.6518653098951819,3,73.69369,pakistan,draw_167
Female,1.8273636062974743,2,73.8038,pakistan,draw_167
Male,1.7773582972411406,2,73.8038,pakistan,draw_167
Female,1.7381230146967086,3,73.8038,pakistan,draw_167
Male,1.6482559610639165,3,73.8038,pakistan,draw_167
Female,1.8217400237407728,2,73.91391,pakistan,draw_167
Male,1.7724155980923086,2,73.91391,pakistan,draw_167
Female,1.7338464458444465,3,73.91391,pakistan,draw_167
Male,1.6446578458181509,3,73.91391,pakistan,draw_167
Female,1.816146074841471,2,74.02402,pakistan,draw_167
Male,1.7674970248473603,2,74.02402,pakistan,draw_167
Female,1.7295859157861888,3,74.02402,pakistan,draw_167
Male,1.6410722249386351,3,74.02402,pakistan,draw_167
Female,1.810580130609028,2,74.13413,pakistan,draw_167
Male,1.7626004320293323,2,74.13413,pakistan,draw_167
Female,1.725340620386204,3,74.13413,pakistan,draw_167
Male,1.637498203960141,3,74.13413,pakistan,draw_167
Female,1.8050424164009693,2,74.24424,pakistan,draw_167
Male,1.7577257692519093,2,74.24424,pakistan,draw_167
Female,1.721111088933615,3,74.24424,pakistan,draw_167
Male,1.6339355307831913,3,74.24424,pakistan,draw_167
Female,1.7995326937459541,2,74.35435,pakistan,draw_167
Male,1.7528742755050286,2,74.35435,pakistan,draw_167
Female,1.7168970484085857,3,74.35435,pakistan,draw_167
Male,1.6303848969659023,3,74.35435,pakistan,draw_167
Female,1.7940522982667397,2,74.46446,pakistan,draw_167
Male,1.7480447029115327,2,74.46446,pakistan,draw_167
Female,1.7126989501365297,3,74.46446,pakistan,draw_167
Male,1.6268457679343835,3,74.46446,pakistan,draw_167
Female,1.7886013632273783,2,74.57457,pakistan,draw_167
Male,1.7432372324796988,2,74.57457,pakistan,draw_167
Female,1.7085165572083496,3,74.57457,pakistan,draw_167
Male,1.6233180791776696,3,74.57457,pakistan,draw_167
Female,1.783178803549667,2,74.68468,pakistan,draw_167
Male,1.7384512427053715,2,74.68468,pakistan,draw_167
Female,1.7043492790422194,3,74.68468,pakistan,draw_167
Male,1.6198015241635042,3,74.68468,pakistan,draw_167
Female,1.7777845547125972,2,74.79479,pakistan,draw_167
Male,1.7336875867347374,2,74.79479,pakistan,draw_167
Female,1.7001974197259349,3,74.79479,pakistan,draw_167
Male,1.6162965514255208,3,74.79479,pakistan,draw_167
Female,1.7724170578990786,2,74.9049,pakistan,draw_167
Male,1.7289467443720203,2,74.9049,pakistan,draw_167
Female,1.6960604121217835,3,74.9049,pakistan,draw_167
Male,1.6128034320947797,3,74.9049,pakistan,draw_167
Female,1.7670772708066673,2,75.01502,pakistan,draw_167
Male,1.7242266060948173,2,75.01502,pakistan,draw_167
Female,1.6919386805293999,3,75.01502,pakistan,draw_167
Male,1.609321382034247,3,75.01502,pakistan,draw_167
Female,1.7617659455418273,2,75.12513,pakistan,draw_167
Male,1.7195286164237955,2,75.12513,pakistan,draw_167
Female,1.6878322736153564,3,75.12513,pakistan,draw_167
Male,1.605851440631625,3,75.12513,pakistan,draw_167
Female,1.7564831584915743,2,75.23524,pakistan,draw_167
Male,1.7148524313502285,2,75.23524,pakistan,draw_167
Female,1.6837411881115951,3,75.23524,pakistan,draw_167
Male,1.6023931305033017,3,75.23524,pakistan,draw_167
Female,1.7512268713602148,2,75.34535,pakistan,draw_167
Male,1.710197370301157,2,75.34535,pakistan,draw_167
Female,1.679664955062921,3,75.34535,pakistan,draw_167
Male,1.5989460385053818,3,75.34535,pakistan,draw_167
Female,1.7459985453512379,2,75.45546,pakistan,draw_167
Male,1.705564487848826,2,75.45546,pakistan,draw_167
Female,1.6756041306722693,3,75.45546,pakistan,draw_167
Male,1.5955106362215197,3,75.45546,pakistan,draw_167
Female,1.7407963843638334,2,75.56557,pakistan,draw_167
Male,1.7009526393506864,2,75.56557,pakistan,draw_167
Female,1.6715577334145644,3,75.56557,pakistan,draw_167
Male,1.5920864268379296,3,75.56557,pakistan,draw_167
Female,1.7356199672401569,2,75.67568,pakistan,draw_167
Male,1.6963625272074951,2,75.67568,pakistan,draw_167
Female,1.667525651980172,3,75.67568,pakistan,draw_167
Male,1.5886738579168747,3,75.67568,pakistan,draw_167
Female,1.7304701745545692,2,75.78579,pakistan,draw_167
Male,1.6917929796414548,2,75.78579,pakistan,draw_167
Female,1.663508083986956,3,75.78579,pakistan,draw_167
Male,1.585272523158725,3,75.78579,pakistan,draw_167
Female,1.7253450171364697,2,75.8959,pakistan,draw_167
Male,1.6872435050865107,2,75.8959,pakistan,draw_167
Female,1.6595042168801994,3,75.8959,pakistan,draw_167
Male,1.5818820182147755,3,75.8959,pakistan,draw_167
Female,1.7202456942655424,2,76.00601,pakistan,draw_167
Male,1.6827149687916434,2,76.00601,pakistan,draw_167
Female,1.6555152563115119,3,76.00601,pakistan,draw_167
Male,1.578502765183882,3,76.00601,pakistan,draw_167
Female,1.7151741239263953,2,76.11612,pakistan,draw_167
Male,1.678207554334413,2,76.11612,pakistan,draw_167
Female,1.6515419823367792,3,76.11612,pakistan,draw_167
Male,1.5751353120588603,3,76.11612,pakistan,draw_167
Female,1.710127944302505,2,76.22623,pakistan,draw_167
Male,1.673719840966199,2,76.22623,pakistan,draw_167
Female,1.6475826942677727,3,76.22623,pakistan,draw_167
Male,1.5717788644485524,3,76.22623,pakistan,draw_167
Female,1.7051072977536086,2,76.33634,pakistan,draw_167
Male,1.6692527984917391,2,76.33634,pakistan,draw_167
Female,1.6436374398268232,3,76.33634,pakistan,draw_167
Male,1.568433933520258,3,76.33634,pakistan,draw_167
Female,1.7001113566748791,2,76.44645,pakistan,draw_167
Male,1.6648063507000612,2,76.44645,pakistan,draw_167
Female,1.63970632289414,3,76.44645,pakistan,draw_167
Male,1.5651004295797335,3,76.44645,pakistan,draw_167
Female,1.6951415356444137,2,76.55656,pakistan,draw_167
Male,1.6603803527500547,2,76.55656,pakistan,draw_167
Female,1.6357894724145223,3,76.55656,pakistan,draw_167
Male,1.561777871355856,3,76.55656,pakistan,draw_167
Female,1.6901977460996955,2,76.66667,pakistan,draw_167
Male,1.6559754903068729,2,76.66667,pakistan,draw_167
Female,1.6318868435923233,3,76.66667,pakistan,draw_167
Male,1.558466765228868,3,76.66667,pakistan,draw_167
Female,1.6852797396859729,2,76.77678,pakistan,draw_167
Male,1.6515905310671266,2,76.77678,pakistan,draw_167
Female,1.6279988461777073,3,76.77678,pakistan,draw_167
Male,1.55516663426369,3,76.77678,pakistan,draw_167
Female,1.6803881836896402,2,76.88689,pakistan,draw_167
Male,1.6472266981264243,2,76.88689,pakistan,draw_167
Female,1.6241258112972605,3,76.88689,pakistan,draw_167
Male,1.551877675835662,3,76.88689,pakistan,draw_167
Female,1.6755218227299693,2,76.997,pakistan,draw_167
Male,1.6428840859025864,2,76.997,pakistan,draw_167
Female,1.6202667195636702,3,76.997,pakistan,draw_167
Male,1.548600068440162,3,76.997,pakistan,draw_167
Female,1.6706792439993716,2,77.10711,pakistan,draw_167
Male,1.6385610937403878,2,77.10711,pakistan,draw_167
Female,1.6164211482957578,3,77.10711,pakistan,draw_167
Male,1.5453331366130256,3,77.10711,pakistan,draw_167
Female,1.6658607943281858,2,77.21722,pakistan,draw_167
Male,1.6342581474526465,2,77.21722,pakistan,draw_167
Female,1.6125893678509935,3,77.21722,pakistan,draw_167
Male,1.5420769264497018,3,77.21722,pakistan,draw_167
Female,1.6610660781478719,2,77.32733,pakistan,draw_167
Male,1.6299754785143796,2,77.32733,pakistan,draw_167
Female,1.6087710249752627,3,77.32733,pakistan,draw_167
Male,1.5388317564369314,3,77.32733,pakistan,draw_167
Female,1.6562955570853528,2,77.43744,pakistan,draw_167
Male,1.6257120882196894,2,77.43744,pakistan,draw_167
Female,1.6049665891109703,3,77.43744,pakistan,draw_167
Male,1.5355973056976795,3,77.43744,pakistan,draw_167
Female,1.6515502857092048,2,77.54755,pakistan,draw_167
Male,1.6214673394964325,2,77.54755,pakistan,draw_167
Female,1.6011766887256862,3,77.54755,pakistan,draw_167
Male,1.5323731309000135,3,77.54755,pakistan,draw_167
Female,1.6468295307225684,2,77.65766,pakistan,draw_167
Male,1.6172425717819034,2,77.65766,pakistan,draw_167
Female,1.5974006148180149,3,77.65766,pakistan,draw_167
Male,1.5291598885427964,3,77.65766,pakistan,draw_167
Female,1.6421338709245605,2,77.76777,pakistan,draw_167
Male,1.6130377869131367,2,77.76777,pakistan,draw_167
Female,1.5936384536767054,3,77.76777,pakistan,draw_167
Male,1.525957540329329,3,77.76777,pakistan,draw_167
Female,1.6374637474889222,2,77.87788,pakistan,draw_167
Male,1.608851300857882,2,77.87788,pakistan,draw_167
Female,1.5898907018208381,3,77.87788,pakistan,draw_167
Male,1.5227656331148278,3,77.87788,pakistan,draw_167
Female,1.6328181654294314,2,77.98799,pakistan,draw_167
Male,1.6046828576130896,2,77.98799,pakistan,draw_167
Female,1.5861564180676566,3,77.98799,pakistan,draw_167
Male,1.5195840040456783,3,77.98799,pakistan,draw_167
Female,1.6281972434856615,2,78.0981,pakistan,draw_167
Male,1.6005345873201444,2,78.0981,pakistan,draw_167
Female,1.5824361539829488,3,78.0981,pakistan,draw_167
Male,1.516413533816388,3,78.0981,pakistan,draw_167
Female,1.6235990190410936,2,78.20821,pakistan,draw_167
Male,1.5964051763271203,2,78.20821,pakistan,draw_167
Female,1.578729002343009,3,78.20821,pakistan,draw_167
Male,1.5132536065521893,3,78.20821,pakistan,draw_167
Female,1.6190241354343022,2,78.31832,pakistan,draw_167
Male,1.5922945665815826,2,78.31832,pakistan,draw_167
Female,1.5750355236465985,3,78.31832,pakistan,draw_167
Male,1.510104038977349,3,78.31832,pakistan,draw_167
Female,1.614472529252317,2,78.42843,pakistan,draw_167
Male,1.5882020412605549,2,78.42843,pakistan,draw_167
Female,1.571355667676459,3,78.42843,pakistan,draw_167
Male,1.5069650084254318,3,78.42843,pakistan,draw_167
Female,1.6099449113454039,2,78.53854,pakistan,draw_167
Male,1.5841280188899265,2,78.53854,pakistan,draw_167
Female,1.5676890914300563,3,78.53854,pakistan,draw_167
Male,1.5038362347933545,3,78.53854,pakistan,draw_167
Female,1.6054404537950004,2,78.64865,pakistan,draw_167
Male,1.580071234859579,2,78.64865,pakistan,draw_167
Female,1.5640355061222762,3,78.64865,pakistan,draw_167
Male,1.5007171335314278,3,78.64865,pakistan,draw_167
Female,1.600959987327035,2,78.75876,pakistan,draw_167
Male,1.576033288119498,2,78.75876,pakistan,draw_167
Female,1.5603954731641467,3,78.75876,pakistan,draw_167
Male,1.497608265753458,3,78.75876,pakistan,draw_167
Female,1.5965023653160952,2,78.86887,pakistan,draw_167
Male,1.5720133972509436,2,78.86887,pakistan,draw_167
Female,1.5567685181501651,3,78.86887,pakistan,draw_167
Male,1.4945095131085895,3,78.86887,pakistan,draw_167
Female,1.5920686183509276,2,78.97898,pakistan,draw_167
Male,1.5680116431063986,2,78.97898,pakistan,draw_167
Female,1.5531552935061042,3,78.97898,pakistan,draw_167
Male,1.4914207557183523,3,78.97898,pakistan,draw_167
Female,1.5876586518468383,2,79.08909,pakistan,draw_167
Male,1.5640283455924495,2,79.08909,pakistan,draw_167
Female,1.5495556467295346,3,79.08909,pakistan,draw_167
Male,1.4883421472376916,3,79.08909,pakistan,draw_167
Female,1.5832704705030152,2,79.1992,pakistan,draw_167
Male,1.5600638744113822,2,79.1992,pakistan,draw_167
Female,1.5459686817941667,3,79.1992,pakistan,draw_167
Male,1.4852738617153223,3,79.1992,pakistan,draw_167
Female,1.5789058338579713,2,79.30931,pakistan,draw_167
Male,1.5561169369753614,2,79.30931,pakistan,draw_167
Female,1.5423949603963787,3,79.30931,pakistan,draw_167
Male,1.4822156534575244,3,79.30931,pakistan,draw_167
Female,1.5745637669332273,2,79.41942,pakistan,draw_167
Male,1.5521883222470663,2,79.41942,pakistan,draw_167
Female,1.5388340408987626,3,79.41942,pakistan,draw_167
Male,1.479167824774042,3,79.41942,pakistan,draw_167
Female,1.570244549117363,2,79.52953,pakistan,draw_167
Male,1.5482774044506358,2,79.52953,pakistan,draw_167
Female,1.5352863621185655,3,79.52953,pakistan,draw_167
Male,1.476130194082898,3,79.52953,pakistan,draw_167
Female,1.5659472173424758,2,79.63964,pakistan,draw_167
Male,1.5443839272234872,2,79.63964,pakistan,draw_167
Female,1.5317513485903553,3,79.63964,pakistan,draw_167
Male,1.4731025443957921,3,79.63964,pakistan,draw_167
Female,1.5616721667618807,2,79.74975,pakistan,draw_167
Male,1.5405092010138228,2,79.74975,pakistan,draw_167
Female,1.5282292760972793,3,79.74975,pakistan,draw_167
Male,1.4700853937791547,3,79.74975,pakistan,draw_167
Female,1.5574196532290776,2,79.85986,pakistan,draw_167
Male,1.5366523231844298,2,79.85986,pakistan,draw_167
Female,1.524720487841619,3,79.85986,pakistan,draw_167
Male,1.467078320624053,3,79.85986,pakistan,draw_167
Female,1.5531890632514478,2,79.96997,pakistan,draw_167
Male,1.5328115739686017,2,79.96997,pakistan,draw_167
Female,1.5212248217896445,3,79.96997,pakistan,draw_167
Male,1.4640802562904007,3,79.96997,pakistan,draw_167
Female,1.5489803764189811,2,80.08008,pakistan,draw_167
Male,1.5289883792965342,2,80.08008,pakistan,draw_167
Female,1.517741727566583,3,80.08008,pakistan,draw_167
Male,1.4610917057759825,3,80.08008,pakistan,draw_167
Female,1.5447937359377197,2,80.19019,pakistan,draw_167
Male,1.525183594567025,2,80.19019,pakistan,draw_167
Female,1.5142714876099426,3,80.19019,pakistan,draw_167
Male,1.4581133987487185,3,80.19019,pakistan,draw_167
Female,1.5406295328944628,2,80.3003,pakistan,draw_167
Male,1.521395533158059,2,80.3003,pakistan,draw_167
Female,1.5108140976176607,3,80.3003,pakistan,draw_167
Male,1.455144990881851,3,80.3003,pakistan,draw_167
Female,1.5364873571412392,2,80.41041,pakistan,draw_167
Male,1.5176228397465075,2,80.41041,pakistan,draw_167
Female,1.5073697581427932,3,80.41041,pakistan,draw_167
Male,1.4521851150450928,3,80.41041,pakistan,draw_167
Female,1.5323680372605957,2,80.52052,pakistan,draw_167
Male,1.513868858797388,2,80.52052,pakistan,draw_167
Female,1.5039390801617059,3,80.52052,pakistan,draw_167
Male,1.449235545113968,3,80.52052,pakistan,draw_167
Female,1.528269566079192,2,80.63063,pakistan,draw_167
Male,1.5101316983333462,2,80.63063,pakistan,draw_167
Female,1.5005206797775092,3,80.63063,pakistan,draw_167
Male,1.446295631373714,3,80.63063,pakistan,draw_167
Female,1.524192195689968,2,80.74074,pakistan,draw_167
Male,1.5064104090419903,2,80.74074,pakistan,draw_167
Female,1.4971147057243626,3,80.74074,pakistan,draw_167
Male,1.4433649531173076,3,80.74074,pakistan,draw_167
Female,1.5201364094370307,2,80.85085,pakistan,draw_167
Male,1.5027061148106813,2,80.85085,pakistan,draw_167
Female,1.4937218524675768,3,80.85085,pakistan,draw_167
Male,1.4404439424174593,3,80.85085,pakistan,draw_167
Female,1.5161008303949564,2,80.96096,pakistan,draw_167
Male,1.499019317472295,2,80.96096,pakistan,draw_167
Female,1.4903410377272168,3,80.96096,pakistan,draw_167
Male,1.437533165406416,3,80.96096,pakistan,draw_167
Female,1.5120855214876572,2,81.07107,pakistan,draw_167
Male,1.4953489624477847,2,81.07107,pakistan,draw_167
Female,1.486972121657023,3,81.07107,pakistan,draw_167
Male,1.4346316494686662,3,81.07107,pakistan,draw_167
Female,1.5080903686953047,2,81.18118,pakistan,draw_167
Male,1.4916959543072577,2,81.18118,pakistan,draw_167
Female,1.4836148469814503,3,81.18118,pakistan,draw_167
Male,1.4317398933269636,3,81.18118,pakistan,draw_167
Female,1.5041155538645248,2,81.29129,pakistan,draw_167
Male,1.4880599812257007,2,81.29129,pakistan,draw_167
Female,1.4802694443328737,3,81.29129,pakistan,draw_167
Male,1.4288577053715628,3,81.29129,pakistan,draw_167
Female,1.5001606446430509,2,81.4014,pakistan,draw_167
Male,1.4844396529455912,2,81.4014,pakistan,draw_167
Female,1.476935723663785,3,81.4014,pakistan,draw_167
Male,1.4259847299932886,3,81.4014,pakistan,draw_167
Female,1.496226005573022,2,81.51151,pakistan,draw_167
Male,1.480836080096156,2,81.51151,pakistan,draw_167
Female,1.473614197784706,3,81.51151,pakistan,draw_167
Male,1.4231213053765335,3,81.51151,pakistan,draw_167
Female,1.4923120814658781,2,81.62162,pakistan,draw_167
Male,1.4772488310695597,2,81.62162,pakistan,draw_167
Female,1.4703050626519691,3,81.62162,pakistan,draw_167
Male,1.4202672235880105,3,81.62162,pakistan,draw_167
Female,1.4884198318628221,2,81.73173,pakistan,draw_167
Male,1.4736774666267454,2,81.73173,pakistan,draw_167
Female,1.4670088493312519,3,81.73173,pakistan,draw_167
Male,1.4174225693280422,3,81.73173,pakistan,draw_167
Female,1.4845471922421092,2,81.84184,pakistan,draw_167
Male,1.4701221405396134,2,81.84184,pakistan,draw_167
Female,1.463724422649512,3,81.84184,pakistan,draw_167
Male,1.4145873417516335,3,81.84184,pakistan,draw_167
Female,1.4806952229669486,2,81.95195,pakistan,draw_167
Male,1.4665820607118578,2,81.95195,pakistan,draw_167
Female,1.460452663119294,3,81.95195,pakistan,draw_167
Male,1.4117612683323237,3,81.95195,pakistan,draw_167
Female,1.4768635039589322,2,82.06206,pakistan,draw_167
Male,1.4630591289490809,2,82.06206,pakistan,draw_167
Female,1.4571928719368414,3,82.06206,pakistan,draw_167
Male,1.408945231566885,3,82.06206,pakistan,draw_167
Female,1.473052241211949,2,82.17217,pakistan,draw_167
Male,1.4595518955313003,2,82.17217,pakistan,draw_167
Female,1.4539452239492545,3,82.17217,pakistan,draw_167
Male,1.4061384590108776,3,82.17217,pakistan,draw_167
Female,1.4692600343269946,2,82.28228,pakistan,draw_167
Male,1.456061170076131,2,82.28228,pakistan,draw_167
Female,1.450708601093731,3,82.28228,pakistan,draw_167
Male,1.4033415448686806,3,82.28228,pakistan,draw_167
Female,1.465488361893629,2,82.39239,pakistan,draw_167
Male,1.4525864122647427,2,82.39239,pakistan,draw_167
Female,1.4474841019562972,3,82.39239,pakistan,draw_167
Male,1.400554169696063,3,82.39239,pakistan,draw_167
Female,1.4617371382279782,2,82.5025,pakistan,draw_167
Male,1.4491273202919688,2,82.5025,pakistan,draw_167
Female,1.4442716181024435,3,82.5025,pakistan,draw_167
Male,1.3977763913112544,3,82.5025,pakistan,draw_167
Female,1.458006024037589,2,82.61261,pakistan,draw_167
Male,1.4456844912507452,2,82.61261,pakistan,draw_167
Female,1.4410707273195988,3,82.61261,pakistan,draw_167
Male,1.3950081438370254,3,82.61261,pakistan,draw_167
Female,1.454293674083297,2,82.72272,pakistan,draw_167
Male,1.4422572533533542,2,82.72272,pakistan,draw_167
Female,1.4378809542482498,3,82.72272,pakistan,draw_167
Male,1.3922490850396505,3,82.72272,pakistan,draw_167
Female,1.4506011866378918,2,82.83283,pakistan,draw_167
Male,1.4388450167922326,2,82.83283,pakistan,draw_167
Female,1.4347032493902072,3,82.83283,pakistan,draw_167
Male,1.389499285730023,3,82.83283,pakistan,draw_167
Female,1.4469279825200712,2,82.94294,pakistan,draw_167
Male,1.4354478652176266,2,82.94294,pakistan,draw_167
Female,1.431537453800089,3,82.94294,pakistan,draw_167
Male,1.3867586410960842,3,82.94294,pakistan,draw_167
Female,1.4432728817805416,2,83.05305,pakistan,draw_167
Male,1.4320662781001943,2,83.05305,pakistan,draw_167
Female,1.4283829162855042,3,83.05305,pakistan,draw_167
Male,1.3840273308985815,3,83.05305,pakistan,draw_167
Female,1.4396358271369487,2,83.16316,pakistan,draw_167
Male,1.428700118310296,2,83.16316,pakistan,draw_167
Female,1.4252392871357924,3,83.16316,pakistan,draw_167
Male,1.3813053712743244,3,83.16316,pakistan,draw_167
Female,1.4360181639189944,2,83.27327,pakistan,draw_167
Male,1.42534902673944,2,83.27327,pakistan,draw_167
Female,1.4221069729449614,3,83.27327,pakistan,draw_167
Male,1.3785925821938654,3,83.27327,pakistan,draw_167
Female,1.4324201948822666,2,83.38338,pakistan,draw_167
Male,1.4220135796804247,2,83.38338,pakistan,draw_167
Female,1.4189867053420135,3,83.38338,pakistan,draw_167
Male,1.375889171126457,3,83.38338,pakistan,draw_167
Female,1.428840194441967,2,83.49349,pakistan,draw_167
Male,1.418693234672783,2,83.49349,pakistan,draw_167
Female,1.4158775398787478,3,83.49349,pakistan,draw_167
Male,1.3731947815165972,3,83.49349,pakistan,draw_167
Female,1.4252790212135422,2,83.6036,pakistan,draw_167
Male,1.415388073098868,2,83.6036,pakistan,draw_167
Female,1.4127808782978941,3,83.6036,pakistan,draw_167
Male,1.3705095570315338,3,83.6036,pakistan,draw_167
Female,1.421736233238931,2,83.71371,pakistan,draw_167
Male,1.4120978404895514,2,83.71371,pakistan,draw_167
Female,1.4096960289702232,3,83.71371,pakistan,draw_167
Male,1.3678332936340647,3,83.71371,pakistan,draw_167
Female,1.4182117315557883,2,83.82382,pakistan,draw_167
Male,1.408822813316042,2,83.82382,pakistan,draw_167
Female,1.406622642202137,3,83.82382,pakistan,draw_167
Male,1.36516607015098,3,83.82382,pakistan,draw_167
Female,1.414704917169675,2,83.93393,pakistan,draw_167
Male,1.405562328984972,2,83.93393,pakistan,draw_167
Female,1.4035607947899467,3,83.93393,pakistan,draw_167
Male,1.362507521778598,3,83.93393,pakistan,draw_167
Female,1.4112161835949681,2,84.04404,pakistan,draw_167
Male,1.4023166799623978,2,84.04404,pakistan,draw_167
Female,1.4005106671224186,3,84.04404,pakistan,draw_167
Male,1.359857782598939,3,84.04404,pakistan,draw_167
Female,1.4077446335346808,2,84.15415,pakistan,draw_167
Male,1.3990858088312306,2,84.15415,pakistan,draw_167
Female,1.397471524500599,3,84.15415,pakistan,draw_167
Male,1.3572168938307492,3,84.15415,pakistan,draw_167
Female,1.4042911348135088,2,84.26426,pakistan,draw_167
Male,1.3958683115078563,2,84.26426,pakistan,draw_167
Female,1.3944440163823633,3,84.26426,pakistan,draw_167
Male,1.3545836957491737,3,84.26426,pakistan,draw_167
Female,1.400856051351741,2,84.37437,pakistan,draw_167
Male,1.3926661466433667,2,84.37437,pakistan,draw_167
Female,1.3914284177499123,3,84.37437,pakistan,draw_167
Male,1.3519596055167367,3,84.37437,pakistan,draw_167
Female,1.3974381769445403,2,84.48448,pakistan,draw_167
Male,1.3894776446145003,2,84.48448,pakistan,draw_167
Female,1.3884239791372797,3,84.48448,pakistan,draw_167
Male,1.3493436619113748,3,84.48448,pakistan,draw_167
Female,1.3940376786144413,2,84.59459,pakistan,draw_167
Male,1.3863039997447597,2,84.59459,pakistan,draw_167
Female,1.3854309795438298,3,84.59459,pakistan,draw_167
Male,1.3467368076980406,3,84.59459,pakistan,draw_167
Female,1.3906553980167475,2,84.7047,pakistan,draw_167
Male,1.3831450906697322,2,84.7047,pakistan,draw_167
Female,1.3824500797445094,3,84.7047,pakistan,draw_167
Male,1.3441391748758498,3,84.7047,pakistan,draw_167
Female,1.3872912641103023,2,84.81481,pakistan,draw_167
Male,1.3800000691464271,2,84.81481,pakistan,draw_167
Female,1.3794812903225449,3,84.81481,pakistan,draw_167
Male,1.341550404376171,3,84.81481,pakistan,draw_167
Female,1.383945854191348,2,84.92492,pakistan,draw_167
Male,1.3768697866740296,2,84.92492,pakistan,draw_167
Female,1.3765252463314526,3,84.92492,pakistan,draw_167
Male,1.338970843023456,3,84.92492,pakistan,draw_167
Female,1.3806175180921267,2,85.03504,pakistan,draw_167
Male,1.373753941421027,2,85.03504,pakistan,draw_167
Female,1.373580759513023,3,85.03504,pakistan,draw_167
Male,1.3364003754961957,3,85.03504,pakistan,draw_167
Female,1.3773083134601671,2,85.14515,pakistan,draw_167
Male,1.3706532740911157,2,85.14515,pakistan,draw_167
Female,1.370649413652539,3,85.14515,pakistan,draw_167
Male,1.3338396895367404,3,85.14515,pakistan,draw_167
Female,1.3740178229249005,2,85.25526,pakistan,draw_167
Male,1.3675689065474368,2,85.25526,pakistan,draw_167
Female,1.3677307627362252,3,85.25526,pakistan,draw_167
Male,1.3312893295995918,3,85.25526,pakistan,draw_167
Female,1.3707476917605044,2,85.36537,pakistan,draw_167
Male,1.364499654383701,2,85.36537,pakistan,draw_167
Female,1.364825775225162,3,85.36537,pakistan,draw_167
Male,1.3287488094760225,3,85.36537,pakistan,draw_167
Female,1.3674962336579475,2,85.47548,pakistan,draw_167
Male,1.361446897804019,2,85.47548,pakistan,draw_167
Female,1.3619330054942553,3,85.47548,pakistan,draw_167
Male,1.3262185558345876,3,85.47548,pakistan,draw_167
Female,1.3642626277257537,2,85.58559,pakistan,draw_167
Male,1.358407911477577,2,85.58559,pakistan,draw_167
Female,1.359052025387257,3,85.58559,pakistan,draw_167
Male,1.3236972554833142,3,85.58559,pakistan,draw_167
Female,1.3610464072012505,2,85.6957,pakistan,draw_167
Male,1.3553856032331675,2,85.6957,pakistan,draw_167
Female,1.3561827761006788,3,85.6957,pakistan,draw_167
Male,1.3211863990173887,3,85.6957,pakistan,draw_167
Female,1.3578493369960836,2,85.80581,pakistan,draw_167
Male,1.352379618940178,2,85.80581,pakistan,draw_167
Female,1.353326121652596,3,85.80581,pakistan,draw_167
Male,1.318685914643205,3,85.80581,pakistan,draw_167
Female,1.3546705607641683,2,85.91592,pakistan,draw_167
Male,1.3493884647696264,2,85.91592,pakistan,draw_167
Female,1.3504822320826584,3,85.91592,pakistan,draw_167
Male,1.3161952214589259,3,85.91592,pakistan,draw_167
Female,1.3515102785357935,2,86.02603,pakistan,draw_167
Male,1.346414130495958,2,86.02603,pakistan,draw_167
Female,1.3476514523140772,3,86.02603,pakistan,draw_167
Male,1.3137155614035751,3,86.02603,pakistan,draw_167
Female,1.348369028825282,2,86.13614,pakistan,draw_167
Male,1.3434561198711716,2,86.13614,pakistan,draw_167
Female,1.344833965202853,3,86.13614,pakistan,draw_167
Male,1.3112463928246114,3,86.13614,pakistan,draw_167
Female,1.3452462114606585,2,86.24625,pakistan,draw_167
Male,1.340513505217129,2,86.24625,pakistan,draw_167
Female,1.3420291393075303,3,86.24625,pakistan,draw_167
Male,1.308787179050649,3,86.24625,pakistan,draw_167
Female,1.3421431006607112,2,86.35636,pakistan,draw_167
Male,1.3375871993937158,2,86.35636,pakistan,draw_167
Female,1.3392381122729737,3,86.35636,pakistan,draw_167
Male,1.3063387885567597,3,86.35636,pakistan,draw_167
Female,1.3390590323200067,2,86.46647,pakistan,draw_167
Male,1.3346769421063636,2,86.46647,pakistan,draw_167
Female,1.3364604737310333,3,86.46647,pakistan,draw_167
Male,1.3039012235991203,3,86.46647,pakistan,draw_167
Female,1.3359935154820226,2,86.57658,pakistan,draw_167
Male,1.3317841083992878,2,86.57658,pakistan,draw_167
Female,1.3336961036145174,3,86.57658,pakistan,draw_167
Male,1.3014751709521908,3,86.57658,pakistan,draw_167
Female,1.332947958275205,2,86.68669,pakistan,draw_167
Male,1.3289085701150185,2,86.68669,pakistan,draw_167
Female,1.330946037120526,3,86.68669,pakistan,draw_167
Male,1.2990604770695116,3,86.68669,pakistan,draw_167
Female,1.329922137755759,2,86.7968,pakistan,draw_167
Male,1.3260498385572586,2,86.7968,pakistan,draw_167
Female,1.3282103893710628,3,86.7968,pakistan,draw_167
Male,1.2966572469066762,3,86.7968,pakistan,draw_167
Female,1.3269162511269956,2,86.90691,pakistan,draw_167
Male,1.3232073450148907,2,86.90691,pakistan,draw_167
Female,1.3254891372035447,3,86.90691,pakistan,draw_167
Male,1.2942649152832253,3,86.90691,pakistan,draw_167
Female,1.3239282839185078,2,87.01702,pakistan,draw_167
Male,1.32038225410307,2,87.01702,pakistan,draw_167
Female,1.322780645292815,3,87.01702,pakistan,draw_167
Male,1.2918843881458903,3,87.01702,pakistan,draw_167
Female,1.3209591950318738,2,87.12713,pakistan,draw_167
Male,1.3175727984820647,2,87.12713,pakistan,draw_167
Female,1.3200856491946684,3,87.12713,pakistan,draw_167
Male,1.2895148346973422,3,87.12713,pakistan,draw_167
Female,1.318008864884221,2,87.23724,pakistan,draw_167
Male,1.3147787043276908,2,87.23724,pakistan,draw_167
Female,1.317404172457375,3,87.23724,pakistan,draw_167
Male,1.2871557462474197,3,87.23724,pakistan,draw_167
Female,1.3150763641663168,2,87.34735,pakistan,draw_167
Male,1.312001309167961,2,87.34735,pakistan,draw_167
Female,1.314735636231953,3,87.34735,pakistan,draw_167
Male,1.2848078476336595,3,87.34735,pakistan,draw_167
Female,1.3121628728650285,2,87.45746,pakistan,draw_167
Male,1.3092403300046134,2,87.45746,pakistan,draw_167
Female,1.3120810328502002,3,87.45746,pakistan,draw_167
Male,1.2824711570868912,3,87.45746,pakistan,draw_167
Female,1.3092682275036676,2,87.56757,pakistan,draw_167
Male,1.3064960290439027,2,87.56757,pakistan,draw_167
Female,1.3094400699415165,3,87.56757,pakistan,draw_167
Male,1.280145891884331,3,87.56757,pakistan,draw_167
Female,1.3063919774539348,2,87.67768,pakistan,draw_167
Male,1.3037667020215709,2,87.67768,pakistan,draw_167
Female,1.3068122803335767,3,87.67768,pakistan,draw_167
Male,1.2778310579888683,3,87.67768,pakistan,draw_167
Female,1.3035342961217102,2,87.78779,pakistan,draw_167
Male,1.3010530937487141,2,87.78779,pakistan,draw_167
Female,1.3041977465382981,3,87.78779,pakistan,draw_167
Male,1.2755271415129088,3,87.78779,pakistan,draw_167
Female,1.300694230038037,2,87.8979,pakistan,draw_167
Male,1.2983556557430411,2,87.8979,pakistan,draw_167
Female,1.3015959024860009,3,87.8979,pakistan,draw_167
Male,1.2732342955680598,3,87.8979,pakistan,draw_167
Female,1.2978731760739537,2,88.00801,pakistan,draw_167
Male,1.2956734914466346,2,88.00801,pakistan,draw_167
Female,1.2990078278815687,3,88.00801,pakistan,draw_167
Male,1.2709522717964254,3,88.00801,pakistan,draw_167
Female,1.2950708352423155,2,88.11812,pakistan,draw_167
Male,1.2930068584233498,2,88.11812,pakistan,draw_167
Female,1.2964335755058707,3,88.11812,pakistan,draw_167
Male,1.2686812586296732,3,88.11812,pakistan,draw_167
Female,1.292287829318136,2,88.22823,pakistan,draw_167
Male,1.290357341046232,2,88.22823,pakistan,draw_167
Female,1.2938737546027042,3,88.22823,pakistan,draw_167
Male,1.266422202712238,3,88.22823,pakistan,draw_167
Female,1.2895233434828381,2,88.33834,pakistan,draw_167
Male,1.2877231090124457,2,88.33834,pakistan,draw_167
Female,1.2913280264506062,3,88.33834,pakistan,draw_167
Male,1.2641740256691334,3,88.33834,pakistan,draw_167
Female,1.286776879758445,2,88.44845,pakistan,draw_167
Male,1.2851051893786731,2,88.44845,pakistan,draw_167
Female,1.2887958164957052,3,88.44845,pakistan,draw_167
Male,1.2619372661413457,3,88.44845,pakistan,draw_167
Female,1.284049001069453,2,88.55856,pakistan,draw_167
Male,1.2825026470437701,2,88.55856,pakistan,draw_167
Female,1.2862776633651183,3,88.55856,pakistan,draw_167
Male,1.259711386439908,3,88.55856,pakistan,draw_167
Female,1.2813400363498613,2,88.66867,pakistan,draw_167
Male,1.2799171603767754,2,88.66867,pakistan,draw_167
Female,1.2837741988216806,3,88.66867,pakistan,draw_167
Male,1.2574975885462574,3,88.66867,pakistan,draw_167
Female,1.2786511666233615,2,88.77878,pakistan,draw_167
Male,1.277348660360726,2,88.77878,pakistan,draw_167
Female,1.2812860200497809,3,88.77878,pakistan,draw_167
Male,1.2552960138644635,3,88.77878,pakistan,draw_167
Female,1.2759835609516874,2,88.88889,pakistan,draw_167
Male,1.2748005699368075,2,88.88889,pakistan,draw_167
Female,1.2788145121848558,3,88.88889,pakistan,draw_167
Male,1.2531092264059114,3,88.88889,pakistan,draw_167
Female,1.273337472096203,2,88.999,pakistan,draw_167
Male,1.2722701033365056,2,88.999,pakistan,draw_167
Female,1.276359908879379,3,88.999,pakistan,draw_167
Male,1.250935643173978,3,88.999,pakistan,draw_167
Female,1.2707130906279336,2,89.10911,pakistan,draw_167
Male,1.2697600660310002,2,89.10911,pakistan,draw_167
Female,1.273922481335539,3,89.10911,pakistan,draw_167
Male,1.2487769324131257,3,89.10911,pakistan,draw_167
Female,1.2681113809458875,2,89.21922,pakistan,draw_167
Male,1.2672691122497002,2,89.21922,pakistan,draw_167
Female,1.2715031555375234,3,89.21922,pakistan,draw_167
Male,1.246632859675497,3,89.21922,pakistan,draw_167
Female,1.2655313427024482,2,89.32933,pakistan,draw_167
Male,1.2647971271742091,2,89.32933,pakistan,draw_167
Female,1.2691015402461665,3,89.32933,pakistan,draw_167
Male,1.2445032571228136,3,89.32933,pakistan,draw_167
Female,1.2629731726648854,2,89.43944,pakistan,draw_167
Male,1.2623461099975872,2,89.43944,pakistan,draw_167
Female,1.2667173347343015,3,89.43944,pakistan,draw_167
Male,1.2423892985043743,3,89.43944,pakistan,draw_167
Female,1.2604376460143523,2,89.54955,pakistan,draw_167
Male,1.2599147447182004,2,89.54955,pakistan,draw_167
Female,1.264351190675884,3,89.54955,pakistan,draw_167
Male,1.2402902617935117,3,89.54955,pakistan,draw_167
Female,1.257925642834515,2,89.65966,pakistan,draw_167
Male,1.2575043182490702,2,89.65966,pakistan,draw_167
Female,1.2620042494909247,3,89.65966,pakistan,draw_167
Male,1.238207265687442,3,89.65966,pakistan,draw_167
Female,1.2554357892070114,2,89.76977,pakistan,draw_167
Male,1.2551141120909577,2,89.76977,pakistan,draw_167
Female,1.2596750769801566,3,89.76977,pakistan,draw_167
Male,1.236139571432052,3,89.76977,pakistan,draw_167
Female,1.2529685879768173,2,89.87988,pakistan,draw_167
Male,1.2527440685330944,2,89.87988,pakistan,draw_167
Female,1.2573644563283,3,89.87988,pakistan,draw_167
Male,1.2340870682106126,3,89.87988,pakistan,draw_167
Female,1.2505233086659584,2,89.98999,pakistan,draw_167
Male,1.250393976312226,2,89.98999,pakistan,draw_167
Female,1.255071685438456,3,89.98999,pakistan,draw_167
Male,1.2320496638935736,3,89.98999,pakistan,draw_167
Female,1.2481003380988342,2,90.1001,pakistan,draw_167
Male,1.24806425754285,2,90.1001,pakistan,draw_167
Female,1.2527972416529134,3,90.1001,pakistan,draw_167
Male,1.2300277306546759,3,90.1001,pakistan,draw_167
Female,1.245699011741138,2,90.21021,pakistan,draw_167
Male,1.2457536766701967,2,90.21021,pakistan,draw_167
Female,1.2505406375342571,3,90.21021,pakistan,draw_167
Male,1.228020490785287,3,90.21021,pakistan,draw_167
Female,1.2433207199209126,2,90.32032,pakistan,draw_167
Male,1.2434657328557728,2,90.32032,pakistan,draw_167
Female,1.248303214068076,3,90.32032,pakistan,draw_167
Male,1.2260305934994307,3,90.32032,pakistan,draw_167
Female,1.240965431267947,2,90.43043,pakistan,draw_167
Male,1.2411968700068374,2,90.43043,pakistan,draw_167
Female,1.2460847344395463,3,90.43043,pakistan,draw_167
Male,1.2240557463065291,3,90.43043,pakistan,draw_167
Female,1.2386330279759858,2,90.54054,pakistan,draw_167
Male,1.238948984612012,2,90.54054,pakistan,draw_167
Female,1.243885153850699,3,90.54054,pakistan,draw_167
Male,1.2220970386312633,3,90.54054,pakistan,draw_167
Female,1.2363231329900772,2,90.65065,pakistan,draw_167
Male,1.2367207570328054,2,90.65065,pakistan,draw_167
Female,1.2417043549025053,3,90.65065,pakistan,draw_167
Male,1.2201537880163915,3,90.65065,pakistan,draw_167
Female,1.2340350423489512,2,90.76076,pakistan,draw_167
Male,1.2345130695504514,2,90.76076,pakistan,draw_167
Female,1.239542052590641,3,90.76076,pakistan,draw_167
Male,1.2182265833025003,3,90.76076,pakistan,draw_167
Female,1.2317697290426461,2,90.87087,pakistan,draw_167
Male,1.232325911851104,2,90.87087,pakistan,draw_167
Female,1.2373987937033615,3,90.87087,pakistan,draw_167
Male,1.2163151795003606,3,90.87087,pakistan,draw_167
Female,1.2295261891038123,2,90.98098,pakistan,draw_167
Male,1.2301602665400704,2,90.98098,pakistan,draw_167
Female,1.2352743269175273,3,90.98098,pakistan,draw_167
Male,1.2144204801902077,3,90.98098,pakistan,draw_167
Female,1.2273068238877813,2,91.09109,pakistan,draw_167
Male,1.2280156974221776,2,91.09109,pakistan,draw_167
Female,1.2331703977764361,3,91.09109,pakistan,draw_167
Male,1.2125427243884308,3,91.09109,pakistan,draw_167
Female,1.2251089173167202,2,91.2012,pakistan,draw_167
Male,1.2258915821939882,2,91.2012,pakistan,draw_167
Female,1.2310845699485005,3,91.2012,pakistan,draw_167
Male,1.2106809488621306,3,91.2012,pakistan,draw_167
Female,1.2229328114403988,2,91.31131,pakistan,draw_167
Male,1.2237863032579661,2,91.31131,pakistan,draw_167
Female,1.229017215705791,3,91.31131,pakistan,draw_167
Male,1.2088342532230765,3,91.31131,pakistan,draw_167
Female,1.220777442584276,2,91.42142,pakistan,draw_167
Male,1.221701252294464,2,91.42142,pakistan,draw_167
Female,1.2269675846623638,3,91.42142,pakistan,draw_167
Male,1.2070034694758238,3,91.42142,pakistan,draw_167
Female,1.2186438675217721,2,91.53153,pakistan,draw_167
Male,1.2196349336046048,2,91.53153,pakistan,draw_167
Female,1.2249361649179322,3,91.53153,pakistan,draw_167
Male,1.20518756864927,3,91.53153,pakistan,draw_167
Female,1.2165313655674121,2,91.64164,pakistan,draw_167
Male,1.2175877322645612,2,91.64164,pakistan,draw_167
Female,1.22292256954124,3,91.64164,pakistan,draw_167
Male,1.2033867760204522,3,91.64164,pakistan,draw_167
Female,1.2144418503099441,2,91.75175,pakistan,draw_167
Male,1.2155623547979972,2,91.75175,pakistan,draw_167
Female,1.2209287385383285,3,91.75175,pakistan,draw_167
Male,1.2016034856605662,3,91.75175,pakistan,draw_167
Female,1.212374644952057,2,91.86186,pakistan,draw_167
Male,1.2135565406917674,2,91.86186,pakistan,draw_167
Female,1.2189538362958556,3,91.86186,pakistan,draw_167
Male,1.1998358608975845,3,91.86186,pakistan,draw_167
Female,1.2103286059391904,2,91.97197,pakistan,draw_167
Male,1.2115695407322125,2,91.97197,pakistan,draw_167
Female,1.216996875247796,3,91.97197,pakistan,draw_167
Male,1.1980834881386047,3,91.97197,pakistan,draw_167
Female,1.2083038264233652,2,92.08208,pakistan,draw_167
Male,1.2096009329105648,2,92.08208,pakistan,draw_167
Female,1.2150577884790663,3,92.08208,pakistan,draw_167
Male,1.1963460881940227,3,92.08208,pakistan,draw_167
Female,1.206300045074083,2,92.19219,pakistan,draw_167
Male,1.2076520300436047,2,92.19219,pakistan,draw_167
Female,1.213136806561685,3,92.19219,pakistan,draw_167
Male,1.194624490094697,3,92.19219,pakistan,draw_167
Female,1.2043168076626103,2,92.3023,pakistan,draw_167
Male,1.2057216425654893,2,92.3023,pakistan,draw_167
Female,1.2112336502484988,3,92.3023,pakistan,draw_167
Male,1.1929179828940661,3,92.3023,pakistan,draw_167
Female,1.2023547148393767,2,92.41241,pakistan,draw_167
Male,1.2038100027125587,2,92.41241,pakistan,draw_167
Female,1.209349025752339,3,92.41241,pakistan,draw_167
Male,1.191227000738125,3,92.41241,pakistan,draw_167
Female,1.2004147273071966,2,92.52252,pakistan,draw_167
Male,1.201919348074436,2,92.52252,pakistan,draw_167
Female,1.2074838972035866,3,92.52252,pakistan,draw_167
Male,1.18955309011837,3,92.52252,pakistan,draw_167
Female,1.1984951442712806,2,92.63263,pakistan,draw_167
Male,1.2000471414919003,2,92.63263,pakistan,draw_167
Female,1.2056364527521672,3,92.63263,pakistan,draw_167
Male,1.1878941884122345,3,92.63263,pakistan,draw_167
Female,1.1965949709393489,2,92.74274,pakistan,draw_167
Male,1.1981925195935523,2,92.74274,pakistan,draw_167
Female,1.2038058620744172,3,92.74274,pakistan,draw_167
Male,1.1862498292193866,3,92.74274,pakistan,draw_167
Female,1.1947145947530324,2,92.85285,pakistan,draw_167
Male,1.1963556993796478,2,92.85285,pakistan,draw_167
Female,1.2019925838313912,3,92.85285,pakistan,draw_167
Male,1.1846202473992884,3,92.85285,pakistan,draw_167
Female,1.1928539848573614,2,92.96296,pakistan,draw_167
Male,1.1945370125071617,2,92.96296,pakistan,draw_167
Female,1.200196493762721,3,92.96296,pakistan,draw_167
Male,1.1830054852689351,3,92.96296,pakistan,draw_167
Female,1.1910126154621532,2,93.07307,pakistan,draw_167
Male,1.1927359356320357,2,93.07307,pakistan,draw_167
Female,1.1984172623661078,3,93.07307,pakistan,draw_167
Male,1.1814051571044017,3,93.07307,pakistan,draw_167
Female,1.189192855363434,2,93.18318,pakistan,draw_167
Male,1.1909546189173905,2,93.18318,pakistan,draw_167
Female,1.1966571591651984,3,93.18318,pakistan,draw_167
Male,1.1798214285998974,3,93.18318,pakistan,draw_167
Female,1.1873921903500935,2,93.29329,pakistan,draw_167
Male,1.1891909438395094,2,93.29329,pakistan,draw_167
Female,1.194913885181287,3,93.29329,pakistan,draw_167
Male,1.1782522783784481,3,93.29329,pakistan,draw_167
Female,1.1856103026674178,2,93.4034,pakistan,draw_167
Male,1.1874443505507857,2,93.4034,pakistan,draw_167
Female,1.1931870878834283,3,93.4034,pakistan,draw_167
Male,1.1766972864376672,3,93.4034,pakistan,draw_167
Female,1.1838471441494967,2,93.51351,pakistan,draw_167
Male,1.1857151267750006,2,93.51351,pakistan,draw_167
Female,1.1914766862622532,3,93.51351,pakistan,draw_167
Male,1.1751565533141464,3,93.51351,pakistan,draw_167
Female,1.182102102333482,2,93.62362,pakistan,draw_167
Male,1.1840020019844988,2,93.62362,pakistan,draw_167
Female,1.1897824384870932,3,93.62362,pakistan,draw_167
Male,1.1736293067137022,3,93.62362,pakistan,draw_167
Female,1.180375221168849,2,93.73373,pakistan,draw_167
Male,1.182306385938418,2,93.73373,pakistan,draw_167
Female,1.188104478208544,3,93.73373,pakistan,draw_167
Male,1.1721165204833792,3,93.73373,pakistan,draw_167
Female,1.1786676190750733,2,93.84384,pakistan,draw_167
Male,1.1806283394469606,2,93.84384,pakistan,draw_167
Female,1.1864439610950488,3,93.84384,pakistan,draw_167
Male,1.170618559992542,3,93.84384,pakistan,draw_167
Female,1.1769791495443072,2,93.95395,pakistan,draw_167
Male,1.178968454663082,2,93.95395,pakistan,draw_167
Female,1.1848007889202374,3,93.95395,pakistan,draw_167
Male,1.1691358559155904,3,93.95395,pakistan,draw_167
Female,1.1753085592273922,2,94.06406,pakistan,draw_167
Male,1.1773255988884475,2,94.06406,pakistan,draw_167
Female,1.1831736089586355,3,94.06406,pakistan,draw_167
Male,1.1676673264162238,3,94.06406,pakistan,draw_167
Female,1.1736549587363876,2,94.17417,pakistan,draw_167
Male,1.175698390985677,2,94.17417,pakistan,draw_167
Female,1.1815618601248623,3,94.17417,pakistan,draw_167
Male,1.1662121817181068,3,94.17417,pakistan,draw_167
Female,1.1720192718597384,2,94.28428,pakistan,draw_167
Male,1.174087850362707,2,94.28428,pakistan,draw_167
Female,1.1799662032989917,3,94.28428,pakistan,draw_167
Male,1.1647708364890916,3,94.28428,pakistan,draw_167
Female,1.1704013404966398,2,94.39439,pakistan,draw_167
Male,1.1724933465580025,2,94.39439,pakistan,draw_167
Female,1.1783865597942582,3,94.39439,pakistan,draw_167
Male,1.1633430074864348,3,94.39439,pakistan,draw_167
Female,1.1688006959139285,2,94.5045,pakistan,draw_167
Male,1.17091516802403,2,94.5045,pakistan,draw_167
Female,1.1768224790117583,3,94.5045,pakistan,draw_167
Male,1.161928960709347,3,94.5045,pakistan,draw_167
Female,1.1672199924979658,2,94.61461,pakistan,draw_167
Male,1.1693560876377949,2,94.61461,pakistan,draw_167
Female,1.1752766428113899,3,94.61461,pakistan,draw_167
Male,1.1605311918673131,3,94.61461,pakistan,draw_167
Female,1.1656560884486693,2,94.72472,pakistan,draw_167
Male,1.1678127204280038,2,94.72472,pakistan,draw_167
Female,1.1737462608954632,3,94.72472,pakistan,draw_167
Male,1.1591469219558943,3,94.72472,pakistan,draw_167
Female,1.1641102403726982,2,94.83483,pakistan,draw_167
Male,1.1662858413801394,2,94.83483,pakistan,draw_167
Female,1.1722321171871215,3,94.83483,pakistan,draw_167
Male,1.1577766245912602,3,94.83483,pakistan,draw_167
Female,1.1625813120176889,2,94.94494,pakistan,draw_167
Male,1.1647748328216716,2,94.94494,pakistan,draw_167
Female,1.1707333201736005,3,94.94494,pakistan,draw_167
Male,1.1564199229956948,3,94.94494,pakistan,draw_167
Female,1.1610699320178721,2,95.05506,pakistan,draw_167
Male,1.1632794013748593,2,95.05506,pakistan,draw_167
Female,1.169250407977275,3,95.05506,pakistan,draw_167
Male,1.1550765860432803,3,95.05506,pakistan,draw_167
Female,1.1595754465513592,2,95.16517,pakistan,draw_167
Male,1.1617999284822413,2,95.16517,pakistan,draw_167
Female,1.1677829637544719,3,95.16517,pakistan,draw_167
Male,1.1537469279855994,3,95.16517,pakistan,draw_167
Female,1.1580985205724486,2,95.27528,pakistan,draw_167
Male,1.1603372225271096,2,95.27528,pakistan,draw_167
Female,1.1663317329121774,3,95.27528,pakistan,draw_167
Male,1.1524317365784569,3,95.27528,pakistan,draw_167
Female,1.1566401895400908,2,95.38539,pakistan,draw_167
Male,1.1588916599237955,2,95.38539,pakistan,draw_167
Female,1.1648974451839555,3,95.38539,pakistan,draw_167
Male,1.151131274819679,3,95.38539,pakistan,draw_167
Female,1.1551986688581084,2,95.4955,pakistan,draw_167
Male,1.157461576353002,2,95.4955,pakistan,draw_167
Female,1.163478575735138,3,95.4955,pakistan,draw_167
Male,1.149844044239542,3,95.4955,pakistan,draw_167
Female,1.1537730573531528,2,95.60561,pakistan,draw_167
Male,1.1560470169500021,2,95.60561,pakistan,draw_167
Female,1.1620743545397092,3,95.60561,pakistan,draw_167
Male,1.148570121196065,3,95.60561,pakistan,draw_167
Female,1.1523637024038358,2,95.71572,pakistan,draw_167
Male,1.154646417860228,2,95.71572,pakistan,draw_167
Female,1.1606851785877865,3,95.71572,pakistan,draw_167
Male,1.1473086138843631,3,95.71572,pakistan,draw_167
Female,1.1509699280051668,2,95.82583,pakistan,draw_167
Male,1.1532614497626936,2,95.82583,pakistan,draw_167
Female,1.1593104132490701,3,95.82583,pakistan,draw_167
Male,1.1460604083445238,3,95.82583,pakistan,draw_167
Female,1.149592917049057,2,95.93594,pakistan,draw_167
Male,1.1518916451000787,2,95.93594,pakistan,draw_167
Female,1.1579510953960495,3,95.93594,pakistan,draw_167
Male,1.1448252209049925,3,95.93594,pakistan,draw_167
Female,1.14823315744044,2,96.04605,pakistan,draw_167
Male,1.1505391291838143,2,96.04605,pakistan,draw_167
Female,1.156608435961077,3,96.04605,pakistan,draw_167
Male,1.1436051468017159,3,96.04605,pakistan,draw_167
Female,1.1468894231511533,2,96.15616,pakistan,draw_167
Male,1.1492015286616184,2,96.15616,pakistan,draw_167
Female,1.1552806884348439,3,96.15616,pakistan,draw_167
Male,1.1423979759077527,3,96.15616,pakistan,draw_167
Female,1.1455603206504545,2,96.26627,pakistan,draw_167
Male,1.1478783456562214,2,96.26627,pakistan,draw_167
Female,1.1539669081687058,3,96.26627,pakistan,draw_167
Male,1.1412033411815201,3,96.26627,pakistan,draw_167
Female,1.1442469350734656,2,96.37638,pakistan,draw_167
Male,1.1465700706612276,2,96.37638,pakistan,draw_167
Female,1.1526677854956608,3,96.37638,pakistan,draw_167
Male,1.140021562406918,3,96.37638,pakistan,draw_167
Female,1.1429487672119354,2,96.48649,pakistan,draw_167
Male,1.1452753255270502,2,96.48649,pakistan,draw_167
Female,1.15138279842209,3,96.48649,pakistan,draw_167
Male,1.1388518664674845,3,96.48649,pakistan,draw_167
Female,1.1416655306472656,2,96.5966,pakistan,draw_167
Male,1.1439952941145992,2,96.5966,pakistan,draw_167
Female,1.1501117752691161,3,96.5966,pakistan,draw_167
Male,1.1376949258351619,3,96.5966,pakistan,draw_167
Female,1.1403984196565686,2,96.70671,pakistan,draw_167
Male,1.142730244950928,2,96.70671,pakistan,draw_167
Female,1.1488559370809484,3,96.70671,pakistan,draw_167
Male,1.136551267059551,3,96.70671,pakistan,draw_167
Female,1.139147172331234,2,96.81682,pakistan,draw_167
Male,1.141479639895524,2,96.81682,pakistan,draw_167
Female,1.1476151134275248,3,96.81682,pakistan,draw_167
Male,1.135420671377378,3,96.81682,pakistan,draw_167
Female,1.1379105923831052,2,96.92693,pakistan,draw_167
Male,1.140243817147333,2,96.92693,pakistan,draw_167
Female,1.1463881826064595,3,96.92693,pakistan,draw_167
Male,1.134302825192907,3,96.92693,pakistan,draw_167
Female,1.136688883538917,2,97.03704,pakistan,draw_167
Male,1.1390212028983584,2,97.03704,pakistan,draw_167
Female,1.1451752223304839,3,97.03704,pakistan,draw_167
Male,1.1331966893754046,3,97.03704,pakistan,draw_167
Female,1.1354811047591145,2,97.14715,pakistan,draw_167
Male,1.1378124649931478,2,97.14715,pakistan,draw_167
Female,1.1439755018852127,3,97.14715,pakistan,draw_167
Male,1.1321027104593344,3,97.14715,pakistan,draw_167
Female,1.1342881543497039,2,97.25726,pakistan,draw_167
Male,1.1366174655374541,2,97.25726,pakistan,draw_167
Female,1.142789702776726,3,97.25726,pakistan,draw_167
Male,1.1310208599772635,3,97.25726,pakistan,draw_167
Female,1.1331097068722051,2,97.36737,pakistan,draw_167
Male,1.1354359222045258,2,97.36737,pakistan,draw_167
Female,1.1416177102622094,3,97.36737,pakistan,draw_167
Male,1.1299509583909384,3,97.36737,pakistan,draw_167
Female,1.1319470781595895,2,97.47748,pakistan,draw_167
Male,1.1342705229155656,2,97.47748,pakistan,draw_167
Female,1.1404611142564565,3,97.47748,pakistan,draw_167
Male,1.1288953496398004,3,97.47748,pakistan,draw_167
Female,1.1307980993402986,2,97.58759,pakistan,draw_167
Male,1.133117753775823,2,97.58759,pakistan,draw_167
Female,1.1393176626943826,3,97.58759,pakistan,draw_167
Male,1.127851152265467,3,97.58759,pakistan,draw_167
Female,1.1296633936713047,2,97.6977,pakistan,draw_167
Male,1.1319784706403646,2,97.6977,pakistan,draw_167
Female,1.1381877572594696,3,97.6977,pakistan,draw_167
Male,1.1268187990300755,3,97.6977,pakistan,draw_167
Female,1.1285417137497282,2,97.80781,pakistan,draw_167
Male,1.1308527074948695,2,97.80781,pakistan,draw_167
Female,1.1370704189526746,3,97.80781,pakistan,draw_167
Male,1.1257982994602196,3,97.80781,pakistan,draw_167
Female,1.1274342442165828,2,97.91792,pakistan,draw_167
Male,1.1297394474171099,2,97.91792,pakistan,draw_167
Female,1.1359665186077956,3,97.91792,pakistan,draw_167
Male,1.1247890368390174,3,97.91792,pakistan,draw_167
Female,1.1263400809229243,2,98.02803,pakistan,draw_167
Male,1.1286393140551245,2,98.02803,pakistan,draw_167
Female,1.134875344605037,3,98.02803,pakistan,draw_167
Male,1.1237913804172095,3,98.02803,pakistan,draw_167
Female,1.125260884604602,2,98.13814,pakistan,draw_167
Male,1.1275531656120876,2,98.13814,pakistan,draw_167
Female,1.1337984845175848,3,98.13814,pakistan,draw_167
Male,1.122806235903935,3,98.13814,pakistan,draw_167
Female,1.1241959821055194,2,98.24825,pakistan,draw_167
Male,1.1264808589359008,2,98.24825,pakistan,draw_167
Female,1.1327354282686948,3,98.24825,pakistan,draw_167
Male,1.1218335279699576,3,98.24825,pakistan,draw_167
Female,1.1231439301793527,2,98.35836,pakistan,draw_167
Male,1.1254211045129476,2,98.35836,pakistan,draw_167
Female,1.131684815919421,3,98.35836,pakistan,draw_167
Male,1.1208721336203817,3,98.35836,pakistan,draw_167
Female,1.1221053152543445,2,98.46847,pakistan,draw_167
Male,1.1243735677152777,2,98.46847,pakistan,draw_167
Female,1.1306470559005006,3,98.46847,pakistan,draw_167
Male,1.119921899413753,3,98.46847,pakistan,draw_167
Female,1.1210791015328898,2,98.57858,pakistan,draw_167
Male,1.123338611980917,2,98.57858,pakistan,draw_167
Female,1.1296213788363019,3,98.57858,pakistan,draw_167
Male,1.1189830043276625,3,98.57858,pakistan,draw_167
Female,1.120066197890914,2,98.68869,pakistan,draw_167
Male,1.1223156725628913,2,98.68869,pakistan,draw_167
Female,1.1286084023188308,3,98.68869,pakistan,draw_167
Male,1.1180550197940915,3,98.68869,pakistan,draw_167
Female,1.1190657586944435,2,98.7988,pakistan,draw_167
Male,1.1213048738277684,2,98.7988,pakistan,draw_167
Female,1.127607576243409,3,98.7988,pakistan,draw_167
Male,1.1171381148799642,3,98.7988,pakistan,draw_167
Female,1.1180803025555672,2,98.90891,pakistan,draw_167
Male,1.1203082354724276,2,98.90891,pakistan,draw_167
Female,1.126621329344256,3,98.90891,pakistan,draw_167
Male,1.1162341770279425,3,98.90891,pakistan,draw_167
Female,1.1171073576346016,2,99.01902,pakistan,draw_167
Male,1.1193236190596205,2,99.01902,pakistan,draw_167
Female,1.1256473727981309,3,99.01902,pakistan,draw_167
Male,1.1153411876059816,3,99.01902,pakistan,draw_167
Female,1.1161466886922742,2,99.12913,pakistan,draw_167
Male,1.1183508740100767,2,99.12913,pakistan,draw_167
Female,1.124685371258366,3,99.12913,pakistan,draw_167
Male,1.1144590130093595,3,99.12913,pakistan,draw_167
Female,1.1151990025668082,2,99.23924,pakistan,draw_167
Male,1.1173892978110016,2,99.23924,pakistan,draw_167
Female,1.1237358585358346,3,99.23924,pakistan,draw_167
Male,1.1135871932901689,3,99.23924,pakistan,draw_167
Female,1.114263248346162,2,99.34935,pakistan,draw_167
Male,1.1164403361412756,2,99.34935,pakistan,draw_167
Female,1.122798018364867,3,99.34935,pakistan,draw_167
Male,1.1127265550280925,3,99.34935,pakistan,draw_167
Female,1.1133395346728683,2,99.45946,pakistan,draw_167
Male,1.1155022357818092,2,99.45946,pakistan,draw_167
Female,1.1218720271237923,3,99.45946,pakistan,draw_167
Male,1.1118760667625949,3,99.45946,pakistan,draw_167
Female,1.112429016889974,2,99.56957,pakistan,draw_167
Male,1.1145773932278098,2,99.56957,pakistan,draw_167
Female,1.120959065871038,3,99.56957,pakistan,draw_167
Male,1.1110376107248923,3,99.56957,pakistan,draw_167
Female,1.1115316217555977,2,99.67968,pakistan,draw_167
Male,1.1136643509454776,2,99.67968,pakistan,draw_167
Female,1.1200590343074084,3,99.67968,pakistan,draw_167
Male,1.1102101974811036,3,99.67968,pakistan,draw_167
Female,1.1106460105970455,2,99.78979,pakistan,draw_167
Male,1.1127635621103042,2,99.78979,pakistan,draw_167
Female,1.119170577840687,3,99.78979,pakistan,draw_167
Male,1.1093937580651991,3,99.78979,pakistan,draw_167
Female,1.1097724131219593,2,99.8999,pakistan,draw_167
Male,1.1118732869357832,2,99.8999,pakistan,draw_167
Female,1.1182939244586498,3,99.8999,pakistan,draw_167
Male,1.108587248264839,3,99.8999,pakistan,draw_167
Female,1.1089099433107565,2,100.01001,pakistan,draw_167
Male,1.1109943438471874,2,100.01001,pakistan,draw_167
Female,1.1174283410280197,3,100.01001,pakistan,draw_167
Male,1.1077911051544145,3,100.01001,pakistan,draw_167
Female,1.108059025956696,2,100.12012,pakistan,draw_167
Male,1.1101266323584253,2,100.12012,pakistan,draw_167
Female,1.1165741000000982,3,100.12012,pakistan,draw_167
Male,1.1070052354943927,3,100.12012,pakistan,draw_167
Female,1.1072196765965914,2,100.23023,pakistan,draw_167
Male,1.1092695097378737,2,100.23023,pakistan,draw_167
Female,1.1157312688361165,3,100.23023,pakistan,draw_167
Male,1.1062291802038164,3,100.23023,pakistan,draw_167
Female,1.106391118089715,2,100.34034,pakistan,draw_167
Male,1.1084231288613358,2,100.34034,pakistan,draw_167
Female,1.1148991581374001,3,100.34034,pakistan,draw_167
Male,1.1054629979146473,3,100.34034,pakistan,draw_167
Female,1.105571213739302,2,100.45045,pakistan,draw_167
Male,1.1075857339989506,2,100.45045,pakistan,draw_167
Female,1.114075607661055,3,100.45045,pakistan,draw_167
Male,1.1047048452552526,3,100.45045,pakistan,draw_167
Female,1.1047606221570125,2,100.56056,pakistan,draw_167
Male,1.1067567558972697,2,100.56056,pakistan,draw_167
Female,1.1132609795275223,3,100.56056,pakistan,draw_167
Male,1.1039542721781728,3,100.56056,pakistan,draw_167
Female,1.103958279662496,2,100.67067,pakistan,draw_167
Male,1.1059356457164682,2,100.67067,pakistan,draw_167
Female,1.112454454320132,3,100.67067,pakistan,draw_167
Male,1.1032109146441234,3,100.67067,pakistan,draw_167
Female,1.1031637399735794,2,100.78078,pakistan,draw_167
Male,1.1051227633461835,2,100.78078,pakistan,draw_167
Female,1.1116556016079508,3,100.78078,pakistan,draw_167
Male,1.1024748658567378,3,100.78078,pakistan,draw_167
Female,1.1023771952055512,2,100.89089,pakistan,draw_167
Male,1.1043176351271555,2,100.89089,pakistan,draw_167
Female,1.110864546618695,3,100.89089,pakistan,draw_167
Male,1.1017458030173441,3,100.89089,pakistan,draw_167
Female,1.1015997970623312,2,101.001,pakistan,draw_167
Male,1.1035206843736267,2,101.001,pakistan,draw_167
Female,1.1100823974399123,3,101.001,pakistan,draw_167
Male,1.101024284691602,3,101.001,pakistan,draw_167
Female,1.100829702071176,2,101.11111,pakistan,draw_167
Male,1.102731942547347,2,101.11111,pakistan,draw_167
Female,1.10930756748078,3,101.11111,pakistan,draw_167
Male,1.100310082483839,3,101.11111,pakistan,draw_167
Female,1.100067342664974,2,101.22122,pakistan,draw_167
Male,1.1019500222191623,2,101.22122,pakistan,draw_167
Female,1.108540211426775,3,101.22122,pakistan,draw_167
Male,1.099602165897965,3,101.22122,pakistan,draw_167
Female,1.0993124350233097,2,101.33133,pakistan,draw_167
Male,1.1011750413105061,2,101.33133,pakistan,draw_167
Female,1.1077801255670554,3,101.33133,pakistan,draw_167
Male,1.0989005276630086,3,101.33133,pakistan,draw_167
Female,1.098563686041388,2,101.44144,pakistan,draw_167
Male,1.1004063851836063,2,101.44144,pakistan,draw_167
Female,1.107026167080846,3,101.44144,pakistan,draw_167
Male,1.0982047436477458,3,101.44144,pakistan,draw_167
Female,1.0978222545135352,2,101.55155,pakistan,draw_167
Male,1.0996448012359223,2,101.55155,pakistan,draw_167
Female,1.1062790945889527,3,101.55155,pakistan,draw_167
Male,1.09751504728077,3,101.55155,pakistan,draw_167
Female,1.0970869407405612,2,101.66166,pakistan,draw_167
Male,1.098888770959127,2,101.66166,pakistan,draw_167
Female,1.1055380942087378,3,101.66166,pakistan,draw_167
Male,1.0968306137835708,3,101.66166,pakistan,draw_167
Female,1.0963588919088825,2,101.77177,pakistan,draw_167
Male,1.0981405934967463,2,101.77177,pakistan,draw_167
Female,1.1048042130510707,3,101.77177,pakistan,draw_167
Male,1.0961531415128096,3,101.77177,pakistan,draw_167
Female,1.0956374421574915,2,101.88188,pakistan,draw_167
Male,1.0973980244782342,2,101.88188,pakistan,draw_167
Female,1.1040767488560437,3,101.88188,pakistan,draw_167
Male,1.0954809745300231,3,101.88188,pakistan,draw_167
Female,1.0949225897468917,2,101.99199,pakistan,draw_167
Male,1.0966620856633107,2,101.99199,pakistan,draw_167
Female,1.1033556687023829,3,101.99199,pakistan,draw_167
Male,1.0948146495477682,3,101.99199,pakistan,draw_167
Female,1.0942133611270957,2,102.1021,pakistan,draw_167
Male,1.0959316765084548,2,102.1021,pakistan,draw_167
Female,1.10264011673816,3,102.1021,pakistan,draw_167
Male,1.0941533732414772,3,102.1021,pakistan,draw_167
Female,1.0935093366782582,2,102.21221,pakistan,draw_167
Male,1.0952063532783516,2,102.21221,pakistan,draw_167
Female,1.1019296235539875,3,102.21221,pakistan,draw_167
Male,1.0934966344780104,3,102.21221,pakistan,draw_167
Female,1.0928094734733815,2,102.32232,pakistan,draw_167
Male,1.0944851027845977,2,102.32232,pakistan,draw_167
Female,1.101223081321106,3,102.32232,pakistan,draw_167
Male,1.0928434359627361,3,102.32232,pakistan,draw_167
Female,1.0921142186533146,2,102.43243,pakistan,draw_167
Male,1.0937681775916808,2,102.43243,pakistan,draw_167
Female,1.1005208610313393,3,102.43243,pakistan,draw_167
Male,1.0921940639341423,3,102.43243,pakistan,draw_167
Female,1.091423464853159,2,102.54254,pakistan,draw_167
Male,1.0930562044644752,2,102.54254,pakistan,draw_167
Female,1.099822918653372,3,102.54254,pakistan,draw_167
Male,1.0915487935903598,3,102.54254,pakistan,draw_167
Female,1.0907368477435213,2,102.65265,pakistan,draw_167
Male,1.0923473503298056,2,102.65265,pakistan,draw_167
Female,1.0991288589578203,3,102.65265,pakistan,draw_167
Male,1.0909064945138902,3,102.65265,pakistan,draw_167
Female,1.0900542191881373,2,102.76276,pakistan,draw_167
Male,1.0916428004736332,2,102.76276,pakistan,draw_167
Female,1.0984384428144205,3,102.76276,pakistan,draw_167
Male,1.0902678736937812,3,102.76276,pakistan,draw_167
Female,1.0893762438974857,2,102.87287,pakistan,draw_167
Male,1.0909425246718103,2,102.87287,pakistan,draw_167
Female,1.0977522853392563,3,102.87287,pakistan,draw_167
Male,1.0896328782615232,3,102.87287,pakistan,draw_167
Female,1.0887018897090175,2,102.98298,pakistan,draw_167
Male,1.0902459431256075,2,102.98298,pakistan,draw_167
Female,1.0970696291354187,3,102.98298,pakistan,draw_167
Male,1.0890011968787126,3,102.98298,pakistan,draw_167
Female,1.088031745485974,2,103.09309,pakistan,draw_167
Male,1.0895532933596515,2,103.09309,pakistan,draw_167
Female,1.0963910147655958,3,103.09309,pakistan,draw_167
Male,1.0883729705851313,3,103.09309,pakistan,draw_167
Female,1.0873664634140896,2,103.2032,pakistan,draw_167
Male,1.0888650275990164,2,103.2032,pakistan,draw_167
Female,1.0957169870606507,3,103.2032,pakistan,draw_167
Male,1.0877486508678342,3,103.2032,pakistan,draw_167
Female,1.0867050099005096,2,103.31331,pakistan,draw_167
Male,1.088180691390491,2,103.31331,pakistan,draw_167
Female,1.095046653813787,3,103.31331,pakistan,draw_167
Male,1.0871278013494325,3,103.31331,pakistan,draw_167
Female,1.0860467913827814,2,103.42342,pakistan,draw_167
Male,1.0874994989091815,2,103.42342,pakistan,draw_167
Female,1.0943794786554157,3,103.42342,pakistan,draw_167
Male,1.0865097420693428,3,103.42342,pakistan,draw_167
Female,1.0853923292318681,2,103.53353,pakistan,draw_167
Male,1.086822084230824,2,103.53353,pakistan,draw_167
Female,1.0937156803390509,3,103.53353,pakistan,draw_167
Male,1.0858947263936582,3,103.53353,pakistan,draw_167
Female,1.084740291232252,2,103.64364,pakistan,draw_167
Male,1.086147103774849,2,103.64364,pakistan,draw_167
Female,1.0930541725201672,3,103.64364,pakistan,draw_167
Male,1.0852818679613407,3,103.64364,pakistan,draw_167
Female,1.0840916298515337,2,103.75375,pakistan,draw_167
Male,1.0854746683288976,2,103.75375,pakistan,draw_167
Female,1.0923956416092189,3,103.75375,pakistan,draw_167
Male,1.084671216528177,3,103.75375,pakistan,draw_167
Female,1.0834456984983083,2,103.86386,pakistan,draw_167
Male,1.0848060400427741,2,103.86386,pakistan,draw_167
Female,1.0917397033107767,3,103.86386,pakistan,draw_167
Male,1.0840636994760708,3,103.86386,pakistan,draw_167
Female,1.0828029940651682,2,103.97397,pakistan,draw_167
Male,1.0841402825338755,2,103.97397,pakistan,draw_167
Female,1.0910867226342427,3,103.97397,pakistan,draw_167
Male,1.083458644664738,3,103.97397,pakistan,draw_167
Female,1.0821631727509549,2,104.08408,pakistan,draw_167
Male,1.0834771310191773,2,104.08408,pakistan,draw_167
Female,1.0904364007029517,3,104.08408,pakistan,draw_167
Male,1.0828558492475076,3,104.08408,pakistan,draw_167
Female,1.08152655158851,2,104.19419,pakistan,draw_167
Male,1.0828166253351132,2,104.19419,pakistan,draw_167
Female,1.0897889708024198,3,104.19419,pakistan,draw_167
Male,1.0822553346322161,3,104.19419,pakistan,draw_167
Female,1.0808924051217048,2,104.3043,pakistan,draw_167
Male,1.082159655805464,2,104.3043,pakistan,draw_167
Female,1.0891439003854386,3,104.3043,pakistan,draw_167
Male,1.081657620651169,3,104.3043,pakistan,draw_167
Female,1.0802616723833947,2,104.41441,pakistan,draw_167
Male,1.0815046432055158,2,104.41441,pakistan,draw_167
Female,1.0885019299295238,3,104.41441,pakistan,draw_167
Male,1.0810617994958633,3,104.41441,pakistan,draw_167
Female,1.0796334351579828,2,104.52452,pakistan,draw_167
Male,1.0808532433294498,2,104.52452,pakistan,draw_167
Female,1.0878623565220518,3,104.52452,pakistan,draw_167
Male,1.0804688770406268,3,104.52452,pakistan,draw_167
Female,1.07900878436133,2,104.63463,pakistan,draw_167
Male,1.0802046765376014,2,104.63463,pakistan,draw_167
Female,1.0872260945999341,3,104.63463,pakistan,draw_167
Male,1.079878461694824,3,104.63463,pakistan,draw_167
Female,1.0783866114498553,2,104.74474,pakistan,draw_167
Male,1.0795586405790323,2,104.74474,pakistan,draw_167
Female,1.0865922069293756,3,104.74474,pakistan,draw_167
Male,1.0792902497846995,3,104.74474,pakistan,draw_167
Female,1.0777674119860488,2,104.85485,pakistan,draw_167
Male,1.0789157249999297,2,104.85485,pakistan,draw_167
Female,1.0859610686175747,3,104.85485,pakistan,draw_167
Male,1.0787045986719537,3,104.85485,pakistan,draw_167
Female,1.0771506717442474,2,104.96496,pakistan,draw_167
Male,1.0782757928251796,2,104.96496,pakistan,draw_167
Female,1.085332176587075,3,104.96496,pakistan,draw_167
Male,1.078121371590693,3,104.96496,pakistan,draw_167
Female,1.0765364459606874,2,105.07508,pakistan,draw_167
Male,1.07763726777319,2,105.07508,pakistan,draw_167
Female,1.0847054951583497,3,105.07508,pakistan,draw_167
Male,1.0775394405262533,3,105.07508,pakistan,draw_167
Female,1.0759242481689844,2,105.18519,pakistan,draw_167
Male,1.0770007705055997,2,105.18519,pakistan,draw_167
Female,1.084080575930758,3,105.18519,pakistan,draw_167
Male,1.0769590547562096,3,105.18519,pakistan,draw_167
Female,1.0753134389462264,2,105.2953,pakistan,draw_167
Male,1.0763658064239943,2,105.2953,pakistan,draw_167
Female,1.0834569030619863,3,105.2953,pakistan,draw_167
Male,1.0763799213154133,3,105.2953,pakistan,draw_167
Female,1.0747045591189295,2,105.40541,pakistan,draw_167
Male,1.0757331745366707,2,105.40541,pakistan,draw_167
Female,1.0828348542984858,3,105.40541,pakistan,draw_167
Male,1.0758024563993747,3,105.40541,pakistan,draw_167
Female,1.074097033605335,2,105.51552,pakistan,draw_167
Male,1.0751016302149214,2,105.51552,pakistan,draw_167
Female,1.082214013568108,3,105.51552,pakistan,draw_167
Male,1.0752259064292862,3,105.51552,pakistan,draw_167
Female,1.0734913324446502,2,105.62563,pakistan,draw_167
Male,1.0744717272973954,2,105.62563,pakistan,draw_167
Female,1.0815947082781476,3,105.62563,pakistan,draw_167
Male,1.0746505285811274,3,105.62563,pakistan,draw_167
Female,1.0728866485129334,2,105.73574,pakistan,draw_167
Male,1.073843457752653,2,105.73574,pakistan,draw_167
Female,1.0809761832358347,3,105.73574,pakistan,draw_167
Male,1.074076208924443,3,105.73574,pakistan,draw_167
Female,1.0722829373511935,2,105.84585,pakistan,draw_167
Male,1.0732156560303723,2,105.84585,pakistan,draw_167
Female,1.0803583444986364,3,105.84585,pakistan,draw_167
Male,1.073502216350676,3,105.84585,pakistan,draw_167
Female,1.0716809832843832,2,105.95596,pakistan,draw_167
Male,1.0725895484352064,2,105.95596,pakistan,draw_167
Female,1.0797418423066263,3,105.95596,pakistan,draw_167
Male,1.0729293342273685,3,105.95596,pakistan,draw_167
Female,1.0710798851108956,2,106.06607,pakistan,draw_167
Male,1.071964316624959,2,106.06607,pakistan,draw_167
Female,1.0791258951123606,3,106.06607,pakistan,draw_167
Male,1.072357002191096,3,106.06607,pakistan,draw_167
Female,1.0704796082481831,2,106.17618,pakistan,draw_167
Male,1.0713397913417928,2,106.17618,pakistan,draw_167
Female,1.0785104831004324,3,106.17618,pakistan,draw_167
Male,1.0717850909199758,3,106.17618,pakistan,draw_167
Female,1.0698806063491475,2,106.28629,pakistan,draw_167
Male,1.0707167790603687,2,106.28629,pakistan,draw_167
Female,1.0778960062054448,3,106.28629,pakistan,draw_167
Male,1.0712141212198152,3,106.28629,pakistan,draw_167
Female,1.069282564733562,2,106.3964,pakistan,draw_167
Male,1.0700950709904011,2,106.3964,pakistan,draw_167
Female,1.0772822282257477,3,106.3964,pakistan,draw_167
Male,1.0706439726834076,3,106.3964,pakistan,draw_167
Female,1.0686859381719327,2,106.50651,pakistan,draw_167
Male,1.069474206632982,2,106.50651,pakistan,draw_167
Female,1.0766694799427339,3,106.50651,pakistan,draw_167
Male,1.070074353949128,3,106.50651,pakistan,draw_167
Female,1.0680899707284455,2,106.61662,pakistan,draw_167
Male,1.06885454963019,2,106.61662,pakistan,draw_167
Female,1.0760571917063824,3,106.61662,pakistan,draw_167
Male,1.0695055055958271,3,106.61662,pakistan,draw_167
Female,1.0674954010023172,2,106.72673,pakistan,draw_167
Male,1.068236086693768,2,106.72673,pakistan,draw_167
Female,1.0754459918615946,3,106.72673,pakistan,draw_167
Male,1.068937405102565,3,106.72673,pakistan,draw_167
Female,1.0669014947905322,2,106.83684,pakistan,draw_167
Male,1.067618265983963,2,106.83684,pakistan,draw_167
Female,1.074835318163465,3,106.83684,pakistan,draw_167
Male,1.0683696900855189,3,106.83684,pakistan,draw_167
Female,1.0663090313441075,2,106.94695,pakistan,draw_167
Male,1.0670018442648728,2,106.94695,pakistan,draw_167
Female,1.0742257322792106,3,106.94695,pakistan,draw_167
Male,1.0678028339782442,3,106.94695,pakistan,draw_167
Female,1.065717261150904,2,107.05706,pakistan,draw_167
Male,1.0663866900146899,2,107.05706,pakistan,draw_167
Female,1.0736166328631644,3,107.05706,pakistan,draw_167
Male,1.0672367840009533,3,107.05706,pakistan,draw_167
Female,1.065126835527315,2,107.16717,pakistan,draw_167
Male,1.065771724357976,2,107.16717,pakistan,draw_167
Female,1.0730084834962348,3,107.16717,pakistan,draw_167
Male,1.0666708953185577,3,107.16717,pakistan,draw_167
Female,1.0645376422482107,2,107.27728,pakistan,draw_167
Male,1.065158651661649,2,107.27728,pakistan,draw_167
Female,1.0724012845168163,3,107.27728,pakistan,draw_167
Male,1.066106172710051,3,107.27728,pakistan,draw_167
Female,1.0639493160364282,2,107.38739,pakistan,draw_167
Male,1.064546554930072,2,107.38739,pakistan,draw_167
Female,1.071794718707731,3,107.38739,pakistan,draw_167
Male,1.0655420800055717,3,107.38739,pakistan,draw_167
Female,1.0633619919369302,2,107.4975,pakistan,draw_167
Male,1.06393506437857,2,107.4975,pakistan,draw_167
Female,1.0711889650612876,3,107.4975,pakistan,draw_167
Male,1.0649784098105008,3,107.4975,pakistan,draw_167
Female,1.0627755877385425,2,107.60761,pakistan,draw_167
Male,1.0633248989596966,2,107.60761,pakistan,draw_167
Female,1.0705838759770856,3,107.60761,pakistan,draw_167
Male,1.0644155792646826,3,107.60761,pakistan,draw_167
Female,1.0621905578225872,2,107.71772,pakistan,draw_167
Male,1.062715752201679,2,107.71772,pakistan,draw_167
Female,1.0699797582084947,3,107.71772,pakistan,draw_167
Male,1.0638534020454173,3,107.71772,pakistan,draw_167
Female,1.0616065188338746,2,107.82783,pakistan,draw_167
Male,1.0621079138215934,2,107.82783,pakistan,draw_167
Female,1.0693762805594207,3,107.82783,pakistan,draw_167
Male,1.0632920829799584,3,107.82783,pakistan,draw_167
Female,1.0610239881388375,2,107.93794,pakistan,draw_167
Male,1.0615011387889477,2,107.93794,pakistan,draw_167
Female,1.0687739526712023,3,107.93794,pakistan,draw_167
Male,1.062731454121216,3,107.93794,pakistan,draw_167
Female,1.0604426449104303,2,108.04805,pakistan,draw_167
Male,1.060895634575543,2,108.04805,pakistan,draw_167
Female,1.0681725092050387,3,108.04805,pakistan,draw_167
Male,1.0621716461536241,3,108.04805,pakistan,draw_167
Female,1.0598619498003188,2,108.15816,pakistan,draw_167
Male,1.0602900667652575,2,108.15816,pakistan,draw_167
Female,1.0675715121979958,3,108.15816,pakistan,draw_167
Male,1.0616118175278757,3,108.15816,pakistan,draw_167
Female,1.0592825530714987,2,108.26827,pakistan,draw_167
Male,1.0596865547487342,2,108.26827,pakistan,draw_167
Female,1.0669714009730376,3,108.26827,pakistan,draw_167
Male,1.0610532320379003,3,108.26827,pakistan,draw_167
Female,1.0587047568818182,2,108.37838,pakistan,draw_167
Male,1.0590837808638818,2,108.37838,pakistan,draw_167
Female,1.066372526373302,3,108.37838,pakistan,draw_167
Male,1.0604951482518556,3,108.37838,pakistan,draw_167
Female,1.0581278783013603,2,108.48849,pakistan,draw_167
Male,1.0584825145106476,2,108.48849,pakistan,draw_167
Female,1.0657743196217042,3,108.48849,pakistan,draw_167
Male,1.0599380290163098,3,108.48849,pakistan,draw_167
Female,1.057551919982118,2,108.5986,pakistan,draw_167
Male,1.057881518486569,2,108.5986,pakistan,draw_167
Female,1.0651768120658764,3,108.5986,pakistan,draw_167
Male,1.059381122463565,3,108.5986,pakistan,draw_167
Female,1.0569769284216606,2,108.70871,pakistan,draw_167
Male,1.0572817546445663,2,108.70871,pakistan,draw_167
Female,1.0645801208093508,3,108.70871,pakistan,draw_167
Male,1.0588250305680558,3,108.70871,pakistan,draw_167
Female,1.056402890032178,2,108.81882,pakistan,draw_167
Male,1.0566828486079851,2,108.81882,pakistan,draw_167
Female,1.0639841157159042,3,108.81882,pakistan,draw_167
Male,1.0582695418795185,3,108.81882,pakistan,draw_167
Female,1.0558301966516608,2,108.92893,pakistan,draw_167
Male,1.056085643184425,2,108.92893,pakistan,draw_167
Female,1.063389079479535,3,108.92893,pakistan,draw_167
Male,1.0577151458981329,3,108.92893,pakistan,draw_167
Female,1.0552584325109564,2,109.03904,pakistan,draw_167
Male,1.055488998582722,2,109.03904,pakistan,draw_167
Female,1.062794681544569,3,109.03904,pakistan,draw_167
Male,1.0571611712943476,3,109.03904,pakistan,draw_167
Female,1.0546882233998458,2,109.14915,pakistan,draw_167
Male,1.0548938145582902,2,109.14915,pakistan,draw_167
Female,1.0622014978861087,3,109.14915,pakistan,draw_167
Male,1.0566081509099483,3,109.14915,pakistan,draw_167
Female,1.0541184899965932,2,109.25926,pakistan,draw_167
Male,1.0542998071521097,2,109.25926,pakistan,draw_167
Female,1.0616085999871498,3,109.25926,pakistan,draw_167
Male,1.0560558939660556,3,109.25926,pakistan,draw_167
Female,1.053550298405138,2,109.36937,pakistan,draw_167
Male,1.053706270788598,2,109.36937,pakistan,draw_167
Female,1.0610168528585835,3,109.36937,pakistan,draw_167
Male,1.0555039667407853,3,109.36937,pakistan,draw_167
Female,1.052983410094029,2,109.47948,pakistan,draw_167
Male,1.0531139940051657,2,109.47948,pakistan,draw_167
Female,1.0604260222799464,3,109.47948,pakistan,draw_167
Male,1.054952864223389,3,109.47948,pakistan,draw_167
Female,1.0524174286428687,2,109.58959,pakistan,draw_167
Male,1.0525233669971215,2,109.58959,pakistan,draw_167
Female,1.059835857806871,3,109.58959,pakistan,draw_167
Male,1.0544027916929068,3,109.58959,pakistan,draw_167
Female,1.0518522921621791,2,109.6997,pakistan,draw_167
Male,1.0519333139635427,2,109.6997,pakistan,draw_167
Female,1.0592463141664301,3,109.6997,pakistan,draw_167
Male,1.0538531143580847,3,109.6997,pakistan,draw_167
Female,1.0512886247185216,2,109.80981,pakistan,draw_167
Male,1.0513440912120113,2,109.80981,pakistan,draw_167
Female,1.0586579050677993,3,109.80981,pakistan,draw_167
Male,1.0533039710014158,3,109.80981,pakistan,draw_167
Female,1.0507257202108948,2,109.91992,pakistan,draw_167
Male,1.0507562441425486,2,109.91992,pakistan,draw_167
Female,1.058070121142943,3,109.91992,pakistan,draw_167
Male,1.052755689519388,3,109.91992,pakistan,draw_167
Female,1.0501636206804963,2,110.03003,pakistan,draw_167
Male,1.05016943570686,2,110.03003,pakistan,draw_167
Female,1.0574829659188183,3,110.03003,pakistan,draw_167
Male,1.0522080933621591,3,110.03003,pakistan,draw_167
Female,1.0496031452231906,2,110.14014,pakistan,draw_167
Male,1.0495840652500572,2,110.14014,pakistan,draw_167
Female,1.056897063035482,3,110.14014,pakistan,draw_167
Male,1.0516614216146565,3,110.14014,pakistan,draw_167
Female,1.0490438634489032,2,110.25025,pakistan,draw_167
Male,1.0489993726610445,2,110.25025,pakistan,draw_167
Female,1.0563119871600082,3,110.25025,pakistan,draw_167
Male,1.051115239084872,3,110.25025,pakistan,draw_167
Female,1.048485515243758,2,110.36036,pakistan,draw_167
Male,1.0484158679463382,2,110.36036,pakistan,draw_167
Female,1.0557275854930506,3,110.36036,pakistan,draw_167
Male,1.0505698359546198,3,110.36036,pakistan,draw_167
Female,1.0479285589285554,2,110.47047,pakistan,draw_167
Male,1.0478337334056058,2,110.47047,pakistan,draw_167
Female,1.0551442701650244,3,110.47047,pakistan,draw_167
Male,1.0500253494901566,3,110.47047,pakistan,draw_167
Female,1.0473725713275095,2,110.58058,pakistan,draw_167
Male,1.0472526776418185,2,110.58058,pakistan,draw_167
Female,1.054561686888234,3,110.58058,pakistan,draw_167
Male,1.0494816114973187,3,110.58058,pakistan,draw_167
Female,1.0468182312839396,2,110.69069,pakistan,draw_167
Male,1.0466723654029146,2,110.69069,pakistan,draw_167
Female,1.0539803328395476,3,110.69069,pakistan,draw_167
Male,1.0489383864870672,3,110.69069,pakistan,draw_167
Female,1.0462643677142136,2,110.8008,pakistan,draw_167
Male,1.0460937500781118,2,110.8008,pakistan,draw_167
Female,1.0533992833004697,3,110.8008,pakistan,draw_167
Male,1.048396296649583,3,110.8008,pakistan,draw_167
Female,1.045712329322744,2,110.91091,pakistan,draw_167
Male,1.0455163737636826,2,110.91091,pakistan,draw_167
Female,1.0528196283382025,3,110.91091,pakistan,draw_167
Male,1.0478550234221602,3,110.91091,pakistan,draw_167
Female,1.0451613297692912,2,111.02102,pakistan,draw_167
Male,1.04493946034748,2,111.02102,pakistan,draw_167
Female,1.0522407730723777,3,111.02102,pakistan,draw_167
Male,1.047314120422312,3,111.02102,pakistan,draw_167
Female,1.0446110980410392,2,111.13113,pakistan,draw_167
Male,1.0443643511429386,2,111.13113,pakistan,draw_167
Female,1.0516625060353568,3,111.13113,pakistan,draw_167
Male,1.046774405463589,3,111.13113,pakistan,draw_167
Female,1.0440623784779257,2,111.24124,pakistan,draw_167
Male,1.0437904675666658,2,111.24124,pakistan,draw_167
Female,1.0510854684875568,3,111.24124,pakistan,draw_167
Male,1.0462355084845831,3,111.24124,pakistan,draw_167
Female,1.0435150387365473,2,111.35135,pakistan,draw_167
Male,1.0432175332925115,2,111.35135,pakistan,draw_167
Female,1.0505095323427092,3,111.35135,pakistan,draw_167
Male,1.0456972827688682,3,111.35135,pakistan,draw_167
Female,1.0429686565318252,2,111.46146,pakistan,draw_167
Male,1.0426460504318127,2,111.46146,pakistan,draw_167
Female,1.0499343378492518,3,111.46146,pakistan,draw_167
Male,1.045160046255904,3,111.46146,pakistan,draw_167
Female,1.042423090533205,2,111.57157,pakistan,draw_167
Male,1.0420751720702048,2,111.57157,pakistan,draw_167
Female,1.0493597445981317,3,111.57157,pakistan,draw_167
Male,1.044623262024647,3,111.57157,pakistan,draw_167
Female,1.0418792299622432,2,111.68168,pakistan,draw_167
Male,1.0415062534955908,2,111.68168,pakistan,draw_167
Female,1.0487864721341598,3,111.68168,pakistan,draw_167
Male,1.0440877682581868,3,111.68168,pakistan,draw_167
Female,1.0413360701209748,2,111.79179,pakistan,draw_167
Male,1.0409377913662117,2,111.79179,pakistan,draw_167
Female,1.0482137689859485,3,111.79179,pakistan,draw_167
Male,1.043552640597121,3,111.79179,pakistan,draw_167
Female,1.0407942523144633,2,111.9019,pakistan,draw_167
Male,1.0403713276282873,2,111.9019,pakistan,draw_167
Female,1.0476421540854488,3,111.9019,pakistan,draw_167
Male,1.0430188235200086,3,111.9019,pakistan,draw_167
Female,1.0402535804814335,2,112.01201,pakistan,draw_167
Male,1.039805700595866,2,112.01201,pakistan,draw_167
Female,1.0470714428544186,3,112.01201,pakistan,draw_167
Male,1.0424856015802202,3,112.01201,pakistan,draw_167
Female,1.0397141350777646,2,112.12212,pakistan,draw_167
Male,1.0392408559293762,2,112.12212,pakistan,draw_167
Female,1.0465016836253114,3,112.12212,pakistan,draw_167
Male,1.0419529491035233,3,112.12212,pakistan,draw_167
Female,1.0391760057567772,2,112.23223,pakistan,draw_167
Male,1.0386774299660861,2,112.23223,pakistan,draw_167
Female,1.0459329419734351,3,112.23223,pakistan,draw_167
Male,1.041421284377166,3,112.23223,pakistan,draw_167
Female,1.0386387965931174,2,112.34234,pakistan,draw_167
Male,1.0381156995008494,2,112.34234,pakistan,draw_167
Female,1.0453649206975577,3,112.34234,pakistan,draw_167
Male,1.0408907743656601,3,112.34234,pakistan,draw_167
Female,1.0381031252922865,2,112.45245,pakistan,draw_167
Male,1.037554734643842,2,112.45245,pakistan,draw_167
Female,1.0447981226268304,3,112.45245,pakistan,draw_167
Male,1.0403608495809926,3,112.45245,pakistan,draw_167
Female,1.0375679920744239,2,112.56256,pakistan,draw_167
Male,1.0369946695630294,2,112.56256,pakistan,draw_167
Female,1.0442317070182068,3,112.56256,pakistan,draw_167
Male,1.0398315788055053,3,112.56256,pakistan,draw_167
Female,1.0370344411401156,2,112.67267,pakistan,draw_167
Male,1.036436226570571,2,112.67267,pakistan,draw_167
Female,1.0436665850243296,3,112.67267,pakistan,draw_167
Male,1.0393034135216543,3,112.67267,pakistan,draw_167
Female,1.0365021628904076,2,112.78278,pakistan,draw_167
Male,1.0358788804409054,2,112.78278,pakistan,draw_167
Female,1.0431024631260668,3,112.78278,pakistan,draw_167
Male,1.038776062215599,3,112.78278,pakistan,draw_167
Female,1.0359709694677786,2,112.89289,pakistan,draw_167
Male,1.035322454961381,2,112.89289,pakistan,draw_167
Female,1.0425391658095553,3,112.89289,pakistan,draw_167
Male,1.0382493863930862,3,112.89289,pakistan,draw_167
Female,1.0354405250614926,2,113.003,pakistan,draw_167
Male,1.0347669605887997,2,113.003,pakistan,draw_167
Female,1.04197649857691,3,113.003,pakistan,draw_167
Male,1.0377233791736558,3,113.003,pakistan,draw_167
Female,1.0349116973141288,2,113.11311,pakistan,draw_167
Male,1.0342133614102091,2,113.11311,pakistan,draw_167
Female,1.041415180280425,3,113.11311,pakistan,draw_167
Male,1.0371986645245068,3,113.11311,pakistan,draw_167
Female,1.0343838950525912,2,113.22322,pakistan,draw_167
Male,1.033660435540073,2,113.22322,pakistan,draw_167
Female,1.0408546708389546,3,113.22322,pakistan,draw_167
Male,1.0366744675874193,3,113.22322,pakistan,draw_167
Female,1.0338573289606208,2,113.33333,pakistan,draw_167
Male,1.0331086941244736,2,113.33333,pakistan,draw_167
Female,1.0402951191797496,3,113.33333,pakistan,draw_167
Male,1.036151111135818,3,113.33333,pakistan,draw_167
Female,1.0333320370423538,2,113.44344,pakistan,draw_167
Male,1.0325583580115787,2,113.44344,pakistan,draw_167
Female,1.0397365709996975,3,113.44344,pakistan,draw_167
Male,1.0356287296495867,3,113.44344,pakistan,draw_167
Female,1.032808344973024,2,113.55355,pakistan,draw_167
Male,1.0320095311252646,2,113.55355,pakistan,draw_167
Female,1.03917929433836,3,113.55355,pakistan,draw_167
Male,1.035107418826556,3,113.55355,pakistan,draw_167
Female,1.0322857240617949,2,113.66366,pakistan,draw_167
Male,1.0314620510000676,2,113.66366,pakistan,draw_167
Female,1.038622877392631,3,113.66366,pakistan,draw_167
Male,1.0345871023635405,3,113.66366,pakistan,draw_167
Female,1.0317643231448135,2,113.77377,pakistan,draw_167
Male,1.0309154587456217,2,113.77377,pakistan,draw_167
Female,1.0380675122856406,3,113.77377,pakistan,draw_167
Male,1.0340675055333923,3,113.77377,pakistan,draw_167
Female,1.0312442896937224,2,113.88388,pakistan,draw_167
Male,1.0303708347184317,2,113.88388,pakistan,draw_167
Female,1.0375133174290487,3,113.88388,pakistan,draw_167
Male,1.0335492903026682,3,113.88388,pakistan,draw_167
Female,1.0307253337162119,2,113.99399,pakistan,draw_167
Male,1.0298271327576147,2,113.99399,pakistan,draw_167
Female,1.03695998039986,3,113.99399,pakistan,draw_167
Male,1.0330317911439395,3,113.99399,pakistan,draw_167
Female,1.0302079508000819,2,114.1041,pakistan,draw_167
Male,1.0292852043284135,2,114.1041,pakistan,draw_167
Female,1.036407935202451,3,114.1041,pakistan,draw_167
Male,1.032515567046115,3,114.1041,pakistan,draw_167
Female,1.0296921236918126,2,114.21421,pakistan,draw_167
Male,1.0287444424070233,2,114.21421,pakistan,draw_167
Female,1.0358571686763411,3,114.21421,pakistan,draw_167
Male,1.0320002358938292,3,114.21421,pakistan,draw_167
Female,1.0291777662851755,2,114.32432,pakistan,draw_167
Male,1.02820453494035,2,114.32432,pakistan,draw_167
Female,1.0353076004233892,3,114.32432,pakistan,draw_167
Male,1.031485568687873,3,114.32432,pakistan,draw_167
Female,1.0286645066468456,2,114.43443,pakistan,draw_167
Male,1.0276667033420557,2,114.43443,pakistan,draw_167
Female,1.0347590145064929,3,114.43443,pakistan,draw_167
Male,1.0309723453095232,3,114.43443,pakistan,draw_167
Female,1.0281525828998757,2,114.54454,pakistan,draw_167
Male,1.027130149958918,2,114.54454,pakistan,draw_167
Female,1.0342115667770109,3,114.54454,pakistan,draw_167
Male,1.0304600595862843,3,114.54454,pakistan,draw_167
Female,1.027642090554519,2,114.65465,pakistan,draw_167
Male,1.0265954880846837,2,114.65465,pakistan,draw_167
Female,1.0336653168906793,3,114.65465,pakistan,draw_167
Male,1.0299491240947887,3,114.65465,pakistan,draw_167
Female,1.027132518260121,2,114.76476,pakistan,draw_167
Male,1.0260617336678866,2,114.76476,pakistan,draw_167
Female,1.0331198234607832,3,114.76476,pakistan,draw_167
Male,1.0294389200363858,3,114.76476,pakistan,draw_167
Female,1.0266251139999554,2,114.87487,pakistan,draw_167
Male,1.0255291983101136,2,114.87487,pakistan,draw_167
Female,1.0325761132656859,3,114.87487,pakistan,draw_167
Male,1.0289296291788612,3,114.87487,pakistan,draw_167
Female,1.0261185508412454,2,114.98498,pakistan,draw_167
Male,1.0249985431328035,2,114.98498,pakistan,draw_167
Female,1.0320330840445628,3,114.98498,pakistan,draw_167
Male,1.0284216536967496,3,114.98498,pakistan,draw_167
Female,1.025613603607662,2,115.0951,pakistan,draw_167
Male,1.0244696001199867,2,115.0951,pakistan,draw_167
Female,1.0314914275256095,3,115.0951,pakistan,draw_167
Male,1.0279149007093773,3,115.0951,pakistan,draw_167
Female,1.0251099490137543,2,115.20521,pakistan,draw_167
Male,1.0239421347805275,2,115.20521,pakistan,draw_167
Female,1.0309509291488286,3,115.20521,pakistan,draw_167
Male,1.027409281019905,3,115.20521,pakistan,draw_167
Female,1.0246082212921033,2,115.31532,pakistan,draw_167
Male,1.0234159574657238,2,115.31532,pakistan,draw_167
Female,1.0304120358695148,3,115.31532,pakistan,draw_167
Male,1.0269046882476218,3,115.31532,pakistan,draw_167
Female,1.024107651414583,2,115.42543,pakistan,draw_167
Male,1.0228915553176448,2,115.42543,pakistan,draw_167
Female,1.029874105402304,3,115.42543,pakistan,draw_167
Male,1.0264013684891082,3,115.42543,pakistan,draw_167
Female,1.023608197909106,2,115.53554,pakistan,draw_167
Male,1.0223681209640645,2,115.53554,pakistan,draw_167
Female,1.0293371251561863,3,115.53554,pakistan,draw_167
Male,1.0258988197855405,3,115.53554,pakistan,draw_167
Female,1.023110820750608,2,115.64565,pakistan,draw_167
Male,1.021846583849676,2,115.64565,pakistan,draw_167
Female,1.0288018906098446,3,115.64565,pakistan,draw_167
Male,1.025397637236197,3,115.64565,pakistan,draw_167
Female,1.0226144017109537,2,115.75576,pakistan,draw_167
Male,1.0213268227279486,2,115.75576,pakistan,draw_167
Female,1.02826743497012,3,115.75576,pakistan,draw_167
Male,1.0248977284508254,3,115.75576,pakistan,draw_167
Female,1.0221193973315572,2,115.86587,pakistan,draw_167
Male,1.020808010710945,2,115.86587,pakistan,draw_167
Female,1.0277341562496873,3,115.86587,pakistan,draw_167
Male,1.0243985654696015,3,115.86587,pakistan,draw_167
Female,1.0216264393082988,2,115.97598,pakistan,draw_167
Male,1.0202909328693683,2,115.97598,pakistan,draw_167
Female,1.0272026291363625,3,115.97598,pakistan,draw_167
Male,1.0239007156853168,3,115.97598,pakistan,draw_167
Female,1.021134410964173,2,116.08609,pakistan,draw_167
Male,1.0197757764084043,2,116.08609,pakistan,draw_167
Female,1.0266719439799936,3,116.08609,pakistan,draw_167
Male,1.0234042712291596,3,116.08609,pakistan,draw_167
Female,1.0206443620860697,2,116.1962,pakistan,draw_167
Male,1.0192622023635023,2,116.1962,pakistan,draw_167
Female,1.0261430193737,3,116.1962,pakistan,draw_167
Male,1.0229090463160333,3,116.1962,pakistan,draw_167
Female,1.0201553801439274,2,116.30631,pakistan,draw_167
Male,1.018750177291261,2,116.30631,pakistan,draw_167
Female,1.0256150671397843,3,116.30631,pakistan,draw_167
Male,1.0224149970100698,3,116.30631,pakistan,draw_167
Female,1.0196682205519778,2,116.41642,pakistan,draw_167
Male,1.0182395430993008,2,116.41642,pakistan,draw_167
Female,1.025088640531278,3,116.41642,pakistan,draw_167
Male,1.021922056812803,3,116.41642,pakistan,draw_167
Female,1.0191830545009926,2,116.52653,pakistan,draw_167
Male,1.0177310554959154,2,116.52653,pakistan,draw_167
Female,1.0245638909488168,3,116.52653,pakistan,draw_167
Male,1.0214307101360107,3,116.52653,pakistan,draw_167
Female,1.0186989411232834,2,116.63664,pakistan,draw_167
Male,1.0172237988660393,2,116.63664,pakistan,draw_167
Female,1.0240400747226437,3,116.63664,pakistan,draw_167
Male,1.02094036348871,3,116.63664,pakistan,draw_167
Female,1.0182168766186828,2,116.74675,pakistan,draw_167
Male,1.016718028587567,2,116.74675,pakistan,draw_167
Female,1.0235180536817607,3,116.74675,pakistan,draw_167
Male,1.020451217336991,3,116.74675,pakistan,draw_167
Female,1.017736171275166,2,116.85686,pakistan,draw_167
Male,1.0162140993058344,2,116.85686,pakistan,draw_167
Female,1.0229972548307233,3,116.85686,pakistan,draw_167
Male,1.0199634494479377,3,116.85686,pakistan,draw_167
Female,1.0172568851624597,2,116.96697,pakistan,draw_167
Male,1.015711801302581,2,116.96697,pakistan,draw_167
Female,1.022477696174213,3,116.96697,pakistan,draw_167
Male,1.0194769180134162,3,116.96697,pakistan,draw_167
Female,1.016778868335804,2,117.07708,pakistan,draw_167
Male,1.0152108600558647,2,117.07708,pakistan,draw_167
Female,1.0219592687615469,3,117.07708,pakistan,draw_167
Male,1.0189914829869537,3,117.07708,pakistan,draw_167
Female,1.016303404072734,2,117.18719,pakistan,draw_167
Male,1.014711418732549,2,117.18719,pakistan,draw_167
Female,1.0214430267758372,3,117.18719,pakistan,draw_167
Male,1.0185072656517569,3,117.18719,pakistan,draw_167
Female,1.0158285056574257,2,117.2973,pakistan,draw_167
Male,1.0142139931603453,2,117.2973,pakistan,draw_167
Female,1.0209273029882682,3,117.2973,pakistan,draw_167
Male,1.0180245624549336,3,117.2973,pakistan,draw_167
Female,1.0153557922102645,2,117.40741,pakistan,draw_167
Male,1.0137174675099863,2,117.40741,pakistan,draw_167
Female,1.0204134789786492,3,117.40741,pakistan,draw_167
Male,1.017542662110619,3,117.40741,pakistan,draw_167
Female,1.0148841605253145,2,117.51752,pakistan,draw_167
Male,1.0132228618434713,2,117.51752,pakistan,draw_167
Female,1.0199006160530186,3,117.51752,pakistan,draw_167
Male,1.017062218700702,3,117.51752,pakistan,draw_167
Female,1.0144143002029955,2,117.62763,pakistan,draw_167
Male,1.0127296982447167,2,117.62763,pakistan,draw_167
Female,1.0193893239309701,3,117.62763,pakistan,draw_167
Male,1.0165829054430935,3,117.62763,pakistan,draw_167
Female,1.0139464800411806,2,117.73774,pakistan,draw_167
Male,1.0122381168790224,2,117.73774,pakistan,draw_167
Female,1.018879813273897,3,117.73774,pakistan,draw_167
Male,1.0161048158846016,3,117.73774,pakistan,draw_167
Female,1.0134796159972166,2,117.84785,pakistan,draw_167
Male,1.0117479135570797,2,117.84785,pakistan,draw_167
Female,1.0183711578119317,3,117.84785,pakistan,draw_167
Male,1.0156278101833172,3,117.84785,pakistan,draw_167
Female,1.0130146766583177,2,117.95796,pakistan,draw_167
Male,1.0112594267020223,2,117.95796,pakistan,draw_167
Female,1.0178642077195952,3,117.95796,pakistan,draw_167
Male,1.0151521049469474,3,117.95796,pakistan,draw_167
Female,1.0125509750202815,2,118.06807,pakistan,draw_167
Male,1.0107725205745552,2,118.06807,pakistan,draw_167
Female,1.0173583178472851,3,118.06807,pakistan,draw_167
Male,1.0146776136279818,3,118.06807,pakistan,draw_167
Female,1.012088695909299,2,118.17818,pakistan,draw_167
Male,1.010287502430935,2,118.17818,pakistan,draw_167
Female,1.016853785677886,3,118.17818,pakistan,draw_167
Male,1.0142045694356019,3,118.17818,pakistan,draw_167
Female,1.0116282323165513,2,118.28829,pakistan,draw_167
Male,1.0098035217591235,2,118.28829,pakistan,draw_167
Female,1.0163508841761755,3,118.28829,pakistan,draw_167
Male,1.0137324376231416,3,118.28829,pakistan,draw_167
Female,1.0111693008038292,2,118.3984,pakistan,draw_167
Male,1.0093222722054809,2,118.3984,pakistan,draw_167
Female,1.015849438923157,3,118.3984,pakistan,draw_167
Male,1.013262389825681,3,118.3984,pakistan,draw_167
Female,1.0107123337076267,2,118.50851,pakistan,draw_167
Male,1.0088425779172812,2,118.50851,pakistan,draw_167
Female,1.0153498847410274,3,118.50851,pakistan,draw_167
Male,1.0127937422854996,3,118.50851,pakistan,draw_167
Female,1.0102577101033778,2,118.61862,pakistan,draw_167
Male,1.0083650493967882,2,118.61862,pakistan,draw_167
Female,1.0148525279707397,3,118.61862,pakistan,draw_167
Male,1.0123269425992545,3,118.61862,pakistan,draw_167
Female,1.0098053611387001,2,118.72873,pakistan,draw_167
Male,1.0078897377828857,2,118.72873,pakistan,draw_167
Female,1.014357398703485,3,118.72873,pakistan,draw_167
Male,1.0118620981139463,3,118.72873,pakistan,draw_167
Female,1.0093555560740441,2,118.83884,pakistan,draw_167
Male,1.0074174565855252,2,118.83884,pakistan,draw_167
Female,1.0138648317163694,3,118.83884,pakistan,draw_167
Male,1.011399811785334,3,118.83884,pakistan,draw_167
Female,1.0089082523044575,2,118.94895,pakistan,draw_167
Male,1.0069473969723317,2,118.94895,pakistan,draw_167
Female,1.0133748171867263,3,118.94895,pakistan,draw_167
Male,1.0109397187854503,3,118.94895,pakistan,draw_167
Female,1.0084639688382298,2,119.05906,pakistan,draw_167
Male,1.0064814992503093,2,119.05906,pakistan,draw_167
Female,1.012887854515304,3,119.05906,pakistan,draw_167
Male,1.0104831180448939,3,119.05906,pakistan,draw_167
Female,1.0080234901285454,2,119.16917,pakistan,draw_167
Male,1.0060180418217957,2,119.16917,pakistan,draw_167
Female,1.0124046676061789,3,119.16917,pakistan,draw_167
Male,1.0100289513897558,3,119.16917,pakistan,draw_167
Female,1.007585616035709,2,119.27928,pakistan,draw_167
Male,1.005558655786786,2,119.27928,pakistan,draw_167
Female,1.011924271578953,3,119.27928,pakistan,draw_167
Male,1.0095783979888922,3,119.27928,pakistan,draw_167
Female,1.0071519422545623,2,119.38939,pakistan,draw_167
Male,1.0051026367641096,2,119.38939,pakistan,draw_167
Female,1.0114481447847898,3,119.38939,pakistan,draw_167
Male,1.0091311287866134,3,119.38939,pakistan,draw_167
Female,1.0067219173138595,2,119.4995,pakistan,draw_167
Male,1.0046511640357576,2,119.4995,pakistan,draw_167
Female,1.0109759044461601,3,119.4995,pakistan,draw_167
Male,1.0086880457532426,3,119.4995,pakistan,draw_167
Female,1.0062971656472746,2,119.60961,pakistan,draw_167
Male,1.0042044949535545,2,119.60961,pakistan,draw_167
Female,1.010509142535209,3,119.60961,pakistan,draw_167
Male,1.0082496012073583,3,119.60961,pakistan,draw_167
Female,1.0058763668542847,2,119.71972,pakistan,draw_167
Male,1.0037624706792045,2,119.71972,pakistan,draw_167
Female,1.0100466349491457,3,119.71972,pakistan,draw_167
Male,1.0078155108762354,3,119.71972,pakistan,draw_167
Female,1.0054606353473994,2,119.82983,pakistan,draw_167
Male,1.0033250693636506,2,119.82983,pakistan,draw_167
Female,1.0095893491500605,3,119.82983,pakistan,draw_167
Male,1.00738578720172,3,119.82983,pakistan,draw_167
Female,1.0050498701199955,2,119.93994,pakistan,draw_167
Male,1.0028927187031522,2,119.93994,pakistan,draw_167
Female,1.009137219203055,3,119.93994,pakistan,draw_167
Male,1.0069607989537155,3,119.93994,pakistan,draw_167
Female,1.0046442401570819,2,120.05005,pakistan,draw_167
Male,1.0024662028070115,2,120.05005,pakistan,draw_167
Female,1.008690497025212,3,120.05005,pakistan,draw_167
Male,1.0065412058949796,3,120.05005,pakistan,draw_167
Female,1.003393384540007,2,120.16016,pakistan,draw_167
Male,1.0009890928987473,2,120.16016,pakistan,draw_167
Female,1.0073695070084625,3,120.16016,pakistan,draw_167
Male,1.0051674842706027,3,120.16016,pakistan,draw_167
Female,1.0021681287819575,2,120.27027,pakistan,draw_167
Male,0.9995424587269255,2,120.27027,pakistan,draw_167
Female,1.0060727611831115,3,120.27027,pakistan,draw_167
Male,1.0038191533567866,3,120.27027,pakistan,draw_167
Female,1.000968973773393,2,120.38038,pakistan,draw_167
Male,0.998126571175464,2,120.38038,pakistan,draw_167
Female,1.0048008304991636,3,120.38038,pakistan,draw_167
Male,1.0024963011504295,3,120.38038,pakistan,draw_167
Female,0.9997966203203464,2,120.49049,pakistan,draw_167
Male,0.9967431777868978,2,120.49049,pakistan,draw_167
Female,1.003554784323359,3,120.49049,pakistan,draw_167
Male,1.0012006567151408,3,120.49049,pakistan,draw_167
Female,0.9986535105564238,2,120.6006,pakistan,draw_167
Male,0.9953944944913401,2,120.6006,pakistan,draw_167
Female,1.0023371032958333,3,120.6006,pakistan,draw_167
Male,0.9999338904709258,3,120.6006,pakistan,draw_167
Female,0.997540140123057,2,120.71071,pakistan,draw_167
Male,0.9940811894123832,2,120.71071,pakistan,draw_167
Female,1.0011480688578556,3,120.71071,pakistan,draw_167
Male,0.9986966882471208,3,120.71071,pakistan,draw_167
Female,0.9964603809211305,2,120.82082,pakistan,draw_167
Male,0.9928080152040315,2,120.82082,pakistan,draw_167
Female,0.999991217348342,3,120.82082,pakistan,draw_167
Male,0.9974922278493206,3,120.82082,pakistan,draw_167
Female,0.9954155515271093,2,120.93093,pakistan,draw_167
Male,0.9915762074037375,2,120.93093,pakistan,draw_167
Female,0.9988680982358532,3,120.93093,pakistan,draw_167
Male,0.9963218922730646,3,120.93093,pakistan,draw_167
Female,0.9944081735324756,2,121.04104,pakistan,draw_167
Male,0.9903889650592399,2,121.04104,pakistan,draw_167
Female,0.9977813614133146,3,121.04104,pakistan,draw_167
Male,0.9951885309630399,3,121.04104,pakistan,draw_167
Female,0.9934357147874593,2,121.15115,pakistan,draw_167
Male,0.9892431363768914,2,121.15115,pakistan,draw_167
Female,0.9967282460466061,3,121.15115,pakistan,draw_167
Male,0.9940888094536205,3,121.15115,pakistan,draw_167
Female,0.9924981189672283,2,121.26126,pakistan,draw_167
Male,0.98813874650005,2,121.26126,pakistan,draw_167
Female,0.9957088207298473,3,121.26126,pakistan,draw_167
Male,0.9930229130409391,3,121.26126,pakistan,draw_167
Female,0.9915943520149786,2,121.37137,pakistan,draw_167
Male,0.987075305738816,2,121.37137,pakistan,draw_167
Female,0.9947224063688965,3,121.37137,pakistan,draw_167
Male,0.9919906488232616,3,121.37137,pakistan,draw_167
Female,0.9907256960676939,2,121.48148,pakistan,draw_167
Male,0.98605305138741,2,121.48148,pakistan,draw_167
Female,0.9937701119595505,3,121.48148,pakistan,draw_167
Male,0.9909921580865969,3,121.48148,pakistan,draw_167
Female,0.989893212793489,2,121.59159,pakistan,draw_167
Male,0.9850743518179201,2,121.59159,pakistan,draw_167
Female,0.9928530664032557,3,121.59159,pakistan,draw_167
Male,0.990029032329098,3,121.59159,pakistan,draw_167
Female,0.9890963133521132,2,121.7017,pakistan,draw_167
Male,0.9841378293193384,2,121.7017,pakistan,draw_167
Female,0.9919715763129409,3,121.7017,pakistan,draw_167
Male,0.9891015710036614,3,121.7017,pakistan,draw_167
Female,0.9883329013403824,2,121.81181,pakistan,draw_167
Male,0.9832417136968685,2,121.81181,pakistan,draw_167
Female,0.9911232459642815,3,121.81181,pakistan,draw_167
Male,0.9882077226082684,3,121.81181,pakistan,draw_167
Female,0.9876023227721981,2,121.92192,pakistan,draw_167
Male,0.9823843495994273,2,121.92192,pakistan,draw_167
Female,0.990307405182838,3,121.92192,pakistan,draw_167
Male,0.9873461549804251,3,121.92192,pakistan,draw_167
Female,0.9869042606346388,2,122.03203,pakistan,draw_167
Male,0.9815657355058709,2,122.03203,pakistan,draw_167
Female,0.989523918211393,3,122.03203,pakistan,draw_167
Male,0.9865168347479091,3,122.03203,pakistan,draw_167
Female,0.9862381225052991,2,122.14214,pakistan,draw_167
Male,0.9807851759453509,2,122.14214,pakistan,draw_167
Female,0.9887723010530629,3,122.14214,pakistan,draw_167
Male,0.9857193466860182,3,122.14214,pakistan,draw_167
Female,0.9856063360199365,2,122.25225,pakistan,draw_167
Male,0.9800454302789152,2,122.25225,pakistan,draw_167
Female,0.9880547750661397,3,122.25225,pakistan,draw_167
Male,0.9849555424223678,3,122.25225,pakistan,draw_167
Female,0.9850090676116352,2,122.36236,pakistan,draw_167
Male,0.979346561220534,2,122.36236,pakistan,draw_167
Female,0.987371783673411,3,122.36236,pakistan,draw_167
Male,0.9842259512699614,3,122.36236,pakistan,draw_167
Female,0.9844448788469238,2,122.47247,pakistan,draw_167
Male,0.9786879223165832,2,122.47247,pakistan,draw_167
Female,0.9867223677246783,3,122.47247,pakistan,draw_167
Male,0.983530619401944,3,122.47247,pakistan,draw_167
Female,0.9839124826267449,2,122.58258,pakistan,draw_167
Male,0.9780666754720285,2,122.58258,pakistan,draw_167
Female,0.9861047852133756,3,122.58258,pakistan,draw_167
Male,0.9828667085527314,3,122.58258,pakistan,draw_167
Female,0.9834116153564075,2,122.69269,pakistan,draw_167
Male,0.9774828379111863,2,122.69269,pakistan,draw_167
Female,0.9855188079746027,3,122.69269,pakistan,draw_167
Male,0.9822341351560729,3,122.69269,pakistan,draw_167
Female,0.982941798092584,2,122.8028,pakistan,draw_167
Male,0.9769361788504795,2,122.8028,pakistan,draw_167
Female,0.9849640179580098,3,122.8028,pakistan,draw_167
Male,0.9816327358694278,3,122.8028,pakistan,draw_167
Female,0.982503299166902,2,122.91291,pakistan,draw_167
Male,0.9764270752116698,2,122.91291,pakistan,draw_167
Female,0.9844406613384425,3,122.91291,pakistan,draw_167
Male,0.9810627630565568,3,122.91291,pakistan,draw_167
Female,0.9820996804953426,2,123.02302,pakistan,draw_167
Male,0.9759587593582179,2,123.02302,pakistan,draw_167
Female,0.9839518973549474,3,123.02302,pakistan,draw_167
Male,0.9805263473566084,3,123.02302,pakistan,draw_167
Female,0.9817294262300669,2,123.13313,pakistan,draw_167
Male,0.9755306769826639,2,123.13313,pakistan,draw_167
Female,0.9834970144538305,3,123.13313,pakistan,draw_167
Male,0.9800241728657584,3,123.13313,pakistan,draw_167
Female,0.9813907858082861,2,123.24324,pakistan,draw_167
Male,0.975139931447288,2,123.24324,pakistan,draw_167
Female,0.9830738883529598,3,123.24324,pakistan,draw_167
Male,0.9795533229359515,3,123.24324,pakistan,draw_167
Female,0.9810831104763721,2,123.35335,pakistan,draw_167
Male,0.9747868159753434,2,123.35335,pakistan,draw_167
Female,0.9826818301387021,3,123.35335,pakistan,draw_167
Male,0.9791136931977249,3,123.35335,pakistan,draw_167
Female,0.9808059246193873,2,123.46346,pakistan,draw_167
Male,0.9744702852282037,2,123.46346,pakistan,draw_167
Female,0.9823203343139427,3,123.46346,pakistan,draw_167
Male,0.978704514751495,3,123.46346,pakistan,draw_167
Female,0.9805603306004247,2,123.57357,pakistan,draw_167
Male,0.9741912506394013,2,123.57357,pakistan,draw_167
Female,0.9819902395086233,3,123.57357,pakistan,draw_167
Male,0.9783263426455439,3,123.57357,pakistan,draw_167
Female,0.9803468348188249,2,123.68368,pakistan,draw_167
Male,0.9739503861715606,2,123.68368,pakistan,draw_167
Female,0.9816919648136556,3,123.68368,pakistan,draw_167
Male,0.9779795858631474,3,123.68368,pakistan,draw_167
Female,0.9801677277509926,2,123.79379,pakistan,draw_167
Male,0.9737509155832282,2,123.79379,pakistan,draw_167
Female,0.9814277953978843,3,123.79379,pakistan,draw_167
Male,0.9776667891265773,3,123.79379,pakistan,draw_167
Female,0.9800213888316194,2,123.9039,pakistan,draw_167
Male,0.973590519869059,2,123.9039,pakistan,draw_167
Female,0.981196464641414,3,123.9039,pakistan,draw_167
Male,0.9773867093694202,3,123.9039,pakistan,draw_167
Female,0.9799064144039634,2,124.01401,pakistan,draw_167
Male,0.9734676878769956,2,124.01401,pakistan,draw_167
Female,0.9809960723960354,3,124.01401,pakistan,draw_167
Male,0.9771373622480723,3,124.01401,pakistan,draw_167
Female,0.9798228909179018,2,124.12412,pakistan,draw_167
Male,0.9733824805355072,2,124.12412,pakistan,draw_167
Female,0.9808265309466117,3,124.12412,pakistan,draw_167
Male,0.9769187308608372,3,124.12412,pakistan,draw_167
Female,0.9797707166555921,2,124.23423,pakistan,draw_167
Male,0.9733349189938814,2,124.23423,pakistan,draw_167
Female,0.9806876563426257,3,124.23423,pakistan,draw_167
Male,0.9767306600810909,3,124.23423,pakistan,draw_167
Female,0.9797503057877464,2,124.34434,pakistan,draw_167
Male,0.9733250538388727,2,124.34434,pakistan,draw_167
Female,0.9805796405354189,3,124.34434,pakistan,draw_167
Male,0.9765731208978371,3,124.34434,pakistan,draw_167
Female,0.9797639934616172,2,124.45445,pakistan,draw_167
Male,0.9733561600023639,2,124.45445,pakistan,draw_167
Female,0.9805045103438071,3,124.45445,pakistan,draw_167
Male,0.9764481732648258,3,124.45445,pakistan,draw_167
Female,0.9798130511240316,2,124.56456,pakistan,draw_167
Male,0.9734295676467665,2,124.56456,pakistan,draw_167
Female,0.980464043854549,3,124.56456,pakistan,draw_167
Male,0.9763578365391997,3,124.56456,pakistan,draw_167
Female,0.9798941369341144,2,124.67467,pakistan,draw_167
Male,0.9735419737845464,2,124.67467,pakistan,draw_167
Female,0.9804545400529674,3,124.67467,pakistan,draw_167
Male,0.9762986740609748,3,124.67467,pakistan,draw_167
Female,0.9800073944360491,2,124.78478,pakistan,draw_167
Male,0.9736932703784228,2,124.78478,pakistan,draw_167
Female,0.9804757751849559,3,124.78478,pakistan,draw_167
Male,0.9762703031797544,3,124.78478,pakistan,draw_167
Female,0.9801531033031606,2,124.89489,pakistan,draw_167
Male,0.9738839509107688,2,124.89489,pakistan,draw_167
Female,0.9805278298684909,3,124.89489,pakistan,draw_167
Male,0.9762728320610322,3,124.89489,pakistan,draw_167
Female,0.980331417152234,2,125.00501,pakistan,draw_167
Male,0.9741136550897557,2,125.00501,pakistan,draw_167
Female,0.980610733248236,3,125.00501,pakistan,draw_167
Male,0.9763059245093048,3,125.00501,pakistan,draw_167
Female,0.980542360387483,2,125.11512,pakistan,draw_167
Male,0.9743836755667222,2,125.11512,pakistan,draw_167
Female,0.98072443011796,3,125.11512,pakistan,draw_167
Male,0.9763702704420101,3,125.11512,pakistan,draw_167
Female,0.9806768493647674,2,125.22523,pakistan,draw_167
Male,0.9745614338409548,2,125.22523,pakistan,draw_167
Female,0.9807759621822364,3,125.22523,pakistan,draw_167
Male,0.9763816492891345,3,125.22523,pakistan,draw_167
Female,0.9805667703395775,2,125.33534,pakistan,draw_167
Male,0.9744461541495287,2,125.33534,pakistan,draw_167
Female,0.980622600428693,3,125.33534,pakistan,draw_167
Male,0.9762120158378713,3,125.33534,pakistan,draw_167
Female,0.980469399197772,2,125.44545,pakistan,draw_167
Male,0.974346916393591,2,125.44545,pakistan,draw_167
Female,0.9804834474915979,3,125.44545,pakistan,draw_167
Male,0.9760581504730427,3,125.44545,pakistan,draw_167
Female,0.9803856578261103,2,125.55556,pakistan,draw_167
Male,0.9742627440872517,2,125.55556,pakistan,draw_167
Female,0.9803592323514132,3,125.55556,pakistan,draw_167
Male,0.9759193582806887,3,125.55556,pakistan,draw_167
Female,0.9803140533922937,2,125.66567,pakistan,draw_167
Male,0.9741943102398962,2,125.66567,pakistan,draw_167
Female,0.9802487432933119,3,125.66567,pakistan,draw_167
Male,0.9757961364283689,3,125.66567,pakistan,draw_167
Female,0.9802565132726462,2,125.77578,pakistan,draw_167
Male,0.9741419655815579,2,125.77578,pakistan,draw_167
Female,0.9801538319644445,3,125.77578,pakistan,draw_167
Male,0.9756890195039317,3,125.77578,pakistan,draw_167
Female,0.9802132634896693,2,125.88589,pakistan,draw_167
Male,0.9741069767335444,2,125.88589,pakistan,draw_167
Female,0.980075069803851,3,125.88589,pakistan,draw_167
Male,0.9755994106922723,3,125.88589,pakistan,draw_167
Female,0.9801904108976952,2,125.996,pakistan,draw_167
Male,0.9740965432916389,2,125.996,pakistan,draw_167
Female,0.9800193608534521,3,125.996,pakistan,draw_167
Male,0.9755346294059193,3,125.996,pakistan,draw_167
Female,0.9801850417861788,2,126.10611,pakistan,draw_167
Male,0.9741072111682048,2,126.10611,pakistan,draw_167
Female,0.979983676387876,3,126.10611,pakistan,draw_167
Male,0.9754915945429303,3,126.10611,pakistan,draw_167
Female,0.9801971655423819,2,126.21622,pakistan,draw_167
Male,0.9741392027349511,2,126.21622,pakistan,draw_167
Female,0.9799679221454972,3,126.21622,pakistan,draw_167
Male,0.9754703198836636,3,126.21622,pakistan,draw_167
Female,0.9802275024031797,2,126.32633,pakistan,draw_167
Male,0.9741913964322222,2,126.32633,pakistan,draw_167
Female,0.9799727377472292,3,126.32633,pakistan,draw_167
Male,0.9754701137933965,3,126.32633,pakistan,draw_167
Female,0.9802739128972583,2,126.43644,pakistan,draw_167
Male,0.9742642833967062,2,126.43644,pakistan,draw_167
Female,0.9799960358123835,3,126.43644,pakistan,draw_167
Male,0.9754908723257085,3,126.43644,pakistan,draw_167
Female,0.9803357353144463,2,126.54655,pakistan,draw_167
Male,0.9743546242823274,2,126.54655,pakistan,draw_167
Female,0.9800366900070544,3,126.54655,pakistan,draw_167
Male,0.9755296044329487,3,126.54655,pakistan,draw_167
Female,0.9804120724360468,2,126.65666,pakistan,draw_167
Male,0.9744629704487976,2,126.65666,pakistan,draw_167
Female,0.9800937698178712,3,126.65666,pakistan,draw_167
Male,0.9755863493678486,3,126.65666,pakistan,draw_167
Female,0.9805024044730051,2,126.76677,pakistan,draw_167
Male,0.9745877336417794,2,126.76677,pakistan,draw_167
Female,0.9801667841394632,3,126.76677,pakistan,draw_167
Male,0.9756600548825154,3,126.76677,pakistan,draw_167
Female,0.9806055145454796,2,126.87688,pakistan,draw_167
Male,0.9747279744990471,2,126.87688,pakistan,draw_167
Female,0.9802541526192029,3,126.87688,pakistan,draw_167
Male,0.975749274179829,3,126.87688,pakistan,draw_167
Female,0.9807205259099993,2,126.98699,pakistan,draw_167
Male,0.9748825001849039,2,126.98699,pakistan,draw_167
Female,0.9803551182685872,3,126.98699,pakistan,draw_167
Male,0.9758532547364442,3,126.98699,pakistan,draw_167
Female,0.9808485475275208,2,127.0971,pakistan,draw_167
Male,0.9750522153199213,2,127.0971,pakistan,draw_167
Female,0.980470623173287,3,127.0971,pakistan,draw_167
Male,0.9759725695991045,3,127.0971,pakistan,draw_167
Female,0.9809882976008545,2,127.20721,pakistan,draw_167
Male,0.9752365145567278,2,127.20721,pakistan,draw_167
Female,0.9805995888385354,3,127.20721,pakistan,draw_167
Male,0.9761068371019175,3,127.20721,pakistan,draw_167
Female,0.9811405799516915,2,127.31732,pakistan,draw_167
Male,0.9754347995899499,2,127.31732,pakistan,draw_167
Female,0.980742685567803,3,127.31732,pakistan,draw_167
Male,0.9762556988433928,3,127.31732,pakistan,draw_167
Female,0.9813064447663115,2,127.42743,pakistan,draw_167
Male,0.9756496537661637,2,127.42743,pakistan,draw_167
Female,0.9809013552413245,3,127.42743,pakistan,draw_167
Male,0.9764216845126453,3,127.42743,pakistan,draw_167
Female,0.9814829611116769,2,127.53754,pakistan,draw_167
Male,0.9758775321913224,2,127.53754,pakistan,draw_167
Female,0.9810723402795,3,127.53754,pakistan,draw_167
Male,0.9766013035195391,3,127.53754,pakistan,draw_167
Female,0.9816714113826741,2,127.64765,pakistan,draw_167
Male,0.9761193191942878,2,127.64765,pakistan,draw_167
Female,0.9812568821772085,3,127.64765,pakistan,draw_167
Male,0.9767953091733541,3,127.64765,pakistan,draw_167
Female,0.9818720007772059,2,127.75776,pakistan,draw_167
Male,0.9763747792227793,2,127.75776,pakistan,draw_167
Female,0.9814552875012057,3,127.75776,pakistan,draw_167
Male,0.9770037946608159,3,127.75776,pakistan,draw_167
Female,0.9820846380051664,2,127.86787,pakistan,draw_167
Male,0.9766454462286628,2,127.86787,pakistan,draw_167
Female,0.9816675692567023,3,127.86787,pakistan,draw_167
Male,0.977227864508418,3,127.86787,pakistan,draw_167
Female,0.9823088613968138,2,127.97798,pakistan,draw_167
Male,0.9769298863596684,2,127.97798,pakistan,draw_167
Female,0.9818932969447629,3,127.97798,pakistan,draw_167
Male,0.9774665345807918,3,127.97798,pakistan,draw_167
Female,0.9825460575213644,2,128.08809,pakistan,draw_167
Male,0.9772289114870387,2,128.08809,pakistan,draw_167
Female,0.9821337097390271,3,128.08809,pakistan,draw_167
Male,0.977720491997502,3,128.08809,pakistan,draw_167
Female,0.9827955263586188,2,128.1982,pakistan,draw_167
Male,0.9775431717981593,2,128.1982,pakistan,draw_167
Female,0.9823881860275411,3,128.1982,pakistan,draw_167
Male,0.9779900445787358,3,128.1982,pakistan,draw_167
Female,0.9830560696543614,2,128.30831,pakistan,draw_167
Male,0.9778704005507464,2,128.30831,pakistan,draw_167
Female,0.9826552951751576,3,128.30831,pakistan,draw_167
Male,0.9782731384235475,3,128.30831,pakistan,draw_167
Female,0.9833271033841497,2,128.41842,pakistan,draw_167
Male,0.9782103427483642,2,128.41842,pakistan,draw_167
Female,0.9829343487671596,3,128.41842,pakistan,draw_167
Male,0.9785693022526749,3,128.41842,pakistan,draw_167
Female,0.9836080896942617,2,128.52853,pakistan,draw_167
Male,0.9785619266193517,2,128.52853,pakistan,draw_167
Female,0.9832246687837347,3,128.52853,pakistan,draw_167
Male,0.9788775200387476,3,128.52853,pakistan,draw_167
Female,0.9838986238156595,2,128.63864,pakistan,draw_167
Male,0.9789250437262204,2,128.63864,pakistan,draw_167
Female,0.9835257788148547,3,128.63864,pakistan,draw_167
Male,0.9791974485265384,3,128.63864,pakistan,draw_167
Female,0.9841987521554271,2,128.74875,pakistan,draw_167
Male,0.9792990543581296,2,128.74875,pakistan,draw_167
Female,0.9838376748922512,3,128.74875,pakistan,draw_167
Male,0.9795286384002568,3,128.74875,pakistan,draw_167
Female,0.9845093356830398,2,128.85886,pakistan,draw_167
Male,0.9796865447046554,2,128.85886,pakistan,draw_167
Female,0.9841615537828947,3,128.85886,pakistan,draw_167
Male,0.9798734500480345,3,128.85886,pakistan,draw_167
Female,0.9848294532507992,2,128.96897,pakistan,draw_167
Male,0.9800845766978095,2,128.96897,pakistan,draw_167
Female,0.9844960445241498,3,128.96897,pakistan,draw_167
Male,0.9802290731104816,3,128.96897,pakistan,draw_167
Female,0.9851579007661493,2,129.07908,pakistan,draw_167
Male,0.980493292419273,2,129.07908,pakistan,draw_167
Female,0.9848401288243118,3,129.07908,pakistan,draw_167
Male,0.9805956163178005,3,129.07908,pakistan,draw_167
Female,0.9854956201342355,2,129.18919,pakistan,draw_167
Male,0.9809126162799658,2,129.18919,pakistan,draw_167
Female,0.9851945760706632,3,129.18919,pakistan,draw_167
Male,0.9809730720335024,3,129.18919,pakistan,draw_167
Female,0.9858418675966464,2,129.2993,pakistan,draw_167
Male,0.9813424286664577,2,129.2993,pakistan,draw_167
Female,0.9855587817173723,3,129.2993,pakistan,draw_167
Male,0.9813613713942847,3,129.2993,pakistan,draw_167
Female,0.9861973793702363,2,129.40941,pakistan,draw_167
Male,0.9817831589642877,2,129.40941,pakistan,draw_167
Female,0.9859333798055732,3,129.40941,pakistan,draw_167
Male,0.9817607648216014,3,129.40941,pakistan,draw_167
Female,0.9865628207417999,2,129.51952,pakistan,draw_167
Male,0.9822359083085269,2,129.51952,pakistan,draw_167
Female,0.9863192677045456,3,129.51952,pakistan,draw_167
Male,0.9821724764407892,3,129.51952,pakistan,draw_167
Female,0.986938283672857,2,129.62963,pakistan,draw_167
Male,0.9827001140288942,2,129.62963,pakistan,draw_167
Female,0.9867164772121743,3,129.62963,pakistan,draw_167
Male,0.9825961125437273,3,129.62963,pakistan,draw_167
Female,0.987323209276014,2,129.73974,pakistan,draw_167
Male,0.9831756722880414,2,129.73974,pakistan,draw_167
Female,0.9871242086330505,3,129.73974,pakistan,draw_167
Male,0.9830311821309653,3,129.73974,pakistan,draw_167
Female,0.9877167923181787,2,129.84985,pakistan,draw_167
Male,0.9836622175812186,2,129.84985,pakistan,draw_167
Female,0.9875418442709408,3,129.84985,pakistan,draw_167
Male,0.9834774748756095,3,129.84985,pakistan,draw_167
Female,0.9881195672136237,2,129.95996,pakistan,draw_167
Male,0.9841593637166346,2,129.95996,pakistan,draw_167
Female,0.9879698045850279,3,129.95996,pakistan,draw_167
Male,0.9839347624766116,3,129.95996,pakistan,draw_167
Female,0.9885316975028312,2,130.07007,pakistan,draw_167
Male,0.984667079026249,2,130.07007,pakistan,draw_167
Female,0.9884082493194458,3,130.07007,pakistan,draw_167
Male,0.9844030376428662,3,130.07007,pakistan,draw_167
Female,0.9889526013867339,2,130.18018,pakistan,draw_167
Male,0.9851861143693164,2,130.18018,pakistan,draw_167
Female,0.9888567864023831,3,130.18018,pakistan,draw_167
Male,0.9848828964501882,3,130.18018,pakistan,draw_167
Female,0.9893844145472197,2,130.29029,pakistan,draw_167
Male,0.9857174808402391,2,130.29029,pakistan,draw_167
Female,0.98931778196647,3,130.29029,pakistan,draw_167
Male,0.9853758991238017,3,130.29029,pakistan,draw_167
Female,0.9898261008872765,2,130.4004,pakistan,draw_167
Male,0.9862605058317072,2,130.4004,pakistan,draw_167
Female,0.989789722096884,3,130.4004,pakistan,draw_167
Male,0.9858806304627652,3,130.4004,pakistan,draw_167
Female,0.9902769567008469,2,130.51051,pakistan,draw_167
Male,0.9868147521553988,2,130.51051,pakistan,draw_167
Female,0.9902720600510214,3,130.51051,pakistan,draw_167
Male,0.9863968687069291,3,130.51051,pakistan,draw_167
Female,0.9907364588588434,2,130.62062,pakistan,draw_167
Male,0.9873787658236279,2,130.62062,pakistan,draw_167
Female,0.9907642357767025,3,130.62062,pakistan,draw_167
Male,0.9869235772281494,3,130.62062,pakistan,draw_167
Female,0.9912043303166389,2,130.73073,pakistan,draw_167
Male,0.9879528056590744,2,130.73073,pakistan,draw_167
Female,0.9912658438629056,3,130.73073,pakistan,draw_167
Male,0.9874606000637329,3,130.73073,pakistan,draw_167
Female,0.9916794850679942,2,130.84084,pakistan,draw_167
Male,0.9885355354841595,2,130.84084,pakistan,draw_167
Female,0.9917758809569217,3,130.84084,pakistan,draw_167
Male,0.9880068773298217,3,130.84084,pakistan,draw_167
Female,0.9921638790477321,2,130.95095,pakistan,draw_167
Male,0.989128961469498,2,130.95095,pakistan,draw_167
Female,0.9922962637051185,3,130.95095,pakistan,draw_167
Male,0.9885641512813506,3,130.95095,pakistan,draw_167
Female,0.9926561625818595,2,131.06106,pakistan,draw_167
Male,0.989732042111477,2,131.06106,pakistan,draw_167
Female,0.9928257582741196,3,131.06106,pakistan,draw_167
Male,0.9891316838772573,3,131.06106,pakistan,draw_167
Female,0.9931565037256505,2,131.17117,pakistan,draw_167
Male,0.9903442996244255,2,131.17117,pakistan,draw_167
Female,0.9933642683967745,3,131.17117,pakistan,draw_167
Male,0.9897088000762206,3,131.17117,pakistan,draw_167
Female,0.9936644388927323,2,131.28128,pakistan,draw_167
Male,0.9909654564938967,2,131.28128,pakistan,draw_167
Female,0.9939114251926292,3,131.28128,pakistan,draw_167
Male,0.9902953608393972,3,131.28128,pakistan,draw_167
Female,0.9941809160723057,2,131.39139,pakistan,draw_167
Male,0.9915964150438293,2,131.39139,pakistan,draw_167
Female,0.994467983685968,3,131.39139,pakistan,draw_167
Male,0.9908919589817456,3,131.39139,pakistan,draw_167
Female,0.9947048809997375,2,131.5015,pakistan,draw_167
Male,0.9922360597855997,2,131.5015,pakistan,draw_167
Female,0.995033155378871,3,131.5015,pakistan,draw_167
Male,0.9914979185083239,3,131.5015,pakistan,draw_167
Female,0.9952373052469318,2,131.61161,pakistan,draw_167
Male,0.9928860130804227,2,131.61161,pakistan,draw_167
Female,0.9956077524975898,3,131.61161,pakistan,draw_167
Male,0.9921143438016499,3,131.61161,pakistan,draw_167
Female,0.9957791622033619,2,131.72172,pakistan,draw_167
Male,0.9935464047774589,2,131.72172,pakistan,draw_167
Female,0.9961930462186209,3,131.72172,pakistan,draw_167
Male,0.9927420383384824,3,131.72172,pakistan,draw_167
Female,0.9963292347841226,2,131.83183,pakistan,draw_167
Male,0.9942164101955135,2,131.83183,pakistan,draw_167
Female,0.9967874932965739,3,131.83183,pakistan,draw_167
Male,0.9933797003135383,3,131.83183,pakistan,draw_167
Female,0.9968877878165573,2,131.94194,pakistan,draw_167
Male,0.994896611045231,2,131.94194,pakistan,draw_167
Female,0.9973913192423622,3,131.94194,pakistan,draw_167
Male,0.994027738653809,3,131.94194,pakistan,draw_167
Female,0.9974540883756947,2,132.05205,pakistan,draw_167
Male,0.9955853995910383,2,132.05205,pakistan,draw_167
Female,0.9980039803439077,3,132.05205,pakistan,draw_167
Male,0.9946851444258784,3,132.05205,pakistan,draw_167
Female,0.9980282766174681,2,132.16216,pakistan,draw_167
Male,0.9962844742494598,2,132.16216,pakistan,draw_167
Female,0.9986255529188365,3,132.16216,pakistan,draw_167
Male,0.9953529501769706,3,132.16216,pakistan,draw_167
Female,0.9986104217100139,2,132.27227,pakistan,draw_167
Male,0.9969919094587942,2,132.27227,pakistan,draw_167
Female,0.999255956716328,3,132.27227,pakistan,draw_167
Male,0.9960297661779433,3,132.27227,pakistan,draw_167
Female,0.9991998734278377,2,132.38238,pakistan,draw_167
Male,0.9977077644866235,2,132.38238,pakistan,draw_167
Female,0.9998944793289551,3,132.38238,pakistan,draw_167
Male,0.996715381796001,3,132.38238,pakistan,draw_167
Female,0.9997951831941279,2,132.49249,pakistan,draw_167
Male,0.9984306294955404,2,132.49249,pakistan,draw_167
Female,1.000539625534467,3,132.49249,pakistan,draw_167
Male,0.9974084695049991,3,132.49249,pakistan,draw_167
Female,1.0003962514612375,2,132.6026,pakistan,draw_167
Male,0.999159995947245,2,132.6026,pakistan,draw_167
Female,1.0011910446797843,3,132.6026,pakistan,draw_167
Male,0.998108276348149,3,132.6026,pakistan,draw_167
Female,1.0010032337902892,2,132.71271,pakistan,draw_167
Male,0.9998955096867704,2,132.71271,pakistan,draw_167
Female,1.0018488644222907,3,132.71271,pakistan,draw_167
Male,0.9988145824231622,3,132.71271,pakistan,draw_167
Female,1.0016155508111237,2,132.82282,pakistan,draw_167
Male,1.0006378501377822,2,132.82282,pakistan,draw_167
Female,1.0025125956627126,3,132.82282,pakistan,draw_167
Male,0.9995278129834262,3,132.82282,pakistan,draw_167
Female,1.0022335380908518,2,132.93293,pakistan,draw_167
Male,1.0013871058984236,2,132.93293,pakistan,draw_167
Female,1.003182522723221,3,132.93293,pakistan,draw_167
Male,1.0002479874293981,3,132.93293,pakistan,draw_167
Female,1.0028573129451375,2,133.04304,pakistan,draw_167
Male,1.0021425613890067,2,133.04304,pakistan,draw_167
Female,1.0038588552378938,3,133.04304,pakistan,draw_167
Male,1.0009748124105051,3,133.04304,pakistan,draw_167
Female,1.003488287775243,2,133.15315,pakistan,draw_167
Male,1.002906537537688,2,133.15315,pakistan,draw_167
Female,1.0045429709539535,3,133.15315,pakistan,draw_167
Male,1.001710161005757,3,133.15315,pakistan,draw_167
Female,1.0041244432887726,2,133.26326,pakistan,draw_167
Male,1.0036766397112271,2,133.26326,pakistan,draw_167
Female,1.0052328686692613,3,133.26326,pakistan,draw_167
Male,1.0024520420141723,3,133.26326,pakistan,draw_167
Female,1.0047667220621448,2,133.37337,pakistan,draw_167
Male,1.004454017798156,2,133.37337,pakistan,draw_167
Female,1.0059292979078376,3,133.37337,pakistan,draw_167
Male,1.003201228140805,3,133.37337,pakistan,draw_167
Female,1.0054151698205815,2,133.48348,pakistan,draw_167
Male,1.005238140322604,2,133.48348,pakistan,draw_167
Female,1.0066323176302587,3,133.48348,pakistan,draw_167
Male,1.003957392128106,3,133.48348,pakistan,draw_167
Female,1.0060695114902578,2,133.59359,pakistan,draw_167
Male,1.00602922419167,2,133.59359,pakistan,draw_167
Female,1.0073417348712057,3,133.59359,pakistan,draw_167
Male,1.0047207301659187,3,133.59359,pakistan,draw_167
Female,1.006730314714408,2,133.7037,pakistan,draw_167
Male,1.0068274698341455,2,133.7037,pakistan,draw_167
Female,1.008058011057627,3,133.7037,pakistan,draw_167
Male,1.00549131707298,3,133.7037,pakistan,draw_167
Female,1.0073977501274005,2,133.81381,pakistan,draw_167
Male,1.0076336751215258,2,133.81381,pakistan,draw_167
Female,1.0087816306748352,3,133.81381,pakistan,draw_167
Male,1.0062700004194627,3,133.81381,pakistan,draw_167
Female,1.00807168112355,2,133.92392,pakistan,draw_167
Male,1.0084471893965503,2,133.92392,pakistan,draw_167
Female,1.0095121908523588,3,133.92392,pakistan,draw_167
Male,1.0070562533141025,3,133.92392,pakistan,draw_167
Female,1.008752238657988,2,134.03403,pakistan,draw_167
Male,1.0092680934445364,2,134.03403,pakistan,draw_167
Female,1.0102497915732667,3,134.03403,pakistan,draw_167
Male,1.0078500115637334,3,134.03403,pakistan,draw_167
Female,1.009438195282661,2,134.14414,pakistan,draw_167
Male,1.0100962133637885,2,134.14414,pakistan,draw_167
Female,1.0109934104930998,3,134.14414,pakistan,draw_167
Male,1.008651078512408,3,134.14414,pakistan,draw_167
Female,1.0101313707143127,2,134.25425,pakistan,draw_167
Male,1.0109315852403074,2,134.25425,pakistan,draw_167
Female,1.011744536526335,3,134.25425,pakistan,draw_167
Male,1.0094595171380547,3,134.25425,pakistan,draw_167
Female,1.0108304967561057,2,134.36436,pakistan,draw_167
Male,1.011774595023167,2,134.36436,pakistan,draw_167
Female,1.0125021046791485,3,134.36436,pakistan,draw_167
Male,1.01027559940209,3,134.36436,pakistan,draw_167
Female,1.0115366143725248,2,134.47447,pakistan,draw_167
Male,1.0126249609325073,2,134.47447,pakistan,draw_167
Female,1.0132670928433156,3,134.47447,pakistan,draw_167
Male,1.011099220274697,3,134.47447,pakistan,draw_167
Female,1.0122497926659344,2,134.58458,pakistan,draw_167
Male,1.0134841790645772,2,134.58458,pakistan,draw_167
Female,1.014039972387789,3,134.58458,pakistan,draw_167
Male,1.01193171795508,3,134.58458,pakistan,draw_167
Female,1.0129701191714495,2,134.69469,pakistan,draw_167
Male,1.0143505550707324,2,134.69469,pakistan,draw_167
Female,1.014820398717835,3,134.69469,pakistan,draw_167
Male,1.012771580670382,3,134.69469,pakistan,draw_167
Female,1.01369656428447,2,134.8048,pakistan,draw_167
Male,1.0152246060346761,2,134.8048,pakistan,draw_167
Female,1.0156074463899014,3,134.8048,pakistan,draw_167
Male,1.013619093740482,3,134.8048,pakistan,draw_167
Female,1.0144298617642538,2,134.91491,pakistan,draw_167
Male,1.016106373364012,2,134.91491,pakistan,draw_167
Female,1.0164017164066814,3,134.91491,pakistan,draw_167
Male,1.0144743298877006,3,134.91491,pakistan,draw_167
Female,1.0151699442155013,2,135.02503,pakistan,draw_167
Male,1.0169964933657862,2,135.02503,pakistan,draw_167
Female,1.017203191526638,3,135.02503,pakistan,draw_167
Male,1.0153377181425498,3,135.02503,pakistan,draw_167
Female,1.0157475941869627,2,135.13514,pakistan,draw_167
Male,1.0176797711261432,2,135.13514,pakistan,draw_167
Female,1.017818227469263,3,135.13514,pakistan,draw_167
Male,1.0159805464908371,3,135.13514,pakistan,draw_167
Female,1.0161231383729508,2,135.24525,pakistan,draw_167
Male,1.0181055324934487,2,135.24525,pakistan,draw_167
Female,1.0182016170137822,3,135.24525,pakistan,draw_167
Male,1.0163491230440331,3,135.24525,pakistan,draw_167
Female,1.0165000667467219,2,135.35536,pakistan,draw_167
Male,1.0185336042704816,2,135.35536,pakistan,draw_167
Female,1.0185867849323138,3,135.35536,pakistan,draw_167
Male,1.0167201155672334,3,135.35536,pakistan,draw_167
Female,1.0168796926804273,2,135.46547,pakistan,draw_167
Male,1.0189636913594955,2,135.46547,pakistan,draw_167
Female,1.018974742944933,3,135.46547,pakistan,draw_167
Male,1.0170932798518544,3,135.46547,pakistan,draw_167
Female,1.0172609072991672,2,135.57558,pakistan,draw_167
Male,1.0193951485834196,2,135.57558,pakistan,draw_167
Female,1.019364609245838,3,135.57558,pakistan,draw_167
Male,1.0174682349023316,3,135.57558,pakistan,draw_167
Female,1.017644001769262,2,135.68569,pakistan,draw_167
Male,1.0198279681648186,2,135.68569,pakistan,draw_167
Female,1.0197566789298576,3,135.68569,pakistan,draw_167
Male,1.0178449883005871,3,135.68569,pakistan,draw_167
Female,1.0180283910145842,2,135.7958,pakistan,draw_167
Male,1.0202619440345522,2,135.7958,pakistan,draw_167
Female,1.0201504747311332,3,135.7958,pakistan,draw_167
Male,1.018223415983932,3,135.7958,pakistan,draw_167
Female,1.0184149196371515,2,135.90591,pakistan,draw_167
Male,1.0206980787077373,2,135.90591,pakistan,draw_167
Female,1.020546682412021,3,135.90591,pakistan,draw_167
Male,1.0186041657927671,3,135.90591,pakistan,draw_167
Female,1.018803062953634,2,136.01602,pakistan,draw_167
Male,1.0211350380691417,2,136.01602,pakistan,draw_167
Female,1.020945000691903,3,136.01602,pakistan,draw_167
Male,1.0189865658893689,3,136.01602,pakistan,draw_167
Female,1.0191926889125824,2,136.12613,pakistan,draw_167
Male,1.0215730190188328,2,136.12613,pakistan,draw_167
Female,1.0213451979591512,3,136.12613,pakistan,draw_167
Male,1.0193705617002295,3,136.12613,pakistan,draw_167
Female,1.0195835227752426,2,136.23624,pakistan,draw_167
Male,1.0220121838411071,2,136.23624,pakistan,draw_167
Female,1.0217470352113271,3,136.23624,pakistan,draw_167
Male,1.0197562606869537,3,136.23624,pakistan,draw_167
Female,1.0199757564627923,2,136.34635,pakistan,draw_167
Male,1.0224526264608143,2,136.34635,pakistan,draw_167
Female,1.022150655977874,3,136.34635,pakistan,draw_167
Male,1.0201437357503662,3,136.34635,pakistan,draw_167
Female,1.0203700447191606,2,136.45646,pakistan,draw_167
Male,1.0228936727016806,2,136.45646,pakistan,draw_167
Female,1.0225565661218459,3,136.45646,pakistan,draw_167
Male,1.0205325754554244,3,136.45646,pakistan,draw_167
Female,1.0207657031680895,2,136.56657,pakistan,draw_167
Male,1.0233363317428679,2,136.56657,pakistan,draw_167
Female,1.0229642535612222,3,136.56657,pakistan,draw_167
Male,1.0209233431986573,3,136.56657,pakistan,draw_167
Female,1.0211633093122172,2,136.67668,pakistan,draw_167
Male,1.0237801102049375,2,136.67668,pakistan,draw_167
Female,1.0233743098634414,3,136.67668,pakistan,draw_167
Male,1.021315917748751,3,136.67668,pakistan,draw_167
Female,1.0215626462692977,2,136.78679,pakistan,draw_167
Male,1.024225717329072,2,136.78679,pakistan,draw_167
Female,1.0237864460792467,3,136.78679,pakistan,draw_167
Male,1.0217106223840668,3,136.78679,pakistan,draw_167
Female,1.0219630125937187,2,136.8969,pakistan,draw_167
Male,1.02467175710243,2,136.8969,pakistan,draw_167
Female,1.0242000980711568,3,136.8969,pakistan,draw_167
Male,1.0221065844442325,3,136.8969,pakistan,draw_167
Female,1.0223645306654083,2,137.00701,pakistan,draw_167
Male,1.0251189613006644,2,137.00701,pakistan,draw_167
Female,1.0246154108206447,3,137.00701,pakistan,draw_167
Male,1.0225042542117402,3,137.00701,pakistan,draw_167
Female,1.0227681225652991,2,137.11712,pakistan,draw_167
Male,1.025567090714826,2,137.11712,pakistan,draw_167
Female,1.0250331009242732,3,137.11712,pakistan,draw_167
Male,1.022903488850132,3,137.11712,pakistan,draw_167
Female,1.0231730083527324,2,137.22723,pakistan,draw_167
Male,1.026016560528332,2,137.22723,pakistan,draw_167
Female,1.0254525396069318,3,137.22723,pakistan,draw_167
Male,1.0233045568144337,3,137.22723,pakistan,draw_167
Female,1.0235796321118058,2,137.33734,pakistan,draw_167
Male,1.0264669579123828,2,137.33734,pakistan,draw_167
Female,1.0258740911102937,3,137.33734,pakistan,draw_167
Male,1.0237072531979465,3,137.33734,pakistan,draw_167
Female,1.023988325736257,2,137.44745,pakistan,draw_167
Male,1.026918845622561,2,137.44745,pakistan,draw_167
Female,1.0262981028944418,3,137.44745,pakistan,draw_167
Male,1.024112035404459,3,137.44745,pakistan,draw_167
Female,1.0243980099508518,2,137.55756,pakistan,draw_167
Male,1.0273722798235836,2,137.55756,pakistan,draw_167
Female,1.026723626671604,3,137.55756,pakistan,draw_167
Male,1.0245187585196134,3,137.55756,pakistan,draw_167
Female,1.0248093764672543,2,137.66767,pakistan,draw_167
Male,1.0278263698062358,2,137.66767,pakistan,draw_167
Female,1.0271511973933056,3,137.66767,pakistan,draw_167
Male,1.0249269227416848,3,137.66767,pakistan,draw_167
Female,1.0252223369798716,2,137.77778,pakistan,draw_167
Male,1.028281349842156,2,137.77778,pakistan,draw_167
Female,1.0275807659741962,3,137.77778,pakistan,draw_167
Male,1.025336653741402,3,137.77778,pakistan,draw_167
Female,1.0256370125613514,2,137.88789,pakistan,draw_167
Male,1.0287369498064618,2,137.88789,pakistan,draw_167
Female,1.0280124602439114,3,137.88789,pakistan,draw_167
Male,1.0257477863435303,3,137.88789,pakistan,draw_167
Female,1.0260529539653869,2,137.998,pakistan,draw_167
Male,1.0291944043990298,2,137.998,pakistan,draw_167
Female,1.0284458664283633,3,137.998,pakistan,draw_167
Male,1.0261610630523061,3,137.998,pakistan,draw_167
Female,1.026470640890262,2,138.10811,pakistan,draw_167
Male,1.0296528027809204,2,138.10811,pakistan,draw_167
Female,1.0288814971162235,3,138.10811,pakistan,draw_167
Male,1.0265760984823418,3,138.10811,pakistan,draw_167
Female,1.0268901342407464,2,138.21822,pakistan,draw_167
Male,1.0301126992104084,2,138.21822,pakistan,draw_167
Female,1.0293193364226152,3,138.21822,pakistan,draw_167
Male,1.0269931033321067,3,138.21822,pakistan,draw_167
Female,1.027311330726142,2,138.32833,pakistan,draw_167
Male,1.030573114124043,2,138.32833,pakistan,draw_167
Female,1.0297592399260656,3,138.32833,pakistan,draw_167
Male,1.0274114597268533,3,138.32833,pakistan,draw_167
Female,1.0277339942326853,2,138.43844,pakistan,draw_167
Male,1.031034831653557,2,138.43844,pakistan,draw_167
Female,1.030201019795406,3,138.43844,pakistan,draw_167
Male,1.0278316379482362,3,138.43844,pakistan,draw_167
Female,1.0281581763830236,2,138.54855,pakistan,draw_167
Male,1.031497744090912,2,138.54855,pakistan,draw_167
Female,1.0306447570682908,3,138.54855,pakistan,draw_167
Male,1.0282535638521055,3,138.54855,pakistan,draw_167
Female,1.0285839589576278,2,138.65866,pakistan,draw_167
Male,1.0319613889394372,2,138.65866,pakistan,draw_167
Female,1.0310904734870623,3,138.65866,pakistan,draw_167
Male,1.028676970045692,3,138.65866,pakistan,draw_167
Female,1.029011291202705,2,138.76877,pakistan,draw_167
Male,1.0324259969710843,2,138.76877,pakistan,draw_167
Female,1.0315382016180545,3,138.76877,pakistan,draw_167
Male,1.0291020576957226,3,138.76877,pakistan,draw_167
Female,1.029440925083293,2,138.87888,pakistan,draw_167
Male,1.032892205386601,2,138.87888,pakistan,draw_167
Female,1.0319885925124617,3,138.87888,pakistan,draw_167
Male,1.0295292936854086,3,138.87888,pakistan,draw_167
Female,1.0298715458236662,2,138.98899,pakistan,draw_167
Male,1.0333599749631335,2,138.98899,pakistan,draw_167
Female,1.0324405125752285,3,138.98899,pakistan,draw_167
Male,1.0299584989349593,3,138.98899,pakistan,draw_167
Female,1.0303038087366172,2,139.0991,pakistan,draw_167
Male,1.0338279817372111,2,139.0991,pakistan,draw_167
Female,1.0328944295129925,3,139.0991,pakistan,draw_167
Male,1.0303889458398436,3,139.0991,pakistan,draw_167
Female,1.0307378201975934,2,139.20921,pakistan,draw_167
Male,1.0342968394204481,2,139.20921,pakistan,draw_167
Female,1.0333504829047693,3,139.20921,pakistan,draw_167
Male,1.0308209706155154,3,139.20921,pakistan,draw_167
Female,1.0311733000699401,2,139.31932,pakistan,draw_167
Male,1.0347667851865043,2,139.31932,pakistan,draw_167
Female,1.0338084150349915,3,139.31932,pakistan,draw_167
Male,1.0312546813046002,3,139.31932,pakistan,draw_167
Female,1.0316102344775737,2,139.42943,pakistan,draw_167
Male,1.0352382769160362,2,139.42943,pakistan,draw_167
Female,1.0342682292339027,3,139.42943,pakistan,draw_167
Male,1.0316903511866844,3,139.42943,pakistan,draw_167
Female,1.0320493809374205,2,139.53954,pakistan,draw_167
Male,1.0357104711546674,2,139.53954,pakistan,draw_167
Female,1.0347306746124723,3,139.53954,pakistan,draw_167
Male,1.0321277025252071,3,139.53954,pakistan,draw_167
Female,1.0324901791539225,2,139.64965,pakistan,draw_167
Male,1.0361845795059326,2,139.64965,pakistan,draw_167
Female,1.0351951895404532,3,139.64965,pakistan,draw_167
Male,1.0325672697855648,3,139.64965,pakistan,draw_167
Female,1.032932548848266,2,139.75976,pakistan,draw_167
Male,1.0366593646940028,2,139.75976,pakistan,draw_167
Female,1.035661680478238,3,139.75976,pakistan,draw_167
Male,1.0330083008062365,3,139.75976,pakistan,draw_167
Female,1.0333759809185878,2,139.86987,pakistan,draw_167
Male,1.037134375910315,2,139.86987,pakistan,draw_167
Female,1.0361297123563578,3,139.86987,pakistan,draw_167
Male,1.0334505274734538,3,139.86987,pakistan,draw_167
Female,1.0338210945772162,2,139.97998,pakistan,draw_167
Male,1.0376110576493027,2,139.97998,pakistan,draw_167
Female,1.0365997581613042,3,139.97998,pakistan,draw_167
Male,1.0338947981024622,3,139.97998,pakistan,draw_167
Female,1.034268240186808,2,140.09009,pakistan,draw_167
Male,1.0380887121289224,2,140.09009,pakistan,draw_167
Female,1.0370720968614855,3,140.09009,pakistan,draw_167
Male,1.0343406688972505,3,140.09009,pakistan,draw_167
Female,1.0347167293063808,2,140.2002,pakistan,draw_167
Male,1.0385673711522974,2,140.2002,pakistan,draw_167
Female,1.037546335605043,3,140.2002,pakistan,draw_167
Male,1.0347882827536758,3,140.2002,pakistan,draw_167
Female,1.0351671241674403,2,140.31031,pakistan,draw_167
Male,1.0390476295293272,2,140.31031,pakistan,draw_167
Female,1.0380229529495597,3,140.31031,pakistan,draw_167
Male,1.0352380337221947,3,140.31031,pakistan,draw_167
Female,1.0356192518337264,2,140.42042,pakistan,draw_167
Male,1.039529277804571,2,140.42042,pakistan,draw_167
Female,1.0385016531683517,3,140.42042,pakistan,draw_167
Male,1.0356896376037512,3,140.42042,pakistan,draw_167
Female,1.0360726859126328,2,140.53053,pakistan,draw_167
Male,1.0400109831944107,2,140.53053,pakistan,draw_167
Female,1.0389821027846986,3,140.53053,pakistan,draw_167
Male,1.036142369514461,3,140.53053,pakistan,draw_167
Female,1.0365277277027163,2,140.64064,pakistan,draw_167
Male,1.0404942791374578,2,140.64064,pakistan,draw_167
Female,1.0394645335842252,3,140.64064,pakistan,draw_167
Male,1.0365970993475135,3,140.64064,pakistan,draw_167
Female,1.0369846935685483,2,140.75075,pakistan,draw_167
Male,1.0409780745309287,2,140.75075,pakistan,draw_167
Female,1.0399491690159182,3,140.75075,pakistan,draw_167
Male,1.03705317985405,3,140.75075,pakistan,draw_167
Female,1.037442757373731,2,140.86086,pakistan,draw_167
Male,1.0414629490415994,2,140.86086,pakistan,draw_167
Female,1.0404354057123368,3,140.86086,pakistan,draw_167
Male,1.037510957690978,3,140.86086,pakistan,draw_167
Female,1.037902985233412,2,140.97097,pakistan,draw_167
Male,1.0419496991353043,2,140.97097,pakistan,draw_167
Female,1.0409242128947886,3,140.97097,pakistan,draw_167
Male,1.037971098572676,3,140.97097,pakistan,draw_167
Female,1.0383648856696555,2,141.08108,pakistan,draw_167
Male,1.0424372419681758,2,141.08108,pakistan,draw_167
Female,1.041415082775647,3,141.08108,pakistan,draw_167
Male,1.0384327792208696,3,141.08108,pakistan,draw_167
Female,1.0388283123739135,2,141.19119,pakistan,draw_167
Male,1.0429254446075455,2,141.19119,pakistan,draw_167
Female,1.04190785962157,3,141.19119,pakistan,draw_167
Male,1.038895920942575,3,141.19119,pakistan,draw_167
Female,1.0392931079399708,2,141.3013,pakistan,draw_167
Male,1.0434147173307038,2,141.3013,pakistan,draw_167
Female,1.0424024378585948,3,141.3013,pakistan,draw_167
Male,1.0393607703410566,3,141.3013,pakistan,draw_167
Female,1.0397593299361296,2,141.41141,pakistan,draw_167
Male,1.0439044973346703,2,141.41141,pakistan,draw_167
Female,1.0428989192573137,3,141.41141,pakistan,draw_167
Male,1.0398269901835473,3,141.41141,pakistan,draw_167
Female,1.0402272416404967,2,141.52152,pakistan,draw_167
Male,1.0443954558526032,2,141.52152,pakistan,draw_167
Female,1.043397453055695,3,141.52152,pakistan,draw_167
Male,1.0402949464723499,3,141.52152,pakistan,draw_167
Female,1.040696933789344,2,141.63163,pakistan,draw_167
Male,1.044888368721046,2,141.63163,pakistan,draw_167
Female,1.0438981421114173,3,141.63163,pakistan,draw_167
Male,1.040765171538464,3,141.63163,pakistan,draw_167
Female,1.0411681174314968,2,141.74174,pakistan,draw_167
Male,1.0453819772320103,2,141.74174,pakistan,draw_167
Female,1.0444007921419014,3,141.74174,pakistan,draw_167
Male,1.0412369855792702,3,141.74174,pakistan,draw_167
Female,1.0416414055935952,2,141.85185,pakistan,draw_167
Male,1.045876524907856,2,141.85185,pakistan,draw_167
Female,1.0449057660661336,3,141.85185,pakistan,draw_167
Male,1.0417104039444522,3,141.85185,pakistan,draw_167
Female,1.0421162142114948,2,141.96196,pakistan,draw_167
Male,1.046371687786488,2,141.96196,pakistan,draw_167
Female,1.0454126225720952,3,141.96196,pakistan,draw_167
Male,1.0421852394293296,3,141.96196,pakistan,draw_167
Female,1.042592186517542,2,142.07207,pakistan,draw_167
Male,1.0468678064648989,2,142.07207,pakistan,draw_167
Female,1.0459211226310314,3,142.07207,pakistan,draw_167
Male,1.04266164724995,3,142.07207,pakistan,draw_167
Female,1.0430692368035996,2,142.18218,pakistan,draw_167
Male,1.047364904179039,2,142.18218,pakistan,draw_167
Female,1.046431247243279,3,142.18218,pakistan,draw_167
Male,1.0431396593466786,3,142.18218,pakistan,draw_167
Female,1.0435483769886844,2,142.29229,pakistan,draw_167
Male,1.0478630075108952,2,142.29229,pakistan,draw_167
Female,1.0469436930116816,3,142.29229,pakistan,draw_167
Male,1.043619284580296,3,142.29229,pakistan,draw_167
Female,1.0440296048563764,2,142.4024,pakistan,draw_167
Male,1.0483625850071376,2,142.4024,pakistan,draw_167
Female,1.0474586110398145,3,142.4024,pakistan,draw_167
Male,1.0441010132863007,3,142.4024,pakistan,draw_167
Female,1.0445126246482497,2,142.51251,pakistan,draw_167
Male,1.048863155978271,2,142.51251,pakistan,draw_167
Female,1.0479756276209269,3,142.51251,pakistan,draw_167
Male,1.0445843842723164,3,142.51251,pakistan,draw_167
Female,1.0449968617848007,2,142.62262,pakistan,draw_167
Male,1.0493646981732117,2,142.62262,pakistan,draw_167
Female,1.0484942850427224,3,142.62262,pakistan,draw_167
Male,1.0450693543350011,3,142.62262,pakistan,draw_167
Female,1.0454825767525946,2,142.73273,pakistan,draw_167
Male,1.0498668840504457,2,142.73273,pakistan,draw_167
Female,1.04901479718354,3,142.73273,pakistan,draw_167
Male,1.0455557189881846,3,142.73273,pakistan,draw_167
Female,1.045970248171305,2,142.84284,pakistan,draw_167
Male,1.0503700127603826,2,142.84284,pakistan,draw_167
Female,1.0495375524379642,3,142.84284,pakistan,draw_167
Male,1.0460436715164252,3,142.84284,pakistan,draw_167
Female,1.0464590495216548,2,142.95295,pakistan,draw_167
Male,1.0508740026387833,2,142.95295,pakistan,draw_167
Female,1.0500618847429521,3,142.95295,pakistan,draw_167
Male,1.0465331548739538,3,142.95295,pakistan,draw_167
Female,1.0469491934475026,2,143.06306,pakistan,draw_167
Male,1.0513791768180705,2,143.06306,pakistan,draw_167
Female,1.0505880106236574,3,143.06306,pakistan,draw_167
Male,1.0470244501427384,3,143.06306,pakistan,draw_167
Female,1.0474421085083456,2,143.17317,pakistan,draw_167
Male,1.0518855539002987,2,143.17317,pakistan,draw_167
Female,1.051117008945216,3,143.17317,pakistan,draw_167
Male,1.0475175436799946,3,143.17317,pakistan,draw_167
Female,1.04793612958452,2,143.28328,pakistan,draw_167
Male,1.0523931613907727,2,143.28328,pakistan,draw_167
Female,1.051647532772108,3,143.28328,pakistan,draw_167
Male,1.0480123500428462,3,143.28328,pakistan,draw_167
Female,1.0484317132747134,2,143.39339,pakistan,draw_167
Male,1.0529013272951289,2,143.39339,pakistan,draw_167
Female,1.052179948083582,3,143.39339,pakistan,draw_167
Male,1.0485084822024235,3,143.39339,pakistan,draw_167
Female,1.048928385872751,2,143.5035,pakistan,draw_167
Male,1.0534102167965544,2,143.5035,pakistan,draw_167
Female,1.0527139395246785,3,143.5035,pakistan,draw_167
Male,1.0490060408368151,3,143.5035,pakistan,draw_167
Female,1.049427066830998,2,143.61361,pakistan,draw_167
Male,1.0539200785528315,2,143.61361,pakistan,draw_167
Female,1.0532502097824412,3,143.61361,pakistan,draw_167
Male,1.0495051596568137,3,143.61361,pakistan,draw_167
Female,1.0499273592104317,2,143.72372,pakistan,draw_167
Male,1.0544308453634026,2,143.72372,pakistan,draw_167
Female,1.053788377409855,3,143.72372,pakistan,draw_167
Male,1.0500058083677652,3,143.72372,pakistan,draw_167
Female,1.050429485560571,2,143.83383,pakistan,draw_167
Male,1.0549428428766576,2,143.83383,pakistan,draw_167
Female,1.0543287716416687,3,143.83383,pakistan,draw_167
Male,1.0505083798607548,3,143.83383,pakistan,draw_167
Female,1.0509330700900292,2,143.94394,pakistan,draw_167
Male,1.0554558650611872,2,143.94394,pakistan,draw_167
Female,1.054870992547148,3,143.94394,pakistan,draw_167
Male,1.0510125510770023,3,143.94394,pakistan,draw_167
Female,1.0514382939155764,2,144.05405,pakistan,draw_167
Male,1.055969788469653,2,144.05405,pakistan,draw_167
Female,1.0554151539818724,3,144.05405,pakistan,draw_167
Male,1.05151823620772,3,144.05405,pakistan,draw_167
Female,1.0519451184069544,2,144.16416,pakistan,draw_167
Male,1.0564843164422926,2,144.16416,pakistan,draw_167
Female,1.0559612051078084,3,144.16416,pakistan,draw_167
Male,1.05202526413684,3,144.16416,pakistan,draw_167
Female,1.0524530450029,2,144.27427,pakistan,draw_167
Male,1.0569996589595638,2,144.27427,pakistan,draw_167
Female,1.056508777605366,3,144.27427,pakistan,draw_167
Male,1.0525337521847598,3,144.27427,pakistan,draw_167
Female,1.0529629555269844,2,144.38438,pakistan,draw_167
Male,1.057515895949866,2,144.38438,pakistan,draw_167
Female,1.057058514696223,3,144.38438,pakistan,draw_167
Male,1.0530437284419123,3,144.38438,pakistan,draw_167
Female,1.0534740356754468,2,144.49449,pakistan,draw_167
Male,1.0580332829085077,2,144.49449,pakistan,draw_167
Female,1.057609886388642,3,144.49449,pakistan,draw_167
Male,1.05355542354775,3,144.49449,pakistan,draw_167
Female,1.0539872368311745,2,144.6046,pakistan,draw_167
Male,1.058551819661397,2,144.6046,pakistan,draw_167
Female,1.0581635930261695,3,144.6046,pakistan,draw_167
Male,1.0540688434506604,3,144.6046,pakistan,draw_167
Female,1.054502074313017,2,144.71471,pakistan,draw_167
Male,1.0590713120429665,2,144.71471,pakistan,draw_167
Female,1.0587192501741272,3,144.71471,pakistan,draw_167
Male,1.0545837488027172,3,144.71471,pakistan,draw_167
Female,1.0550181706160335,2,144.82482,pakistan,draw_167
Male,1.0595915682699542,2,144.82482,pakistan,draw_167
Female,1.0592765182514097,3,144.82482,pakistan,draw_167
Male,1.055100044710639,3,144.82482,pakistan,draw_167
Female,1.055536072817026,2,144.93493,pakistan,draw_167
Male,1.060112347391034,2,144.93493,pakistan,draw_167
Female,1.059835789341459,3,144.93493,pakistan,draw_167
Male,1.0556175955079978,3,144.93493,pakistan,draw_167
Female,1.056054627179191,2,145.04505,pakistan,draw_167
Male,1.060634089095917,2,145.04505,pakistan,draw_167
Female,1.060396236170062,3,145.04505,pakistan,draw_167
Male,1.056136667244027,3,145.04505,pakistan,draw_167
Female,1.0565754048403575,2,145.15516,pakistan,draw_167
Male,1.0611566512170605,2,145.15516,pakistan,draw_167
Female,1.0609589962417794,3,145.15516,pakistan,draw_167
Male,1.0566571402140579,3,145.15516,pakistan,draw_167
Female,1.0570977664781533,2,145.26527,pakistan,draw_167
Male,1.0616804728992713,2,145.26527,pakistan,draw_167
Female,1.0615237874502945,3,145.26527,pakistan,draw_167
Male,1.0571794641841905,3,145.26527,pakistan,draw_167
Female,1.0576220107715963,2,145.37538,pakistan,draw_167
Male,1.0622051372962058,2,145.37538,pakistan,draw_167
Female,1.0620906779674304,3,145.37538,pakistan,draw_167
Male,1.0577031981252794,3,145.37538,pakistan,draw_167
Female,1.0581471934659352,2,145.48549,pakistan,draw_167
Male,1.0627306166945703,2,145.48549,pakistan,draw_167
Female,1.0626589190224982,3,145.48549,pakistan,draw_167
Male,1.0582283321830155,3,145.48549,pakistan,draw_167
Female,1.058674408892892,2,145.5956,pakistan,draw_167
Male,1.0632561773387856,2,145.5956,pakistan,draw_167
Female,1.0632292851308351,3,145.5956,pakistan,draw_167
Male,1.0587544265804545,3,145.5956,pakistan,draw_167
Female,1.0592023183605999,2,145.70571,pakistan,draw_167
Male,1.0637829447011455,2,145.70571,pakistan,draw_167
Female,1.063800755123248,3,145.70571,pakistan,draw_167
Male,1.0592821457092032,3,145.70571,pakistan,draw_167
Female,1.0597324522695146,2,145.81582,pakistan,draw_167
Male,1.0643105425104253,2,145.81582,pakistan,draw_167
Female,1.0643744623579405,3,145.81582,pakistan,draw_167
Male,1.059811245672884,3,145.81582,pakistan,draw_167
Female,1.0602637528278922,2,145.92593,pakistan,draw_167
Male,1.0648390721104786,2,145.92593,pakistan,draw_167
Female,1.064949738528708,3,145.92593,pakistan,draw_167
Male,1.060341897872741,3,145.92593,pakistan,draw_167
Female,1.0607971005117751,2,146.03604,pakistan,draw_167
Male,1.0653686017947193,2,146.03604,pakistan,draw_167
Female,1.0655272207728397,3,146.03604,pakistan,draw_167
Male,1.0608740811517927,3,146.03604,pakistan,draw_167
Female,1.0613322181856601,2,146.14615,pakistan,draw_167
Male,1.0658989979283389,2,146.14615,pakistan,draw_167
Female,1.0661066185808301,3,146.14615,pakistan,draw_167
Male,1.0614076506690513,3,146.14615,pakistan,draw_167
Female,1.0618690041350969,2,146.25626,pakistan,draw_167
Male,1.0664302728429467,2,146.25626,pakistan,draw_167
Female,1.066687803492851,3,146.25626,pakistan,draw_167
Male,1.0619426264605039,3,146.25626,pakistan,draw_167
Female,1.0624067470764462,2,146.36637,pakistan,draw_167
Male,1.0669619224501397,2,146.36637,pakistan,draw_167
Female,1.067270338032054,3,146.36637,pakistan,draw_167
Male,1.062478680375617,3,146.36637,pakistan,draw_167
Female,1.062945807440005,2,146.47648,pakistan,draw_167
Male,1.0674941651375047,2,146.47648,pakistan,draw_167
Female,1.067854542662739,3,146.47648,pakistan,draw_167
Male,1.0630159153525083,3,146.47648,pakistan,draw_167
Female,1.0634863534314372,2,146.58659,pakistan,draw_167
Male,1.068027195458605,2,146.58659,pakistan,draw_167
Female,1.0684404756579913,3,146.58659,pakistan,draw_167
Male,1.0635544383318432,3,146.58659,pakistan,draw_167
Female,1.0640286957599945,2,146.6967,pakistan,draw_167
Male,1.0685613751544019,2,146.6967,pakistan,draw_167
Female,1.0690284575729732,3,146.6967,pakistan,draw_167
Male,1.0640946253963703,3,146.6967,pakistan,draw_167
Female,1.064572617284963,2,146.80681,pakistan,draw_167
Male,1.0690962974879912,2,146.80681,pakistan,draw_167
Female,1.0696182023227236,3,146.80681,pakistan,draw_167
Male,1.0646360552146938,3,146.80681,pakistan,draw_167
Female,1.0651180824728304,2,146.91692,pakistan,draw_167
Male,1.0696325353906484,2,146.91692,pakistan,draw_167
Female,1.0702095999145425,3,146.91692,pakistan,draw_167
Male,1.0651790677234245,3,146.91692,pakistan,draw_167
Female,1.0656649906422895,2,147.02703,pakistan,draw_167
Male,1.0701688390941078,2,147.02703,pakistan,draw_167
Female,1.07080261916636,3,147.02703,pakistan,draw_167
Male,1.0657229343245216,3,147.02703,pakistan,draw_167
Female,1.0662130795356035,2,147.13714,pakistan,draw_167
Male,1.0707056144879787,2,147.13714,pakistan,draw_167
Female,1.0713970944025584,3,147.13714,pakistan,draw_167
Male,1.0662678914961028,3,147.13714,pakistan,draw_167
Female,1.0667626230991325,2,147.24725,pakistan,draw_167
Male,1.0712431702887946,2,147.24725,pakistan,draw_167
Female,1.0719932068036964,3,147.24725,pakistan,draw_167
Male,1.0668141613025368,3,147.24725,pakistan,draw_167
Female,1.0673139349303522,2,147.35736,pakistan,draw_167
Male,1.0717816852834476,2,147.35736,pakistan,draw_167
Female,1.0725912158316206,3,147.35736,pakistan,draw_167
Male,1.067361891949658,3,147.35736,pakistan,draw_167
Female,1.0678669014536615,2,147.46747,pakistan,draw_167
Male,1.0723204141289275,2,147.46747,pakistan,draw_167
Female,1.0731910373017628,3,147.46747,pakistan,draw_167
Male,1.067910662652862,3,147.46747,pakistan,draw_167
Female,1.0684211607193628,2,147.57758,pakistan,draw_167
Male,1.0728604065250462,2,147.57758,pakistan,draw_167
Female,1.0737924744251415,3,147.57758,pakistan,draw_167
Male,1.068460986068099,3,147.57758,pakistan,draw_167
Female,1.0689768902159835,2,147.68769,pakistan,draw_167
Male,1.0734011257518061,2,147.68769,pakistan,draw_167
Female,1.0743955508603535,3,147.68769,pakistan,draw_167
Male,1.0690125365149874,3,147.68769,pakistan,draw_167
Female,1.0695339239038497,2,147.7978,pakistan,draw_167
Male,1.0739423071781802,2,147.7978,pakistan,draw_167
Female,1.075000162710354,3,147.7978,pakistan,draw_167
Male,1.069565144918365,3,147.7978,pakistan,draw_167
Female,1.070092415540587,2,147.90791,pakistan,draw_167
Male,1.0744839615996735,2,147.90791,pakistan,draw_167
Female,1.0756063464500338,3,147.90791,pakistan,draw_167
Male,1.0701188042675969,3,147.90791,pakistan,draw_167
Female,1.0706519914704857,2,148.01802,pakistan,draw_167
Male,1.0750262637131347,2,148.01802,pakistan,draw_167
Female,1.0762138424483778,3,148.01802,pakistan,draw_167
Male,1.0706735893689747,3,148.01802,pakistan,draw_167
Female,1.0712139466365982,2,148.12813,pakistan,draw_167
Male,1.0755694783615726,2,148.12813,pakistan,draw_167
Female,1.0768237460149472,3,148.12813,pakistan,draw_167
Male,1.071229800443728,3,148.12813,pakistan,draw_167
Female,1.0717769990596189,2,148.23824,pakistan,draw_167
Male,1.076113334009259,2,148.23824,pakistan,draw_167
Female,1.0774350030039725,3,148.23824,pakistan,draw_167
Male,1.0717871392072933,3,148.23824,pakistan,draw_167
Female,1.0723415143948536,2,148.34835,pakistan,draw_167
Male,1.0766578226938182,2,148.34835,pakistan,draw_167
Female,1.0780478022860978,3,148.34835,pakistan,draw_167
Male,1.0723455949270086,3,148.34835,pakistan,draw_167
Female,1.0729080399039983,2,148.45846,pakistan,draw_167
Male,1.0772029412327204,2,148.45846,pakistan,draw_167
Female,1.078662539641873,3,148.45846,pakistan,draw_167
Male,1.0729051302496189,3,148.45846,pakistan,draw_167
Female,1.0734752914604588,2,148.56857,pakistan,draw_167
Male,1.0777483211340255,2,148.56857,pakistan,draw_167
Female,1.0792783673357418,3,148.56857,pakistan,draw_167
Male,1.0734655446757908,3,148.56857,pakistan,draw_167
Female,1.0740435175784075,2,148.67868,pakistan,draw_167
Male,1.0782943112285286,2,148.67868,pakistan,draw_167
Female,1.0798954097054987,3,148.67868,pakistan,draw_167
Male,1.0740270393130977,3,148.67868,pakistan,draw_167
Female,1.0746133628818446,2,148.78879,pakistan,draw_167
Male,1.0788417129642713,2,148.78879,pakistan,draw_167
Female,1.080514232783993,3,148.78879,pakistan,draw_167
Male,1.0745901269147127,3,148.78879,pakistan,draw_167
Female,1.0751852417532572,2,148.8989,pakistan,draw_167
Male,1.079389167752702,2,148.8989,pakistan,draw_167
Female,1.081135034727774,3,148.8989,pakistan,draw_167
Male,1.0751540034461786,3,148.8989,pakistan,draw_167
Female,1.0757575380328408,2,149.00901,pakistan,draw_167
Male,1.0799371762705632,2,149.00901,pakistan,draw_167
Female,1.081756598803667,3,149.00901,pakistan,draw_167
Male,1.0757189006627104,3,149.00901,pakistan,draw_167
Female,1.0763322277450154,2,149.11912,pakistan,draw_167
Male,1.0804858857801953,2,149.11912,pakistan,draw_167
Female,1.0823804614311077,3,149.11912,pakistan,draw_167
Male,1.0762848533263063,3,149.11912,pakistan,draw_167
Female,1.0769071187556263,2,149.22923,pakistan,draw_167
Male,1.0810350501342558,2,149.22923,pakistan,draw_167
Female,1.0830049638391062,3,149.22923,pakistan,draw_167
Male,1.076851713482971,3,149.22923,pakistan,draw_167
Female,1.0774834851740094,2,149.33934,pakistan,draw_167
Male,1.0815845737871066,2,149.33934,pakistan,draw_167
Female,1.083631031391336,3,149.33934,pakistan,draw_167
Male,1.0774194508154133,3,149.33934,pakistan,draw_167
Female,1.0780611775380247,2,149.44945,pakistan,draw_167
Male,1.08213474206683,2,149.44945,pakistan,draw_167
Female,1.084258503209263,3,149.44945,pakistan,draw_167
Male,1.0779882538718033,3,149.44945,pakistan,draw_167
Female,1.078640889676542,2,149.55956,pakistan,draw_167
Male,1.0826856998770173,2,149.55956,pakistan,draw_167
Female,1.084887962656829,3,149.55956,pakistan,draw_167
Male,1.0785582602359665,3,149.55956,pakistan,draw_167
Female,1.0792210114223424,2,149.66967,pakistan,draw_167
Male,1.0832372613037013,2,149.66967,pakistan,draw_167
Female,1.0855181029782783,3,149.66967,pakistan,draw_167
Male,1.0791292177781502,3,149.66967,pakistan,draw_167
Female,1.0798030177671445,2,149.77978,pakistan,draw_167
Male,1.0837893488542745,2,149.77978,pakistan,draw_167
Female,1.086149956773443,3,149.77978,pakistan,draw_167
Male,1.0797010674996088,3,149.77978,pakistan,draw_167
Female,1.0803861411321078,2,149.88989,pakistan,draw_167
Male,1.0843419466466075,2,149.88989,pakistan,draw_167
Female,1.0867830205714823,3,149.88989,pakistan,draw_167
Male,1.0802738859841252,3,149.88989,pakistan,draw_167
Female,1.0809699010660863,2,150.0,pakistan,draw_167
Male,1.0848946686432364,2,150.0,pakistan,draw_167
Female,1.0874169009215486,3,150.0,pakistan,draw_167
Male,1.0808473671042338,3,150.0,pakistan,draw_167
