sex_of_child,value,age_group_id,exposure,location,draw
Female,2.2033116449531662,2,40.0,ethiopia,draw_79
Male,2.380958049392967,2,40.0,ethiopia,draw_79
Female,1.9743300500028265,3,40.0,ethiopia,draw_79
Male,2.0174212303719714,3,40.0,ethiopia,draw_79
Female,2.198848294532597,2,40.11011,ethiopia,draw_79
Male,2.376654410878005,2,40.11011,ethiopia,draw_79
Female,1.97142255487402,3,40.11011,ethiopia,draw_79
Male,2.014709740564521,3,40.11011,ethiopia,draw_79
Female,2.194399437371438,2,40.22022,ethiopia,draw_79
Male,2.3723611188035845,2,40.22022,ethiopia,draw_79
Female,1.9685215193954027,3,40.22022,ethiopia,draw_79
Male,2.01200340446626,3,40.22022,ethiopia,draw_79
Female,2.1899648468556836,2,40.33033,ethiopia,draw_79
Male,2.3680794987394718,2,40.33033,ethiopia,draw_79
Female,1.9656268616170907,3,40.33033,ethiopia,draw_79
Male,2.0093027785784545,3,40.33033,ethiopia,draw_79
Female,2.185545512888216,2,40.44044,ethiopia,draw_79
Male,2.363808342643939,2,40.44044,ethiopia,draw_79
Female,1.9627389725875963,3,40.44044,ethiopia,draw_79
Male,2.006607088474612,3,40.44044,ethiopia,draw_79
Female,2.181139701490257,2,40.55055,ethiopia,draw_79
Male,2.359547473656116,2,40.55055,ethiopia,draw_79
Female,1.959857088916893,3,40.55055,ethiopia,draw_79
Male,2.00391662471971,3,40.55055,ethiopia,draw_79
Female,2.176747611172769,2,40.66066,ethiopia,draw_79
Male,2.355298684838641,2,40.66066,ethiopia,draw_79
Female,1.9569812575257888,3,40.66066,ethiopia,draw_79
Male,2.0012323256887568,3,40.66066,ethiopia,draw_79
Female,2.172371013724847,2,40.77077,ethiopia,draw_79
Male,2.3510608247239047,2,40.77077,ethiopia,draw_79
Female,1.954112424740574,3,40.77077,ethiopia,draw_79
Male,1.9985532896615366,3,40.77077,ethiopia,draw_79
Female,2.1680074023577802,2,40.88088,ethiopia,draw_79
Male,2.346833635036351,2,40.88088,ethiopia,draw_79
Female,1.9512495329508501,3,40.88088,ethiopia,draw_79
Male,1.9958795265031524,3,40.88088,ethiopia,draw_79
Female,2.1636566439697287,2,40.99099,ethiopia,draw_79
Male,2.3426171706631016,2,40.99099,ethiopia,draw_79
Female,1.9483923490221209,3,40.99099,ethiopia,draw_79
Male,1.9932109716879682,3,40.99099,ethiopia,draw_79
Female,2.159320318556645,2,41.1011,ethiopia,draw_79
Male,2.3384138503714866,2,41.1011,ethiopia,draw_79
Female,1.9455416871861149,3,41.1011,ethiopia,draw_79
Male,1.9905485475259992,3,41.1011,ethiopia,draw_79
Female,2.1549978083887895,2,41.21121,ethiopia,draw_79
Male,2.3342196628318472,2,41.21121,ethiopia,draw_79
Female,1.9426973188438854,3,41.21121,ethiopia,draw_79
Male,1.9878906425214395,3,41.21121,ethiopia,draw_79
Female,2.1506896671945817,2,41.32132,ethiopia,draw_79
Male,2.330037559585217,2,41.32132,ethiopia,draw_79
Female,1.9398594905994049,3,41.32132,ethiopia,draw_79
Male,1.9852386306694751,3,41.32132,ethiopia,draw_79
Female,2.1463950375520455,2,41.43143,ethiopia,draw_79
Male,2.325865522207572,2,41.43143,ethiopia,draw_79
Female,1.937027637775789,3,41.43143,ethiopia,draw_79
Male,1.9825917734436784,3,41.43143,ethiopia,draw_79
Female,2.142115359202264,2,41.54154,ethiopia,draw_79
Male,2.321704522535848,2,41.54154,ethiopia,draw_79
Female,1.9342023941667477,3,41.54154,ethiopia,draw_79
Male,1.9799503480931067,3,41.54154,ethiopia,draw_79
Female,2.137849711797921,2,41.65165,ethiopia,draw_79
Male,2.3175552898243024,2,41.65165,ethiopia,draw_79
Female,1.9313834421409022,3,41.65165,ethiopia,draw_79
Male,1.9773147517041907,3,41.65165,ethiopia,draw_79
Female,2.1335978035219947,2,41.76176,ethiopia,draw_79
Male,2.3134162820536948,2,41.76176,ethiopia,draw_79
Female,1.9285707188955568,3,41.76176,ethiopia,draw_79
Male,1.9746842466024697,3,41.76176,ethiopia,draw_79
Female,2.1293590647156364,2,41.87187,ethiopia,draw_79
Male,2.3092875600510876,2,41.87187,ethiopia,draw_79
Female,1.9257639862589295,3,41.87187,ethiopia,draw_79
Male,1.9720587591868302,3,41.87187,ethiopia,draw_79
Female,2.1251334761519454,2,41.98198,ethiopia,draw_79
Male,2.3051705625535663,2,41.98198,ethiopia,draw_79
Female,1.9229631886070602,3,41.98198,ethiopia,draw_79
Male,1.9694390330325549,3,41.98198,ethiopia,draw_79
Female,2.120920950217781,2,42.09209,ethiopia,draw_79
Male,2.301063721453703,2,42.09209,ethiopia,draw_79
Female,1.9201682123160413,3,42.09209,ethiopia,draw_79
Male,1.9668243177160307,3,42.09209,ethiopia,draw_79
Female,2.116723108727807,2,42.2022,ethiopia,draw_79
Male,2.2969671911379206,2,42.2022,ethiopia,draw_79
Female,1.9173800931591882,3,42.2022,ethiopia,draw_79
Male,1.9642145705116945,3,42.2022,ethiopia,draw_79
Female,2.112538603420171,2,42.31231,ethiopia,draw_79
Male,2.2928812053421153,2,42.31231,ethiopia,draw_79
Female,1.9145979443008172,3,42.31231,ethiopia,draw_79
Male,1.9616098623218812,3,42.31231,ethiopia,draw_79
Female,2.108367375552594,2,42.42242,ethiopia,draw_79
Male,2.2888064599481,2,42.42242,ethiopia,draw_79
Female,1.9118218104146045,3,42.42242,ethiopia,draw_79
Male,1.9590106877239302,3,42.42242,ethiopia,draw_79
Female,2.1042093694013895,2,42.53253,ethiopia,draw_79
Male,2.284741113341276,2,42.53253,ethiopia,draw_79
Female,1.9090517338809014,3,42.53253,ethiopia,draw_79
Male,1.9564161566932414,3,42.53253,ethiopia,draw_79
Female,2.1000660210907456,2,42.64264,ethiopia,draw_79
Male,2.2806863010501837,2,42.64264,ethiopia,draw_79
Female,1.9062882474329679,3,42.64264,ethiopia,draw_79
Male,1.9538269770250278,3,42.64264,ethiopia,draw_79
Female,2.0959351886198894,2,42.75275,ethiopia,draw_79
Male,2.276642835950738,2,42.75275,ethiopia,draw_79
Female,1.9035306425576264,3,42.75275,ethiopia,draw_79
Male,1.9512432378086744,3,42.75275,ethiopia,draw_79
Female,2.0918170128617746,2,42.86286,ethiopia,draw_79
Male,2.2726080639085646,2,42.86286,ethiopia,draw_79
Female,1.9007789331706082,3,42.86286,ethiopia,draw_79
Male,1.9486637762681895,3,42.86286,ethiopia,draw_79
Female,2.0877121355149653,2,42.97297,ethiopia,draw_79
Male,2.2685852084073934,2,42.97297,ethiopia,draw_79
Female,1.898033217383986,3,42.97297,ethiopia,draw_79
Male,1.946090332928899,3,42.97297,ethiopia,draw_79
Female,2.0836214596462836,2,43.08308,ethiopia,draw_79
Male,2.26457106552665,2,43.08308,ethiopia,draw_79
Female,1.895293908741753,3,43.08308,ethiopia,draw_79
Male,1.9435211328100135,3,43.08308,ethiopia,draw_79
Female,2.0795441353515476,2,43.19319,ethiopia,draw_79
Male,2.2601878430815576,2,43.19319,ethiopia,draw_79
Female,1.8925607179679378,3,43.19319,ethiopia,draw_79
Male,1.9407084857533121,3,43.19319,ethiopia,draw_79
Female,2.0754803432239814,2,43.3033,ethiopia,draw_79
Male,2.255649796719075,2,43.3033,ethiopia,draw_79
Female,1.8898336339812576,3,43.3033,ethiopia,draw_79
Male,1.937792090125431,3,43.3033,ethiopia,draw_79
Female,2.071429589511263,2,43.41341,ethiopia,draw_79
Male,2.2511236495615328,2,43.41341,ethiopia,draw_79
Female,1.8871124975923261,3,43.41341,ethiopia,draw_79
Male,1.9348819374352875,3,43.41341,ethiopia,draw_79
Female,2.0673926987796487,2,43.52352,ethiopia,draw_79
Male,2.246611025398069,2,43.52352,ethiopia,draw_79
Female,1.884397556330563,3,43.52352,ethiopia,draw_79
Male,1.931978554711739,3,43.52352,ethiopia,draw_79
Female,2.0633670824506987,2,43.63363,ethiopia,draw_79
Male,2.2421113980263465,2,43.63363,ethiopia,draw_79
Female,1.8816876872781887,3,43.63363,ethiopia,draw_79
Male,1.9290817056508633,3,43.63363,ethiopia,draw_79
Female,2.0593541585117636,2,43.74374,ethiopia,draw_79
Male,2.2376246773139847,2,43.74374,ethiopia,draw_79
Female,1.8789836819538603,3,43.74374,ethiopia,draw_79
Male,1.9261913347360446,3,43.74374,ethiopia,draw_79
Female,2.055354752930519,2,43.85385,ethiopia,draw_79
Male,2.23315086774633,2,43.85385,ethiopia,draw_79
Female,1.876286057593942,3,43.85385,ethiopia,draw_79
Male,1.9233074133510581,3,43.85385,ethiopia,draw_79
Female,2.0513679662841593,2,43.96396,ethiopia,draw_79
Male,2.228690987361762,2,43.96396,ethiopia,draw_79
Female,1.8735944505560365,3,43.96396,ethiopia,draw_79
Male,1.9204303091461663,3,43.96396,ethiopia,draw_79
Female,2.047394334839989,2,44.07407,ethiopia,draw_79
Male,2.2242426977210052,2,44.07407,ethiopia,draw_79
Female,1.8709088472400874,3,44.07407,ethiopia,draw_79
Male,1.9175589394274337,3,44.07407,ethiopia,draw_79
Female,2.04343372047396,2,44.18418,ethiopia,draw_79
Male,2.2198079817942533,2,44.18418,ethiopia,draw_79
Female,1.8682292382626131,3,44.18418,ethiopia,draw_79
Male,1.9146942122127113,3,44.18418,ethiopia,draw_79
Female,2.039486455058223,2,44.29429,ethiopia,draw_79
Male,2.215387343320392,2,44.29429,ethiopia,draw_79
Female,1.8655558926823266,3,44.29429,ethiopia,draw_79
Male,1.9118366185928872,3,44.29429,ethiopia,draw_79
Female,2.035551065690133,2,44.4044,ethiopia,draw_79
Male,2.2109785749967807,2,44.4044,ethiopia,draw_79
Female,1.8628879216620315,3,44.4044,ethiopia,draw_79
Male,1.9089851800597015,3,44.4044,ethiopia,draw_79
Female,2.0316285177794686,2,44.51451,ethiopia,draw_79
Male,2.206583303522543,2,44.51451,ethiopia,draw_79
Female,1.8602257397913264,3,44.51451,ethiopia,draw_79
Male,1.9061405193750327,3,44.51451,ethiopia,draw_79
Female,2.0277183860438894,2,44.62462,ethiopia,draw_79
Male,2.2022007473496306,2,44.62462,ethiopia,draw_79
Female,1.8575691906136058,3,44.62462,ethiopia,draw_79
Male,1.9033019844802472,3,44.62462,ethiopia,draw_79
Female,2.0238215688382883,2,44.73473,ethiopia,draw_79
Male,2.197831105337446,2,44.73473,ethiopia,draw_79
Female,1.8549187555848308,3,44.73473,ethiopia,draw_79
Male,1.9004700218956097,3,44.73473,ethiopia,draw_79
Female,2.0199376200074664,2,44.84484,ethiopia,draw_79
Male,2.193474786321057,2,44.84484,ethiopia,draw_79
Female,1.8522742351823427,3,44.84484,ethiopia,draw_79
Male,1.8976447457700554,3,44.84484,ethiopia,draw_79
Female,2.0160663489488413,2,44.95495,ethiopia,draw_79
Male,2.1891315998786394,2,44.95495,ethiopia,draw_79
Female,1.8496355476066844,3,44.95495,ethiopia,draw_79
Male,1.8948258488217329,3,44.95495,ethiopia,draw_79
Female,2.012206355698344,2,45.06507,ethiopia,draw_79
Male,2.184800465168111,2,45.06507,ethiopia,draw_79
Female,1.8470021710546989,3,45.06507,ethiopia,draw_79
Male,1.8920127787691672,3,45.06507,ethiopia,draw_79
Female,2.0083574793880827,2,45.17518,ethiopia,draw_79
Male,2.1804833816337075,2,45.17518,ethiopia,draw_79
Female,1.8443740039466614,3,45.17518,ethiopia,draw_79
Male,1.8892068830181612,3,45.17518,ethiopia,draw_79
Female,2.0045216350081843,2,45.28529,ethiopia,draw_79
Male,2.1761796360868764,2,45.28529,ethiopia,draw_79
Female,1.8417519540975875,3,45.28529,ethiopia,draw_79
Male,1.8864077678478366,3,45.28529,ethiopia,draw_79
Female,2.0006975558270725,2,45.3954,ethiopia,draw_79
Male,2.171888723218781,2,45.3954,ethiopia,draw_79
Female,1.8391352705133606,3,45.3954,ethiopia,draw_79
Male,1.883614928840078,3,45.3954,ethiopia,draw_79
Female,1.9968867586279007,2,45.50551,ethiopia,draw_79
Male,2.167611014457197,2,45.50551,ethiopia,draw_79
Female,1.836524852798543,3,45.50551,ethiopia,draw_79
Male,1.8808286554789542,3,45.50551,ethiopia,draw_79
Female,1.9930877801912397,2,45.61562,ethiopia,draw_79
Male,2.163345037355183,2,45.61562,ethiopia,draw_79
Female,1.8339200841066776,3,45.61562,ethiopia,draw_79
Male,1.8780482241149155,3,45.61562,ethiopia,draw_79
Female,1.9893005344735073,2,45.72573,ethiopia,draw_79
Male,2.1590909166914165,2,45.72573,ethiopia,draw_79
Female,1.8313207509012452,3,45.72573,ethiopia,draw_79
Male,1.875273589666369,3,45.72573,ethiopia,draw_79
Female,1.9855268827504085,2,45.83584,ethiopia,draw_79
Male,2.154849215506828,2,45.83584,ethiopia,draw_79
Female,1.8287277127872186,3,45.83584,ethiopia,draw_79
Male,1.8725051555821546,3,45.83584,ethiopia,draw_79
Female,1.981765924666514,2,45.94595,ethiopia,draw_79
Male,2.150619307214912,2,45.94595,ethiopia,draw_79
Female,1.8261406524431467,3,45.94595,ethiopia,draw_79
Male,1.8697425940659833,3,45.94595,ethiopia,draw_79
Female,1.9780175750297881,2,46.05606,ethiopia,draw_79
Male,2.1464012177821536,2,46.05606,ethiopia,draw_79
Female,1.8235595593472138,3,46.05606,ethiopia,draw_79
Male,1.866986167589332,3,46.05606,ethiopia,draw_79
Female,1.9742824133184014,2,46.16617,ethiopia,draw_79
Male,2.1421960862988634,2,46.16617,ethiopia,draw_79
Female,1.8209845877647914,3,46.16617,ethiopia,draw_79
Male,1.8642362683763516,3,46.16617,ethiopia,draw_79
Female,1.9705578321711952,2,46.27628,ethiopia,draw_79
Male,2.1380014820295705,2,46.27628,ethiopia,draw_79
Female,1.8184144414126295,3,46.27628,ethiopia,draw_79
Male,1.8614918680848431,3,46.27628,ethiopia,draw_79
Female,1.9668458228432666,2,46.38639,ethiopia,draw_79
Male,2.1338196361239277,2,46.38639,ethiopia,draw_79
Female,1.8158503046630963,3,46.38639,ethiopia,draw_79
Male,1.85875400814796,3,46.38639,ethiopia,draw_79
Female,1.963146444195397,2,46.4965,ethiopia,draw_79
Male,2.1296488838660825,2,46.4965,ethiopia,draw_79
Female,1.8132922137355318,3,46.4965,ethiopia,draw_79
Male,1.8560216129534317,3,46.4965,ethiopia,draw_79
Female,1.9594584703851343,2,46.60661,ethiopia,draw_79
Male,2.1254916594110482,2,46.60661,ethiopia,draw_79
Female,1.810739484314068,3,46.60661,ethiopia,draw_79
Male,1.8532957473862812,3,46.60661,ethiopia,draw_79
Female,1.9557822312893958,2,46.71672,ethiopia,draw_79
Male,2.1213458499106013,2,46.71672,ethiopia,draw_79
Female,1.8081922395799854,3,46.71672,ethiopia,draw_79
Male,1.8505758295640928,3,46.71672,ethiopia,draw_79
Female,1.9521180659644792,2,46.82683,ethiopia,draw_79
Male,2.117213185381683,2,46.82683,ethiopia,draw_79
Female,1.8056506994526513,3,46.82683,ethiopia,draw_79
Male,1.8478628262466572,3,46.82683,ethiopia,draw_79
Female,1.948465082104589,2,46.93694,ethiopia,draw_79
Male,2.1130933344328704,2,46.93694,ethiopia,draw_79
Female,1.8031146124653032,3,46.93694,ethiopia,draw_79
Male,1.8451560640986953,3,46.93694,ethiopia,draw_79
Female,1.9448238261285218,2,47.04705,ethiopia,draw_79
Male,2.1089861542976704,2,47.04705,ethiopia,draw_79
Female,1.800584182136527,3,47.04705,ethiopia,draw_79
Male,1.842455422190196,3,47.04705,ethiopia,draw_79
Female,1.9411943227641602,2,47.15716,ethiopia,draw_79
Male,2.1048899641191534,2,47.15716,ethiopia,draw_79
Female,1.7980591888982285,3,47.15716,ethiopia,draw_79
Male,1.8397602979179954,3,47.15716,ethiopia,draw_79
Female,1.9375777811045911,2,47.26727,ethiopia,draw_79
Male,2.1008060256115706,2,47.26727,ethiopia,draw_79
Female,1.7955403494258986,3,47.26727,ethiopia,draw_79
Male,1.8370713668974845,3,47.26727,ethiopia,draw_79
Female,1.9339713726305203,2,47.37738,ethiopia,draw_79
Male,2.096734300228593,2,47.37738,ethiopia,draw_79
Female,1.7930261111649373,3,47.37738,ethiopia,draw_79
Male,1.83438861592696,3,47.37738,ethiopia,draw_79
Female,1.9303765892035867,2,47.48749,ethiopia,draw_79
Male,2.0926746299862455,2,47.48749,ethiopia,draw_79
Female,1.7905174750934336,3,47.48749,ethiopia,draw_79
Male,1.831711825710395,3,47.48749,ethiopia,draw_79
Female,1.9267932736866196,2,47.5976,ethiopia,draw_79
Male,2.0886279168610677,2,47.5976,ethiopia,draw_79
Female,1.7880142973384314,3,47.5976,ethiopia,draw_79
Male,1.8290416892362618,3,47.5976,ethiopia,draw_79
Female,1.923220630445829,2,47.70771,ethiopia,draw_79
Male,2.0845922986509207,2,47.70771,ethiopia,draw_79
Female,1.785516250652067,3,47.70771,ethiopia,draw_79
Male,1.8263773720691026,3,47.70771,ethiopia,draw_79
Female,1.919660549109715,2,47.81782,ethiopia,draw_79
Male,2.080567815780147,2,47.81782,ethiopia,draw_79
Female,1.783024283213972,3,47.81782,ethiopia,draw_79
Male,1.8237186997284118,3,47.81782,ethiopia,draw_79
Female,1.9161103132331447,2,47.92793,ethiopia,draw_79
Male,2.0765576971139668,2,47.92793,ethiopia,draw_79
Female,1.7805368819133047,3,47.92793,ethiopia,draw_79
Male,1.8210670468295602,3,47.92793,ethiopia,draw_79
Female,1.9125726971143406,2,48.03804,ethiopia,draw_79
Male,2.072558459513975,2,48.03804,ethiopia,draw_79
Female,1.778055602629438,3,48.03804,ethiopia,draw_79
Male,1.8184209276326966,3,48.03804,ethiopia,draw_79
Female,1.9090456330727523,2,48.14815,ethiopia,draw_79
Male,2.068569723221033,2,48.14815,ethiopia,draw_79
Female,1.7755792569508762,3,48.14815,ethiopia,draw_79
Male,1.8157802150977542,3,48.14815,ethiopia,draw_79
Female,1.9055303161845836,2,48.25826,ethiopia,draw_79
Male,2.064592859498283,2,48.25826,ethiopia,draw_79
Female,1.7731086135489607,3,48.25826,ethiopia,draw_79
Male,1.8131454579722146,3,48.25826,ethiopia,draw_79
Female,1.9020252124224035,2,48.36837,ethiopia,draw_79
Male,2.060628041023514,2,48.36837,ethiopia,draw_79
Female,1.7706428736667685,3,48.36837,ethiopia,draw_79
Male,1.8105166338283265,3,48.36837,ethiopia,draw_79
Female,1.8985299983756092,2,48.47848,ethiopia,draw_79
Male,2.0566745185377004,2,48.47848,ethiopia,draw_79
Female,1.768181794380328,3,48.47848,ethiopia,draw_79
Male,1.8078936867146933,3,48.47848,ethiopia,draw_79
Female,1.8950469007089379,2,48.58859,ethiopia,draw_79
Male,2.0527330654037144,2,48.58859,ethiopia,draw_79
Female,1.7657267103778818,3,48.58859,ethiopia,draw_79
Male,1.8052771417016984,3,48.58859,ethiopia,draw_79
Female,1.8915740259501739,2,48.6987,ethiopia,draw_79
Male,2.0488035172097567,2,48.6987,ethiopia,draw_79
Female,1.7632764892289159,3,48.6987,ethiopia,draw_79
Male,1.802666622077553,3,48.6987,ethiopia,draw_79
Female,1.888112232508852,2,48.80881,ethiopia,draw_79
Male,2.0448847902562273,2,48.80881,ethiopia,draw_79
Female,1.7608315920537163,3,48.80881,ethiopia,draw_79
Male,1.8000616981943924,3,48.80881,ethiopia,draw_79
Female,1.8846625313545138,2,48.91892,ethiopia,draw_79
Male,2.0409777084722935,2,48.91892,ethiopia,draw_79
Female,1.758392563775959,3,48.91892,ethiopia,draw_79
Male,1.797462616796876,3,48.91892,ethiopia,draw_79
Female,1.8812231516277744,2,49.02903,ethiopia,draw_79
Male,2.0370830747294266,2,49.02903,ethiopia,draw_79
Female,1.7559584662350771,3,49.02903,ethiopia,draw_79
Male,1.7948698684670965,3,49.02903,ethiopia,draw_79
Female,1.8777938034389212,2,49.13914,ethiopia,draw_79
Male,2.0332006296900533,2,49.13914,ethiopia,draw_79
Female,1.7535292805578255,3,49.13914,ethiopia,draw_79
Male,1.7922832052537914,3,49.13914,ethiopia,draw_79
Female,1.8743753909857512,2,49.24925,ethiopia,draw_79
Male,2.029328624917548,2,49.24925,ethiopia,draw_79
Female,1.7511052331546,3,49.24925,ethiopia,draw_79
Male,1.7897020684319418,3,49.24925,ethiopia,draw_79
Female,1.8709681563766762,2,49.35936,ethiopia,draw_79
Male,2.0254680766438744,2,49.35936,ethiopia,draw_79
Female,1.7486865131052443,3,49.35936,ethiopia,draw_79
Male,1.7871268186740266,3,49.35936,ethiopia,draw_79
Female,1.8675724658863508,2,49.46947,ethiopia,draw_79
Male,2.0216193424895854,2,49.46947,ethiopia,draw_79
Female,1.7462733645055264,3,49.46947,ethiopia,draw_79
Male,1.784557498362317,3,49.46947,ethiopia,draw_79
Female,1.8641875447921734,2,49.57958,ethiopia,draw_79
Male,2.0177828313250954,2,49.57958,ethiopia,draw_79
Female,1.7438653583747996,3,49.57958,ethiopia,draw_79
Male,1.7819943517978882,3,49.57958,ethiopia,draw_79
Female,1.8608129550366679,2,49.68969,ethiopia,draw_79
Male,2.0139575053780607,2,49.68969,ethiopia,draw_79
Female,1.7414621388846323,3,49.68969,ethiopia,draw_79
Male,1.7794370349324133,3,49.68969,ethiopia,draw_79
Female,1.8574501286803309,2,49.7998,ethiopia,draw_79
Male,2.010143676195537,2,49.7998,ethiopia,draw_79
Female,1.7390645981636308,3,49.7998,ethiopia,draw_79
Male,1.776885412931386,3,49.7998,ethiopia,draw_79
Female,1.854098039004759,2,49.90991,ethiopia,draw_79
Male,2.0063411822313038,2,49.90991,ethiopia,draw_79
Female,1.7366723906234136,3,49.90991,ethiopia,draw_79
Male,1.7743393948406223,3,49.90991,ethiopia,draw_79
Female,1.8507568403998826,2,50.02002,ethiopia,draw_79
Male,2.002550051574742,2,50.02002,ethiopia,draw_79
Female,1.734285528041178,3,50.02002,ethiopia,draw_79
Male,1.7717993520085407,3,50.02002,ethiopia,draw_79
Female,1.847425210024482,2,50.13013,ethiopia,draw_79
Male,1.9987675915355096,2,50.13013,ethiopia,draw_79
Female,1.7319031706645227,3,50.13013,ethiopia,draw_79
Male,1.7692639741909724,3,50.13013,ethiopia,draw_79
Female,1.8441037735202477,2,50.24024,ethiopia,draw_79
Male,1.9949985599029871,2,50.24024,ethiopia,draw_79
Female,1.7295257126194585,3,50.24024,ethiopia,draw_79
Male,1.7667352934877043,3,50.24024,ethiopia,draw_79
Female,1.8407929502387024,2,50.35035,ethiopia,draw_79
Male,1.9912409828838733,2,50.35035,ethiopia,draw_79
Female,1.727153357504328,3,50.35035,ethiopia,draw_79
Male,1.764212234833551,3,50.35035,ethiopia,draw_79
Female,1.837492898057419,2,50.46046,ethiopia,draw_79
Male,1.987494188096721,2,50.46046,ethiopia,draw_79
Female,1.7247862832088763,3,50.46046,ethiopia,draw_79
Male,1.761694768445066,3,50.46046,ethiopia,draw_79
Female,1.8342033691970954,2,50.57057,ethiopia,draw_79
Male,1.9837588872716467,2,50.57057,ethiopia,draw_79
Female,1.7224241181517514,3,50.57057,ethiopia,draw_79
Male,1.7591832920189465,3,50.57057,ethiopia,draw_79
Female,1.8309241098514806,2,50.68068,ethiopia,draw_79
Male,1.9800347289320577,2,50.68068,ethiopia,draw_79
Female,1.720067040560978,3,50.68068,ethiopia,draw_79
Male,1.7566777011580996,3,50.68068,ethiopia,draw_79
Female,1.8276553383547638,2,50.79079,ethiopia,draw_79
Male,1.9763209399668997,2,50.79079,ethiopia,draw_79
Female,1.7177151593340663,3,50.79079,ethiopia,draw_79
Male,1.7541778793060305,3,50.79079,ethiopia,draw_79
Female,1.8243965917027847,2,50.9009,ethiopia,draw_79
Male,1.9726173417765445,2,50.9009,ethiopia,draw_79
Female,1.7153683050490396,3,50.9009,ethiopia,draw_79
Male,1.7516832902170183,3,50.9009,ethiopia,draw_79
Female,1.8211487061968128,2,51.01101,ethiopia,draw_79
Male,1.968924406234952,2,51.01101,ethiopia,draw_79
Female,1.7130267470684166,3,51.01101,ethiopia,draw_79
Male,1.7491942396838671,3,51.01101,ethiopia,draw_79
Female,1.8179104763508303,2,51.12112,ethiopia,draw_79
Male,1.9652431075279122,2,51.12112,ethiopia,draw_79
Female,1.7106898469433285,3,51.12112,ethiopia,draw_79
Male,1.746711169187692,3,51.12112,ethiopia,draw_79
Female,1.8146820801110037,2,51.23123,ethiopia,draw_79
Male,1.9615721149313095,2,51.23123,ethiopia,draw_79
Female,1.708357655880613,3,51.23123,ethiopia,draw_79
Male,1.7442335821050963,3,51.23123,ethiopia,draw_79
Female,1.8114639920442381,2,51.34134,ethiopia,draw_79
Male,1.9579112377287602,2,51.34134,ethiopia,draw_79
Female,1.70603048394206,3,51.34134,ethiopia,draw_79
Male,1.7417616676288679,3,51.34134,ethiopia,draw_79
Female,1.8082556695148257,2,51.45145,ethiopia,draw_79
Male,1.9542611746681722,2,51.45145,ethiopia,draw_79
Female,1.70370806302611,3,51.45145,ethiopia,draw_79
Male,1.739295351577732,3,51.45145,ethiopia,draw_79
Female,1.8050582322100739,2,51.56156,ethiopia,draw_79
Male,1.9506220879146183,2,51.56156,ethiopia,draw_79
Female,1.7013910314730962,3,51.56156,ethiopia,draw_79
Male,1.736834463698753,3,51.56156,ethiopia,draw_79
Female,1.801870081538067,2,51.67167,ethiopia,draw_79
Male,1.94699360498522,2,51.67167,ethiopia,draw_79
Female,1.6990786408383827,3,51.67167,ethiopia,draw_79
Male,1.7343789554678086,3,51.67167,ethiopia,draw_79
Female,1.7986916296983249,2,51.78178,ethiopia,draw_79
Male,1.9433758543022512,2,51.78178,ethiopia,draw_79
Female,1.6967711359728754,3,51.78178,ethiopia,draw_79
Male,1.7319290498488136,3,51.78178,ethiopia,draw_79
Female,1.7955228856832646,2,51.89189,ethiopia,draw_79
Male,1.939768861801125,2,51.89189,ethiopia,draw_79
Female,1.6944683760013155,3,51.89189,ethiopia,draw_79
Male,1.7294846678696767,3,51.89189,ethiopia,draw_79
Female,1.792365637239642,2,52.002,ethiopia,draw_79
Male,1.936172204390659,2,52.002,ethiopia,draw_79
Female,1.6921714131311036,3,52.002,ethiopia,draw_79
Male,1.7270454869056606,3,52.002,ethiopia,draw_79
Female,1.7892186526486542,2,52.11211,ethiopia,draw_79
Male,1.9325858147311903,2,52.11211,ethiopia,draw_79
Female,1.6898795338131953,3,52.11211,ethiopia,draw_79
Male,1.7246116481168308,3,52.11211,ethiopia,draw_79
Female,1.7860808213416781,2,52.22222,ethiopia,draw_79
Male,1.9290113846306967,2,52.22222,ethiopia,draw_79
Female,1.687592210430392,3,52.22222,ethiopia,draw_79
Male,1.7221839550658264,3,52.22222,ethiopia,draw_79
Female,1.782953138525442,2,52.33233,ethiopia,draw_79
Male,1.9254472515411312,2,52.33233,ethiopia,draw_79
Female,1.6853098733881042,3,52.33233,ethiopia,draw_79
Male,1.7197614460700912,3,52.33233,ethiopia,draw_79
Female,1.7798348907971628,2,52.44244,ethiopia,draw_79
Male,1.9218941726254046,2,52.44244,ethiopia,draw_79
Female,1.68303219878643,3,52.44244,ethiopia,draw_79
Male,1.7173446804620154,3,52.44244,ethiopia,draw_79
Female,1.7767262094166483,2,52.55255,ethiopia,draw_79
Male,1.9183512151723252,2,52.55255,ethiopia,draw_79
Female,1.6807591243277682,3,52.55255,ethiopia,draw_79
Male,1.714933110828096,3,52.55255,ethiopia,draw_79
Female,1.7736277625592634,2,52.66266,ethiopia,draw_79
Male,1.9148182517342243,2,52.66266,ethiopia,draw_79
Female,1.6784910597219427,3,52.66266,ethiopia,draw_79
Male,1.7125268223937924,3,52.66266,ethiopia,draw_79
Female,1.7705386911905014,2,52.77277,ethiopia,draw_79
Male,1.911296688635238,2,52.77277,ethiopia,draw_79
Female,1.6762277291611647,3,52.77277,ethiopia,draw_79
Male,1.7101266073704353,3,52.77277,ethiopia,draw_79
Female,1.76746037118353,2,52.88288,ethiopia,draw_79
Male,1.9077834767545554,2,52.88288,ethiopia,draw_79
Female,1.6739697306530004,3,52.88288,ethiopia,draw_79
Male,1.707730896706468,3,52.88288,ethiopia,draw_79
Female,1.7643920924676237,2,52.99299,ethiopia,draw_79
Male,1.9042806806425723,2,52.99299,ethiopia,draw_79
Female,1.6717166627086208,3,52.99299,ethiopia,draw_79
Male,1.705340703642879,3,52.99299,ethiopia,draw_79
Female,1.7613339643116672,2,53.1031,ethiopia,draw_79
Male,1.9007881373611066,2,53.1031,ethiopia,draw_79
Female,1.6694686606938152,3,53.1031,ethiopia,draw_79
Male,1.7029561487185425,3,53.1031,ethiopia,draw_79
Female,1.7582847875689858,2,53.21321,ethiopia,draw_79
Male,1.8973060619965612,2,53.21321,ethiopia,draw_79
Female,1.6672250741653705,3,53.21321,ethiopia,draw_79
Male,1.7005771713152815,3,53.21321,ethiopia,draw_79
Female,1.7552453301297164,2,53.32332,ethiopia,draw_79
Male,1.8938339374587756,2,53.32332,ethiopia,draw_79
Female,1.6649863827770794,3,53.32332,ethiopia,draw_79
Male,1.698203353124431,3,53.32332,ethiopia,draw_79
Female,1.7522149281613095,2,53.43343,ethiopia,draw_79
Male,1.8903730115681863,2,53.43343,ethiopia,draw_79
Female,1.6627521527531828,3,53.43343,ethiopia,draw_79
Male,1.6958353745285133,3,53.43343,ethiopia,draw_79
Female,1.7491936587998527,2,53.54354,ethiopia,draw_79
Male,1.8869228311223323,2,53.54354,ethiopia,draw_79
Female,1.6605225286086023,3,53.54354,ethiopia,draw_79
Male,1.6934731276426944,3,53.54354,ethiopia,draw_79
Female,1.7461827111122261,2,53.65365,ethiopia,draw_79
Male,1.8834823024893588,2,53.65365,ethiopia,draw_79
Female,1.6582980156914657,3,53.65365,ethiopia,draw_79
Male,1.6911158427830473,3,53.65365,ethiopia,draw_79
Female,1.743181780763887,2,53.76376,ethiopia,draw_79
Male,1.8800516485156806,2,53.76376,ethiopia,draw_79
Female,1.656078487302114,3,53.76376,ethiopia,draw_79
Male,1.6887635512227366,3,53.76376,ethiopia,draw_79
Female,1.7401887958173479,2,53.87387,ethiopia,draw_79
Male,1.8766316013540785,2,53.87387,ethiopia,draw_79
Female,1.6538629535453553,3,53.87387,ethiopia,draw_79
Male,1.6864168155012909,3,53.87387,ethiopia,draw_79
Female,1.7372065908680903,2,53.98398,ethiopia,draw_79
Male,1.873221880381318,2,53.98398,ethiopia,draw_79
Female,1.65165288980628,3,53.98398,ethiopia,draw_79
Male,1.684075370227489,3,53.98398,ethiopia,draw_79
Female,1.7342341285079117,2,54.09409,ethiopia,draw_79
Male,1.8698221094947267,2,54.09409,ethiopia,draw_79
Female,1.649447686403274,3,54.09409,ethiopia,draw_79
Male,1.6817392165720926,3,54.09409,ethiopia,draw_79
Female,1.7312704064453042,2,54.2042,ethiopia,draw_79
Male,1.8664309461469413,2,54.2042,ethiopia,draw_79
Female,1.6472468996670413,3,54.2042,ethiopia,draw_79
Male,1.6794078050290702,3,54.2042,ethiopia,draw_79
Female,1.728315886248905,2,54.31431,ethiopia,draw_79
Male,1.8630501096629926,2,54.31431,ethiopia,draw_79
Female,1.6450506643627034,3,54.31431,ethiopia,draw_79
Male,1.6770815779036992,3,54.31431,ethiopia,draw_79
Female,1.7253713430170572,2,54.42442,ethiopia,draw_79
Male,1.859679251827499,2,54.42442,ethiopia,draw_79
Female,1.6428593828892468,3,54.42442,ethiopia,draw_79
Male,1.6747606376433712,3,54.42442,ethiopia,draw_79
Female,1.7224353169243083,2,54.53453,ethiopia,draw_79
Male,1.8563179938602783,2,54.53453,ethiopia,draw_79
Female,1.6406723902396005,3,54.53453,ethiopia,draw_79
Male,1.6724448264092806,3,54.53453,ethiopia,draw_79
Female,1.719509412073556,2,54.64464,ethiopia,draw_79
Male,1.8529669942753222,2,54.64464,ethiopia,draw_79
Female,1.6384904933859474,3,54.64464,ethiopia,draw_79
Male,1.6701344033351015,3,54.64464,ethiopia,draw_79
Female,1.7165930552043325,2,54.75475,ethiopia,draw_79
Male,1.8496251233699006,2,54.75475,ethiopia,draw_79
Female,1.6363133311604974,3,54.75475,ethiopia,draw_79
Male,1.6678286966520497,3,54.75475,ethiopia,draw_79
Female,1.7136859713478505,2,54.86486,ethiopia,draw_79
Male,1.846292120661778,2,54.86486,ethiopia,draw_79
Female,1.6341406888625798,3,54.86486,ethiopia,draw_79
Male,1.6655277686841394,3,54.86486,ethiopia,draw_79
Female,1.7107893188197323,2,54.97497,ethiopia,draw_79
Male,1.842970397465625,2,54.97497,ethiopia,draw_79
Female,1.6319733522664213,3,54.97497,ethiopia,draw_79
Male,1.6632326472686174,3,54.97497,ethiopia,draw_79
Female,1.7079000437657983,2,55.08509,ethiopia,draw_79
Male,1.8396577842551534,2,55.08509,ethiopia,draw_79
Female,1.6298096349902365,3,55.08509,ethiopia,draw_79
Male,1.6609421886857407,3,55.08509,ethiopia,draw_79
Female,1.7050207790349436,2,55.1952,ethiopia,draw_79
Male,1.8363538864919677,2,55.1952,ethiopia,draw_79
Female,1.6276510120853256,3,55.1952,ethiopia,draw_79
Male,1.6586564089630318,3,55.1952,ethiopia,draw_79
Female,1.7021500731862258,2,55.30531,ethiopia,draw_79
Male,1.8330602030739764,2,55.30531,ethiopia,draw_79
Female,1.6254967969516416,3,55.30531,ethiopia,draw_79
Male,1.6563759887632141,3,55.30531,ethiopia,draw_79
Female,1.6992895916633453,2,55.41542,ethiopia,draw_79
Male,1.829775510124731,2,55.41542,ethiopia,draw_79
Female,1.6233478625748632,3,55.41542,ethiopia,draw_79
Male,1.6541001320921271,3,55.41542,ethiopia,draw_79
Female,1.6964383837225439,2,55.52553,ethiopia,draw_79
Male,1.8265011342514175,2,55.52553,ethiopia,draw_79
Female,1.6212035895608767,3,55.52553,ethiopia,draw_79
Male,1.6518295856932765,3,55.52553,ethiopia,draw_79
Female,1.693597204924806,2,55.63564,ethiopia,draw_79
Male,1.8232367173594228,2,55.63564,ethiopia,draw_79
Female,1.6190644985550424,3,55.63564,ethiopia,draw_79
Male,1.6495640650198211,3,55.63564,ethiopia,draw_79
Female,1.6907634242019995,2,55.74575,ethiopia,draw_79
Male,1.8199800790676985,2,55.74575,ethiopia,draw_79
Female,1.616929109447362,3,55.74575,ethiopia,draw_79
Male,1.6473026727095181,3,55.74575,ethiopia,draw_79
Female,1.6879392744356725,2,55.85586,ethiopia,draw_79
Male,1.8167342538533493,2,55.85586,ethiopia,draw_79
Female,1.6147985995195802,3,55.85586,ethiopia,draw_79
Male,1.6450470345480959,3,55.85586,ethiopia,draw_79
Female,1.685124815131388,2,55.96597,ethiopia,draw_79
Male,1.813497127652341,2,55.96597,ethiopia,draw_79
Female,1.6126730264536768,3,55.96597,ethiopia,draw_79
Male,1.642795851029444,3,55.96597,ethiopia,draw_79
Female,1.682318403263686,2,56.07608,ethiopia,draw_79
Male,1.810269844644115,2,56.07608,ethiopia,draw_79
Female,1.6105515925543454,3,56.07608,ethiopia,draw_79
Male,1.6405497748347464,3,56.07608,ethiopia,draw_79
Female,1.6795217094968975,2,56.18619,ethiopia,draw_79
Male,1.8070526176662494,2,56.18619,ethiopia,draw_79
Female,1.6084350780526924,3,56.18619,ethiopia,draw_79
Male,1.6383088720588326,3,56.18619,ethiopia,draw_79
Female,1.6767329603488466,2,56.2963,ethiopia,draw_79
Male,1.8038438574419093,2,56.2963,ethiopia,draw_79
Female,1.606322751134797,3,56.2963,ethiopia,draw_79
Male,1.6360724987982753,3,56.2963,ethiopia,draw_79
Female,1.67395291739531,2,56.40641,ethiopia,draw_79
Male,1.8006448578777645,2,56.40641,ethiopia,draw_79
Female,1.604214885904462,3,56.40641,ethiopia,draw_79
Male,1.6338413773126883,3,56.40641,ethiopia,draw_79
Female,1.6711813838733314,2,56.51652,ethiopia,draw_79
Male,1.7974559605335783,2,56.51652,ethiopia,draw_79
Female,1.6021114084892207,3,56.51652,ethiopia,draw_79
Male,1.631615581912923,3,56.51652,ethiopia,draw_79
Female,1.6684182065307656,2,56.62663,ethiopia,draw_79
Male,1.7942746632715498,2,56.62663,ethiopia,draw_79
Female,1.6000122382114128,3,56.62663,ethiopia,draw_79
Male,1.6293937625689776,3,56.62663,ethiopia,draw_79
Female,1.6656642757550615,2,56.73674,ethiopia,draw_79
Male,1.7911030023231214,2,56.73674,ethiopia,draw_79
Female,1.5979178331776174,3,56.73674,ethiopia,draw_79
Male,1.6271770934670868,3,56.73674,ethiopia,draw_79
Female,1.6629192144439395,2,56.84685,ethiopia,draw_79
Male,1.7879405045914045,2,56.84685,ethiopia,draw_79
Female,1.5958279659832644,3,56.84685,ethiopia,draw_79
Male,1.6249654752095104,3,56.84685,ethiopia,draw_79
Female,1.6601826758321343,2,56.95696,ethiopia,draw_79
Male,1.7847855787926725,2,56.95696,ethiopia,draw_79
Female,1.593742418204748,3,56.95696,ethiopia,draw_79
Male,1.6227579523532065,3,56.95696,ethiopia,draw_79
Female,1.6574539377811404,2,57.06707,ethiopia,draw_79
Male,1.7816403314864508,2,57.06707,ethiopia,draw_79
Female,1.5916608771983338,3,57.06707,ethiopia,draw_79
Male,1.6205556822136242,3,57.06707,ethiopia,draw_79
Female,1.6547346026750753,2,57.17718,ethiopia,draw_79
Male,1.7785033198521192,2,57.17718,ethiopia,draw_79
Female,1.5895841104038524,3,57.17718,ethiopia,draw_79
Male,1.6183580120939147,3,57.17718,ethiopia,draw_79
Female,1.652023437553999,2,57.28729,ethiopia,draw_79
Male,1.7753763666917155,2,57.28729,ethiopia,draw_79
Female,1.5875115404181936,3,57.28729,ethiopia,draw_79
Male,1.6161656625838867,3,57.28729,ethiopia,draw_79
Female,1.649321017281536,2,57.3974,ethiopia,draw_79
Male,1.7722590319930482,2,57.3974,ethiopia,draw_79
Female,1.5854434229047203,3,57.3974,ethiopia,draw_79
Male,1.61397840651924,3,57.3974,ethiopia,draw_79
Female,1.646628371130487,2,57.50751,ethiopia,draw_79
Male,1.7691512473538211,2,57.50751,ethiopia,draw_79
Female,1.5833802821144525,3,57.50751,ethiopia,draw_79
Male,1.6117963300961762,3,57.50751,ethiopia,draw_79
Female,1.6439441861446142,2,57.61762,ethiopia,draw_79
Male,1.7660529430007597,2,57.61762,ethiopia,draw_79
Female,1.5813213530377637,3,57.61762,ethiopia,draw_79
Male,1.609619267046344,3,57.61762,ethiopia,draw_79
Female,1.6412691752477253,2,57.72773,ethiopia,draw_79
Male,1.7629631029685413,2,57.72773,ethiopia,draw_79
Female,1.5792670918589342,3,57.72773,ethiopia,draw_79
Male,1.607446866345332,3,57.72773,ethiopia,draw_79
Female,1.6386030086770569,2,57.83784,ethiopia,draw_79
Male,1.7598826692865166,2,57.83784,ethiopia,draw_79
Female,1.5772175029783333,3,57.83784,ethiopia,draw_79
Male,1.6052795910411413,3,57.83784,ethiopia,draw_79
Female,1.635944479692988,2,57.94795,ethiopia,draw_79
Male,1.7568122468849594,2,57.94795,ethiopia,draw_79
Female,1.5751719610922783,3,57.94795,ethiopia,draw_79
Male,1.603117715131227,3,57.94795,ethiopia,draw_79
Female,1.6332946698489326,2,58.05806,ethiopia,draw_79
Male,1.7537486527886317,2,58.05806,ethiopia,draw_79
Female,1.5731311615282637,3,58.05806,ethiopia,draw_79
Male,1.6009596977006095,3,58.05806,ethiopia,draw_79
Female,1.6306534000449961,2,58.16817,ethiopia,draw_79
Male,1.7506943905346037,2,58.16817,ethiopia,draw_79
Female,1.5710948053469638,3,58.16817,ethiopia,draw_79
Male,1.5988066578905828,3,58.16817,ethiopia,draw_79
Female,1.6280207260128747,2,58.27828,ethiopia,draw_79
Male,1.747649539238917,2,58.27828,ethiopia,draw_79
Female,1.5690628685417027,3,58.27828,ethiopia,draw_79
Male,1.5966585091338164,3,58.27828,ethiopia,draw_79
Female,1.6253955642298477,2,58.38839,ethiopia,draw_79
Male,1.7446133964049213,2,58.38839,ethiopia,draw_79
Female,1.567034775898855,3,58.38839,ethiopia,draw_79
Male,1.594514943330444,3,58.38839,ethiopia,draw_79
Female,1.6227787580375868,2,58.4985,ethiopia,draw_79
Male,1.741584607426394,2,58.4985,ethiopia,draw_79
Female,1.565011006995092,3,58.4985,ethiopia,draw_79
Male,1.5923755304355292,3,58.4985,ethiopia,draw_79
Female,1.6201711145622242,2,58.60861,ethiopia,draw_79
Male,1.7385657239171497,2,58.60861,ethiopia,draw_79
Female,1.5629920516434976,3,58.60861,ethiopia,draw_79
Male,1.590241484602704,3,58.60861,ethiopia,draw_79
Female,1.6175719163146651,2,58.71872,ethiopia,draw_79
Male,1.7355550919135652,2,58.71872,ethiopia,draw_79
Female,1.560977607192111,3,58.71872,ethiopia,draw_79
Male,1.5881119002783992,3,58.71872,ethiopia,draw_79
Female,1.6149796130070255,2,58.82883,ethiopia,draw_79
Male,1.732552708250397,2,58.82883,ethiopia,draw_79
Female,1.558966848457702,3,58.82883,ethiopia,draw_79
Male,1.585986687669023,3,58.82883,ethiopia,draw_79
Female,1.6123957904430333,2,58.93894,ethiopia,draw_79
Male,1.7295599587379507,2,58.93894,ethiopia,draw_79
Female,1.5569606904732975,3,58.93894,ethiopia,draw_79
Male,1.5838666763859173,3,58.93894,ethiopia,draw_79
Female,1.6098206173190925,2,59.04905,ethiopia,draw_79
Male,1.7265746678406828,2,59.04905,ethiopia,draw_79
Female,1.5549590325938523,3,59.04905,ethiopia,draw_79
Male,1.5817509318278151,3,59.04905,ethiopia,draw_79
Female,1.6072521866860765,2,59.15916,ethiopia,draw_79
Male,1.7235994460994377,2,59.15916,ethiopia,draw_79
Female,1.5529609229605819,3,59.15916,ethiopia,draw_79
Male,1.5796406022807086,3,59.15916,ethiopia,draw_79
Female,1.6046930751375317,2,59.26927,ethiopia,draw_79
Male,1.7206328556183947,2,59.26927,ethiopia,draw_79
Female,1.550967736793029,3,59.26927,ethiopia,draw_79
Male,1.5775348032079783,3,59.26927,ethiopia,draw_79
Female,1.602141125677282,2,59.37938,ethiopia,draw_79
Male,1.7176763655882972,2,59.37938,ethiopia,draw_79
Female,1.5489782843096487,3,59.37938,ethiopia,draw_79
Male,1.5754342902515663,3,59.37938,ethiopia,draw_79
Female,1.5995976873274693,2,59.48949,ethiopia,draw_79
Male,1.714727499119273,2,59.48949,ethiopia,draw_79
Female,1.5469933962453484,3,59.48949,ethiopia,draw_79
Male,1.573338006684818,3,59.48949,ethiopia,draw_79
Female,1.5970620149341797,2,59.5996,ethiopia,draw_79
Male,1.7117880308022777,2,59.5996,ethiopia,draw_79
Female,1.5450124665481324,3,59.5996,ethiopia,draw_79
Male,1.5712467161842618,3,59.5996,ethiopia,draw_79
Female,1.5945346407336531,2,59.70971,ethiopia,draw_79
Male,1.7088571138141713,2,59.70971,ethiopia,draw_79
Female,1.543036006624883,3,59.70971,ethiopia,draw_79
Male,1.5691600491582018,3,59.70971,ethiopia,draw_79
Female,1.5920138067737952,2,59.81982,ethiopia,draw_79
Male,1.7059338668580926,2,59.81982,ethiopia,draw_79
Female,1.5410628622581155,3,59.81982,ethiopia,draw_79
Male,1.567077644064308,3,59.81982,ethiopia,draw_79
Female,1.589502365282328,2,59.92993,ethiopia,draw_79
Male,1.703019486369636,2,59.92993,ethiopia,draw_79
Female,1.5390947905318082,3,59.92993,ethiopia,draw_79
Male,1.5650002382987134,3,59.92993,ethiopia,draw_79
Female,1.5869979770990699,2,60.04004,ethiopia,draw_79
Male,1.7001131515130117,2,60.04004,ethiopia,draw_79
Female,1.5371303660101214,3,60.04004,ethiopia,draw_79
Male,1.5629271198028272,3,60.04004,ethiopia,draw_79
Female,1.584502300867309,2,60.15015,ethiopia,draw_79
Male,1.69721524907101,2,60.15015,ethiopia,draw_79
Female,1.535170602937135,3,60.15015,ethiopia,draw_79
Male,1.5608586402249414,3,60.15015,ethiopia,draw_79
Female,1.5820146411540639,2,60.26026,ethiopia,draw_79
Male,1.694324840605479,2,60.26026,ethiopia,draw_79
Female,1.5332150179443482,3,60.26026,ethiopia,draw_79
Male,1.558794532283058,3,60.26026,ethiopia,draw_79
Female,1.5795341120413395,2,60.37037,ethiopia,draw_79
Male,1.6914437013902062,2,60.37037,ethiopia,draw_79
Female,1.5312631876855018,3,60.37037,ethiopia,draw_79
Male,1.556735680475398,3,60.37037,ethiopia,draw_79
Female,1.577060863453278,2,60.48048,ethiopia,draw_79
Male,1.6885702519344852,2,60.48048,ethiopia,draw_79
Female,1.5293151795696982,3,60.48048,ethiopia,draw_79
Male,1.5546811008476467,3,60.48048,ethiopia,draw_79
Female,1.574596400453213,2,60.59059,ethiopia,draw_79
Male,1.6857060120796221,2,60.59059,ethiopia,draw_79
Female,1.527371784801146,3,60.59059,ethiopia,draw_79
Male,1.5526313671278822,3,60.59059,ethiopia,draw_79
Female,1.5721393920800228,2,60.7007,ethiopia,draw_79
Male,1.682851210202629,2,60.7007,ethiopia,draw_79
Female,1.525432363680642,3,60.7007,ethiopia,draw_79
Male,1.5505865514401738,3,60.7007,ethiopia,draw_79
Female,1.5696898331984628,2,60.81081,ethiopia,draw_79
Male,1.6800041895243296,2,60.81081,ethiopia,draw_79
Female,1.5234970085562518,3,60.81081,ethiopia,draw_79
Male,1.5485457668407492,3,60.81081,ethiopia,draw_79
Female,1.567248628846438,2,60.92092,ethiopia,draw_79
Male,1.6771653760277319,2,60.92092,ethiopia,draw_79
Female,1.5215661522477322,3,60.92092,ethiopia,draw_79
Male,1.546509279446296,3,60.92092,ethiopia,draw_79
Female,1.5648139494113134,2,61.03103,ethiopia,draw_79
Male,1.674334934922411,2,61.03103,ethiopia,draw_79
Female,1.5196386296792297,3,61.03103,ethiopia,draw_79
Male,1.5444772968815201,3,61.03103,ethiopia,draw_79
Female,1.5623883051421925,2,61.14114,ethiopia,draw_79
Male,1.671511943894871,2,61.14114,ethiopia,draw_79
Female,1.517715847099496,3,61.14114,ethiopia,draw_79
Male,1.5424494281956054,3,61.14114,ethiopia,draw_79
Female,1.5599702268470865,2,61.25125,ethiopia,draw_79
Male,1.6686972746683961,2,61.25125,ethiopia,draw_79
Female,1.5157972085338607,3,61.25125,ethiopia,draw_79
Male,1.5404262050328839,3,61.25125,ethiopia,draw_79
Female,1.5575596039690083,2,61.36136,ethiopia,draw_79
Male,1.6658907567326713,2,61.36136,ethiopia,draw_79
Female,1.5138825978479122,3,61.36136,ethiopia,draw_79
Male,1.5384074471802054,3,61.36136,ethiopia,draw_79
Female,1.5551578718570132,2,61.47147,ethiopia,draw_79
Male,1.6630919740310297,2,61.47147,ethiopia,draw_79
Female,1.5119728065083016,3,61.47147,ethiopia,draw_79
Male,1.536393013569976,3,61.47147,ethiopia,draw_79
Female,1.5527631305957241,2,61.58158,ethiopia,draw_79
Male,1.6603018917317633,2,61.58158,ethiopia,draw_79
Female,1.510066729048913,3,61.58158,ethiopia,draw_79
Male,1.5343834428009266,3,61.58158,ethiopia,draw_79
Female,1.5503759216958353,2,61.69169,ethiopia,draw_79
Male,1.6575194226273116,2,61.69169,ethiopia,draw_79
Female,1.5081645781854782,3,61.69169,ethiopia,draw_79
Male,1.5323780869552905,3,61.69169,ethiopia,draw_79
Female,1.5479960806642807,2,61.8018,ethiopia,draw_79
Male,1.654744543101156,2,61.8018,ethiopia,draw_79
Female,1.506266323533971,3,61.8018,ethiopia,draw_79
Male,1.530377014669584,3,61.8018,ethiopia,draw_79
Female,1.5456232574864393,2,61.91191,ethiopia,draw_79
Male,1.6519767890528219,2,61.91191,ethiopia,draw_79
Female,1.504371738714637,3,61.91191,ethiopia,draw_79
Male,1.5283800373066,3,61.91191,ethiopia,draw_79
Female,1.5432578290065029,2,62.02202,ethiopia,draw_79
Male,1.6492176404034593,2,62.02202,ethiopia,draw_79
Female,1.5024812384980635,3,62.02202,ethiopia,draw_79
Male,1.526387720201903,3,62.02202,ethiopia,draw_79
Female,1.5409000195748,2,62.13213,ethiopia,draw_79
Male,1.6464668868819783,2,62.13213,ethiopia,draw_79
Female,1.5005949802172176,3,62.13213,ethiopia,draw_79
Male,1.524400056891865,3,62.13213,ethiopia,draw_79
Female,1.538549462204442,2,62.24224,ethiopia,draw_79
Male,1.6437232534944737,2,62.24224,ethiopia,draw_79
Female,1.4987125511027877,3,62.24224,ethiopia,draw_79
Male,1.5224161599661672,3,62.24224,ethiopia,draw_79
Female,1.536205919279611,2,62.35235,ethiopia,draw_79
Male,1.6409871533274694,2,62.35235,ethiopia,draw_79
Female,1.4968339418798184,3,62.35235,ethiopia,draw_79
Male,1.5204362237419748,3,62.35235,ethiopia,draw_79
Female,1.5338694753245914,2,62.46246,ethiopia,draw_79
Male,1.638258490055623,2,62.46246,ethiopia,draw_79
Female,1.4949592880213862,3,62.46246,ethiopia,draw_79
Male,1.51846034354259,3,62.46246,ethiopia,draw_79
Female,1.5315397937684827,2,62.57257,ethiopia,draw_79
Male,1.6355391020067032,2,62.57257,ethiopia,draw_79
Female,1.493088407678826,3,62.57257,ethiopia,draw_79
Male,1.5164895294248464,3,62.57257,ethiopia,draw_79
Female,1.529217148086453,2,62.68268,ethiopia,draw_79
Male,1.632826871971499,2,62.68268,ethiopia,draw_79
Female,1.4912213855539904,3,62.68268,ethiopia,draw_79
Male,1.5145227208867298,3,62.68268,ethiopia,draw_79
Female,1.526901624726237,2,62.79279,ethiopia,draw_79
Male,1.6301217890115158,2,62.79279,ethiopia,draw_79
Female,1.4893583242895068,3,62.79279,ethiopia,draw_79
Male,1.51256006857074,3,62.79279,ethiopia,draw_79
Female,1.524593509921854,2,62.9029,ethiopia,draw_79
Male,1.6274242449475476,2,62.9029,ethiopia,draw_79
Female,1.4874993726719739,3,62.9029,ethiopia,draw_79
Male,1.5106015215162105,3,62.9029,ethiopia,draw_79
Female,1.5222923444336212,2,63.01301,ethiopia,draw_79
Male,1.6247345951988847,2,63.01301,ethiopia,draw_79
Female,1.4856443190881181,3,63.01301,ethiopia,draw_79
Male,1.508647218910455,3,63.01301,ethiopia,draw_79
Female,1.5199987908119799,2,63.12312,ethiopia,draw_79
Male,1.622053253093857,2,63.12312,ethiopia,draw_79
Female,1.4837934116930462,3,63.12312,ethiopia,draw_79
Male,1.5066973443839948,3,63.12312,ethiopia,draw_79
Female,1.5177120663283081,2,63.23323,ethiopia,draw_79
Male,1.6193789129504819,2,63.23323,ethiopia,draw_79
Female,1.481946242098813,3,63.23323,ethiopia,draw_79
Male,1.504751234241031,3,63.23323,ethiopia,draw_79
Female,1.515432926779823,2,63.34334,ethiopia,draw_79
Male,1.616712627931069,2,63.34334,ethiopia,draw_79
Female,1.4801032488108974,3,63.34334,ethiopia,draw_79
Male,1.5028095132225001,3,63.34334,ethiopia,draw_79
Female,1.513161626324111,2,63.45345,ethiopia,draw_79
Male,1.614054582140295,2,63.45345,ethiopia,draw_79
Female,1.4782645872388074,3,63.45345,ethiopia,draw_79
Male,1.5008723883461794,3,63.45345,ethiopia,draw_79
Female,1.5108970673314541,2,63.56356,ethiopia,draw_79
Male,1.6114039348073481,2,63.56356,ethiopia,draw_79
Female,1.476429487396499,3,63.56356,ethiopia,draw_79
Male,1.49893940896305,3,63.56356,ethiopia,draw_79
Female,1.5086398519500763,2,63.67367,ethiopia,draw_79
Male,1.6087614063981892,2,63.67367,ethiopia,draw_79
Female,1.4745984313250955,3,63.67367,ethiopia,draw_79
Male,1.4970107326696165,3,63.67367,ethiopia,draw_79
Female,1.506390192079202,2,63.78378,ethiopia,draw_79
Male,1.6061261328982839,2,63.78378,ethiopia,draw_79
Female,1.4727714034752752,3,63.78378,ethiopia,draw_79
Male,1.4950860127612,3,63.78378,ethiopia,draw_79
Female,1.5041478984705887,2,63.89389,ethiopia,draw_79
Male,1.603498818842834,2,63.89389,ethiopia,draw_79
Female,1.4709482697004657,3,63.89389,ethiopia,draw_79
Male,1.4931654961918237,3,63.89389,ethiopia,draw_79
Female,1.5019125967655373,2,64.004,ethiopia,draw_79
Male,1.6008778107368906,2,64.004,ethiopia,draw_79
Female,1.469129007172915,3,64.004,ethiopia,draw_79
Male,1.4912483451214138,3,64.004,ethiopia,draw_79
Female,1.499683836112458,2,64.11411,ethiopia,draw_79
Male,1.5982654189416907,2,64.11411,ethiopia,draw_79
Female,1.467313265209175,3,64.11411,ethiopia,draw_79
Male,1.4893359855361326,3,64.11411,ethiopia,draw_79
Female,1.497462759435204,2,64.22422,ethiopia,draw_79
Male,1.5956599467502106,2,64.22422,ethiopia,draw_79
Female,1.4655017171112337,3,64.22422,ethiopia,draw_79
Male,1.4874273315751845,3,64.22422,ethiopia,draw_79
Female,1.495247997304134,2,64.33433,ethiopia,draw_79
Male,1.5930630265877532,2,64.33433,ethiopia,draw_79
Female,1.4636935806065094,3,64.33433,ethiopia,draw_79
Male,1.485523210239903,3,64.33433,ethiopia,draw_79
Female,1.4930394964303215,2,64.44444,ethiopia,draw_79
Male,1.5904738073590254,2,64.44444,ethiopia,draw_79
Female,1.4618888661468044,3,64.44444,ethiopia,draw_79
Male,1.4836233928851477,3,64.44444,ethiopia,draw_79
Female,1.4908380414247933,2,64.55455,ethiopia,draw_79
Male,1.5878915637194724,2,64.55455,ethiopia,draw_79
Female,1.4600882651724174,3,64.55455,ethiopia,draw_79
Male,1.4817273036304124,3,64.55455,ethiopia,draw_79
Female,1.488643878136835,2,64.66466,ethiopia,draw_79
Male,1.5853178079306103,2,64.66466,ethiopia,draw_79
Female,1.4582916934181482,3,64.66466,ethiopia,draw_79
Male,1.47983590847354,3,64.66466,ethiopia,draw_79
Female,1.4864563708334155,2,64.77477,ethiopia,draw_79
Male,1.5827522230518423,2,64.77477,ethiopia,draw_79
Female,1.4564985907799728,3,64.77477,ethiopia,draw_79
Male,1.4779489631645584,3,64.77477,ethiopia,draw_79
Female,1.4842760862792952,2,64.88488,ethiopia,draw_79
Male,1.5801928657789182,2,64.88488,ethiopia,draw_79
Female,1.454709417243063,3,64.88488,ethiopia,draw_79
Male,1.476065582218525,3,64.88488,ethiopia,draw_79
Female,1.4821031821686272,2,64.99499,ethiopia,draw_79
Male,1.5776423679296165,2,64.99499,ethiopia,draw_79
Female,1.45292444731788,3,64.99499,ethiopia,draw_79
Male,1.4741870653607945,3,64.99499,ethiopia,draw_79
Female,1.4799373357415797,2,65.10511,ethiopia,draw_79
Male,1.5750988784883642,2,65.10511,ethiopia,draw_79
Female,1.4511433670962521,3,65.10511,ethiopia,draw_79
Male,1.4723122983226349,3,65.10511,ethiopia,draw_79
Female,1.4777786116684901,2,65.21522,ethiopia,draw_79
Male,1.5725627667886786,2,65.21522,ethiopia,draw_79
Female,1.4493661772579745,3,65.21522,ethiopia,draw_79
Male,1.4704415934694284,3,65.21522,ethiopia,draw_79
Female,1.4756258646350462,2,65.32533,ethiopia,draw_79
Male,1.57003339448438,2,65.32533,ethiopia,draw_79
Female,1.447592444767533,3,65.32533,ethiopia,draw_79
Male,1.4685746875264512,3,65.32533,ethiopia,draw_79
Female,1.4734788404557178,2,65.43544,ethiopia,draw_79
Male,1.5675124874838162,2,65.43544,ethiopia,draw_79
Female,1.4458219492925217,3,65.43544,ethiopia,draw_79
Male,1.4667125852497138,3,65.43544,ethiopia,draw_79
Female,1.4713404606765867,2,65.54555,ethiopia,draw_79
Male,1.564997765988735,2,65.54555,ethiopia,draw_79
Female,1.4440563366460286,3,65.54555,ethiopia,draw_79
Male,1.464854099413059,3,65.54555,ethiopia,draw_79
Female,1.4692074677038567,2,65.65566,ethiopia,draw_79
Male,1.5624909682196024,2,65.65566,ethiopia,draw_79
Female,1.4422936313969714,3,65.65566,ethiopia,draw_79
Male,1.46300003634664,3,65.65566,ethiopia,draw_79
Female,1.4670826334651863,2,65.76577,ethiopia,draw_79
Male,1.5599909084047883,2,65.76577,ethiopia,draw_79
Female,1.4405354101150227,3,65.76577,ethiopia,draw_79
Male,1.4611498033736148,3,65.76577,ethiopia,draw_79
Female,1.464964474336165,2,65.87588,ethiopia,draw_79
Male,1.5574981940317147,2,65.87588,ethiopia,draw_79
Female,1.4387808419925827,3,65.87588,ethiopia,draw_79
Male,1.459303443507935,3,65.87588,ethiopia,draw_79
Female,1.462852877932132,2,65.98599,ethiopia,draw_79
Male,1.5550131949457786,2,65.98599,ethiopia,draw_79
Female,1.4370299342657977,3,65.98599,ethiopia,draw_79
Male,1.4574613219085002,3,65.98599,ethiopia,draw_79
Female,1.4607474692802547,2,66.0961,ethiopia,draw_79
Male,1.5525350417007417,2,66.0961,ethiopia,draw_79
Female,1.4352824956126227,3,66.0961,ethiopia,draw_79
Male,1.4556230465366706,3,66.0961,ethiopia,draw_79
Female,1.458648668299787,2,66.20621,ethiopia,draw_79
Male,1.550063203210374,2,66.20621,ethiopia,draw_79
Female,1.4335386212048087,3,66.20621,ethiopia,draw_79
Male,1.4537883538867333,3,66.20621,ethiopia,draw_79
Female,1.4565571347212194,2,66.31632,ethiopia,draw_79
Male,1.5475988112769228,2,66.31632,ethiopia,draw_79
Female,1.4317986409027916,3,66.31632,ethiopia,draw_79
Male,1.4519579227544204,3,66.31632,ethiopia,draw_79
Female,1.454471722755137,2,66.42643,ethiopia,draw_79
Male,1.5451420252372166,2,66.42643,ethiopia,draw_79
Female,1.4300621962779845,3,66.42643,ethiopia,draw_79
Male,1.4501316664955208,3,66.42643,ethiopia,draw_79
Female,1.452392612897041,2,66.53654,ethiopia,draw_79
Male,1.5426911339909268,2,66.53654,ethiopia,draw_79
Female,1.4283293615670227,3,66.53654,ethiopia,draw_79
Male,1.4483086629935988,3,66.53654,ethiopia,draw_79
Female,1.4503209222803208,2,66.64665,ethiopia,draw_79
Male,1.5402472978056223,2,66.64665,ethiopia,draw_79
Female,1.4266006714856585,3,66.64665,ethiopia,draw_79
Male,1.4464896266845442,3,66.64665,ethiopia,draw_79
Female,1.4482557986786635,2,66.75676,ethiopia,draw_79
Male,1.5378102476342044,2,66.75676,ethiopia,draw_79
Female,1.424875728224625,3,66.75676,ethiopia,draw_79
Male,1.4446746746031096,3,66.75676,ethiopia,draw_79
Female,1.4461968381749446,2,66.86687,ethiopia,draw_79
Male,1.5353806984589824,2,66.86687,ethiopia,draw_79
Female,1.4231542318324955,3,66.86687,ethiopia,draw_79
Male,1.4428641374664501,3,66.86687,ethiopia,draw_79
Female,1.4441449246227,2,66.97698,ethiopia,draw_79
Male,1.5329572476817108,2,66.97698,ethiopia,draw_79
Female,1.4214367900224951,3,66.97698,ethiopia,draw_79
Male,1.4410571123098157,3,66.97698,ethiopia,draw_79
Female,1.4420991130465637,2,67.08709,ethiopia,draw_79
Male,1.5305411183525766,2,67.08709,ethiopia,draw_79
Female,1.41972274776013,3,67.08709,ethiopia,draw_79
Male,1.4392540690326305,3,67.08709,ethiopia,draw_79
Female,1.4400603634122766,2,67.1972,ethiopia,draw_79
Male,1.5281320969358139,2,67.1972,ethiopia,draw_79
Female,1.418012526238196,3,67.1972,ethiopia,draw_79
Male,1.4374550893176194,3,67.1972,ethiopia,draw_79
Female,1.4380288181149348,2,67.30731,ethiopia,draw_79
Male,1.5257308192763235,2,67.30731,ethiopia,draw_79
Female,1.4163063635051112,3,67.30731,ethiopia,draw_79
Male,1.4356603924486835,3,67.30731,ethiopia,draw_79
Female,1.4360031451299595,2,67.41742,ethiopia,draw_79
Male,1.52333623815988,2,67.41742,ethiopia,draw_79
Female,1.4146033795619688,3,67.41742,ethiopia,draw_79
Male,1.4338696839832987,3,67.41742,ethiopia,draw_79
Female,1.433984715542049,2,67.52753,ethiopia,draw_79
Male,1.5209480586722166,2,67.52753,ethiopia,draw_79
Female,1.4129045136923688,3,67.52753,ethiopia,draw_79
Male,1.4320827444219753,3,67.52753,ethiopia,draw_79
Female,1.431973437861551,2,67.63764,ethiopia,draw_79
Male,1.5185662748113566,2,67.63764,ethiopia,draw_79
Female,1.411209613046003,3,67.63764,ethiopia,draw_79
Male,1.430299495618106,3,67.63764,ethiopia,draw_79
Female,1.4299674814636678,2,67.74775,ethiopia,draw_79
Male,1.5161905298667981,2,67.74775,ethiopia,draw_79
Female,1.4095176207408695,3,67.74775,ethiopia,draw_79
Male,1.4285197418962423,3,67.74775,ethiopia,draw_79
Female,1.4279684774520007,2,67.85786,ethiopia,draw_79
Male,1.5138220372231839,2,67.85786,ethiopia,draw_79
Female,1.4078294344585516,3,67.85786,ethiopia,draw_79
Male,1.4267442805719717,3,67.85786,ethiopia,draw_79
Female,1.425975328545594,2,67.96797,ethiopia,draw_79
Male,1.5114601309955382,2,67.96797,ethiopia,draw_79
Female,1.4061444925715376,3,67.96797,ethiopia,draw_79
Male,1.4249727023561647,3,67.96797,ethiopia,draw_79
Female,1.4239885948976823,2,68.07808,ethiopia,draw_79
Male,1.5091058905199177,2,68.07808,ethiopia,draw_79
Female,1.4044630371151452,3,68.07808,ethiopia,draw_79
Male,1.4232053469334562,3,68.07808,ethiopia,draw_79
Female,1.4220079005851203,2,68.18819,ethiopia,draw_79
Male,1.506757663168333,2,68.18819,ethiopia,draw_79
Female,1.4027849511039296,3,68.18819,ethiopia,draw_79
Male,1.4214413264765582,3,68.18819,ethiopia,draw_79
Female,1.4200323973225786,2,68.2983,ethiopia,draw_79
Male,1.5044169089751471,2,68.2983,ethiopia,draw_79
Female,1.401109713330124,3,68.2983,ethiopia,draw_79
Male,1.4196814093877024,3,68.2983,ethiopia,draw_79
Female,1.4180634007701403,2,68.40841,ethiopia,draw_79
Male,1.502082691308459,2,68.40841,ethiopia,draw_79
Female,1.3994382772539748,3,68.40841,ethiopia,draw_79
Male,1.417925144840563,3,68.40841,ethiopia,draw_79
Female,1.416100620475419,2,68.51852,ethiopia,draw_79
Male,1.4997553341961798,2,68.51852,ethiopia,draw_79
Female,1.3977704399801278,3,68.51852,ethiopia,draw_79
Male,1.416172659357791,3,68.51852,ethiopia,draw_79
Female,1.414144310505289,2,68.62863,ethiopia,draw_79
Male,1.4974347140741568,2,68.62863,ethiopia,draw_79
Female,1.3961063456154716,3,68.62863,ethiopia,draw_79
Male,1.4144239756739048,3,68.62863,ethiopia,draw_79
Female,1.4121932159398762,2,68.73874,ethiopia,draw_79
Male,1.49512171127136,2,68.73874,ethiopia,draw_79
Female,1.394445380285339,3,68.73874,ethiopia,draw_79
Male,1.4126794211538825,3,68.73874,ethiopia,draw_79
Female,1.4102479976987647,2,68.84885,ethiopia,draw_79
Male,1.492814985405095,2,68.84885,ethiopia,draw_79
Female,1.392787907598743,3,68.84885,ethiopia,draw_79
Male,1.4109384513421717,3,68.84885,ethiopia,draw_79
Female,1.4083090207644815,2,68.95896,ethiopia,draw_79
Male,1.4905147475783322,2,68.95896,ethiopia,draw_79
Female,1.391134179099003,3,68.95896,ethiopia,draw_79
Male,1.4092011871573118,3,68.95896,ethiopia,draw_79
Female,1.4063752780424825,2,69.06907,ethiopia,draw_79
Male,1.4882212806920858,2,69.06907,ethiopia,draw_79
Female,1.389483505022415,3,69.06907,ethiopia,draw_79
Male,1.4074676054571604,3,69.06907,ethiopia,draw_79
Female,1.4044471077392648,2,69.17918,ethiopia,draw_79
Male,1.4859350592526146,2,69.17918,ethiopia,draw_79
Female,1.3878362226474914,3,69.17918,ethiopia,draw_79
Male,1.405738170349781,3,69.17918,ethiopia,draw_79
Female,1.4025249260467445,2,69.28929,ethiopia,draw_79
Male,1.4836548864993353,2,69.28929,ethiopia,draw_79
Female,1.3861924005938862,3,69.28929,ethiopia,draw_79
Male,1.4040121983633145,3,69.28929,ethiopia,draw_79
Female,1.4006085163614568,2,69.3994,ethiopia,draw_79
Male,1.4813815309490213,2,69.3994,ethiopia,draw_79
Female,1.3845518067062914,3,69.3994,ethiopia,draw_79
Male,1.4022899938312614,3,69.3994,ethiopia,draw_79
Female,1.3986983257342243,2,69.50951,ethiopia,draw_79
Male,1.4791147974371976,2,69.50951,ethiopia,draw_79
Female,1.382914782304212,3,69.50951,ethiopia,draw_79
Male,1.400571459379555,3,69.50951,ethiopia,draw_79
Female,1.3967943519395525,2,69.61962,ethiopia,draw_79
Male,1.4768538184517577,2,69.61962,ethiopia,draw_79
Female,1.3812814995481044,3,69.61962,ethiopia,draw_79
Male,1.3988561895361753,3,69.61962,ethiopia,draw_79
Female,1.394896442847965,2,69.72973,ethiopia,draw_79
Male,1.4745997369087251,2,69.72973,ethiopia,draw_79
Female,1.3796518008407712,3,69.72973,ethiopia,draw_79
Male,1.3971449636750277,3,69.72973,ethiopia,draw_79
Female,1.393004172279167,2,69.83984,ethiopia,draw_79
Male,1.472351607104331,2,69.83984,ethiopia,draw_79
Female,1.378025399140862,3,69.83984,ethiopia,draw_79
Male,1.395437111001996,3,69.83984,ethiopia,draw_79
Female,1.391118189354231,2,69.94995,ethiopia,draw_79
Male,1.4701092344957611,2,69.94995,ethiopia,draw_79
Female,1.3764026495794355,3,69.94995,ethiopia,draw_79
Male,1.3937326669756644,3,69.94995,ethiopia,draw_79
Female,1.3892375066792575,2,70.06006,ethiopia,draw_79
Male,1.46787371689226,2,70.06006,ethiopia,draw_79
Female,1.3747830949688233,3,70.06006,ethiopia,draw_79
Male,1.392032041531939,3,70.06006,ethiopia,draw_79
Female,1.387362858277217,2,70.17017,ethiopia,draw_79
Male,1.4656444539058469,2,70.17017,ethiopia,draw_79
Female,1.373167254205673,3,70.17017,ethiopia,draw_79
Male,1.3903349764521182,3,70.17017,ethiopia,draw_79
Female,1.385494106264313,2,70.28028,ethiopia,draw_79
Male,1.46342147321998,2,70.28028,ethiopia,draw_79
Female,1.3715550427623724,3,70.28028,ethiopia,draw_79
Male,1.3886414344961044,3,70.28028,ethiopia,draw_79
Female,1.3836299003726178,2,70.39039,ethiopia,draw_79
Male,1.4612056862442815,2,70.39039,ethiopia,draw_79
Female,1.369945642249735,3,70.39039,ethiopia,draw_79
Male,1.3869519128469368,3,70.39039,ethiopia,draw_79
Female,1.3817721535611411,2,70.5005,ethiopia,draw_79
Male,1.4589958210107927,2,70.5005,ethiopia,draw_79
Female,1.3683401469251921,3,70.5005,ethiopia,draw_79
Male,1.3852658583073563,3,70.5005,ethiopia,draw_79
Female,1.3799195523564258,2,70.61061,ethiopia,draw_79
Male,1.4567915362875736,2,70.61061,ethiopia,draw_79
Female,1.3667376427112838,3,70.61061,ethiopia,draw_79
Male,1.3835831519380426,3,70.61061,ethiopia,draw_79
Female,1.3780727974020708,2,70.72072,ethiopia,draw_79
Male,1.4545945412050614,2,70.72072,ethiopia,draw_79
Female,1.3651386231590044,3,70.72072,ethiopia,draw_79
Male,1.3819045283767684,3,70.72072,ethiopia,draw_79
Female,1.3762328938485417,2,70.83083,ethiopia,draw_79
Male,1.4524018822286733,2,70.83083,ethiopia,draw_79
Female,1.3635437464955924,3,70.83083,ethiopia,draw_79
Male,1.3802285413974933,3,70.83083,ethiopia,draw_79
Female,1.3743975272254214,2,70.94094,ethiopia,draw_79
Male,1.4502165941707226,2,70.94094,ethiopia,draw_79
Female,1.361951444242921,3,70.94094,ethiopia,draw_79
Male,1.3785566677053134,3,70.94094,ethiopia,draw_79
Female,1.3725677779073147,2,71.05105,ethiopia,draw_79
Male,1.4480373552362473,2,71.05105,ethiopia,draw_79
Female,1.360362510531867,3,71.05105,ethiopia,draw_79
Male,1.3768882541619107,3,71.05105,ethiopia,draw_79
Female,1.3707445421617896,2,71.16116,ethiopia,draw_79
Male,1.4458639639244415,2,71.16116,ethiopia,draw_79
Female,1.3587775273001566,3,71.16116,ethiopia,draw_79
Male,1.3752231916545044,3,71.16116,ethiopia,draw_79
Female,1.368926289772423,2,71.27127,ethiopia,draw_79
Male,1.4436981246933331,2,71.27127,ethiopia,draw_79
Female,1.3571956166550112,3,71.27127,ethiopia,draw_79
Male,1.3735621882226696,3,71.27127,ethiopia,draw_79
Female,1.3671133326911251,2,71.38138,ethiopia,draw_79
Male,1.4415379982003886,2,71.38138,ethiopia,draw_79
Female,1.355617067076136,3,71.38138,ethiopia,draw_79
Male,1.3719043312003893,3,71.38138,ethiopia,draw_79
Female,1.3653054944899552,2,71.49149,ethiopia,draw_79
Male,1.4393839706965386,2,71.49149,ethiopia,draw_79
Female,1.3540417549397155,3,71.49149,ethiopia,draw_79
Male,1.370250108481834,3,71.49149,ethiopia,draw_79
Female,1.3635025227547537,2,71.6016,ethiopia,draw_79
Male,1.4372359462710447,2,71.6016,ethiopia,draw_79
Female,1.3524694974924956,3,71.6016,ethiopia,draw_79
Male,1.3685992131166473,3,71.6016,ethiopia,draw_79
Female,1.3617048319200822,2,71.71171,ethiopia,draw_79
Male,1.4350942780687,2,71.71171,ethiopia,draw_79
Female,1.350900680997092,3,71.71171,ethiopia,draw_79
Male,1.3669516935722885,3,71.71171,ethiopia,draw_79
Female,1.3599125341611964,2,71.82182,ethiopia,draw_79
Male,1.4329589552610504,2,71.82182,ethiopia,draw_79
Female,1.3493352801593226,3,71.82182,ethiopia,draw_79
Male,1.3653076916448643,3,71.82182,ethiopia,draw_79
Female,1.358125408567696,2,71.93193,ethiopia,draw_79
Male,1.4308285754714307,2,71.93193,ethiopia,draw_79
Female,1.347773087103425,3,71.93193,ethiopia,draw_79
Male,1.3636665363485496,3,71.93193,ethiopia,draw_79
Female,1.3563444667741429,2,72.04204,ethiopia,draw_79
Male,1.4287056986377267,2,72.04204,ethiopia,draw_79
Female,1.3462146882253154,3,72.04204,ethiopia,draw_79
Male,1.3620296685618398,3,72.04204,ethiopia,draw_79
Female,1.354568159829422,2,72.15215,ethiopia,draw_79
Male,1.4265879954440182,2,72.15215,ethiopia,draw_79
Female,1.3446591665836882,3,72.15215,ethiopia,draw_79
Male,1.3603959092499132,3,72.15215,ethiopia,draw_79
Female,1.3527969849307262,2,72.26226,ethiopia,draw_79
Male,1.4244765839316813,2,72.26226,ethiopia,draw_79
Female,1.343106758993529,3,72.26226,ethiopia,draw_79
Male,1.3587659967378207,3,72.26226,ethiopia,draw_79
Female,1.3510311605823488,2,72.37237,ethiopia,draw_79
Male,1.4223717632559307,2,72.37237,ethiopia,draw_79
Female,1.3415577006528874,3,72.37237,ethiopia,draw_79
Male,1.3571398756776454,3,72.37237,ethiopia,draw_79
Female,1.34927082326461,2,72.48248,ethiopia,draw_79
Male,1.4202738479999004,2,72.48248,ethiopia,draw_79
Female,1.3400122133566676,3,72.48248,ethiopia,draw_79
Male,1.3555176102284243,3,72.48248,ethiopia,draw_79
Female,1.3475161435279428,2,72.59259,ethiopia,draw_79
Male,1.4181802722001393,2,72.59259,ethiopia,draw_79
Female,1.338470285988015,3,72.59259,ethiopia,draw_79
Male,1.3538980267003167,3,72.59259,ethiopia,draw_79
Female,1.3457655654169063,2,72.7027,ethiopia,draw_79
Male,1.4160936616309638,2,72.7027,ethiopia,draw_79
Female,1.336931022841698,3,72.7027,ethiopia,draw_79
Male,1.3522824444288182,3,72.7027,ethiopia,draw_79
Female,1.344020504298169,2,72.81281,ethiopia,draw_79
Male,1.414013502433606,2,72.81281,ethiopia,draw_79
Female,1.335395386720422,3,72.81281,ethiopia,draw_79
Male,1.350670482326882,3,72.81281,ethiopia,draw_79
Female,1.342279882114602,2,72.92292,ethiopia,draw_79
Male,1.4119388601312552,2,72.92292,ethiopia,draw_79
Female,1.3338625491702596,3,72.92292,ethiopia,draw_79
Male,1.3490616164358646,3,72.92292,ethiopia,draw_79
Female,1.3405451749477,2,73.03303,ethiopia,draw_79
Male,1.409869269172214,2,73.03303,ethiopia,draw_79
Female,1.3323334861892464,3,73.03303,ethiopia,draw_79
Male,1.3474556298498022,3,73.03303,ethiopia,draw_79
Female,1.338815444984456,2,73.14314,ethiopia,draw_79
Male,1.4078059456161347,2,73.14314,ethiopia,draw_79
Female,1.3308075788629807,3,73.14314,ethiopia,draw_79
Male,1.3458532549444586,3,73.14314,ethiopia,draw_79
Female,1.3370910484334544,2,73.25325,ethiopia,draw_79
Male,1.405749816716589,2,73.25325,ethiopia,draw_79
Female,1.3292852212435082,3,73.25325,ethiopia,draw_79
Male,1.344254872758509,3,73.25325,ethiopia,draw_79
Female,1.3353713964051268,2,73.36336,ethiopia,draw_79
Male,1.4036985212630155,2,73.36336,ethiopia,draw_79
Female,1.3277659051826223,3,73.36336,ethiopia,draw_79
Male,1.3426593421562996,3,73.36336,ethiopia,draw_79
Female,1.3336575502073642,2,73.47347,ethiopia,draw_79
Male,1.4016527072536176,2,73.47347,ethiopia,draw_79
Female,1.3262502266645158,3,73.47347,ethiopia,draw_79
Male,1.3410669595956561,3,73.47347,ethiopia,draw_79
Female,1.3319482163345888,2,73.58358,ethiopia,draw_79
Male,1.39961321584052,2,73.58358,ethiopia,draw_79
Female,1.3247373449109616,3,73.58358,ethiopia,draw_79
Male,1.3394781021131617,3,73.58358,ethiopia,draw_79
Female,1.3302442742877505,2,73.69369,ethiopia,draw_79
Male,1.397579182821041,2,73.69369,ethiopia,draw_79
Female,1.3232279673575318,3,73.69369,ethiopia,draw_79
Male,1.337892259784487,3,73.69369,ethiopia,draw_79
Female,1.32854578913875,2,73.8038,ethiopia,draw_79
Male,1.3955517055727673,2,73.8038,ethiopia,draw_79
Female,1.3217221806955366,3,73.8038,ethiopia,draw_79
Male,1.3363099418719133,3,73.8038,ethiopia,draw_79
Female,1.3268520229470253,2,73.91391,ethiopia,draw_79
Male,1.3935300182974382,2,73.91391,ethiopia,draw_79
Female,1.3202194178026572,3,73.91391,ethiopia,draw_79
Male,1.334730977804922,3,73.91391,ethiopia,draw_79
Female,1.3251628487978642,2,74.02402,ethiopia,draw_79
Male,1.3915137085223734,2,74.02402,ethiopia,draw_79
Female,1.3187196761583837,3,74.02402,ethiopia,draw_79
Male,1.3331550320349754,3,74.02402,ethiopia,draw_79
Female,1.323478614410349,2,74.13413,ethiopia,draw_79
Male,1.3895034419794015,2,74.13413,ethiopia,draw_79
Female,1.317223165403955,3,74.13413,ethiopia,draw_79
Male,1.3315824579750135,3,74.13413,ethiopia,draw_79
Female,1.3218002307079026,2,74.24424,ethiopia,draw_79
Male,1.3874991476864098,2,74.24424,ethiopia,draw_79
Female,1.3157305720761918,3,74.24424,ethiopia,draw_79
Male,1.330013264346327,3,74.24424,ethiopia,draw_79
Female,1.3201256970953805,2,74.35435,ethiopia,draw_79
Male,1.38550149113669,2,74.35435,ethiopia,draw_79
Female,1.3142406150225696,3,74.35435,ethiopia,draw_79
Male,1.3284478030659055,3,74.35435,ethiopia,draw_79
Female,1.318456935589345,2,74.46446,ethiopia,draw_79
Male,1.3835079624534798,2,74.46446,ethiopia,draw_79
Female,1.3127543479659638,3,74.46446,ethiopia,draw_79
Male,1.3268848297555689,3,74.46446,ethiopia,draw_79
Female,1.3167922509183916,2,74.57457,ethiopia,draw_79
Male,1.3815204384460358,2,74.57457,ethiopia,draw_79
Female,1.311270860364664,3,74.57457,ethiopia,draw_79
Male,1.325325354885656,3,74.57457,ethiopia,draw_79
Female,1.3151329071916584,2,74.68468,ethiopia,draw_79
Male,1.3795382373621532,2,74.68468,ethiopia,draw_79
Female,1.309790868036064,3,74.68468,ethiopia,draw_79
Male,1.3237688744417802,3,74.68468,ethiopia,draw_79
Female,1.3134781379977245,2,74.79479,ethiopia,draw_79
Male,1.3775613223209924,2,74.79479,ethiopia,draw_79
Female,1.3083139230157443,3,74.79479,ethiopia,draw_79
Male,1.3222155085339693,3,74.79479,ethiopia,draw_79
Female,1.3118278766685663,2,74.9049,ethiopia,draw_79
Male,1.375589852985938,2,74.9049,ethiopia,draw_79
Female,1.3068399458937316,3,74.9049,ethiopia,draw_79
Male,1.320665275603211,3,74.9049,ethiopia,draw_79
Female,1.3101824215640065,2,75.01502,ethiopia,draw_79
Male,1.3736234463407189,2,75.01502,ethiopia,draw_79
Female,1.3053691830237175,3,75.01502,ethiopia,draw_79
Male,1.3191180495637658,3,75.01502,ethiopia,draw_79
Female,1.3085412104626868,2,75.12513,ethiopia,draw_79
Male,1.371662822519575,2,75.12513,ethiopia,draw_79
Female,1.3039013046844354,3,75.12513,ethiopia,draw_79
Male,1.317574219938967,3,75.12513,ethiopia,draw_79
Female,1.3069045294602808,2,75.23524,ethiopia,draw_79
Male,1.3697083009093225,2,75.23524,ethiopia,draw_79
Female,1.302436432187145,3,75.23524,ethiopia,draw_79
Male,1.316033843204653,3,75.23524,ethiopia,draw_79
Female,1.3052732019141038,2,75.34535,ethiopia,draw_79
Male,1.3677584999364087,2,75.34535,ethiopia,draw_79
Female,1.3009749885310622,3,75.34535,ethiopia,draw_79
Male,1.3144962380841767,3,75.34535,ethiopia,draw_79
Female,1.3036466870118715,2,75.45546,ethiopia,draw_79
Male,1.365814740471576,2,75.45546,ethiopia,draw_79
Female,1.2995166392200383,3,75.45546,ethiopia,draw_79
Male,1.3129621605210142,3,75.45546,ethiopia,draw_79
Female,1.3020249557206771,2,75.56557,ethiopia,draw_79
Male,1.3638765583495875,2,75.56557,ethiopia,draw_79
Female,1.2980614077447457,3,75.56557,ethiopia,draw_79
Male,1.311431290238322,3,75.56557,ethiopia,draw_79
Female,1.300407775341228,2,75.67568,ethiopia,draw_79
Male,1.3619439190621931,2,75.67568,ethiopia,draw_79
Female,1.2966091247415075,3,75.67568,ethiopia,draw_79
Male,1.309903649179148,3,75.67568,ethiopia,draw_79
Female,1.2987955671460252,2,75.78579,ethiopia,draw_79
Male,1.3600155306226207,2,75.78579,ethiopia,draw_79
Female,1.2951600457323253,3,75.78579,ethiopia,draw_79
Male,1.30837848778915,3,75.78579,ethiopia,draw_79
Female,1.297187208784595,2,75.8959,ethiopia,draw_79
Male,1.358093932016931,2,75.8959,ethiopia,draw_79
Female,1.2937133449430906,3,75.8959,ethiopia,draw_79
Male,1.3068572520776536,3,75.8959,ethiopia,draw_79
Female,1.2955846829500515,2,76.00601,ethiopia,draw_79
Male,1.356177673568004,2,76.00601,ethiopia,draw_79
Female,1.2922703222735543,3,76.00601,ethiopia,draw_79
Male,1.3053392296111466,3,76.00601,ethiopia,draw_79
Female,1.2939863920349053,2,76.11612,ethiopia,draw_79
Male,1.3542666330130892,2,76.11612,ethiopia,draw_79
Female,1.2908300180428631,3,76.11612,ethiopia,draw_79
Male,1.3038244319807208,3,76.11612,ethiopia,draw_79
Female,1.2923923633207262,2,76.22623,ethiopia,draw_79
Male,1.3523620764378677,2,76.22623,ethiopia,draw_79
Female,1.2893924474020324,3,76.22623,ethiopia,draw_79
Male,1.3023133641879798,3,76.22623,ethiopia,draw_79
Female,1.2908034226952534,2,76.33634,ethiopia,draw_79
Male,1.3504616491318266,2,76.33634,ethiopia,draw_79
Female,1.2879582000817495,3,76.33634,ethiopia,draw_79
Male,1.300804716344207,3,76.33634,ethiopia,draw_79
Female,1.2892196667675402,2,76.44645,ethiopia,draw_79
Male,1.3485678233797749,2,76.44645,ethiopia,draw_79
Female,1.286527360553657,3,76.44645,ethiopia,draw_79
Male,1.2992998457666365,3,76.44645,ethiopia,draw_79
Female,1.2876398454076465,2,76.55656,ethiopia,draw_79
Male,1.3466792869179403,2,76.55656,ethiopia,draw_79
Female,1.28509927278861,3,76.55656,ethiopia,draw_79
Male,1.2977980608820003,3,76.55656,ethiopia,draw_79
Female,1.2860645869162133,2,76.66667,ethiopia,draw_79
Male,1.3447959675659165,2,76.66667,ethiopia,draw_79
Female,1.2836742124385834,3,76.66667,ethiopia,draw_79
Male,1.2962993256746649,3,76.66667,ethiopia,draw_79
Female,1.2844946408906108,2,76.77678,ethiopia,draw_79
Male,1.3429179499370043,2,76.77678,ethiopia,draw_79
Female,1.2822525180319262,3,76.77678,ethiopia,draw_79
Male,1.2948038527305465,3,76.77678,ethiopia,draw_79
Female,1.2829285315915726,2,76.88689,ethiopia,draw_79
Male,1.3410460164477362,2,76.88689,ethiopia,draw_79
Female,1.2808333314087226,3,76.88689,ethiopia,draw_79
Male,1.2933119751328594,3,76.88689,ethiopia,draw_79
Female,1.2813665599058814,2,76.997,ethiopia,draw_79
Male,1.3391787224878844,2,76.997,ethiopia,draw_79
Female,1.2794167943091104,3,76.997,ethiopia,draw_79
Male,1.2918228743692897,3,76.997,ethiopia,draw_79
Female,1.2798098505217705,2,77.10711,ethiopia,draw_79
Male,1.3373174180553666,2,77.10711,ethiopia,draw_79
Female,1.2780036442097384,3,77.10711,ethiopia,draw_79
Male,1.2903370594881516,3,77.10711,ethiopia,draw_79
Female,1.2782577027665116,2,77.21722,ethiopia,draw_79
Male,1.3354600988199978,2,77.21722,ethiopia,draw_79
Female,1.2765935230785823,3,77.21722,ethiopia,draw_79
Male,1.2888536625017672,3,77.21722,ethiopia,draw_79
Female,1.276708838586671,2,77.32733,ethiopia,draw_79
Male,1.3336093576255097,2,77.32733,ethiopia,draw_79
Female,1.2751856532833183,3,77.32733,ethiopia,draw_79
Male,1.2873740019958977,3,77.32733,ethiopia,draw_79
Female,1.2751662796855459,2,77.43744,ethiopia,draw_79
Male,1.3317633634707553,2,77.43744,ethiopia,draw_79
Female,1.273781806900127,3,77.43744,ethiopia,draw_79
Male,1.285897149272061,3,77.43744,ethiopia,draw_79
Female,1.2736272264211868,2,77.54755,ethiopia,draw_79
Male,1.3299230165962235,2,77.54755,ethiopia,draw_79
Female,1.2723804187106766,3,77.54755,ethiopia,draw_79
Male,1.2844236341321038,3,77.54755,ethiopia,draw_79
Female,1.2720923343097523,2,77.65766,ethiopia,draw_79
Male,1.3280875690117646,2,77.65766,ethiopia,draw_79
Female,1.2709818031468911,3,77.65766,ethiopia,draw_79
Male,1.2829530850834834,3,77.65766,ethiopia,draw_79
Female,1.2705620598921086,2,77.76777,ethiopia,draw_79
Male,1.3262576437454876,2,77.76777,ethiopia,draw_79
Female,1.269586289936421,3,77.76777,ethiopia,draw_79
Male,1.2814857843912688,3,77.76777,ethiopia,draw_79
Female,1.2690365567169548,2,77.87788,ethiopia,draw_79
Male,1.3244338036010246,2,77.87788,ethiopia,draw_79
Female,1.268193865653293,3,77.87788,ethiopia,draw_79
Male,1.2800219803606852,3,77.87788,ethiopia,draw_79
Female,1.2675142590843367,2,77.98799,ethiopia,draw_79
Male,1.3226141046316409,2,77.98799,ethiopia,draw_79
Female,1.266803480473473,3,77.98799,ethiopia,draw_79
Male,1.278560628360931,3,77.98799,ethiopia,draw_79
Female,1.2659969104122601,2,78.0981,ethiopia,draw_79
Male,1.3208002811584754,2,78.0981,ethiopia,draw_79
Female,1.2654164476559138,3,78.0981,ethiopia,draw_79
Male,1.2771026581876113,3,78.0981,ethiopia,draw_79
Female,1.2644840910873634,2,78.20821,ethiopia,draw_79
Male,1.3189916967593882,2,78.20821,ethiopia,draw_79
Female,1.2640324925624613,3,78.20821,ethiopia,draw_79
Male,1.2756478064538803,3,78.20821,ethiopia,draw_79
Female,1.26297567332475,2,78.31832,ethiopia,draw_79
Male,1.3171881334617066,2,78.31832,ethiopia,draw_79
Female,1.2626515390569701,3,78.31832,ethiopia,draw_79
Male,1.2741958296331126,3,78.31832,ethiopia,draw_79
Female,1.2614713057223923,2,78.42843,ethiopia,draw_79
Male,1.3153897942057613,2,78.42843,ethiopia,draw_79
Female,1.2612733193842234,3,78.42843,ethiopia,draw_79
Male,1.2727468881557575,3,78.42843,ethiopia,draw_79
Female,1.2599707228172736,2,78.53854,ethiopia,draw_79
Male,1.3135968560437046,2,78.53854,ethiopia,draw_79
Female,1.2598975664113161,3,78.53854,ethiopia,draw_79
Male,1.2713011867008748,3,78.53854,ethiopia,draw_79
Female,1.2584747591396137,2,78.64865,ethiopia,draw_79
Male,1.3118077177226393,2,78.64865,ethiopia,draw_79
Female,1.2585248784990952,3,78.64865,ethiopia,draw_79
Male,1.2698578149428053,3,78.64865,ethiopia,draw_79
Female,1.2569830629208936,2,78.75876,ethiopia,draw_79
Male,1.3100244818432034,2,78.75876,ethiopia,draw_79
Female,1.2571550343523834,3,78.75876,ethiopia,draw_79
Male,1.268417978941036,3,78.75876,ethiopia,draw_79
Female,1.2554958446247901,2,78.86887,ethiopia,draw_79
Male,1.3082463602976937,2,78.86887,ethiopia,draw_79
Female,1.2557881706012584,3,78.86887,ethiopia,draw_79
Male,1.266981194012463,3,78.86887,ethiopia,draw_79
Female,1.254012585250525,2,78.97898,ethiopia,draw_79
Male,1.306473833264801,2,78.97898,ethiopia,draw_79
Female,1.254423993834772,3,78.97898,ethiopia,draw_79
Male,1.2655475528323659,3,78.97898,ethiopia,draw_79
Female,1.252533855594341,2,79.08909,ethiopia,draw_79
Male,1.3047064685620247,2,79.08909,ethiopia,draw_79
Female,1.2530628519144917,3,79.08909,ethiopia,draw_79
Male,1.2641169056532808,3,79.08909,ethiopia,draw_79
Female,1.2510587724346525,2,79.1992,ethiopia,draw_79
Male,1.3029429885206223,2,79.1992,ethiopia,draw_79
Female,1.251704349878328,3,79.1992,ethiopia,draw_79
Male,1.2626886823082488,3,79.1992,ethiopia,draw_79
Female,1.2495889033639627,2,79.30931,ethiopia,draw_79
Male,1.3011850647385732,2,79.30931,ethiopia,draw_79
Female,1.2503493920704398,3,79.30931,ethiopia,draw_79
Male,1.2612636889852613,3,79.30931,ethiopia,draw_79
Female,1.2481228941347065,2,79.41942,ethiopia,draw_79
Male,1.2994323774444219,2,79.41942,ethiopia,draw_79
Female,1.2489969968884436,3,79.41942,ethiopia,draw_79
Male,1.2598417879274728,3,79.41942,ethiopia,draw_79
Female,1.2466610665819662,2,79.52953,ethiopia,draw_79
Male,1.2976838217802311,2,79.52953,ethiopia,draw_79
Female,1.247647572906305,3,79.52953,ethiopia,draw_79
Male,1.2584225742206816,3,79.52953,ethiopia,draw_79
Female,1.24520328953692,2,79.63964,ethiopia,draw_79
Male,1.2959403445248887,2,79.63964,ethiopia,draw_79
Female,1.2463009109304,3,79.63964,ethiopia,draw_79
Male,1.2570064703431618,3,79.63964,ethiopia,draw_79
Female,1.2437509861759903,2,79.74975,ethiopia,draw_79
Male,1.2942021981047045,2,79.74975,ethiopia,draw_79
Female,1.2449578124109202,3,79.74975,ethiopia,draw_79
Male,1.2555936095074687,3,79.74975,ethiopia,draw_79
Female,1.2423024054131608,2,79.85986,ethiopia,draw_79
Male,1.2924688866287484,2,79.85986,ethiopia,draw_79
Female,1.2436171692294709,3,79.85986,ethiopia,draw_79
Male,1.2541836786369387,3,79.85986,ethiopia,draw_79
Female,1.2408583550734664,2,79.96997,ethiopia,draw_79
Male,1.2907402084148534,2,79.96997,ethiopia,draw_79
Female,1.2422795797317847,3,79.96997,ethiopia,draw_79
Male,1.2527764988829597,3,79.96997,ethiopia,draw_79
Female,1.239418844331952,2,80.08008,ethiopia,draw_79
Male,1.2890161476991966,2,80.08008,ethiopia,draw_79
Female,1.2409450714162422,3,80.08008,ethiopia,draw_79
Male,1.2513720883992745,3,80.08008,ethiopia,draw_79
Female,1.2379836567904139,2,80.19019,ethiopia,draw_79
Male,1.2872978476587216,2,80.19019,ethiopia,draw_79
Female,1.2396135760725235,3,80.19019,ethiopia,draw_79
Male,1.2499709033931965,3,80.19019,ethiopia,draw_79
Female,1.2365522601464851,2,80.3003,ethiopia,draw_79
Male,1.2855839555218527,2,80.3003,ethiopia,draw_79
Female,1.2382845893706076,3,80.3003,ethiopia,draw_79
Male,1.2485723607573505,3,80.3003,ethiopia,draw_79
Female,1.2351263288999546,2,80.41041,ethiopia,draw_79
Male,1.283875508063012,2,80.41041,ethiopia,draw_79
Female,1.2369591584621322,3,80.41041,ethiopia,draw_79
Male,1.2471769756970568,3,80.41041,ethiopia,draw_79
Female,1.2337034802828775,2,80.52052,ethiopia,draw_79
Male,1.2821726174104227,2,80.52052,ethiopia,draw_79
Female,1.2356358231412277,3,80.52052,ethiopia,draw_79
Male,1.245784735760457,3,80.52052,ethiopia,draw_79
Female,1.2322850537022554,2,80.63063,ethiopia,draw_79
Male,1.2804743589405283,2,80.63063,ethiopia,draw_79
Female,1.2343154928429625,3,80.63063,ethiopia,draw_79
Male,1.2443953360636746,3,80.63063,ethiopia,draw_79
Female,1.2308713978069312,2,80.74074,ethiopia,draw_79
Male,1.2787813145896931,2,80.74074,ethiopia,draw_79
Female,1.2329984850303808,3,80.74074,ethiopia,draw_79
Male,1.243008971132684,3,80.74074,ethiopia,draw_79
Female,1.2294616850796067,2,80.85085,ethiopia,draw_79
Male,1.2770932400506538,2,80.85085,ethiopia,draw_79
Female,1.231684188961571,3,80.85085,ethiopia,draw_79
Male,1.2416255962359837,3,80.85085,ethiopia,draw_79
Female,1.2280558887379067,2,80.96096,ethiopia,draw_79
Male,1.2754094222423549,2,80.96096,ethiopia,draw_79
Female,1.2303725891986395,3,80.96096,ethiopia,draw_79
Male,1.2402448343258796,3,80.96096,ethiopia,draw_79
Female,1.226653999003851,2,81.07107,ethiopia,draw_79
Male,1.2737307046673447,2,81.07107,ethiopia,draw_79
Female,1.229063635253612,3,81.07107,ethiopia,draw_79
Male,1.2388670837317226,3,81.07107,ethiopia,draw_79
Female,1.225256591960625,2,81.18118,ethiopia,draw_79
Male,1.2720574439747463,2,81.18118,ethiopia,draw_79
Female,1.227757689034213,3,81.18118,ethiopia,draw_79
Male,1.237492590067866,3,81.18118,ethiopia,draw_79
Female,1.2238632483668306,2,81.29129,ethiopia,draw_79
Male,1.2703891606157647,2,81.29129,ethiopia,draw_79
Female,1.2264543905779495,3,81.29129,ethiopia,draw_79
Male,1.236120987950106,3,81.29129,ethiopia,draw_79
Female,1.2224748335571316,2,81.4014,ethiopia,draw_79
Male,1.2687258229349834,2,81.4014,ethiopia,draw_79
Female,1.225154502418052,3,81.4014,ethiopia,draw_79
Male,1.2347523354842678,3,81.4014,ethiopia,draw_79
Female,1.22108997463229,2,81.51151,ethiopia,draw_79
Male,1.2670675020356077,2,81.51151,ethiopia,draw_79
Female,1.2238571720212192,3,81.51151,ethiopia,draw_79
Male,1.2333867265179874,3,81.51151,ethiopia,draw_79
Female,1.2197092425116893,2,81.62162,ethiopia,draw_79
Male,1.2654130283742122,2,81.62162,ethiopia,draw_79
Female,1.2225625008661487,3,81.62162,ethiopia,draw_79
Male,1.2320234982298868,3,81.62162,ethiopia,draw_79
Female,1.2183328548706007,2,81.73173,ethiopia,draw_79
Male,1.2637639771280156,2,81.73173,ethiopia,draw_79
Female,1.2212706698570215,3,81.73173,ethiopia,draw_79
Male,1.2306634371424308,3,81.73173,ethiopia,draw_79
Female,1.216960928511191,2,81.84184,ethiopia,draw_79
Male,1.2621199257460303,2,81.84184,ethiopia,draw_79
Female,1.2199819671291705,3,81.84184,ethiopia,draw_79
Male,1.2293063603848182,3,81.84184,ethiopia,draw_79
Female,1.2155931990266793,2,81.95195,ethiopia,draw_79
Male,1.2604805922825681,2,81.95195,ethiopia,draw_79
Female,1.2186961430355716,3,81.95195,ethiopia,draw_79
Male,1.2279520307854945,3,81.95195,ethiopia,draw_79
Female,1.2142288965923942,2,82.06206,ethiopia,draw_79
Male,1.2588454044109842,2,82.06206,ethiopia,draw_79
Female,1.2174125293260152,3,82.06206,ethiopia,draw_79
Male,1.2266001910350417,3,82.06206,ethiopia,draw_79
Female,1.2128692208110756,2,82.17217,ethiopia,draw_79
Male,1.2572159231937605,2,82.17217,ethiopia,draw_79
Female,1.2161320909401272,3,82.17217,ethiopia,draw_79
Male,1.225251639646927,3,82.17217,ethiopia,draw_79
Female,1.2115134399405003,2,82.28228,ethiopia,draw_79
Male,1.255590820402287,2,82.28228,ethiopia,draw_79
Female,1.2148542818615857,3,82.28228,ethiopia,draw_79
Male,1.2239057592560414,3,82.28228,ethiopia,draw_79
Female,1.2101614037530426,2,82.39239,ethiopia,draw_79
Male,1.2539699290334754,2,82.39239,ethiopia,draw_79
Female,1.2135790852778081,3,82.39239,ethiopia,draw_79
Male,1.2225625466753312,3,82.39239,ethiopia,draw_79
Female,1.208813808638322,2,82.5025,ethiopia,draw_79
Male,1.2523537801242746,2,82.5025,ethiopia,draw_79
Female,1.2123068460428545,3,82.5025,ethiopia,draw_79
Male,1.2212223153401511,3,82.5025,ethiopia,draw_79
Female,1.2074695100674073,2,82.61261,ethiopia,draw_79
Male,1.2507419808786011,2,82.61261,ethiopia,draw_79
Female,1.211036832468086,3,82.61261,ethiopia,draw_79
Male,1.2198848210685485,3,82.61261,ethiopia,draw_79
Female,1.2061297778641349,2,82.72272,ethiopia,draw_79
Male,1.2491348005744434,2,82.72272,ethiopia,draw_79
Female,1.2097698700351622,3,82.72272,ethiopia,draw_79
Male,1.2185502035322993,3,82.72272,ethiopia,draw_79
Female,1.2047940800915513,2,82.83283,ethiopia,draw_79
Male,1.2475324460890598,2,82.83283,ethiopia,draw_79
Female,1.20850558577517,3,82.83283,ethiopia,draw_79
Male,1.2172183943566706,3,82.83283,ethiopia,draw_79
Female,1.2034620002264003,2,82.94294,ethiopia,draw_79
Male,1.2459341421415622,2,82.94294,ethiopia,draw_79
Female,1.2072437645114242,3,82.94294,ethiopia,draw_79
Male,1.2158891118175728,3,82.94294,ethiopia,draw_79
Female,1.2021338064304565,2,83.05305,ethiopia,draw_79
Male,1.2443402190733466,2,83.05305,ethiopia,draw_79
Female,1.2059846862285364,3,83.05305,ethiopia,draw_79
Male,1.214562597601424,3,83.05305,ethiopia,draw_79
Female,1.2008097018666448,2,83.16316,ethiopia,draw_79
Male,1.2427523279694979,2,83.16316,ethiopia,draw_79
Female,1.2047284673976757,3,83.16316,ethiopia,draw_79
Male,1.2132395178135165,3,83.16316,ethiopia,draw_79
Female,1.1994890795362818,2,83.27327,ethiopia,draw_79
Male,1.2411678796419323,2,83.27327,ethiopia,draw_79
Female,1.2034747249710067,3,83.27327,ethiopia,draw_79
Male,1.2119185887082282,3,83.27327,ethiopia,draw_79
Female,1.1981726436680349,2,83.38338,ethiopia,draw_79
Male,1.2395892545382134,2,83.38338,ethiopia,draw_79
Female,1.2022237806921918,3,83.38338,ethiopia,draw_79
Male,1.2106010335826431,3,83.38338,ethiopia,draw_79
Female,1.196859765797478,2,83.49349,ethiopia,draw_79
Male,1.2380155630909098,2,83.49349,ethiopia,draw_79
Female,1.20097522481962,3,83.49349,ethiopia,draw_79
Male,1.209286321848652,3,83.49349,ethiopia,draw_79
Female,1.1955510289059053,2,83.6036,ethiopia,draw_79
Male,1.2364473082543406,2,83.6036,ethiopia,draw_79
Female,1.199729525310764,3,83.6036,ethiopia,draw_79
Male,1.2079747568511914,3,83.6036,ethiopia,draw_79
Female,1.1942465859058604,2,83.71371,ethiopia,draw_79
Male,1.234882144494156,2,83.71371,ethiopia,draw_79
Female,1.1984869044263458,3,83.71371,ethiopia,draw_79
Male,1.2066651082274902,3,83.71371,ethiopia,draw_79
Female,1.1929453559108945,2,83.82382,ethiopia,draw_79
Male,1.233322462653603,2,83.82382,ethiopia,draw_79
Female,1.1972467456410434,3,83.82382,ethiopia,draw_79
Male,1.205358888335987,3,83.82382,ethiopia,draw_79
Female,1.1916487860063987,2,83.93393,ethiopia,draw_79
Male,1.2317670852640328,2,83.93393,ethiopia,draw_79
Female,1.1960098601921372,3,83.93393,ethiopia,draw_79
Male,1.2040553368411973,3,83.93393,ethiopia,draw_79
Female,1.1903563287598504,2,84.04404,ethiopia,draw_79
Male,1.2302164436697616,2,84.04404,ethiopia,draw_79
Female,1.1947757901517757,3,84.04404,ethiopia,draw_79
Male,1.2027546707562888,3,84.04404,ethiopia,draw_79
Female,1.1890684674650454,2,84.15415,ethiopia,draw_79
Male,1.2286705309818218,2,84.15415,ethiopia,draw_79
Female,1.1935448759842602,3,84.15415,ethiopia,draw_79
Male,1.2014569139662183,3,84.15415,ethiopia,draw_79
Female,1.1877842837937629,2,84.26426,ethiopia,draw_79
Male,1.227129734526759,2,84.26426,ethiopia,draw_79
Female,1.1923165108623157,3,84.26426,ethiopia,draw_79
Male,1.2001620832163762,3,84.26426,ethiopia,draw_79
Female,1.1865036910247373,2,84.37437,ethiopia,draw_79
Male,1.225593568495012,2,84.37437,ethiopia,draw_79
Female,1.1910905571308954,3,84.37437,ethiopia,draw_79
Male,1.198869984232442,3,84.37437,ethiopia,draw_79
Female,1.1852274357543835,2,84.48448,ethiopia,draw_79
Male,1.224061802815962,2,84.48448,ethiopia,draw_79
Female,1.1898676479528738,3,84.48448,ethiopia,draw_79
Male,1.1975805698612683,3,84.48448,ethiopia,draw_79
Female,1.1839539530433871,2,84.59459,ethiopia,draw_79
Male,1.2225339759318898,2,84.59459,ethiopia,draw_79
Female,1.1886468464243014,3,84.59459,ethiopia,draw_79
Male,1.1962935248396251,3,84.59459,ethiopia,draw_79
Female,1.182685252792208,2,84.7047,ethiopia,draw_79
Male,1.221010360521484,2,84.7047,ethiopia,draw_79
Female,1.187429360272797,3,84.7047,ethiopia,draw_79
Male,1.1950091795200035,3,84.7047,ethiopia,draw_79
Female,1.1814212345998434,2,84.81481,ethiopia,draw_79
Male,1.2194922233092207,2,84.81481,ethiopia,draw_79
Female,1.1862151901978946,3,84.81481,ethiopia,draw_79
Male,1.1937282410888468,3,84.81481,ethiopia,draw_79
Female,1.1801605310966048,2,84.92492,ethiopia,draw_79
Male,1.2179785007185906,2,84.92492,ethiopia,draw_79
Female,1.1850034390532103,3,84.92492,ethiopia,draw_79
Male,1.1924499712304844,3,84.92492,ethiopia,draw_79
Female,1.1789036616997055,2,85.03504,ethiopia,draw_79
Male,1.2164697467004009,2,85.03504,ethiopia,draw_79
Female,1.183794464094244,3,85.03504,ethiopia,draw_79
Male,1.1911748195202538,3,85.03504,ethiopia,draw_79
Female,1.177651554085255,2,85.14515,ethiopia,draw_79
Male,1.2149659369171362,2,85.14515,ethiopia,draw_79
Female,1.1825890834502173,3,85.14515,ethiopia,draw_79
Male,1.1899029497707085,3,85.14515,ethiopia,draw_79
Female,1.176403627556212,2,85.25526,ethiopia,draw_79
Male,1.2134670785348753,2,85.25526,ethiopia,draw_79
Female,1.1813867065360009,3,85.25526,ethiopia,draw_79
Male,1.1886343129921766,3,85.25526,ethiopia,draw_79
Female,1.1751604148651742,2,85.36537,ethiopia,draw_79
Male,1.2119735167612313,2,85.36537,ethiopia,draw_79
Female,1.1801877508354144,3,85.36537,ethiopia,draw_79
Male,1.1873692398409386,3,85.36537,ethiopia,draw_79
Female,1.1739215628968696,2,85.47548,ethiopia,draw_79
Male,1.2104849809490308,2,85.47548,ethiopia,draw_79
Female,1.1789919717219555,3,85.47548,ethiopia,draw_79
Male,1.1861075892770994,3,85.47548,ethiopia,draw_79
Female,1.1726873199955548,2,85.58559,ethiopia,draw_79
Male,1.209001314946513,2,85.58559,ethiopia,draw_79
Female,1.1777994497627429,3,85.58559,ethiopia,draw_79
Male,1.1848492155627415,3,85.58559,ethiopia,draw_79
Female,1.171456673021578,2,85.6957,ethiopia,draw_79
Male,1.2075224439048968,2,85.6957,ethiopia,draw_79
Female,1.1766096443755911,3,85.6957,ethiopia,draw_79
Male,1.1835941711874833,3,85.6957,ethiopia,draw_79
Female,1.170231003556886,2,85.80581,ethiopia,draw_79
Male,1.2060485574399373,2,85.80581,ethiopia,draw_79
Female,1.1754235009584137,3,85.80581,ethiopia,draw_79
Male,1.1823424890571739,3,85.80581,ethiopia,draw_79
Female,1.1690105341575365,2,85.91592,ethiopia,draw_79
Male,1.204580251200967,2,85.91592,ethiopia,draw_79
Female,1.17424123632886,3,85.91592,ethiopia,draw_79
Male,1.1810944943577362,3,85.91592,ethiopia,draw_79
Female,1.1677943820189187,2,86.02603,ethiopia,draw_79
Male,1.203116821429689,2,86.02603,ethiopia,draw_79
Female,1.173062284765383,3,86.02603,ethiopia,draw_79
Male,1.1798500678825459,3,86.02603,ethiopia,draw_79
Female,1.166582974175599,2,86.13614,ethiopia,draw_79
Male,1.2016593668806246,2,86.13614,ethiopia,draw_79
Female,1.1718869051284369,3,86.13614,ethiopia,draw_79
Male,1.178609748202345,3,86.13614,ethiopia,draw_79
Female,1.1653764851382586,2,86.24625,ethiopia,draw_79
Male,1.2002077929920563,2,86.24625,ethiopia,draw_79
Female,1.1707153060907396,3,86.24625,ethiopia,draw_79
Male,1.1773733839414633,3,86.24625,ethiopia,draw_79
Female,1.164174614654753,2,86.35636,ethiopia,draw_79
Male,1.1987610516085767,2,86.35636,ethiopia,draw_79
Female,1.1695473179464064,3,86.35636,ethiopia,draw_79
Male,1.1761402653810291,3,86.35636,ethiopia,draw_79
Female,1.162977726854919,2,86.46647,ethiopia,draw_79
Male,1.197320735906319,2,86.46647,ethiopia,draw_79
Female,1.1683831706435739,3,86.46647,ethiopia,draw_79
Male,1.1749115171789595,3,86.46647,ethiopia,draw_79
Female,1.1617858263429606,2,86.57658,ethiopia,draw_79
Male,1.1958852878419548,2,86.57658,ethiopia,draw_79
Female,1.167223024870255,3,86.57658,ethiopia,draw_79
Male,1.1736863032846456,3,86.57658,ethiopia,draw_79
Female,1.1605991362265689,2,86.68669,ethiopia,draw_79
Male,1.1944567496897727,2,86.68669,ethiopia,draw_79
Female,1.1660670449840356,3,86.68669,ethiopia,draw_79
Male,1.1724659404129185,3,86.68669,ethiopia,draw_79
Female,1.1594184676609163,2,86.7968,ethiopia,draw_79
Male,1.1930337956332695,2,86.7968,ethiopia,draw_79
Female,1.1649158119108278,3,86.7968,ethiopia,draw_79
Male,1.1712495717744795,3,86.7968,ethiopia,draw_79
Female,1.1582417276148986,2,86.90691,ethiopia,draw_79
Male,1.1916163605523886,2,86.90691,ethiopia,draw_79
Female,1.1637678343029467,3,86.90691,ethiopia,draw_79
Male,1.17003710556359,3,86.90691,ethiopia,draw_79
Female,1.1570702941094317,2,87.01702,ethiopia,draw_79
Male,1.190205603351521,2,87.01702,ethiopia,draw_79
Female,1.1626238864824334,3,87.01702,ethiopia,draw_79
Male,1.168829044074584,3,87.01702,ethiopia,draw_79
Female,1.1559040494832848,2,87.12713,ethiopia,draw_79
Male,1.188800817350432,2,87.12713,ethiopia,draw_79
Female,1.1614839247351123,3,87.12713,ethiopia,draw_79
Male,1.1676251908120288,3,87.12713,ethiopia,draw_79
Female,1.1547427446622216,2,87.23724,ethiopia,draw_79
Male,1.1874014275813205,2,87.23724,ethiopia,draw_79
Female,1.1603478113909638,3,87.23724,ethiopia,draw_79
Male,1.1664251314161402,3,87.23724,ethiopia,draw_79
Female,1.1535862803835866,2,87.34735,ethiopia,draw_79
Male,1.1860075709014903,2,87.34735,ethiopia,draw_79
Female,1.1592153737066144,3,87.34735,ethiopia,draw_79
Male,1.1652289566371643,3,87.34735,ethiopia,draw_79
Female,1.1524352404980631,2,87.45746,ethiopia,draw_79
Male,1.1846199703860851,2,87.45746,ethiopia,draw_79
Female,1.1580871465662212,3,87.45746,ethiopia,draw_79
Male,1.1640372567307053,3,87.45746,ethiopia,draw_79
Female,1.1512891342090994,2,87.56757,ethiopia,draw_79
Male,1.1832386777370973,2,87.56757,ethiopia,draw_79
Female,1.1569626931086565,3,87.56757,ethiopia,draw_79
Male,1.1628499178356824,3,87.56757,ethiopia,draw_79
Female,1.1501476442853094,2,87.67768,ethiopia,draw_79
Male,1.181862377774366,2,87.67768,ethiopia,draw_79
Female,1.1558417829118446,3,87.67768,ethiopia,draw_79
Male,1.1616661397850672,3,87.67768,ethiopia,draw_79
Female,1.1490114427471327,2,87.78779,ethiopia,draw_79
Male,1.1804928477172172,2,87.78779,ethiopia,draw_79
Female,1.154724971305895,3,87.78779,ethiopia,draw_79
Male,1.1604869849286186,3,87.78779,ethiopia,draw_79
Female,1.147880354574602,2,87.8979,ethiopia,draw_79
Male,1.1791282925191093,2,87.8979,ethiopia,draw_79
Female,1.1536120304072859,3,87.8979,ethiopia,draw_79
Male,1.1593114844535541,3,87.8979,ethiopia,draw_79
Female,1.1467534061432252,2,88.00801,ethiopia,draw_79
Male,1.1777688239917459,2,88.00801,ethiopia,draw_79
Female,1.152502522966179,3,88.00801,ethiopia,draw_79
Male,1.158139716826491,3,88.00801,ethiopia,draw_79
Female,1.14563211230191,2,88.11812,ethiopia,draw_79
Male,1.1764162176152055,2,88.11812,ethiopia,draw_79
Female,1.1513974116631047,3,88.11812,ethiopia,draw_79
Male,1.1569727514288128,3,88.11812,ethiopia,draw_79
Female,1.14451588353262,2,88.22823,ethiopia,draw_79
Male,1.1750693996900425,2,88.22823,ethiopia,draw_79
Female,1.1502964608419892,3,88.22823,ethiopia,draw_79
Male,1.1558101077696197,3,88.22823,ethiopia,draw_79
Female,1.1434047291146177,2,88.33834,ethiopia,draw_79
Male,1.1737282851434618,2,88.33834,ethiopia,draw_79
Female,1.1491996638868063,3,88.33834,ethiopia,draw_79
Male,1.154651587298469,3,88.33834,ethiopia,draw_79
Female,1.1422981757538822,2,88.44845,ethiopia,draw_79
Male,1.1723942504208353,2,88.44845,ethiopia,draw_79
Female,1.1481066010631207,3,88.44845,ethiopia,draw_79
Male,1.1534979141337052,3,88.44845,ethiopia,draw_79
Female,1.141197200680258,2,88.55856,ethiopia,draw_79
Male,1.171064958053586,2,88.55856,ethiopia,draw_79
Female,1.1470178281005579,3,88.55856,ethiopia,draw_79
Male,1.1523478735162749,3,88.55856,ethiopia,draw_79
Female,1.1401023195787803,2,88.66867,ethiopia,draw_79
Male,1.1697419843485253,2,88.66867,ethiopia,draw_79
Female,1.1459340604992616,3,88.66867,ethiopia,draw_79
Male,1.15120254258346,3,88.66867,ethiopia,draw_79
Female,1.1390129308433545,2,88.77878,ethiopia,draw_79
Male,1.1684267924723688,2,88.77878,ethiopia,draw_79
Female,1.1448550670326199,3,88.77878,ethiopia,draw_79
Male,1.1500627803437056,3,88.77878,ethiopia,draw_79
Female,1.1379295631278419,2,88.88889,ethiopia,draw_79
Male,1.1671186538791836,2,88.88889,ethiopia,draw_79
Female,1.143781415956675,3,88.88889,ethiopia,draw_79
Male,1.1489282666658334,3,88.88889,ethiopia,draw_79
Female,1.1368524161898883,2,88.999,ethiopia,draw_79
Male,1.1658182510693988,2,88.999,ethiopia,draw_79
Female,1.1427132575069086,3,88.999,ethiopia,draw_79
Male,1.1477995536452583,3,88.999,ethiopia,draw_79
Female,1.1357811367176551,2,89.10911,ethiopia,draw_79
Male,1.1645251275499249,2,89.10911,ethiopia,draw_79
Female,1.1416505328058093,3,89.10911,ethiopia,draw_79
Male,1.146676631607978,3,89.10911,ethiopia,draw_79
Female,1.1347169542756113,2,89.21922,ethiopia,draw_79
Male,1.1632392195190657,2,89.21922,ethiopia,draw_79
Female,1.140593985163393,3,89.21922,ethiopia,draw_79
Male,1.1455593686813357,3,89.21922,ethiopia,draw_79
Female,1.1336594217845581,2,89.32933,ethiopia,draw_79
Male,1.1619623082497472,2,89.32933,ethiopia,draw_79
Female,1.139543271997075,3,89.32933,ethiopia,draw_79
Male,1.1444488982325234,3,89.32933,ethiopia,draw_79
Female,1.1326082228624128,2,89.43944,ethiopia,draw_79
Male,1.1606934670417348,2,89.43944,ethiopia,draw_79
Female,1.138498140326176,3,89.43944,ethiopia,draw_79
Male,1.143344621390771,3,89.43944,ethiopia,draw_79
Female,1.1315638645470276,2,89.54955,ethiopia,draw_79
Male,1.1594321266973053,2,89.54955,ethiopia,draw_79
Female,1.137459088333655,3,89.54955,ethiopia,draw_79
Male,1.1422464613085437,3,89.54955,ethiopia,draw_79
Female,1.1305275046595826,2,89.65966,ethiopia,draw_79
Male,1.1581797378604743,2,89.65966,ethiopia,draw_79
Female,1.1364272224742313,3,89.65966,ethiopia,draw_79
Male,1.1411553791207796,3,89.65966,ethiopia,draw_79
Female,1.1294973773011985,2,89.76977,ethiopia,draw_79
Male,1.1569355754802442,2,89.76977,ethiopia,draw_79
Female,1.1354011421670134,3,89.76977,ethiopia,draw_79
Male,1.140070771791129,3,89.76977,ethiopia,draw_79
Female,1.1284741982982616,2,89.87988,ethiopia,draw_79
Male,1.1556996085078908,2,89.87988,ethiopia,draw_79
Female,1.1343813605335566,3,89.87988,ethiopia,draw_79
Male,1.138992623213387,3,89.87988,ethiopia,draw_79
Female,1.1274576154058362,2,89.98999,ethiopia,draw_79
Male,1.154471639373646,2,89.98999,ethiopia,draw_79
Female,1.1333675803648102,3,89.98999,ethiopia,draw_79
Male,1.13792076815668,3,89.98999,ethiopia,draw_79
Female,1.1264482212856086,2,90.1001,ethiopia,draw_79
Male,1.1532517571025802,2,90.1001,ethiopia,draw_79
Female,1.1323601203103624,3,90.1001,ethiopia,draw_79
Male,1.1368553065422577,3,90.1001,ethiopia,draw_79
Female,1.1254454321320797,2,90.21021,ethiopia,draw_79
Male,1.1520395762212434,2,90.21021,ethiopia,draw_79
Female,1.1313586696669427,3,90.21021,ethiopia,draw_79
Male,1.1357961575411104,3,90.21021,ethiopia,draw_79
Female,1.1244511516374582,2,90.32032,ethiopia,draw_79
Male,1.1508368602670356,2,90.32032,ethiopia,draw_79
Female,1.1303647063584181,3,90.32032,ethiopia,draw_79
Male,1.1347445446645121,3,90.32032,ethiopia,draw_79
Female,1.1234628395917252,2,90.43043,ethiopia,draw_79
Male,1.1496414042740697,2,90.43043,ethiopia,draw_79
Female,1.1293764805533941,3,90.43043,ethiopia,draw_79
Male,1.1336991100125506,3,90.43043,ethiopia,draw_79
Female,1.1224825664461866,2,90.54054,ethiopia,draw_79
Male,1.1484553986348802,2,90.54054,ethiopia,draw_79
Female,1.1283954983266864,3,90.54054,ethiopia,draw_79
Male,1.1326610428314778,3,90.54054,ethiopia,draw_79
Female,1.1215086432691088,2,90.65065,ethiopia,draw_79
Male,1.1472787361152088,2,90.65065,ethiopia,draw_79
Female,1.1274205960468922,3,90.65065,ethiopia,draw_79
Male,1.1316303762908286,3,90.65065,ethiopia,draw_79
Female,1.1205423002108723,2,90.76076,ethiopia,draw_79
Male,1.1461100974665215,2,90.76076,ethiopia,draw_79
Female,1.1264525768979181,3,90.76076,ethiopia,draw_79
Male,1.1306064090590724,3,90.76076,ethiopia,draw_79
Female,1.1195836547778548,2,90.87087,ethiopia,draw_79
Male,1.1449500152766576,2,90.87087,ethiopia,draw_79
Female,1.1254916015472456,3,90.87087,ethiopia,draw_79
Male,1.1295893888484267,3,90.87087,ethiopia,draw_79
Female,1.1186317430320682,2,90.98098,ethiopia,draw_79
Male,1.1437995809766224,2,90.98098,ethiopia,draw_79
Female,1.1245370821018477,3,90.98098,ethiopia,draw_79
Male,1.128580096797291,3,90.98098,ethiopia,draw_79
Female,1.117688524097037,2,91.09109,ethiopia,draw_79
Male,1.1426591052487385,2,91.09109,ethiopia,draw_79
Female,1.1235906157928923,3,91.09109,ethiopia,draw_79
Male,1.1275788870796735,3,91.09109,ethiopia,draw_79
Female,1.116752811427384,2,91.2012,ethiopia,draw_79
Male,1.1415267961753695,2,91.2012,ethiopia,draw_79
Female,1.1226509949290089,3,91.2012,ethiopia,draw_79
Male,1.1265843763871766,3,91.2012,ethiopia,draw_79
Female,1.1158233339775154,2,91.31131,ethiopia,draw_79
Male,1.140402683603774,2,91.31131,ethiopia,draw_79
Female,1.1217173942942764,3,91.31131,ethiopia,draw_79
Male,1.1255965777907935,3,91.31131,ethiopia,draw_79
Female,1.1149012152547437,2,91.42142,ethiopia,draw_79
Male,1.1392872126867721,2,91.42142,ethiopia,draw_79
Female,1.1207905088550103,3,91.42142,ethiopia,draw_79
Male,1.124615813174231,3,91.42142,ethiopia,draw_79
Female,1.1139861828692144,2,91.53153,ethiopia,draw_79
Male,1.1381799309962215,2,91.53153,ethiopia,draw_79
Female,1.1198701023474231,3,91.53153,ethiopia,draw_79
Male,1.1236419254512444,3,91.53153,ethiopia,draw_79
Female,1.1130782879681838,2,91.64164,ethiopia,draw_79
Male,1.137080693069467,2,91.64164,ethiopia,draw_79
Female,1.1189563700365321,3,91.64164,ethiopia,draw_79
Male,1.122674809652377,3,91.64164,ethiopia,draw_79
Female,1.1121788726906947,2,91.75175,ethiopia,draw_79
Male,1.135991285472022,2,91.75175,ethiopia,draw_79
Female,1.1180506215599944,3,91.75175,ethiopia,draw_79
Male,1.1217159441290159,3,91.75175,ethiopia,draw_79
Female,1.1112862372004413,2,91.86186,ethiopia,draw_79
Male,1.134909447991116,2,91.86186,ethiopia,draw_79
Female,1.1171513976266019,3,91.86186,ethiopia,draw_79
Male,1.1207637220420383,3,91.86186,ethiopia,draw_79
Female,1.110400742564422,2,91.97197,ethiopia,draw_79
Male,1.1338368214217809,2,91.97197,ethiopia,draw_79
Female,1.116258957272337,3,91.97197,ethiopia,draw_79
Male,1.11981893898298,3,91.97197,ethiopia,draw_79
Female,1.1095217974639644,2,92.08208,ethiopia,draw_79
Male,1.1327720171743845,2,92.08208,ethiopia,draw_79
Female,1.115372836663288,3,92.08208,ethiopia,draw_79
Male,1.1188808932359755,3,92.08208,ethiopia,draw_79
Female,1.1086495739440498,2,92.19219,ethiopia,draw_79
Male,1.1317155710314062,2,92.19219,ethiopia,draw_79
Female,1.114493151184807,3,92.19219,ethiopia,draw_79
Male,1.1179498391330454,3,92.19219,ethiopia,draw_79
Female,1.1077853976735919,2,92.3023,ethiopia,draw_79
Male,1.130668082111906,2,92.3023,ethiopia,draw_79
Female,1.113620831176164,3,92.3023,ethiopia,draw_79
Male,1.1170261251846736,3,92.3023,ethiopia,draw_79
Female,1.1069278184718614,2,92.41241,ethiopia,draw_79
Male,1.1296289191939575,2,92.41241,ethiopia,draw_79
Female,1.1127549307646034,3,92.41241,ethiopia,draw_79
Male,1.116109609477077,3,92.41241,ethiopia,draw_79
Female,1.1060783615906975,2,92.52252,ethiopia,draw_79
Male,1.1285984651535432,2,92.52252,ethiopia,draw_79
Female,1.1118967161975262,3,92.52252,ethiopia,draw_79
Male,1.1152006173931375,3,92.52252,ethiopia,draw_79
Female,1.105236168815603,2,92.63263,ethiopia,draw_79
Male,1.127576795526307,2,92.63263,ethiopia,draw_79
Female,1.1110453396322209,3,92.63263,ethiopia,draw_79
Male,1.1142989160779218,3,92.63263,ethiopia,draw_79
Female,1.1044006143973617,2,92.74274,ethiopia,draw_79
Male,1.126562648103466,2,92.74274,ethiopia,draw_79
Female,1.1102004189587562,3,92.74274,ethiopia,draw_79
Male,1.1134037092021307,3,92.74274,ethiopia,draw_79
Female,1.1035715577374874,2,92.85285,ethiopia,draw_79
Male,1.1255559698464186,2,92.85285,ethiopia,draw_79
Female,1.1093618365735474,3,92.85285,ethiopia,draw_79
Male,1.1125150279385538,3,92.85285,ethiopia,draw_79
Female,1.1027494696022082,2,92.96296,ethiopia,draw_79
Male,1.1245579688462586,2,92.96296,ethiopia,draw_79
Female,1.1085299094693195,3,92.96296,ethiopia,draw_79
Male,1.1116334902112244,3,92.96296,ethiopia,draw_79
Female,1.1019336287852988,2,93.07307,ethiopia,draw_79
Male,1.123567065944621,2,93.07307,ethiopia,draw_79
Female,1.1077041744179323,3,93.07307,ethiopia,draw_79
Male,1.1107581825616233,3,93.07307,ethiopia,draw_79
Female,1.101125210642466,2,93.18318,ethiopia,draw_79
Male,1.1225863561519924,2,93.18318,ethiopia,draw_79
Female,1.106885785833729,3,93.18318,ethiopia,draw_79
Male,1.1098914059282334,3,93.18318,ethiopia,draw_79
Female,1.1003237628903229,2,93.29329,ethiopia,draw_79
Male,1.1216130589648443,2,93.29329,ethiopia,draw_79
Female,1.1060740541859817,3,93.29329,ethiopia,draw_79
Male,1.1090312018730484,3,93.29329,ethiopia,draw_79
Female,1.0995285692475942,2,93.4034,ethiopia,draw_79
Male,1.1206468885158676,2,93.4034,ethiopia,draw_79
Female,1.1052684964481752,3,93.4034,ethiopia,draw_79
Male,1.108177268077219,3,93.4034,ethiopia,draw_79
Female,1.0987397864005604,2,93.51351,ethiopia,draw_79
Male,1.1196890393272703,2,93.51351,ethiopia,draw_79
Female,1.1044692041462918,3,93.51351,ethiopia,draw_79
Male,1.1073302705811592,3,93.51351,ethiopia,draw_79
Female,1.0979576970065201,2,93.62362,ethiopia,draw_79
Male,1.1187388423688378,2,93.62362,ethiopia,draw_79
Female,1.1036763819386248,3,93.62362,ethiopia,draw_79
Male,1.1064898516172257,3,93.62362,ethiopia,draw_79
Female,1.0971825309779073,2,93.73373,ethiopia,draw_79
Male,1.1177957982972033,2,93.73373,ethiopia,draw_79
Female,1.102890167680478,3,93.73373,ethiopia,draw_79
Male,1.1056557784740217,3,93.73373,ethiopia,draw_79
Female,1.096413865669749,2,93.84384,ethiopia,draw_79
Male,1.116860467154108,2,93.84384,ethiopia,draw_79
Female,1.1021103536008596,3,93.84384,ethiopia,draw_79
Male,1.1048285408482477,3,93.84384,ethiopia,draw_79
Female,1.0956528890969486,2,93.95395,ethiopia,draw_79
Male,1.1159350078641164,2,93.95395,ethiopia,draw_79
Female,1.1013378930967177,3,93.95395,ethiopia,draw_79
Male,1.104009366976174,3,93.95395,ethiopia,draw_79
Female,1.0948976614621093,2,94.06406,ethiopia,draw_79
Male,1.1150160366288817,2,94.06406,ethiopia,draw_79
Female,1.1005712473575189,3,94.06406,ethiopia,draw_79
Male,1.1031960843080377,3,94.06406,ethiopia,draw_79
Female,1.0941492186071586,2,94.17417,ethiopia,draw_79
Male,1.1141055977489442,2,94.17417,ethiopia,draw_79
Female,1.0998111583504986,3,94.17417,ethiopia,draw_79
Male,1.1023898501238583,3,94.17417,ethiopia,draw_79
Female,1.0934071627745587,2,94.28428,ethiopia,draw_79
Male,1.113202656537955,2,94.28428,ethiopia,draw_79
Female,1.0990572929022058,3,94.28428,ethiopia,draw_79
Male,1.1015900656315485,3,94.28428,ethiopia,draw_79
Female,1.092671702338476,2,94.39439,ethiopia,draw_79
Male,1.1123074886699778,2,94.39439,ethiopia,draw_79
Female,1.098309800025028,3,94.39439,ethiopia,draw_79
Male,1.1007969790435386,3,94.39439,ethiopia,draw_79
Female,1.091942767891923,2,94.5045,ethiopia,draw_79
Male,1.111419393153844,2,94.5045,ethiopia,draw_79
Female,1.0975685782109896,3,94.5045,ethiopia,draw_79
Male,1.100010253578833,3,94.5045,ethiopia,draw_79
Female,1.0912212259327265,2,94.61461,ethiopia,draw_79
Male,1.1105401406535715,2,94.61461,ethiopia,draw_79
Female,1.0968346987944793,3,94.61461,ethiopia,draw_79
Male,1.0992313578482904,3,94.61461,ethiopia,draw_79
Female,1.0905062062802608,2,94.72472,ethiopia,draw_79
Male,1.1096677478195764,2,94.72472,ethiopia,draw_79
Female,1.0961073377233097,3,94.72472,ethiopia,draw_79
Male,1.0984586986176312,3,94.72472,ethiopia,draw_79
Female,1.0897970954276872,2,94.83483,ethiopia,draw_79
Male,1.1088034435241327,2,94.83483,ethiopia,draw_79
Female,1.0953860433729798,3,94.83483,ethiopia,draw_79
Male,1.0976929075868744,3,94.83483,ethiopia,draw_79
Female,1.0890944559533813,2,94.94494,ethiopia,draw_79
Male,1.1079469864673244,2,94.94494,ethiopia,draw_79
Female,1.0946711544907928,3,94.94494,ethiopia,draw_79
Male,1.0969338957686567,3,94.94494,ethiopia,draw_79
Female,1.088397906710608,2,95.05506,ethiopia,draw_79
Male,1.1070971812562085,2,95.05506,ethiopia,draw_79
Female,1.0939623838233359,3,95.05506,ethiopia,draw_79
Male,1.0961809676899874,3,95.05506,ethiopia,draw_79
Female,1.087708086554179,2,95.16517,ethiopia,draw_79
Male,1.106254968193121,2,95.16517,ethiopia,draw_79
Female,1.093260191668432,3,95.16517,ethiopia,draw_79
Male,1.0954347126012889,3,95.16517,ethiopia,draw_79
Female,1.0870244529305733,2,95.27528,ethiopia,draw_79
Male,1.105421447932929,2,95.27528,ethiopia,draw_79
Female,1.09256441735454,3,95.27528,ethiopia,draw_79
Male,1.0946959393008078,3,95.27528,ethiopia,draw_79
Female,1.0863483164482926,2,95.38539,ethiopia,draw_79
Male,1.1045957539227125,2,95.38539,ethiopia,draw_79
Female,1.0918760517787796,3,95.38539,ethiopia,draw_79
Male,1.0939643272580515,3,95.38539,ethiopia,draw_79
Female,1.0856777726928069,2,95.4955,ethiopia,draw_79
Male,1.103777319214975,2,95.4955,ethiopia,draw_79
Female,1.0911934737432618,3,95.4955,ethiopia,draw_79
Male,1.0932391354358455,3,95.4955,ethiopia,draw_79
Female,1.0850139453008398,2,95.60561,ethiopia,draw_79
Male,1.1029659114356924,2,95.60561,ethiopia,draw_79
Female,1.0905174995701257,3,95.60561,ethiopia,draw_79
Male,1.0925202949777142,3,95.60561,ethiopia,draw_79
Female,1.0843555508445686,2,95.71572,ethiopia,draw_79
Male,1.10216186570879,2,95.71572,ethiopia,draw_79
Female,1.0898471766436055,3,95.71572,ethiopia,draw_79
Male,1.0918078975937773,3,95.71572,ethiopia,draw_79
Female,1.083703531511789,2,95.82583,ethiopia,draw_79
Male,1.1013652437226211,2,95.82583,ethiopia,draw_79
Female,1.0891831622721497,3,95.82583,ethiopia,draw_79
Male,1.0911020157165263,3,95.82583,ethiopia,draw_79
Female,1.0830568511869851,2,95.93594,ethiopia,draw_79
Male,1.1005753298144476,2,95.93594,ethiopia,draw_79
Female,1.088524617984477,3,95.93594,ethiopia,draw_79
Male,1.0904022441043901,3,95.93594,ethiopia,draw_79
Female,1.0824181927697056,2,96.04605,ethiopia,draw_79
Male,1.0997946435522796,2,96.04605,ethiopia,draw_79
Female,1.0878739400265438,3,96.04605,ethiopia,draw_79
Male,1.0897105192951622,3,96.04605,ethiopia,draw_79
Female,1.081785026292408,2,96.15616,ethiopia,draw_79
Male,1.0990203417471223,2,96.15616,ethiopia,draw_79
Female,1.0872289402800008,3,96.15616,ethiopia,draw_79
Male,1.089024769266789,3,96.15616,ethiopia,draw_79
Female,1.081158266132909,2,96.26627,ethiopia,draw_79
Male,1.0982526370299643,2,96.26627,ethiopia,draw_79
Female,1.0865902335037325,3,96.26627,ethiopia,draw_79
Male,1.0883450887866708,3,96.26627,ethiopia,draw_79
Female,1.0805365976054286,2,96.37638,ethiopia,draw_79
Male,1.0974928738287355,2,96.37638,ethiopia,draw_79
Female,1.0859569226060746,3,96.37638,ethiopia,draw_79
Male,1.0876722303766864,3,96.37638,ethiopia,draw_79
Female,1.0799216909329874,2,96.48649,ethiopia,draw_79
Male,1.0967399312747772,2,96.48649,ethiopia,draw_79
Female,1.0853301976302878,3,96.48649,ethiopia,draw_79
Male,1.0870055159644847,3,96.48649,ethiopia,draw_79
Female,1.079312262325866,2,96.5966,ethiopia,draw_79
Male,1.0959938121571988,2,96.5966,ethiopia,draw_79
Female,1.0847091276478105,3,96.5966,ethiopia,draw_79
Male,1.0863450371727181,3,96.5966,ethiopia,draw_79
Female,1.078709550184494,2,96.70671,ethiopia,draw_79
Male,1.0952546716058216,2,96.70671,ethiopia,draw_79
Female,1.0840947415615818,3,96.70671,ethiopia,draw_79
Male,1.085691133053258,3,96.70671,ethiopia,draw_79
Female,1.0781132033960186,2,96.81682,ethiopia,draw_79
Male,1.0945232775053253,2,96.81682,ethiopia,draw_79
Female,1.083486815725611,3,96.81682,ethiopia,draw_79
Male,1.0850441456433593,3,96.81682,ethiopia,draw_79
Female,1.0775224481177965,2,96.92693,ethiopia,draw_79
Male,1.0937989726114474,2,96.92693,ethiopia,draw_79
Female,1.0828846235376417,3,96.92693,ethiopia,draw_79
Male,1.084403413397956,3,96.92693,ethiopia,draw_79
Female,1.076937793787924,2,97.03704,ethiopia,draw_79
Male,1.093081370742336,2,97.03704,ethiopia,draw_79
Female,1.082288500508771,3,97.03704,ethiopia,draw_79
Male,1.0837687718837674,3,97.03704,ethiopia,draw_79
Female,1.076358003077154,2,97.14715,ethiopia,draw_79
Male,1.092370220109325,2,97.14715,ethiopia,draw_79
Female,1.0816975753961577,3,97.14715,ethiopia,draw_79
Male,1.08314008037706,3,97.14715,ethiopia,draw_79
Female,1.0757850209111972,2,97.25726,ethiopia,draw_79
Male,1.0916656878243147,2,97.25726,ethiopia,draw_79
Female,1.0811132106632757,3,97.25726,ethiopia,draw_79
Male,1.0825174330271705,3,97.25726,ethiopia,draw_79
Female,1.0752164755573317,2,97.36737,ethiopia,draw_79
Male,1.0909679609318588,2,97.36737,ethiopia,draw_79
Female,1.0805337994849435,3,97.36737,ethiopia,draw_79
Male,1.0819009374591466,3,97.36737,ethiopia,draw_79
Female,1.0746554322729058,2,97.47748,ethiopia,draw_79
Male,1.0902780121986728,2,97.47748,ethiopia,draw_79
Female,1.0799617929794223,3,97.47748,ethiopia,draw_79
Male,1.0812916086909592,3,97.47748,ethiopia,draw_79
Female,1.0740997675615986,2,97.58759,ethiopia,draw_79
Male,1.0895952449646185,2,97.58759,ethiopia,draw_79
Female,1.0793953470510538,3,97.58759,ethiopia,draw_79
Male,1.0806886630607304,3,97.58759,ethiopia,draw_79
Female,1.0735491477743302,2,97.6977,ethiopia,draw_79
Male,1.0889180988407796,2,97.6977,ethiopia,draw_79
Female,1.0788342332226075,3,97.6977,ethiopia,draw_79
Male,1.08009115300375,3,97.6977,ethiopia,draw_79
Female,1.0730043650600691,2,97.80781,ethiopia,draw_79
Male,1.0882475225402508,2,97.80781,ethiopia,draw_79
Female,1.0782790386953982,3,97.80781,ethiopia,draw_79
Male,1.0794995757566963,3,97.80781,ethiopia,draw_79
Female,1.0724650960370838,2,97.91792,ethiopia,draw_79
Male,1.0875840772613006,2,97.91792,ethiopia,draw_79
Female,1.0777295564214118,3,97.91792,ethiopia,draw_79
Male,1.0789142928206483,3,97.91792,ethiopia,draw_79
Female,1.0719308698477725,2,98.02803,ethiopia,draw_79
Male,1.0869263764519657,2,98.02803,ethiopia,draw_79
Female,1.0771854060279387,3,98.02803,ethiopia,draw_79
Male,1.0783345248061016,3,98.02803,ethiopia,draw_79
Female,1.0714025169690549,2,98.13814,ethiopia,draw_79
Male,1.0862753789053639,2,98.13814,ethiopia,draw_79
Female,1.0766473791754017,3,98.13814,ethiopia,draw_79
Male,1.0777611164436567,3,98.13814,ethiopia,draw_79
Female,1.070879564059568,2,98.24825,ethiopia,draw_79
Male,1.0856316247088145,2,98.24825,ethiopia,draw_79
Female,1.0761151127903315,3,98.24825,ethiopia,draw_79
Male,1.0771942726495833,3,98.24825,ethiopia,draw_79
Female,1.0703625041097524,2,98.35836,ethiopia,draw_79
Male,1.0849939461590594,2,98.35836,ethiopia,draw_79
Female,1.0755888253186725,3,98.35836,ethiopia,draw_79
Male,1.0766330891124947,3,98.35836,ethiopia,draw_79
Female,1.0698501972749563,2,98.46847,ethiopia,draw_79
Male,1.0843628165380275,2,98.46847,ethiopia,draw_79
Female,1.075067647229425,3,98.46847,ethiopia,draw_79
Male,1.0760778466792824,3,98.46847,ethiopia,draw_79
Female,1.069343921025843,2,98.57858,ethiopia,draw_79
Male,1.0837370317190338,2,98.57858,ethiopia,draw_79
Female,1.074552491053788,3,98.57858,ethiopia,draw_79
Male,1.0755278249077356,3,98.57858,ethiopia,draw_79
Female,1.068842656947839,2,98.68869,ethiopia,draw_79
Male,1.08311844853925,2,98.68869,ethiopia,draw_79
Female,1.0740426506188157,3,98.68869,ethiopia,draw_79
Male,1.074984054982259,3,98.68869,ethiopia,draw_79
Female,1.06834658421017,2,98.7988,ethiopia,draw_79
Male,1.0825055509079298,2,98.7988,ethiopia,draw_79
Female,1.0735382339016102,3,98.7988,ethiopia,draw_79
Male,1.0744456889570964,3,98.7988,ethiopia,draw_79
Female,1.067855701426866,2,98.90891,ethiopia,draw_79
Male,1.0818998037916572,2,98.90891,ethiopia,draw_79
Female,1.0730396176147063,3,98.90891,ethiopia,draw_79
Male,1.0739140148559683,3,98.90891,ethiopia,draw_79
Female,1.067371253275013,2,99.01902,ethiopia,draw_79
Male,1.0813005008341514,2,99.01902,ethiopia,draw_79
Female,1.072547309579683,3,99.01902,ethiopia,draw_79
Male,1.073388159278901,3,99.01902,ethiopia,draw_79
Female,1.0668912482056152,2,99.12913,ethiopia,draw_79
Male,1.0807073828558882,2,99.12913,ethiopia,draw_79
Female,1.0720598883532313,3,99.12913,ethiopia,draw_79
Male,1.072868031732573,3,99.12913,ethiopia,draw_79
Female,1.0664168422321962,2,99.23924,ethiopia,draw_79
Male,1.0801203124104213,2,99.23924,ethiopia,draw_79
Female,1.0715781377215614,3,99.23924,ethiopia,draw_79
Male,1.0723535292909308,3,99.23924,ethiopia,draw_79
Female,1.0659472889970154,2,99.34935,ethiopia,draw_79
Male,1.0795390090373296,2,99.34935,ethiopia,draw_79
Female,1.0711015758768667,3,99.34935,ethiopia,draw_79
Male,1.0718444775218359,3,99.34935,ethiopia,draw_79
Female,1.065482798048833,2,99.45946,ethiopia,draw_79
Male,1.0789636668810378,2,99.45946,ethiopia,draw_79
Female,1.0706303875634704,3,99.45946,ethiopia,draw_79
Male,1.0713409986018312,3,99.45946,ethiopia,draw_79
Female,1.0650235802102557,2,99.56957,ethiopia,draw_79
Male,1.0783947141138754,2,99.56957,ethiopia,draw_79
Female,1.0701649071973072,3,99.56957,ethiopia,draw_79
Male,1.0708436117804867,3,99.56957,ethiopia,draw_79
Female,1.0645700318219398,2,99.67968,ethiopia,draw_79
Male,1.0778318089999301,2,99.67968,ethiopia,draw_79
Female,1.0697053171491901,3,99.67968,ethiopia,draw_79
Male,1.07035202207374,3,99.67968,ethiopia,draw_79
Female,1.0641211237189196,2,99.78979,ethiopia,draw_79
Male,1.0772754912167397,2,99.78979,ethiopia,draw_79
Female,1.0692507377561788,3,99.78979,ethiopia,draw_79
Male,1.069866345160534,3,99.78979,ethiopia,draw_79
Female,1.0636767850664632,2,99.8999,ethiopia,draw_79
Male,1.0767244103965994,2,99.8999,ethiopia,draw_79
Female,1.068801089352639,3,99.8999,ethiopia,draw_79
Male,1.06938574937404,3,99.8999,ethiopia,draw_79
Female,1.0632379719315683,2,100.01001,ethiopia,draw_79
Male,1.0761799103104717,2,100.01001,ethiopia,draw_79
Female,1.0683570325106215,3,100.01001,ethiopia,draw_79
Male,1.0689110400765462,3,100.01001,ethiopia,draw_79
Female,1.0628038068964965,2,100.12012,ethiopia,draw_79
Male,1.0756406629150657,2,100.12012,ethiopia,draw_79
Female,1.0679179709085815,3,100.12012,ethiopia,draw_79
Male,1.0684414347642157,3,100.12012,ethiopia,draw_79
Female,1.0623746006403192,2,100.23023,ethiopia,draw_79
Male,1.075106262818164,2,100.23023,ethiopia,draw_79
Female,1.067484115944148,3,100.23023,ethiopia,draw_79
Male,1.0679766476777466,3,100.23023,ethiopia,draw_79
Female,1.061950164317071,2,100.34034,ethiopia,draw_79
Male,1.0745785279586966,2,100.34034,ethiopia,draw_79
Female,1.0670552872511403,3,100.34034,ethiopia,draw_79
Male,1.0675176939118143,3,100.34034,ethiopia,draw_79
Female,1.0615291021544406,2,100.45045,ethiopia,draw_79
Male,1.07405485896291,2,100.45045,ethiopia,draw_79
Female,1.0666301380982786,3,100.45045,ethiopia,draw_79
Male,1.0670627048843415,3,100.45045,ethiopia,draw_79
Female,1.0611121652053337,2,100.56056,ethiopia,draw_79
Male,1.0735356895519874,2,100.56056,ethiopia,draw_79
Female,1.0662091249277175,3,100.56056,ethiopia,draw_79
Male,1.0666118396520192,3,100.56056,ethiopia,draw_79
Female,1.0606986018356657,2,100.67067,ethiopia,draw_79
Male,1.0730199836411023,2,100.67067,ethiopia,draw_79
Female,1.065791693552819,3,100.67067,ethiopia,draw_79
Male,1.066164400805138,3,100.67067,ethiopia,draw_79
Female,1.0602878588295215,2,100.78078,ethiopia,draw_79
Male,1.0725089777297154,2,100.78078,ethiopia,draw_79
Female,1.0653774326073107,3,100.78078,ethiopia,draw_79
Male,1.0657210517413085,3,100.78078,ethiopia,draw_79
Female,1.0598813612982514,2,100.89089,ethiopia,draw_79
Male,1.0720018158992344,2,100.89089,ethiopia,draw_79
Female,1.0649673283243517,3,100.89089,ethiopia,draw_79
Male,1.0652812825434281,3,100.89089,ethiopia,draw_79
Female,1.0594776626845268,2,101.001,ethiopia,draw_79
Male,1.0714991469988424,2,101.001,ethiopia,draw_79
Female,1.0645604709755159,3,101.001,ethiopia,draw_79
Male,1.0648456593737938,3,101.001,ethiopia,draw_79
Female,1.059077457926084,2,101.11111,ethiopia,draw_79
Male,1.0710002858329428,2,101.11111,ethiopia,draw_79
Female,1.0641572349769433,3,101.11111,ethiopia,draw_79
Male,1.064413641528947,3,101.11111,ethiopia,draw_79
Female,1.0586810704070768,2,101.22122,ethiopia,draw_79
Male,1.0705052100763044,2,101.22122,ethiopia,draw_79
Female,1.063757718106634,3,101.22122,ethiopia,draw_79
Male,1.0639850655417167,3,101.22122,ethiopia,draw_79
Female,1.0582869111618762,2,101.33133,ethiopia,draw_79
Male,1.070013979619175,2,101.33133,ethiopia,draw_79
Female,1.0633607726966703,3,101.33133,ethiopia,draw_79
Male,1.0635599452745546,3,101.33133,ethiopia,draw_79
Female,1.0578960142050917,2,101.44144,ethiopia,draw_79
Male,1.0695252224683618,2,101.44144,ethiopia,draw_79
Female,1.0629670807898153,3,101.44144,ethiopia,draw_79
Male,1.0631374101043602,3,101.44144,ethiopia,draw_79
Female,1.0575080510394008,2,101.55155,ethiopia,draw_79
Male,1.0690406181094314,2,101.55155,ethiopia,draw_79
Female,1.062576419288956,3,101.55155,ethiopia,draw_79
Male,1.062718367962996,3,101.55155,ethiopia,draw_79
Female,1.0571225355626044,2,101.66166,ethiopia,draw_79
Male,1.0685589668390718,2,101.66166,ethiopia,draw_79
Female,1.0621884256561347,3,101.66166,ethiopia,draw_79
Male,1.0623021752753672,3,101.66166,ethiopia,draw_79
Female,1.0567400880684874,2,101.77177,ethiopia,draw_79
Male,1.0680806733784267,2,101.77177,ethiopia,draw_79
Female,1.0618036556493193,3,101.77177,ethiopia,draw_79
Male,1.0618892176459689,3,101.77177,ethiopia,draw_79
Female,1.0563606635206555,2,101.88188,ethiopia,draw_79
Male,1.0676063937871723,2,101.88188,ethiopia,draw_79
Female,1.061421915932323,3,101.88188,ethiopia,draw_79
Male,1.0614796979900794,3,101.88188,ethiopia,draw_79
Female,1.0559834921243911,2,101.99199,ethiopia,draw_79
Male,1.067135319246447,2,101.99199,ethiopia,draw_79
Female,1.0610426914837627,3,101.99199,ethiopia,draw_79
Male,1.0610731370189344,3,101.99199,ethiopia,draw_79
Female,1.0556089207340935,2,102.1021,ethiopia,draw_79
Male,1.066666761937354,2,102.1021,ethiopia,draw_79
Female,1.0606661756526443,3,102.1021,ethiopia,draw_79
Male,1.0606690487070067,3,102.1021,ethiopia,draw_79
Female,1.0552368595278296,2,102.21221,ethiopia,draw_79
Male,1.0662009423185996,2,102.21221,ethiopia,draw_79
Female,1.0602921467006279,3,102.21221,ethiopia,draw_79
Male,1.0602674104575527,3,102.21221,ethiopia,draw_79
Female,1.0548663587723277,2,102.32232,ethiopia,draw_79
Male,1.0657370671182969,2,102.32232,ethiopia,draw_79
Female,1.0599197585367992,3,102.32232,ethiopia,draw_79
Male,1.05986753730859,3,102.32232,ethiopia,draw_79
Female,1.0544980835431068,2,102.43243,ethiopia,draw_79
Male,1.0652761284051377,2,102.43243,ethiopia,draw_79
Female,1.0595495360882186,3,102.43243,ethiopia,draw_79
Male,1.0594700411641857,3,102.43243,ethiopia,draw_79
Female,1.0541314191299866,2,102.54254,ethiopia,draw_79
Male,1.064817373223354,2,102.54254,ethiopia,draw_79
Female,1.0591809899732816,3,102.54254,ethiopia,draw_79
Male,1.059074455958197,3,102.54254,ethiopia,draw_79
Female,1.0537663243557756,2,102.65265,ethiopia,draw_79
Male,1.0643601358039474,2,102.65265,ethiopia,draw_79
Female,1.058814057298418,3,102.65265,ethiopia,draw_79
Male,1.0586803651594685,3,102.65265,ethiopia,draw_79
Female,1.0534033865640169,2,102.76276,ethiopia,draw_79
Male,1.063905755035575,2,102.76276,ethiopia,draw_79
Female,1.058449137399238,3,102.76276,ethiopia,draw_79
Male,1.0582885618115145,3,102.76276,ethiopia,draw_79
Female,1.0530416436530352,2,102.87287,ethiopia,draw_79
Male,1.0634527812497223,2,102.87287,ethiopia,draw_79
Female,1.0580855751322087,3,102.87287,ethiopia,draw_79
Male,1.057898187262127,3,102.87287,ethiopia,draw_79
Female,1.0526814564946807,2,102.98298,ethiopia,draw_79
Male,1.0630021478871823,2,102.98298,ethiopia,draw_79
Female,1.0577236441450448,3,102.98298,ethiopia,draw_79
Male,1.0575097650060612,3,102.98298,ethiopia,draw_79
Female,1.0523232800879787,2,103.09309,ethiopia,draw_79
Male,1.062553973415103,2,103.09309,ethiopia,draw_79
Female,1.0573636718654025,3,103.09309,ethiopia,draw_79
Male,1.0571234113198937,3,103.09309,ethiopia,draw_79
Female,1.0519673500733095,2,103.2032,ethiopia,draw_79
Male,1.0621077247992703,2,103.2032,ethiopia,draw_79
Female,1.0570058966707636,3,103.2032,ethiopia,draw_79
Male,1.0567389181630065,3,103.2032,ethiopia,draw_79
Female,1.0516128817063184,2,103.31331,ethiopia,draw_79
Male,1.0616633021786444,2,103.31331,ethiopia,draw_79
Female,1.0566496777324557,3,103.31331,ethiopia,draw_79
Male,1.0563561107400135,3,103.31331,ethiopia,draw_79
Female,1.0512597073529983,2,103.42342,ethiopia,draw_79
Male,1.0612209234127303,2,103.42342,ethiopia,draw_79
Female,1.0562948059558126,3,103.42342,ethiopia,draw_79
Male,1.0559750332412972,3,103.42342,ethiopia,draw_79
Female,1.0509079471194758,2,103.53353,ethiopia,draw_79
Male,1.0607801302339166,2,103.53353,ethiopia,draw_79
Female,1.0559412744338663,3,103.53353,ethiopia,draw_79
Male,1.055595321950031,3,103.53353,ethiopia,draw_79
Female,1.0505569304708213,2,103.64364,ethiopia,draw_79
Male,1.0603407576178077,2,103.64364,ethiopia,draw_79
Female,1.0555885771485756,3,103.64364,ethiopia,draw_79
Male,1.0552168219426552,3,103.64364,ethiopia,draw_79
Female,1.0502082889371076,2,103.75375,ethiopia,draw_79
Male,1.059903350254998,2,103.75375,ethiopia,draw_79
Female,1.0552378685331336,3,103.75375,ethiopia,draw_79
Male,1.0548398437063735,3,103.75375,ethiopia,draw_79
Female,1.0498603495793628,2,103.86386,ethiopia,draw_79
Male,1.0594668629566326,2,103.86386,ethiopia,draw_79
Female,1.054888036804013,3,103.86386,ethiopia,draw_79
Male,1.054463863314726,3,103.86386,ethiopia,draw_79
Female,1.0495136225263575,2,103.97397,ethiopia,draw_79
Male,1.0590330866631399,2,103.97397,ethiopia,draw_79
Female,1.0545394055811912,3,103.97397,ethiopia,draw_79
Male,1.0540898627980149,3,103.97397,ethiopia,draw_79
Female,1.0491683976512878,2,104.08408,ethiopia,draw_79
Male,1.0585999279444345,2,104.08408,ethiopia,draw_79
Female,1.054192160014531,3,104.08408,ethiopia,draw_79
Male,1.0537165946940459,3,104.08408,ethiopia,draw_79
Female,1.0488242464577693,2,104.19419,ethiopia,draw_79
Male,1.0581687536297795,2,104.19419,ethiopia,draw_79
Female,1.0538460016546614,3,104.19419,ethiopia,draw_79
Male,1.053344873496332,3,104.19419,ethiopia,draw_79
Female,1.048481269012394,2,104.3043,ethiopia,draw_79
Male,1.0577389666099752,2,104.3043,ethiopia,draw_79
Female,1.0535009947865226,3,104.3043,ethiopia,draw_79
Male,1.052974340535141,3,104.3043,ethiopia,draw_79
Female,1.0481399034509762,2,104.41441,ethiopia,draw_79
Male,1.0573111970453206,2,104.41441,ethiopia,draw_79
Female,1.0531574685261045,3,104.41441,ethiopia,draw_79
Male,1.05260539605155,3,104.41441,ethiopia,draw_79
Female,1.047799272535272,2,104.52452,ethiopia,draw_79
Male,1.0568842380469579,2,104.52452,ethiopia,draw_79
Female,1.0528148376983237,3,104.52452,ethiopia,draw_79
Male,1.0522373545783588,3,104.52452,ethiopia,draw_79
Female,1.0474606151197612,2,104.63463,ethiopia,draw_79
Male,1.0564585860683338,2,104.63463,ethiopia,draw_79
Female,1.0524739880736256,3,104.63463,ethiopia,draw_79
Male,1.0518705229416698,3,104.63463,ethiopia,draw_79
Female,1.047122370346063,2,104.74474,ethiopia,draw_79
Male,1.0560346136855627,2,104.74474,ethiopia,draw_79
Female,1.0521337027143445,3,104.74474,ethiopia,draw_79
Male,1.0515050618387685,3,104.74474,ethiopia,draw_79
Female,1.0467860809869403,2,104.85485,ethiopia,draw_79
Male,1.0556127058824918,2,104.85485,ethiopia,draw_79
Female,1.0517951001017618,3,104.85485,ethiopia,draw_79
Male,1.0511412193976757,3,104.85485,ethiopia,draw_79
Female,1.0464508680078857,2,104.96496,ethiopia,draw_79
Male,1.0551921434738116,2,104.96496,ethiopia,draw_79
Female,1.0514575507050001,3,104.96496,ethiopia,draw_79
Male,1.0507785321052876,3,104.96496,ethiopia,draw_79
Female,1.0461161071154406,2,105.07508,ethiopia,draw_79
Male,1.0547722221929268,2,105.07508,ethiopia,draw_79
Female,1.0511205260403218,3,105.07508,ethiopia,draw_79
Male,1.050416497141021,3,105.07508,ethiopia,draw_79
Female,1.0457828925785229,2,105.18519,ethiopia,draw_79
Male,1.0543530775072878,2,105.18519,ethiopia,draw_79
Female,1.050784743566239,3,105.18519,ethiopia,draw_79
Male,1.050055093959287,3,105.18519,ethiopia,draw_79
Female,1.0454499821880032,2,105.2953,ethiopia,draw_79
Male,1.0539352771429547,2,105.2953,ethiopia,draw_79
Female,1.050449340140283,3,105.2953,ethiopia,draw_79
Male,1.0496946442789368,3,105.2953,ethiopia,draw_79
Female,1.045117708174189,2,105.40541,ethiopia,draw_79
Male,1.053518634552832,2,105.40541,ethiopia,draw_79
Female,1.0501144976739951,3,105.40541,ethiopia,draw_79
Male,1.049335035571081,3,105.40541,ethiopia,draw_79
Female,1.0447864949447543,2,105.51552,ethiopia,draw_79
Male,1.0531028935734026,2,105.51552,ethiopia,draw_79
Female,1.0497805144135035,3,105.51552,ethiopia,draw_79
Male,1.0489760716229963,3,105.51552,ethiopia,draw_79
Female,1.0444554587070625,2,105.62563,ethiopia,draw_79
Male,1.052687545847079,2,105.62563,ethiopia,draw_79
Female,1.0494467198988577,3,105.62563,ethiopia,draw_79
Male,1.0486174340207033,3,105.62563,ethiopia,draw_79
Female,1.0441250458845504,2,105.73574,ethiopia,draw_79
Male,1.0522725800985204,2,105.73574,ethiopia,draw_79
Female,1.049113377031177,3,105.73574,ethiopia,draw_79
Male,1.0482590553483557,3,105.73574,ethiopia,draw_79
Female,1.043795398270467,2,105.84585,ethiopia,draw_79
Male,1.0518589604826634,2,105.84585,ethiopia,draw_79
Female,1.0487805464573827,3,105.84585,ethiopia,draw_79
Male,1.0479014719002095,3,105.84585,ethiopia,draw_79
Female,1.0434658313322696,2,105.95596,ethiopia,draw_79
Male,1.0514459981688777,2,105.95596,ethiopia,draw_79
Female,1.0484477505874035,3,105.95596,ethiopia,draw_79
Male,1.0475442744825498,3,105.95596,ethiopia,draw_79
Female,1.0431372357583149,2,106.06607,ethiopia,draw_79
Male,1.0510330515176263,2,106.06607,ethiopia,draw_79
Female,1.0481156737563129,3,106.06607,ethiopia,draw_79
Male,1.0471870750319356,3,106.06607,ethiopia,draw_79
Female,1.0428088601236898,2,106.17618,ethiopia,draw_79
Male,1.0506211831926082,2,106.17618,ethiopia,draw_79
Female,1.0477837281045572,3,106.17618,ethiopia,draw_79
Male,1.0468304932187402,3,106.17618,ethiopia,draw_79
Female,1.0424807875261648,2,106.28629,ethiopia,draw_79
Male,1.0502093688369958,2,106.28629,ethiopia,draw_79
Female,1.0474519962121305,3,106.28629,ethiopia,draw_79
Male,1.0464739331835147,3,106.28629,ethiopia,draw_79
Female,1.0421533900753877,2,106.3964,ethiopia,draw_79
Male,1.0497988690384072,2,106.3964,ethiopia,draw_79
Female,1.0471207510504563,3,106.3964,ethiopia,draw_79
Male,1.0461181343722825,3,106.3964,ethiopia,draw_79
Female,1.0418261617846416,2,106.50651,ethiopia,draw_79
Male,1.0493879216413513,2,106.50651,ethiopia,draw_79
Female,1.0467896135156463,3,106.50651,ethiopia,draw_79
Male,1.0457620762961144,3,106.50651,ethiopia,draw_79
Female,1.041499454405869,2,106.61662,ethiopia,draw_79
Male,1.0489780233651427,2,106.61662,ethiopia,draw_79
Female,1.0464588771877432,3,106.61662,ethiopia,draw_79
Male,1.0454066314120767,3,106.61662,ethiopia,draw_79
Female,1.041173134244595,2,106.72673,ethiopia,draw_79
Male,1.0485690961228857,2,106.72673,ethiopia,draw_79
Female,1.0461284151615349,3,106.72673,ethiopia,draw_79
Male,1.0450517418295442,3,106.72673,ethiopia,draw_79
Female,1.0408470197853985,2,106.83684,ethiopia,draw_79
Male,1.0481602317694976,2,106.83684,ethiopia,draw_79
Female,1.0457980689873572,3,106.83684,ethiopia,draw_79
Male,1.0446969060585036,3,106.83684,ethiopia,draw_79
Female,1.0405220111683622,2,106.94695,ethiopia,draw_79
Male,1.0477520583215385,2,106.94695,ethiopia,draw_79
Female,1.045468503158014,3,106.94695,ethiopia,draw_79
Male,1.0443424875373384,3,106.94695,ethiopia,draw_79
Female,1.0401968735640577,2,107.05706,ethiopia,draw_79
Male,1.0473445599318492,2,107.05706,ethiopia,draw_79
Female,1.0451388426500194,3,107.05706,ethiopia,draw_79
Male,1.0439884642522437,3,107.05706,ethiopia,draw_79
Female,1.0398722922570036,2,107.16717,ethiopia,draw_79
Male,1.0469374072543727,2,107.16717,ethiopia,draw_79
Female,1.0448095608117043,3,107.16717,ethiopia,draw_79
Male,1.0436346374758383,3,107.16717,ethiopia,draw_79
Female,1.0395480119896867,2,107.27728,ethiopia,draw_79
Male,1.0465309946208832,2,107.27728,ethiopia,draw_79
Female,1.0444804773441676,3,107.27728,ethiopia,draw_79
Male,1.0432812546594288,3,107.27728,ethiopia,draw_79
Female,1.0392245553191206,2,107.38739,ethiopia,draw_79
Male,1.0461249604078187,2,107.38739,ethiopia,draw_79
Female,1.0441519382312396,3,107.38739,ethiopia,draw_79
Male,1.0429280738283238,3,107.38739,ethiopia,draw_79
Female,1.0389016645433635,2,107.4975,ethiopia,draw_79
Male,1.0457193166013943,2,107.4975,ethiopia,draw_79
Female,1.0438237816175389,3,107.4975,ethiopia,draw_79
Male,1.0425751327403785,3,107.4975,ethiopia,draw_79
Female,1.0385792388557904,2,107.60761,ethiopia,draw_79
Male,1.0453149886017787,2,107.60761,ethiopia,draw_79
Female,1.0434959635978405,3,107.60761,ethiopia,draw_79
Male,1.0422229706399155,3,107.60761,ethiopia,draw_79
Female,1.038256819190452,2,107.71772,ethiopia,draw_79
Male,1.044910222305388,2,107.71772,ethiopia,draw_79
Female,1.0431681540354107,3,107.71772,ethiopia,draw_79
Male,1.0418705633401288,3,107.71772,ethiopia,draw_79
Female,1.0379349544178178,2,107.82783,ethiopia,draw_79
Male,1.0445066585884857,2,107.82783,ethiopia,draw_79
Female,1.0428407565623314,3,107.82783,ethiopia,draw_79
Male,1.0415188699486984,3,107.82783,ethiopia,draw_79
Female,1.0376131830116215,2,107.93794,ethiopia,draw_79
Male,1.044103444213445,2,107.93794,ethiopia,draw_79
Female,1.0425133980047994,3,107.93794,ethiopia,draw_79
Male,1.0411674023177295,3,107.93794,ethiopia,draw_79
Female,1.0372925594395082,2,108.04805,ethiopia,draw_79
Male,1.0437009212941877,2,108.04805,ethiopia,draw_79
Female,1.0421868334411921,3,108.04805,ethiopia,draw_79
Male,1.0408163528895154,3,108.04805,ethiopia,draw_79
Female,1.0369718148093607,2,108.15816,ethiopia,draw_79
Male,1.0432989737823644,2,108.15816,ethiopia,draw_79
Female,1.0418601640908318,3,108.15816,ethiopia,draw_79
Male,1.0404656265422851,3,108.15816,ethiopia,draw_79
Female,1.0366521041043117,2,108.26827,ethiopia,draw_79
Male,1.042897183816428,2,108.26827,ethiopia,draw_79
Female,1.0415342121885542,3,108.26827,ethiopia,draw_79
Male,1.0401149822822149,3,108.26827,ethiopia,draw_79
Female,1.0363323109561937,2,108.37838,ethiopia,draw_79
Male,1.0424964282071738,2,108.37838,ethiopia,draw_79
Female,1.041208193513074,3,108.37838,ethiopia,draw_79
Male,1.0397649445105162,3,108.37838,ethiopia,draw_79
Female,1.0360132514217515,2,108.48849,ethiopia,draw_79
Male,1.0420960143486193,2,108.48849,ethiopia,draw_79
Female,1.0408826925458796,3,108.48849,ethiopia,draw_79
Male,1.0394151186203278,3,108.48849,ethiopia,draw_79
Female,1.0356938975007035,2,108.5986,ethiopia,draw_79
Male,1.0416966366208065,2,108.5986,ethiopia,draw_79
Female,1.0405569671629107,3,108.5986,ethiopia,draw_79
Male,1.0390659104686017,3,108.5986,ethiopia,draw_79
Female,1.0353762521537186,2,108.70871,ethiopia,draw_79
Male,1.0412972298814422,2,108.70871,ethiopia,draw_79
Female,1.040232449079173,3,108.70871,ethiopia,draw_79
Male,1.038716695581073,3,108.70871,ethiopia,draw_79
Female,1.0350581203524987,2,108.81882,ethiopia,draw_79
Male,1.0408982544522976,2,108.81882,ethiopia,draw_79
Female,1.0399075407294454,3,108.81882,ethiopia,draw_79
Male,1.0383677251716894,3,108.81882,ethiopia,draw_79
Female,1.0347406580032907,2,108.92893,ethiopia,draw_79
Male,1.0405002543338215,2,108.92893,ethiopia,draw_79
Female,1.039583113933957,3,108.92893,ethiopia,draw_79
Male,1.0380193337441321,3,108.92893,ethiopia,draw_79
Female,1.034423702282749,2,109.03904,ethiopia,draw_79
Male,1.0401026889123308,2,109.03904,ethiopia,draw_79
Female,1.0392590483305642,3,109.03904,ethiopia,draw_79
Male,1.037671198869093,3,109.03904,ethiopia,draw_79
Female,1.0341068342571327,2,109.14915,ethiopia,draw_79
Male,1.039705922813098,2,109.14915,ethiopia,draw_79
Female,1.0389350327616937,3,109.14915,ethiopia,draw_79
Male,1.0373235498626756,3,109.14915,ethiopia,draw_79
Female,1.0337911970762244,2,109.25926,ethiopia,draw_79
Male,1.039309600222308,2,109.25926,ethiopia,draw_79
Female,1.038611935954531,3,109.25926,ethiopia,draw_79
Male,1.0369761927546695,3,109.25926,ethiopia,draw_79
Female,1.0334754698784376,2,109.36937,ethiopia,draw_79
Male,1.0389138510929783,2,109.36937,ethiopia,draw_79
Female,1.038288797452444,3,109.36937,ethiopia,draw_79
Male,1.0366291587610608,3,109.36937,ethiopia,draw_79
Female,1.0331599483177012,2,109.47948,ethiopia,draw_79
Male,1.0385186725914284,2,109.47948,ethiopia,draw_79
Female,1.0379657957181267,3,109.47948,ethiopia,draw_79
Male,1.036282462357801,3,109.47948,ethiopia,draw_79
Female,1.0328448752066153,2,109.58959,ethiopia,draw_79
Male,1.0381244463809909,2,109.58959,ethiopia,draw_79
Female,1.0376431131702855,3,109.58959,ethiopia,draw_79
Male,1.035936329478267,3,109.58959,ethiopia,draw_79
Female,1.0325304141595943,2,109.6997,ethiopia,draw_79
Male,1.0377303669217257,2,109.6997,ethiopia,draw_79
Female,1.03732087677034,3,109.6997,ethiopia,draw_79
Male,1.0355903069758565,3,109.6997,ethiopia,draw_79
Female,1.0322163350886326,2,109.80981,ethiopia,draw_79
Male,1.037336857122376,2,109.80981,ethiopia,draw_79
Female,1.036998928100232,3,109.80981,ethiopia,draw_79
Male,1.0352446422579433,3,109.80981,ethiopia,draw_79
Female,1.0319026472395847,2,109.91992,ethiopia,draw_79
Male,1.0369434179288286,2,109.91992,ethiopia,draw_79
Female,1.0366772392675216,3,109.91992,ethiopia,draw_79
Male,1.034899049638005,3,109.91992,ethiopia,draw_79
Female,1.0315891920528395,2,110.03003,ethiopia,draw_79
Male,1.0365515053762735,2,110.03003,ethiopia,draw_79
Female,1.036355718256182,3,110.03003,ethiopia,draw_79
Male,1.0345543629407432,3,110.03003,ethiopia,draw_79
Female,1.0312768094807372,2,110.14014,ethiopia,draw_79
Male,1.0361596021900539,2,110.14014,ethiopia,draw_79
Female,1.0360349689246813,3,110.14014,ethiopia,draw_79
Male,1.034209724580848,3,110.14014,ethiopia,draw_79
Female,1.0309643837672007,2,110.25025,ethiopia,draw_79
Male,1.0357683152853252,2,110.25025,ethiopia,draw_79
Female,1.0357141861701638,3,110.25025,ethiopia,draw_79
Male,1.0338654726346017,3,110.25025,ethiopia,draw_79
Female,1.030651959602188,2,110.36036,ethiopia,draw_79
Male,1.0353776529325251,2,110.36036,ethiopia,draw_79
Female,1.035393395807529,3,110.36036,ethiopia,draw_79
Male,1.0335216087976187,3,110.36036,ethiopia,draw_79
Female,1.0303409423866048,2,110.47047,ethiopia,draw_79
Male,1.034987109473368,2,110.47047,ethiopia,draw_79
Female,1.035073639517009,3,110.47047,ethiopia,draw_79
Male,1.0331778281831778,3,110.47047,ethiopia,draw_79
Female,1.0300300090202756,2,110.58058,ethiopia,draw_79
Male,1.0345975929660176,2,110.58058,ethiopia,draw_79
Female,1.0347539674725326,3,110.58058,ethiopia,draw_79
Male,1.0328346727262483,3,110.58058,ethiopia,draw_79
Female,1.0297196992650597,2,110.69069,ethiopia,draw_79
Male,1.0342088677655563,2,110.69069,ethiopia,draw_79
Female,1.034434755009644,3,110.69069,ethiopia,draw_79
Male,1.0324920182430761,3,110.69069,ethiopia,draw_79
Female,1.0294096012599332,2,110.8008,ethiopia,draw_79
Male,1.033820754248319,2,110.8008,ethiopia,draw_79
Female,1.0341156802356644,3,110.8008,ethiopia,draw_79
Male,1.032149729856399,3,110.8008,ethiopia,draw_79
Female,1.0291000321432098,2,110.91091,ethiopia,draw_79
Male,1.0334331188455075,2,110.91091,ethiopia,draw_79
Female,1.033796961556006,3,110.91091,ethiopia,draw_79
Male,1.0318077401859382,3,110.91091,ethiopia,draw_79
Female,1.0287912185082388,2,111.02102,ethiopia,draw_79
Male,1.0330464620697006,2,111.02102,ethiopia,draw_79
Female,1.0334787989285719,3,111.02102,ethiopia,draw_79
Male,1.031466359795423,3,111.02102,ethiopia,draw_79
Female,1.028482854840839,2,111.13113,ethiopia,draw_79
Male,1.0326598128205684,2,111.13113,ethiopia,draw_79
Female,1.0331609576907164,3,111.13113,ethiopia,draw_79
Male,1.0311250240379621,3,111.13113,ethiopia,draw_79
Female,1.0281748922361924,2,111.24124,ethiopia,draw_79
Male,1.0322741008918896,2,111.24124,ethiopia,draw_79
Female,1.0328434195333762,3,111.24124,ethiopia,draw_79
Male,1.0307842835281071,3,111.24124,ethiopia,draw_79
Female,1.0278678579969158,2,111.35135,ethiopia,draw_79
Male,1.0318890756622927,2,111.35135,ethiopia,draw_79
Female,1.0325265933650485,3,111.35135,ethiopia,draw_79
Male,1.030443995012697,3,111.35135,ethiopia,draw_79
Female,1.0275608191383416,2,111.46146,ethiopia,draw_79
Male,1.0315049758653123,2,111.46146,ethiopia,draw_79
Female,1.0322097949887559,3,111.46146,ethiopia,draw_79
Male,1.0301042838071868,3,111.46146,ethiopia,draw_79
Female,1.0272545207990273,2,111.57157,ethiopia,draw_79
Male,1.0311211332557553,2,111.57157,ethiopia,draw_79
Female,1.0318935767229207,3,111.57157,ethiopia,draw_79
Male,1.0297647680928683,3,111.57157,ethiopia,draw_79
Female,1.0269488578283008,2,111.68168,ethiopia,draw_79
Male,1.0307382411811432,2,111.68168,ethiopia,draw_79
Female,1.031577840218701,3,111.68168,ethiopia,draw_79
Male,1.029425847877895,3,111.68168,ethiopia,draw_79
Female,1.0266431242176368,2,111.79179,ethiopia,draw_79
Male,1.0303558266581645,2,111.79179,ethiopia,draw_79
Female,1.0312620766608889,3,111.79179,ethiopia,draw_79
Male,1.0290872323321174,3,111.79179,ethiopia,draw_79
Female,1.0263381775839497,2,111.9019,ethiopia,draw_79
Male,1.0299737801506395,2,111.9019,ethiopia,draw_79
Female,1.0309469110275056,3,111.9019,ethiopia,draw_79
Male,1.0287488386556574,3,111.9019,ethiopia,draw_79
Female,1.026033558334165,2,112.01201,ethiopia,draw_79
Male,1.0295927796945992,2,112.01201,ethiopia,draw_79
Female,1.0306320163678546,3,112.01201,ethiopia,draw_79
Male,1.0284110696608102,3,112.01201,ethiopia,draw_79
Female,1.0257296333633028,2,112.12212,ethiopia,draw_79
Male,1.0292127308185495,2,112.12212,ethiopia,draw_79
Female,1.0303176542103472,3,112.12212,ethiopia,draw_79
Male,1.028073887749784,3,112.12212,ethiopia,draw_79
Female,1.025426197835254,2,112.23223,ethiopia,draw_79
Male,1.0288330819177256,2,112.23223,ethiopia,draw_79
Female,1.030003670799795,3,112.23223,ethiopia,draw_79
Male,1.0277369716039153,3,112.23223,ethiopia,draw_79
Female,1.0251234496246613,2,112.34234,ethiopia,draw_79
Male,1.0284539641767207,2,112.34234,ethiopia,draw_79
Female,1.0296902202978588,3,112.34234,ethiopia,draw_79
Male,1.027400421267419,3,112.34234,ethiopia,draw_79
Female,1.0248210927007932,2,112.45245,ethiopia,draw_79
Male,1.0280759479833557,2,112.45245,ethiopia,draw_79
Female,1.0293770676444711,3,112.45245,ethiopia,draw_79
Male,1.0270645622946168,3,112.45245,ethiopia,draw_79
Female,1.0245191692103066,2,112.56256,ethiopia,draw_79
Male,1.0276979199122531,2,112.56256,ethiopia,draw_79
Female,1.029064214188569,3,112.56256,ethiopia,draw_79
Male,1.026728731786891,3,112.56256,ethiopia,draw_79
Female,1.0242174659314174,2,112.67267,ethiopia,draw_79
Male,1.0273210738271263,2,112.67267,ethiopia,draw_79
Female,1.0287515462952752,3,112.67267,ethiopia,draw_79
Male,1.026393635883831,3,112.67267,ethiopia,draw_79
Female,1.0239171258824873,2,112.78278,ethiopia,draw_79
Male,1.0269450511556502,2,112.78278,ethiopia,draw_79
Female,1.028439887473302,3,112.78278,ethiopia,draw_79
Male,1.0260590651462518,3,112.78278,ethiopia,draw_79
Female,1.0236163781555407,2,112.89289,ethiopia,draw_79
Male,1.0265691324285522,2,112.89289,ethiopia,draw_79
Female,1.0281279742673397,3,112.89289,ethiopia,draw_79
Male,1.0257246005301512,3,112.89289,ethiopia,draw_79
Female,1.0233165095638663,2,113.003,ethiopia,draw_79
Male,1.0261940862885968,2,113.003,ethiopia,draw_79
Female,1.0278167400143354,3,113.003,ethiopia,draw_79
Male,1.0253906994246964,3,113.003,ethiopia,draw_79
Female,1.023016885832355,2,113.11311,ethiopia,draw_79
Male,1.0258202120059132,2,113.11311,ethiopia,draw_79
Female,1.0275057067839957,3,113.11311,ethiopia,draw_79
Male,1.025057543992006,3,113.11311,ethiopia,draw_79
Female,1.0227183518599552,2,113.22322,ethiopia,draw_79
Male,1.0254465724118589,2,113.22322,ethiopia,draw_79
Female,1.0271955282421126,3,113.22322,ethiopia,draw_79
Male,1.0247246030016846,3,113.22322,ethiopia,draw_79
Female,1.022419868785176,2,113.33333,ethiopia,draw_79
Male,1.025073304384292,2,113.33333,ethiopia,draw_79
Female,1.0268854014111264,3,113.33333,ethiopia,draw_79
Male,1.024391945021074,3,113.33333,ethiopia,draw_79
Female,1.022122217439953,2,113.44344,ethiopia,draw_79
Male,1.024701528416078,2,113.44344,ethiopia,draw_79
Female,1.0265759189427717,3,113.44344,ethiopia,draw_79
Male,1.0240602254986417,3,113.44344,ethiopia,draw_79
Female,1.021824863440628,2,113.55355,ethiopia,draw_79
Male,1.0243297189225478,2,113.55355,ethiopia,draw_79
Female,1.0262666794181892,3,113.55355,ethiopia,draw_79
Male,1.023728532876742,3,113.55355,ethiopia,draw_79
Female,1.021528667366899,2,113.66366,ethiopia,draw_79
Male,1.0239589488426393,2,113.66366,ethiopia,draw_79
Female,1.025958321061415,3,113.66366,ethiopia,draw_79
Male,1.023397522239349,3,113.66366,ethiopia,draw_79
Female,1.0212327418910583,2,113.77377,ethiopia,draw_79
Male,1.023589303450082,2,113.77377,ethiopia,draw_79
Female,1.0256502188938503,3,113.77377,ethiopia,draw_79
Male,1.0230672241314227,3,113.77377,ethiopia,draw_79
Female,1.0209372992056756,2,113.88388,ethiopia,draw_79
Male,1.023220506093693,2,113.88388,ethiopia,draw_79
Female,1.0253425346068095,3,113.88388,ethiopia,draw_79
Male,1.0227375040098599,3,113.88388,ethiopia,draw_79
Female,1.020642672336873,2,113.99399,ethiopia,draw_79
Male,1.0228525499422303,2,113.99399,ethiopia,draw_79
Female,1.025035454273968,3,113.99399,ethiopia,draw_79
Male,1.0224083454474153,3,113.99399,ethiopia,draw_79
Female,1.0203488781178511,2,114.1041,ethiopia,draw_79
Male,1.0224847975851437,2,114.1041,ethiopia,draw_79
Female,1.0247290208078583,3,114.1041,ethiopia,draw_79
Male,1.0220793854829031,3,114.1041,ethiopia,draw_79
Female,1.020055518511203,2,114.21421,ethiopia,draw_79
Male,1.0221183715433608,2,114.21421,ethiopia,draw_79
Female,1.0244229579018949,3,114.21421,ethiopia,draw_79
Male,1.0217512680959637,3,114.21421,ethiopia,draw_79
Female,1.0197628742832456,2,114.32432,ethiopia,draw_79
Male,1.0217530577730434,2,114.32432,ethiopia,draw_79
Female,1.0241174835810674,3,114.32432,ethiopia,draw_79
Male,1.0214238855489197,3,114.32432,ethiopia,draw_79
Female,1.0194710501147768,2,114.43443,ethiopia,draw_79
Male,1.0213881658250679,2,114.43443,ethiopia,draw_79
Female,1.0238126622954156,3,114.43443,ethiopia,draw_79
Male,1.0210968356746655,3,114.43443,ethiopia,draw_79
Female,1.0191795785595736,2,114.54454,ethiopia,draw_79
Male,1.0210240630390282,2,114.54454,ethiopia,draw_79
Female,1.023508146342721,3,114.54454,ethiopia,draw_79
Male,1.0207703498167089,3,114.54454,ethiopia,draw_79
Female,1.0188891721558107,2,114.65465,ethiopia,draw_79
Male,1.0206612191252191,2,114.65465,ethiopia,draw_79
Female,1.0232044732920318,3,114.65465,ethiopia,draw_79
Male,1.0204446966368055,3,114.65465,ethiopia,draw_79
Female,1.0185991344077412,2,114.76476,ethiopia,draw_79
Male,1.0202992757495448,2,114.76476,ethiopia,draw_79
Female,1.022901126619622,3,114.76476,ethiopia,draw_79
Male,1.0201196469133353,3,114.76476,ethiopia,draw_79
Female,1.0183102345989745,2,114.87487,ethiopia,draw_79
Male,1.019938027037628,2,114.87487,ethiopia,draw_79
Female,1.0225986389113826,3,114.87487,ethiopia,draw_79
Male,1.0197950914895901,3,114.87487,ethiopia,draw_79
Female,1.0180216121820793,2,114.98498,ethiopia,draw_79
Male,1.0195782296412195,2,114.98498,ethiopia,draw_79
Female,1.0222963771226738,3,114.98498,ethiopia,draw_79
Male,1.0194714645894596,3,114.98498,ethiopia,draw_79
Female,1.0177339335119484,2,115.0951,ethiopia,draw_79
Male,1.0192192536188478,2,115.0951,ethiopia,draw_79
Female,1.0219948349218022,3,115.0951,ethiopia,draw_79
Male,1.0191483837489392,3,115.0951,ethiopia,draw_79
Female,1.0174474299464273,2,115.20521,ethiopia,draw_79
Male,1.018861625287109,2,115.20521,ethiopia,draw_79
Female,1.021694220921301,3,115.20521,ethiopia,draw_79
Male,1.0188261828147551,3,115.20521,ethiopia,draw_79
Female,1.0171613440881186,2,115.31532,ethiopia,draw_79
Male,1.0185047952390136,2,115.31532,ethiopia,draw_79
Female,1.0213939703056683,3,115.31532,ethiopia,draw_79
Male,1.0185045257168797,3,115.31532,ethiopia,draw_79
Female,1.016876429812361,2,115.42543,ethiopia,draw_79
Male,1.0181488510830767,2,115.42543,ethiopia,draw_79
Female,1.0210946508597574,3,115.42543,ethiopia,draw_79
Male,1.018183465171759,3,115.42543,ethiopia,draw_79
Female,1.0165918091192359,2,115.53554,ethiopia,draw_79
Male,1.0177938232693013,2,115.53554,ethiopia,draw_79
Female,1.0207956097841797,3,115.53554,ethiopia,draw_79
Male,1.0178630371723927,3,115.53554,ethiopia,draw_79
Female,1.0163081544772645,2,115.64565,ethiopia,draw_79
Male,1.0174403826802985,2,115.64565,ethiopia,draw_79
Female,1.0204973426279043,3,115.64565,ethiopia,draw_79
Male,1.017543622788269,3,115.64565,ethiopia,draw_79
Female,1.0160252138478907,2,115.75576,ethiopia,draw_79
Male,1.017087749874909,2,115.75576,ethiopia,draw_79
Female,1.0201996538670473,3,115.75576,ethiopia,draw_79
Male,1.017224773550462,3,115.75576,ethiopia,draw_79
Female,1.0157432681943561,2,115.86587,ethiopia,draw_79
Male,1.0167358259496735,2,115.86587,ethiopia,draw_79
Female,1.0199027406533379,3,115.86587,ethiopia,draw_79
Male,1.0169064336426341,3,115.86587,ethiopia,draw_79
Female,1.0154618260727715,2,115.97598,ethiopia,draw_79
Male,1.016384999693238,2,115.97598,ethiopia,draw_79
Female,1.0196062580940475,3,115.97598,ethiopia,draw_79
Male,1.0165888249067012,3,115.97598,ethiopia,draw_79
Female,1.0151816766563004,2,116.08609,ethiopia,draw_79
Male,1.0160355641166232,2,116.08609,ethiopia,draw_79
Female,1.0193108191073106,3,116.08609,ethiopia,draw_79
Male,1.0162721607860594,3,116.08609,ethiopia,draw_79
Female,1.014901864043074,2,116.1962,ethiopia,draw_79
Male,1.0156871450929332,2,116.1962,ethiopia,draw_79
Female,1.019015726496499,3,116.1962,ethiopia,draw_79
Male,1.0159562284279797,3,116.1962,ethiopia,draw_79
Female,1.0146233110191023,2,116.30631,ethiopia,draw_79
Male,1.0153398526902222,2,116.30631,ethiopia,draw_79
Female,1.0187216275889193,3,116.30631,ethiopia,draw_79
Male,1.0156410907665578,3,116.30631,ethiopia,draw_79
Female,1.0143450921671389,2,116.41642,ethiopia,draw_79
Male,1.014993585578867,2,116.41642,ethiopia,draw_79
Female,1.0184278797475472,3,116.41642,ethiopia,draw_79
Male,1.0153266700817352,3,116.41642,ethiopia,draw_79
Female,1.0140680413777552,2,116.52653,ethiopia,draw_79
Male,1.0146481484215408,2,116.52653,ethiopia,draw_79
Female,1.0181350900250226,3,116.52653,ethiopia,draw_79
Male,1.0150128534901983,3,116.52653,ethiopia,draw_79
Female,1.013791861890936,2,116.63664,ethiopia,draw_79
Male,1.0143042827724613,2,116.63664,ethiopia,draw_79
Female,1.0178430349379781,3,116.63664,ethiopia,draw_79
Male,1.0147001112125429,3,116.63664,ethiopia,draw_79
Female,1.0135162388682617,2,116.74675,ethiopia,draw_79
Male,1.0139613932533418,2,116.74675,ethiopia,draw_79
Female,1.0175514853488872,3,116.74675,ethiopia,draw_79
Male,1.014388098019098,3,116.74675,ethiopia,draw_79
Female,1.013241443192342,2,116.85686,ethiopia,draw_79
Male,1.0136192504172652,2,116.85686,ethiopia,draw_79
Female,1.0172606254169478,3,116.85686,ethiopia,draw_79
Male,1.0140766468044458,3,116.85686,ethiopia,draw_79
Female,1.0129676066442612,2,116.96697,ethiopia,draw_79
Male,1.0132788492067684,2,116.96697,ethiopia,draw_79
Female,1.0169705589698557,3,116.96697,ethiopia,draw_79
Male,1.0137663506705188,3,116.96697,ethiopia,draw_79
Female,1.0126945346583438,2,117.07708,ethiopia,draw_79
Male,1.01293856383493,2,117.07708,ethiopia,draw_79
Female,1.0166811235759414,3,117.07708,ethiopia,draw_79
Male,1.0134562603393478,3,117.07708,ethiopia,draw_79
Female,1.0124226301947599,2,117.18719,ethiopia,draw_79
Male,1.0125996490065206,2,117.18719,ethiopia,draw_79
Female,1.0163926583027973,3,117.18719,ethiopia,draw_79
Male,1.0131471087047188,3,117.18719,ethiopia,draw_79
Female,1.012151302736549,2,117.2973,ethiopia,draw_79
Male,1.0122617802379896,2,117.2973,ethiopia,draw_79
Female,1.0161047121866138,3,117.2973,ethiopia,draw_79
Male,1.0128387032594206,3,117.2973,ethiopia,draw_79
Female,1.0118806625822718,2,117.40741,ethiopia,draw_79
Male,1.011925040847517,2,117.40741,ethiopia,draw_79
Female,1.0158173822473369,3,117.40741,ethiopia,draw_79
Male,1.0125311198712927,3,117.40741,ethiopia,draw_79
Female,1.0116109093574284,2,117.51752,ethiopia,draw_79
Male,1.0115892354817417,2,117.51752,ethiopia,draw_79
Female,1.0155308201089808,3,117.51752,ethiopia,draw_79
Male,1.0122242281207194,3,117.51752,ethiopia,draw_79
Female,1.0113418458986174,2,117.62763,ethiopia,draw_79
Male,1.0112549715615886,2,117.62763,ethiopia,draw_79
Female,1.015244848094589,3,117.62763,ethiopia,draw_79
Male,1.0119183885477878,3,117.62763,ethiopia,draw_79
Female,1.0110733976775876,2,117.73774,ethiopia,draw_79
Male,1.010921215969227,2,117.73774,ethiopia,draw_79
Female,1.0149594173134862,3,117.73774,ethiopia,draw_79
Male,1.0116129708334742,3,117.73774,ethiopia,draw_79
Female,1.0108058350578435,2,117.84785,ethiopia,draw_79
Male,1.0105886061216258,2,117.84785,ethiopia,draw_79
Female,1.0146747446587625,3,117.84785,ethiopia,draw_79
Male,1.0113083542491523,3,117.84785,ethiopia,draw_79
Female,1.010539250422224,2,117.95796,ethiopia,draw_79
Male,1.0102565974719537,2,117.95796,ethiopia,draw_79
Female,1.014390912723319,3,117.95796,ethiopia,draw_79
Male,1.0110042195198057,3,117.95796,ethiopia,draw_79
Female,1.010273509566605,2,118.06807,ethiopia,draw_79
Male,1.0099269740971837,2,118.06807,ethiopia,draw_79
Female,1.0141077820624569,3,118.06807,ethiopia,draw_79
Male,1.0107016269900297,3,118.06807,ethiopia,draw_79
Female,1.0100089846282634,2,118.17818,ethiopia,draw_79
Male,1.0095971139619169,2,118.17818,ethiopia,draw_79
Female,1.0138256329549322,3,118.17818,ethiopia,draw_79
Male,1.0103990172931332,3,118.17818,ethiopia,draw_79
Female,1.0097446138232873,2,118.28829,ethiopia,draw_79
Male,1.0092687706671364,2,118.28829,ethiopia,draw_79
Female,1.0135436895389562,3,118.28829,ethiopia,draw_79
Male,1.0100974436445211,3,118.28829,ethiopia,draw_79
Female,1.0094818217296133,2,118.3984,ethiopia,draw_79
Male,1.008941958452064,2,118.3984,ethiopia,draw_79
Female,1.0132630614863996,3,118.3984,ethiopia,draw_79
Male,1.0097969597220389,3,118.3984,ethiopia,draw_79
Female,1.009219625619419,2,118.50851,ethiopia,draw_79
Male,1.0086166766063547,2,118.50851,ethiopia,draw_79
Female,1.0129830926423715,3,118.50851,ethiopia,draw_79
Male,1.0094976405445217,3,118.50851,ethiopia,draw_79
Female,1.0089589812911566,2,118.61862,ethiopia,draw_79
Male,1.0082925393202764,2,118.61862,ethiopia,draw_79
Female,1.0127045107527384,3,118.61862,ethiopia,draw_79
Male,1.009199301101949,3,118.61862,ethiopia,draw_79
Female,1.0086994936623803,2,118.72873,ethiopia,draw_79
Male,1.007969990432183,2,118.72873,ethiopia,draw_79
Female,1.0124270425538842,3,118.72873,ethiopia,draw_79
Male,1.0089022592021588,3,118.72873,ethiopia,draw_79
Female,1.0084415387402355,2,118.83884,ethiopia,draw_79
Male,1.0076491234333804,2,118.83884,ethiopia,draw_79
Female,1.0121510205778945,3,118.83884,ethiopia,draw_79
Male,1.0086066069455044,3,118.83884,ethiopia,draw_79
Female,1.0081846707446382,2,118.94895,ethiopia,draw_79
Male,1.0073302117935026,2,118.94895,ethiopia,draw_79
Female,1.0118761992922485,3,118.94895,ethiopia,draw_79
Male,1.0083126038042545,3,118.94895,ethiopia,draw_79
Female,1.0079297920085701,2,119.05906,ethiopia,draw_79
Male,1.007013490940409,2,119.05906,ethiopia,draw_79
Female,1.0116032806611777,3,119.05906,ethiopia,draw_79
Male,1.0080204483098127,3,119.05906,ethiopia,draw_79
Female,1.0076760107619382,2,119.16917,ethiopia,draw_79
Male,1.0066986738770323,2,119.16917,ethiopia,draw_79
Female,1.0113316537442834,3,119.16917,ethiopia,draw_79
Male,1.0077299911177549,3,119.16917,ethiopia,draw_79
Female,1.0074247116527295,2,119.27928,ethiopia,draw_79
Male,1.0063860716334414,2,119.27928,ethiopia,draw_79
Female,1.0110623801154928,3,119.27928,ethiopia,draw_79
Male,1.0074415001450587,3,119.27928,ethiopia,draw_79
Female,1.0071746695339487,2,119.38939,ethiopia,draw_79
Male,1.0060758382423365,2,119.38939,ethiopia,draw_79
Female,1.0107946258147833,3,119.38939,ethiopia,draw_79
Male,1.0071551421604625,3,119.38939,ethiopia,draw_79
Female,1.0069273877659723,2,119.4995,ethiopia,draw_79
Male,1.0057681246580303,2,119.4995,ethiopia,draw_79
Female,1.0105295724851548,3,119.4995,ethiopia,draw_79
Male,1.0068710909498104,3,119.4995,ethiopia,draw_79
Female,1.0066822047225297,2,119.60961,ethiopia,draw_79
Male,1.0054636195767093,2,119.60961,ethiopia,draw_79
Female,1.0102668759819797,3,119.60961,ethiopia,draw_79
Male,1.0065899891151744,3,119.60961,ethiopia,draw_79
Female,1.0064393079763865,2,119.71972,ethiopia,draw_79
Male,1.0051620447035445,2,119.71972,ethiopia,draw_79
Female,1.0100065719899007,3,119.71972,ethiopia,draw_79
Male,1.0063115408629688,3,119.71972,ethiopia,draw_79
Female,1.0061998194361073,2,119.82983,ethiopia,draw_79
Male,1.004863301914447,2,119.82983,ethiopia,draw_79
Female,1.009749498484713,3,119.82983,ethiopia,draw_79
Male,1.0060356804255157,3,119.82983,ethiopia,draw_79
Female,1.0059624789652895,2,119.93994,ethiopia,draw_79
Male,1.0045685864841611,2,119.93994,ethiopia,draw_79
Female,1.0094947960868395,3,119.93994,ethiopia,draw_79
Male,1.0057631910799028,3,119.93994,ethiopia,draw_79
Female,1.00572823535871,2,120.05005,ethiopia,draw_79
Male,1.0042772338471586,2,120.05005,ethiopia,draw_79
Female,1.0092432493854089,3,120.05005,ethiopia,draw_79
Male,1.0054937707073917,3,120.05005,ethiopia,draw_79
Female,1.0044830130363802,2,120.16016,ethiopia,draw_79
Male,1.0029021435813585,2,120.16016,ethiopia,draw_79
Female,1.0079342853271673,3,120.16016,ethiopia,draw_79
Male,1.0042496389178106,3,120.16016,ethiopia,draw_79
Female,1.0032638400022291,2,120.27027,ethiopia,draw_79
Male,1.0015553426908355,2,120.27027,ethiopia,draw_79
Female,1.0066499562159572,3,120.27027,ethiopia,draw_79
Male,1.0030282713149776,3,120.27027,ethiopia,draw_79
Female,1.0020703157298139,2,120.38038,ethiopia,draw_79
Male,1.0002371637528775,2,120.38038,ethiopia,draw_79
Female,1.0053899489690161,3,120.38038,ethiopia,draw_79
Male,1.0018300123019226,3,120.38038,ethiopia,draw_79
Female,1.000904136558222,2,120.49049,ethiopia,draw_79
Male,0.9989490209236224,2,120.49049,ethiopia,draw_79
Female,1.0041559434930185,3,120.49049,ethiopia,draw_79
Male,1.0006562251814228,3,120.49049,ethiopia,draw_79
Female,0.9997683015576176,2,120.6006,ethiopia,draw_79
Male,0.9976934487470178,2,120.6006,ethiopia,draw_79
Female,1.0029503795143917,3,120.6006,ethiopia,draw_79
Male,0.99950882248584,3,120.6006,ethiopia,draw_79
Female,0.9986622397696544,2,120.71071,ethiopia,draw_79
Male,0.9964713490872117,2,120.71071,ethiopia,draw_79
Female,1.001773023719819,3,120.71071,ethiopia,draw_79
Male,0.9983882692341591,3,120.71071,ethiopia,draw_79
Female,0.9975902594123582,2,120.82082,ethiopia,draw_79
Male,0.9952875785068235,2,120.82082,ethiopia,draw_79
Female,1.0006272854224647,3,120.82082,ethiopia,draw_79
Male,0.9972976469755286,3,120.82082,ethiopia,draw_79
Female,0.9965537035079934,2,120.93093,ethiopia,draw_79
Male,0.994143891619991,2,120.93093,ethiopia,draw_79
Female,0.9995145045816662,3,120.93093,ethiopia,draw_79
Male,0.9962383963322793,3,120.93093,ethiopia,draw_79
Female,0.9955543668533523,2,121.04104,ethiopia,draw_79
Male,0.9930433424329556,2,121.04104,ethiopia,draw_79
Female,0.9984368334999122,3,121.04104,ethiopia,draw_79
Male,0.9952129813629939,3,121.04104,ethiopia,draw_79
Female,0.9945904774429499,2,121.15115,ethiopia,draw_79
Male,0.9919831591894706,2,121.15115,ethiopia,draw_79
Female,0.9973920641466798,3,121.15115,ethiopia,draw_79
Male,0.9942189152144567,3,121.15115,ethiopia,draw_79
Female,0.9936612778715562,2,121.26126,ethiopia,draw_79
Male,0.9909633342810223,2,121.26126,ethiopia,draw_79
Female,0.9963795606958317,3,121.26126,ethiopia,draw_79
Male,0.9932560514189244,3,121.26126,ethiopia,draw_79
Female,0.9927667970349412,2,121.37137,ethiopia,draw_79
Male,0.989983036918503,2,121.37137,ethiopia,draw_79
Female,0.9953991747685591,3,121.37137,ethiopia,draw_79
Male,0.992323930712611,3,121.37137,ethiopia,draw_79
Female,0.9919081460193353,2,121.48148,ethiopia,draw_79
Male,0.9890438545279118,2,121.48148,ethiopia,draw_79
Female,0.9944516646179565,3,121.48148,ethiopia,draw_79
Male,0.9914235041736674,3,121.48148,ethiopia,draw_79
Female,0.9910860909949344,2,121.59159,ethiopia,draw_79
Male,0.9881471543938266,2,121.59159,ethiopia,draw_79
Female,0.9935378010060028,3,121.59159,ethiopia,draw_79
Male,0.9905556939352067,3,121.59159,ethiopia,draw_79
Female,0.9903001891163701,2,121.7017,ethiopia,draw_79
Male,0.9872918298832256,2,121.7017,ethiopia,draw_79
Female,0.9926583728496913,3,121.7017,ethiopia,draw_79
Male,0.989721004519755,3,121.7017,ethiopia,draw_79
Female,0.9895489496698825,2,121.81181,ethiopia,draw_79
Male,0.9864758354440925,2,121.81181,ethiopia,draw_79
Female,0.9918114421566812,3,121.81181,ethiopia,draw_79
Male,0.9889172634160699,3,121.81181,ethiopia,draw_79
Female,0.9888305354933727,2,121.92192,ethiopia,draw_79
Male,0.9856980333587887,2,121.92192,ethiopia,draw_79
Female,0.9909952477066536,3,121.92192,ethiopia,draw_79
Male,0.9881434967745865,3,121.92192,ethiopia,draw_79
Female,0.9881457639019198,2,122.03203,ethiopia,draw_79
Male,0.9849584656214506,2,122.03203,ethiopia,draw_79
Female,0.9902104705403553,3,122.03203,ethiopia,draw_79
Male,0.9873998036668987,3,122.03203,ethiopia,draw_79
Female,0.9874935326614335,2,122.14214,ethiopia,draw_79
Male,0.9842560553704397,2,122.14214,ethiopia,draw_79
Female,0.9894563153111906,3,122.14214,ethiopia,draw_79
Male,0.9866854351130531,3,122.14214,ethiopia,draw_79
Female,0.9868763007601866,2,122.25225,ethiopia,draw_79
Male,0.9835946918106448,2,122.25225,ethiopia,draw_79
Female,0.9887346358345035,3,122.25225,ethiopia,draw_79
Male,0.9860027876183342,3,122.25225,ethiopia,draw_79
Female,0.986294077197002,2,122.36236,ethiopia,draw_79
Male,0.9829735171017712,2,122.36236,ethiopia,draw_79
Female,0.988045830399423,3,122.36236,ethiopia,draw_79
Male,0.9853517372651772,3,122.36236,ethiopia,draw_79
Female,0.9857458508748539,2,122.47247,ethiopia,draw_79
Male,0.9823918770397685,2,122.47247,ethiopia,draw_79
Female,0.9873896219320112,3,122.47247,ethiopia,draw_79
Male,0.9847325569706546,3,122.47247,ethiopia,draw_79
Female,0.9852301848384089,2,122.58258,ethiopia,draw_79
Male,0.9818473517458998,2,122.58258,ethiopia,draw_79
Female,0.9867640094139437,3,122.58258,ethiopia,draw_79
Male,0.9841427408125325,3,122.58258,ethiopia,draw_79
Female,0.9847459707688497,2,122.69269,ethiopia,draw_79
Male,0.981339388589411,2,122.69269,ethiopia,draw_79
Female,0.9861681450531892,3,122.69269,ethiopia,draw_79
Male,0.98358187372359,3,122.69269,ethiopia,draw_79
Female,0.9842937225501917,2,122.8028,ethiopia,draw_79
Male,0.980867937134744,2,122.8028,ethiopia,draw_79
Female,0.9856024307266493,3,122.8028,ethiopia,draw_79
Male,0.9830498892981417,3,122.8028,ethiopia,draw_79
Female,0.9838732690754158,2,122.91291,ethiopia,draw_79
Male,0.9804332570404305,2,122.91291,ethiopia,draw_79
Female,0.9850667231946052,3,122.91291,ethiopia,draw_79
Male,0.9825469601142863,3,122.91291,ethiopia,draw_79
Female,0.9834879908802932,2,123.02302,ethiopia,draw_79
Male,0.9800397010646436,2,123.02302,ethiopia,draw_79
Female,0.9845635711694442,3,123.02302,ethiopia,draw_79
Male,0.9820757048839851,3,123.02302,ethiopia,draw_79
Female,0.9831370628522601,2,123.13313,ethiopia,draw_79
Male,0.979685095651431,2,123.13313,ethiopia,draw_79
Female,0.9840935320689961,3,123.13313,ethiopia,draw_79
Male,0.9816359290389229,3,123.13313,ethiopia,draw_79
Female,0.9828179525852541,2,123.24324,ethiopia,draw_79
Male,0.9793674405529023,2,123.24324,ethiopia,draw_79
Female,0.9836537073643598,3,123.24324,ethiopia,draw_79
Male,0.9812254014526796,3,123.24324,ethiopia,draw_79
Female,0.9825298240334875,2,123.35335,ethiopia,draw_79
Male,0.9790855969721749,2,123.35335,ethiopia,draw_79
Female,0.9832431424397311,3,123.35335,ethiopia,draw_79
Male,0.98084318499964,3,123.35335,ethiopia,draw_79
Female,0.982273470283696,2,123.46346,ethiopia,draw_79
Male,0.9788403764536764,2,123.46346,ethiopia,draw_79
Female,0.982862462574765,3,123.46346,ethiopia,draw_79
Male,0.9804897200481653,3,123.46346,ethiopia,draw_79
Female,0.9820476091479395,2,123.57357,ethiopia,draw_79
Male,0.9786314518370337,2,123.57357,ethiopia,draw_79
Female,0.9825106713296489,3,123.57357,ethiopia,draw_79
Male,0.9801647952666608,3,123.57357,ethiopia,draw_79
Female,0.9818548142245958,2,123.68368,ethiopia,draw_79
Male,0.9784602169292089,2,123.68368,ethiopia,draw_79
Female,0.9821896912146341,3,123.68368,ethiopia,draw_79
Male,0.979869188562875,3,123.68368,ethiopia,draw_79
Female,0.9816969484290738,2,123.79379,ethiopia,draw_79
Male,0.9783298754477704,2,123.79379,ethiopia,draw_79
Female,0.9819013367143931,3,123.79379,ethiopia,draw_79
Male,0.97960526195497,3,123.79379,ethiopia,draw_79
Female,0.9815718371070764,2,123.9039,ethiopia,draw_79
Male,0.9782368666613204,2,123.9039,ethiopia,draw_79
Female,0.9816443444700463,3,123.9039,ethiopia,draw_79
Male,0.979371218648765,3,123.9039,ethiopia,draw_79
Female,0.9814781568696965,2,124.01401,ethiopia,draw_79
Male,0.9781806685104166,2,124.01401,ethiopia,draw_79
Female,0.981416700803292,3,124.01401,ethiopia,draw_79
Male,0.979165803330849,3,124.01401,ethiopia,draw_79
Female,0.9814160896657026,2,124.12412,ethiopia,draw_79
Male,0.9781608851702538,2,124.12412,ethiopia,draw_79
Female,0.9812185069378124,3,124.12412,ethiopia,draw_79
Male,0.9789886845702473,3,124.12412,ethiopia,draw_79
Female,0.9813853174842848,2,124.23423,ethiopia,draw_79
Male,0.9781775960625071,2,124.23423,ethiopia,draw_79
Female,0.9810495636689519,3,124.23423,ethiopia,draw_79
Male,0.9788398672280638,3,124.23423,ethiopia,draw_79
Female,0.9813859100684084,2,124.34434,ethiopia,draw_79
Male,0.9782308693203384,2,124.34434,ethiopia,draw_79
Female,0.9809099254181115,3,124.34434,ethiopia,draw_79
Male,0.9787193460949254,3,124.34434,ethiopia,draw_79
Female,0.9814214937715457,2,124.45445,ethiopia,draw_79
Male,0.9783239014013588,2,124.45445,ethiopia,draw_79
Female,0.980802135771467,3,124.45445,ethiopia,draw_79
Male,0.9786289341931288,3,124.45445,ethiopia,draw_79
Female,0.981492323477136,2,124.56456,ethiopia,draw_79
Male,0.9784583710491221,2,124.56456,ethiopia,draw_79
Female,0.9807275112455293,3,124.56456,ethiopia,draw_79
Male,0.9785708074556527,3,124.56456,ethiopia,draw_79
Female,0.9815955794534121,2,124.67467,ethiopia,draw_79
Male,0.9786296147516911,2,124.67467,ethiopia,draw_79
Female,0.9806828248073658,3,124.67467,ethiopia,draw_79
Male,0.978541041743962,3,124.67467,ethiopia,draw_79
Female,0.9817307075261551,2,124.78478,ethiopia,draw_79
Male,0.9788383620220426,2,124.78478,ethiopia,draw_79
Female,0.9806675285983409,3,124.78478,ethiopia,draw_79
Male,0.9785399062713954,3,124.78478,ethiopia,draw_79
Female,0.9818988670583636,2,124.89489,ethiopia,draw_79
Male,0.9790835013955309,2,124.89489,ethiopia,draw_79
Female,0.9806822871565317,3,124.89489,ethiopia,draw_79
Male,0.9785665785479541,3,124.89489,ethiopia,draw_79
Female,0.9820994900288466,2,125.00501,ethiopia,draw_79
Male,0.9793667210491629,2,125.00501,ethiopia,draw_79
Female,0.9807266668191084,3,125.00501,ethiopia,draw_79
Male,0.9786220261615737,3,125.00501,ethiopia,draw_79
Female,0.9823328100192439,2,125.11512,ethiopia,draw_79
Male,0.979687362566522,2,125.11512,ethiopia,draw_79
Female,0.9808007912388448,3,125.11512,ethiopia,draw_79
Male,0.9787057259549968,3,125.11512,ethiopia,draw_79
Female,0.9824866853400979,2,125.22523,ethiopia,draw_79
Male,0.9799122014488361,2,125.22523,ethiopia,draw_79
Female,0.9808217785508175,3,125.22523,ethiopia,draw_79
Male,0.9787385884669785,3,125.22523,ethiopia,draw_79
Female,0.9823882266361863,2,125.33534,ethiopia,draw_79
Male,0.9798364814437202,2,125.33534,ethiopia,draw_79
Female,0.98066116209467,3,125.33534,ethiopia,draw_79
Male,0.9785981840560066,3,125.33534,ethiopia,draw_79
Female,0.9823020328182616,2,125.44545,ethiopia,draw_79
Male,0.9797746291566972,2,125.44545,ethiopia,draw_79
Female,0.9805146818323961,3,125.44545,ethiopia,draw_79
Male,0.9784715533379612,3,125.44545,ethiopia,draw_79
Female,0.9822291102086833,2,125.55556,ethiopia,draw_79
Male,0.9797277580544415,2,125.55556,ethiopia,draw_79
Female,0.9803830394980906,3,125.55556,ethiopia,draw_79
Male,0.9783592873262694,3,125.55556,ethiopia,draw_79
Female,0.9821686153786087,2,125.66567,ethiopia,draw_79
Male,0.9796952510782795,2,125.66567,ethiopia,draw_79
Female,0.9802657014339066,3,125.66567,ethiopia,draw_79
Male,0.9782611162595107,3,125.66567,ethiopia,draw_79
Female,0.982121478161957,2,125.77578,ethiopia,draw_79
Male,0.9796772847946464,2,125.77578,ethiopia,draw_79
Female,0.9801636195952288,3,125.77578,ethiopia,draw_79
Male,0.9781774321361429,3,125.77578,ethiopia,draw_79
Female,0.9820883612583234,2,125.88589,ethiopia,draw_79
Male,0.9796762082582963,2,125.88589,ethiopia,draw_79
Female,0.9800778328118255,3,125.88589,ethiopia,draw_79
Male,0.9781102270253507,3,125.88589,ethiopia,draw_79
Female,0.9820742973039478,2,125.996,ethiopia,draw_79
Male,0.9796958203827375,2,125.996,ethiopia,draw_79
Female,0.9800145839371184,3,125.996,ethiopia,draw_79
Male,0.9780645012078694,3,125.996,ethiopia,draw_79
Female,0.9820778851722125,2,126.10611,ethiopia,draw_79
Male,0.979735607352686,2,126.10611,ethiopia,draw_79
Female,0.9799720310032164,3,126.10611,ethiopia,draw_79
Male,0.9780390541408799,3,126.10611,ethiopia,draw_79
Female,0.982098895791462,2,126.21622,ethiopia,draw_79
Male,0.979794271404635,2,126.21622,ethiopia,draw_79
Female,0.9799498784674013,3,126.21622,ethiopia,draw_79
Male,0.978032993225469,3,126.21622,ethiopia,draw_79
Female,0.9821366322338817,2,126.32633,ethiopia,draw_79
Male,0.9798725468320588,2,126.32633,ethiopia,draw_79
Female,0.9799476154392096,3,126.32633,ethiopia,draw_79
Male,0.9780467601534539,3,126.32633,ethiopia,draw_79
Female,0.982190613719297,2,126.43644,ethiopia,draw_79
Male,0.9799683304351786,2,126.43644,ethiopia,draw_79
Female,0.9799645145696114,3,126.43644,ethiopia,draw_79
Male,0.9780786887661942,3,126.43644,ethiopia,draw_79
Female,0.9822593603122827,2,126.54655,ethiopia,draw_79
Male,0.9800811185536765,2,126.54655,ethiopia,draw_79
Female,0.9799986389831191,3,126.54655,ethiopia,draw_79
Male,0.9781275798837052,3,126.54655,ethiopia,draw_79
Female,0.9823419913630957,2,126.65666,ethiopia,draw_79
Male,0.9802096595519636,2,126.65666,ethiopia,draw_79
Female,0.9800490417084887,3,126.65666,ethiopia,draw_79
Male,0.9781923745400611,3,126.65666,ethiopia,draw_79
Female,0.9824385140249747,2,126.76677,ethiopia,draw_79
Male,0.980352925698295,2,126.76677,ethiopia,draw_79
Female,0.9801156914077573,3,126.76677,ethiopia,draw_79
Male,0.9782724243549191,3,126.76677,ethiopia,draw_79
Female,0.9825471833727863,2,126.87688,ethiopia,draw_79
Male,0.9805102806424943,2,126.87688,ethiopia,draw_79
Female,0.9801965282865704,3,126.87688,ethiopia,draw_79
Male,0.978366505876292,3,126.87688,ethiopia,draw_79
Female,0.982667700125779,2,126.98699,ethiopia,draw_79
Male,0.9806815349134875,2,126.98699,ethiopia,draw_79
Female,0.9802913356760611,3,126.98699,ethiopia,draw_79
Male,0.9784745120580367,3,126.98699,ethiopia,draw_79
Female,0.9828000666185365,2,127.0971,ethiopia,draw_79
Male,0.9808656523059189,2,127.0971,ethiopia,draw_79
Female,0.980400128684534,3,127.0971,ethiopia,draw_79
Male,0.9785958277436898,3,127.0971,ethiopia,draw_79
Female,0.9829449077154463,2,127.20721,ethiopia,draw_79
Male,0.9810633933131726,2,127.20721,ethiopia,draw_79
Female,0.9805233853709769,3,127.20721,ethiopia,draw_79
Male,0.9787309096672252,3,127.20721,ethiopia,draw_79
Female,0.9831006338897718,2,127.31732,ethiopia,draw_79
Male,0.9812739513755505,2,127.31732,ethiopia,draw_79
Female,0.9806599294551708,3,127.31732,ethiopia,draw_79
Male,0.978879309073931,3,127.31732,ethiopia,draw_79
Female,0.9832699835487387,2,127.42743,ethiopia,draw_79
Male,0.9814990004258243,2,127.42743,ethiopia,draw_79
Female,0.9808126110099442,3,127.42743,ethiopia,draw_79
Male,0.9790429048361646,3,127.42743,ethiopia,draw_79
Female,0.9834500589864558,2,127.53754,ethiopia,draw_79
Male,0.9817355547660699,2,127.53754,ethiopia,draw_79
Female,0.9809781345345364,3,127.53754,ethiopia,draw_79
Male,0.9792186955702668,3,127.53754,ethiopia,draw_79
Female,0.9836409722259869,2,127.64765,ethiopia,draw_79
Male,0.9819847383085579,2,127.64765,ethiopia,draw_79
Female,0.9811567721876312,3,127.64765,ethiopia,draw_79
Male,0.9794075396559011,3,127.64765,ethiopia,draw_79
Female,0.9838438669110183,2,127.75776,ethiopia,draw_79
Male,0.9822464461338959,2,127.75776,ethiopia,draw_79
Female,0.9813495823119569,3,127.75776,ethiopia,draw_79
Male,0.9796096043756765,3,127.75776,ethiopia,draw_79
Female,0.9840580003717392,2,127.86787,ethiopia,draw_79
Male,0.9825208198337766,2,127.86787,ethiopia,draw_79
Female,0.9815561438467134,3,127.86787,ethiopia,draw_79
Male,0.9798251072919606,3,127.86787,ethiopia,draw_79
Female,0.9842838125974867,2,127.97798,ethiopia,draw_79
Male,0.9828083272278625,2,127.97798,ethiopia,draw_79
Female,0.9817766892265803,3,127.97798,ethiopia,draw_79
Male,0.9800542286772366,3,127.97798,ethiopia,draw_79
Female,0.9845217105327781,2,128.08809,ethiopia,draw_79
Male,0.9831092972516282,2,128.08809,ethiopia,draw_79
Female,0.982011663788312,3,128.08809,ethiopia,draw_79
Male,0.9802973359978816,3,128.08809,ethiopia,draw_79
Female,0.9847716640327465,2,128.1982,ethiopia,draw_79
Male,0.9834229540981515,2,128.1982,ethiopia,draw_79
Female,0.9822609848101305,3,128.1982,ethiopia,draw_79
Male,0.9805538750301905,3,128.1982,ethiopia,draw_79
Female,0.9850324612988495,2,128.30831,ethiopia,draw_79
Male,0.9837484170804637,2,128.30831,ethiopia,draw_79
Female,0.9825232254909427,3,128.30831,ethiopia,draw_79
Male,0.9808227465320246,3,128.30831,ethiopia,draw_79
Female,0.9853033958451642,2,128.41842,ethiopia,draw_79
Male,0.9840856086333936,2,128.41842,ethiopia,draw_79
Female,0.9827975479524932,3,128.41842,ethiopia,draw_79
Male,0.9811035651268477,3,128.41842,ethiopia,draw_79
Female,0.985583797492829,2,128.52853,ethiopia,draw_79
Male,0.9844335058918966,2,128.52853,ethiopia,draw_79
Female,0.9830831317497655,3,128.52853,ethiopia,draw_79
Male,0.9813953953015242,3,128.52853,ethiopia,draw_79
Female,0.9858736506320769,2,128.63864,ethiopia,draw_79
Male,0.9847914179506146,2,128.63864,ethiopia,draw_79
Female,0.9833797476145687,3,128.63864,ethiopia,draw_79
Male,0.9816975590384677,3,128.63864,ethiopia,draw_79
Female,0.9861721964234742,2,128.74875,ethiopia,draw_79
Male,0.9851593464439756,2,128.74875,ethiopia,draw_79
Female,0.9836867566643217,3,128.74875,ethiopia,draw_79
Male,0.982009987475985,3,128.74875,ethiopia,draw_79
Female,0.9864818151314104,2,128.85886,ethiopia,draw_79
Male,0.985539262864065,2,128.85886,ethiopia,draw_79
Female,0.9840065732932841,3,128.85886,ethiopia,draw_79
Male,0.9823345620448894,3,128.85886,ethiopia,draw_79
Female,0.9868006160905748,2,128.96897,ethiopia,draw_79
Male,0.9859287208730617,2,128.96897,ethiopia,draw_79
Female,0.9843369764658597,3,128.96897,ethiopia,draw_79
Male,0.982668921878257,3,128.96897,ethiopia,draw_79
Female,0.9871272343465776,2,129.07908,ethiopia,draw_79
Male,0.9863275758387389,2,129.07908,ethiopia,draw_79
Female,0.9846769464383979,3,129.07908,ethiopia,draw_79
Male,0.9830130123531303,3,129.07908,ethiopia,draw_79
Female,0.9874628739413077,2,129.18919,ethiopia,draw_79
Male,0.9867359769552385,2,129.18919,ethiopia,draw_79
Female,0.9850274094384789,3,129.18919,ethiopia,draw_79
Male,0.983366959511729,3,129.18919,ethiopia,draw_79
Female,0.987806703238248,2,129.2993,ethiopia,draw_79
Male,0.9871538614705326,2,129.2993,ethiopia,draw_79
Female,0.9853878039491173,3,129.2993,ethiopia,draw_79
Male,0.9837307461466643,3,129.2993,ethiopia,draw_79
Female,0.9881598761696985,2,129.40941,ethiopia,draw_79
Male,0.9875807062402617,2,129.40941,ethiopia,draw_79
Female,0.9857589412112,3,129.40941,ethiopia,draw_79
Male,0.9841040606486712,3,129.40941,ethiopia,draw_79
Female,0.9885230208888461,2,129.51952,ethiopia,draw_79
Male,0.9880187799222857,2,129.51952,ethiopia,draw_79
Female,0.9861417373872987,3,129.51952,ethiopia,draw_79
Male,0.984488740076777,3,129.51952,ethiopia,draw_79
Female,0.9888948198394507,2,129.62963,ethiopia,draw_79
Male,0.9884676998678982,2,129.62963,ethiopia,draw_79
Female,0.9865351945679566,3,129.62963,ethiopia,draw_79
Male,0.9848845093836628,3,129.62963,ethiopia,draw_79
Female,0.9892768614658796,2,129.73974,ethiopia,draw_79
Male,0.9889260052318763,2,129.73974,ethiopia,draw_79
Female,0.986940063783094,3,129.73974,ethiopia,draw_79
Male,0.9852900502361609,3,129.73974,ethiopia,draw_79
Female,0.9896670995676272,2,129.84985,ethiopia,draw_79
Male,0.9893939759686535,2,129.84985,ethiopia,draw_79
Female,0.9873549097587033,3,129.84985,ethiopia,draw_79
Male,0.9857055292262841,3,129.84985,ethiopia,draw_79
Female,0.990066001780488,2,129.95996,ethiopia,draw_79
Male,0.9898713999820282,2,129.95996,ethiopia,draw_79
Female,0.9877800937137174,3,129.95996,ethiopia,draw_79
Male,0.9861308762898757,3,129.95996,ethiopia,draw_79
Female,0.990474062470322,2,130.07007,ethiopia,draw_79
Male,0.9903587572849992,2,130.07007,ethiopia,draw_79
Female,0.9882159615082109,3,130.07007,ethiopia,draw_79
Male,0.9865663882598755,3,130.07007,ethiopia,draw_79
Female,0.9908908959940415,2,130.18018,ethiopia,draw_79
Male,0.9908560256821736,2,130.18018,ethiopia,draw_79
Female,0.9886623309849792,3,130.18018,ethiopia,draw_79
Male,0.9870121461170583,3,130.18018,ethiopia,draw_79
Female,0.9913180009880685,2,130.29029,ethiopia,draw_79
Male,0.9913640848370049,2,130.29029,ethiopia,draw_79
Female,0.9891211000438974,3,130.29029,ethiopia,draw_79
Male,0.9874695729856818,3,130.29029,ethiopia,draw_79
Female,0.991754370566609,2,130.4004,ethiopia,draw_79
Male,0.991882059482031,2,130.4004,ethiopia,draw_79
Female,0.9895907427765103,3,130.4004,ethiopia,draw_79
Male,0.9879372529340478,3,130.4004,ethiopia,draw_79
Female,0.9922001384160157,2,130.51051,ethiopia,draw_79
Male,0.9924097581681204,2,130.51051,ethiopia,draw_79
Female,0.9900713350697025,3,130.51051,ethiopia,draw_79
Male,0.9884150685687342,3,130.51051,ethiopia,draw_79
Female,0.9926543765474973,2,130.62062,ethiopia,draw_79
Male,0.9929466753851889,2,130.62062,ethiopia,draw_79
Female,0.990562084141569,3,130.62062,ethiopia,draw_79
Male,0.9889025626206775,3,130.62062,ethiopia,draw_79
Female,0.9931167357738335,2,130.73073,ethiopia,draw_79
Male,0.9934919978980188,2,130.73073,ethiopia,draw_79
Female,0.9910624595491891,3,130.73073,ethiopia,draw_79
Male,0.9893990275750458,3,130.73073,ethiopia,draw_79
Female,0.993585570611917,2,130.84084,ethiopia,draw_79
Male,0.9940455072883789,2,130.84084,ethiopia,draw_79
Female,0.9915710619779509,3,130.84084,ethiopia,draw_79
Male,0.9899040853309086,3,130.84084,ethiopia,draw_79
Female,0.9940632920337726,2,130.95095,ethiopia,draw_79
Male,0.9946072667741435,2,130.95095,ethiopia,draw_79
Female,0.9920900443503443,3,130.95095,ethiopia,draw_79
Male,0.9904183078095208,3,130.95095,ethiopia,draw_79
Female,0.9945488036912008,2,131.06106,ethiopia,draw_79
Male,0.9951774039400781,2,131.06106,ethiopia,draw_79
Female,0.9926185484101016,3,131.06106,ethiopia,draw_79
Male,0.9909416289622973,3,131.06106,ethiopia,draw_79
Female,0.9950424487565493,2,131.17117,ethiopia,draw_79
Male,0.9957556336553213,2,131.17117,ethiopia,draw_79
Female,0.9931565414740872,3,131.17117,ethiopia,draw_79
Male,0.991473541320544,3,131.17117,ethiopia,draw_79
Female,0.9955433298064728,2,131.28128,ethiopia,draw_79
Male,0.9963421370661458,2,131.28128,ethiopia,draw_79
Female,0.9937033841253937,3,131.28128,ethiopia,draw_79
Male,0.9920141587993764,3,131.28128,ethiopia,draw_79
Female,0.996052393896713,2,131.39139,ethiopia,draw_79
Male,0.9969366502698093,2,131.39139,ethiopia,draw_79
Female,0.9942596926588586,3,131.39139,ethiopia,draw_79
Male,0.9925633780656665,3,131.39139,ethiopia,draw_79
Female,0.9965688855375511,2,131.5015,ethiopia,draw_79
Male,0.9975384308710221,2,131.5015,ethiopia,draw_79
Female,0.9948249469447462,3,131.5015,ethiopia,draw_79
Male,0.9931207722188611,3,131.5015,ethiopia,draw_79
Female,0.9970936142616583,2,131.61161,ethiopia,draw_79
Male,0.9981483914114089,2,131.61161,ethiopia,draw_79
Female,0.9953998419820363,3,131.61161,ethiopia,draw_79
Male,0.9936869587247342,3,131.61161,ethiopia,draw_79
Female,0.9976269118224421,2,131.72172,ethiopia,draw_79
Male,0.9987687426768238,2,131.72172,ethiopia,draw_79
Female,0.9959852386514184,3,131.72172,ethiopia,draw_79
Male,0.9942639159477378,3,131.72172,ethiopia,draw_79
Female,0.9981695160045256,2,131.83183,ethiopia,draw_79
Male,0.9993963673315954,2,131.83183,ethiopia,draw_79
Female,0.9965809511361073,3,131.83183,ethiopia,draw_79
Male,0.9948490818077302,3,131.83183,ethiopia,draw_79
Female,0.9987194374845977,2,131.94194,ethiopia,draw_79
Male,1.0000328669858436,2,131.94194,ethiopia,draw_79
Female,0.9971855108345286,3,131.94194,ethiopia,draw_79
Male,0.9954434447854695,3,131.94194,ethiopia,draw_79
Female,0.9992773219094824,2,132.05205,ethiopia,draw_79
Male,1.0006771823567546,2,132.05205,ethiopia,draw_79
Female,0.9977994588997148,3,132.05205,ethiopia,draw_79
Male,0.9960464001058106,3,132.05205,ethiopia,draw_79
Female,0.9998434531148116,2,132.16216,ethiopia,draw_79
Male,1.0013296388941435,2,132.16216,ethiopia,draw_79
Female,0.9984228872964386,3,132.16216,ethiopia,draw_79
Male,0.9966580325286809,3,132.16216,ethiopia,draw_79
Female,1.000416820039673,2,132.27227,ethiopia,draw_79
Male,1.001989901513581,2,132.27227,ethiopia,draw_79
Female,0.9990549114800911,3,132.27227,ethiopia,draw_79
Male,0.997277921243585,3,132.27227,ethiopia,draw_79
Female,1.0009975075546875,2,132.38238,ethiopia,draw_79
Male,1.0026574987718886,2,132.38238,ethiopia,draw_79
Female,0.9996953817158388,3,132.38238,ethiopia,draw_79
Male,0.9979055534429921,3,132.38238,ethiopia,draw_79
Female,1.0015841949707749,2,132.49249,ethiopia,draw_79
Male,1.0033315861267365,2,132.49249,ethiopia,draw_79
Female,1.0003429345879142,3,132.49249,ethiopia,draw_79
Male,0.9985399508631051,3,132.49249,ethiopia,draw_79
Female,1.002176559147257,2,132.6026,ethiopia,draw_79
Male,1.004010439506399,2,132.6026,ethiopia,draw_79
Female,1.0009969711937243,3,132.6026,ethiopia,draw_79
Male,0.9991797871269829,3,132.6026,ethiopia,draw_79
Female,1.0027750164369214,2,132.71271,ethiopia,draw_79
Male,1.0046956386187784,2,132.71271,ethiopia,draw_79
Female,1.0016577259126964,3,132.71271,ethiopia,draw_79
Male,0.9998259591987168,3,132.71271,ethiopia,draw_79
Female,1.0033786102184794,2,132.82282,ethiopia,draw_79
Male,1.005386409930921,2,132.82282,ethiopia,draw_79
Female,1.0023245588168916,3,132.82282,ethiopia,draw_79
Male,1.0004779643403015,3,132.82282,ethiopia,draw_79
Female,1.0039877671788389,2,132.93293,ethiopia,draw_79
Male,1.0060823566378057,2,132.93293,ethiopia,draw_79
Female,1.0029978039184917,3,132.93293,ethiopia,draw_79
Male,1.0011355706316158,3,132.93293,ethiopia,draw_79
Female,1.0046035401409923,2,133.04304,ethiopia,draw_79
Male,1.0067848978834804,2,133.04304,ethiopia,draw_79
Female,1.0036783326014083,3,133.04304,ethiopia,draw_79
Male,1.0017997746165577,3,133.04304,ethiopia,draw_79
Female,1.0052251516300643,2,133.15315,ethiopia,draw_79
Male,1.0074939109780945,2,133.15315,ethiopia,draw_79
Female,1.0043659338298745,3,133.15315,ethiopia,draw_79
Male,1.0024709131637934,3,133.15315,ethiopia,draw_79
Female,1.00585311384765,2,133.26326,ethiopia,draw_79
Male,1.008208655870425,2,133.26326,ethiopia,draw_79
Female,1.0050605121897722,3,133.26326,ethiopia,draw_79
Male,1.003148101577426,3,133.26326,ethiopia,draw_79
Female,1.0064873047759992,2,133.37337,ethiopia,draw_79
Male,1.0089296639779421,2,133.37337,ethiopia,draw_79
Female,1.005761920564508,3,133.37337,ethiopia,draw_79
Male,1.0038316016983082,3,133.37337,ethiopia,draw_79
Female,1.0071267223139444,2,133.48348,ethiopia,draw_79
Male,1.0096561617506625,2,133.48348,ethiopia,draw_79
Female,1.0064695152188023,3,133.48348,ethiopia,draw_79
Male,1.0045209657033243,3,133.48348,ethiopia,draw_79
Female,1.0077724988353312,2,133.59359,ethiopia,draw_79
Male,1.0103894938158064,2,133.59359,ethiopia,draw_79
Female,1.0071842090295078,3,133.59359,ethiopia,draw_79
Male,1.0052170497610773,3,133.59359,ethiopia,draw_79
Female,1.0084245155493634,2,133.7037,ethiopia,draw_79
Male,1.0111281463242274,2,133.7037,ethiopia,draw_79
Female,1.0079059254192728,3,133.7037,ethiopia,draw_79
Male,1.0059189347970585,3,133.7037,ethiopia,draw_79
Female,1.0090832129867267,2,133.81381,ethiopia,draw_79
Male,1.0118744592637177,2,133.81381,ethiopia,draw_79
Female,1.0086353610801226,3,133.81381,ethiopia,draw_79
Male,1.006628470047987,3,133.81381,ethiopia,draw_79
Female,1.0097478346491968,2,133.92392,ethiopia,draw_79
Male,1.012626918839036,2,133.92392,ethiopia,draw_79
Female,1.0093718648991905,3,133.92392,ethiopia,draw_79
Male,1.007344467083892,3,133.92392,ethiopia,draw_79
Female,1.0104188986255191,2,134.03403,ethiopia,draw_79
Male,1.013385451364175,2,134.03403,ethiopia,draw_79
Female,1.0101154686643943,3,134.03403,ethiopia,draw_79
Male,1.0080666900502655,3,134.03403,ethiopia,draw_79
Female,1.0110963583979706,2,134.14414,ethiopia,draw_79
Male,1.0141503214195566,2,134.14414,ethiopia,draw_79
Female,1.0108661624239952,3,134.14414,ethiopia,draw_79
Male,1.0087954390486205,3,134.14414,ethiopia,draw_79
Female,1.0117797045894779,2,134.25425,ethiopia,draw_79
Male,1.014921162863421,2,134.25425,ethiopia,draw_79
Female,1.0116236773043445,3,134.25425,ethiopia,draw_79
Male,1.009530475968011,3,134.25425,ethiopia,draw_79
Female,1.0124700559631563,2,134.36436,ethiopia,draw_79
Male,1.0156990662529515,2,134.36436,ethiopia,draw_79
Female,1.0123887552795956,3,134.36436,ethiopia,draw_79
Male,1.0102723464924452,3,134.36436,ethiopia,draw_79
Female,1.0131668513272754,2,134.47447,ethiopia,draw_79
Male,1.0164834247828016,2,134.47447,ethiopia,draw_79
Female,1.013161011787459,3,134.47447,ethiopia,draw_79
Male,1.0110208120101243,3,134.47447,ethiopia,draw_79
Female,1.0138716601046924,2,134.58458,ethiopia,draw_79
Male,1.0172755045109596,2,134.58458,ethiopia,draw_79
Female,1.0139419673354524,3,134.58458,ethiopia,draw_79
Male,1.0117771520915502,3,134.58458,ethiopia,draw_79
Female,1.014582278582508,2,134.69469,ethiopia,draw_79
Male,1.018073620767022,2,134.69469,ethiopia,draw_79
Female,1.014729575361735,3,134.69469,ethiopia,draw_79
Male,1.012539790020369,3,134.69469,ethiopia,draw_79
Female,1.015299864006604,2,134.8048,ethiopia,draw_79
Male,1.018878689576462,2,134.8048,ethiopia,draw_79
Female,1.0155247949986583,3,134.8048,ethiopia,draw_79
Male,1.0133092696632815,3,134.8048,ethiopia,draw_79
Female,1.0160244801209093,2,134.91491,ethiopia,draw_79
Male,1.019690093008396,2,134.91491,ethiopia,draw_79
Female,1.0163275891727657,3,134.91491,ethiopia,draw_79
Male,1.0140852456078382,3,134.91491,ethiopia,draw_79
Female,1.0167556451380912,2,135.02503,ethiopia,draw_79
Male,1.0205090318253143,2,135.02503,ethiopia,draw_79
Female,1.0171376925000424,3,135.02503,ethiopia,draw_79
Male,1.0148683487259265,3,135.02503,ethiopia,draw_79
Female,1.0172747615533617,2,135.13514,ethiopia,draw_79
Male,1.0211123095225179,2,135.13514,ethiopia,draw_79
Female,1.0176940896381148,3,135.13514,ethiopia,draw_79
Male,1.0154198939872516,3,135.13514,ethiopia,draw_79
Female,1.0175304041020652,2,135.24525,ethiopia,draw_79
Male,1.0214489648541702,2,135.24525,ethiopia,draw_79
Female,1.0179355925446345,3,135.24525,ethiopia,draw_79
Male,1.0156847519488355,3,135.24525,ethiopia,draw_79
Female,1.0177860665478569,2,135.35536,ethiopia,draw_79
Male,1.0217855410673797,2,135.35536,ethiopia,draw_79
Female,1.0181776326323868,3,135.35536,ethiopia,draw_79
Male,1.0159501844357706,3,135.35536,ethiopia,draw_79
Female,1.018043033975354,2,135.46547,ethiopia,draw_79
Male,1.0221224532847426,2,135.46547,ethiopia,draw_79
Female,1.0184210826987792,3,135.46547,ethiopia,draw_79
Male,1.016216390332329,3,135.46547,ethiopia,draw_79
Female,1.0183002677119872,2,135.57558,ethiopia,draw_79
Male,1.0224610843777127,2,135.57558,ethiopia,draw_79
Female,1.018665205359957,3,135.57558,ethiopia,draw_79
Male,1.0164841847116695,3,135.57558,ethiopia,draw_79
Female,1.0185583600960502,2,135.68569,ethiopia,draw_79
Male,1.0227984128572336,2,135.68569,ethiopia,draw_79
Female,1.018910407916494,3,135.68569,ethiopia,draw_79
Male,1.0167518233679527,3,135.68569,ethiopia,draw_79
Female,1.018816193329227,2,135.7958,ethiopia,draw_79
Male,1.0231366209482156,2,135.7958,ethiopia,draw_79
Female,1.01915585647243,3,135.7958,ethiopia,draw_79
Male,1.0170205680431204,3,135.7958,ethiopia,draw_79
Female,1.0190745863967248,2,135.90591,ethiopia,draw_79
Male,1.0234748581488233,2,135.90591,ethiopia,draw_79
Female,1.0194022088059949,3,135.90591,ethiopia,draw_79
Male,1.0172899598272098,3,135.90591,ethiopia,draw_79
Female,1.0193331750202426,2,136.01602,ethiopia,draw_79
Male,1.0238133033357664,2,136.01602,ethiopia,draw_79
Female,1.0196492865830948,3,136.01602,ethiopia,draw_79
Male,1.017560185506907,3,136.01602,ethiopia,draw_79
Female,1.019592106565081,2,136.12613,ethiopia,draw_79
Male,1.0241505701283986,2,136.12613,ethiopia,draw_79
Female,1.0198971019013199,3,136.12613,ethiopia,draw_79
Male,1.0178303216594131,3,136.12613,ethiopia,draw_79
Female,1.019850679315537,2,136.23624,ethiopia,draw_79
Male,1.0244879941259444,2,136.23624,ethiopia,draw_79
Female,1.020145157481363,3,136.23624,ethiopia,draw_79
Male,1.018101146127277,3,136.23624,ethiopia,draw_79
Female,1.0201096380386494,2,136.34635,ethiopia,draw_79
Male,1.0248255356226732,2,136.34635,ethiopia,draw_79
Female,1.0203939633761394,3,136.34635,ethiopia,draw_79
Male,1.0183726307087129,3,136.34635,ethiopia,draw_79
Female,1.0203681367331883,2,136.45646,ethiopia,draw_79
Male,1.025163214184741,2,136.45646,ethiopia,draw_79
Female,1.0206429255991762,3,136.45646,ethiopia,draw_79
Male,1.018644797767987,3,136.45646,ethiopia,draw_79
Female,1.0206271182557245,2,136.56657,ethiopia,draw_79
Male,1.0254998914148676,2,136.56657,ethiopia,draw_79
Female,1.0208927365321765,3,136.56657,ethiopia,draw_79
Male,1.018916988886555,3,136.56657,ethiopia,draw_79
Female,1.0208867663389747,2,136.67668,ethiopia,draw_79
Male,1.0258368948674943,2,136.67668,ethiopia,draw_79
Female,1.0211435994177938,3,136.67668,ethiopia,draw_79
Male,1.019190072877693,3,136.67668,ethiopia,draw_79
Female,1.0211460547028608,2,136.78679,ethiopia,draw_79
Male,1.0261741111676934,2,136.78679,ethiopia,draw_79
Female,1.0213947380459742,3,136.78679,ethiopia,draw_79
Male,1.0194639137795527,3,136.78679,ethiopia,draw_79
Female,1.0214054331922175,2,136.8969,ethiopia,draw_79
Male,1.0265105352614934,2,136.8969,ethiopia,draw_79
Female,1.0216464526354174,3,136.8969,ethiopia,draw_79
Male,1.0197379015907118,3,136.8969,ethiopia,draw_79
Female,1.0216648020795358,2,137.00701,ethiopia,draw_79
Male,1.0268466850594307,2,137.00701,ethiopia,draw_79
Female,1.0218986756071435,3,137.00701,ethiopia,draw_79
Male,1.0200123396045913,3,137.00701,ethiopia,draw_79
Female,1.0219242078645623,2,137.11712,ethiopia,draw_79
Male,1.027183044788242,2,137.11712,ethiopia,draw_79
Female,1.0221514197035664,3,137.11712,ethiopia,draw_79
Male,1.0202875263189302,3,137.11712,ethiopia,draw_79
Female,1.0221838718300669,2,137.22723,ethiopia,draw_79
Male,1.0275183881699326,2,137.22723,ethiopia,draw_79
Female,1.0224048555685794,3,137.22723,ethiopia,draw_79
Male,1.0205627658067677,3,137.22723,ethiopia,draw_79
Female,1.0224440093000142,2,137.33734,ethiopia,draw_79
Male,1.0278542761422067,2,137.33734,ethiopia,draw_79
Female,1.022659182436626,3,137.33734,ethiopia,draw_79
Male,1.0208389604252817,3,137.33734,ethiopia,draw_79
Female,1.0227038429843458,2,137.44745,ethiopia,draw_79
Male,1.02819019219299,2,137.44745,ethiopia,draw_79
Female,1.0229139100921043,3,137.44745,ethiopia,draw_79
Male,1.0211158816533008,3,137.44745,ethiopia,draw_79
Female,1.0229639800546853,2,137.55756,ethiopia,draw_79
Male,1.0285256318148213,2,137.55756,ethiopia,draw_79
Female,1.0231693492220022,3,137.55756,ethiopia,draw_79
Male,1.0213931353461496,3,137.55756,ethiopia,draw_79
Female,1.0232236430954749,2,137.66767,ethiopia,draw_79
Male,1.02886064911344,2,137.66767,ethiopia,draw_79
Female,1.0234249439488898,3,137.66767,ethiopia,draw_79
Male,1.0216707492002481,3,137.66767,ethiopia,draw_79
Female,1.0234840648630927,2,137.77778,ethiopia,draw_79
Male,1.0291950536881271,2,137.77778,ethiopia,draw_79
Female,1.0236815884486412,3,137.77778,ethiopia,draw_79
Male,1.0219486124759238,3,137.77778,ethiopia,draw_79
Female,1.023744327644461,2,137.88789,ethiopia,draw_79
Male,1.0295298964831088,2,137.88789,ethiopia,draw_79
Female,1.0239386098786196,3,137.88789,ethiopia,draw_79
Male,1.0222273306152243,3,137.88789,ethiopia,draw_79
Female,1.0240043944892634,2,137.998,ethiopia,draw_79
Male,1.0298641923538416,2,137.998,ethiopia,draw_79
Female,1.024195980765552,3,137.998,ethiopia,draw_79
Male,1.0225063437309643,3,137.998,ethiopia,draw_79
Female,1.024264911131151,2,138.10811,ethiopia,draw_79
Male,1.030198697238487,2,138.10811,ethiopia,draw_79
Female,1.0244542686957807,3,138.10811,ethiopia,draw_79
Male,1.0227862028575039,3,138.10811,ethiopia,draw_79
Female,1.024525600123431,2,138.21822,ethiopia,draw_79
Male,1.030532964993388,2,138.21822,ethiopia,draw_79
Female,1.0247132249781983,3,138.21822,ethiopia,draw_79
Male,1.023066570217877,3,138.21822,ethiopia,draw_79
Female,1.024785969476275,2,138.32833,ethiopia,draw_79
Male,1.0308659932418238,2,138.32833,ethiopia,draw_79
Female,1.0249724561752482,3,138.32833,ethiopia,draw_79
Male,1.0233468457586548,3,138.32833,ethiopia,draw_79
Female,1.0250466040135466,2,138.43844,ethiopia,draw_79
Male,1.0311994762089811,2,138.43844,ethiopia,draw_79
Female,1.0252323695444705,3,138.43844,ethiopia,draw_79
Male,1.023627994751988,3,138.43844,ethiopia,draw_79
Female,1.0253071403913288,2,138.54855,ethiopia,draw_79
Male,1.0315324756971762,2,138.54855,ethiopia,draw_79
Female,1.0254927033528904,3,138.54855,ethiopia,draw_79
Male,1.0239094950577636,3,138.54855,ethiopia,draw_79
Female,1.0255677442906732,2,138.65866,ethiopia,draw_79
Male,1.0318656030579922,2,138.65866,ethiopia,draw_79
Female,1.0257535858177693,3,138.65866,ethiopia,draw_79
Male,1.024191696168428,3,138.65866,ethiopia,draw_79
Female,1.0258291031620617,2,138.76877,ethiopia,draw_79
Male,1.0321982841788875,2,138.76877,ethiopia,draw_79
Female,1.0260155657312764,3,138.76877,ethiopia,draw_79
Male,1.024474305570284,3,138.76877,ethiopia,draw_79
Female,1.026090218648856,2,138.87888,ethiopia,draw_79
Male,1.0325304002291906,2,138.87888,ethiopia,draw_79
Female,1.0262779528113584,3,138.87888,ethiopia,draw_79
Male,1.0247573048599703,3,138.87888,ethiopia,draw_79
Female,1.0263512199371776,2,138.98899,ethiopia,draw_79
Male,1.0328627576259135,2,138.98899,ethiopia,draw_79
Female,1.0265407515830092,3,138.98899,ethiopia,draw_79
Male,1.02504106672183,3,138.98899,ethiopia,draw_79
Female,1.026612065586551,2,139.0991,ethiopia,draw_79
Male,1.0331945092099424,2,139.0991,ethiopia,draw_79
Female,1.0268039495567742,3,139.0991,ethiopia,draw_79
Male,1.0253251001016341,3,139.0991,ethiopia,draw_79
Female,1.026872853392954,2,139.20921,ethiopia,draw_79
Male,1.033525880745236,2,139.20921,ethiopia,draw_79
Female,1.0270676041885833,3,139.20921,ethiopia,draw_79
Male,1.0256095417728504,3,139.20921,ethiopia,draw_79
Female,1.0271340122012742,2,139.31932,ethiopia,draw_79
Male,1.033856808087483,2,139.31932,ethiopia,draw_79
Female,1.027332009773143,3,139.31932,ethiopia,draw_79
Male,1.0258943554507767,3,139.31932,ethiopia,draw_79
Female,1.0273949076965045,2,139.42943,ethiopia,draw_79
Male,1.034187178006795,2,139.42943,ethiopia,draw_79
Female,1.0275967468633997,3,139.42943,ethiopia,draw_79
Male,1.0261794639761561,3,139.42943,ethiopia,draw_79
Female,1.0276560601579308,2,139.53954,ethiopia,draw_79
Male,1.034517869091198,2,139.53954,ethiopia,draw_79
Female,1.0278622545750844,3,139.53954,ethiopia,draw_79
Male,1.0264654791095795,3,139.53954,ethiopia,draw_79
Female,1.0279178320355857,2,139.64965,ethiopia,draw_79
Male,1.0348488830857527,2,139.64965,ethiopia,draw_79
Female,1.0281287181040906,3,139.64965,ethiopia,draw_79
Male,1.0267523164958108,3,139.64965,ethiopia,draw_79
Female,1.0281786177072743,2,139.75976,ethiopia,draw_79
Male,1.0351783126921583,2,139.75976,ethiopia,draw_79
Female,1.0283949948289794,3,139.75976,ethiopia,draw_79
Male,1.0270388801393615,3,139.75976,ethiopia,draw_79
Female,1.0284400322873695,2,139.86987,ethiopia,draw_79
Male,1.035508164761136,2,139.86987,ethiopia,draw_79
Female,1.0286622231045865,3,139.86987,ethiopia,draw_79
Male,1.02732629733204,3,139.86987,ethiopia,draw_79
Female,1.0287005761369745,2,139.97998,ethiopia,draw_79
Male,1.0358369789308246,2,139.97998,ethiopia,draw_79
Female,1.028929348328561,3,139.97998,ethiopia,draw_79
Male,1.0276137378697696,3,139.97998,ethiopia,draw_79
Female,1.0289618589243026,2,140.09009,ethiopia,draw_79
Male,1.0361663341711458,2,140.09009,ethiopia,draw_79
Female,1.0291974936829194,3,140.09009,ethiopia,draw_79
Male,1.0279021041705831,3,140.09009,ethiopia,draw_79
Female,1.0292230087608618,2,140.2002,ethiopia,draw_79
Male,1.036494089510397,2,140.2002,ethiopia,draw_79
Female,1.0294660896514858,3,140.2002,ethiopia,draw_79
Male,1.0281902306011275,3,140.2002,ethiopia,draw_79
Female,1.0294845924193874,2,140.31031,ethiopia,draw_79
Male,1.0368228926062721,2,140.31031,ethiopia,draw_79
Female,1.0297355754094846,3,140.31031,ethiopia,draw_79
Male,1.0284796634426714,3,140.31031,ethiopia,draw_79
Female,1.029745704475768,2,140.42042,ethiopia,draw_79
Male,1.0371507446925086,2,140.42042,ethiopia,draw_79
Female,1.0300052223014178,3,140.42042,ethiopia,draw_79
Male,1.0287691642414671,3,140.42042,ethiopia,draw_79
Female,1.030007209256373,2,140.53053,ethiopia,draw_79
Male,1.037478138261817,2,140.53053,ethiopia,draw_79
Female,1.0302756278729575,3,140.53053,ethiopia,draw_79
Male,1.029058999325995,3,140.53053,ethiopia,draw_79
Female,1.0302684440856693,2,140.64064,ethiopia,draw_79
Male,1.0378056696370739,2,140.64064,ethiopia,draw_79
Female,1.030546311118009,3,140.64064,ethiopia,draw_79
Male,1.0293495282778966,3,140.64064,ethiopia,draw_79
Female,1.0305295188013857,2,140.75075,ethiopia,draw_79
Male,1.0381322332934282,2,140.75075,ethiopia,draw_79
Female,1.0308173686447328,3,140.75075,ethiopia,draw_79
Male,1.0296401243479543,3,140.75075,ethiopia,draw_79
Female,1.0307908445660174,2,140.86086,ethiopia,draw_79
Male,1.0384582893483614,2,140.86086,ethiopia,draw_79
Female,1.0310890970082662,3,140.86086,ethiopia,draw_79
Male,1.0299310420568286,3,140.86086,ethiopia,draw_79
Female,1.0310523328528463,2,140.97097,ethiopia,draw_79
Male,1.038784761854793,2,140.97097,ethiopia,draw_79
Female,1.03136152850276,3,140.97097,ethiopia,draw_79
Male,1.0302229228747322,3,140.97097,ethiopia,draw_79
Female,1.0313133316577932,2,141.08108,ethiopia,draw_79
Male,1.0391101783731505,2,141.08108,ethiopia,draw_79
Female,1.0316341387846533,3,141.08108,ethiopia,draw_79
Male,1.0305148256081584,3,141.08108,ethiopia,draw_79
Female,1.0315747596060356,2,141.19119,ethiopia,draw_79
Male,1.039436086336181,2,141.19119,ethiopia,draw_79
Female,1.0319075434668963,3,141.19119,ethiopia,draw_79
Male,1.0308075935261942,3,141.19119,ethiopia,draw_79
Female,1.0318363831151551,2,141.3013,ethiopia,draw_79
Male,1.0397606620051314,2,141.3013,ethiopia,draw_79
Female,1.032181571890337,3,141.3013,ethiopia,draw_79
Male,1.0311001891662,3,141.3013,ethiopia,draw_79
Female,1.0320971286182827,2,141.41141,ethiopia,draw_79
Male,1.040085389170217,2,141.41141,ethiopia,draw_79
Female,1.032455471066518,3,141.41141,ethiopia,draw_79
Male,1.031393465300702,3,141.41141,ethiopia,draw_79
Female,1.0323586634140396,2,141.52152,ethiopia,draw_79
Male,1.0404097481205041,2,141.52152,ethiopia,draw_79
Female,1.0327303970840818,3,141.52152,ethiopia,draw_79
Male,1.0316871292774583,3,141.52152,ethiopia,draw_79
Female,1.0326195529874411,2,141.63163,ethiopia,draw_79
Male,1.0407333053541006,2,141.63163,ethiopia,draw_79
Female,1.0330053652461146,3,141.63163,ethiopia,draw_79
Male,1.0319809752326303,3,141.63163,ethiopia,draw_79
Female,1.0328812471328057,2,141.74174,ethiopia,draw_79
Male,1.0410572441080248,2,141.74174,ethiopia,draw_79
Female,1.0332814197025766,3,141.74174,ethiopia,draw_79
Male,1.0322757152709965,3,141.74174,ethiopia,draw_79
Female,1.0331426746091454,2,141.85185,ethiopia,draw_79
Male,1.0413802534822671,2,141.85185,ethiopia,draw_79
Female,1.0335577664553934,3,141.85185,ethiopia,draw_79
Male,1.0325705248566102,3,141.85185,ethiopia,draw_79
Female,1.0334033578356125,2,141.96196,ethiopia,draw_79
Male,1.041703277732275,2,141.96196,ethiopia,draw_79
Female,1.0338340713058582,3,141.96196,ethiopia,draw_79
Male,1.0328659380825063,3,141.96196,ethiopia,draw_79
Female,1.0336647506915944,2,142.07207,ethiopia,draw_79
Male,1.0420250207334965,2,142.07207,ethiopia,draw_79
Female,1.034111347011828,3,142.07207,ethiopia,draw_79
Male,1.033161214613217,3,142.07207,ethiopia,draw_79
Female,1.0339253642380613,2,142.18218,ethiopia,draw_79
Male,1.0423467541193572,2,142.18218,ethiopia,draw_79
Female,1.0343885360563272,3,142.18218,ethiopia,draw_79
Male,1.0334570722986278,3,142.18218,ethiopia,draw_79
Female,1.0341862568483617,2,142.29229,ethiopia,draw_79
Male,1.0426682747320253,2,142.29229,ethiopia,draw_79
Female,1.0346664122018425,3,142.29229,ethiopia,draw_79
Male,1.0337533860751627,3,142.29229,ethiopia,draw_79
Female,1.0344476112943093,2,142.4024,ethiopia,draw_79
Male,1.0429897869738474,2,142.4024,ethiopia,draw_79
Female,1.0349451883785052,3,142.4024,ethiopia,draw_79
Male,1.0340503785324369,3,142.4024,ethiopia,draw_79
Female,1.0347087585059866,2,142.51251,ethiopia,draw_79
Male,1.0433108150991819,2,142.51251,ethiopia,draw_79
Female,1.035224283624521,3,142.51251,ethiopia,draw_79
Male,1.0343476858487173,3,142.51251,ethiopia,draw_79
Female,1.034969879116772,2,142.62262,ethiopia,draw_79
Male,1.0436307031208083,2,142.62262,ethiopia,draw_79
Female,1.0355037919909482,3,142.62262,ethiopia,draw_79
Male,1.0346449189882343,3,142.62262,ethiopia,draw_79
Female,1.0352307609797857,2,142.73273,ethiopia,draw_79
Male,1.043950490778981,2,142.73273,ethiopia,draw_79
Female,1.0357835909130426,3,142.73273,ethiopia,draw_79
Male,1.0349426607111376,3,142.73273,ethiopia,draw_79
Female,1.0354908306493769,2,142.84284,ethiopia,draw_79
Male,1.044269738243386,2,142.84284,ethiopia,draw_79
Female,1.0360632958191816,3,142.84284,ethiopia,draw_79
Male,1.035240642533365,3,142.84284,ethiopia,draw_79
Female,1.0357514509791925,2,142.95295,ethiopia,draw_79
Male,1.0445888824542782,2,142.95295,ethiopia,draw_79
Female,1.0363438352396608,3,142.95295,ethiopia,draw_79
Male,1.0355391307126471,3,142.95295,ethiopia,draw_79
Female,1.0360123863370676,2,143.06306,ethiopia,draw_79
Male,1.0449075173762667,2,143.06306,ethiopia,draw_79
Female,1.0366250945246664,3,143.06306,ethiopia,draw_79
Male,1.0358379593878706,3,143.06306,ethiopia,draw_79
Female,1.036272644935764,2,143.17317,ethiopia,draw_79
Male,1.0452251724337542,2,143.17317,ethiopia,draw_79
Female,1.0369063860899161,3,143.17317,ethiopia,draw_79
Male,1.0361368704714602,3,143.17317,ethiopia,draw_79
Female,1.0365334124555465,2,143.28328,ethiopia,draw_79
Male,1.0455427040114724,2,143.28328,ethiopia,draw_79
Female,1.0371884692842364,3,143.28328,ethiopia,draw_79
Male,1.0364362985002897,3,143.28328,ethiopia,draw_79
Female,1.0367937633455147,2,143.39339,ethiopia,draw_79
Male,1.0458596274184575,2,143.39339,ethiopia,draw_79
Female,1.037470727820972,3,143.39339,ethiopia,draw_79
Male,1.0367359767181243,3,143.39339,ethiopia,draw_79
Female,1.0370538785506183,2,143.5035,ethiopia,draw_79
Male,1.0461758527664489,2,143.5035,ethiopia,draw_79
Female,1.0377532686925732,3,143.5035,ethiopia,draw_79
Male,1.03703582419508,3,143.5035,ethiopia,draw_79
Female,1.037313908987801,2,143.61361,ethiopia,draw_79
Male,1.046491623456922,2,143.61361,ethiopia,draw_79
Female,1.0380361974108063,3,143.61361,ethiopia,draw_79
Male,1.0373359779119762,3,143.61361,ethiopia,draw_79
Female,1.0375738666992265,2,143.72372,ethiopia,draw_79
Male,1.0468068804895445,2,143.72372,ethiopia,draw_79
Female,1.0383195334123985,3,143.72372,ethiopia,draw_79
Male,1.037636418536037,3,143.72372,ethiopia,draw_79
Female,1.0378338734998345,2,143.83383,ethiopia,draw_79
Male,1.0471218623018506,2,143.83383,ethiopia,draw_79
Female,1.0386034392990708,3,143.83383,ethiopia,draw_79
Male,1.0379373767257172,3,143.83383,ethiopia,draw_79
Female,1.0380938422976724,2,143.94394,ethiopia,draw_79
Male,1.0474363338106443,2,143.94394,ethiopia,draw_79
Female,1.038887763092751,3,143.94394,ethiopia,draw_79
Male,1.0382385962550575,3,143.94394,ethiopia,draw_79
Female,1.038353614608182,2,144.05405,ethiopia,draw_79
Male,1.0477506607750495,2,144.05405,ethiopia,draw_79
Female,1.0391723460058373,3,144.05405,ethiopia,draw_79
Male,1.0385402682309164,3,144.05405,ethiopia,draw_79
Female,1.0386132776183346,2,144.16416,ethiopia,draw_79
Male,1.048064172412745,2,144.16416,ethiopia,draw_79
Female,1.039457273891086,3,144.16416,ethiopia,draw_79
Male,1.0388420206102869,3,144.16416,ethiopia,draw_79
Female,1.0388723683051095,2,144.27427,ethiopia,draw_79
Male,1.048376830725134,2,144.27427,ethiopia,draw_79
Female,1.039742238121745,3,144.27427,ethiopia,draw_79
Male,1.0391438423645776,3,144.27427,ethiopia,draw_79
Female,1.0391317489678973,2,144.38438,ethiopia,draw_79
Male,1.0486890118213228,2,144.38438,ethiopia,draw_79
Female,1.0400278430071916,3,144.38438,ethiopia,draw_79
Male,1.0394459278163708,3,144.38438,ethiopia,draw_79
Female,1.0393909369292942,2,144.49449,ethiopia,draw_79
Male,1.0490007950227822,2,144.49449,ethiopia,draw_79
Female,1.0403138024171956,3,144.49449,ethiopia,draw_79
Male,1.0397483657777378,3,144.49449,ethiopia,draw_79
Female,1.0396495873663072,2,144.6046,ethiopia,draw_79
Male,1.04931220598006,2,144.6046,ethiopia,draw_79
Female,1.0405998664506693,3,144.6046,ethiopia,draw_79
Male,1.0400511585228687,3,144.6046,ethiopia,draw_79
Female,1.039908870549769,2,144.71471,ethiopia,draw_79
Male,1.0496231033954457,2,144.71471,ethiopia,draw_79
Female,1.0408867966584283,3,144.71471,ethiopia,draw_79
Male,1.0403541712581996,3,144.71471,ethiopia,draw_79
Female,1.0401674792485271,2,144.82482,ethiopia,draw_79
Male,1.0499334719824547,2,144.82482,ethiopia,draw_79
Female,1.0411736619351952,3,144.82482,ethiopia,draw_79
Male,1.0406573772105274,3,144.82482,ethiopia,draw_79
Female,1.04042599298494,2,144.93493,ethiopia,draw_79
Male,1.050242944643784,2,144.93493,ethiopia,draw_79
Female,1.0414608867050374,3,144.93493,ethiopia,draw_79
Male,1.0409605936390376,3,144.93493,ethiopia,draw_79
Female,1.0406839085387307,2,145.04505,ethiopia,draw_79
Male,1.0505511932737424,2,145.04505,ethiopia,draw_79
Female,1.0417481178987122,3,145.04505,ethiopia,draw_79
Male,1.041263653521929,3,145.04505,ethiopia,draw_79
Female,1.0409419943292926,2,145.15516,ethiopia,draw_79
Male,1.050859496868491,2,145.15516,ethiopia,draw_79
Female,1.0420358861027181,3,145.15516,ethiopia,draw_79
Male,1.0415672539479228,3,145.15516,ethiopia,draw_79
Female,1.0411996243641215,2,145.26527,ethiopia,draw_79
Male,1.0511674266033009,2,145.26527,ethiopia,draw_79
Female,1.0423238229957317,3,145.26527,ethiopia,draw_79
Male,1.0418712654272768,3,145.26527,ethiopia,draw_79
Female,1.041457671936813,2,145.37538,ethiopia,draw_79
Male,1.0514747417669588,2,145.37538,ethiopia,draw_79
Female,1.0426124580245293,3,145.37538,ethiopia,draw_79
Male,1.042175443095307,3,145.37538,ethiopia,draw_79
Female,1.0417152229348394,2,145.48549,ethiopia,draw_79
Male,1.051781494077351,2,145.48549,ethiopia,draw_79
Female,1.0429011510137112,3,145.48549,ethiopia,draw_79
Male,1.0424797847126412,3,145.48549,ethiopia,draw_79
Female,1.0419725786221508,2,145.5956,ethiopia,draw_79
Male,1.052087447325146,2,145.5956,ethiopia,draw_79
Female,1.0431900739198348,3,145.5956,ethiopia,draw_79
Male,1.0427841619968161,3,145.5956,ethiopia,draw_79
Female,1.042229757233927,2,145.70571,ethiopia,draw_79
Male,1.0523926423102996,2,145.70571,ethiopia,draw_79
Female,1.0434792400156192,3,145.70571,ethiopia,draw_79
Male,1.0430885804312475,3,145.70571,ethiopia,draw_79
Female,1.0424866478275043,2,145.81582,ethiopia,draw_79
Male,1.052697250822579,2,145.81582,ethiopia,draw_79
Female,1.0437685777084713,3,145.81582,ethiopia,draw_79
Male,1.0433931609718239,3,145.81582,ethiopia,draw_79
Female,1.0427433340978114,2,145.92593,ethiopia,draw_79
Male,1.053001366068711,2,145.92593,ethiopia,draw_79
Female,1.0440582143094872,3,145.92593,ethiopia,draw_79
Male,1.0436980064168897,3,145.92593,ethiopia,draw_79
Female,1.0430004190929705,2,146.03604,ethiopia,draw_79
Male,1.0533049444492915,2,146.03604,ethiopia,draw_79
Female,1.0443485621303021,3,146.03604,ethiopia,draw_79
Male,1.0440030632881403,3,146.03604,ethiopia,draw_79
Female,1.0432566278396322,2,146.14615,ethiopia,draw_79
Male,1.0536078483402982,2,146.14615,ethiopia,draw_79
Female,1.044638661788294,3,146.14615,ethiopia,draw_79
Male,1.0443082258714984,3,146.14615,ethiopia,draw_79
Female,1.043513096953871,2,146.25626,ethiopia,draw_79
Male,1.0539100929807161,2,146.25626,ethiopia,draw_79
Female,1.0449293223757752,3,146.25626,ethiopia,draw_79
Male,1.0446134978332633,3,146.25626,ethiopia,draw_79
Female,1.043769009339747,2,146.36637,ethiopia,draw_79
Male,1.0542113397643258,2,146.36637,ethiopia,draw_79
Female,1.0452199819641579,3,146.36637,ethiopia,draw_79
Male,1.0449186968029116,3,146.36637,ethiopia,draw_79
Female,1.0440244527067888,2,146.47648,ethiopia,draw_79
Male,1.05451190708463,2,146.47648,ethiopia,draw_79
Female,1.0455106609158369,3,146.47648,ethiopia,draw_79
Male,1.0452239752157795,3,146.47648,ethiopia,draw_79
Female,1.044279571883705,2,146.58659,ethiopia,draw_79
Male,1.0548118637380117,2,146.58659,ethiopia,draw_79
Female,1.045801493795959,3,146.58659,ethiopia,draw_79
Male,1.045529389143415,3,146.58659,ethiopia,draw_79
Female,1.0445346995049283,2,146.6967,ethiopia,draw_79
Male,1.0551113227972253,2,146.6967,ethiopia,draw_79
Female,1.0460927860498208,3,146.6967,ethiopia,draw_79
Male,1.0458350700582453,3,146.6967,ethiopia,draw_79
Female,1.0447895181836417,2,146.80681,ethiopia,draw_79
Male,1.0554101327844196,2,146.80681,ethiopia,draw_79
Female,1.0463842174066253,3,146.80681,ethiopia,draw_79
Male,1.046140833353796,3,146.80681,ethiopia,draw_79
Female,1.0450440669915821,2,146.91692,ethiopia,draw_79
Male,1.0557082792592694,2,146.91692,ethiopia,draw_79
Female,1.0466758187339054,3,146.91692,ethiopia,draw_79
Male,1.0464466603329388,3,146.91692,ethiopia,draw_79
Female,1.0452982495490828,2,147.02703,ethiopia,draw_79
Male,1.0560056758736598,2,147.02703,ethiopia,draw_79
Female,1.0469675427608056,3,147.02703,ethiopia,draw_79
Male,1.046752504512667,3,147.02703,ethiopia,draw_79
Female,1.0455519581338888,2,147.13714,ethiopia,draw_79
Male,1.0563021003656439,2,147.13714,ethiopia,draw_79
Female,1.0472592827867333,3,147.13714,ethiopia,draw_79
Male,1.047058254071305,3,147.13714,ethiopia,draw_79
Female,1.045805457252583,2,147.24725,ethiopia,draw_79
Male,1.056597851083476,2,147.24725,ethiopia,draw_79
Female,1.0475512019493258,3,147.24725,ethiopia,draw_79
Male,1.047364051414282,3,147.24725,ethiopia,draw_79
Female,1.046058787395383,2,147.35736,ethiopia,draw_79
Male,1.0568930638548806,2,147.35736,ethiopia,draw_79
Female,1.0478433815900214,3,147.35736,ethiopia,draw_79
Male,1.0476700246957198,3,147.35736,ethiopia,draw_79
Female,1.0463119353301005,2,147.46747,ethiopia,draw_79
Male,1.057187660747299,2,147.46747,ethiopia,draw_79
Female,1.0481357643228957,3,147.46747,ethiopia,draw_79
Male,1.0479760986569482,3,147.46747,ethiopia,draw_79
Female,1.0465648754690957,2,147.57758,ethiopia,draw_79
Male,1.0574815433323008,2,147.57758,ethiopia,draw_79
Female,1.0484283033224704,3,147.57758,ethiopia,draw_79
Male,1.0482822073455904,3,147.57758,ethiopia,draw_79
Female,1.0468175017129469,2,147.68769,ethiopia,draw_79
Male,1.0577747252833007,2,147.68769,ethiopia,draw_79
Female,1.0487209493908025,3,147.68769,ethiopia,draw_79
Male,1.048588335166623,3,147.68769,ethiopia,draw_79
Female,1.047069752598249,2,147.7978,ethiopia,draw_79
Male,1.0580668731050233,2,147.7978,ethiopia,draw_79
Female,1.0490136591229589,3,147.7978,ethiopia,draw_79
Male,1.048894304903554,3,147.7978,ethiopia,draw_79
Female,1.047321684812973,2,147.90791,ethiopia,draw_79
Male,1.0583581254858172,2,147.90791,ethiopia,draw_79
Female,1.0493064498570044,3,147.90791,ethiopia,draw_79
Male,1.049200168038293,3,147.90791,ethiopia,draw_79
Female,1.047573108583225,2,148.01802,ethiopia,draw_79
Male,1.058648675582937,2,148.01802,ethiopia,draw_79
Female,1.0495991940739084,3,148.01802,ethiopia,draw_79
Male,1.0495060334684754,3,148.01802,ethiopia,draw_79
Female,1.047824343105663,2,148.12813,ethiopia,draw_79
Male,1.0589386792148168,2,148.12813,ethiopia,draw_79
Female,1.0498921606875398,3,148.12813,ethiopia,draw_79
Male,1.0498120700708264,3,148.12813,ethiopia,draw_79
Female,1.0480752127351691,2,148.23824,ethiopia,draw_79
Male,1.0592279586650766,2,148.23824,ethiopia,draw_79
Female,1.0501851604304786,3,148.23824,ethiopia,draw_79
Male,1.050118107862744,3,148.23824,ethiopia,draw_79
Female,1.0483262316606077,2,148.34835,ethiopia,draw_79
Male,1.0595164509199215,2,148.34835,ethiopia,draw_79
Female,1.0504785864876454,3,148.34835,ethiopia,draw_79
Male,1.050424099351366,3,148.34835,ethiopia,draw_79
Female,1.048576561842862,2,148.45846,ethiopia,draw_79
Male,1.0598041718248454,2,148.45846,ethiopia,draw_79
Female,1.050771837408506,3,148.45846,ethiopia,draw_79
Male,1.0507300445592664,3,148.45846,ethiopia,draw_79
Female,1.048826610528705,2,148.56857,ethiopia,draw_79
Male,1.0600907078896311,2,148.56857,ethiopia,draw_79
Female,1.0510651892882878,3,148.56857,ethiopia,draw_79
Male,1.0510357096257077,3,148.56857,ethiopia,draw_79
Female,1.0490759839378734,2,148.67868,ethiopia,draw_79
Male,1.0603764668237288,2,148.67868,ethiopia,draw_79
Female,1.051358329417853,3,148.67868,ethiopia,draw_79
Male,1.0513413132673612,3,148.67868,ethiopia,draw_79
Female,1.0493255623147384,2,148.78879,ethiopia,draw_79
Male,1.0606615456923294,2,148.78879,ethiopia,draw_79
Female,1.0516519204061523,3,148.78879,ethiopia,draw_79
Male,1.0516469731807279,3,148.78879,ethiopia,draw_79
Female,1.0495748332344654,2,148.8989,ethiopia,draw_79
Male,1.0609459476695657,2,148.8989,ethiopia,draw_79
Female,1.0519455748289621,3,148.8989,ethiopia,draw_79
Male,1.0519526394917946,3,148.8989,ethiopia,draw_79
Female,1.0498230613524173,2,149.00901,ethiopia,draw_79
Male,1.0612295329754073,2,149.00901,ethiopia,draw_79
Female,1.0522387874075312,3,149.00901,ethiopia,draw_79
Male,1.0522582074470217,3,149.00901,ethiopia,draw_79
Female,1.0500719997111316,2,149.11912,ethiopia,draw_79
Male,1.06151234215546,2,149.11912,ethiopia,draw_79
Female,1.052532770963383,3,149.11912,ethiopia,draw_79
Male,1.052563703091392,3,149.11912,ethiopia,draw_79
Female,1.0503197218304325,2,149.22923,ethiopia,draw_79
Male,1.0617942291062665,2,149.22923,ethiopia,draw_79
Female,1.052826165354042,3,149.22923,ethiopia,draw_79
Male,1.0528690082921595,3,149.22923,ethiopia,draw_79
Female,1.0505675474885523,2,149.33934,ethiopia,draw_79
Male,1.0620757068818178,2,149.33934,ethiopia,draw_79
Female,1.053119949773004,3,149.33934,ethiopia,draw_79
Male,1.0531744316111302,3,149.33934,ethiopia,draw_79
Female,1.0508145070498778,2,149.44945,ethiopia,draw_79
Male,1.06235567750184,2,149.44945,ethiopia,draw_79
Female,1.0534134215799598,3,149.44945,ethiopia,draw_79
Male,1.0534793500684208,3,149.44945,ethiopia,draw_79
Female,1.0510607087623298,2,149.55956,ethiopia,draw_79
Male,1.0626349451153647,2,149.55956,ethiopia,draw_79
Female,1.0537066899191245,3,149.55956,ethiopia,draw_79
Male,1.0537842462395974,3,149.55956,ethiopia,draw_79
Female,1.0513070796939175,2,149.66967,ethiopia,draw_79
Male,1.062913429385146,2,149.66967,ethiopia,draw_79
Female,1.0540003284623212,3,149.66967,ethiopia,draw_79
Male,1.0540890127390616,3,149.66967,ethiopia,draw_79
Female,1.0515530994803912,2,149.77978,ethiopia,draw_79
Male,1.063191042919643,2,149.77978,ethiopia,draw_79
Female,1.0542939678010348,3,149.77978,ethiopia,draw_79
Male,1.0543936108583274,3,149.77978,ethiopia,draw_79
Female,1.0517987325131148,2,149.88989,ethiopia,draw_79
Male,1.0634677841853153,2,149.88989,ethiopia,draw_79
Female,1.0545875394544,3,149.88989,ethiopia,draw_79
Male,1.0546980346892076,3,149.88989,ethiopia,draw_79
Female,1.0520440993331333,2,150.0,ethiopia,draw_79
Male,1.0637433829501766,2,150.0,ethiopia,draw_79
Female,1.0548811303916117,3,150.0,ethiopia,draw_79
Male,1.0550021342472893,3,150.0,ethiopia,draw_79
Female,2.409656309870299,2,40.0,nigeria,draw_79
Male,2.265318051323617,2,40.0,nigeria,draw_79
Female,2.0890780571822645,3,40.0,nigeria,draw_79
Male,1.958018159525221,3,40.0,nigeria,draw_79
Female,2.4053545589102323,2,40.11011,nigeria,draw_79
Male,2.2616696993416463,2,40.11011,nigeria,draw_79
Female,2.0864225153981852,3,40.11011,nigeria,draw_79
Male,1.9556777405876413,3,40.11011,nigeria,draw_79
Female,2.401063982714934,2,40.22022,nigeria,draw_79
Male,2.258029871535246,2,40.22022,nigeria,draw_79
Female,2.083771629780337,3,40.22022,nigeria,draw_79
Male,1.9533415538858223,3,40.22022,nigeria,draw_79
Female,2.3967833184694136,2,40.33033,nigeria,draw_79
Male,2.254398564783643,2,40.33033,nigeria,draw_79
Female,2.0811248864222978,3,40.33033,nigeria,draw_79
Male,1.9510095654283846,3,40.33033,nigeria,draw_79
Female,2.3925151944267298,2,40.44044,nigeria,draw_79
Male,2.250774964218422,2,40.44044,nigeria,draw_79
Female,2.078483593457952,3,40.44044,nigeria,draw_79
Male,1.9486813656599518,3,40.44044,nigeria,draw_79
Female,2.388257572189148,2,40.55055,nigeria,draw_79
Male,2.247159566339597,2,40.55055,nigeria,draw_79
Female,2.075846870420157,3,40.55055,nigeria,draw_79
Male,1.9463570185035897,3,40.55055,nigeria,draw_79
Female,2.3840118006849127,2,40.66066,nigeria,draw_79
Male,2.2435538398383494,2,40.66066,nigeria,draw_79
Female,2.0732152784178712,3,40.66066,nigeria,draw_79
Male,1.9440374592470748,3,40.66066,nigeria,draw_79
Female,2.3797774568873504,2,40.77077,nigeria,draw_79
Male,2.2399561966867703,2,40.77077,nigeria,draw_79
Female,2.07058863277802,3,40.77077,nigeria,draw_79
Male,1.9417218305736101,3,40.77077,nigeria,draw_79
Female,2.3755553551977258,2,40.88088,nigeria,draw_79
Male,2.236366901788607,2,40.88088,nigeria,draw_79
Female,2.0679672470575716,3,40.88088,nigeria,draw_79
Male,1.9394104432657817,3,40.88088,nigeria,draw_79
Female,2.3713422346593345,2,40.99099,nigeria,draw_79
Male,2.232786504827613,2,40.99099,nigeria,draw_79
Female,2.0653495654562786,3,40.99099,nigeria,draw_79
Male,1.9371035300898005,3,40.99099,nigeria,draw_79
Female,2.367142440875534,2,41.1011,nigeria,draw_79
Male,2.2292148576836337,2,41.1011,nigeria,draw_79
Female,2.062737492504183,3,41.1011,nigeria,draw_79
Male,1.934800955952879,3,41.1011,nigeria,draw_79
Female,2.362952924323146,2,41.21121,nigeria,draw_79
Male,2.2256512374973156,2,41.21121,nigeria,draw_79
Female,2.060129744710935,3,41.21121,nigeria,draw_79
Male,1.9325020748401247,3,41.21121,nigeria,draw_79
Female,2.3587751656839155,2,41.32132,nigeria,draw_79
Male,2.2220954060163356,2,41.32132,nigeria,draw_79
Female,2.057527062192854,3,41.32132,nigeria,draw_79
Male,1.930207124283221,3,41.32132,nigeria,draw_79
Female,2.3546094785019682,2,41.43143,nigeria,draw_79
Male,2.2185487608839365,2,41.43143,nigeria,draw_79
Female,2.054929582337707,3,41.43143,nigeria,draw_79
Male,1.9279168226575383,3,41.43143,nigeria,draw_79
Female,2.35045336683559,2,41.54154,nigeria,draw_79
Male,2.2150102427694485,2,41.54154,nigeria,draw_79
Female,2.0523361660919255,3,41.54154,nigeria,draw_79
Male,1.9256305083750056,3,41.54154,nigeria,draw_79
Female,2.346309219102718,2,41.65165,nigeria,draw_79
Male,2.2114798366015216,2,41.65165,nigeria,draw_79
Female,2.049747771500861,3,41.65165,nigeria,draw_79
Male,1.9233480744014937,3,41.65165,nigeria,draw_79
Female,2.342174181471035,2,41.76176,nigeria,draw_79
Male,2.2079579842129804,2,41.76176,nigeria,draw_79
Female,2.0471632539074087,3,41.76176,nigeria,draw_79
Male,1.9210699224332681,3,41.76176,nigeria,draw_79
Female,2.338052627771343,2,41.87187,nigeria,draw_79
Male,2.20444477530731,2,41.87187,nigeria,draw_79
Female,2.0445846157838377,3,41.87187,nigeria,draw_79
Male,1.918796000129056,3,41.87187,nigeria,draw_79
Female,2.333942038790942,2,41.98198,nigeria,draw_79
Male,2.2009395053780993,2,41.98198,nigeria,draw_79
Female,2.042010362524619,3,41.98198,nigeria,draw_79
Male,1.9165258291396252,3,41.98198,nigeria,draw_79
Female,2.3298412561398463,2,42.09209,nigeria,draw_79
Male,2.197443535012868,2,42.09209,nigeria,draw_79
Female,2.039440148420039,3,42.09209,nigeria,draw_79
Male,1.9142600399676526,3,42.09209,nigeria,draw_79
Female,2.32575302055198,2,42.2022,nigeria,draw_79
Male,2.19359801582787,2,42.2022,nigeria,draw_79
Female,2.0368752429827666,3,42.2022,nigeria,draw_79
Male,1.9117621304415002,3,42.2022,nigeria,draw_79
Female,2.3216752796462936,2,42.31231,nigeria,draw_79
Male,2.189280516761178,2,42.31231,nigeria,draw_79
Female,2.034314928175839,3,42.31231,nigeria,draw_79
Male,1.9089507354579116,3,42.31231,nigeria,draw_79
Female,2.317607959872961,2,42.42242,nigeria,draw_79
Male,2.1849761235836196,2,42.42242,nigeria,draw_79
Female,2.03175908064795,3,42.42242,nigeria,draw_79
Male,1.9061457895204363,3,42.42242,nigeria,draw_79
Female,2.313550077208692,2,42.53253,nigeria,draw_79
Male,2.180683778558953,2,42.53253,nigeria,draw_79
Female,2.0292071602475628,3,42.53253,nigeria,draw_79
Male,1.9033470899459892,3,42.53253,nigeria,draw_79
Female,2.3095040778158853,2,42.64264,nigeria,draw_79
Male,2.176403815443921,2,42.64264,nigeria,draw_79
Female,2.026660361964696,3,42.64264,nigeria,draw_79
Male,1.900554642685224,3,42.64264,nigeria,draw_79
Female,2.305468831709166,2,42.75275,nigeria,draw_79
Male,2.172137118623726,2,42.75275,nigeria,draw_79
Female,2.0241183435758754,3,42.75275,nigeria,draw_79
Male,1.8977687637060516,3,42.75275,nigeria,draw_79
Female,2.3014435140592764,2,42.86286,nigeria,draw_79
Male,2.1678837646888987,2,42.86286,nigeria,draw_79
Female,2.0215805882261644,3,42.86286,nigeria,draw_79
Male,1.8949895442601372,3,42.86286,nigeria,draw_79
Female,2.2974307518408588,2,42.97297,nigeria,draw_79
Male,2.1636437441565044,2,42.97297,nigeria,draw_79
Female,2.019048224589766,3,42.97297,nigeria,draw_79
Male,1.8922170356849755,3,42.97297,nigeria,draw_79
Female,2.293427485506777,2,43.08308,nigeria,draw_79
Male,2.159415580698693,2,43.08308,nigeria,draw_79
Female,2.016519776923957,3,43.08308,nigeria,draw_79
Male,1.8894504889105475,3,43.08308,nigeria,draw_79
Female,2.289436172943882,2,43.19319,nigeria,draw_79
Male,2.155200741105225,2,43.19319,nigeria,draw_79
Female,2.0139963511281826,3,43.19319,nigeria,draw_79
Male,1.8866903882863628,3,43.19319,nigeria,draw_79
Female,2.285453336169718,2,43.3033,nigeria,draw_79
Male,2.150997993015118,2,43.3033,nigeria,draw_79
Female,2.0114765794937,3,43.3033,nigeria,draw_79
Male,1.8839361579474116,3,43.3033,nigeria,draw_79
Female,2.28148251943078,2,43.41341,nigeria,draw_79
Male,2.146807832290091,2,43.41341,nigeria,draw_79
Female,2.008961981776713,3,43.41341,nigeria,draw_79
Male,1.881188124069065,3,43.41341,nigeria,draw_79
Female,2.2771012756857965,2,43.52352,nigeria,draw_79
Male,2.142629491938776,2,43.52352,nigeria,draw_79
Female,2.0061780378452103,3,43.52352,nigeria,draw_79
Male,1.8784458532631583,3,43.52352,nigeria,draw_79
Female,2.272141481605131,2,43.63363,nigeria,draw_79
Male,2.13846486819608,2,43.63363,nigeria,draw_79
Female,2.003015389790816,3,43.63363,nigeria,draw_79
Male,1.8757104473414967,3,43.63363,nigeria,draw_79
Female,2.2671983838186005,2,43.74374,nigeria,draw_79
Male,2.134312753695923,2,43.74374,nigeria,draw_79
Female,1.9998601559785705,3,43.74374,nigeria,draw_79
Male,1.8729810411010315,3,43.74374,nigeria,draw_79
Female,2.262272508363156,2,43.85385,nigeria,draw_79
Male,2.130172177091671,2,43.85385,nigeria,draw_79
Female,1.9967126069310104,3,43.85385,nigeria,draw_79
Male,1.8702573527072657,3,43.85385,nigeria,draw_79
Female,2.257362741182439,2,43.96396,nigeria,draw_79
Male,2.1260452432119017,2,43.96396,nigeria,draw_79
Female,1.9935722109849128,3,43.96396,nigeria,draw_79
Male,1.867540460950761,3,43.96396,nigeria,draw_79
Female,2.2524701923368884,2,44.07407,nigeria,draw_79
Male,2.1219291708034542,2,44.07407,nigeria,draw_79
Female,1.9904393488641703,3,44.07407,nigeria,draw_79
Male,1.8648289299696872,3,44.07407,nigeria,draw_79
Female,2.2475935681432095,2,44.18418,nigeria,draw_79
Male,2.1178262402301713,2,44.18418,nigeria,draw_79
Female,1.987313320288827,3,44.18418,nigeria,draw_79
Male,1.862123932338814,3,44.18418,nigeria,draw_79
Female,2.2427331196390283,2,44.29429,nigeria,draw_79
Male,2.1137348221410175,2,44.29429,nigeria,draw_79
Female,1.9841945132425893,3,44.29429,nigeria,draw_79
Male,1.8594248235434914,3,44.29429,nigeria,draw_79
Female,2.2378885211176733,2,44.4044,nigeria,draw_79
Male,2.1096569494435005,2,44.4044,nigeria,draw_79
Female,1.9810827805443003,3,44.4044,nigeria,draw_79
Male,1.8567324219499564,3,44.4044,nigeria,draw_79
Female,2.2330585583551104,2,44.51451,nigeria,draw_79
Male,2.105590286007096,2,44.51451,nigeria,draw_79
Female,1.9779776037091268,3,44.51451,nigeria,draw_79
Male,1.8540452471426334,3,44.51451,nigeria,draw_79
Female,2.2282447145145308,2,44.62462,nigeria,draw_79
Male,2.101535716520462,2,44.62462,nigeria,draw_79
Female,1.9748795601220102,3,44.62462,nigeria,draw_79
Male,1.8513642699605009,3,44.62462,nigeria,draw_79
Female,2.223447738979708,2,44.73473,nigeria,draw_79
Male,2.0974934551814255,2,44.73473,nigeria,draw_79
Female,1.9717890333952401,3,44.73473,nigeria,draw_79
Male,1.8486897920977783,3,44.73473,nigeria,draw_79
Female,2.218665492417431,2,44.84484,nigeria,draw_79
Male,2.093463575575325,2,44.84484,nigeria,draw_79
Female,1.968705121153905,3,44.84484,nigeria,draw_79
Male,1.846021676363609,3,44.84484,nigeria,draw_79
Female,2.213900366524718,2,44.95495,nigeria,draw_79
Male,2.0894450119216597,2,44.95495,nigeria,draw_79
Female,1.9656291532427537,3,44.95495,nigeria,draw_79
Male,1.8433592430448482,3,44.95495,nigeria,draw_79
Female,2.2091497374142937,2,45.06507,nigeria,draw_79
Male,2.085438658527143,2,45.06507,nigeria,draw_79
Female,1.9625596763010609,3,45.06507,nigeria,draw_79
Male,1.840703097974087,3,45.06507,nigeria,draw_79
Female,2.2044153952588608,2,45.17518,nigeria,draw_79
Male,2.0814438890478693,2,45.17518,nigeria,draw_79
Female,1.9594972560483106,3,45.17518,nigeria,draw_79
Male,1.8380532133699128,3,45.17518,nigeria,draw_79
Female,2.199697776588399,2,45.28529,nigeria,draw_79
Male,2.0774605055861484,2,45.28529,nigeria,draw_79
Female,1.9564421219907056,3,45.28529,nigeria,draw_79
Male,1.835409091099427,3,45.28529,nigeria,draw_79
Female,2.1949957938820903,2,45.3954,nigeria,draw_79
Male,2.073488458710494,2,45.3954,nigeria,draw_79
Female,1.9533939513120744,3,45.3954,nigeria,draw_79
Male,1.832770691118452,3,45.3954,nigeria,draw_79
Female,2.190309607689646,2,45.50551,nigeria,draw_79
Male,2.0695279552148085,2,45.50551,nigeria,draw_79
Female,1.9503529049792383,3,45.50551,nigeria,draw_79
Male,1.8301380362350341,3,45.50551,nigeria,draw_79
Female,2.1856412233204714,2,45.61562,nigeria,draw_79
Male,2.0655796388769265,2,45.61562,nigeria,draw_79
Female,1.9473197644295122,3,45.61562,nigeria,draw_79
Male,1.8275116191652363,3,45.61562,nigeria,draw_79
Female,2.1809880293193333,2,45.72573,nigeria,draw_79
Male,2.061642494568308,2,45.72573,nigeria,draw_79
Female,1.9442933785449399,3,45.72573,nigeria,draw_79
Male,1.8248909952788612,3,45.72573,nigeria,draw_79
Female,2.176350870629742,2,45.83584,nigeria,draw_79
Male,2.0577178684538353,2,45.83584,nigeria,draw_79
Female,1.9412742020552713,3,45.83584,nigeria,draw_79
Male,1.8222767484623879,3,45.83584,nigeria,draw_79
Female,2.171729345012894,2,45.94595,nigeria,draw_79
Male,2.0538046324738453,2,45.94595,nigeria,draw_79
Female,1.9382620440121514,3,45.94595,nigeria,draw_79
Male,1.8196682031095548,3,45.94595,nigeria,draw_79
Female,2.167123986341473,2,46.05606,nigeria,draw_79
Male,2.049902196542637,2,46.05606,nigeria,draw_79
Female,1.935257265996482,3,46.05606,nigeria,draw_79
Male,1.817065132780743,3,46.05606,nigeria,draw_79
Female,2.162532176920189,2,46.16617,nigeria,draw_79
Male,2.0460119566390453,2,46.16617,nigeria,draw_79
Female,1.9322585242905488,3,46.16617,nigeria,draw_79
Male,1.8144684593408729,3,46.16617,nigeria,draw_79
Female,2.1579568955251243,2,46.27628,nigeria,draw_79
Male,2.042132410877167,2,46.27628,nigeria,draw_79
Female,1.9292671719105159,3,46.27628,nigeria,draw_79
Male,1.811877093879478,3,46.27628,nigeria,draw_79
Female,2.1533973253325702,2,46.38639,nigeria,draw_79
Male,2.038265475843669,2,46.38639,nigeria,draw_79
Female,1.9262829785397915,3,46.38639,nigeria,draw_79
Male,1.8092921718005817,3,46.38639,nigeria,draw_79
Female,2.1488543510494127,2,46.4965,nigeria,draw_79
Male,2.034410028986896,2,46.4965,nigeria,draw_79
Female,1.9233063752216775,3,46.4965,nigeria,draw_79
Male,1.8067131609134608,3,46.4965,nigeria,draw_79
Female,2.1443264603686134,2,46.60661,nigeria,draw_79
Male,2.0305663338709077,2,46.60661,nigeria,draw_79
Female,1.9203367657319774,3,46.60661,nigeria,draw_79
Male,1.8041402016721275,3,46.60661,nigeria,draw_79
Female,2.139813799084001,2,46.71672,nigeria,draw_79
Male,2.0267337551988165,2,46.71672,nigeria,draw_79
Female,1.917374131944824,3,46.71672,nigeria,draw_79
Male,1.8015729098156357,3,46.71672,nigeria,draw_79
Female,2.13531708301962,2,46.82683,nigeria,draw_79
Male,2.022912163401188,2,46.82683,nigeria,draw_79
Female,1.9144187849526475,3,46.82683,nigeria,draw_79
Male,1.7990116943669412,3,46.82683,nigeria,draw_79
Female,2.130834133181553,2,46.93694,nigeria,draw_79
Male,2.019102259016258,2,46.93694,nigeria,draw_79
Female,1.9114696117909582,3,46.93694,nigeria,draw_79
Male,1.7964565517382358,3,46.93694,nigeria,draw_79
Female,2.126367578952181,2,47.04705,nigeria,draw_79
Male,2.0153046159903645,2,47.04705,nigeria,draw_79
Female,1.9085279032247198,3,47.04705,nigeria,draw_79
Male,1.7939076103065525,3,47.04705,nigeria,draw_79
Female,2.1219147970888033,2,47.15716,nigeria,draw_79
Male,2.011517532445238,2,47.15716,nigeria,draw_79
Female,1.9055922089592658,3,47.15716,nigeria,draw_79
Male,1.7913639954726874,3,47.15716,nigeria,draw_79
Female,2.1174766216668393,2,47.26727,nigeria,draw_79
Male,2.0077414319654823,2,47.26727,nigeria,draw_79
Female,1.9026632474984668,3,47.26727,nigeria,draw_79
Male,1.7888260462261703,3,47.26727,nigeria,draw_79
Female,2.1130534069310456,2,47.37738,nigeria,draw_79
Male,2.0039769597786212,2,47.37738,nigeria,draw_79
Female,1.8997410975620657,3,47.37738,nigeria,draw_79
Male,1.786293872131442,3,47.37738,nigeria,draw_79
Female,2.1086455192941544,2,47.48749,nigeria,draw_79
Male,2.0002240256262263,2,47.48749,nigeria,draw_79
Female,1.8968260896363487,3,47.48749,nigeria,draw_79
Male,1.7837676659414696,3,47.48749,nigeria,draw_79
Female,2.1042521766105633,2,47.5976,nigeria,draw_79
Male,1.9964822664407254,2,47.5976,nigeria,draw_79
Female,1.8939176377727192,3,47.5976,nigeria,draw_79
Male,1.78124721917996,3,47.5976,nigeria,draw_79
Female,2.0998722219490635,2,47.70771,nigeria,draw_79
Male,1.9927536020331238,2,47.70771,nigeria,draw_79
Female,1.8910151449364125,3,47.70771,nigeria,draw_79
Male,1.778733253207666,3,47.70771,nigeria,draw_79
Female,2.0955070253431614,2,47.81782,nigeria,draw_79
Male,1.9890346635174234,2,47.81782,nigeria,draw_79
Female,1.8881193996105416,3,47.81782,nigeria,draw_79
Male,1.7762241189459216,3,47.81782,nigeria,draw_79
Female,2.0911564564926146,2,47.92793,nigeria,draw_79
Male,1.9853276203093304,2,47.92793,nigeria,draw_79
Female,1.8852301111445877,3,47.92793,nigeria,draw_79
Male,1.7737211315622872,3,47.92793,nigeria,draw_79
Female,2.0868210705163737,2,48.03804,nigeria,draw_79
Male,1.9816318059761628,2,48.03804,nigeria,draw_79
Female,1.8823476437812217,3,48.03804,nigeria,draw_79
Male,1.7712238464482448,3,48.03804,nigeria,draw_79
Female,2.0825018351069167,2,48.14815,nigeria,draw_79
Male,1.9779468710991581,2,48.14815,nigeria,draw_79
Female,1.879472376834286,3,48.14815,nigeria,draw_79
Male,1.7687319838936197,3,48.14815,nigeria,draw_79
Female,2.078196024792086,2,48.25826,nigeria,draw_79
Male,1.974272873666768,2,48.25826,nigeria,draw_79
Female,1.876602940127163,3,48.25826,nigeria,draw_79
Male,1.7662457899055537,3,48.25826,nigeria,draw_79
Female,2.0739052911090483,2,48.36837,nigeria,draw_79
Male,1.970609542015213,2,48.36837,nigeria,draw_79
Female,1.8737402202616047,3,48.36837,nigeria,draw_79
Male,1.763765374284977,3,48.36837,nigeria,draw_79
Female,2.0696291147680697,2,48.47848,nigeria,draw_79
Male,1.9669556575780354,2,48.47848,nigeria,draw_79
Female,1.8708842374378585,3,48.47848,nigeria,draw_79
Male,1.7612899402357602,3,48.47848,nigeria,draw_79
Female,2.0653667340967092,2,48.58859,nigeria,draw_79
Male,1.9633130081259034,2,48.58859,nigeria,draw_79
Female,1.8680345080995486,3,48.58859,nigeria,draw_79
Male,1.7588203948596097,3,48.58859,nigeria,draw_79
Female,2.061118787971629,2,48.6987,nigeria,draw_79
Male,1.9596814261329953,2,48.6987,nigeria,draw_79
Female,1.8651913140701073,3,48.6987,nigeria,draw_79
Male,1.7563563719814943,3,48.6987,nigeria,draw_79
Female,2.056886263168145,2,48.80881,nigeria,draw_79
Male,1.9560597105444268,2,48.80881,nigeria,draw_79
Female,1.8623550898149641,3,48.80881,nigeria,draw_79
Male,1.7538970917338637,3,48.80881,nigeria,draw_79
Female,2.052668069869557,2,48.91892,nigeria,draw_79
Male,1.9524497710781392,2,48.91892,nigeria,draw_79
Female,1.8595254525625522,3,48.91892,nigeria,draw_79
Male,1.751443921164791,3,48.91892,nigeria,draw_79
Female,2.048463170119115,2,49.02903,nigeria,draw_79
Male,1.9488497778831764,2,49.02903,nigeria,draw_79
Female,1.8567018280213472,3,49.02903,nigeria,draw_79
Male,1.7489958866491002,3,49.02903,nigeria,draw_79
Female,2.0442738413406083,2,49.13914,nigeria,draw_79
Male,1.9452603930466197,2,49.13914,nigeria,draw_79
Female,1.8538855185777894,3,49.13914,nigeria,draw_79
Male,1.7465533571966165,3,49.13914,nigeria,draw_79
Female,2.0400982023520084,2,49.24925,nigeria,draw_79
Male,1.9416823507798406,2,49.24925,nigeria,draw_79
Female,1.8510755492100035,3,49.24925,nigeria,draw_79
Male,1.7441166445207639,3,49.24925,nigeria,draw_79
Female,2.035936699272273,2,49.35936,nigeria,draw_79
Male,1.9381154467779023,2,49.35936,nigeria,draw_79
Female,1.8482719622405286,3,49.35936,nigeria,draw_79
Male,1.7416856837761903,3,49.35936,nigeria,draw_79
Female,2.0317922548068674,2,49.46947,nigeria,draw_79
Male,1.9345591766644405,2,49.46947,nigeria,draw_79
Female,1.845476322421134,3,49.46947,nigeria,draw_79
Male,1.7392601932213438,3,49.46947,nigeria,draw_79
Female,2.0276597433680728,2,49.57958,nigeria,draw_79
Male,1.9310131160177233,2,49.57958,nigeria,draw_79
Female,1.8426860086965196,3,49.57958,nigeria,draw_79
Male,1.7368397738352126,3,49.57958,nigeria,draw_79
Female,2.0235432862468867,2,49.68969,nigeria,draw_79
Male,1.9274767546499718,2,49.68969,nigeria,draw_79
Female,1.839903078408675,3,49.68969,nigeria,draw_79
Male,1.7344245252156019,3,49.68969,nigeria,draw_79
Female,2.019438471158646,2,49.7998,nigeria,draw_79
Male,1.9239514420130035,2,49.7998,nigeria,draw_79
Female,1.8371254446689722,3,49.7998,nigeria,draw_79
Male,1.732015178240163,3,49.7998,nigeria,draw_79
Female,2.0153471183860785,2,49.90991,nigeria,draw_79
Male,1.9204349216570586,2,49.90991,nigeria,draw_79
Female,1.8343541134711978,3,49.90991,nigeria,draw_79
Male,1.7296104742039533,3,49.90991,nigeria,draw_79
Female,2.011270892841614,2,50.02002,nigeria,draw_79
Male,1.9169295638478758,2,50.02002,nigeria,draw_79
Female,1.8315897965777759,3,50.02002,nigeria,draw_79
Male,1.7272117658144501,3,50.02002,nigeria,draw_79
Female,2.0072070098717343,2,50.13013,nigeria,draw_79
Male,1.9134342017467154,2,50.13013,nigeria,draw_79
Female,1.82883122600368,3,50.13013,nigeria,draw_79
Male,1.7248182339187623,3,50.13013,nigeria,draw_79
Female,2.0031563486503843,2,50.24024,nigeria,draw_79
Male,1.909948848258276,2,50.24024,nigeria,draw_79
Female,1.8260789003454125,3,50.24024,nigeria,draw_79
Male,1.7224299551576068,3,50.24024,nigeria,draw_79
Female,1.9991193667531841,2,50.35035,nigeria,draw_79
Male,1.906474176983754,2,50.35035,nigeria,draw_79
Female,1.8233329091766972,3,50.35035,nigeria,draw_79
Male,1.7200472577842927,3,50.35035,nigeria,draw_79
Female,1.995096586207035,2,50.46046,nigeria,draw_79
Male,1.9030098646614484,2,50.46046,nigeria,draw_79
Female,1.8205935132392195,3,50.46046,nigeria,draw_79
Male,1.717669971449678,3,50.46046,nigeria,draw_79
Female,1.9910862126337203,2,50.57057,nigeria,draw_79
Male,1.8995558817803178,2,50.57057,nigeria,draw_79
Female,1.8178599877323802,3,50.57057,nigeria,draw_79
Male,1.7152980738813237,3,50.57057,nigeria,draw_79
Female,1.9870894152355705,2,50.68068,nigeria,draw_79
Male,1.8961115610645924,2,50.68068,nigeria,draw_79
Female,1.8151327258287338,3,50.68068,nigeria,draw_79
Male,1.7129313370635773,3,50.68068,nigeria,draw_79
Female,1.9831052371831774,2,50.79079,nigeria,draw_79
Male,1.8926774846044427,2,50.79079,nigeria,draw_79
Female,1.812411394296124,3,50.79079,nigeria,draw_79
Male,1.7105698437596526,3,50.79079,nigeria,draw_79
Female,1.979134627993657,2,50.9009,nigeria,draw_79
Male,1.88925379474893,2,50.9009,nigeria,draw_79
Female,1.8096964630769345,3,50.9009,nigeria,draw_79
Male,1.7082138639161493,3,50.9009,nigeria,draw_79
Female,1.9751782773477267,2,51.01101,nigeria,draw_79
Male,1.8858402591106744,2,51.01101,nigeria,draw_79
Female,1.806988243961852,3,51.01101,nigeria,draw_79
Male,1.7058631749363513,3,51.01101,nigeria,draw_79
Female,1.971234165750244,2,51.12112,nigeria,draw_79
Male,1.8824372337779653,2,51.12112,nigeria,draw_79
Female,1.8042857807914015,3,51.12112,nigeria,draw_79
Male,1.703518068338309,3,51.12112,nigeria,draw_79
Female,1.967302705764831,2,51.23123,nigeria,draw_79
Male,1.879043455656269,2,51.23123,nigeria,draw_79
Female,1.8015892929320827,3,51.23123,nigeria,draw_79
Male,1.7011778782838791,3,51.23123,nigeria,draw_79
Female,1.9633840871386925,2,51.34134,nigeria,draw_79
Male,1.875658468278168,2,51.34134,nigeria,draw_79
Female,1.7988989481704394,3,51.34134,nigeria,draw_79
Male,1.698842183230147,3,51.34134,nigeria,draw_79
Female,1.9594788270573562,2,51.45145,nigeria,draw_79
Male,1.872283664290624,2,51.45145,nigeria,draw_79
Female,1.7962149250477681,3,51.45145,nigeria,draw_79
Male,1.696511986066007,3,51.45145,nigeria,draw_79
Female,1.9555860664019498,2,51.56156,nigeria,draw_79
Male,1.8689191177156377,2,51.56156,nigeria,draw_79
Female,1.7935367730782172,3,51.56156,nigeria,draw_79
Male,1.6941871657810212,3,51.56156,nigeria,draw_79
Female,1.9517073770840125,2,51.67167,nigeria,draw_79
Male,1.8655639403941686,2,51.67167,nigeria,draw_79
Female,1.7908653854000718,3,51.67167,nigeria,draw_79
Male,1.691867289104892,3,51.67167,nigeria,draw_79
Female,1.9478425952839313,2,51.78178,nigeria,draw_79
Male,1.8622193727421568,2,51.78178,nigeria,draw_79
Female,1.7882006769864438,3,51.78178,nigeria,draw_79
Male,1.6895531734082283,3,51.78178,nigeria,draw_79
Female,1.9439900583880638,2,51.89189,nigeria,draw_79
Male,1.8588844306171817,2,51.89189,nigeria,draw_79
Female,1.7855416980261734,3,51.89189,nigeria,draw_79
Male,1.687244123540858,3,51.89189,nigeria,draw_79
Female,1.940150812364314,2,52.002,nigeria,draw_79
Male,1.8555592059501933,2,52.002,nigeria,draw_79
Female,1.7828888887800871,3,52.002,nigeria,draw_79
Male,1.6849400949037567,3,52.002,nigeria,draw_79
Female,1.936325579190381,2,52.11211,nigeria,draw_79
Male,1.8522434715400966,2,52.11211,nigeria,draw_79
Female,1.7802426717183517,3,52.11211,nigeria,draw_79
Male,1.6826409313629611,3,52.11211,nigeria,draw_79
Female,1.9325133442823919,2,52.22222,nigeria,draw_79
Male,1.8489369407035854,2,52.22222,nigeria,draw_79
Female,1.7776027982475202,3,52.22222,nigeria,draw_79
Male,1.6803466083851955,3,52.22222,nigeria,draw_79
Female,1.9287119682500113,2,52.33233,nigeria,draw_79
Male,1.8456405143077415,2,52.33233,nigeria,draw_79
Female,1.7749680790030236,3,52.33233,nigeria,draw_79
Male,1.6780574570739042,3,52.33233,nigeria,draw_79
Female,1.9249241538215718,2,52.44244,nigeria,draw_79
Male,1.8423543349975036,2,52.44244,nigeria,draw_79
Female,1.772339961995406,3,52.44244,nigeria,draw_79
Male,1.675773917636501,3,52.44244,nigeria,draw_79
Female,1.9211494260346942,2,52.55255,nigeria,draw_79
Male,1.8390771959001595,2,52.55255,nigeria,draw_79
Female,1.7697181626837037,3,52.55255,nigeria,draw_79
Male,1.6734952484379537,3,52.55255,nigeria,draw_79
Female,1.9173858638705938,2,52.66266,nigeria,draw_79
Male,1.8358101532309585,2,52.66266,nigeria,draw_79
Female,1.7671015327047912,3,52.66266,nigeria,draw_79
Male,1.6712219372648465,3,52.66266,nigeria,draw_79
Female,1.9136357117819347,2,52.77277,nigeria,draw_79
Male,1.8325531424751402,2,52.77277,nigeria,draw_79
Female,1.7644912554701617,3,52.77277,nigeria,draw_79
Male,1.6689539987512656,3,52.77277,nigeria,draw_79
Female,1.909897697345887,2,52.88288,nigeria,draw_79
Male,1.8293060239944736,2,52.88288,nigeria,draw_79
Female,1.7618869548575324,3,52.88288,nigeria,draw_79
Male,1.666691119421151,3,52.88288,nigeria,draw_79
Female,1.9061724708647159,2,52.99299,nigeria,draw_79
Male,1.8260689783171244,2,52.99299,nigeria,draw_79
Female,1.7592890388595182,3,52.99299,nigeria,draw_79
Male,1.6644336040869063,3,52.99299,nigeria,draw_79
Female,1.9024594881273207,2,53.1031,nigeria,draw_79
Male,1.8228418418841503,2,53.1031,nigeria,draw_79
Female,1.7566968613646445,3,53.1031,nigeria,draw_79
Male,1.6621814141456415,3,53.1031,nigeria,draw_79
Female,1.898758933198327,2,53.21321,nigeria,draw_79
Male,1.8196239942614734,2,53.21321,nigeria,draw_79
Female,1.7541107546927162,3,53.21321,nigeria,draw_79
Male,1.6599340295732379,3,53.21321,nigeria,draw_79
Female,1.8950698290681003,2,53.32332,nigeria,draw_79
Male,1.8164165644785883,2,53.32332,nigeria,draw_79
Female,1.751530193354886,3,53.32332,nigeria,draw_79
Male,1.657692130634101,3,53.32332,nigeria,draw_79
Female,1.8913942670117667,2,53.43343,nigeria,draw_79
Male,1.8132184417049741,2,53.43343,nigeria,draw_79
Female,1.7489563588853818,3,53.43343,nigeria,draw_79
Male,1.6554550710000342,3,53.43343,nigeria,draw_79
Female,1.887729735956789,2,53.54354,nigeria,draw_79
Male,1.8100310066903431,2,53.54354,nigeria,draw_79
Female,1.746387660103572,3,53.54354,nigeria,draw_79
Male,1.6532235459759255,3,53.54354,nigeria,draw_79
Female,1.884077724046271,2,53.65365,nigeria,draw_79
Male,1.806851598075326,2,53.65365,nigeria,draw_79
Female,1.7438249572709317,3,53.65365,nigeria,draw_79
Male,1.6509964245242599,3,53.65365,nigeria,draw_79
Female,1.8804369012937263,2,53.76376,nigeria,draw_79
Male,1.8036821613127434,2,53.76376,nigeria,draw_79
Female,1.7412678260595134,3,53.76376,nigeria,draw_79
Male,1.6487746512768642,3,53.76376,nigeria,draw_79
Female,1.8768081806248265,2,53.87387,nigeria,draw_79
Male,1.800521111508163,2,53.87387,nigeria,draw_79
Female,1.7387164461445581,3,53.87387,nigeria,draw_79
Male,1.6465572262271462,3,53.87387,nigeria,draw_79
Female,1.8731932655866868,2,53.98398,nigeria,draw_79
Male,1.79737059943475,2,53.98398,nigeria,draw_79
Female,1.7361717228168925,3,53.98398,nigeria,draw_79
Male,1.6443454393507106,3,53.98398,nigeria,draw_79
Female,1.8695880618895004,2,54.09409,nigeria,draw_79
Male,1.7942285454566076,2,54.09409,nigeria,draw_79
Female,1.7336316923949737,3,54.09409,nigeria,draw_79
Male,1.6421380586756205,3,54.09409,nigeria,draw_79
Female,1.8659950117223782,2,54.2042,nigeria,draw_79
Male,1.7910946855642058,2,54.2042,nigeria,draw_79
Female,1.7310975594521232,3,54.2042,nigeria,draw_79
Male,1.6399350368760397,3,54.2042,nigeria,draw_79
Female,1.8624144078273093,2,54.31431,nigeria,draw_79
Male,1.787971250014472,2,54.31431,nigeria,draw_79
Female,1.7285695712980595,3,54.31431,nigeria,draw_79
Male,1.6377376604569005,3,54.31431,nigeria,draw_79
Female,1.8588449698060148,2,54.42442,nigeria,draw_79
Male,1.7848561095441395,2,54.42442,nigeria,draw_79
Female,1.7260471035098852,3,54.42442,nigeria,draw_79
Male,1.6355447991198244,3,54.42442,nigeria,draw_79
Female,1.8552872538331426,2,54.53453,nigeria,draw_79
Male,1.7817504701460625,2,54.53453,nigeria,draw_79
Female,1.7235303652367822,3,54.53453,nigeria,draw_79
Male,1.633356894713776,3,54.53453,nigeria,draw_79
Female,1.8517410403603793,2,54.64464,nigeria,draw_79
Male,1.7786534972528094,2,54.64464,nigeria,draw_79
Female,1.721019024375382,3,54.64464,nigeria,draw_79
Male,1.6311737501201498,3,54.64464,nigeria,draw_79
Female,1.848208084008132,2,54.75475,nigeria,draw_79
Male,1.775566176135156,2,54.75475,nigeria,draw_79
Female,1.7185141581654242,3,54.75475,nigeria,draw_79
Male,1.6289958018665818,3,54.75475,nigeria,draw_79
Female,1.8446863347168283,2,54.86486,nigeria,draw_79
Male,1.7724888163796049,2,54.86486,nigeria,draw_79
Female,1.7160147086417836,3,54.86486,nigeria,draw_79
Male,1.6268230586772183,3,54.86486,nigeria,draw_79
Female,1.841176380579045,2,54.97497,nigeria,draw_79
Male,1.7694203671613167,2,54.97497,nigeria,draw_79
Female,1.7135209968507432,3,54.97497,nigeria,draw_79
Male,1.6246548865933725,3,54.97497,nigeria,draw_79
Female,1.837678028822947,2,55.08509,nigeria,draw_79
Male,1.7663602503598186,2,55.08509,nigeria,draw_79
Female,1.7110328777072912,3,55.08509,nigeria,draw_79
Male,1.622491138780516,3,55.08509,nigeria,draw_79
Female,1.8341917776485022,2,55.1952,nigeria,draw_79
Male,1.7633096484179918,2,55.1952,nigeria,draw_79
Female,1.708550785928656,3,55.1952,nigeria,draw_79
Male,1.6203323840655304,3,55.1952,nigeria,draw_79
Female,1.8307190431498104,2,55.30531,nigeria,draw_79
Male,1.7602687146164635,2,55.30531,nigeria,draw_79
Female,1.7060753217555684,3,55.30531,nigeria,draw_79
Male,1.6181784883488926,3,55.30531,nigeria,draw_79
Female,1.8272575019322217,2,55.41542,nigeria,draw_79
Male,1.7572367442877794,2,55.41542,nigeria,draw_79
Female,1.7036053490979286,3,55.41542,nigeria,draw_79
Male,1.6160293675891855,3,55.41542,nigeria,draw_79
Female,1.8238086465231051,2,55.52553,nigeria,draw_79
Male,1.75421358417314,2,55.52553,nigeria,draw_79
Female,1.7011413517715408,3,55.52553,nigeria,draw_79
Male,1.6138850400957396,3,55.52553,nigeria,draw_79
Female,1.820370232447085,2,55.63564,nigeria,draw_79
Male,1.7511991931890631,2,55.63564,nigeria,draw_79
Female,1.6986824638095885,3,55.63564,nigeria,draw_79
Male,1.6117455170318808,3,55.63564,nigeria,draw_79
Female,1.81694359699248,2,55.74575,nigeria,draw_79
Male,1.748192645740756,2,55.74575,nigeria,draw_79
Female,1.6962293667960602,3,55.74575,nigeria,draw_79
Male,1.6096102884603258,3,55.74575,nigeria,draw_79
Female,1.8135287752327063,2,55.85586,nigeria,draw_79
Male,1.7451953230031396,2,55.85586,nigeria,draw_79
Female,1.6937818776042537,3,55.85586,nigeria,draw_79
Male,1.607479917349903,3,55.85586,nigeria,draw_79
Female,1.8101247207386968,2,55.96597,nigeria,draw_79
Male,1.7422078054134031,2,55.96597,nigeria,draw_79
Female,1.691339627937244,3,55.96597,nigeria,draw_79
Male,1.6053547243262138,3,55.96597,nigeria,draw_79
Female,1.8067317127426579,2,56.07608,nigeria,draw_79
Male,1.739228710932711,2,56.07608,nigeria,draw_79
Female,1.6889029336793966,3,56.07608,nigeria,draw_79
Male,1.603233950376426,3,56.07608,nigeria,draw_79
Female,1.8033495852016221,2,56.18619,nigeria,draw_79
Male,1.7362591227667379,2,56.18619,nigeria,draw_79
Female,1.686471436831247,3,56.18619,nigeria,draw_79
Male,1.6011182702400206,3,56.18619,nigeria,draw_79
Female,1.799976854860761,2,56.2963,nigeria,draw_79
Male,1.7332989058920958,2,56.2963,nigeria,draw_79
Female,1.6840443973148762,3,56.2963,nigeria,draw_79
Male,1.5990076361887267,3,56.2963,nigeria,draw_79
Female,1.7966170062207343,2,56.40641,nigeria,draw_79
Male,1.7303472712779364,2,56.40641,nigeria,draw_79
Female,1.6816237432000762,3,56.40641,nigeria,draw_79
Male,1.5969017351452939,3,56.40641,nigeria,draw_79
Female,1.7932675084803995,2,56.51652,nigeria,draw_79
Male,1.7274037899554926,2,56.51652,nigeria,draw_79
Female,1.6792081700512644,3,56.51652,nigeria,draw_79
Male,1.594800301843118,3,56.51652,nigeria,draw_79
Female,1.7899296229595012,2,56.62663,nigeria,draw_79
Male,1.7244697682566195,2,56.62663,nigeria,draw_79
Female,1.67679827607977,3,56.62663,nigeria,draw_79
Male,1.5927039712862265,3,56.62663,nigeria,draw_79
Female,1.786601671015853,2,56.73674,nigeria,draw_79
Male,1.7215440805548698,2,56.73674,nigeria,draw_79
Female,1.6743932026052109,3,56.73674,nigeria,draw_79
Male,1.5906120410527564,3,56.73674,nigeria,draw_79
Female,1.783283222881097,2,56.84685,nigeria,draw_79
Male,1.7186280213464382,2,56.84685,nigeria,draw_79
Female,1.671992764423492,3,56.84685,nigeria,draw_79
Male,1.5885253156288361,3,56.84685,nigeria,draw_79
Female,1.779977227512247,2,56.95696,nigeria,draw_79
Male,1.7157198835727219,2,56.95696,nigeria,draw_79
Female,1.6695983356417339,3,56.95696,nigeria,draw_79
Male,1.5864429439704655,3,56.95696,nigeria,draw_79
Female,1.776682696314211,2,57.06707,nigeria,draw_79
Male,1.7128204356543686,2,57.06707,nigeria,draw_79
Female,1.6672095864274226,3,57.06707,nigeria,draw_79
Male,1.5843651937447703,3,57.06707,nigeria,draw_79
Female,1.7733979605231935,2,57.17718,nigeria,draw_79
Male,1.7099294433494703,2,57.17718,nigeria,draw_79
Female,1.6648256934366437,3,57.17718,nigeria,draw_79
Male,1.5822919040065657,3,57.17718,nigeria,draw_79
Female,1.770124761355434,2,57.28729,nigeria,draw_79
Male,1.707046595381401,2,57.28729,nigeria,draw_79
Female,1.6624475851665939,3,57.28729,nigeria,draw_79
Male,1.5802228941411849,3,57.28729,nigeria,draw_79
Female,1.7668623892530124,2,57.3974,nigeria,draw_79
Male,1.7041734391736165,2,57.3974,nigeria,draw_79
Female,1.6600747167621546,3,57.3974,nigeria,draw_79
Male,1.5781590528438698,3,57.3974,nigeria,draw_79
Female,1.763609761054073,2,57.50751,nigeria,draw_79
Male,1.7013076690043287,2,57.50751,nigeria,draw_79
Female,1.6577066592606127,3,57.50751,nigeria,draw_79
Male,1.5760990666189683,3,57.50751,nigeria,draw_79
Female,1.760370061587858,2,57.61762,nigeria,draw_79
Male,1.6984505227399507,2,57.61762,nigeria,draw_79
Female,1.6553451445206058,3,57.61762,nigeria,draw_79
Male,1.5740437415617496,3,57.61762,nigeria,draw_79
Female,1.7571391081073615,2,57.72773,nigeria,draw_79
Male,1.69560216461423,2,57.72773,nigeria,draw_79
Female,1.6529878469571666,3,57.72773,nigeria,draw_79
Male,1.5719931606018072,3,57.72773,nigeria,draw_79
Female,1.753920093493777,2,57.83784,nigeria,draw_79
Male,1.6927619112151744,2,57.83784,nigeria,draw_79
Female,1.6506365705691557,3,57.83784,nigeria,draw_79
Male,1.5699468613814966,3,57.83784,nigeria,draw_79
Female,1.750710806049017,2,57.94795,nigeria,draw_79
Male,1.6899308953673966,2,57.94795,nigeria,draw_79
Female,1.648290220118123,3,57.94795,nigeria,draw_79
Male,1.567905599188419,3,57.94795,nigeria,draw_79
Female,1.7475126683963644,2,58.05806,nigeria,draw_79
Male,1.6871076508581417,2,58.05806,nigeria,draw_79
Female,1.6459494496247067,3,58.05806,nigeria,draw_79
Male,1.5658686005634603,3,58.05806,nigeria,draw_79
Female,1.744324028145605,2,58.16817,nigeria,draw_79
Male,1.6842932569915674,2,58.16817,nigeria,draw_79
Female,1.6436133453253536,3,58.16817,nigeria,draw_79
Male,1.563836327206002,3,58.16817,nigeria,draw_79
Female,1.7411461848872747,2,58.27828,nigeria,draw_79
Male,1.6814872356516113,2,58.27828,nigeria,draw_79
Female,1.641282668135072,3,58.27828,nigeria,draw_79
Male,1.5618086086004797,3,58.27828,nigeria,draw_79
Female,1.7379787296417843,2,58.38839,nigeria,draw_79
Male,1.678690308540867,2,58.38839,nigeria,draw_79
Female,1.6389570002526197,3,58.38839,nigeria,draw_79
Male,1.5597857994105209,3,58.38839,nigeria,draw_79
Female,1.7348224414130133,2,58.4985,nigeria,draw_79
Male,1.6759002658229187,2,58.4985,nigeria,draw_79
Female,1.6366366732076523,3,58.4985,nigeria,draw_79
Male,1.5577666868662043,3,58.4985,nigeria,draw_79
Female,1.7316761350536571,2,58.60861,nigeria,draw_79
Male,1.6731183114340005,2,58.60861,nigeria,draw_79
Female,1.6343212303193002,3,58.60861,nigeria,draw_79
Male,1.555752130634315,3,58.60861,nigeria,draw_79
Female,1.7285415240137505,2,58.71872,nigeria,draw_79
Male,1.6703449465520503,2,58.71872,nigeria,draw_79
Female,1.6320118076010162,3,58.71872,nigeria,draw_79
Male,1.553742456110674,3,58.71872,nigeria,draw_79
Female,1.7254146959998715,2,58.82883,nigeria,draw_79
Male,1.6675786425267676,2,58.82883,nigeria,draw_79
Female,1.6297061947796254,3,58.82883,nigeria,draw_79
Male,1.5517364711460788,3,58.82883,nigeria,draw_79
Female,1.7222995153360527,2,58.93894,nigeria,draw_79
Male,1.6648202825394651,2,58.93894,nigeria,draw_79
Female,1.6274065291484199,3,58.93894,nigeria,draw_79
Male,1.5497347947809617,3,58.93894,nigeria,draw_79
Female,1.7191931552659956,2,59.04905,nigeria,draw_79
Male,1.6620698567027854,2,59.04905,nigeria,draw_79
Female,1.6251111821327857,3,59.04905,nigeria,draw_79
Male,1.5477375037415027,3,59.04905,nigeria,draw_79
Female,1.7160964641833416,2,59.15916,nigeria,draw_79
Male,1.6593284665659287,2,59.15916,nigeria,draw_79
Female,1.622820714760967,3,59.15916,nigeria,draw_79
Male,1.5457450513754207,3,59.15916,nigeria,draw_79
Female,1.7130100583325003,2,59.26927,nigeria,draw_79
Male,1.6565949249071108,2,59.26927,nigeria,draw_79
Female,1.6205355252032607,3,59.26927,nigeria,draw_79
Male,1.543756747568252,3,59.26927,nigeria,draw_79
Female,1.7099322742740926,2,59.37938,nigeria,draw_79
Male,1.6538697103538722,2,59.37938,nigeria,draw_79
Female,1.6182545700087223,3,59.37938,nigeria,draw_79
Male,1.5417729939542522,3,59.37938,nigeria,draw_79
Female,1.7068655586316235,2,59.48949,nigeria,draw_79
Male,1.6511525854474642,2,59.48949,nigeria,draw_79
Female,1.6159793740736563,3,59.48949,nigeria,draw_79
Male,1.5397937533332677,3,59.48949,nigeria,draw_79
Female,1.7038086172142743,2,59.5996,nigeria,draw_79
Male,1.6484434579128975,2,59.5996,nigeria,draw_79
Female,1.6137091024729384,3,59.5996,nigeria,draw_79
Male,1.5378189655511538,3,59.5996,nigeria,draw_79
Female,1.7007622447010593,2,59.70971,nigeria,draw_79
Male,1.6457435832701341,2,59.70971,nigeria,draw_79
Female,1.6114441611559254,3,59.70971,nigeria,draw_79
Male,1.5358492492169658,3,59.70971,nigeria,draw_79
Female,1.6977272142543525,2,59.81982,nigeria,draw_79
Male,1.643050766072839,2,59.81982,nigeria,draw_79
Female,1.60918489500781,3,59.81982,nigeria,draw_79
Male,1.5338834896394145,3,59.81982,nigeria,draw_79
Female,1.69470178291922,2,59.92993,nigeria,draw_79
Male,1.6403673305121211,2,59.92993,nigeria,draw_79
Female,1.60693052118337,3,59.92993,nigeria,draw_79
Male,1.531922674163728,3,59.92993,nigeria,draw_79
Female,1.691687542891666,2,60.04004,nigeria,draw_79
Male,1.637692191576406,2,60.04004,nigeria,draw_79
Female,1.604681822096498,3,60.04004,nigeria,draw_79
Male,1.5299663493402027,3,60.04004,nigeria,draw_79
Female,1.6886812890835634,2,60.15015,nigeria,draw_79
Male,1.6350244177468878,2,60.15015,nigeria,draw_79
Female,1.602437150273981,3,60.15015,nigeria,draw_79
Male,1.5280140824806878,3,60.15015,nigeria,draw_79
Female,1.6856869079601366,2,60.26026,nigeria,draw_79
Male,1.6323642824842637,2,60.26026,nigeria,draw_79
Female,1.6001983499903651,3,60.26026,nigeria,draw_79
Male,1.526065990942157,3,60.26026,nigeria,draw_79
Female,1.6827009840204743,2,60.37037,nigeria,draw_79
Male,1.6297117298311603,2,60.37037,nigeria,draw_79
Female,1.5979637858441411,3,60.37037,nigeria,draw_79
Male,1.5241220976572212,3,60.37037,nigeria,draw_79
Female,1.6797259169976668,2,60.48048,nigeria,draw_79
Male,1.6270665283439938,2,60.48048,nigeria,draw_79
Female,1.5957347166764553,3,60.48048,nigeria,draw_79
Male,1.5221821781416152,3,60.48048,nigeria,draw_79
Female,1.6767600787030847,2,60.59059,nigeria,draw_79
Male,1.6244287284590784,2,60.59059,nigeria,draw_79
Female,1.593510438859807,3,60.59059,nigeria,draw_79
Male,1.5202463047625683,3,60.59059,nigeria,draw_79
Female,1.6738030556193606,2,60.7007,nigeria,draw_79
Male,1.6217994478922764,2,60.7007,nigeria,draw_79
Female,1.5912907132693224,3,60.7007,nigeria,draw_79
Male,1.5183149324179508,3,60.7007,nigeria,draw_79
Female,1.670856456188793,2,60.81081,nigeria,draw_79
Male,1.6191782184104828,2,60.81081,nigeria,draw_79
Female,1.5890763267625276,3,60.81081,nigeria,draw_79
Male,1.516387782339681,3,60.81081,nigeria,draw_79
Female,1.6679179497385788,2,60.92092,nigeria,draw_79
Male,1.6165642051676716,2,60.92092,nigeria,draw_79
Female,1.5868660739568399,3,60.92092,nigeria,draw_79
Male,1.5144645115412367,3,60.92092,nigeria,draw_79
Female,1.6649900452964632,2,61.03103,nigeria,draw_79
Male,1.6139587775644446,2,61.03103,nigeria,draw_79
Female,1.5846612788586798,3,61.03103,nigeria,draw_79
Male,1.5125461939944076,3,61.03103,nigeria,draw_79
Female,1.6620717071218034,2,61.14114,nigeria,draw_79
Male,1.6113605827373434,2,61.14114,nigeria,draw_79
Female,1.5824614799944128,3,61.14114,nigeria,draw_79
Male,1.510631925401593,3,61.14114,nigeria,draw_79
Female,1.6591631272653842,2,61.25125,nigeria,draw_79
Male,1.6087690919589677,2,61.25125,nigeria,draw_79
Female,1.5802668467854115,3,61.25125,nigeria,draw_79
Male,1.5087215048197302,3,61.25125,nigeria,draw_79
Female,1.6562644931767407,2,61.36136,nigeria,draw_79
Male,1.6061870590089897,2,61.36136,nigeria,draw_79
Female,1.5780774153006578,3,61.36136,nigeria,draw_79
Male,1.506816359837114,3,61.36136,nigeria,draw_79
Female,1.6533745909199258,2,61.47147,nigeria,draw_79
Male,1.6036112914807161,2,61.47147,nigeria,draw_79
Female,1.575892486518635,3,61.47147,nigeria,draw_79
Male,1.5049147400723166,3,61.47147,nigeria,draw_79
Female,1.6504937482087032,2,61.58158,nigeria,draw_79
Male,1.6010447819710034,2,61.58158,nigeria,draw_79
Female,1.5737121070832814,3,61.58158,nigeria,draw_79
Male,1.5030180439631176,3,61.58158,nigeria,draw_79
Female,1.647623817534464,2,61.69169,nigeria,draw_79
Male,1.598485706246861,2,61.69169,nigeria,draw_79
Female,1.5715372503023037,3,61.69169,nigeria,draw_79
Male,1.5011253049248807,3,61.69169,nigeria,draw_79
Female,1.644762507139468,2,61.8018,nigeria,draw_79
Male,1.5959349647677743,2,61.8018,nigeria,draw_79
Female,1.5693667147568722,3,61.8018,nigeria,draw_79
Male,1.4992372598998454,3,61.8018,nigeria,draw_79
Female,1.6419113398351814,2,61.91191,nigeria,draw_79
Male,1.5933919683023716,2,61.91191,nigeria,draw_79
Female,1.5672012661074288,3,61.91191,nigeria,draw_79
Male,1.4973533973354758,3,61.91191,nigeria,draw_79
Female,1.639069866822094,2,62.02202,nigeria,draw_79
Male,1.5908562594880427,2,62.02202,nigeria,draw_79
Female,1.5650409361056805,3,62.02202,nigeria,draw_79
Male,1.4954735639665753,3,62.02202,nigeria,draw_79
Female,1.6362370461049227,2,62.13213,nigeria,draw_79
Male,1.5883283508683468,2,62.13213,nigeria,draw_79
Female,1.5628851842559797,3,62.13213,nigeria,draw_79
Male,1.4935978828353536,3,62.13213,nigeria,draw_79
Female,1.6334130980404242,2,62.24224,nigeria,draw_79
Male,1.5858075579827584,2,62.24224,nigeria,draw_79
Female,1.5607341797552967,3,62.24224,nigeria,draw_79
Male,1.49172611434741,3,62.24224,nigeria,draw_79
Female,1.6305995336102748,2,62.35235,nigeria,draw_79
Male,1.5832944648984182,2,62.35235,nigeria,draw_79
Female,1.558588674536143,3,62.35235,nigeria,draw_79
Male,1.4898587831601,3,62.35235,nigeria,draw_79
Female,1.6277946206702962,2,62.46246,nigeria,draw_79
Male,1.5807884269239467,2,62.46246,nigeria,draw_79
Female,1.5564474870887162,3,62.46246,nigeria,draw_79
Male,1.4879957163010786,3,62.46246,nigeria,draw_79
Female,1.6249989601429398,2,62.57257,nigeria,draw_79
Male,1.5782893709913663,2,62.57257,nigeria,draw_79
Female,1.5543111613036962,3,62.57257,nigeria,draw_79
Male,1.4861366316715932,3,62.57257,nigeria,draw_79
Female,1.6222130136934596,2,62.68268,nigeria,draw_79
Male,1.5757980233233337,2,62.68268,nigeria,draw_79
Female,1.5521799834734202,3,62.68268,nigeria,draw_79
Male,1.4842817515360478,3,62.68268,nigeria,draw_79
Female,1.6194371452688723,2,62.79279,nigeria,draw_79
Male,1.5733134778232984,2,62.79279,nigeria,draw_79
Female,1.5500541646766028,3,62.79279,nigeria,draw_79
Male,1.48243049042355,3,62.79279,nigeria,draw_79
Female,1.6166698272653668,2,62.9029,nigeria,draw_79
Male,1.5708366965499414,2,62.9029,nigeria,draw_79
Female,1.5479329066912522,3,62.9029,nigeria,draw_79
Male,1.4805835496277089,3,62.9029,nigeria,draw_79
Female,1.6139102584468048,2,63.01301,nigeria,draw_79
Male,1.568367640535312,2,63.01301,nigeria,draw_79
Female,1.545815732084533,3,63.01301,nigeria,draw_79
Male,1.4787411413324782,3,63.01301,nigeria,draw_79
Female,1.6111608913815332,2,63.12312,nigeria,draw_79
Male,1.5659053128324532,2,63.12312,nigeria,draw_79
Female,1.5437039220697661,3,63.12312,nigeria,draw_79
Male,1.4769024390252008,3,63.12312,nigeria,draw_79
Female,1.6084195335549971,2,63.23323,nigeria,draw_79
Male,1.5634507062737184,2,63.23323,nigeria,draw_79
Female,1.541596074569569,3,63.23323,nigeria,draw_79
Male,1.4750679257410355,3,63.23323,nigeria,draw_79
Female,1.605685925239837,2,63.34334,nigeria,draw_79
Male,1.5610039094030206,2,63.34334,nigeria,draw_79
Female,1.5394922527457984,3,63.34334,nigeria,draw_79
Male,1.473237668855188,3,63.34334,nigeria,draw_79
Female,1.6029620245795035,2,63.45345,nigeria,draw_79
Male,1.5585631075082753,2,63.45345,nigeria,draw_79
Female,1.5373934986861346,3,63.45345,nigeria,draw_79
Male,1.47141068855927,3,63.45345,nigeria,draw_79
Female,1.600247061910377,2,63.56356,nigeria,draw_79
Male,1.5561301985077751,2,63.56356,nigeria,draw_79
Female,1.5352993007411677,3,63.56356,nigeria,draw_79
Male,1.4695880424072632,3,63.56356,nigeria,draw_79
Female,1.5975418896999933,2,63.67367,nigeria,draw_79
Male,1.553703076162498,2,63.67367,nigeria,draw_79
Female,1.5332100889842006,3,63.67367,nigeria,draw_79
Male,1.4677688137865548,3,63.67367,nigeria,draw_79
Female,1.5948460564753981,2,63.78378,nigeria,draw_79
Male,1.5512840351137756,2,63.78378,nigeria,draw_79
Female,1.5311255574365108,3,63.78378,nigeria,draw_79
Male,1.4659540433738685,3,63.78378,nigeria,draw_79
Female,1.592158854547297,2,63.89389,nigeria,draw_79
Male,1.548872153347351,2,63.89389,nigeria,draw_79
Female,1.5290454904586652,3,63.89389,nigeria,draw_79
Male,1.4641432203710525,3,63.89389,nigeria,draw_79
Female,1.589480563643089,2,64.004,nigeria,draw_79
Male,1.5464667098047882,2,64.004,nigeria,draw_79
Female,1.5269700551556125,3,64.004,nigeria,draw_79
Male,1.4623360093097504,3,64.004,nigeria,draw_79
Female,1.5868116445299498,2,64.11411,nigeria,draw_79
Male,1.5440692648976366,2,64.11411,nigeria,draw_79
Female,1.5248995556449632,3,64.11411,nigeria,draw_79
Male,1.460533107133067,3,64.11411,nigeria,draw_79
Female,1.5841509346858276,2,64.22422,nigeria,draw_79
Male,1.5416785582748098,2,64.22422,nigeria,draw_79
Female,1.5228332925979773,3,64.22422,nigeria,draw_79
Male,1.458734019951052,3,64.22422,nigeria,draw_79
Female,1.5814987608594486,2,64.33433,nigeria,draw_79
Male,1.5392947209881038,2,64.33433,nigeria,draw_79
Female,1.5207716270555829,3,64.33433,nigeria,draw_79
Male,1.4569388099759952,3,64.33433,nigeria,draw_79
Female,1.5788549289633433,2,64.44444,nigeria,draw_79
Male,1.5369172422825295,2,64.44444,nigeria,draw_79
Female,1.5187144744417573,3,64.44444,nigeria,draw_79
Male,1.4551470937955355,3,64.44444,nigeria,draw_79
Female,1.5762193899446602,2,64.55455,nigeria,draw_79
Male,1.5345479622194085,2,64.55455,nigeria,draw_79
Female,1.516661788012919,3,64.55455,nigeria,draw_79
Male,1.4533598999799386,3,64.55455,nigeria,draw_79
Female,1.5735927303717114,2,64.66466,nigeria,draw_79
Male,1.5321848561651454,2,64.66466,nigeria,draw_79
Female,1.5146137397473984,3,64.66466,nigeria,draw_79
Male,1.4515762941655594,3,64.66466,nigeria,draw_79
Female,1.5709752681958262,2,64.77477,nigeria,draw_79
Male,1.5298291636818373,2,64.77477,nigeria,draw_79
Female,1.5125706792286882,3,64.77477,nigeria,draw_79
Male,1.4497968084280721,3,64.77477,nigeria,draw_79
Female,1.5683660941059319,2,64.88488,nigeria,draw_79
Male,1.5274802006378334,2,64.88488,nigeria,draw_79
Female,1.5105320611505868,3,64.88488,nigeria,draw_79
Male,1.4480210894684415,3,64.88488,nigeria,draw_79
Female,1.5657658664014056,2,64.99499,nigeria,draw_79
Male,1.525138589480068,2,64.99499,nigeria,draw_79
Female,1.5084981723591793,3,64.99499,nigeria,draw_79
Male,1.446249483102771,3,64.99499,nigeria,draw_79
Female,1.563172765476775,2,65.10511,nigeria,draw_79
Male,1.5228026525300882,2,65.10511,nigeria,draw_79
Female,1.5064679805662702,3,65.10511,nigeria,draw_79
Male,1.44448099032172,3,65.10511,nigeria,draw_79
Female,1.5605891356758956,2,65.21522,nigeria,draw_79
Male,1.5204747132014969,2,65.21522,nigeria,draw_79
Female,1.5044429376556487,3,65.21522,nigeria,draw_79
Male,1.4427170535918286,3,65.21522,nigeria,draw_79
Female,1.5580124468562162,2,65.32533,nigeria,draw_79
Male,1.5181529590152674,2,65.32533,nigeria,draw_79
Female,1.5024215359741433,3,65.32533,nigeria,draw_79
Male,1.4409563551350777,3,65.32533,nigeria,draw_79
Female,1.555444995583654,2,65.43544,nigeria,draw_79
Male,1.5158385920432014,2,65.43544,nigeria,draw_79
Female,1.5004050862855387,3,65.43544,nigeria,draw_79
Male,1.439199613235456,3,65.43544,nigeria,draw_79
Female,1.5528859188153175,2,65.54555,nigeria,draw_79
Male,1.5135304874607,2,65.54555,nigeria,draw_79
Female,1.4983930380538675,3,65.54555,nigeria,draw_79
Male,1.4374463084814058,3,65.54555,nigeria,draw_79
Female,1.5503347751729752,2,65.65566,nigeria,draw_79
Male,1.5112296388090902,2,65.65566,nigeria,draw_79
Female,1.4963851437987816,3,65.65566,nigeria,draw_79
Male,1.4356970646442702,3,65.65566,nigeria,draw_79
Female,1.5477921393197336,2,65.76577,nigeria,draw_79
Male,1.5089344261163034,2,65.76577,nigeria,draw_79
Female,1.4943817507973292,3,65.76577,nigeria,draw_79
Male,1.433951158355963,3,65.76577,nigeria,draw_79
Female,1.5452582695066792,2,65.87588,nigeria,draw_79
Male,1.5066466068813302,2,65.87588,nigeria,draw_79
Female,1.4923829365359198,3,65.87588,nigeria,draw_79
Male,1.4322095665619632,3,65.87588,nigeria,draw_79
Female,1.5427325351942334,2,65.98599,nigeria,draw_79
Male,1.50436605869876,2,65.98599,nigeria,draw_79
Female,1.4903884361667767,3,65.98599,nigeria,draw_79
Male,1.4304721019209294,3,65.98599,nigeria,draw_79
Female,1.5402148000985407,2,66.0961,nigeria,draw_79
Male,1.5020916265529454,2,66.0961,nigeria,draw_79
Female,1.4883981795655115,3,66.0961,nigeria,draw_79
Male,1.4287382065239838,3,66.0961,nigeria,draw_79
Female,1.5377068041099942,2,66.20621,nigeria,draw_79
Male,1.4998245628452147,2,66.20621,nigeria,draw_79
Female,1.4864132227933233,3,66.20621,nigeria,draw_79
Male,1.4270085722377386,3,66.20621,nigeria,draw_79
Female,1.5352057631775207,2,66.31632,nigeria,draw_79
Male,1.497564386536633,2,66.31632,nigeria,draw_79
Female,1.484431881217812,3,66.31632,nigeria,draw_79
Male,1.4252825927484856,3,66.31632,nigeria,draw_79
Female,1.5327126788722132,2,66.42643,nigeria,draw_79
Male,1.4953103528508864,2,66.42643,nigeria,draw_79
Female,1.4824547443745353,3,66.42643,nigeria,draw_79
Male,1.4235600736622556,3,66.42643,nigeria,draw_79
Female,1.530228404675945,2,66.53654,nigeria,draw_79
Male,1.4930634501335895,2,66.53654,nigeria,draw_79
Female,1.480482409111952,3,66.53654,nigeria,draw_79
Male,1.4218416210959373,3,66.53654,nigeria,draw_79
Female,1.5277517505270837,2,66.64665,nigeria,draw_79
Male,1.4908221903113579,2,66.64665,nigeria,draw_79
Female,1.4785141271843416,3,66.64665,nigeria,draw_79
Male,1.420126469806837,3,66.64665,nigeria,draw_79
Female,1.5252816382440049,2,66.75676,nigeria,draw_79
Male,1.4885875444332823,2,66.75676,nigeria,draw_79
Female,1.4765493339368727,3,66.75676,nigeria,draw_79
Male,1.4184149236064596,3,66.75676,nigeria,draw_79
Female,1.522821837687883,2,66.86687,nigeria,draw_79
Male,1.48635975552375,2,66.86687,nigeria,draw_79
Female,1.4745901390469192,3,66.86687,nigeria,draw_79
Male,1.4167074076707946,3,66.86687,nigeria,draw_79
Female,1.5203692880568207,2,66.97698,nigeria,draw_79
Male,1.4841382242514662,2,66.97698,nigeria,draw_79
Female,1.4726346578579728,3,66.97698,nigeria,draw_79
Male,1.4150035359532376,3,66.97698,nigeria,draw_79
Female,1.5179259023113059,2,67.08709,nigeria,draw_79
Male,1.4819235141105285,2,67.08709,nigeria,draw_79
Female,1.470684077938945,3,67.08709,nigeria,draw_79
Male,1.4133037947752825,3,67.08709,nigeria,draw_79
Female,1.5154893108280418,2,67.1972,nigeria,draw_79
Male,1.4797142604059406,2,67.1972,nigeria,draw_79
Female,1.4687371369145494,3,67.1972,nigeria,draw_79
Male,1.4116073547184391,3,67.1972,nigeria,draw_79
Female,1.513061109736209,2,67.30731,nigeria,draw_79
Male,1.477511469522467,2,67.30731,nigeria,draw_79
Female,1.4667948836477864,3,67.30731,nigeria,draw_79
Male,1.4099146500494235,3,67.30731,nigeria,draw_79
Female,1.510640967299454,2,67.41742,nigeria,draw_79
Male,1.4753148188655414,2,67.41742,nigeria,draw_79
Female,1.4648571574015443,3,67.41742,nigeria,draw_79
Male,1.4082255156415122,3,67.41742,nigeria,draw_79
Female,1.5082280216624395,2,67.52753,nigeria,draw_79
Male,1.473125084668638,2,67.52753,nigeria,draw_79
Female,1.4629234221173952,3,67.52753,nigeria,draw_79
Male,1.406540413403958,3,67.52753,nigeria,draw_79
Female,1.5058232676071364,2,67.63764,nigeria,draw_79
Male,1.470941105106689,2,67.63764,nigeria,draw_79
Female,1.4609940597255135,3,67.63764,nigeria,draw_79
Male,1.404858653514806,3,67.63764,nigeria,draw_79
Female,1.5034267982233163,2,67.74775,nigeria,draw_79
Male,1.4687645100157856,2,67.74775,nigeria,draw_79
Female,1.4590693371974683,3,67.74775,nigeria,draw_79
Male,1.4031809315487411,3,67.74775,nigeria,draw_79
Female,1.5010374503436659,2,67.85786,nigeria,draw_79
Male,1.4665942236814171,2,67.85786,nigeria,draw_79
Female,1.457148519714322,3,67.85786,nigeria,draw_79
Male,1.4015068415385545,3,67.85786,nigeria,draw_79
Female,1.4986548478233288,2,67.96797,nigeria,draw_79
Male,1.4644293241495092,2,67.96797,nigeria,draw_79
Female,1.4552313078090262,3,67.96797,nigeria,draw_79
Male,1.3998359291185625,3,67.96797,nigeria,draw_79
Female,1.4962812311999927,2,68.07808,nigeria,draw_79
Male,1.462270659631037,2,68.07808,nigeria,draw_79
Female,1.4533191612753424,3,68.07808,nigeria,draw_79
Male,1.3981685875475283,3,68.07808,nigeria,draw_79
Female,1.4939163451033382,2,68.18819,nigeria,draw_79
Male,1.4601187009969634,2,68.18819,nigeria,draw_79
Female,1.4514117383436185,3,68.18819,nigeria,draw_79
Male,1.3965050473710379,3,68.18819,nigeria,draw_79
Female,1.491558632875218,2,68.2983,nigeria,draw_79
Male,1.4579734230197627,2,68.2983,nigeria,draw_79
Female,1.4495081841515924,3,68.2983,nigeria,draw_79
Male,1.3948453925029416,3,68.2983,nigeria,draw_79
Female,1.4892092287545664,2,68.40841,nigeria,draw_79
Male,1.455833347090412,2,68.40841,nigeria,draw_79
Female,1.4476089989518874,3,68.40841,nigeria,draw_79
Male,1.393188646329363,3,68.40841,nigeria,draw_79
Female,1.486867526897093,2,68.51852,nigeria,draw_79
Male,1.4537002984156662,2,68.51852,nigeria,draw_79
Female,1.4457139719843637,3,68.51852,nigeria,draw_79
Male,1.391535806151131,3,68.51852,nigeria,draw_79
Female,1.4845338244139572,2,68.62863,nigeria,draw_79
Male,1.4515727609555813,2,68.62863,nigeria,draw_79
Female,1.4438232568028235,3,68.62863,nigeria,draw_79
Male,1.3898863845096665,3,68.62863,nigeria,draw_79
Female,1.4822083294691712,2,68.73874,nigeria,draw_79
Male,1.4494520187125526,2,68.73874,nigeria,draw_79
Female,1.4419370918194208,3,68.73874,nigeria,draw_79
Male,1.3882408693745043,3,68.73874,nigeria,draw_79
Female,1.4798903968240267,2,68.84885,nigeria,draw_79
Male,1.4473367915792987,2,68.84885,nigeria,draw_79
Female,1.4400548975488745,3,68.84885,nigeria,draw_79
Male,1.3865985407784711,3,68.84885,nigeria,draw_79
Female,1.477580101922913,2,68.95896,nigeria,draw_79
Male,1.4452276972002298,2,68.95896,nigeria,draw_79
Female,1.4381767715057312,3,68.95896,nigeria,draw_79
Male,1.384959724702372,3,68.95896,nigeria,draw_79
Female,1.4752779041244244,2,69.06907,nigeria,draw_79
Male,1.4431251195505885,2,69.06907,nigeria,draw_79
Female,1.4363031447859222,3,69.06907,nigeria,draw_79
Male,1.3833246731588476,3,69.06907,nigeria,draw_79
Female,1.4729819760330136,2,69.17918,nigeria,draw_79
Male,1.4410296456803973,2,69.17918,nigeria,draw_79
Female,1.4344329567120997,3,69.17918,nigeria,draw_79
Male,1.3816935338454996,3,69.17918,nigeria,draw_79
Female,1.4706940478585309,2,69.28929,nigeria,draw_79
Male,1.4389395335757924,2,69.28929,nigeria,draw_79
Female,1.4325671913905558,3,69.28929,nigeria,draw_79
Male,1.3800654885365067,3,69.28929,nigeria,draw_79
Female,1.4684136696037646,2,69.3994,nigeria,draw_79
Male,1.436855858199986,2,69.3994,nigeria,draw_79
Female,1.4307053478304015,3,69.3994,nigeria,draw_79
Male,1.3784411176970588,3,69.3994,nigeria,draw_79
Female,1.4661409177743259,2,69.50951,nigeria,draw_79
Male,1.4347780568490494,2,69.50951,nigeria,draw_79
Female,1.4288477260358377,3,69.50951,nigeria,draw_79
Male,1.3768200427739596,3,69.50951,nigeria,draw_79
Female,1.463875029649472,2,69.61962,nigeria,draw_79
Male,1.432706808388772,2,69.61962,nigeria,draw_79
Female,1.4269939217649292,3,69.61962,nigeria,draw_79
Male,1.3752027893541037,3,69.61962,nigeria,draw_79
Female,1.4616166401175794,2,69.72973,nigeria,draw_79
Male,1.4306425178029438,2,69.72973,nigeria,draw_79
Female,1.425144139352522,3,69.72973,nigeria,draw_79
Male,1.3735895766834647,3,69.72973,nigeria,draw_79
Female,1.4593652840561646,2,69.83984,nigeria,draw_79
Male,1.4285835830413522,2,69.83984,nigeria,draw_79
Female,1.4232983115845765,3,69.83984,nigeria,draw_79
Male,1.3719794143992052,3,69.83984,nigeria,draw_79
Female,1.4571214399057961,2,69.94995,nigeria,draw_79
Male,1.4265312575961129,2,69.94995,nigeria,draw_79
Female,1.4214565973276854,3,69.94995,nigeria,draw_79
Male,1.3703728919671212,3,69.94995,nigeria,draw_79
Female,1.4548847131855192,2,70.06006,nigeria,draw_79
Male,1.4244845918252595,2,70.06006,nigeria,draw_79
Female,1.419618880677663,3,70.06006,nigeria,draw_79
Male,1.3687697249202007,3,70.06006,nigeria,draw_79
Female,1.4526553683466128,2,70.17017,nigeria,draw_79
Male,1.4224436647159786,2,70.17017,nigeria,draw_79
Female,1.4177852839013108,3,70.17017,nigeria,draw_79
Male,1.3671697612888762,3,70.17017,nigeria,draw_79
Female,1.4504326021432585,2,70.28028,nigeria,draw_79
Male,1.420409874600144,2,70.28028,nigeria,draw_79
Female,1.4159554021135903,3,70.28028,nigeria,draw_79
Male,1.3655738028104247,3,70.28028,nigeria,draw_79
Female,1.448217093088528,2,70.39039,nigeria,draw_79
Male,1.4183817161265793,2,70.39039,nigeria,draw_79
Female,1.4141295565566714,3,70.39039,nigeria,draw_79
Male,1.3639809414412252,3,70.39039,nigeria,draw_79
Female,1.446009570826424,2,70.5005,nigeria,draw_79
Male,1.4163604146354143,2,70.5005,nigeria,draw_79
Female,1.4123082137576555,3,70.5005,nigeria,draw_79
Male,1.3623919321618776,3,70.5005,nigeria,draw_79
Female,1.4438087894250735,2,70.61061,nigeria,draw_79
Male,1.41434522258826,2,70.61061,nigeria,draw_79
Female,1.4104906564770028,3,70.61061,nigeria,draw_79
Male,1.3608064277342753,3,70.61061,nigeria,draw_79
Female,1.441616316955275,2,70.72072,nigeria,draw_79
Male,1.4123365764114417,2,70.72072,nigeria,draw_79
Female,1.4086777767398904,3,70.72072,nigeria,draw_79
Male,1.3592245511082417,3,70.72072,nigeria,draw_79
Female,1.4394308238253568,2,70.83083,nigeria,draw_79
Male,1.4103333609684299,2,70.83083,nigeria,draw_79
Female,1.406868887569219,3,70.83083,nigeria,draw_79
Male,1.3576455976554558,3,70.83083,nigeria,draw_79
Female,1.4372516409257556,2,70.94094,nigeria,draw_79
Male,1.4083371786869372,2,70.94094,nigeria,draw_79
Female,1.4050635294541047,3,70.94094,nigeria,draw_79
Male,1.3560705915795666,3,70.94094,nigeria,draw_79
Female,1.4350805787423748,2,71.05105,nigeria,draw_79
Male,1.4063468119494884,2,71.05105,nigeria,draw_79
Female,1.4032626300241708,3,71.05105,nigeria,draw_79
Male,1.3544988117319707,3,71.05105,nigeria,draw_79
Female,1.432916207469095,2,71.16116,nigeria,draw_79
Male,1.404361609519665,2,71.16116,nigeria,draw_79
Female,1.4014653315386545,3,71.16116,nigeria,draw_79
Male,1.3529299786138822,3,71.16116,nigeria,draw_79
Female,1.430759440789554,2,71.27127,nigeria,draw_79
Male,1.4023819839234712,2,71.27127,nigeria,draw_79
Female,1.3996722149444205,3,71.27127,nigeria,draw_79
Male,1.3513644043637982,3,71.27127,nigeria,draw_79
Female,1.4286093174955685,2,71.38138,nigeria,draw_79
Male,1.4004079443517268,2,71.38138,nigeria,draw_79
Female,1.3978827215067942,3,71.38138,nigeria,draw_79
Male,1.3498021684181019,3,71.38138,nigeria,draw_79
Female,1.4264661298415642,2,71.49149,nigeria,draw_79
Male,1.3984392442484408,2,71.49149,nigeria,draw_79
Female,1.3960971589035607,3,71.49149,nigeria,draw_79
Male,1.3482432242418487,3,71.49149,nigeria,draw_79
Female,1.424329831998656,2,71.6016,nigeria,draw_79
Male,1.3964751299517106,2,71.6016,nigeria,draw_79
Female,1.3943153741316703,3,71.6016,nigeria,draw_79
Male,1.3466870973388825,3,71.6016,nigeria,draw_79
Female,1.4222007802509216,2,71.71171,nigeria,draw_79
Male,1.3945176271920596,2,71.71171,nigeria,draw_79
Female,1.3925378372396988,3,71.71171,nigeria,draw_79
Male,1.345134960631972,3,71.71171,nigeria,draw_79
Female,1.4200778498786684,2,71.82182,nigeria,draw_79
Male,1.392565262852545,2,71.82182,nigeria,draw_79
Female,1.3907638934871445,3,71.82182,nigeria,draw_79
Male,1.3435858062561228,3,71.82182,nigeria,draw_79
Female,1.4179611412944475,2,71.93193,nigeria,draw_79
Male,1.3906188583777968,2,71.93193,nigeria,draw_79
Female,1.3889937271524715,3,71.93193,nigeria,draw_79
Male,1.342039974088164,3,71.93193,nigeria,draw_79
Female,1.4158517828533472,2,72.04204,nigeria,draw_79
Male,1.3886781224122067,2,72.04204,nigeria,draw_79
Female,1.3872279515118422,3,72.04204,nigeria,draw_79
Male,1.3404972984835717,3,72.04204,nigeria,draw_79
Female,1.4137494357875582,2,72.15215,nigeria,draw_79
Male,1.3867423542147719,2,72.15215,nigeria,draw_79
Female,1.3854663751490115,3,72.15215,nigeria,draw_79
Male,1.3389574223095557,3,72.15215,nigeria,draw_79
Female,1.4116530629672948,2,72.26226,nigeria,draw_79
Male,1.3848128184172124,2,72.26226,nigeria,draw_79
Female,1.3837084216325195,3,72.26226,nigeria,draw_79
Male,1.337421067956644,3,72.26226,nigeria,draw_79
Female,1.4095635047489117,2,72.37237,nigeria,draw_79
Male,1.3828882534534699,2,72.37237,nigeria,draw_79
Female,1.3819545284731187,3,72.37237,nigeria,draw_79
Male,1.3358876320866024,3,72.37237,nigeria,draw_79
Female,1.4074803298648308,2,72.48248,nigeria,draw_79
Male,1.380969434592348,2,72.48248,nigeria,draw_79
Female,1.3802044680364176,3,72.48248,nigeria,draw_79
Male,1.3343575549834472,3,72.48248,nigeria,draw_79
Female,1.405403348585725,2,72.59259,nigeria,draw_79
Male,1.3790554598975764,2,72.59259,nigeria,draw_79
Female,1.3784580333302343,3,72.59259,nigeria,draw_79
Male,1.3328303459796391,3,72.59259,nigeria,draw_79
Female,1.4033328615649938,2,72.7027,nigeria,draw_79
Male,1.3771470070136382,2,72.7027,nigeria,draw_79
Female,1.3767154942856863,3,72.7027,nigeria,draw_79
Male,1.3313064146847318,3,72.7027,nigeria,draw_79
Female,1.40126851753507,2,72.81281,nigeria,draw_79
Male,1.3752445365536274,2,72.81281,nigeria,draw_79
Female,1.374976445095059,3,72.81281,nigeria,draw_79
Male,1.3297859454063368,3,72.81281,nigeria,draw_79
Female,1.3992107076009934,2,72.92292,nigeria,draw_79
Male,1.373347269747511,2,72.92292,nigeria,draw_79
Female,1.3732411172463714,3,72.92292,nigeria,draw_79
Male,1.3282683211666728,3,72.92292,nigeria,draw_79
Female,1.3971596287568142,2,73.03303,nigeria,draw_79
Male,1.3714556266358835,2,73.03303,nigeria,draw_79
Female,1.3715099527382186,3,73.03303,nigeria,draw_79
Male,1.3267538360185733,3,73.03303,nigeria,draw_79
Female,1.3951145981790627,2,73.14314,nigeria,draw_79
Male,1.3695694544774992,2,73.14314,nigeria,draw_79
Female,1.3697824566425678,3,73.14314,nigeria,draw_79
Male,1.3252426069809427,3,73.14314,nigeria,draw_79
Female,1.3930763540472206,2,73.25325,nigeria,draw_79
Male,1.3676881668702172,2,73.25325,nigeria,draw_79
Female,1.3680590632980105,3,73.25325,nigeria,draw_79
Male,1.3237342583212972,3,73.25325,nigeria,draw_79
Female,1.3910444964579165,2,73.36336,nigeria,draw_79
Male,1.3658130393783339,2,73.36336,nigeria,draw_79
Female,1.3663395162963337,3,73.36336,nigeria,draw_79
Male,1.3222296168966747,3,73.36336,nigeria,draw_79
Female,1.389018249591401,2,73.47347,nigeria,draw_79
Male,1.3639431921647611,2,73.47347,nigeria,draw_79
Female,1.36462326155347,3,73.47347,nigeria,draw_79
Male,1.3207281311410568,3,73.47347,nigeria,draw_79
Female,1.386999251423832,2,73.58358,nigeria,draw_79
Male,1.3620781229178707,2,73.58358,nigeria,draw_79
Female,1.3629113101000006,3,73.58358,nigeria,draw_79
Male,1.3192295664448785,3,73.58358,nigeria,draw_79
Female,1.3849864802667973,2,73.69369,nigeria,draw_79
Male,1.3602193446644069,2,73.69369,nigeria,draw_79
Female,1.361203170434484,3,73.69369,nigeria,draw_79
Male,1.3177346668051069,3,73.69369,nigeria,draw_79
Female,1.3829800539165789,2,73.8038,nigeria,draw_79
Male,1.3583659800586148,2,73.8038,nigeria,draw_79
Female,1.3594989834774678,3,73.8038,nigeria,draw_79
Male,1.3162428429601256,3,73.8038,nigeria,draw_79
Female,1.3809793752883857,2,73.91391,nigeria,draw_79
Male,1.3565174900983883,2,73.91391,nigeria,draw_79
Female,1.3577983864394134,3,73.91391,nigeria,draw_79
Male,1.3147540459044897,3,73.91391,nigeria,draw_79
Female,1.3789856761881076,2,74.02402,nigeria,draw_79
Male,1.3546742206686502,2,74.02402,nigeria,draw_79
Female,1.356102032750662,3,74.02402,nigeria,draw_79
Male,1.313268283626985,3,74.02402,nigeria,draw_79
Female,1.3769976824448906,2,74.13413,nigeria,draw_79
Male,1.3528373813494863,2,74.13413,nigeria,draw_79
Female,1.3544091374058385,3,74.13413,nigeria,draw_79
Male,1.311786115489363,3,74.13413,nigeria,draw_79
Female,1.3750154628653377,2,74.24424,nigeria,draw_79
Male,1.351005271684242,2,74.24424,nigeria,draw_79
Female,1.352719996303681,3,74.24424,nigeria,draw_79
Male,1.3103066852655452,3,74.24424,nigeria,draw_79
Female,1.3730393028033059,2,74.35435,nigeria,draw_79
Male,1.3491798723457795,2,74.35435,nigeria,draw_79
Female,1.351034590955354,3,74.35435,nigeria,draw_79
Male,1.3088310930242626,3,74.35435,nigeria,draw_79
Female,1.3710693740209365,2,74.46446,nigeria,draw_79
Male,1.347358591705072,2,74.46446,nigeria,draw_79
Female,1.3493529590120723,3,74.46446,nigeria,draw_79
Male,1.3073579488592284,3,74.46446,nigeria,draw_79
Female,1.369105519120725,2,74.57457,nigeria,draw_79
Male,1.3455429299739439,2,74.57457,nigeria,draw_79
Female,1.3476750665201611,3,74.57457,nigeria,draw_79
Male,1.3058880255797105,3,74.57457,nigeria,draw_79
Female,1.3671476687900146,2,74.68468,nigeria,draw_79
Male,1.343731728417575,2,74.68468,nigeria,draw_79
Female,1.346000986691844,3,74.68468,nigeria,draw_79
Male,1.30442080415591,3,74.68468,nigeria,draw_79
Female,1.3651951969597718,2,74.79479,nigeria,draw_79
Male,1.341926766207322,2,74.79479,nigeria,draw_79
Female,1.3443303185726012,3,74.79479,nigeria,draw_79
Male,1.302957116289618,3,74.79479,nigeria,draw_79
Female,1.3632491987834754,2,74.9049,nigeria,draw_79
Male,1.3401273918199827,2,74.9049,nigeria,draw_79
Female,1.3426636566569967,3,74.9049,nigeria,draw_79
Male,1.3014966519485245,3,74.9049,nigeria,draw_79
Female,1.3613086844839248,2,75.01502,nigeria,draw_79
Male,1.3383331232331885,2,75.01502,nigeria,draw_79
Female,1.3410002407909845,3,75.01502,nigeria,draw_79
Male,1.3000392132838121,3,75.01502,nigeria,draw_79
Female,1.3593751053452354,2,75.12513,nigeria,draw_79
Male,1.336543256263695,2,75.12513,nigeria,draw_79
Female,1.3393411306233167,3,75.12513,nigeria,draw_79
Male,1.2985845543676413,3,75.12513,nigeria,draw_79
Female,1.35744657003212,2,75.23524,nigeria,draw_79
Male,1.3347589411841159,2,75.23524,nigeria,draw_79
Female,1.3376852256850993,3,75.23524,nigeria,draw_79
Male,1.297133150636019,3,75.23524,nigeria,draw_79
Female,1.3555240402910107,2,75.34535,nigeria,draw_79
Male,1.33297999355444,2,75.34535,nigeria,draw_79
Female,1.3360331947085933,3,75.34535,nigeria,draw_79
Male,1.2956849541588205,3,75.34535,nigeria,draw_79
Female,1.3536072553196505,2,75.45546,nigeria,draw_79
Male,1.3312063913508323,2,75.45546,nigeria,draw_79
Female,1.3343847334712027,3,75.45546,nigeria,draw_79
Male,1.2942397480957253,3,75.45546,nigeria,draw_79
Female,1.3516967182606423,2,75.56557,nigeria,draw_79
Male,1.3294383027046637,2,75.56557,nigeria,draw_79
Female,1.332740126753913,3,75.56557,nigeria,draw_79
Male,1.2927976986804524,3,75.56557,nigeria,draw_79
Female,1.34979196088595,2,75.67568,nigeria,draw_79
Male,1.3276751456020104,2,75.67568,nigeria,draw_79
Female,1.3310991782878883,3,75.67568,nigeria,draw_79
Male,1.291358607823878,3,75.67568,nigeria,draw_79
Female,1.3478941158204634,2,75.78579,nigeria,draw_79
Male,1.325916456692736,2,75.78579,nigeria,draw_79
Female,1.329462538805804,3,75.78579,nigeria,draw_79
Male,1.2899223087536027,3,75.78579,nigeria,draw_79
Female,1.3460016011056704,2,75.8959,nigeria,draw_79
Male,1.324163504948636,2,75.8959,nigeria,draw_79
Female,1.3278292344622507,3,75.8959,nigeria,draw_79
Male,1.2884895029210721,3,75.8959,nigeria,draw_79
Female,1.3441152192979142,2,76.00601,nigeria,draw_79
Male,1.322415097636105,2,76.00601,nigeria,draw_79
Female,1.3261998283801841,3,76.00601,nigeria,draw_79
Male,1.2870594618185893,3,76.00601,nigeria,draw_79
Female,1.3422336205411372,2,76.11612,nigeria,draw_79
Male,1.3206718413570904,2,76.11612,nigeria,draw_79
Female,1.3245734492779475,3,76.11612,nigeria,draw_79
Male,1.2856324026999428,3,76.11612,nigeria,draw_79
Female,1.340358271423385,2,76.22623,nigeria,draw_79
Male,1.3189335973254535,2,76.22623,nigeria,draw_79
Female,1.3229509942997546,3,76.22623,nigeria,draw_79
Male,1.284208294245995,3,76.22623,nigeria,draw_79
Female,1.3384880955298064,2,76.33634,nigeria,draw_79
Male,1.31720070297793,2,76.33634,nigeria,draw_79
Female,1.3213317869800236,3,76.33634,nigeria,draw_79
Male,1.2827873480726248,3,76.33634,nigeria,draw_79
Female,1.3366241434446486,2,76.44645,nigeria,draw_79
Male,1.3154712545382565,2,76.44645,nigeria,draw_79
Female,1.3197164828295405,3,76.44645,nigeria,draw_79
Male,1.28136854162143,3,76.44645,nigeria,draw_79
Female,1.3347653076609218,2,76.55656,nigeria,draw_79
Male,1.3137483352631263,2,76.55656,nigeria,draw_79
Female,1.3181045204916282,3,76.55656,nigeria,draw_79
Male,1.2799535641618789,3,76.55656,nigeria,draw_79
Female,1.332913437141692,2,76.66667,nigeria,draw_79
Male,1.3120293805065366,2,76.66667,nigeria,draw_79
Female,1.3164968412618343,3,76.66667,nigeria,draw_79
Male,1.2785409641725158,3,76.66667,nigeria,draw_79
Female,1.3310666068869288,2,76.77678,nigeria,draw_79
Male,1.3103164240297083,2,76.77678,nigeria,draw_79
Female,1.314892384979742,3,76.77678,nigeria,draw_79
Male,1.2771320673910405,3,76.77678,nigeria,draw_79
Female,1.3292257798475948,2,76.88689,nigeria,draw_79
Male,1.3086082965932753,2,76.88689,nigeria,draw_79
Female,1.3132917128713404,3,76.88689,nigeria,draw_79
Male,1.2757260390748757,3,76.88689,nigeria,draw_79
Female,1.3273909992559905,2,76.997,nigeria,draw_79
Male,1.3069045733924505,2,76.997,nigeria,draw_79
Female,1.3116947862336228,3,76.997,nigeria,draw_79
Male,1.2743227736409672,3,76.997,nigeria,draw_79
Female,1.3255629358747008,2,77.10711,nigeria,draw_79
Male,1.30520574361086,2,77.10711,nigeria,draw_79
Female,1.3101020986692766,3,77.10711,nigeria,draw_79
Male,1.272922479955912,3,77.10711,nigeria,draw_79
Female,1.3237394154614992,2,77.21722,nigeria,draw_79
Male,1.3035122574054543,2,77.21722,nigeria,draw_79
Female,1.308512246112369,3,77.21722,nigeria,draw_79
Male,1.2715252518601408,3,77.21722,nigeria,draw_79
Female,1.3219227106704066,2,77.32733,nigeria,draw_79
Male,1.301824170806921,2,77.32733,nigeria,draw_79
Female,1.3069265682642712,3,77.32733,nigeria,draw_79
Male,1.2701311319477009,3,77.32733,nigeria,draw_79
Female,1.3201119588322074,2,77.43744,nigeria,draw_79
Male,1.3001411425794538,2,77.43744,nigeria,draw_79
Female,1.305344575169992,3,77.43744,nigeria,draw_79
Male,1.268739953264934,3,77.43744,nigeria,draw_79
Female,1.3183060903125412,2,77.54755,nigeria,draw_79
Male,1.298462411450077,2,77.54755,nigeria,draw_79
Female,1.3037656447443084,3,77.54755,nigeria,draw_79
Male,1.267351460314792,3,77.54755,nigeria,draw_79
Female,1.3165064192017208,2,77.65766,nigeria,draw_79
Male,1.2967890164545934,2,77.65766,nigeria,draw_79
Female,1.3021907145874783,3,77.65766,nigeria,draw_79
Male,1.2659662798374085,3,77.65766,nigeria,draw_79
Female,1.3147114911970352,2,77.76777,nigeria,draw_79
Male,1.2951205531677303,2,77.76777,nigeria,draw_79
Female,1.3006188625705506,3,77.76777,nigeria,draw_79
Male,1.2645841210799778,3,77.76777,nigeria,draw_79
Female,1.3129220897365703,2,77.87788,nigeria,draw_79
Male,1.2934563479412244,2,77.87788,nigeria,draw_79
Female,1.2990505219650077,3,77.87788,nigeria,draw_79
Male,1.2632045481149388,3,77.87788,nigeria,draw_79
Female,1.3111388989596608,2,77.98799,nigeria,draw_79
Male,1.2917965572339245,2,77.98799,nigeria,draw_79
Female,1.2974862893831536,3,77.98799,nigeria,draw_79
Male,1.2618276647844244,3,77.98799,nigeria,draw_79
Female,1.309360766293483,2,78.0981,nigeria,draw_79
Male,1.2901426035867958,2,78.0981,nigeria,draw_79
Female,1.2959254133558697,3,78.0981,nigeria,draw_79
Male,1.2604542567294166,3,78.0981,nigeria,draw_79
Female,1.3075882020905907,2,78.20821,nigeria,draw_79
Male,1.2884924046479191,2,78.20821,nigeria,draw_79
Female,1.2943681855225158,3,78.20821,nigeria,draw_79
Male,1.2590832487124723,3,78.20821,nigeria,draw_79
Female,1.3058214538396213,2,78.31832,nigeria,draw_79
Male,1.2868484281979282,2,78.31832,nigeria,draw_79
Female,1.292814548783794,3,78.31832,nigeria,draw_79
Male,1.257715865704483,3,78.31832,nigeria,draw_79
Female,1.3040600092109869,2,78.42843,nigeria,draw_79
Male,1.28520902300833,2,78.42843,nigeria,draw_79
Female,1.2912642995047505,3,78.42843,nigeria,draw_79
Male,1.2563511402647314,3,78.42843,nigeria,draw_79
Female,1.3023040718772294,2,78.53854,nigeria,draw_79
Male,1.2835741015428908,2,78.53854,nigeria,draw_79
Female,1.2897175469160118,3,78.53854,nigeria,draw_79
Male,1.254988967423598,3,78.53854,nigeria,draw_79
Female,1.3005534135678807,2,78.64865,nigeria,draw_79
Male,1.281944441705924,2,78.64865,nigeria,draw_79
Female,1.2881740585367245,3,78.64865,nigeria,draw_79
Male,1.2536298729100661,3,78.64865,nigeria,draw_79
Female,1.2988083078500134,2,78.75876,nigeria,draw_79
Male,1.2803195550315034,2,78.75876,nigeria,draw_79
Female,1.2866340049410658,3,78.75876,nigeria,draw_79
Male,1.2522735205723141,3,78.75876,nigeria,draw_79
Female,1.2970686433868834,2,78.86887,nigeria,draw_79
Male,1.2786991518756992,2,78.86887,nigeria,draw_79
Female,1.2850973330438464,3,78.86887,nigeria,draw_79
Male,1.2509198190134296,3,78.86887,nigeria,draw_79
Female,1.2953336921324523,2,78.97898,nigeria,draw_79
Male,1.2770837719124255,2,78.97898,nigeria,draw_79
Female,1.2835637005446892,3,78.97898,nigeria,draw_79
Male,1.2495691248403265,3,78.97898,nigeria,draw_79
Female,1.2936035967156476,2,79.08909,nigeria,draw_79
Male,1.275472615825504,2,79.08909,nigeria,draw_79
Female,1.282033241931826,3,79.08909,nigeria,draw_79
Male,1.2482209160774478,3,79.08909,nigeria,draw_79
Female,1.291879686045558,2,79.1992,nigeria,draw_79
Male,1.273867098515835,2,79.1992,nigeria,draw_79
Female,1.2805068174700116,3,79.1992,nigeria,draw_79
Male,1.246876148694196,3,79.1992,nigeria,draw_79
Female,1.2901602808366155,2,79.30931,nigeria,draw_79
Male,1.272265267362887,2,79.30931,nigeria,draw_79
Female,1.278983535688945,3,79.30931,nigeria,draw_79
Male,1.2455337823832349,3,79.30931,nigeria,draw_79
Female,1.2884458475453848,2,79.41942,nigeria,draw_79
Male,1.2706675224134514,2,79.41942,nigeria,draw_79
Female,1.277463640194796,3,79.41942,nigeria,draw_79
Male,1.2441939799485215,3,79.41942,nigeria,draw_79
Female,1.286736872954879,2,79.52953,nigeria,draw_79
Male,1.2690745838528115,2,79.52953,nigeria,draw_79
Female,1.275947443335504,3,79.52953,nigeria,draw_79
Male,1.24285707456522,3,79.52953,nigeria,draw_79
Female,1.2850332533372502,2,79.63964,nigeria,draw_79
Male,1.2674864242793862,2,79.63964,nigeria,draw_79
Female,1.274434753264327,3,79.63964,nigeria,draw_79
Male,1.241522970062009,3,79.63964,nigeria,draw_79
Female,1.2833347609889714,2,79.74975,nigeria,draw_79
Male,1.2659029036031786,2,79.74975,nigeria,draw_79
Female,1.2729254516971948,3,79.74975,nigeria,draw_79
Male,1.2401916468040843,3,79.74975,nigeria,draw_79
Female,1.2816414113515193,2,79.85986,nigeria,draw_79
Male,1.264324155483909,2,79.85986,nigeria,draw_79
Female,1.2714194552393177,3,79.85986,nigeria,draw_79
Male,1.2388632373009982,3,79.85986,nigeria,draw_79
Female,1.2799543916028504,2,79.96997,nigeria,draw_79
Male,1.262749842297608,2,79.96997,nigeria,draw_79
Female,1.2699174228014452,3,79.96997,nigeria,draw_79
Male,1.2375373605121678,3,79.96997,nigeria,draw_79
Female,1.2782710168934466,2,80.08008,nigeria,draw_79
Male,1.2611801264937363,2,80.08008,nigeria,draw_79
Female,1.268417612638219,3,80.08008,nigeria,draw_79
Male,1.2362142241425313,3,80.08008,nigeria,draw_79
Female,1.2765945479261693,2,80.19019,nigeria,draw_79
Male,1.2596156118946031,2,80.19019,nigeria,draw_79
Female,1.2669221219140625,3,80.19019,nigeria,draw_79
Male,1.2348943155788403,3,80.19019,nigeria,draw_79
Female,1.2749237403708655,2,80.3003,nigeria,draw_79
Male,1.2580554064418679,2,80.3003,nigeria,draw_79
Female,1.265430250971873,3,80.3003,nigeria,draw_79
Male,1.2335769751387824,3,80.3003,nigeria,draw_79
Female,1.2732579814728864,2,80.41041,nigeria,draw_79
Male,1.2564995847011433,2,80.41041,nigeria,draw_79
Female,1.2639415474235964,3,80.41041,nigeria,draw_79
Male,1.2322623734147367,3,80.41041,nigeria,draw_79
Female,1.2715973935789404,2,80.52052,nigeria,draw_79
Male,1.2549481850271822,2,80.52052,nigeria,draw_79
Female,1.2624561613597531,3,80.52052,nigeria,draw_79
Male,1.2309503853792692,3,80.52052,nigeria,draw_79
Female,1.269942303335307,2,80.63063,nigeria,draw_79
Male,1.253401233292292,2,80.63063,nigeria,draw_79
Female,1.260974441436513,3,80.63063,nigeria,draw_79
Male,1.2296411961821665,3,80.63063,nigeria,draw_79
Female,1.2682919939096706,2,80.74074,nigeria,draw_79
Male,1.251859516033072,2,80.74074,nigeria,draw_79
Female,1.2594959544926223,3,80.74074,nigeria,draw_79
Male,1.2283351692682718,3,80.74074,nigeria,draw_79
Female,1.2666471448187904,2,80.85085,nigeria,draw_79
Male,1.25032135727479,2,80.85085,nigeria,draw_79
Female,1.2580209360845338,3,80.85085,nigeria,draw_79
Male,1.227031390304953,3,80.85085,nigeria,draw_79
Female,1.2650068817507971,2,80.96096,nigeria,draw_79
Male,1.2487885651166708,2,80.96096,nigeria,draw_79
Female,1.2565487425312405,3,80.96096,nigeria,draw_79
Male,1.2257309114818722,3,80.96096,nigeria,draw_79
Female,1.2633719982051486,2,81.07107,nigeria,draw_79
Male,1.2472600582188689,2,81.07107,nigeria,draw_79
Female,1.2550799196469413,3,81.07107,nigeria,draw_79
Male,1.2244331260017474,3,81.07107,nigeria,draw_79
Female,1.2617418154252094,2,81.18118,nigeria,draw_79
Male,1.2457362032291655,2,81.18118,nigeria,draw_79
Female,1.2536141723909862,3,81.18118,nigeria,draw_79
Male,1.2231381805999466,3,81.18118,nigeria,draw_79
Female,1.2601162866086728,2,81.29129,nigeria,draw_79
Male,1.2442171015841947,2,81.29129,nigeria,draw_79
Female,1.2521514737772332,3,81.29129,nigeria,draw_79
Male,1.221846114947907,3,81.29129,nigeria,draw_79
Female,1.2584956981861897,2,81.4014,nigeria,draw_79
Male,1.2427026741315923,2,81.4014,nigeria,draw_79
Female,1.2506920593359347,3,81.4014,nigeria,draw_79
Male,1.2205570070318266,3,81.4014,nigeria,draw_79
Female,1.2568797548089181,2,81.51151,nigeria,draw_79
Male,1.2411927124471471,2,81.51151,nigeria,draw_79
Female,1.2492356657415404,3,81.51151,nigeria,draw_79
Male,1.21927064734508,3,81.51151,nigeria,draw_79
Female,1.255269174246585,2,81.62162,nigeria,draw_79
Male,1.2396870055712512,2,81.62162,nigeria,draw_79
Female,1.247782661177343,3,81.62162,nigeria,draw_79
Male,1.2179867922094905,3,81.62162,nigeria,draw_79
Female,1.2536627789899124,2,81.73173,nigeria,draw_79
Male,1.238186102299339,2,81.73173,nigeria,draw_79
Female,1.2463323103182737,3,81.73173,nigeria,draw_79
Male,1.216705782958699,3,81.73173,nigeria,draw_79
Female,1.2520620353828156,2,81.84184,nigeria,draw_79
Male,1.2366894160693411,2,81.84184,nigeria,draw_79
Female,1.2448855083830679,3,81.84184,nigeria,draw_79
Male,1.2154273769100177,3,81.84184,nigeria,draw_79
Female,1.2504666159806703,2,81.95195,nigeria,draw_79
Male,1.2351978996082347,2,81.95195,nigeria,draw_79
Female,1.2434422123034317,3,81.95195,nigeria,draw_79
Male,1.2141521537851439,3,81.95195,nigeria,draw_79
Female,1.2488764304172442,2,82.06206,nigeria,draw_79
Male,1.2337098994729874,2,82.06206,nigeria,draw_79
Female,1.2420024749149072,3,82.06206,nigeria,draw_79
Male,1.212879209216978,3,82.06206,nigeria,draw_79
Female,1.2472908608867492,2,82.17217,nigeria,draw_79
Male,1.232227124727652,2,82.17217,nigeria,draw_79
Female,1.2405656941689411,3,82.17217,nigeria,draw_79
Male,1.2116095281340271,3,82.17217,nigeria,draw_79
Female,1.2457104289742802,2,82.28228,nigeria,draw_79
Male,1.2307479798397292,2,82.28228,nigeria,draw_79
Female,1.2391320665435972,3,82.28228,nigeria,draw_79
Male,1.2103421707746596,3,82.28228,nigeria,draw_79
Female,1.2441338480612947,2,82.39239,nigeria,draw_79
Male,1.2292739191460895,2,82.39239,nigeria,draw_79
Female,1.237700846014093,3,82.39239,nigeria,draw_79
Male,1.2090781453693489,3,82.39239,nigeria,draw_79
Female,1.2425641448201556,2,82.5025,nigeria,draw_79
Male,1.2278036908234313,2,82.5025,nigeria,draw_79
Female,1.2362739783581602,3,82.5025,nigeria,draw_79
Male,1.2078165483234287,3,82.5025,nigeria,draw_79
Female,1.240998211365268,2,82.61261,nigeria,draw_79
Male,1.2263378234456115,2,82.61261,nigeria,draw_79
Female,1.234849582715451,3,82.61261,nigeria,draw_79
Male,1.2065575797494008,3,82.61261,nigeria,draw_79
Female,1.2394375613714759,2,82.72272,nigeria,draw_79
Male,1.2248763205099893,2,82.72272,nigeria,draw_79
Female,1.2334285889754617,3,82.72272,nigeria,draw_79
Male,1.2053011634107056,3,82.72272,nigeria,draw_79
Female,1.2378821894636667,2,82.83283,nigeria,draw_79
Male,1.2234197350615044,2,82.83283,nigeria,draw_79
Female,1.232011045133644,3,82.83283,nigeria,draw_79
Male,1.204047648191349,3,82.83283,nigeria,draw_79
Female,1.2363308241043791,2,82.94294,nigeria,draw_79
Male,1.2219676765862852,2,82.94294,nigeria,draw_79
Female,1.2305960514091705,3,82.94294,nigeria,draw_79
Male,1.2027968558271602,3,82.94294,nigeria,draw_79
Female,1.2347852697281136,2,83.05305,nigeria,draw_79
Male,1.2205200724379055,2,83.05305,nigeria,draw_79
Female,1.2291848093423186,3,83.05305,nigeria,draw_79
Male,1.201548650282737,3,83.05305,nigeria,draw_79
Female,1.233244567562742,2,83.16316,nigeria,draw_79
Male,1.219075555829469,2,83.16316,nigeria,draw_79
Female,1.2277767407291242,3,83.16316,nigeria,draw_79
Male,1.2003023349457622,3,83.16316,nigeria,draw_79
Female,1.2317088410193466,2,83.27327,nigeria,draw_79
Male,1.217636553893882,2,83.27327,nigeria,draw_79
Female,1.22637187441859,3,83.27327,nigeria,draw_79
Male,1.1990594248713522,3,83.27327,nigeria,draw_79
Female,1.230177431237672,2,83.38338,nigeria,draw_79
Male,1.2162011075371817,2,83.38338,nigeria,draw_79
Female,1.224969869625066,3,83.38338,nigeria,draw_79
Male,1.1978188695764567,3,83.38338,nigeria,draw_79
Female,1.228651541901812,2,83.49349,nigeria,draw_79
Male,1.214769636306787,2,83.49349,nigeria,draw_79
Female,1.223571564760701,3,83.49349,nigeria,draw_79
Male,1.1965809441383373,3,83.49349,nigeria,draw_79
Female,1.2271302477266184,2,83.6036,nigeria,draw_79
Male,1.2133425164147507,2,83.6036,nigeria,draw_79
Female,1.2221761843001395,3,83.6036,nigeria,draw_79
Male,1.1953457303110124,3,83.6036,nigeria,draw_79
Female,1.22561357494779,2,83.71371,nigeria,draw_79
Male,1.2119203339166917,2,83.71371,nigeria,draw_79
Female,1.2207837838891584,3,83.71371,nigeria,draw_79
Male,1.194113596737004,3,83.71371,nigeria,draw_79
Female,1.2241022230247398,2,83.82382,nigeria,draw_79
Male,1.210502139341268,2,83.82382,nigeria,draw_79
Female,1.2193949531047608,3,83.82382,nigeria,draw_79
Male,1.1928838374992,3,83.82382,nigeria,draw_79
Female,1.2225962209485979,2,83.93393,nigeria,draw_79
Male,1.209087562055072,2,83.93393,nigeria,draw_79
Female,1.2180094772249395,3,83.93393,nigeria,draw_79
Male,1.1916563415726247,3,83.93393,nigeria,draw_79
Female,1.2210950805585457,2,84.04404,nigeria,draw_79
Male,1.207678126103013,2,84.04404,nigeria,draw_79
Female,1.2166270938473578,3,84.04404,nigeria,draw_79
Male,1.1904320532492099,3,84.04404,nigeria,draw_79
Female,1.2195986281569464,2,84.15415,nigeria,draw_79
Male,1.2062726325551563,2,84.15415,nigeria,draw_79
Female,1.2152477881159662,3,84.15415,nigeria,draw_79
Male,1.1892102658144694,3,84.15415,nigeria,draw_79
Female,1.2181069747107438,2,84.26426,nigeria,draw_79
Male,1.2048701820246648,2,84.26426,nigeria,draw_79
Female,1.213871754706262,3,84.26426,nigeria,draw_79
Male,1.1879905443657013,3,84.26426,nigeria,draw_79
Female,1.2166194608974517,2,84.37437,nigeria,draw_79
Male,1.2034729116127258,2,84.37437,nigeria,draw_79
Female,1.2124984321632275,3,84.37437,nigeria,draw_79
Male,1.1867740436466543,3,84.37437,nigeria,draw_79
Female,1.2151366848282437,2,84.48448,nigeria,draw_79
Male,1.202079772398068,2,84.48448,nigeria,draw_79
Female,1.2111283014300394,3,84.48448,nigeria,draw_79
Male,1.185560099936564,3,84.48448,nigeria,draw_79
Female,1.213658801674549,2,84.59459,nigeria,draw_79
Male,1.200690894037331,2,84.59459,nigeria,draw_79
Female,1.2097612752021276,3,84.59459,nigeria,draw_79
Male,1.1843488228794694,3,84.59459,nigeria,draw_79
Female,1.2121861286133269,2,84.7047,nigeria,draw_79
Male,1.1993062979041689,2,84.7047,nigeria,draw_79
Female,1.2083978691528618,3,84.7047,nigeria,draw_79
Male,1.183140086357387,3,84.7047,nigeria,draw_79
Female,1.210717787118327,2,84.81481,nigeria,draw_79
Male,1.197926302072754,2,84.81481,nigeria,draw_79
Female,1.2070375584041164,3,84.81481,nigeria,draw_79
Male,1.1819342642382868,3,84.81481,nigeria,draw_79
Female,1.2092542252737624,2,84.92492,nigeria,draw_79
Male,1.1965509995608614,2,84.92492,nigeria,draw_79
Female,1.2056805835824802,3,84.92492,nigeria,draw_79
Male,1.180731477372699,3,84.92492,nigeria,draw_79
Female,1.207796824694788,2,85.03504,nigeria,draw_79
Male,1.195179298384945,2,85.03504,nigeria,draw_79
Female,1.2043279109722878,3,85.03504,nigeria,draw_79
Male,1.1795310097785083,3,85.03504,nigeria,draw_79
Female,1.2063427379618739,2,85.14515,nigeria,draw_79
Male,1.1938129277921927,2,85.14515,nigeria,draw_79
Female,1.2029776725659216,3,85.14515,nigeria,draw_79
Male,1.1783340262053292,3,85.14515,nigeria,draw_79
Female,1.2048948052293642,2,85.25526,nigeria,draw_79
Male,1.192450673523682,2,85.25526,nigeria,draw_79
Female,1.2016317090508568,3,85.25526,nigeria,draw_79
Male,1.1771396991091243,3,85.25526,nigeria,draw_79
Female,1.2034514335382223,2,85.36537,nigeria,draw_79
Male,1.1910932481988634,2,85.36537,nigeria,draw_79
Female,1.2002890747454245,3,85.36537,nigeria,draw_79
Male,1.1759485241510943,3,85.36537,nigeria,draw_79
Female,1.20201309696777,2,85.47548,nigeria,draw_79
Male,1.1897407714405197,2,85.47548,nigeria,draw_79
Female,1.1989499910833306,3,85.47548,nigeria,draw_79
Male,1.174760694548626,3,85.47548,nigeria,draw_79
Female,1.200580097272572,2,85.58559,nigeria,draw_79
Male,1.1883930504737454,2,85.58559,nigeria,draw_79
Female,1.1976146266455732,3,85.58559,nigeria,draw_79
Male,1.1735759434830841,3,85.58559,nigeria,draw_79
Female,1.1991519332530862,2,85.6957,nigeria,draw_79
Male,1.1870503764775784,2,85.6957,nigeria,draw_79
Female,1.196282618739261,3,85.6957,nigeria,draw_79
Male,1.1723945138073995,3,85.6957,nigeria,draw_79
Female,1.1977295283955491,2,85.80581,nigeria,draw_79
Male,1.1857132164727004,2,85.80581,nigeria,draw_79
Female,1.1949545563165584,3,85.80581,nigeria,draw_79
Male,1.1712167615269982,3,85.80581,nigeria,draw_79
Female,1.1963129178791934,2,85.91592,nigeria,draw_79
Male,1.1843801886034433,2,85.91592,nigeria,draw_79
Female,1.193630563670088,3,85.91592,nigeria,draw_79
Male,1.1700421452915724,3,85.91592,nigeria,draw_79
Female,1.1949020803238368,2,86.02603,nigeria,draw_79
Male,1.18305264906705,2,86.02603,nigeria,draw_79
Female,1.1923109155200218,3,86.02603,nigeria,draw_79
Male,1.168871273547372,3,86.02603,nigeria,draw_79
Female,1.1934967846273876,2,86.13614,nigeria,draw_79
Male,1.181730787670842,2,86.13614,nigeria,draw_79
Female,1.190995418745547,3,86.13614,nigeria,draw_79
Male,1.1677042350660094,3,86.13614,nigeria,draw_79
Female,1.1920963637311046,2,86.24625,nigeria,draw_79
Male,1.1804135560087465,2,86.24625,nigeria,draw_79
Female,1.1896834960641782,3,86.24625,nigeria,draw_79
Male,1.1665405091873025,3,86.24625,nigeria,draw_79
Female,1.190702264167852,2,86.35636,nigeria,draw_79
Male,1.179100754312355,2,86.35636,nigeria,draw_79
Female,1.1883761761690796,3,86.35636,nigeria,draw_79
Male,1.1653800072038423,3,86.35636,nigeria,draw_79
Female,1.1893133674873433,2,86.46647,nigeria,draw_79
Male,1.1777930213606298,2,86.46647,nigeria,draw_79
Female,1.1870727513021353,3,86.46647,nigeria,draw_79
Male,1.1642233236286883,3,86.46647,nigeria,draw_79
Female,1.1879306707969697,2,86.57658,nigeria,draw_79
Male,1.1764910441155043,2,86.57658,nigeria,draw_79
Female,1.1857739227457635,3,86.57658,nigeria,draw_79
Male,1.1630706479959627,3,86.57658,nigeria,draw_79
Female,1.18655402410912,2,86.68669,nigeria,draw_79
Male,1.1751950253783126,2,86.68669,nigeria,draw_79
Female,1.1844797095235566,3,86.68669,nigeria,draw_79
Male,1.1619221685588081,3,86.68669,nigeria,draw_79
Female,1.1851841212275254,2,86.7968,nigeria,draw_79
Male,1.1739042908560493,2,86.7968,nigeria,draw_79
Female,1.1831903668547856,3,86.7968,nigeria,draw_79
Male,1.1607777542857396,3,86.7968,nigeria,draw_79
Female,1.1838200000407186,2,86.90691,nigeria,draw_79
Male,1.172618591725877,2,86.90691,nigeria,draw_79
Female,1.1819053381597648,3,86.90691,nigeria,draw_79
Male,1.1596370158190914,3,86.90691,nigeria,draw_79
Female,1.1824617342351615,2,87.01702,nigeria,draw_79
Male,1.1713383239235429,2,87.01702,nigeria,draw_79
Female,1.1806249678255711,3,87.01702,nigeria,draw_79
Male,1.158500143302244,3,87.01702,nigeria,draw_79
Female,1.1811091268243084,2,87.12713,nigeria,draw_79
Male,1.1700631593646529,2,87.12713,nigeria,draw_79
Female,1.1793491457747762,3,87.12713,nigeria,draw_79
Male,1.1573669877728336,3,87.12713,nigeria,draw_79
Female,1.17976239474923,2,87.23724,nigeria,draw_79
Male,1.1687935514776397,2,87.23724,nigeria,draw_79
Female,1.1780778099877776,3,87.23724,nigeria,draw_79
Male,1.1562377170426095,3,87.23724,nigeria,draw_79
Female,1.1784218784172464,2,87.34735,nigeria,draw_79
Male,1.1675287863052213,2,87.34735,nigeria,draw_79
Female,1.1768111889158275,3,87.34735,nigeria,draw_79
Male,1.1551119972671726,3,87.34735,nigeria,draw_79
Female,1.1770869683976022,2,87.45746,nigeria,draw_79
Male,1.166270259284052,2,87.45746,nigeria,draw_79
Female,1.1755489517578808,3,87.45746,nigeria,draw_79
Male,1.1539906981629664,3,87.45746,nigeria,draw_79
Female,1.1757574020247064,2,87.56757,nigeria,draw_79
Male,1.1650164269702896,2,87.56757,nigeria,draw_79
Female,1.1742909397820773,3,87.56757,nigeria,draw_79
Male,1.1528730104409708,3,87.56757,nigeria,draw_79
Female,1.1744343288766317,2,87.67768,nigeria,draw_79
Male,1.1637682935101754,2,87.67768,nigeria,draw_79
Female,1.1730378196029076,3,87.67768,nigeria,draw_79
Male,1.1517592654004887,3,87.67768,nigeria,draw_79
Female,1.1731162864257032,2,87.78779,nigeria,draw_79
Male,1.1625255643743724,2,87.78779,nigeria,draw_79
Female,1.1717886673991487,3,87.78779,nigeria,draw_79
Male,1.1506492246098847,3,87.78779,nigeria,draw_79
Female,1.1718040318134508,2,87.8979,nigeria,draw_79
Male,1.1612872718248488,2,87.8979,nigeria,draw_79
Female,1.1705438897171105,3,87.8979,nigeria,draw_79
Male,1.1495425667112913,3,87.8979,nigeria,draw_79
Female,1.1704966945176332,2,88.00801,nigeria,draw_79
Male,1.1600549596019138,2,88.00801,nigeria,draw_79
Female,1.1693030348635582,3,88.00801,nigeria,draw_79
Male,1.148440336772071,3,88.00801,nigeria,draw_79
Female,1.1691965444934143,2,88.11812,nigeria,draw_79
Male,1.1588279123057412,2,88.11812,nigeria,draw_79
Female,1.1680676363326294,3,88.11812,nigeria,draw_79
Male,1.1473420325716597,3,88.11812,nigeria,draw_79
Female,1.1679018075279495,2,88.22823,nigeria,draw_79
Male,1.1576066956348834,2,88.22823,nigeria,draw_79
Female,1.1668367058266176,3,88.22823,nigeria,draw_79
Male,1.1462481092238204,3,88.22823,nigeria,draw_79
Female,1.166613456658772,2,88.33834,nigeria,draw_79
Male,1.1563910054602797,2,88.33834,nigeria,draw_79
Female,1.1656105533619512,3,88.33834,nigeria,draw_79
Male,1.1451583192157893,3,88.33834,nigeria,draw_79
Female,1.1653314979891636,2,88.44845,nigeria,draw_79
Male,1.1551797755380473,2,88.44845,nigeria,draw_79
Female,1.164389167825095,3,88.44845,nigeria,draw_79
Male,1.1440721313504871,3,88.44845,nigeria,draw_79
Female,1.164054917211069,2,88.55856,nigeria,draw_79
Male,1.1539742189915272,2,88.55856,nigeria,draw_79
Female,1.1631719992690865,3,88.55856,nigeria,draw_79
Male,1.1429902156895588,3,88.55856,nigeria,draw_79
Female,1.1627850575283079,2,88.66867,nigeria,draw_79
Male,1.1527744651586627,2,88.66867,nigeria,draw_79
Female,1.1619601639286838,3,88.66867,nigeria,draw_79
Male,1.1419126577762302,3,88.66867,nigeria,draw_79
Female,1.1615218073742637,2,88.77878,nigeria,draw_79
Male,1.151580931975729,2,88.77878,nigeria,draw_79
Female,1.160753654157137,3,88.77878,nigeria,draw_79
Male,1.1408398772361679,3,88.77878,nigeria,draw_79
Female,1.1602661079132226,2,88.88889,nigeria,draw_79
Male,1.15039390237944,2,88.88889,nigeria,draw_79
Female,1.1595533962121545,3,88.88889,nigeria,draw_79
Male,1.139772373151461,3,88.88889,nigeria,draw_79
Female,1.1590176761563478,2,88.999,nigeria,draw_79
Male,1.1492140385901113,2,88.999,nigeria,draw_79
Female,1.158359338064235,3,88.999,nigeria,draw_79
Male,1.1387104894264763,3,88.999,nigeria,draw_79
Female,1.1577770868210266,2,89.10911,nigeria,draw_79
Male,1.1480411923810516,2,89.10911,nigeria,draw_79
Female,1.157171801749233,3,89.10911,nigeria,draw_79
Male,1.1376541780085334,3,89.10911,nigeria,draw_79
Female,1.1565447342309156,2,89.21922,nigeria,draw_79
Male,1.1468749782343048,2,89.21922,nigeria,draw_79
Female,1.155991301208244,3,89.21922,nigeria,draw_79
Male,1.1366033422755817,3,89.21922,nigeria,draw_79
Female,1.1553201934835082,2,89.32933,nigeria,draw_79
Male,1.1457168285597805,2,89.32933,nigeria,draw_79
Female,1.1548173959961112,3,89.32933,nigeria,draw_79
Male,1.1355588939901302,3,89.32933,nigeria,draw_79
Female,1.1541027087743663,2,89.43944,nigeria,draw_79
Male,1.1445666525314728,2,89.43944,nigeria,draw_79
Female,1.1536496577330446,3,89.43944,nigeria,draw_79
Male,1.1345207284160346,3,89.43944,nigeria,draw_79
Female,1.1528942932417547,2,89.54955,nigeria,draw_79
Male,1.1434234389163835,2,89.54955,nigeria,draw_79
Female,1.1524894401610284,3,89.54955,nigeria,draw_79
Male,1.1334883902354416,3,89.54955,nigeria,draw_79
Female,1.1516948441983963,2,89.65966,nigeria,draw_79
Male,1.142287584097061,2,89.65966,nigeria,draw_79
Female,1.1513368941143305,3,89.65966,nigeria,draw_79
Male,1.132462314966991,3,89.65966,nigeria,draw_79
Female,1.150503300266492,2,89.76977,nigeria,draw_79
Male,1.1411598976477022,2,89.76977,nigeria,draw_79
Female,1.1501911501702853,3,89.76977,nigeria,draw_79
Male,1.1314427901036348,3,89.76977,nigeria,draw_79
Female,1.1493203431196841,2,89.87988,nigeria,draw_79
Male,1.1400401163682325,2,89.87988,nigeria,draw_79
Female,1.1490527578093195,3,89.87988,nigeria,draw_79
Male,1.1304297219705368,3,89.87988,nigeria,draw_79
Female,1.148144859501216,2,89.98999,nigeria,draw_79
Male,1.1389269995024096,2,89.98999,nigeria,draw_79
Female,1.1479210288501114,3,89.98999,nigeria,draw_79
Male,1.1294223531351517,3,89.98999,nigeria,draw_79
Female,1.146977243360479,2,90.1001,nigeria,draw_79
Male,1.137822149909364,2,90.1001,nigeria,draw_79
Female,1.146796200774546,3,90.1001,nigeria,draw_79
Male,1.1284214614447685,3,90.1001,nigeria,draw_79
Female,1.1458175040811849,2,90.21021,nigeria,draw_79
Male,1.1367244109296717,2,90.21021,nigeria,draw_79
Female,1.1456782148059486,3,90.21021,nigeria,draw_79
Male,1.127426427028339,3,90.21021,nigeria,draw_79
Female,1.144666762316306,2,90.32032,nigeria,draw_79
Male,1.1356355334920245,2,90.32032,nigeria,draw_79
Female,1.1445681629568227,3,90.32032,nigeria,draw_79
Male,1.1264386695653632,3,90.32032,nigeria,draw_79
Female,1.1435239790716272,2,90.43043,nigeria,draw_79
Male,1.13455370245922,2,90.43043,nigeria,draw_79
Female,1.1434652337727051,3,90.43043,nigeria,draw_79
Male,1.1254569405535089,3,90.43043,nigeria,draw_79
Female,1.1423897144017259,2,90.54054,nigeria,draw_79
Male,1.1334794943740565,2,90.54054,nigeria,draw_79
Female,1.1423698369543691,3,90.54054,nigeria,draw_79
Male,1.1244816431630544,3,90.54054,nigeria,draw_79
Female,1.14126317714869,2,90.65065,nigeria,draw_79
Male,1.1324136253385468,2,90.65065,nigeria,draw_79
Female,1.1412816041260407,3,90.65065,nigeria,draw_79
Male,1.123513216151102,3,90.65065,nigeria,draw_79
Female,1.1401456217878325,2,90.76076,nigeria,draw_79
Male,1.1313557665058862,2,90.76076,nigeria,draw_79
Female,1.1402013135929099,3,90.76076,nigeria,draw_79
Male,1.1225514764542432,3,90.76076,nigeria,draw_79
Female,1.1390363218850812,2,90.87087,nigeria,draw_79
Male,1.130305724076002,2,90.87087,nigeria,draw_79
Female,1.1391284527023098,3,90.87087,nigeria,draw_79
Male,1.1215962665756267,3,90.87087,nigeria,draw_79
Female,1.1379355473381116,2,90.98098,nigeria,draw_79
Male,1.1292636232609805,2,90.98098,nigeria,draw_79
Female,1.1380633341940245,3,90.98098,nigeria,draw_79
Male,1.1206478206317696,3,90.98098,nigeria,draw_79
Female,1.136843496002391,2,91.09109,nigeria,draw_79
Male,1.128230183668129,2,91.09109,nigeria,draw_79
Female,1.1370062421730955,3,91.09109,nigeria,draw_79
Male,1.1197068055435455,3,91.09109,nigeria,draw_79
Female,1.1357601069545809,2,91.2012,nigeria,draw_79
Male,1.1272049057141451,2,91.2012,nigeria,draw_79
Female,1.1359568790969174,3,91.2012,nigeria,draw_79
Male,1.1187726504226725,3,91.2012,nigeria,draw_79
Female,1.1346839579143886,2,91.31131,nigeria,draw_79
Male,1.126186732759802,2,91.31131,nigeria,draw_79
Female,1.1349143552120426,3,91.31131,nigeria,draw_79
Male,1.1178447323684901,3,91.31131,nigeria,draw_79
Female,1.1336163846174194,2,91.42142,nigeria,draw_79
Male,1.125175666023311,2,91.42142,nigeria,draw_79
Female,1.13387952479982,3,91.42142,nigeria,draw_79
Male,1.1169231251664324,3,91.42142,nigeria,draw_79
Female,1.1325570473629778,2,91.53153,nigeria,draw_79
Male,1.1241729035638468,2,91.53153,nigeria,draw_79
Female,1.1328521265266316,3,91.53153,nigeria,draw_79
Male,1.1160084656698952,3,91.53153,nigeria,draw_79
Female,1.1315053413974745,2,91.64164,nigeria,draw_79
Male,1.123177858667328,2,91.64164,nigeria,draw_79
Female,1.1318317160622249,3,91.64164,nigeria,draw_79
Male,1.1151003993306972,3,91.64164,nigeria,draw_79
Female,1.130462464786669,2,91.75175,nigeria,draw_79
Male,1.1221911775801054,2,91.75175,nigeria,draw_79
Female,1.1308194863124985,3,91.75175,nigeria,draw_79
Male,1.1141997854536818,3,91.75175,nigeria,draw_79
Female,1.1294282041568842,2,91.86186,nigeria,draw_79
Male,1.1212124601101958,2,91.86186,nigeria,draw_79
Female,1.129815066052637,3,91.86186,nigeria,draw_79
Male,1.1133060265010744,3,91.86186,nigeria,draw_79
Female,1.1284012176279477,2,91.97197,nigeria,draw_79
Male,1.1202408896972256,2,91.97197,nigeria,draw_79
Female,1.1288175411810644,3,91.97197,nigeria,draw_79
Male,1.1124186304081451,3,91.97197,nigeria,draw_79
Female,1.1273829163973048,2,92.08208,nigeria,draw_79
Male,1.1192777056615673,2,92.08208,nigeria,draw_79
Female,1.127827882427744,3,92.08208,nigeria,draw_79
Male,1.111538303723713,3,92.08208,nigeria,draw_79
Female,1.1263728947079346,2,92.19219,nigeria,draw_79
Male,1.1183215028394364,2,92.19219,nigeria,draw_79
Female,1.1268458359753344,3,92.19219,nigeria,draw_79
Male,1.1106642004669522,3,92.19219,nigeria,draw_79
Female,1.125369665079971,2,92.3023,nigeria,draw_79
Male,1.1173733857731296,2,92.3023,nigeria,draw_79
Female,1.1258704855798733,3,92.3023,nigeria,draw_79
Male,1.109796961617071,3,92.3023,nigeria,draw_79
Female,1.1243757574118853,2,92.41241,nigeria,draw_79
Male,1.1164329878553265,2,92.41241,nigeria,draw_79
Female,1.1249037051165947,3,92.41241,nigeria,draw_79
Male,1.108936680239513,3,92.41241,nigeria,draw_79
Female,1.1233907139328807,2,92.52252,nigeria,draw_79
Male,1.1155012347668345,2,92.52252,nigeria,draw_79
Female,1.1239452882016538,3,92.52252,nigeria,draw_79
Male,1.1080840222739037,3,92.52252,nigeria,draw_79
Female,1.1224136046274724,2,92.63263,nigeria,draw_79
Male,1.1145765862892438,2,92.63263,nigeria,draw_79
Female,1.1229941627926416,3,92.63263,nigeria,draw_79
Male,1.107237713731043,3,92.63263,nigeria,draw_79
Female,1.1214449545293526,2,92.74274,nigeria,draw_79
Male,1.1136589630783178,2,92.74274,nigeria,draw_79
Female,1.1220506480254087,3,92.74274,nigeria,draw_79
Male,1.106397691167286,3,92.74274,nigeria,draw_79
Female,1.120483550584587,2,92.85285,nigeria,draw_79
Male,1.112749380943581,2,92.85285,nigeria,draw_79
Female,1.1211140491108635,3,92.85285,nigeria,draw_79
Male,1.1055645691473417,3,92.85285,nigeria,draw_79
Female,1.1195302849755995,2,92.96296,nigeria,draw_79
Male,1.1118469500667918,2,92.96296,nigeria,draw_79
Female,1.1201849652916183,3,92.96296,nigeria,draw_79
Male,1.1047377626609334,3,92.96296,nigeria,draw_79
Female,1.1185845002926336,2,93.07307,nigeria,draw_79
Male,1.1109519720541594,2,93.07307,nigeria,draw_79
Female,1.1192628733533205,3,93.07307,nigeria,draw_79
Male,1.1039174084836856,3,93.07307,nigeria,draw_79
Female,1.1176471812853441,2,93.18318,nigeria,draw_79
Male,1.1100650191321244,2,93.18318,nigeria,draw_79
Female,1.1183488889581128,3,93.18318,nigeria,draw_79
Male,1.1031043491699422,3,93.18318,nigeria,draw_79
Female,1.1167191226608728,2,93.29329,nigeria,draw_79
Male,1.10918512706471,2,93.29329,nigeria,draw_79
Female,1.1174430813865255,3,93.29329,nigeria,draw_79
Male,1.1022976400428344,3,93.29329,nigeria,draw_79
Female,1.1157974232804384,2,93.4034,nigeria,draw_79
Male,1.1083121129568576,2,93.4034,nigeria,draw_79
Female,1.1165435553162315,3,93.4034,nigeria,draw_79
Male,1.1014970395459764,3,93.4034,nigeria,draw_79
Female,1.1148837044651545,2,93.51351,nigeria,draw_79
Male,1.1074470394274323,2,93.51351,nigeria,draw_79
Female,1.1156513380518132,3,93.51351,nigeria,draw_79
Male,1.1007032191439128,3,93.51351,nigeria,draw_79
Female,1.1139775664739109,2,93.62362,nigeria,draw_79
Male,1.1065882827977762,2,93.62362,nigeria,draw_79
Female,1.114766158422474,3,93.62362,nigeria,draw_79
Male,1.0999152875406717,3,93.62362,nigeria,draw_79
Female,1.1130790378202486,2,93.73373,nigeria,draw_79
Male,1.1057374355590075,2,93.73373,nigeria,draw_79
Female,1.1138880990030604,3,93.73373,nigeria,draw_79
Male,1.0991340912941467,3,93.73373,nigeria,draw_79
Female,1.1121885671433382,2,93.84384,nigeria,draw_79
Male,1.1048936078917713,2,93.84384,nigeria,draw_79
Female,1.1130176086026151,3,93.84384,nigeria,draw_79
Male,1.0983592891969807,3,93.84384,nigeria,draw_79
Female,1.1113063975520863,2,93.95395,nigeria,draw_79
Male,1.104058053460444,2,93.95395,nigeria,draw_79
Female,1.1121549154089112,3,93.95395,nigeria,draw_79
Male,1.0975917472158676,3,93.95395,nigeria,draw_79
Female,1.1104315227191157,2,94.06406,nigeria,draw_79
Male,1.1032290473336444,2,94.06406,nigeria,draw_79
Female,1.111299212350715,3,94.06406,nigeria,draw_79
Male,1.0968302030618293,3,94.06406,nigeria,draw_79
Female,1.1095640151462307,2,94.17417,nigeria,draw_79
Male,1.1024066282871936,2,94.17417,nigeria,draw_79
Female,1.1104506318886624,3,94.17417,nigeria,draw_79
Male,1.0960746723235166,3,94.17417,nigeria,draw_79
Female,1.1087034218839202,2,94.28428,nigeria,draw_79
Male,1.101592048091418,2,94.28428,nigeria,draw_79
Female,1.1096086684230462,3,94.28428,nigeria,draw_79
Male,1.0953258682617284,3,94.28428,nigeria,draw_79
Female,1.1078509033519093,2,94.39439,nigeria,draw_79
Male,1.1007840062264842,2,94.39439,nigeria,draw_79
Female,1.1087741298671046,3,94.39439,nigeria,draw_79
Male,1.0945830688967746,3,94.39439,nigeria,draw_79
Female,1.1070048676316662,2,94.5045,nigeria,draw_79
Male,1.0999833955721332,2,94.5045,nigeria,draw_79
Female,1.1079460119536229,3,94.5045,nigeria,draw_79
Male,1.0938467932463376,3,94.5045,nigeria,draw_79
Female,1.1061677713537188,2,94.61461,nigeria,draw_79
Male,1.0991909079136224,2,94.61461,nigeria,draw_79
Female,1.1071264632096112,3,94.61461,nigeria,draw_79
Male,1.0931178650625257,3,94.61461,nigeria,draw_79
Female,1.1053381675563687,2,94.72472,nigeria,draw_79
Male,1.0984055231072827,2,94.72472,nigeria,draw_79
Female,1.1063140687440562,3,94.72472,nigeria,draw_79
Male,1.0923952898166776,3,94.72472,nigeria,draw_79
Female,1.1045155095003205,2,94.83483,nigeria,draw_79
Male,1.0976270567094606,2,94.83483,nigeria,draw_79
Female,1.105508397601548,3,94.83483,nigeria,draw_79
Male,1.0916790022559437,3,94.83483,nigeria,draw_79
Female,1.1037007104408751,2,94.94494,nigeria,draw_79
Male,1.0968553923060373,2,94.94494,nigeria,draw_79
Female,1.104710106038265,3,94.94494,nigeria,draw_79
Male,1.0909689290433013,3,94.94494,nigeria,draw_79
Female,1.1028922100487353,2,95.05506,nigeria,draw_79
Male,1.0960903933615531,2,95.05506,nigeria,draw_79
Female,1.1039181738037749,3,95.05506,nigeria,draw_79
Male,1.090264969061527,3,95.05506,nigeria,draw_79
Female,1.1020912255453585,2,95.16517,nigeria,draw_79
Male,1.0953327344656874,2,95.16517,nigeria,draw_79
Female,1.1031334649912665,3,95.16517,nigeria,draw_79
Male,1.0895675914799132,3,95.16517,nigeria,draw_79
Female,1.1012978272147174,2,95.27528,nigeria,draw_79
Male,1.0945817616743032,2,95.27528,nigeria,draw_79
Female,1.102356145872198,3,95.27528,nigeria,draw_79
Male,1.0888764898059273,3,95.27528,nigeria,draw_79
Female,1.1005120917766227,2,95.38539,nigeria,draw_79
Male,1.0938376791217244,2,95.38539,nigeria,draw_79
Female,1.1015863565416704,3,95.38539,nigeria,draw_79
Male,1.0881918585369914,3,95.38539,nigeria,draw_79
Female,1.0997332500457675,2,95.4955,nigeria,draw_79
Male,1.0931014894255076,2,95.4955,nigeria,draw_79
Female,1.1008233459707473,3,95.4955,nigeria,draw_79
Male,1.0875140841509918,3,95.4955,nigeria,draw_79
Female,1.0989619271191478,2,95.60561,nigeria,draw_79
Male,1.092371502484225,2,95.60561,nigeria,draw_79
Female,1.1000674846134193,3,95.60561,nigeria,draw_79
Male,1.0868421746277903,3,95.60561,nigeria,draw_79
Female,1.0981976340317943,2,95.71572,nigeria,draw_79
Male,1.091647675885147,2,95.71572,nigeria,draw_79
Female,1.09931836699701,3,95.71572,nigeria,draw_79
Male,1.0861761082058383,3,95.71572,nigeria,draw_79
Female,1.0974403347615138,2,95.82583,nigeria,draw_79
Male,1.0909311895443314,2,95.82583,nigeria,draw_79
Female,1.0985759775608581,3,95.82583,nigeria,draw_79
Male,1.085516554666717,3,95.82583,nigeria,draw_79
Female,1.0966897471843937,2,95.93594,nigeria,draw_79
Male,1.0902214118645104,2,95.93594,nigeria,draw_79
Female,1.097840119207039,3,95.93594,nigeria,draw_79
Male,1.0848631297625928,3,95.93594,nigeria,draw_79
Female,1.0959475370078906,2,96.04605,nigeria,draw_79
Male,1.0895184698873768,2,96.04605,nigeria,draw_79
Female,1.0971123173672108,3,96.04605,nigeria,draw_79
Male,1.0842163549975066,3,96.04605,nigeria,draw_79
Female,1.0952119116464798,2,96.15616,nigeria,draw_79
Male,1.0888228278131475,2,96.15616,nigeria,draw_79
Female,1.0963910743305234,3,96.15616,nigeria,draw_79
Male,1.0835760480386347,3,96.15616,nigeria,draw_79
Female,1.0944833430114989,2,96.26627,nigeria,draw_79
Male,1.0881328578896137,2,96.26627,nigeria,draw_79
Female,1.0956767072216074,3,96.26627,nigeria,draw_79
Male,1.0829412375815792,3,96.26627,nigeria,draw_79
Female,1.093761336228145,2,96.37638,nigeria,draw_79
Male,1.087450036092834,2,96.37638,nigeria,draw_79
Female,1.0949688425285333,3,96.37638,nigeria,draw_79
Male,1.082312812791674,3,96.37638,nigeria,draw_79
Female,1.0930459291942218,2,96.48649,nigeria,draw_79
Male,1.0867730111584393,2,96.48649,nigeria,draw_79
Female,1.094267468276668,3,96.48649,nigeria,draw_79
Male,1.0816899666121802,3,96.48649,nigeria,draw_79
Female,1.0923370476388512,2,96.5966,nigeria,draw_79
Male,1.0861030870098887,2,96.5966,nigeria,draw_79
Female,1.0935726089630136,3,96.5966,nigeria,draw_79
Male,1.081073485770956,3,96.5966,nigeria,draw_79
Female,1.0916346896298768,2,96.70671,nigeria,draw_79
Male,1.0854395115496775,2,96.70671,nigeria,draw_79
Female,1.0928845431420346,3,96.70671,nigeria,draw_79
Male,1.080463179748072,3,96.70671,nigeria,draw_79
Female,1.0909397072497349,2,96.81682,nigeria,draw_79
Male,1.0847828368134391,2,96.81682,nigeria,draw_79
Female,1.0922037389936425,3,96.81682,nigeria,draw_79
Male,1.0798593317104765,3,96.81682,nigeria,draw_79
Female,1.090251278555908,2,96.92693,nigeria,draw_79
Male,1.0841319004519459,2,96.92693,nigeria,draw_79
Female,1.0915293897707234,3,96.92693,nigeria,draw_79
Male,1.079260985112013,3,96.92693,nigeria,draw_79
Female,1.089570067479606,2,97.03704,nigeria,draw_79
Male,1.0834878055915957,2,97.03704,nigeria,draw_79
Female,1.0908618939669557,3,97.03704,nigeria,draw_79
Male,1.0786688074110806,3,97.03704,nigeria,draw_79
Female,1.0888944221381278,2,97.14715,nigeria,draw_79
Male,1.0828498944685938,2,97.14715,nigeria,draw_79
Female,1.0902001586985663,3,97.14715,nigeria,draw_79
Male,1.0780824511742957,3,97.14715,nigeria,draw_79
Female,1.0882255035567145,2,97.25726,nigeria,draw_79
Male,1.08221826986595,2,97.25726,nigeria,draw_79
Female,1.089545003606279,3,97.25726,nigeria,draw_79
Male,1.0775019471598062,3,97.25726,nigeria,draw_79
Female,1.0875630672779055,2,97.36737,nigeria,draw_79
Male,1.0815924876712273,2,97.36737,nigeria,draw_79
Female,1.0888962736937942,3,97.36737,nigeria,draw_79
Male,1.0769270224678327,3,97.36737,nigeria,draw_79
Female,1.0869077835250736,2,97.47748,nigeria,draw_79
Male,1.0809736402836896,2,97.47748,nigeria,draw_79
Female,1.088254850825404,3,97.47748,nigeria,draw_79
Male,1.0763587457289467,3,97.47748,nigeria,draw_79
Female,1.0862591964152806,2,97.58759,nigeria,draw_79
Male,1.0803615109767588,2,97.58759,nigeria,draw_79
Female,1.0876200155839837,3,97.58759,nigeria,draw_79
Male,1.075796522949568,3,97.58759,nigeria,draw_79
Female,1.085616721487502,2,97.6977,nigeria,draw_79
Male,1.079754859618245,2,97.6977,nigeria,draw_79
Female,1.086991343120632,3,97.6977,nigeria,draw_79
Male,1.0752396295209123,3,97.6977,nigeria,draw_79
Female,1.0849804247318608,2,97.80781,nigeria,draw_79
Male,1.079154136318637,2,97.80781,nigeria,draw_79
Female,1.086368849266166,3,97.80781,nigeria,draw_79
Male,1.0746883535535923,3,97.80781,nigeria,draw_79
Female,1.0843501524240178,2,97.91792,nigeria,draw_79
Male,1.0785597662229038,2,97.91792,nigeria,draw_79
Female,1.0857524484744105,3,97.91792,nigeria,draw_79
Male,1.0741429157494615,3,97.91792,nigeria,draw_79
Female,1.083725935270218,2,98.02803,nigeria,draw_79
Male,1.077971340073794,2,98.02803,nigeria,draw_79
Female,1.0851421912214303,3,98.02803,nigeria,draw_79
Male,1.0736030665930367,3,98.02803,nigeria,draw_79
Female,1.083108907071366,2,98.13814,nigeria,draw_79
Male,1.0773892991832237,2,98.13814,nigeria,draw_79
Female,1.084539092878844,3,98.13814,nigeria,draw_79
Male,1.0730693384144805,3,98.13814,nigeria,draw_79
Female,1.0824974282980717,2,98.24825,nigeria,draw_79
Male,1.076812926520891,2,98.24825,nigeria,draw_79
Female,1.08394200993062,3,98.24825,nigeria,draw_79
Male,1.0725412774464302,3,98.24825,nigeria,draw_79
Female,1.0818925259490981,2,98.35836,nigeria,draw_79
Male,1.0762427763507765,2,98.35836,nigeria,draw_79
Female,1.0833513646503081,3,98.35836,nigeria,draw_79
Male,1.0720189755574248,3,98.35836,nigeria,draw_79
Female,1.081293198125679,2,98.46847,nigeria,draw_79
Male,1.0756783141076152,2,98.46847,nigeria,draw_79
Female,1.0827664323451884,3,98.46847,nigeria,draw_79
Male,1.071502099475675,3,98.46847,nigeria,draw_79
Female,1.080700669856778,2,98.57858,nigeria,draw_79
Male,1.0751200677063713,2,98.57858,nigeria,draw_79
Female,1.0821880829964883,3,98.57858,nigeria,draw_79
Male,1.0709910309979669,3,98.57858,nigeria,draw_79
Female,1.0801134432225608,2,98.68869,nigeria,draw_79
Male,1.0745670146433492,2,98.68869,nigeria,draw_79
Female,1.0816153509267519,3,98.68869,nigeria,draw_79
Male,1.0704851163023865,3,98.68869,nigeria,draw_79
Female,1.0795321378036715,2,98.7988,nigeria,draw_79
Male,1.0740194300846344,2,98.7988,nigeria,draw_79
Female,1.0810487144496246,3,98.7988,nigeria,draw_79
Male,1.0699844974019819,3,98.7988,nigeria,draw_79
Female,1.078958282333673,2,98.90891,nigeria,draw_79
Male,1.073479080854465,2,98.90891,nigeria,draw_79
Female,1.080489538354114,3,98.90891,nigeria,draw_79
Male,1.0694906449366117,3,98.90891,nigeria,draw_79
Female,1.0783893570732817,2,99.01902,nigeria,draw_79
Male,1.0729441673863398,2,99.01902,nigeria,draw_79
Female,1.0799356802165767,3,99.01902,nigeria,draw_79
Male,1.0690020830672733,3,99.01902,nigeria,draw_79
Female,1.0778268902634034,2,99.12913,nigeria,draw_79
Male,1.072414514178285,2,99.12913,nigeria,draw_79
Female,1.0793881431481087,3,99.12913,nigeria,draw_79
Male,1.0685187147972828,3,99.12913,nigeria,draw_79
Female,1.0772700692589916,2,99.23924,nigeria,draw_79
Male,1.0718904943682035,2,99.23924,nigeria,draw_79
Female,1.078846330467303,3,99.23924,nigeria,draw_79
Male,1.068040731487314,3,99.23924,nigeria,draw_79
Female,1.0767187652602377,2,99.34935,nigeria,draw_79
Male,1.0713716255803956,2,99.34935,nigeria,draw_79
Female,1.078310229750823,3,99.34935,nigeria,draw_79
Male,1.0675678298353992,3,99.34935,nigeria,draw_79
Female,1.0761732881566575,2,99.45946,nigeria,draw_79
Male,1.0708588599964681,2,99.45946,nigeria,draw_79
Female,1.077780073208968,3,99.45946,nigeria,draw_79
Male,1.0671005654098578,3,99.45946,nigeria,draw_79
Female,1.0756339493934002,2,99.56957,nigeria,draw_79
Male,1.0703518269981596,2,99.56957,nigeria,draw_79
Female,1.0772562694251568,3,99.56957,nigeria,draw_79
Male,1.0666389280512425,3,99.56957,nigeria,draw_79
Female,1.0751008779031588,2,99.67968,nigeria,draw_79
Male,1.0698506464393502,2,99.67968,nigeria,draw_79
Female,1.076738849971019,3,99.67968,nigeria,draw_79
Male,1.0661829028031222,3,99.67968,nigeria,draw_79
Female,1.0745736024197232,2,99.78979,nigeria,draw_79
Male,1.0693553156777496,2,99.78979,nigeria,draw_79
Female,1.0762273315966078,3,99.78979,nigeria,draw_79
Male,1.0657323303422,3,99.78979,nigeria,draw_79
Female,1.074051641795253,2,99.8999,nigeria,draw_79
Male,1.0688644141162835,2,99.8999,nigeria,draw_79
Female,1.0757213232764216,3,99.8999,nigeria,draw_79
Male,1.065286396823717,3,99.8999,nigeria,draw_79
Female,1.0735358125978853,2,100.01001,nigeria,draw_79
Male,1.068379412823872,2,100.01001,nigeria,draw_79
Female,1.0752214024160298,3,100.01001,nigeria,draw_79
Male,1.0648459602669647,3,100.01001,nigeria,draw_79
Female,1.0730244861274967,2,100.12012,nigeria,draw_79
Male,1.067899771573417,2,100.12012,nigeria,draw_79
Female,1.0747264687812643,3,100.12012,nigeria,draw_79
Male,1.064410679578178,3,100.12012,nigeria,draw_79
Female,1.0725183639313742,2,100.23023,nigeria,draw_79
Male,1.0674246951123625,2,100.23023,nigeria,draw_79
Female,1.074236939085147,3,100.23023,nigeria,draw_79
Male,1.0639800205540397,3,100.23023,nigeria,draw_79
Female,1.072017911473057,2,100.34034,nigeria,draw_79
Male,1.0669551333571015,2,100.34034,nigeria,draw_79
Female,1.0737530757857985,3,100.34034,nigeria,draw_79
Male,1.063554501249483,3,100.34034,nigeria,draw_79
Female,1.0715220282825217,2,100.45045,nigeria,draw_79
Male,1.0664894489358097,2,100.45045,nigeria,draw_79
Female,1.073273786744264,3,100.45045,nigeria,draw_79
Male,1.0631327661952403,3,100.45045,nigeria,draw_79
Female,1.0710303829082335,2,100.56056,nigeria,draw_79
Male,1.0660277475783084,2,100.56056,nigeria,draw_79
Female,1.0727987372533077,3,100.56056,nigeria,draw_79
Male,1.0627148290058737,3,100.56056,nigeria,draw_79
Female,1.0705421442374843,2,100.67067,nigeria,draw_79
Male,1.0655701671065028,2,100.67067,nigeria,draw_79
Female,1.072327319577395,3,100.67067,nigeria,draw_79
Male,1.0623006984067294,3,100.67067,nigeria,draw_79
Female,1.0700575961920957,2,100.78078,nigeria,draw_79
Male,1.0651159130499803,2,100.78078,nigeria,draw_79
Female,1.0718597098764417,3,100.78078,nigeria,draw_79
Male,1.0618898762371978,3,100.78078,nigeria,draw_79
Female,1.0695768058989021,2,100.89089,nigeria,draw_79
Male,1.0646656008590643,2,100.89089,nigeria,draw_79
Female,1.0713959179387011,3,100.89089,nigeria,draw_79
Male,1.0614827247281047,3,100.89089,nigeria,draw_79
Female,1.069101182295373,2,101.001,nigeria,draw_79
Male,1.0642188555143213,2,101.001,nigeria,draw_79
Female,1.0709370538414047,3,101.001,nigeria,draw_79
Male,1.0610791461670155,3,101.001,nigeria,draw_79
Female,1.0686288894279024,2,101.11111,nigeria,draw_79
Male,1.0637764625544543,2,101.11111,nigeria,draw_79
Female,1.0704817299747527,3,101.11111,nigeria,draw_79
Male,1.0606795024044013,3,101.11111,nigeria,draw_79
Female,1.068160064240434,2,101.22122,nigeria,draw_79
Male,1.0633369207533507,2,101.22122,nigeria,draw_79
Female,1.0700299224429988,3,101.22122,nigeria,draw_79
Male,1.0602827619922304,3,101.22122,nigeria,draw_79
Female,1.0676945202997195,2,101.33133,nigeria,draw_79
Male,1.0629009298679515,2,101.33133,nigeria,draw_79
Female,1.0695814738044291,3,101.33133,nigeria,draw_79
Male,1.0598893072358624,3,101.33133,nigeria,draw_79
Female,1.067232400515041,2,101.44144,nigeria,draw_79
Male,1.062468467663872,2,101.44144,nigeria,draw_79
Female,1.0691364179380578,3,101.44144,nigeria,draw_79
Male,1.059499067414986,3,101.44144,nigeria,draw_79
Female,1.0667735179065025,2,101.55155,nigeria,draw_79
Male,1.0620383568798704,2,101.55155,nigeria,draw_79
Female,1.0686945727710018,3,101.55155,nigeria,draw_79
Male,1.0591112497293884,3,101.55155,nigeria,draw_79
Female,1.0663174466361725,2,101.66166,nigeria,draw_79
Male,1.0616116643731335,2,101.66166,nigeria,draw_79
Female,1.068255686878604,3,101.66166,nigeria,draw_79
Male,1.0587265480397332,3,101.66166,nigeria,draw_79
Female,1.0658654850239084,2,101.77177,nigeria,draw_79
Male,1.06118798945509,2,101.77177,nigeria,draw_79
Female,1.0678207632808603,3,101.77177,nigeria,draw_79
Male,1.058344863939383,3,101.77177,nigeria,draw_79
Female,1.0654163295113221,2,101.88188,nigeria,draw_79
Male,1.060767986369263,2,101.88188,nigeria,draw_79
Female,1.067388711082973,3,101.88188,nigeria,draw_79
Male,1.057966388888046,3,101.88188,nigeria,draw_79
Female,1.0649701241532914,2,101.99199,nigeria,draw_79
Male,1.0603507174787032,2,101.99199,nigeria,draw_79
Female,1.0669596375525252,3,101.99199,nigeria,draw_79
Male,1.0575905799259409,3,101.99199,nigeria,draw_79
Female,1.0645275778976497,2,102.1021,nigeria,draw_79
Male,1.0599364806934939,2,102.1021,nigeria,draw_79
Female,1.0665340059145054,3,102.1021,nigeria,draw_79
Male,1.0572175460046682,3,102.1021,nigeria,draw_79
Female,1.0640865909255264,2,102.21221,nigeria,draw_79
Male,1.0595243529061196,2,102.21221,nigeria,draw_79
Female,1.0661102445303765,3,102.21221,nigeria,draw_79
Male,1.0568466059312471,3,102.21221,nigeria,draw_79
Female,1.0636481368725996,2,102.32232,nigeria,draw_79
Male,1.0591144483702215,2,102.32232,nigeria,draw_79
Female,1.0656888087913974,3,102.32232,nigeria,draw_79
Male,1.0564776202380821,3,102.32232,nigeria,draw_79
Female,1.063212013605324,2,102.43243,nigeria,draw_79
Male,1.05870628965491,2,102.43243,nigeria,draw_79
Female,1.0652696277258729,3,102.43243,nigeria,draw_79
Male,1.0561103431756254,3,102.43243,nigeria,draw_79
Female,1.0627779235846415,2,102.54254,nigeria,draw_79
Male,1.0582999962319788,2,102.54254,nigeria,draw_79
Female,1.0648524567295927,3,102.54254,nigeria,draw_79
Male,1.0557447921404004,3,102.54254,nigeria,draw_79
Female,1.0623454712651113,2,102.65265,nigeria,draw_79
Male,1.0578962838991282,2,102.65265,nigeria,draw_79
Female,1.0644369726594891,3,102.65265,nigeria,draw_79
Male,1.0553813428686518,3,102.65265,nigeria,draw_79
Female,1.0619156649243873,2,102.76276,nigeria,draw_79
Male,1.057494418651959,2,102.76276,nigeria,draw_79
Female,1.0640238429885922,3,102.76276,nigeria,draw_79
Male,1.0550195497090946,3,102.76276,nigeria,draw_79
Female,1.0614876241627842,2,102.87287,nigeria,draw_79
Male,1.0570936496578933,2,102.87287,nigeria,draw_79
Female,1.063612495277783,3,102.87287,nigeria,draw_79
Male,1.0546589967525823,3,102.87287,nigeria,draw_79
Female,1.061061361415235,2,102.98298,nigeria,draw_79
Male,1.0566956931483005,2,102.98298,nigeria,draw_79
Female,1.0632029046154972,3,102.98298,nigeria,draw_79
Male,1.054300716948113,3,102.98298,nigeria,draw_79
Female,1.0606373966580118,2,103.09309,nigeria,draw_79
Male,1.0562994974222137,2,103.09309,nigeria,draw_79
Female,1.0627954394177836,3,103.09309,nigeria,draw_79
Male,1.0539440979438448,3,103.09309,nigeria,draw_79
Female,1.060215649847503,2,103.2032,nigeria,draw_79
Male,1.0559049076099654,2,103.2032,nigeria,draw_79
Female,1.0623901445051627,3,103.2032,nigeria,draw_79
Male,1.0535891150006333,3,103.2032,nigeria,draw_79
Female,1.0597959764585834,2,103.31331,nigeria,draw_79
Male,1.0555127273665417,2,103.31331,nigeria,draw_79
Female,1.0619868319349455,3,103.31331,nigeria,draw_79
Male,1.0532361460816262,3,103.31331,nigeria,draw_79
Female,1.0593781024725955,2,103.42342,nigeria,draw_79
Male,1.0551220298803086,2,103.42342,nigeria,draw_79
Female,1.0615852247506468,3,103.42342,nigeria,draw_79
Male,1.0528845882886686,3,103.42342,nigeria,draw_79
Female,1.058961527935403,2,103.53353,nigeria,draw_79
Male,1.0547328733998633,2,103.53353,nigeria,draw_79
Female,1.0611849111283336,3,103.53353,nigeria,draw_79
Male,1.0525343885560186,3,103.53353,nigeria,draw_79
Female,1.0585463349804647,2,103.64364,nigeria,draw_79
Male,1.0543449286178506,2,103.64364,nigeria,draw_79
Female,1.06078591233581,3,103.64364,nigeria,draw_79
Male,1.052185292895017,3,103.64364,nigeria,draw_79
Female,1.058133372097985,2,103.75375,nigeria,draw_79
Male,1.0539583217618695,2,103.75375,nigeria,draw_79
Female,1.0603887403034418,3,103.75375,nigeria,draw_79
Male,1.0518373924323254,3,103.75375,nigeria,draw_79
Female,1.0577211207171922,2,103.86386,nigeria,draw_79
Male,1.0535730001507397,2,103.86386,nigeria,draw_79
Female,1.0599924649047723,3,103.86386,nigeria,draw_79
Male,1.0514907055363583,3,103.86386,nigeria,draw_79
Female,1.0573105582750255,2,103.97397,nigeria,draw_79
Male,1.0531894973310283,2,103.97397,nigeria,draw_79
Female,1.0595977030841128,3,103.97397,nigeria,draw_79
Male,1.0511455146308182,3,103.97397,nigeria,draw_79
Female,1.056902036244573,2,104.08408,nigeria,draw_79
Male,1.0528072676104576,2,104.08408,nigeria,draw_79
Female,1.0592046688409666,3,104.08408,nigeria,draw_79
Male,1.0508014714490808,3,104.08408,nigeria,draw_79
Female,1.0564944872861637,2,104.19419,nigeria,draw_79
Male,1.0524262856880453,2,104.19419,nigeria,draw_79
Female,1.0588126495259467,3,104.19419,nigeria,draw_79
Male,1.0504585446838,3,104.19419,nigeria,draw_79
Female,1.0560888611286423,2,104.3043,nigeria,draw_79
Male,1.052047116127341,2,104.3043,nigeria,draw_79
Female,1.0584222832774106,3,104.3043,nigeria,draw_79
Male,1.0501170842334464,3,104.3043,nigeria,draw_79
Female,1.0556845245526,2,104.41441,nigeria,draw_79
Male,1.051668445012131,2,104.41441,nigeria,draw_79
Female,1.0580331397663336,3,104.41441,nigeria,draw_79
Male,1.0497763082070624,3,104.41441,nigeria,draw_79
Female,1.0552812586823106,2,104.52452,nigeria,draw_79
Male,1.051291323323318,2,104.52452,nigeria,draw_79
Female,1.0576451158103506,3,104.52452,nigeria,draw_79
Male,1.0494368632733522,3,104.52452,nigeria,draw_79
Female,1.0548799002398352,2,104.63463,nigeria,draw_79
Male,1.0509157939650196,2,104.63463,nigeria,draw_79
Female,1.0572588034323165,3,104.63463,nigeria,draw_79
Male,1.0490988147945055,3,104.63463,nigeria,draw_79
Female,1.0544802060355385,2,104.74474,nigeria,draw_79
Male,1.050541741007476,2,104.74474,nigeria,draw_79
Female,1.0568739717126807,3,104.74474,nigeria,draw_79
Male,1.0487620290338202,3,104.74474,nigeria,draw_79
Female,1.0540813498810242,2,104.85485,nigeria,draw_79
Male,1.05016912175217,2,104.85485,nigeria,draw_79
Female,1.0564900456517017,3,104.85485,nigeria,draw_79
Male,1.0484264555914709,3,104.85485,nigeria,draw_79
Female,1.053683786738723,2,104.96496,nigeria,draw_79
Male,1.0497975356870568,2,104.96496,nigeria,draw_79
Female,1.0561072942682967,3,104.96496,nigeria,draw_79
Male,1.0480918439229692,3,104.96496,nigeria,draw_79
Female,1.0532878811140443,2,105.07508,nigeria,draw_79
Male,1.0494269478532692,2,105.07508,nigeria,draw_79
Female,1.0557259040887559,3,105.07508,nigeria,draw_79
Male,1.0477580684177832,3,105.07508,nigeria,draw_79
Female,1.0528929410371786,2,105.18519,nigeria,draw_79
Male,1.0490576916418737,2,105.18519,nigeria,draw_79
Female,1.0553452979964681,3,105.18519,nigeria,draw_79
Male,1.0474252607863281,3,105.18519,nigeria,draw_79
Female,1.0524982731150052,2,105.2953,nigeria,draw_79
Male,1.0486887924715047,2,105.2953,nigeria,draw_79
Female,1.0549650424436836,3,105.2953,nigeria,draw_79
Male,1.0470928406017936,3,105.2953,nigeria,draw_79
Female,1.052105158502759,2,105.40541,nigeria,draw_79
Male,1.0483207971656576,2,105.40541,nigeria,draw_79
Female,1.0545859816476981,3,105.40541,nigeria,draw_79
Male,1.0467611055163863,3,105.40541,nigeria,draw_79
Female,1.0517128727840102,2,105.51552,nigeria,draw_79
Male,1.047953941193654,2,105.51552,nigeria,draw_79
Female,1.0542075795335448,3,105.51552,nigeria,draw_79
Male,1.046430174478565,3,105.51552,nigeria,draw_79
Female,1.0513209765985994,2,105.62563,nigeria,draw_79
Male,1.0475873146485608,2,105.62563,nigeria,draw_79
Female,1.0538294821978185,3,105.62563,nigeria,draw_79
Male,1.0460994456071164,3,105.62563,nigeria,draw_79
Female,1.0509301187484388,2,105.73574,nigeria,draw_79
Male,1.0472213487055386,2,105.73574,nigeria,draw_79
Female,1.0534520856501732,3,105.73574,nigeria,draw_79
Male,1.045769144892702,3,105.73574,nigeria,draw_79
Female,1.0505398010181153,2,105.84585,nigeria,draw_79
Male,1.0468563241488347,2,105.84585,nigeria,draw_79
Female,1.0530750336695267,3,105.84585,nigeria,draw_79
Male,1.045439418405127,3,105.84585,nigeria,draw_79
Female,1.050149388940414,2,105.95596,nigeria,draw_79
Male,1.0464911975303646,2,105.95596,nigeria,draw_79
Female,1.0526979064379047,3,105.95596,nigeria,draw_79
Male,1.0451096489676797,3,105.95596,nigeria,draw_79
Female,1.0497603911444175,2,106.06607,nigeria,draw_79
Male,1.04612649627455,2,106.06607,nigeria,draw_79
Female,1.0523217186106282,3,106.06607,nigeria,draw_79
Male,1.0447801529478615,3,106.06607,nigeria,draw_79
Female,1.0493716455506807,2,106.17618,nigeria,draw_79
Male,1.0457626639926818,2,106.17618,nigeria,draw_79
Female,1.051945628982002,3,106.17618,nigeria,draw_79
Male,1.0444511769460894,3,106.17618,nigeria,draw_79
Female,1.0489839690480527,2,106.28629,nigeria,draw_79
Male,1.0453989114350684,2,106.28629,nigeria,draw_79
Female,1.0515702206575295,3,106.28629,nigeria,draw_79
Male,1.0441222610029968,3,106.28629,nigeria,draw_79
Female,1.0485960151913432,2,106.3964,nigeria,draw_79
Male,1.0450358803999007,2,106.3964,nigeria,draw_79
Female,1.0511946018781855,3,106.3964,nigeria,draw_79
Male,1.0437937800508896,3,106.3964,nigeria,draw_79
Female,1.048209632763978,2,106.50651,nigeria,draw_79
Male,1.0446732983112181,2,106.50651,nigeria,draw_79
Female,1.0508200129637377,3,106.50651,nigeria,draw_79
Male,1.043465549186218,3,106.50651,nigeria,draw_79
Female,1.0478232745944511,2,106.61662,nigeria,draw_79
Male,1.0443109475295012,2,106.61662,nigeria,draw_79
Female,1.0504454075616887,3,106.61662,nigeria,draw_79
Male,1.0431374538298812,3,106.61662,nigeria,draw_79
Female,1.0474373737815545,2,106.72673,nigeria,draw_79
Male,1.0439496719876844,2,106.72673,nigeria,draw_79
Female,1.0500711121532054,3,106.72673,nigeria,draw_79
Male,1.0428100055297769,3,106.72673,nigeria,draw_79
Female,1.0470519836125407,2,106.83684,nigeria,draw_79
Male,1.0435882766652311,2,106.83684,nigeria,draw_79
Female,1.0496971601536558,3,106.83684,nigeria,draw_79
Male,1.042482479182824,3,106.83684,nigeria,draw_79
Female,1.0466668672777202,2,106.94695,nigeria,draw_79
Male,1.0432277640475036,2,106.94695,nigeria,draw_79
Female,1.0493233826778885,3,106.94695,nigeria,draw_79
Male,1.0421554806801234,3,106.94695,nigeria,draw_79
Female,1.0462827883697512,2,107.05706,nigeria,draw_79
Male,1.0428674413881527,2,107.05706,nigeria,draw_79
Female,1.0489503275303316,3,107.05706,nigeria,draw_79
Male,1.0418286045799576,3,107.05706,nigeria,draw_79
Female,1.0458989251558395,2,107.16717,nigeria,draw_79
Male,1.0425080388159231,2,107.16717,nigeria,draw_79
Female,1.0485774068900002,3,107.16717,nigeria,draw_79
Male,1.0415022851424083,3,107.16717,nigeria,draw_79
Female,1.0455157626807294,2,107.27728,nigeria,draw_79
Male,1.0421484092911477,2,107.27728,nigeria,draw_79
Female,1.0482049625857435,3,107.27728,nigeria,draw_79
Male,1.0411758226266117,3,107.27728,nigeria,draw_79
Female,1.045132724518226,2,107.38739,nigeria,draw_79
Male,1.0417898119283264,2,107.38739,nigeria,draw_79
Female,1.0478325938240132,3,107.38739,nigeria,draw_79
Male,1.040849995903864,3,107.38739,nigeria,draw_79
Female,1.0447509760579594,2,107.4975,nigeria,draw_79
Male,1.0414317085706197,2,107.4975,nigeria,draw_79
Female,1.047461101749138,3,107.4975,nigeria,draw_79
Male,1.0405244814721446,3,107.4975,nigeria,draw_79
Female,1.0443690956859566,2,107.60761,nigeria,draw_79
Male,1.0410738231369656,2,107.60761,nigeria,draw_79
Female,1.0470895258836637,3,107.60761,nigeria,draw_79
Male,1.0401991083438789,3,107.60761,nigeria,draw_79
Female,1.0439880181420618,2,107.71772,nigeria,draw_79
Male,1.040716450340029,2,107.71772,nigeria,draw_79
Female,1.046718473792546,3,107.71772,nigeria,draw_79
Male,1.0398740559574888,3,107.71772,nigeria,draw_79
Female,1.0436073231553162,2,107.82783,nigeria,draw_79
Male,1.040359960533574,2,107.82783,nigeria,draw_79
Female,1.0463476889414527,3,107.82783,nigeria,draw_79
Male,1.0395495404255781,3,107.82783,nigeria,draw_79
Female,1.0432277164244992,2,107.93794,nigeria,draw_79
Male,1.040003537379485,2,107.93794,nigeria,draw_79
Female,1.0459776590296979,3,107.93794,nigeria,draw_79
Male,1.0392250587219412,3,107.93794,nigeria,draw_79
Female,1.0428482693436212,2,108.04805,nigeria,draw_79
Male,1.0396476114337514,2,108.04805,nigeria,draw_79
Female,1.0456077111717514,3,108.04805,nigeria,draw_79
Male,1.0389008865521574,3,108.04805,nigeria,draw_79
Female,1.042469614857717,2,108.15816,nigeria,draw_79
Male,1.0392919904864768,2,108.15816,nigeria,draw_79
Female,1.0452383025681793,3,108.15816,nigeria,draw_79
Male,1.0385769193306498,3,108.15816,nigeria,draw_79
Female,1.0420911564848678,2,108.26827,nigeria,draw_79
Male,1.0389369198449165,2,108.26827,nigeria,draw_79
Female,1.044869014529385,3,108.26827,nigeria,draw_79
Male,1.0382532923795287,3,108.26827,nigeria,draw_79
Female,1.0417130300440545,2,108.37838,nigeria,draw_79
Male,1.038582381271708,2,108.37838,nigeria,draw_79
Female,1.044499953766338,3,108.37838,nigeria,draw_79
Male,1.0379300010621235,3,108.37838,nigeria,draw_79
Female,1.0413365655745832,2,108.48849,nigeria,draw_79
Male,1.0382278928866353,2,108.48849,nigeria,draw_79
Female,1.0441320204532096,3,108.48849,nigeria,draw_79
Male,1.0376067429283402,3,108.48849,nigeria,draw_79
Female,1.040959536356394,2,108.5986,nigeria,draw_79
Male,1.0378745255835253,2,108.5986,nigeria,draw_79
Female,1.0437636944429713,3,108.5986,nigeria,draw_79
Male,1.037284156234494,3,108.5986,nigeria,draw_79
Female,1.0405831038348337,2,108.70871,nigeria,draw_79
Male,1.0375214543733786,2,108.70871,nigeria,draw_79
Female,1.0433957740561304,3,108.70871,nigeria,draw_79
Male,1.0369617357445975,3,108.70871,nigeria,draw_79
Female,1.0402082877381726,2,108.81882,nigeria,draw_79
Male,1.0371688076509278,2,108.81882,nigeria,draw_79
Female,1.0430289468998382,3,108.81882,nigeria,draw_79
Male,1.0366395625469988,3,108.81882,nigeria,draw_79
Female,1.0398336540591984,2,108.92893,nigeria,draw_79
Male,1.0368164150220591,2,108.92893,nigeria,draw_79
Female,1.0426622398732417,3,108.92893,nigeria,draw_79
Male,1.0363175668838982,3,108.92893,nigeria,draw_79
Female,1.0394588475535307,2,109.03904,nigeria,draw_79
Male,1.0364646770112822,2,109.03904,nigeria,draw_79
Female,1.0422954388659769,3,109.03904,nigeria,draw_79
Male,1.0359959660525329,3,109.03904,nigeria,draw_79
Female,1.0390851389772318,2,109.14915,nigeria,draw_79
Male,1.0361134110333652,2,109.14915,nigeria,draw_79
Female,1.041929403545661,3,109.14915,nigeria,draw_79
Male,1.0356746570306918,3,109.14915,nigeria,draw_79
Female,1.03871234313175,2,109.25926,nigeria,draw_79
Male,1.03576285909264,2,109.25926,nigeria,draw_79
Female,1.0415640001867752,3,109.25926,nigeria,draw_79
Male,1.0353537981017797,3,109.25926,nigeria,draw_79
Female,1.038339450789549,2,109.36937,nigeria,draw_79
Male,1.035412654849949,2,109.36937,nigeria,draw_79
Female,1.0411985459948565,3,109.36937,nigeria,draw_79
Male,1.035033168097782,3,109.36937,nigeria,draw_79
Female,1.0379678226156317,2,109.47948,nigeria,draw_79
Male,1.0350624140955593,2,109.47948,nigeria,draw_79
Female,1.040833987388639,3,109.47948,nigeria,draw_79
Male,1.034712531410623,3,109.47948,nigeria,draw_79
Female,1.0375961827101698,2,109.58959,nigeria,draw_79
Male,1.0347135569017296,2,109.58959,nigeria,draw_79
Female,1.0404694536762407,3,109.58959,nigeria,draw_79
Male,1.0343927351719093,3,109.58959,nigeria,draw_79
Female,1.0372251428862056,2,109.6997,nigeria,draw_79
Male,1.0343642105318713,2,109.6997,nigeria,draw_79
Female,1.0401053472422783,3,109.6997,nigeria,draw_79
Male,1.0340726421383584,3,109.6997,nigeria,draw_79
Female,1.0368549830746008,2,109.80981,nigeria,draw_79
Male,1.0340159367494894,2,109.80981,nigeria,draw_79
Female,1.0397418307809128,3,109.80981,nigeria,draw_79
Male,1.0337532121537238,3,109.80981,nigeria,draw_79
Female,1.0364853965677834,2,109.91992,nigeria,draw_79
Male,1.0336683663778854,2,109.91992,nigeria,draw_79
Female,1.0393787088196216,3,109.91992,nigeria,draw_79
Male,1.0334342124139333,3,109.91992,nigeria,draw_79
Female,1.0361160332465607,2,110.03003,nigeria,draw_79
Male,1.0333208393690865,2,110.03003,nigeria,draw_79
Female,1.0390157446654225,3,110.03003,nigeria,draw_79
Male,1.0331152560248262,3,110.03003,nigeria,draw_79
Female,1.0357473039913805,2,110.14014,nigeria,draw_79
Male,1.032973740775888,2,110.14014,nigeria,draw_79
Female,1.0386532487624178,3,110.14014,nigeria,draw_79
Male,1.032796578357197,3,110.14014,nigeria,draw_79
Female,1.0353793327967633,2,110.25025,nigeria,draw_79
Male,1.0326276911661616,2,110.25025,nigeria,draw_79
Female,1.0382913023305813,3,110.25025,nigeria,draw_79
Male,1.0324785685654134,3,110.25025,nigeria,draw_79
Female,1.0350119319775821,2,110.36036,nigeria,draw_79
Male,1.0322817511962359,2,110.36036,nigeria,draw_79
Female,1.037929743227744,3,110.36036,nigeria,draw_79
Male,1.0321606563550099,3,110.36036,nigeria,draw_79
Female,1.0346450942174337,2,110.47047,nigeria,draw_79
Male,1.031936344267594,2,110.47047,nigeria,draw_79
Female,1.0375685767159155,3,110.47047,nigeria,draw_79
Male,1.0318431063993474,3,110.47047,nigeria,draw_79
Female,1.0342786035756903,2,110.58058,nigeria,draw_79
Male,1.0315916846885962,2,110.58058,nigeria,draw_79
Female,1.037207663099278,3,110.58058,nigeria,draw_79
Male,1.0315260347340456,3,110.58058,nigeria,draw_79
Female,1.0339129570133039,2,110.69069,nigeria,draw_79
Male,1.0312470565502054,2,110.69069,nigeria,draw_79
Female,1.0368473444723099,3,110.69069,nigeria,draw_79
Male,1.031208973672015,3,110.69069,nigeria,draw_79
Female,1.033548184987341,2,110.8008,nigeria,draw_79
Male,1.030903734570046,2,110.8008,nigeria,draw_79
Female,1.036487633682624,3,110.8008,nigeria,draw_79
Male,1.030892720412084,3,110.8008,nigeria,draw_79
Female,1.0331836276913293,2,110.91091,nigeria,draw_79
Male,1.03056064283257,2,110.91091,nigeria,draw_79
Female,1.0361280717531702,3,110.91091,nigeria,draw_79
Male,1.030576632693342,3,110.91091,nigeria,draw_79
Female,1.0328196695895722,2,111.02102,nigeria,draw_79
Male,1.0302178024122364,2,111.02102,nigeria,draw_79
Female,1.0357689494077604,3,111.02102,nigeria,draw_79
Male,1.030260734824944,3,111.02102,nigeria,draw_79
Female,1.0324560008742278,2,111.13113,nigeria,draw_79
Male,1.029875782214196,2,111.13113,nigeria,draw_79
Female,1.0354100745370955,3,111.13113,nigeria,draw_79
Male,1.0299453881158702,3,111.13113,nigeria,draw_79
Female,1.032093935818403,2,111.24124,nigeria,draw_79
Male,1.0295348128989152,2,111.24124,nigeria,draw_79
Female,1.0350523519613577,3,111.24124,nigeria,draw_79
Male,1.0296307251936294,3,111.24124,nigeria,draw_79
Female,1.031731624967359,2,111.35135,nigeria,draw_79
Male,1.029193797264781,2,111.35135,nigeria,draw_79
Female,1.0346944792882022,3,111.35135,nigeria,draw_79
Male,1.0293160474346463,3,111.35135,nigeria,draw_79
Female,1.0313698941215939,2,111.46146,nigeria,draw_79
Male,1.0288534763812482,2,111.46146,nigeria,draw_79
Female,1.0343370205128624,3,111.46146,nigeria,draw_79
Male,1.0290018358741697,3,111.46146,nigeria,draw_79
Female,1.0310093902019604,2,111.57157,nigeria,draw_79
Male,1.0285144731589722,2,111.57157,nigeria,draw_79
Female,1.033980443445142,3,111.57157,nigeria,draw_79
Male,1.02868848104737,3,111.57157,nigeria,draw_79
Female,1.030649606622221,2,111.68168,nigeria,draw_79
Male,1.0281754113434023,2,111.68168,nigeria,draw_79
Female,1.0336243634522198,3,111.68168,nigeria,draw_79
Male,1.0283751320604868,3,111.68168,nigeria,draw_79
Female,1.0302897686153538,2,111.79179,nigeria,draw_79
Male,1.0278368342785482,2,111.79179,nigeria,draw_79
Female,1.033268273727704,3,111.79179,nigeria,draw_79
Male,1.0280621186226928,3,111.79179,nigeria,draw_79
Female,1.0299310118603107,2,111.9019,nigeria,draw_79
Male,1.0274986354927855,2,111.9019,nigeria,draw_79
Female,1.0329129241704165,3,111.9019,nigeria,draw_79
Male,1.0277493500898685,3,111.9019,nigeria,draw_79
Female,1.0295729133000766,2,112.01201,nigeria,draw_79
Male,1.0271613096660381,2,112.01201,nigeria,draw_79
Female,1.0325580792003681,3,112.01201,nigeria,draw_79
Male,1.0274371324004654,3,112.01201,nigeria,draw_79
Female,1.0292157321845323,2,112.12212,nigeria,draw_79
Male,1.0268247039207175,2,112.12212,nigeria,draw_79
Female,1.0322039042506712,3,112.12212,nigeria,draw_79
Male,1.0271253872131203,3,112.12212,nigeria,draw_79
Female,1.0288586782903986,2,112.23223,nigeria,draw_79
Male,1.0264883134100435,2,112.23223,nigeria,draw_79
Female,1.0318498629978485,3,112.23223,nigeria,draw_79
Male,1.026813811495548,3,112.23223,nigeria,draw_79
Female,1.028502577672557,2,112.34234,nigeria,draw_79
Male,1.0261534490299367,2,112.34234,nigeria,draw_79
Female,1.031496498290183,3,112.34234,nigeria,draw_79
Male,1.0265032168405792,3,112.34234,nigeria,draw_79
Female,1.0281468719275704,2,112.45245,nigeria,draw_79
Male,1.0258184876379823,2,112.45245,nigeria,draw_79
Female,1.031143405298424,3,112.45245,nigeria,draw_79
Male,1.026192604619157,3,112.45245,nigeria,draw_79
Female,1.0277920322234864,2,112.56256,nigeria,draw_79
Male,1.0254839169091967,2,112.56256,nigeria,draw_79
Female,1.030790930324862,3,112.56256,nigeria,draw_79
Male,1.0258822776175707,3,112.56256,nigeria,draw_79
Female,1.02743816491992,2,112.67267,nigeria,draw_79
Male,1.025150484818397,2,112.67267,nigeria,draw_79
Female,1.0304391679026064,3,112.67267,nigeria,draw_79
Male,1.025572679911546,3,112.67267,nigeria,draw_79
Female,1.0270848317082342,2,112.78278,nigeria,draw_79
Male,1.0248168715411474,2,112.78278,nigeria,draw_79
Female,1.030087834086886,3,112.78278,nigeria,draw_79
Male,1.025263014216966,3,112.78278,nigeria,draw_79
Female,1.0267315897866847,2,112.89289,nigeria,draw_79
Male,1.0244844144333791,2,112.89289,nigeria,draw_79
Female,1.0297365799631124,3,112.89289,nigeria,draw_79
Male,1.0249540790626896,3,112.89289,nigeria,draw_79
Female,1.026379409003602,2,113.003,nigeria,draw_79
Male,1.0241524433070202,2,113.003,nigeria,draw_79
Female,1.0293860939215056,3,113.003,nigeria,draw_79
Male,1.0246454819200095,3,113.003,nigeria,draw_79
Female,1.0260282934138896,2,113.11311,nigeria,draw_79
Male,1.023820859607024,2,113.11311,nigeria,draw_79
Female,1.0290363647301943,3,113.11311,nigeria,draw_79
Male,1.0243371934364374,3,113.11311,nigeria,draw_79
Female,1.0256775705779086,2,113.22322,nigeria,draw_79
Male,1.02348954073051,2,113.22322,nigeria,draw_79
Female,1.0286869209936114,3,113.22322,nigeria,draw_79
Male,1.0240291295288595,3,113.22322,nigeria,draw_79
Female,1.0253272203240618,2,113.33333,nigeria,draw_79
Male,1.0231593740209435,2,113.33333,nigeria,draw_79
Female,1.0283377682651234,3,113.33333,nigeria,draw_79
Male,1.023721822147614,3,113.33333,nigeria,draw_79
Female,1.0249776818973884,2,113.44344,nigeria,draw_79
Male,1.02282939223918,2,113.44344,nigeria,draw_79
Female,1.027989238989581,3,113.44344,nigeria,draw_79
Male,1.023414706637479,3,113.44344,nigeria,draw_79
Female,1.0246283393197295,2,113.55355,nigeria,draw_79
Male,1.0225001747993865,2,113.55355,nigeria,draw_79
Female,1.027640913114161,3,113.55355,nigeria,draw_79
Male,1.0231081536161066,3,113.55355,nigeria,draw_79
Female,1.0242801250398097,2,113.66366,nigeria,draw_79
Male,1.0221719719574671,2,113.66366,nigeria,draw_79
Female,1.027293442838118,3,113.66366,nigeria,draw_79
Male,1.022802288456544,3,113.66366,nigeria,draw_79
Female,1.0239328546095505,2,113.77377,nigeria,draw_79
Male,1.021844041502475,2,113.77377,nigeria,draw_79
Female,1.0269466978543835,3,113.77377,nigeria,draw_79
Male,1.0224966530999051,3,113.77377,nigeria,draw_79
Female,1.0235870632305712,2,113.88388,nigeria,draw_79
Male,1.0215172320823365,2,113.88388,nigeria,draw_79
Female,1.0266010682223285,3,113.88388,nigeria,draw_79
Male,1.022191793984567,3,113.88388,nigeria,draw_79
Female,1.0232408701530091,2,113.99399,nigeria,draw_79
Male,1.0211909149051397,2,113.99399,nigeria,draw_79
Female,1.026255189509137,3,113.99399,nigeria,draw_79
Male,1.0218872898724671,3,113.99399,nigeria,draw_79
Female,1.0228964407806316,2,114.1041,nigeria,draw_79
Male,1.0208656738011024,2,114.1041,nigeria,draw_79
Female,1.025910574072649,3,114.1041,nigeria,draw_79
Male,1.021583514586671,3,114.1041,nigeria,draw_79
Female,1.0225524370301826,2,114.21421,nigeria,draw_79
Male,1.020540703271068,2,114.21421,nigeria,draw_79
Female,1.0255663054985178,3,114.21421,nigeria,draw_79
Male,1.0212800002513467,3,114.21421,nigeria,draw_79
Female,1.0222094700246929,2,114.32432,nigeria,draw_79
Male,1.0202158716332028,2,114.32432,nigeria,draw_79
Female,1.0252228031034225,3,114.32432,nigeria,draw_79
Male,1.0209766586389237,3,114.32432,nigeria,draw_79
Female,1.021866962496532,2,114.43443,nigeria,draw_79
Male,1.019892549160982,2,114.43443,nigeria,draw_79
Female,1.0248796511620692,3,114.43443,nigeria,draw_79
Male,1.0206743006725174,3,114.43443,nigeria,draw_79
Female,1.021525239498521,2,114.54454,nigeria,draw_79
Male,1.0195698655905527,2,114.54454,nigeria,draw_79
Female,1.0245371341474654,3,114.54454,nigeria,draw_79
Male,1.0203724273837484,3,114.54454,nigeria,draw_79
Female,1.0211848087708744,2,114.65465,nigeria,draw_79
Male,1.0192480436382414,2,114.65465,nigeria,draw_79
Female,1.0241955821654856,3,114.65465,nigeria,draw_79
Male,1.0200711678815824,3,114.65465,nigeria,draw_79
Female,1.0208451709711546,2,114.76476,nigeria,draw_79
Male,1.0189264734053547,2,114.76476,nigeria,draw_79
Female,1.0238546368197845,3,114.76476,nigeria,draw_79
Male,1.0197701458886395,3,114.76476,nigeria,draw_79
Female,1.0205067495004667,2,114.87487,nigeria,draw_79
Male,1.0186060904760728,2,114.87487,nigeria,draw_79
Female,1.0235145876154919,3,114.87487,nigeria,draw_79
Male,1.0194699278750414,3,114.87487,nigeria,draw_79
Female,1.0201689670643344,2,114.98498,nigeria,draw_79
Male,1.018286487739658,2,114.98498,nigeria,draw_79
Female,1.0231750230172245,3,114.98498,nigeria,draw_79
Male,1.0191702748575926,3,114.98498,nigeria,draw_79
Female,1.0198323943941665,2,115.0951,nigeria,draw_79
Male,1.017967475788051,2,115.0951,nigeria,draw_79
Female,1.0228363528730724,3,115.0951,nigeria,draw_79
Male,1.0188710648650752,3,115.0951,nigeria,draw_79
Female,1.0194966338547518,2,115.20521,nigeria,draw_79
Male,1.0176497100927264,2,115.20521,nigeria,draw_79
Female,1.0224982915336276,3,115.20521,nigeria,draw_79
Male,1.0185727161666136,3,115.20521,nigeria,draw_79
Female,1.0191622692560574,2,115.31532,nigeria,draw_79
Male,1.0173327162102486,2,115.31532,nigeria,draw_79
Female,1.022161282151761,3,115.31532,nigeria,draw_79
Male,1.0182749376524756,3,115.31532,nigeria,draw_79
Female,1.0188292450891396,2,115.42543,nigeria,draw_79
Male,1.017016521152081,2,115.42543,nigeria,draw_79
Female,1.0218252426977754,3,115.42543,nigeria,draw_79
Male,1.0179777262369305,3,115.42543,nigeria,draw_79
Female,1.0184964758648152,2,115.53554,nigeria,draw_79
Male,1.0167013512618213,2,115.53554,nigeria,draw_79
Female,1.021489422593647,3,115.53554,nigeria,draw_79
Male,1.0176812242293565,3,115.53554,nigeria,draw_79
Female,1.0181648199469806,2,115.64565,nigeria,draw_79
Male,1.016386736581944,2,115.64565,nigeria,draw_79
Female,1.0211544074441004,3,115.64565,nigeria,draw_79
Male,1.017385148304245,3,115.64565,nigeria,draw_79
Female,1.0178341137362383,2,115.75576,nigeria,draw_79
Male,1.016073506693443,2,115.75576,nigeria,draw_79
Female,1.0208201088435045,3,115.75576,nigeria,draw_79
Male,1.0170899991895719,3,115.75576,nigeria,draw_79
Female,1.0175050297006738,2,115.86587,nigeria,draw_79
Male,1.0157607076455326,2,115.86587,nigeria,draw_79
Female,1.0204870082657553,3,115.86587,nigeria,draw_79
Male,1.0167952157571611,3,115.86587,nigeria,draw_79
Female,1.0171765448348127,2,115.97598,nigeria,draw_79
Male,1.0154486873234998,2,115.97598,nigeria,draw_79
Female,1.0201543950031526,3,115.97598,nigeria,draw_79
Male,1.0165009895946149,3,115.97598,nigeria,draw_79
Female,1.0168493438148425,2,116.08609,nigeria,draw_79
Male,1.0151377224467693,2,116.08609,nigeria,draw_79
Female,1.019822754073647,3,116.08609,nigeria,draw_79
Male,1.0162075435482185,3,116.08609,nigeria,draw_79
Female,1.0165231507824088,2,116.1962,nigeria,draw_79
Male,1.0148283221869467,2,116.1962,nigeria,draw_79
Female,1.0194919215627896,3,116.1962,nigeria,draw_79
Male,1.0159151913778695,3,116.1962,nigeria,draw_79
Female,1.0161977406142326,2,116.30631,nigeria,draw_79
Male,1.0145189664664442,2,116.30631,nigeria,draw_79
Female,1.0191617670942203,3,116.30631,nigeria,draw_79
Male,1.0156229952118867,3,116.30631,nigeria,draw_79
Female,1.01587388274952,2,116.41642,nigeria,draw_79
Male,1.0142112735417252,2,116.41642,nigeria,draw_79
Female,1.0188328495318775,3,116.41642,nigeria,draw_79
Male,1.015331925648912,3,116.41642,nigeria,draw_79
Female,1.0155502432080759,2,116.52653,nigeria,draw_79
Male,1.0139037602358634,2,116.52653,nigeria,draw_79
Female,1.0185042130249569,3,116.52653,nigeria,draw_79
Male,1.015041084633175,3,116.52653,nigeria,draw_79
Female,1.0152278921261744,2,116.63664,nigeria,draw_79
Male,1.0135977420006161,2,116.63664,nigeria,draw_79
Female,1.0181765806712642,3,116.63664,nigeria,draw_79
Male,1.0147512795990363,3,116.63664,nigeria,draw_79
Female,1.0149068177844318,2,116.74675,nigeria,draw_79
Male,1.0132924997366113,2,116.74675,nigeria,draw_79
Female,1.0178499738571978,3,116.74675,nigeria,draw_79
Male,1.014462091539357,3,116.74675,nigeria,draw_79
Female,1.0145868993203433,2,116.85686,nigeria,draw_79
Male,1.0129880439589756,2,116.85686,nigeria,draw_79
Female,1.0175242837222827,3,116.85686,nigeria,draw_79
Male,1.0141735236766432,3,116.85686,nigeria,draw_79
Female,1.014267768732223,2,116.96697,nigeria,draw_79
Male,1.0126845466811958,2,116.96697,nigeria,draw_79
Female,1.0171992520218347,3,116.96697,nigeria,draw_79
Male,1.0138856820053626,3,116.96697,nigeria,draw_79
Female,1.0139491342942832,2,117.07708,nigeria,draw_79
Male,1.0123817853333632,2,117.07708,nigeria,draw_79
Female,1.016874657895929,3,117.07708,nigeria,draw_79
Male,1.0135984219274843,3,117.07708,nigeria,draw_79
Female,1.0136324212223162,2,117.18719,nigeria,draw_79
Male,1.012079657182456,2,117.18719,nigeria,draw_79
Female,1.016551532105508,3,117.18719,nigeria,draw_79
Male,1.0133116936087763,3,117.18719,nigeria,draw_79
Female,1.0133158489819263,2,117.2973,nigeria,draw_79
Male,1.0117787663918203,2,117.2973,nigeria,draw_79
Female,1.0162286218945822,3,117.2973,nigeria,draw_79
Male,1.0130258471129525,3,117.2973,nigeria,draw_79
Female,1.0130008948199616,2,117.40741,nigeria,draw_79
Male,1.0114788692680892,2,117.40741,nigeria,draw_79
Female,1.0159069777384109,3,117.40741,nigeria,draw_79
Male,1.012740721691008,3,117.40741,nigeria,draw_79
Female,1.012686576147505,2,117.51752,nigeria,draw_79
Male,1.0111801510771337,2,117.51752,nigeria,draw_79
Female,1.0155858762555154,3,117.51752,nigeria,draw_79
Male,1.0124564416525506,3,117.51752,nigeria,draw_79
Female,1.012373413286344,2,117.62763,nigeria,draw_79
Male,1.0108818649447948,2,117.62763,nigeria,draw_79
Female,1.0152656803194902,3,117.62763,nigeria,draw_79
Male,1.0121725217131734,3,117.62763,nigeria,draw_79
Female,1.0120613147446302,2,117.73774,nigeria,draw_79
Male,1.010585146519631,2,117.73774,nigeria,draw_79
Female,1.0149463463285264,3,117.73774,nigeria,draw_79
Male,1.0118896843258114,3,117.73774,nigeria,draw_79
Female,1.0117503183193968,2,117.84785,nigeria,draw_79
Male,1.010288466900614,2,117.84785,nigeria,draw_79
Female,1.014627919379874,3,117.84785,nigeria,draw_79
Male,1.0116069928522835,3,117.84785,nigeria,draw_79
Female,1.011439909045437,2,117.95796,nigeria,draw_79
Male,1.0099931243703621,2,117.95796,nigeria,draw_79
Female,1.0143100101654845,3,117.95796,nigeria,draw_79
Male,1.0113252338804273,3,117.95796,nigeria,draw_79
Female,1.0111307846922233,2,118.06807,nigeria,draw_79
Male,1.009699201745835,2,118.06807,nigeria,draw_79
Female,1.0139931023347168,3,118.06807,nigeria,draw_79
Male,1.0110444746885223,3,118.06807,nigeria,draw_79
Female,1.0108229707901488,2,118.17818,nigeria,draw_79
Male,1.0094053587264546,2,118.17818,nigeria,draw_79
Female,1.0136772163781682,3,118.17818,nigeria,draw_79
Male,1.0107638958251448,3,118.17818,nigeria,draw_79
Female,1.0105155502441443,2,118.28829,nigeria,draw_79
Male,1.0091133732214421,2,118.28829,nigeria,draw_79
Female,1.013361748609738,3,118.28829,nigeria,draw_79
Male,1.0104846053364713,3,118.28829,nigeria,draw_79
Female,1.0102102375185962,2,118.3984,nigeria,draw_79
Male,1.0088216463550574,2,118.3984,nigeria,draw_79
Female,1.0130479199914568,3,118.3984,nigeria,draw_79
Male,1.0102056609730512,3,118.3984,nigeria,draw_79
Female,1.0099054800419316,2,118.50851,nigeria,draw_79
Male,1.0085313878709696,2,118.50851,nigeria,draw_79
Female,1.0127347101899074,3,118.50851,nigeria,draw_79
Male,1.0099278602480029,3,118.50851,nigeria,draw_79
Female,1.0096029481714084,2,118.61862,nigeria,draw_79
Male,1.0082424138608472,2,118.61862,nigeria,draw_79
Female,1.0124233256271822,3,118.61862,nigeria,draw_79
Male,1.0096511321931838,3,118.61862,nigeria,draw_79
Female,1.0093012673167263,2,118.72873,nigeria,draw_79
Male,1.0079550166386744,2,118.72873,nigeria,draw_79
Female,1.0121128417856033,3,118.72873,nigeria,draw_79
Male,1.0093756887331298,3,118.72873,nigeria,draw_79
Female,1.0090016954697487,2,118.83884,nigeria,draw_79
Male,1.007668810618935,2,118.83884,nigeria,draw_79
Female,1.0118041687017643,3,118.83884,nigeria,draw_79
Male,1.0091013357752767,3,118.83884,nigeria,draw_79
Female,1.008703193453458,2,118.94895,nigeria,draw_79
Male,1.0073841644574926,2,118.94895,nigeria,draw_79
Female,1.0114966716371496,3,118.94895,nigeria,draw_79
Male,1.0088283946816097,3,118.94895,nigeria,draw_79
Female,1.0084073066975323,2,119.05906,nigeria,draw_79
Male,1.0071017990525504,2,119.05906,nigeria,draw_79
Female,1.0111915173108923,3,119.05906,nigeria,draw_79
Male,1.0085573747017604,3,119.05906,nigeria,draw_79
Female,1.008113348600798,2,119.16917,nigeria,draw_79
Male,1.006821362759005,2,119.16917,nigeria,draw_79
Female,1.010888248369624,3,119.16917,nigeria,draw_79
Male,1.0082880817608675,3,119.16917,nigeria,draw_79
Female,1.0078209754329055,2,119.27928,nigeria,draw_79
Male,1.0065424709749926,2,119.27928,nigeria,draw_79
Female,1.0105866885182138,3,119.27928,nigeria,draw_79
Male,1.0080203190395123,3,119.27928,nigeria,draw_79
Female,1.007531087069062,2,119.38939,nigeria,draw_79
Male,1.006265413465542,2,119.38939,nigeria,draw_79
Female,1.0102875689198756,3,119.38939,nigeria,draw_79
Male,1.007754375656011,3,119.38939,nigeria,draw_79
Female,1.007243718308914,2,119.4995,nigeria,draw_79
Male,1.0059910616094172,2,119.4995,nigeria,draw_79
Female,1.0099909781758394,3,119.4995,nigeria,draw_79
Male,1.007490882160827,3,119.4995,nigeria,draw_79
Female,1.006959421275352,2,119.60961,nigeria,draw_79
Male,1.0057196556174302,2,119.60961,nigeria,draw_79
Female,1.0096974538857257,3,119.60961,nigeria,draw_79
Male,1.0072301456252022,3,119.60961,nigeria,draw_79
Female,1.0066772869223921,2,119.71972,nigeria,draw_79
Male,1.0054505677219456,2,119.71972,nigeria,draw_79
Female,1.009406264472854,3,119.71972,nigeria,draw_79
Male,1.006971660448868,3,119.71972,nigeria,draw_79
Female,1.006398902034734,2,119.82983,nigeria,draw_79
Male,1.0051847775144997,2,119.82983,nigeria,draw_79
Female,1.0091185547526005,3,119.82983,nigeria,draw_79
Male,1.0067160621796971,3,119.82983,nigeria,draw_79
Female,1.0061234155437118,2,119.93994,nigeria,draw_79
Male,1.0049217408910127,2,119.93994,nigeria,draw_79
Female,1.0088338018628027,3,119.93994,nigeria,draw_79
Male,1.0064630979615816,3,119.93994,nigeria,draw_79
Female,1.0058518416953073,2,120.05005,nigeria,draw_79
Male,1.004661490258174,2,120.05005,nigeria,draw_79
Female,1.0085528090792795,3,120.05005,nigeria,draw_79
Male,1.0062128599007054,3,120.05005,nigeria,draw_79
Female,1.004499811075909,2,120.16016,nigeria,draw_79
Male,1.0033349352293477,2,120.16016,nigeria,draw_79
Female,1.0071858951061996,3,120.16016,nigeria,draw_79
Male,1.0049715170650304,3,120.16016,nigeria,draw_79
Female,1.0031765859905024,2,120.27027,nigeria,draw_79
Male,1.0020347662000615,2,120.27027,nigeria,draw_79
Female,1.0058449514790726,3,120.27027,nigeria,draw_79
Male,1.0037526136386417,3,120.27027,nigeria,draw_79
Female,1.001882172183029,2,120.38038,nigeria,draw_79
Male,1.0007619581505693,2,120.38038,nigeria,draw_79
Female,1.0045300890773663,3,120.38038,nigeria,draw_79
Male,1.0025565459803587,3,120.38038,nigeria,draw_79
Female,1.0006178422702383,2,120.49049,nigeria,draw_79
Male,0.9995198660115691,2,120.49049,nigeria,draw_79
Female,1.00324278726179,3,120.49049,nigeria,draw_79
Male,1.00138601385249,3,120.49049,nigeria,draw_79
Female,0.9993869343296188,2,120.6006,nigeria,draw_79
Male,0.9983084909975882,2,120.6006,nigeria,draw_79
Female,1.00198546538497,3,120.6006,nigeria,draw_79
Male,1.0002413517503652,3,120.6006,nigeria,draw_79
Female,0.9981900034422273,2,120.71071,nigeria,draw_79
Male,0.9971299149998366,2,120.71071,nigeria,draw_79
Female,1.0007586276779314,3,120.71071,nigeria,draw_79
Male,0.9991239378834696,3,120.71071,nigeria,draw_79
Female,0.9970309789732581,2,120.82082,nigeria,draw_79
Male,0.9959880754372675,2,120.82082,nigeria,draw_79
Female,0.9995652268037294,3,120.82082,nigeria,draw_79
Male,0.9980363486790605,3,120.82082,nigeria,draw_79
Female,0.9959122490468303,2,120.93093,nigeria,draw_79
Male,0.9948845859658607,2,120.93093,nigeria,draw_79
Female,0.9984075694796792,3,120.93093,nigeria,draw_79
Male,0.9969798920083828,3,120.93093,nigeria,draw_79
Female,0.994835155614782,2,121.04104,nigeria,draw_79
Male,0.9938218313654013,2,121.04104,nigeria,draw_79
Female,0.997287354802962,3,121.04104,nigeria,draw_79
Male,0.9959569020060655,3,121.04104,nigeria,draw_79
Female,0.9937986227155732,2,121.15115,nigeria,draw_79
Male,0.9927973286971531,2,121.15115,nigeria,draw_79
Female,0.9962025404079305,3,121.15115,nigeria,draw_79
Male,0.9949647742800243,3,121.15115,nigeria,draw_79
Female,0.9928026674724355,2,121.26126,nigeria,draw_79
Male,0.9918108321886366,2,121.26126,nigeria,draw_79
Female,0.9951533444022067,3,121.26126,nigeria,draw_79
Male,0.9940034131264521,3,121.26126,nigeria,draw_79
Female,0.9918455200987285,2,121.37137,nigeria,draw_79
Male,0.9908618933525284,2,121.37137,nigeria,draw_79
Female,0.994138435267046,3,121.37137,nigeria,draw_79
Male,0.993072612441709,3,121.37137,nigeria,draw_79
Female,0.990928175905835,2,121.48148,nigeria,draw_79
Male,0.9899505310427131,2,121.48148,nigeria,draw_79
Female,0.9931586407389223,3,121.48148,nigeria,draw_79
Male,0.9921722382751248,3,121.48148,nigeria,draw_79
Female,0.9900539749548815,2,121.59159,nigeria,draw_79
Male,0.9890802152181135,2,121.59159,nigeria,draw_79
Female,0.9922163535993881,3,121.59159,nigeria,draw_79
Male,0.991304653028097,3,121.59159,nigeria,draw_79
Female,0.9892206763274334,2,121.7017,nigeria,draw_79
Male,0.9882489619666575,2,121.7017,nigeria,draw_79
Female,0.9913111002192972,3,121.7017,nigeria,draw_79
Male,0.9904697148929557,3,121.7017,nigeria,draw_79
Female,0.9884261806359022,2,121.81181,nigeria,draw_79
Male,0.9874550861027611,2,121.81181,nigeria,draw_79
Female,0.9904406268046626,3,121.81181,nigeria,draw_79
Male,0.9896654618939609,3,121.81181,nigeria,draw_79
Female,0.9876697446667548,2,121.92192,nigeria,draw_79
Male,0.9866973436374596,2,121.92192,nigeria,draw_79
Female,0.9896041509238809,3,121.92192,nigeria,draw_79
Male,0.9888907797201173,3,121.92192,nigeria,draw_79
Female,0.9869508527731072,2,122.03203,nigeria,draw_79
Male,0.9859755128734539,2,122.03203,nigeria,draw_79
Female,0.9888012330003052,3,122.03203,nigeria,draw_79
Male,0.9881455436968124,3,122.03203,nigeria,draw_79
Female,0.9862695248896814,2,122.14214,nigeria,draw_79
Male,0.9852895874577466,2,122.14214,nigeria,draw_79
Female,0.9880319193552095,3,122.14214,nigeria,draw_79
Male,0.9874297495790906,3,122.14214,nigeria,draw_79
Female,0.9856281528928096,2,122.25225,nigeria,draw_79
Male,0.9846413677561103,2,122.25225,nigeria,draw_79
Female,0.9872979334455069,3,122.25225,nigeria,draw_79
Male,0.9867444602848159,3,122.25225,nigeria,draw_79
Female,0.9850270341204362,2,122.36236,nigeria,draw_79
Male,0.98403213207668,2,122.36236,nigeria,draw_79
Female,0.9865998780661567,3,122.36236,nigeria,draw_79
Male,0.9860909296525392,3,122.36236,nigeria,draw_79
Female,0.9844640200589941,2,122.47247,nigeria,draw_79
Male,0.9834598819803915,2,122.47247,nigeria,draw_79
Female,0.9859367050970324,3,122.47247,nigeria,draw_79
Male,0.9854685585507565,3,122.47247,nigeria,draw_79
Female,0.9839376378146963,2,122.58258,nigeria,draw_79
Male,0.9829218874696164,2,122.58258,nigeria,draw_79
Female,0.9853064105517688,3,122.58258,nigeria,draw_79
Male,0.9848744807251346,3,122.58258,nigeria,draw_79
Female,0.9834476476600643,2,122.69269,nigeria,draw_79
Male,0.9824196695244507,2,122.69269,nigeria,draw_79
Female,0.9847088817415298,3,122.69269,nigeria,draw_79
Male,0.9843096403162769,3,122.69269,nigeria,draw_79
Female,0.9829939741784924,2,122.8028,nigeria,draw_79
Male,0.9819521606400095,2,122.8028,nigeria,draw_79
Female,0.9841440312943227,3,122.8028,nigeria,draw_79
Male,0.9837732972700916,3,122.8028,nigeria,draw_79
Female,0.9825765914194053,2,122.91291,nigeria,draw_79
Male,0.9815194878782464,2,122.91291,nigeria,draw_79
Female,0.9836117308935913,3,122.91291,nigeria,draw_79
Male,0.9832655705887017,3,122.91291,nigeria,draw_79
Female,0.9821989652058071,2,123.02302,nigeria,draw_79
Male,0.9811253640331765,2,123.02302,nigeria,draw_79
Female,0.983114480202568,3,123.02302,nigeria,draw_79
Male,0.9827887379915657,3,123.02302,nigeria,draw_79
Female,0.9818602549296799,2,123.13313,nigeria,draw_79
Male,0.9807684744897059,2,123.13313,nigeria,draw_79
Female,0.9826529102685508,3,123.13313,nigeria,draw_79
Male,0.9823431143939652,3,123.13313,nigeria,draw_79
Female,0.9815577069598601,2,123.24324,nigeria,draw_79
Male,0.9804461675689459,2,123.24324,nigeria,draw_79
Female,0.982224008264708,3,123.24324,nigeria,draw_79
Male,0.9819260439999856,3,123.24324,nigeria,draw_79
Female,0.9812909584579511,2,123.35335,nigeria,draw_79
Male,0.9801587712453058,2,123.35335,nigeria,draw_79
Female,0.9818271557018631,3,123.35335,nigeria,draw_79
Male,0.9815373961055583,3,123.35335,nigeria,draw_79
Female,0.9810608310730206,2,123.46346,nigeria,draw_79
Male,0.979905446971122,2,123.46346,nigeria,draw_79
Female,0.9814629285394816,3,123.46346,nigeria,draw_79
Male,0.9811766691530482,3,123.46346,nigeria,draw_79
Female,0.9808658203805144,2,123.57357,nigeria,draw_79
Male,0.9796864634751272,2,123.57357,nigeria,draw_79
Female,0.9811302957614974,3,123.57357,nigeria,draw_79
Male,0.9808439813661178,3,123.57357,nigeria,draw_79
Female,0.9807088691988535,2,123.68368,nigeria,draw_79
Male,0.9795029204043101,2,123.68368,nigeria,draw_79
Female,0.980831313974632,3,123.68368,nigeria,draw_79
Male,0.980539972497048,3,123.68368,nigeria,draw_79
Female,0.9805918941938991,2,123.79379,nigeria,draw_79
Male,0.9793574754226536,2,123.79379,nigeria,draw_79
Female,0.9805677312754812,3,123.79379,nigeria,draw_79
Male,0.9802668080367873,3,123.79379,nigeria,draw_79
Female,0.9805131210948062,2,123.9039,nigeria,draw_79
Male,0.9792483903401684,2,123.9039,nigeria,draw_79
Female,0.9803385819229791,3,123.9039,nigeria,draw_79
Male,0.9800237445365791,3,123.9039,nigeria,draw_79
Female,0.9804700834524633,2,124.01401,nigeria,draw_79
Male,0.9791731688995553,2,124.01401,nigeria,draw_79
Female,0.9801411818490616,3,124.01401,nigeria,draw_79
Male,0.9798083000272839,3,124.01401,nigeria,draw_79
Female,0.9804636883516366,2,124.12412,nigeria,draw_79
Male,0.9791322832594374,2,124.12412,nigeria,draw_79
Female,0.9799761540544696,3,124.12412,nigeria,draw_79
Male,0.9796207088890155,3,124.12412,nigeria,draw_79
Female,0.9804930521241773,2,124.23423,nigeria,draw_79
Male,0.9791258765260576,2,124.23423,nigeria,draw_79
Female,0.9798427357895564,3,124.23423,nigeria,draw_79
Male,0.9794609708090128,3,124.23423,nigeria,draw_79
Female,0.9805594096648625,2,124.34434,nigeria,draw_79
Male,0.979153663210207,2,124.34434,nigeria,draw_79
Female,0.9797416283198662,3,124.34434,nigeria,draw_79
Male,0.9793288682080107,3,124.34434,nigeria,draw_79
Female,0.9806654352539117,2,124.45445,nigeria,draw_79
Male,0.9792188982804801,2,124.45445,nigeria,draw_79
Female,0.9796748294008217,3,124.45445,nigeria,draw_79
Male,0.9792263029280083,3,124.45445,nigeria,draw_79
Female,0.9808120173686281,2,124.56456,nigeria,draw_79
Male,0.9793230329718081,2,124.56456,nigeria,draw_79
Female,0.9796441796621816,3,124.56456,nigeria,draw_79
Male,0.9791553367533559,3,124.56456,nigeria,draw_79
Female,0.9809963807888591,2,124.67467,nigeria,draw_79
Male,0.9794620171366044,2,124.67467,nigeria,draw_79
Female,0.9796464493569186,3,124.67467,nigeria,draw_79
Male,0.9791122932376319,3,124.67467,nigeria,draw_79
Female,0.9812174424176321,2,124.78478,nigeria,draw_79
Male,0.9796359272923117,2,124.78478,nigeria,draw_79
Female,0.9796805910192574,3,124.78478,nigeria,draw_79
Male,0.9790969841376678,3,124.78478,nigeria,draw_79
Female,0.9814764034639972,2,124.89489,nigeria,draw_79
Male,0.9798450370966343,2,124.89489,nigeria,draw_79
Female,0.9797474466077774,3,124.89489,nigeria,draw_79
Male,0.9791094780151702,3,124.89489,nigeria,draw_79
Female,0.9817725139030316,2,125.00501,nigeria,draw_79
Male,0.9800895285765618,2,125.00501,nigeria,draw_79
Female,0.979846423341805,3,125.00501,nigeria,draw_79
Male,0.979149861603335,3,125.00501,nigeria,draw_79
Female,0.9821069424828938,2,125.11512,nigeria,draw_79
Male,0.9803694591075047,2,125.11512,nigeria,draw_79
Female,0.9799781782685801,3,125.11512,nigeria,draw_79
Male,0.9792181004583496,3,125.11512,nigeria,draw_79
Female,0.9823420050810405,2,125.22523,nigeria,draw_79
Male,0.9805590035571444,2,125.22523,nigeria,draw_79
Female,0.9800458392542111,3,125.22523,nigeria,draw_79
Male,0.9792363752153028,3,125.22523,nigeria,draw_79
Female,0.9822678463209001,2,125.33534,nigeria,draw_79
Male,0.9804642032139482,2,125.33534,nigeria,draw_79
Female,0.9799007282796273,3,125.33534,nigeria,draw_79
Male,0.9790840626711523,3,125.33534,nigeria,draw_79
Female,0.9822076301148641,2,125.44545,nigeria,draw_79
Male,0.9803841006942852,2,125.44545,nigeria,draw_79
Female,0.979770808806125,3,125.44545,nigeria,draw_79
Male,0.9789462570671447,3,125.44545,nigeria,draw_79
Female,0.982161404753923,2,125.55556,nigeria,draw_79
Male,0.9803168239606084,2,125.55556,nigeria,draw_79
Female,0.9796560736304984,3,125.55556,nigeria,draw_79
Male,0.9788217630216234,3,125.55556,nigeria,draw_79
Female,0.982128472041047,2,125.66567,nigeria,draw_79
Male,0.9802633069332838,2,125.66567,nigeria,draw_79
Female,0.9795560915139399,3,125.66567,nigeria,draw_79
Male,0.9787112237796076,3,125.66567,nigeria,draw_79
Female,0.9821100235340633,2,125.77578,nigeria,draw_79
Male,0.9802236385767609,2,125.77578,nigeria,draw_79
Female,0.9794719984224297,3,125.77578,nigeria,draw_79
Male,0.9786149825175289,3,125.77578,nigeria,draw_79
Female,0.9821073091971395,2,125.88589,nigeria,draw_79
Male,0.980199104345183,2,125.88589,nigeria,draw_79
Female,0.9794052786207117,3,125.88589,nigeria,draw_79
Male,0.9785344248264777,3,125.88589,nigeria,draw_79
Female,0.9821246575529836,2,125.996,nigeria,draw_79
Male,0.9801950503828585,2,125.996,nigeria,draw_79
Female,0.9793616285810847,3,125.996,nigeria,draw_79
Male,0.9784755480241419,3,125.996,nigeria,draw_79
Female,0.9821605212395907,2,126.10611,nigeria,draw_79
Male,0.9802096542172378,2,126.10611,nigeria,draw_79
Female,0.979339092634459,3,126.10611,nigeria,draw_79
Male,0.9784363478813123,3,126.10611,nigeria,draw_79
Female,0.9822146522739067,2,126.21622,nigeria,draw_79
Male,0.980242177697115,2,126.21622,nigeria,draw_79
Female,0.9793373661009649,3,126.21622,nigeria,draw_79
Male,0.978416247183755,3,126.21622,nigeria,draw_79
Female,0.9822878362804963,2,126.32633,nigeria,draw_79
Male,0.9802928968228392,2,126.32633,nigeria,draw_79
Female,0.9793570172445797,3,126.32633,nigeria,draw_79
Male,0.9784154227972072,3,126.32633,nigeria,draw_79
Female,0.9823772952250713,2,126.43644,nigeria,draw_79
Male,0.9803612880336591,2,126.43644,nigeria,draw_79
Female,0.9793957147717041,3,126.43644,nigeria,draw_79
Male,0.9784331525216734,3,126.43644,nigeria,draw_79
Female,0.9824827138191684,2,126.54655,nigeria,draw_79
Male,0.9804443941144362,2,126.54655,nigeria,draw_79
Female,0.9794523561984705,3,126.54655,nigeria,draw_79
Male,0.978466706353673,3,126.54655,nigeria,draw_79
Female,0.9826036087438491,2,126.65666,nigeria,draw_79
Male,0.9805427028347383,2,126.65666,nigeria,draw_79
Female,0.9795262618241156,3,126.65666,nigeria,draw_79
Male,0.9785160905067488,3,126.65666,nigeria,draw_79
Female,0.9827386497238801,2,126.76677,nigeria,draw_79
Male,0.9806560487230521,2,126.76677,nigeria,draw_79
Female,0.9796164532538366,3,126.76677,nigeria,draw_79
Male,0.978581163921825,3,126.76677,nigeria,draw_79
Female,0.982886988060094,2,126.87688,nigeria,draw_79
Male,0.9807818582245741,2,126.87688,nigeria,draw_79
Female,0.9797215193908062,3,126.87688,nigeria,draw_79
Male,0.9786595046783706,3,126.87688,nigeria,draw_79
Female,0.9830481397213011,2,126.98699,nigeria,draw_79
Male,0.9809206038088836,2,126.98699,nigeria,draw_79
Female,0.9798411156293391,3,126.98699,nigeria,draw_79
Male,0.9787514037602713,3,126.98699,nigeria,draw_79
Female,0.9832222446347901,2,127.0971,nigeria,draw_79
Male,0.9810716104164824,2,127.0971,nigeria,draw_79
Female,0.9799753653563581,3,127.0971,nigeria,draw_79
Male,0.9788564394776469,3,127.0971,nigeria,draw_79
Female,0.9834088752975668,2,127.20721,nigeria,draw_79
Male,0.9812360693873977,2,127.20721,nigeria,draw_79
Female,0.9801239512975596,3,127.20721,nigeria,draw_79
Male,0.9789753574777861,3,127.20721,nigeria,draw_79
Female,0.9836083106571066,2,127.31732,nigeria,draw_79
Male,0.9814125784685265,2,127.31732,nigeria,draw_79
Female,0.9802870873248027,3,127.31732,nigeria,draw_79
Male,0.9791073095467273,3,127.31732,nigeria,draw_79
Female,0.9838208412781664,2,127.42743,nigeria,draw_79
Male,0.9816025429310129,2,127.42743,nigeria,draw_79
Female,0.9804658691123012,3,127.42743,nigeria,draw_79
Male,0.9792540474027901,3,127.42743,nigeria,draw_79
Female,0.9840452418926062,2,127.53754,nigeria,draw_79
Male,0.9818043637464783,2,127.53754,nigeria,draw_79
Female,0.9806582309097256,3,127.53754,nigeria,draw_79
Male,0.9794133760542898,3,127.53754,nigeria,draw_79
Female,0.9842801772199463,2,127.64765,nigeria,draw_79
Male,0.9820175692919597,2,127.64765,nigeria,draw_79
Female,0.9808634501785993,3,127.64765,nigeria,draw_79
Male,0.9795852047205701,3,127.64765,nigeria,draw_79
Female,0.9845279449612394,2,127.75776,nigeria,draw_79
Male,0.9822426184549905,2,127.75776,nigeria,draw_79
Female,0.9810833249524584,3,127.75776,nigeria,draw_79
Male,0.979770061348347,3,127.75776,nigeria,draw_79
Female,0.9847881623821376,2,127.86787,nigeria,draw_79
Male,0.9824803169876185,2,127.86787,nigeria,draw_79
Female,0.9813177060061803,3,127.86787,nigeria,draw_79
Male,0.9799685395120367,3,127.86787,nigeria,draw_79
Female,0.9850604306393177,2,127.97798,nigeria,draw_79
Male,0.9827303265901196,2,127.97798,nigeria,draw_79
Female,0.9815662425021247,3,127.97798,nigeria,draw_79
Male,0.980180349206299,3,127.97798,nigeria,draw_79
Female,0.9853451074667466,2,128.08809,nigeria,draw_79
Male,0.9829932672812483,2,128.08809,nigeria,draw_79
Female,0.9818293940988095,3,128.08809,nigeria,draw_79
Male,0.980406034320948,3,128.08809,nigeria,draw_79
Female,0.985642073823114,2,128.1982,nigeria,draw_79
Male,0.9832683511771844,2,128.1982,nigeria,draw_79
Female,0.9821069367807491,3,128.1982,nigeria,draw_79
Male,0.980645023359182,3,128.1982,nigeria,draw_79
Female,0.9859507094783869,2,128.30831,nigeria,draw_79
Male,0.9835550429995421,2,128.30831,nigeria,draw_79
Female,0.9823978251543727,3,128.30831,nigeria,draw_79
Male,0.9808964024811413,3,128.30831,nigeria,draw_79
Female,0.9862701841207829,2,128.41842,nigeria,draw_79
Male,0.9838524001444853,2,128.41842,nigeria,draw_79
Female,0.9827011765403547,3,128.41842,nigeria,draw_79
Male,0.9811592852544593,3,128.41842,nigeria,draw_79
Female,0.9866000131222975,2,128.52853,nigeria,draw_79
Male,0.9841598858175363,2,128.52853,nigeria,draw_79
Female,0.9830163079563853,3,128.52853,nigeria,draw_79
Male,0.9814329845073153,3,128.52853,nigeria,draw_79
Female,0.9869394339989475,2,128.63864,nigeria,draw_79
Male,0.9844770480532209,2,128.63864,nigeria,draw_79
Female,0.9833424589736475,3,128.63864,nigeria,draw_79
Male,0.9817169877330756,3,128.63864,nigeria,draw_79
Female,0.9872886098348898,2,128.74875,nigeria,draw_79
Male,0.9848043391633698,2,128.74875,nigeria,draw_79
Female,0.9836796525810643,3,128.74875,nigeria,draw_79
Male,0.9820114966790372,3,128.74875,nigeria,draw_79
Female,0.98764949134886,2,128.85886,nigeria,draw_79
Male,0.9851424175997366,2,128.85886,nigeria,draw_79
Female,0.9840299754330375,3,128.85886,nigeria,draw_79
Male,0.9823176226300423,3,128.85886,nigeria,draw_79
Female,0.9880188248795335,2,128.96897,nigeria,draw_79
Male,0.9854897351265693,2,128.96897,nigeria,draw_79
Female,0.9843902608582474,3,128.96897,nigeria,draw_79
Male,0.9826335659170254,3,128.96897,nigeria,draw_79
Female,0.9883973503839616,2,129.07908,nigeria,draw_79
Male,0.9858463608424194,2,129.07908,nigeria,draw_79
Female,0.984761044075283,3,129.07908,nigeria,draw_79
Male,0.9829593642936235,3,129.07908,nigeria,draw_79
Female,0.988785566147494,2,129.18919,nigeria,draw_79
Male,0.9862118767699835,2,129.18919,nigeria,draw_79
Female,0.9851426961498205,3,129.18919,nigeria,draw_79
Male,0.9832947809036524,3,129.18919,nigeria,draw_79
Female,0.9891822467314662,2,129.2993,nigeria,draw_79
Male,0.9865863746025996,2,129.2993,nigeria,draw_79
Female,0.9855343723585117,3,129.2993,nigeria,draw_79
Male,0.9836398612794569,3,129.2993,nigeria,draw_79
Female,0.9895882575859746,2,129.40941,nigeria,draw_79
Male,0.9869696471562283,2,129.40941,nigeria,draw_79
Female,0.9859367207112705,3,129.40941,nigeria,draw_79
Male,0.9839944787873404,3,129.40941,nigeria,draw_79
Female,0.9900045841028465,2,129.51952,nigeria,draw_79
Male,0.98736385506822,2,129.51952,nigeria,draw_79
Female,0.9863508836657554,3,129.51952,nigeria,draw_79
Male,0.9843604734411873,3,129.51952,nigeria,draw_79
Female,0.9904315923122406,2,129.62963,nigeria,draw_79
Male,0.987767835727841,2,129.62963,nigeria,draw_79
Female,0.9867771046291773,3,129.62963,nigeria,draw_79
Male,0.9847370506649662,3,129.62963,nigeria,draw_79
Female,0.9908673485623547,2,129.73974,nigeria,draw_79
Male,0.9881814050100812,2,129.73974,nigeria,draw_79
Female,0.9872136112917982,3,129.73974,nigeria,draw_79
Male,0.985123723930805,3,129.73974,nigeria,draw_79
Female,0.9913122163324517,2,129.84985,nigeria,draw_79
Male,0.9886041547588219,2,129.84985,nigeria,draw_79
Female,0.9876606776131024,3,129.84985,nigeria,draw_79
Male,0.9855202586327604,3,129.84985,nigeria,draw_79
Female,0.9917664315181332,2,129.95996,nigeria,draw_79
Male,0.9890364272815078,2,129.95996,nigeria,draw_79
Female,0.9881184781624179,3,129.95996,nigeria,draw_79
Male,0.9859268707356363,3,129.95996,nigeria,draw_79
Female,0.9922299117561932,2,130.07007,nigeria,draw_79
Male,0.989477507419445,2,130.07007,nigeria,draw_79
Female,0.9885869671525898,3,130.07007,nigeria,draw_79
Male,0.9863431638987398,3,130.07007,nigeria,draw_79
Female,0.9927023574467309,2,130.18018,nigeria,draw_79
Male,0.9899281245768445,2,130.18018,nigeria,draw_79
Female,0.9890659788394794,3,130.18018,nigeria,draw_79
Male,0.986769718606221,3,130.18018,nigeria,draw_79
Female,0.9931861362292402,2,130.29029,nigeria,draw_79
Male,0.9903900512581543,2,130.29029,nigeria,draw_79
Female,0.9895580834980253,3,130.29029,nigeria,draw_79
Male,0.9872084945223615,3,130.29029,nigeria,draw_79
Female,0.9936796269454508,2,130.4004,nigeria,draw_79
Male,0.9908609112188668,2,130.4004,nigeria,draw_79
Female,0.990061200852799,3,130.4004,nigeria,draw_79
Male,0.9876571043720316,3,130.4004,nigeria,draw_79
Female,0.9941828223603959,2,130.51051,nigeria,draw_79
Male,0.9913420266901624,2,130.51051,nigeria,draw_79
Female,0.9905754200020973,3,130.51051,nigeria,draw_79
Male,0.9881163379212214,3,130.51051,nigeria,draw_79
Female,0.9946948601947919,2,130.62062,nigeria,draw_79
Male,0.9918315078451043,2,130.62062,nigeria,draw_79
Female,0.9910999708258325,3,130.62062,nigeria,draw_79
Male,0.9885848666498005,3,130.62062,nigeria,draw_79
Female,0.9952147495212528,2,130.73073,nigeria,draw_79
Male,0.9923298347322274,2,130.73073,nigeria,draw_79
Female,0.9916339386913319,3,130.73073,nigeria,draw_79
Male,0.9890627422594211,3,130.73073,nigeria,draw_79
Female,0.995742594488256,2,130.84084,nigeria,draw_79
Male,0.9928355981174616,2,130.84084,nigeria,draw_79
Female,0.9921770743607213,3,130.84084,nigeria,draw_79
Male,0.9895488818146644,3,130.84084,nigeria,draw_79
Female,0.9962789860518709,2,130.95095,nigeria,draw_79
Male,0.9933500007997547,2,130.95095,nigeria,draw_79
Female,0.9927303080689861,3,130.95095,nigeria,draw_79
Male,0.9900444919926034,3,130.95095,nigeria,draw_79
Female,0.996822955284157,2,131.06106,nigeria,draw_79
Male,0.9938730867286112,2,131.06106,nigeria,draw_79
Female,0.9932928157519184,3,131.06106,nigeria,draw_79
Male,0.9905494955304596,3,131.06106,nigeria,draw_79
Female,0.9973747853127938,2,131.17117,nigeria,draw_79
Male,0.9944035543637736,2,131.17117,nigeria,draw_79
Female,0.9938645440320768,3,131.17117,nigeria,draw_79
Male,0.9910628048706313,3,131.17117,nigeria,draw_79
Female,0.9979347496353081,2,131.28128,nigeria,draw_79
Male,0.9949421368945256,2,131.28128,nigeria,draw_79
Female,0.9944457062395705,3,131.28128,nigeria,draw_79
Male,0.9915848473579852,3,131.28128,nigeria,draw_79
Female,0.9985022035578558,2,131.39139,nigeria,draw_79
Male,0.9954884674278165,2,131.39139,nigeria,draw_79
Female,0.9950358213529965,3,131.39139,nigeria,draw_79
Male,0.9921154032116493,3,131.39139,nigeria,draw_79
Female,0.9990772423442998,2,131.5015,nigeria,draw_79
Male,0.9960433745902285,2,131.5015,nigeria,draw_79
Female,0.9956349145813623,3,131.5015,nigeria,draw_79
Male,0.9926550278668426,3,131.5015,nigeria,draw_79
Female,0.9996605130850151,2,131.61161,nigeria,draw_79
Male,0.9966065209293647,2,131.61161,nigeria,draw_79
Female,0.9962435843586448,3,131.61161,nigeria,draw_79
Male,0.9932036020540836,3,131.61161,nigeria,draw_79
Female,1.00025326495042,2,131.72172,nigeria,draw_79
Male,0.9971790208621891,2,131.72172,nigeria,draw_79
Female,0.9968634607578059,3,131.72172,nigeria,draw_79
Male,0.9937624229513534,3,131.72172,nigeria,draw_79
Female,1.0008540515564355,2,131.83183,nigeria,draw_79
Male,0.9977598048579931,2,131.83183,nigeria,draw_79
Female,0.99749274624905,3,131.83183,nigeria,draw_79
Male,0.9943302020181742,3,131.83183,nigeria,draw_79
Female,1.0014631838225914,2,131.94194,nigeria,draw_79
Male,0.9983492363735276,2,131.94194,nigeria,draw_79
Female,0.9981316258896917,3,131.94194,nigeria,draw_79
Male,0.9949071309526403,3,131.94194,nigeria,draw_79
Female,1.0020796494118114,2,132.05205,nigeria,draw_79
Male,0.9989464329688514,2,132.05205,nigeria,draw_79
Female,0.9987793928698508,3,132.05205,nigeria,draw_79
Male,0.99549275541884,3,132.05205,nigeria,draw_79
Female,1.0027047233798128,2,132.16216,nigeria,draw_79
Male,0.9995521215481664,2,132.16216,nigeria,draw_79
Female,0.9994368780995766,3,132.16216,nigeria,draw_79
Male,0.996087444899699,3,132.16216,nigeria,draw_79
Female,1.0033369414494442,2,132.27227,nigeria,draw_79
Male,1.0001652955574591,2,132.27227,nigeria,draw_79
Female,1.0001029347460566,3,132.27227,nigeria,draw_79
Male,0.9966902996539435,3,132.27227,nigeria,draw_79
Female,1.0039769744940275,2,132.38238,nigeria,draw_79
Male,1.0007853898236088,2,132.38238,nigeria,draw_79
Female,1.000777753064554,3,132.38238,nigeria,draw_79
Male,0.9973007842502708,3,132.38238,nigeria,draw_79
Female,1.0046223082763146,2,132.49249,nigeria,draw_79
Male,1.0014121133576956,2,132.49249,nigeria,draw_79
Female,1.0014591600450495,3,132.49249,nigeria,draw_79
Male,0.9979183252710099,3,132.49249,nigeria,draw_79
Female,1.0052739939198443,2,132.6026,nigeria,draw_79
Male,1.0020447026225319,2,132.6026,nigeria,draw_79
Female,1.0021474441938722,3,132.6026,nigeria,draw_79
Male,0.9985420480695538,3,132.6026,nigeria,draw_79
Female,1.0059304524704233,2,132.71271,nigeria,draw_79
Male,1.002682655527962,2,132.71271,nigeria,draw_79
Female,1.0028415637225048,3,132.71271,nigeria,draw_79
Male,0.9991716299703959,3,132.71271,nigeria,draw_79
Female,1.0065934277585797,2,132.82282,nigeria,draw_79
Male,1.0033263255237574,2,132.82282,nigeria,draw_79
Female,1.0035426821286222,3,132.82282,nigeria,draw_79
Male,0.9998072836794164,3,132.82282,nigeria,draw_79
Female,1.007261856118853,2,132.93293,nigeria,draw_79
Male,1.0039755152512604,2,132.93293,nigeria,draw_79
Female,1.0042501373320558,3,132.93293,nigeria,draw_79
Male,1.0004489112455728,3,132.93293,nigeria,draw_79
Female,1.0079372098460078,2,133.04304,nigeria,draw_79
Male,1.0046308722976,2,133.04304,nigeria,draw_79
Female,1.0049650027337556,3,133.04304,nigeria,draw_79
Male,1.001097025226308,3,133.04304,nigeria,draw_79
Female,1.0086180619663165,2,133.15315,nigeria,draw_79
Male,1.0052934897988,2,133.15315,nigeria,draw_79
Female,1.0056867411649997,3,133.15315,nigeria,draw_79
Male,1.0017527694459518,3,133.15315,nigeria,draw_79
Female,1.0093045160001193,2,133.26326,nigeria,draw_79
Male,1.0059612450918378,2,133.26326,nigeria,draw_79
Female,1.0064149195236491,3,133.26326,nigeria,draw_79
Male,1.0024143251292281,3,133.26326,nigeria,draw_79
Female,1.0099969034064933,2,133.37337,nigeria,draw_79
Male,1.006635186357584,2,133.37337,nigeria,draw_79
Female,1.00714977576083,3,133.37337,nigeria,draw_79
Male,1.0030823095648123,3,133.37337,nigeria,draw_79
Female,1.0106955124995356,2,133.48348,nigeria,draw_79
Male,1.0073149044327432,2,133.48348,nigeria,draw_79
Female,1.0078914203812015,3,133.48348,nigeria,draw_79
Male,1.0037565543260327,3,133.48348,nigeria,draw_79
Female,1.0114000882772183,2,133.59359,nigeria,draw_79
Male,1.008000637645593,2,133.59359,nigeria,draw_79
Female,1.0086398461101882,3,133.59359,nigeria,draw_79
Male,1.0044371925043314,3,133.59359,nigeria,draw_79
Female,1.0121109864772386,2,133.7037,nigeria,draw_79
Male,1.0086924686490741,2,133.7037,nigeria,draw_79
Female,1.0093952776106148,3,133.7037,nigeria,draw_79
Male,1.0051242394620252,3,133.7037,nigeria,draw_79
Female,1.0128278431828819,2,133.81381,nigeria,draw_79
Male,1.0093911614616,2,133.81381,nigeria,draw_79
Female,1.0101578359051904,3,133.81381,nigeria,draw_79
Male,1.0058185720425814,3,133.81381,nigeria,draw_79
Female,1.0135516681298862,2,133.92392,nigeria,draw_79
Male,1.0100964140891622,2,133.92392,nigeria,draw_79
Female,1.0109280430781438,3,133.92392,nigeria,draw_79
Male,1.0065198001233686,3,133.92392,nigeria,draw_79
Female,1.014281269217117,2,134.03403,nigeria,draw_79
Male,1.0108080857256492,2,134.03403,nigeria,draw_79
Female,1.0117049685912505,3,134.03403,nigeria,draw_79
Male,1.007227657758095,3,134.03403,nigeria,draw_79
Female,1.0150171256888136,2,134.14414,nigeria,draw_79
Male,1.011525769415173,2,134.14414,nigeria,draw_79
Female,1.0124888160821417,3,134.14414,nigeria,draw_79
Male,1.0079418663807218,3,134.14414,nigeria,draw_79
Female,1.0157591005791837,2,134.25425,nigeria,draw_79
Male,1.0122504557972818,2,134.25425,nigeria,draw_79
Female,1.0132795956955034,3,134.25425,nigeria,draw_79
Male,1.008663078196198,3,134.25425,nigeria,draw_79
Female,1.0165082241984194,2,134.36436,nigeria,draw_79
Male,1.012982068339785,2,134.36436,nigeria,draw_79
Female,1.0140778259947816,3,134.36436,nigeria,draw_79
Male,1.0093912593498422,3,134.36436,nigeria,draw_79
Female,1.017263422403363,2,134.47447,nigeria,draw_79
Male,1.0137201237914029,2,134.47447,nigeria,draw_79
Female,1.0148830615135174,3,134.47447,nigeria,draw_79
Male,1.0101262196594973,3,134.47447,nigeria,draw_79
Female,1.0180265610625105,2,134.58458,nigeria,draw_79
Male,1.014466110639758,2,134.58458,nigeria,draw_79
Female,1.0156967661106304,3,134.58458,nigeria,draw_79
Male,1.0108692742651573,3,134.58458,nigeria,draw_79
Female,1.0187961839585553,2,134.69469,nigeria,draw_79
Male,1.0152190915165016,2,134.69469,nigeria,draw_79
Female,1.0165176239936464,3,134.69469,nigeria,draw_79
Male,1.0116193785687013,3,134.69469,nigeria,draw_79
Female,1.0195724419135606,2,134.8048,nigeria,draw_79
Male,1.0159783430109306,2,134.8048,nigeria,draw_79
Female,1.0173458052529007,3,134.8048,nigeria,draw_79
Male,1.012375976963273,3,134.8048,nigeria,draw_79
Female,1.0203554434546303,2,134.91491,nigeria,draw_79
Male,1.0167450839132317,2,134.91491,nigeria,draw_79
Female,1.0181814041124428,3,134.91491,nigeria,draw_79
Male,1.01313992559151,3,134.91491,nigeria,draw_79
Female,1.0211454504514075,2,135.02503,nigeria,draw_79
Male,1.017518648412231,2,135.02503,nigeria,draw_79
Female,1.0190244351068956,3,135.02503,nigeria,draw_79
Male,1.0139109163854179,3,135.02503,nigeria,draw_79
Female,1.0217253020193617,2,135.13514,nigeria,draw_79
Male,1.0180746138920604,2,135.13514,nigeria,draw_79
Female,1.019617927533801,3,135.13514,nigeria,draw_79
Male,1.0144436728860362,3,135.13514,nigeria,draw_79
Female,1.0220419422815807,2,135.24525,nigeria,draw_79
Male,1.0183613341878175,2,135.24525,nigeria,draw_79
Female,1.019900225508766,3,135.24525,nigeria,draw_79
Male,1.0146813789444404,3,135.24525,nigeria,draw_79
Female,1.0223599838072355,2,135.35536,nigeria,draw_79
Male,1.0186480094319124,2,135.35536,nigeria,draw_79
Female,1.0201840653971064,3,135.35536,nigeria,draw_79
Male,1.0149196467231552,3,135.35536,nigeria,draw_79
Female,1.022677642318365,2,135.46547,nigeria,draw_79
Male,1.018935957011723,2,135.46547,nigeria,draw_79
Female,1.0204681670687277,3,135.46547,nigeria,draw_79
Male,1.0151592294251441,3,135.46547,nigeria,draw_79
Female,1.022996471025168,2,135.57558,nigeria,draw_79
Male,1.0192244563777841,2,135.57558,nigeria,draw_79
Female,1.020753620012089,3,135.57558,nigeria,draw_79
Male,1.0153997016859457,3,135.57558,nigeria,draw_79
Female,1.0233157236151749,2,135.68569,nigeria,draw_79
Male,1.0195134569085045,2,135.68569,nigeria,draw_79
Female,1.0210399070768834,3,135.68569,nigeria,draw_79
Male,1.0156410302862293,3,135.68569,nigeria,draw_79
Female,1.0236348608773878,2,135.7958,nigeria,draw_79
Male,1.0198019476778128,2,135.7958,nigeria,draw_79
Female,1.0213266753585113,3,135.7958,nigeria,draw_79
Male,1.015882598942855,3,135.7958,nigeria,draw_79
Female,1.023953570503637,2,135.90591,nigeria,draw_79
Male,1.0200915203785899,2,135.90591,nigeria,draw_79
Female,1.021613703561056,3,135.90591,nigeria,draw_79
Male,1.0161253968083914,3,135.90591,nigeria,draw_79
Female,1.0242729648687912,2,136.01602,nigeria,draw_79
Male,1.0203806992760103,2,136.01602,nigeria,draw_79
Female,1.021901835244834,3,136.01602,nigeria,draw_79
Male,1.0163686049670746,3,136.01602,nigeria,draw_79
Female,1.0245915164940773,2,136.12613,nigeria,draw_79
Male,1.0206697727671084,2,136.12613,nigeria,draw_79
Female,1.0221899517448618,3,136.12613,nigeria,draw_79
Male,1.0166123154409126,3,136.12613,nigeria,draw_79
Female,1.0249099757293028,2,136.23624,nigeria,draw_79
Male,1.0209590294962736,2,136.23624,nigeria,draw_79
Female,1.0224785528932696,3,136.23624,nigeria,draw_79
Male,1.016856706516684,3,136.23624,nigeria,draw_79
Female,1.025228226552276,2,136.34635,nigeria,draw_79
Male,1.021248359355869,2,136.34635,nigeria,draw_79
Female,1.0227675578917832,3,136.34635,nigeria,draw_79
Male,1.017101702533743,3,136.34635,nigeria,draw_79
Female,1.025546435799772,2,136.45646,nigeria,draw_79
Male,1.0215380927675761,2,136.45646,nigeria,draw_79
Female,1.0230570869481257,3,136.45646,nigeria,draw_79
Male,1.0173475021678742,3,136.45646,nigeria,draw_79
Female,1.025864495901726,2,136.56657,nigeria,draw_79
Male,1.0218268117777183,2,136.56657,nigeria,draw_79
Female,1.0233470517168868,3,136.56657,nigeria,draw_79
Male,1.0175932585803684,3,136.56657,nigeria,draw_79
Female,1.0261826784397532,2,136.67668,nigeria,draw_79
Male,1.0221166078991664,2,136.67668,nigeria,draw_79
Female,1.0236377470881395,3,136.67668,nigeria,draw_79
Male,1.0178403274560646,3,136.67668,nigeria,draw_79
Female,1.0265005844762938,2,136.78679,nigeria,draw_79
Male,1.0224062550720938,2,136.78679,nigeria,draw_79
Female,1.0239288551465178,3,136.78679,nigeria,draw_79
Male,1.018087900272873,3,136.78679,nigeria,draw_79
Female,1.026817447970611,2,136.8969,nigeria,draw_79
Male,1.02269565066896,2,136.8969,nigeria,draw_79
Female,1.0242198285579913,3,136.8969,nigeria,draw_79
Male,1.0183358880790412,3,136.8969,nigeria,draw_79
Female,1.0271346803217876,2,137.00701,nigeria,draw_79
Male,1.0229849170524488,2,137.00701,nigeria,draw_79
Female,1.0245115911708291,3,137.00701,nigeria,draw_79
Male,1.018584374223043,3,137.00701,nigeria,draw_79
Female,1.0274515098379333,2,137.11712,nigeria,draw_79
Male,1.0232744965433274,2,137.11712,nigeria,draw_79
Female,1.0248036332413581,3,137.11712,nigeria,draw_79
Male,1.01883361912423,3,137.11712,nigeria,draw_79
Female,1.0277688999660843,2,137.22723,nigeria,draw_79
Male,1.0235640494780214,2,137.22723,nigeria,draw_79
Female,1.0250966031640643,3,137.22723,nigeria,draw_79
Male,1.0190834227942176,3,137.22723,nigeria,draw_79
Female,1.0280854710412015,2,137.33734,nigeria,draw_79
Male,1.0238536674824066,2,137.33734,nigeria,draw_79
Female,1.0253895869533078,3,137.33734,nigeria,draw_79
Male,1.0193338849014595,3,137.33734,nigeria,draw_79
Female,1.0284020430949792,2,137.44745,nigeria,draw_79
Male,1.0241427858325058,2,137.44745,nigeria,draw_79
Female,1.025683246679704,3,137.44745,nigeria,draw_79
Male,1.019584712085313,3,137.44745,nigeria,draw_79
Female,1.0287182005651456,2,137.55756,nigeria,draw_79
Male,1.0244327831097417,2,137.55756,nigeria,draw_79
Female,1.025977197010497,3,137.55756,nigeria,draw_79
Male,1.0198366302173585,3,137.55756,nigeria,draw_79
Female,1.029034739342651,2,137.66767,nigeria,draw_79
Male,1.0247226604659456,2,137.66767,nigeria,draw_79
Female,1.026271976211262,3,137.66767,nigeria,draw_79
Male,1.020089053984241,3,137.66767,nigeria,draw_79
Female,1.0293503481645085,2,137.77778,nigeria,draw_79
Male,1.0250123636287003,2,137.77778,nigeria,draw_79
Female,1.0265667052539849,3,137.77778,nigeria,draw_79
Male,1.0203419504919373,3,137.77778,nigeria,draw_79
Female,1.0296658640214362,2,137.88789,nigeria,draw_79
Male,1.0253015140375206,2,137.88789,nigeria,draw_79
Female,1.0268619245790516,3,137.88789,nigeria,draw_79
Male,1.0205950900145473,3,137.88789,nigeria,draw_79
Female,1.0299813743119768,2,137.998,nigeria,draw_79
Male,1.025591239123055,2,137.998,nigeria,draw_79
Female,1.0271577034479227,3,137.998,nigeria,draw_79
Male,1.0208491476785848,3,137.998,nigeria,draw_79
Female,1.0302968894484699,2,138.10811,nigeria,draw_79
Male,1.0258808152900558,2,138.10811,nigeria,draw_79
Female,1.0274541693713317,3,138.10811,nigeria,draw_79
Male,1.02110379362756,3,138.10811,nigeria,draw_79
Female,1.0306124771092375,2,138.21822,nigeria,draw_79
Male,1.0261710321914066,2,138.21822,nigeria,draw_79
Female,1.0277512957311488,3,138.21822,nigeria,draw_79
Male,1.0213594101272094,3,138.21822,nigeria,draw_79
Female,1.030927273389971,2,138.32833,nigeria,draw_79
Male,1.0264607828206493,2,138.32833,nigeria,draw_79
Female,1.0280484769747111,3,138.32833,nigeria,draw_79
Male,1.0216153258695109,3,138.32833,nigeria,draw_79
Female,1.0312411876874146,2,138.43844,nigeria,draw_79
Male,1.0267507961397795,2,138.43844,nigeria,draw_79
Female,1.0283456120315864,3,138.43844,nigeria,draw_79
Male,1.0218719816268163,3,138.43844,nigeria,draw_79
Female,1.0315556181026582,2,138.54855,nigeria,draw_79
Male,1.027040623887298,2,138.54855,nigeria,draw_79
Female,1.0286436534545895,3,138.54855,nigeria,draw_79
Male,1.022129084188049,3,138.54855,nigeria,draw_79
Female,1.031869740985829,2,138.65866,nigeria,draw_79
Male,1.0273302002829583,2,138.65866,nigeria,draw_79
Female,1.0289420370258375,3,138.65866,nigeria,draw_79
Male,1.0223866124999001,3,138.65866,nigeria,draw_79
Female,1.0321834333609432,2,138.76877,nigeria,draw_79
Male,1.027620211243476,2,138.76877,nigeria,draw_79
Female,1.0292407524024905,3,138.76877,nigeria,draw_79
Male,1.0226450047004172,3,138.76877,nigeria,draw_79
Female,1.03249715695898,2,138.87888,nigeria,draw_79
Male,1.0279099611721436,2,138.87888,nigeria,draw_79
Female,1.0295401517672556,3,138.87888,nigeria,draw_79
Male,1.0229038851786743,3,138.87888,nigeria,draw_79
Female,1.0328106397132173,2,138.98899,nigeria,draw_79
Male,1.0282002613949524,2,138.98899,nigeria,draw_79
Female,1.0298399683372734,3,138.98899,nigeria,draw_79
Male,1.023163678096526,3,138.98899,nigeria,draw_79
Female,1.0331233014622028,2,139.0991,nigeria,draw_79
Male,1.0284896221237096,2,139.0991,nigeria,draw_79
Female,1.0301398088428806,3,139.0991,nigeria,draw_79
Male,1.0234235109050869,3,139.0991,nigeria,draw_79
Female,1.033435775399248,2,139.20921,nigeria,draw_79
Male,1.0287795192576596,2,139.20921,nigeria,draw_79
Female,1.0304400818780204,3,139.20921,nigeria,draw_79
Male,1.023684259192998,3,139.20921,nigeria,draw_79
Female,1.0337479830866296,2,139.31932,nigeria,draw_79
Male,1.029068942797116,2,139.31932,nigeria,draw_79
Female,1.03074075250499,3,139.31932,nigeria,draw_79
Male,1.0239453032222827,3,139.31932,nigeria,draw_79
Female,1.0340601143957966,2,139.42943,nigeria,draw_79
Male,1.0293589536216303,2,139.42943,nigeria,draw_79
Female,1.0310419474546941,3,139.42943,nigeria,draw_79
Male,1.0242072823880861,3,139.42943,nigeria,draw_79
Female,1.034371763392391,2,139.53954,nigeria,draw_79
Male,1.029648338803216,2,139.53954,nigeria,draw_79
Female,1.0313434937251358,3,139.53954,nigeria,draw_79
Male,1.0244695844676557,3,139.53954,nigeria,draw_79
Female,1.0346829507782902,2,139.64965,nigeria,draw_79
Male,1.0299381471903195,2,139.64965,nigeria,draw_79
Female,1.0316453303860873,3,139.64965,nigeria,draw_79
Male,1.0247327301729932,3,139.64965,nigeria,draw_79
Female,1.0349948427374958,2,139.75976,nigeria,draw_79
Male,1.0302277737944507,2,139.75976,nigeria,draw_79
Female,1.0319482088332965,3,139.75976,nigeria,draw_79
Male,1.0249963298343046,3,139.75976,nigeria,draw_79
Female,1.0353046884940817,2,139.86987,nigeria,draw_79
Male,1.0305176008552501,2,139.86987,nigeria,draw_79
Female,1.0322502922388561,3,139.86987,nigeria,draw_79
Male,1.0252606226318233,3,139.86987,nigeria,draw_79
Female,1.035615005884934,2,139.97998,nigeria,draw_79
Male,1.0308067401559058,2,139.97998,nigeria,draw_79
Female,1.032553297048883,3,139.97998,nigeria,draw_79
Male,1.0255250736235466,3,139.97998,nigeria,draw_79
Female,1.0359252188459007,2,140.09009,nigeria,draw_79
Male,1.0310963100831072,2,140.09009,nigeria,draw_79
Female,1.0328568326112624,3,140.09009,nigeria,draw_79
Male,1.0257903452073334,3,140.09009,nigeria,draw_79
Female,1.0362351545808381,2,140.2002,nigeria,draw_79
Male,1.0313852449116188,2,140.2002,nigeria,draw_79
Female,1.0331607843278998,3,140.2002,nigeria,draw_79
Male,1.0260558776668802,3,140.2002,nigeria,draw_79
Female,1.0365445825774462,2,140.31031,nigeria,draw_79
Male,1.031674635911262,2,140.31031,nigeria,draw_79
Female,1.0334650267025651,3,140.31031,nigeria,draw_79
Male,1.0263223382726874,3,140.31031,nigeria,draw_79
Female,1.0368538636471358,2,140.42042,nigeria,draw_79
Male,1.0319648172981633,2,140.42042,nigeria,draw_79
Female,1.0337697147416036,3,140.42042,nigeria,draw_79
Male,1.026589841536644,3,140.42042,nigeria,draw_79
Female,1.037162735737037,2,140.53053,nigeria,draw_79
Male,1.0322533565396175,2,140.53053,nigeria,draw_79
Female,1.0340746847624347,3,140.53053,nigeria,draw_79
Male,1.0268569309235738,3,140.53053,nigeria,draw_79
Female,1.037470919485638,2,140.64064,nigeria,draw_79
Male,1.0325423363847843,2,140.64064,nigeria,draw_79
Female,1.0343797773328376,3,140.64064,nigeria,draw_79
Male,1.0271248651482834,3,140.64064,nigeria,draw_79
Female,1.037778854917355,2,140.75075,nigeria,draw_79
Male,1.0328314428486967,2,140.75075,nigeria,draw_79
Female,1.0346852681317853,3,140.75075,nigeria,draw_79
Male,1.0273934388986101,3,140.75075,nigeria,draw_79
Female,1.038086791285957,2,140.86086,nigeria,draw_79
Male,1.0331204994293974,2,140.86086,nigeria,draw_79
Female,1.0349912945853628,3,140.86086,nigeria,draw_79
Male,1.0276625552725214,3,140.86086,nigeria,draw_79
Female,1.0383943583228794,2,140.97097,nigeria,draw_79
Male,1.0334092256566627,2,140.97097,nigeria,draw_79
Female,1.0352977294814525,3,140.97097,nigeria,draw_79
Male,1.0279321607286878,3,140.97097,nigeria,draw_79
Female,1.0387016809207386,2,141.08108,nigeria,draw_79
Male,1.033698099262348,2,141.08108,nigeria,draw_79
Female,1.0356045580324758,3,141.08108,nigeria,draw_79
Male,1.0282024361852187,3,141.08108,nigeria,draw_79
Female,1.0390085043449533,2,141.19119,nigeria,draw_79
Male,1.033987353102594,2,141.19119,nigeria,draw_79
Female,1.035911595016684,3,141.19119,nigeria,draw_79
Male,1.0284734824291237,3,141.19119,nigeria,draw_79
Female,1.039314962389386,2,141.3013,nigeria,draw_79
Male,1.0342754292168694,2,141.3013,nigeria,draw_79
Female,1.036218920550614,3,141.3013,nigeria,draw_79
Male,1.0287444042336877,3,141.3013,nigeria,draw_79
Female,1.0396207814910317,2,141.41141,nigeria,draw_79
Male,1.0345644906318847,2,141.41141,nigeria,draw_79
Female,1.0365263501761015,3,141.41141,nigeria,draw_79
Male,1.0290164773981494,3,141.41141,nigeria,draw_79
Female,1.0399263012477504,2,141.52152,nigeria,draw_79
Male,1.0348526632099004,2,141.52152,nigeria,draw_79
Female,1.0368341394103338,3,141.52152,nigeria,draw_79
Male,1.0292885955391586,3,141.52152,nigeria,draw_79
Female,1.0402322775819735,2,141.63163,nigeria,draw_79
Male,1.035140924150643,2,141.63163,nigeria,draw_79
Female,1.0371428116844978,3,141.63163,nigeria,draw_79
Male,1.0295613927764593,3,141.63163,nigeria,draw_79
Female,1.0405372990497213,2,141.74174,nigeria,draw_79
Male,1.035429245989532,2,141.74174,nigeria,draw_79
Female,1.037451460464198,3,141.74174,nigeria,draw_79
Male,1.029834839887921,3,141.74174,nigeria,draw_79
Female,1.0408418410797442,2,141.85185,nigeria,draw_79
Male,1.0357174696556726,2,141.85185,nigeria,draw_79
Female,1.037760329144939,3,141.85185,nigeria,draw_79
Male,1.0301087894365684,3,141.85185,nigeria,draw_79
Female,1.0411462474955953,2,141.96196,nigeria,draw_79
Male,1.0360050524209392,2,141.96196,nigeria,draw_79
Female,1.0380696485179202,3,141.96196,nigeria,draw_79
Male,1.030382917597592,3,141.96196,nigeria,draw_79
Female,1.0414499625256355,2,142.07207,nigeria,draw_79
Male,1.0362927098645376,2,142.07207,nigeria,draw_79
Female,1.0383790651138751,3,142.07207,nigeria,draw_79
Male,1.0306576460656585,3,142.07207,nigeria,draw_79
Female,1.041753050389905,2,142.18218,nigeria,draw_79
Male,1.0365797925000237,2,142.18218,nigeria,draw_79
Female,1.0386885960111398,3,142.18218,nigeria,draw_79
Male,1.0309325630084343,3,142.18218,nigeria,draw_79
Female,1.0420555566778007,2,142.29229,nigeria,draw_79
Male,1.0368675742911262,2,142.29229,nigeria,draw_79
Female,1.0389982753643356,3,142.29229,nigeria,draw_79
Male,1.0312084514774058,3,142.29229,nigeria,draw_79
Female,1.0423590404241907,2,142.4024,nigeria,draw_79
Male,1.0371550032289465,2,142.4024,nigeria,draw_79
Female,1.0393092547616647,3,142.4024,nigeria,draw_79
Male,1.031484808594719,3,142.4024,nigeria,draw_79
Female,1.0426612485655595,2,142.51251,nigeria,draw_79
Male,1.0374421140694456,2,142.51251,nigeria,draw_79
Female,1.0396199056511521,3,142.51251,nigeria,draw_79
Male,1.0317615310727606,3,142.51251,nigeria,draw_79
Female,1.0429627824646337,2,142.62262,nigeria,draw_79
Male,1.0377288852249058,2,142.62262,nigeria,draw_79
Female,1.0399306316992838,3,142.62262,nigeria,draw_79
Male,1.0320385814373392,3,142.62262,nigeria,draw_79
Female,1.0432636008185272,2,142.73273,nigeria,draw_79
Male,1.0380155518224823,2,142.73273,nigeria,draw_79
Female,1.0402414291744297,3,142.73273,nigeria,draw_79
Male,1.0323161184905096,3,142.73273,nigeria,draw_79
Female,1.043564960196482,2,142.84284,nigeria,draw_79
Male,1.0383022171583407,2,142.84284,nigeria,draw_79
Female,1.0405531238879109,3,142.84284,nigeria,draw_79
Male,1.03259418771737,3,142.84284,nigeria,draw_79
Female,1.0438647706573947,2,142.95295,nigeria,draw_79
Male,1.0385889524105656,2,142.95295,nigeria,draw_79
Female,1.0408643138448295,3,142.95295,nigeria,draw_79
Male,1.0328728275343226,3,142.95295,nigeria,draw_79
Female,1.0441649654971241,2,143.06306,nigeria,draw_79
Male,1.0388748515023694,2,143.06306,nigeria,draw_79
Female,1.0411763625205916,3,143.06306,nigeria,draw_79
Male,1.0331515760899908,3,143.06306,nigeria,draw_79
Female,1.0444643114689172,2,143.17317,nigeria,draw_79
Male,1.0391615290961018,2,143.17317,nigeria,draw_79
Female,1.0414884323580686,3,143.17317,nigeria,draw_79
Male,1.0334314011737467,3,143.17317,nigeria,draw_79
Female,1.0447633880957032,2,143.28328,nigeria,draw_79
Male,1.0394473734814365,2,143.28328,nigeria,draw_79
Female,1.0418008476140543,3,143.28328,nigeria,draw_79
Male,1.0337112796664063,3,143.28328,nigeria,draw_79
Female,1.0450621721504663,2,143.39339,nigeria,draw_79
Male,1.0397334110091716,2,143.39339,nigeria,draw_79
Female,1.042113570802012,3,143.39339,nigeria,draw_79
Male,1.0339918048462948,3,143.39339,nigeria,draw_79
Female,1.0453599226654493,2,143.5035,nigeria,draw_79
Male,1.040018948627849,2,143.5035,nigeria,draw_79
Female,1.0424260929378997,3,143.5035,nigeria,draw_79
Male,1.0342725794411658,3,143.5035,nigeria,draw_79
Female,1.045657006156158,2,143.61361,nigeria,draw_79
Male,1.0403038864406244,2,143.61361,nigeria,draw_79
Female,1.0427386928785938,3,143.61361,nigeria,draw_79
Male,1.0345535353405848,3,143.61361,nigeria,draw_79
Female,1.045953638143363,2,143.72372,nigeria,draw_79
Male,1.040589254579715,2,143.72372,nigeria,draw_79
Female,1.0430515019879725,3,143.72372,nigeria,draw_79
Male,1.0348352498823237,3,143.72372,nigeria,draw_79
Female,1.04625021111403,2,143.83383,nigeria,draw_79
Male,1.0408743489335988,2,143.83383,nigeria,draw_79
Female,1.0433649171081611,3,143.83383,nigeria,draw_79
Male,1.0351174177917384,3,143.83383,nigeria,draw_79
Female,1.0465466001176595,2,143.94394,nigeria,draw_79
Male,1.0411592868626631,2,143.94394,nigeria,draw_79
Female,1.043678739664992,3,143.94394,nigeria,draw_79
Male,1.0353999967358363,3,143.94394,nigeria,draw_79
Female,1.0468417440262707,2,144.05405,nigeria,draw_79
Male,1.041443919795507,2,144.05405,nigeria,draw_79
Female,1.0439922420958598,3,144.05405,nigeria,draw_79
Male,1.0356829124409308,3,144.05405,nigeria,draw_79
Female,1.0471367598877173,2,144.16416,nigeria,draw_79
Male,1.0417285013599127,2,144.16416,nigeria,draw_79
Female,1.044306140539611,3,144.16416,nigeria,draw_79
Male,1.0359663052433983,3,144.16416,nigeria,draw_79
Female,1.0474307810436099,2,144.27427,nigeria,draw_79
Male,1.0420123555117964,2,144.27427,nigeria,draw_79
Female,1.0446198727367677,3,144.27427,nigeria,draw_79
Male,1.0362497779588984,3,144.27427,nigeria,draw_79
Female,1.0477243551170798,2,144.38438,nigeria,draw_79
Male,1.0422956668077776,2,144.38438,nigeria,draw_79
Female,1.0449338324766841,3,144.38438,nigeria,draw_79
Male,1.0365334398639812,3,144.38438,nigeria,draw_79
Female,1.0480171205821887,2,144.49449,nigeria,draw_79
Male,1.042579449428708,2,144.49449,nigeria,draw_79
Female,1.0452478213413636,3,144.49449,nigeria,draw_79
Male,1.0368179298948461,3,144.49449,nigeria,draw_79
Female,1.0483102375062565,2,144.6046,nigeria,draw_79
Male,1.042863192444942,2,144.6046,nigeria,draw_79
Female,1.0455626011648635,3,144.6046,nigeria,draw_79
Male,1.0371029240494742,3,144.6046,nigeria,draw_79
Female,1.0486019981928019,2,144.71471,nigeria,draw_79
Male,1.0431467762908375,2,144.71471,nigeria,draw_79
Female,1.045876945808498,3,144.71471,nigeria,draw_79
Male,1.0373882963943035,3,144.71471,nigeria,draw_79
Female,1.0488937283774118,2,144.82482,nigeria,draw_79
Male,1.0434300665832257,2,144.82482,nigeria,draw_79
Female,1.0461917459641514,3,144.82482,nigeria,draw_79
Male,1.0376739999747928,3,144.82482,nigeria,draw_79
Female,1.0491846332150698,2,144.93493,nigeria,draw_79
Male,1.0437129015156794,2,144.93493,nigeria,draw_79
Female,1.0465064540862667,3,144.93493,nigeria,draw_79
Male,1.0379599254937182,3,144.93493,nigeria,draw_79
Female,1.04947524734707,2,145.04505,nigeria,draw_79
Male,1.0439947122124877,2,145.04505,nigeria,draw_79
Female,1.0468214546766583,3,145.04505,nigeria,draw_79
Male,1.038245760638623,3,145.04505,nigeria,draw_79
Female,1.049764738183664,2,145.15516,nigeria,draw_79
Male,1.044276976191632,2,145.15516,nigeria,draw_79
Female,1.04713617821975,3,145.15516,nigeria,draw_79
Male,1.0385323118301717,3,145.15516,nigeria,draw_79
Female,1.0500545689541911,2,145.26527,nigeria,draw_79
Male,1.0445589615448796,2,145.26527,nigeria,draw_79
Female,1.0474517207770082,3,145.26527,nigeria,draw_79
Male,1.0388192807797378,3,145.26527,nigeria,draw_79
Female,1.0503430207829103,2,145.37538,nigeria,draw_79
Male,1.0448409096916342,2,145.37538,nigeria,draw_79
Female,1.047766844469446,3,145.37538,nigeria,draw_79
Male,1.0391067097762543,3,145.37538,nigeria,draw_79
Female,1.050631396253187,2,145.48549,nigeria,draw_79
Male,1.04512260317149,2,145.48549,nigeria,draw_79
Female,1.048082388838487,3,145.48549,nigeria,draw_79
Male,1.0393944673495792,3,145.48549,nigeria,draw_79
Female,1.0509185948223412,2,145.5956,nigeria,draw_79
Male,1.0454039407496083,2,145.5956,nigeria,draw_79
Female,1.0483975829399699,3,145.5956,nigeria,draw_79
Male,1.0396824775583635,3,145.5956,nigeria,draw_79
Female,1.0512050268685396,2,145.70571,nigeria,draw_79
Male,1.045684901495051,2,145.70571,nigeria,draw_79
Female,1.0487127142105295,3,145.70571,nigeria,draw_79
Male,1.0399707143619201,3,145.70571,nigeria,draw_79
Female,1.0514912086860588,2,145.81582,nigeria,draw_79
Male,1.04596507331968,2,145.81582,nigeria,draw_79
Female,1.0490281311276615,3,145.81582,nigeria,draw_79
Male,1.0402589179699075,3,145.81582,nigeria,draw_79
Female,1.0517769862968935,2,145.92593,nigeria,draw_79
Male,1.0462456362527082,2,145.92593,nigeria,draw_79
Female,1.049343780431121,3,145.92593,nigeria,draw_79
Male,1.040547875896298,3,145.92593,nigeria,draw_79
Female,1.0520615751152445,2,146.03604,nigeria,draw_79
Male,1.0465259566995773,2,146.03604,nigeria,draw_79
Female,1.0496590928972265,3,146.03604,nigeria,draw_79
Male,1.0408371965737073,3,146.03604,nigeria,draw_79
Female,1.0523458037245041,2,146.14615,nigeria,draw_79
Male,1.046806126754466,2,146.14615,nigeria,draw_79
Female,1.049974603257037,3,146.14615,nigeria,draw_79
Male,1.0411268852153863,3,146.14615,nigeria,draw_79
Female,1.0526298779343835,2,146.25626,nigeria,draw_79
Male,1.0470858892325878,2,146.25626,nigeria,draw_79
Female,1.0502904791817573,3,146.25626,nigeria,draw_79
Male,1.0414167784678954,3,146.25626,nigeria,draw_79
Female,1.0529132521568703,2,146.36637,nigeria,draw_79
Male,1.0473649631060076,2,146.36637,nigeria,draw_79
Female,1.0506063436643005,3,146.36637,nigeria,draw_79
Male,1.041706711934274,3,146.36637,nigeria,draw_79
Female,1.0531948420579822,2,146.47648,nigeria,draw_79
Male,1.0476436402882736,2,146.47648,nigeria,draw_79
Female,1.050921434647195,3,146.47648,nigeria,draw_79
Male,1.041996837285937,3,146.47648,nigeria,draw_79
Female,1.053476461158226,2,146.58659,nigeria,draw_79
Male,1.0479220293730063,2,146.58659,nigeria,draw_79
Female,1.0512369474574523,3,146.58659,nigeria,draw_79
Male,1.0422872192588137,3,146.58659,nigeria,draw_79
Female,1.0537576471415389,2,146.6967,nigeria,draw_79
Male,1.0482001674069894,2,146.6967,nigeria,draw_79
Female,1.051552665513987,3,146.6967,nigeria,draw_79
Male,1.0425779495330867,3,146.6967,nigeria,draw_79
Female,1.0540375636941879,2,146.80681,nigeria,draw_79
Male,1.0484779573156076,2,146.80681,nigeria,draw_79
Female,1.0518679886767417,3,146.80681,nigeria,draw_79
Male,1.0428688898928766,3,146.80681,nigeria,draw_79
Female,1.054317972066641,2,146.91692,nigeria,draw_79
Male,1.0487553819759061,2,146.91692,nigeria,draw_79
Female,1.052184097073198,3,146.91692,nigeria,draw_79
Male,1.043160045658886,3,146.91692,nigeria,draw_79
Female,1.05459659676632,2,147.02703,nigeria,draw_79
Male,1.049032377642393,2,147.02703,nigeria,draw_79
Female,1.052499441421837,3,147.02703,nigeria,draw_79
Male,1.0434513629435123,3,147.02703,nigeria,draw_79
Female,1.0548746863058729,2,147.13714,nigeria,draw_79
Male,1.0493087809859207,2,147.13714,nigeria,draw_79
Female,1.0528148501778376,3,147.13714,nigeria,draw_79
Male,1.0437427445781025,3,147.13714,nigeria,draw_79
Female,1.0551521788432152,2,147.24725,nigeria,draw_79
Male,1.049584828237883,2,147.24725,nigeria,draw_79
Female,1.0531303137408001,3,147.24725,nigeria,draw_79
Male,1.0440343016111893,3,147.24725,nigeria,draw_79
Female,1.0554296371286827,2,147.35736,nigeria,draw_79
Male,1.0498605778569965,2,147.35736,nigeria,draw_79
Female,1.053446230927205,3,147.35736,nigeria,draw_79
Male,1.044326149149912,3,147.35736,nigeria,draw_79
Female,1.0557057034499127,2,147.46747,nigeria,draw_79
Male,1.0501360656613195,2,147.46747,nigeria,draw_79
Female,1.0537616506263927,3,147.46747,nigeria,draw_79
Male,1.0446182592482196,3,147.46747,nigeria,draw_79
Female,1.0559812394402774,2,147.57758,nigeria,draw_79
Male,1.0504111736695045,2,147.57758,nigeria,draw_79
Female,1.0540771140130236,3,147.57758,nigeria,draw_79
Male,1.0449105114381991,3,147.57758,nigeria,draw_79
Female,1.056255789544489,2,147.68769,nigeria,draw_79
Male,1.0506858647871433,2,147.68769,nigeria,draw_79
Female,1.0543923230118974,3,147.68769,nigeria,draw_79
Male,1.0452029072355966,3,147.68769,nigeria,draw_79
Female,1.0565301968563665,2,147.7978,nigeria,draw_79
Male,1.0509599754274441,2,147.7978,nigeria,draw_79
Female,1.054707830824909,3,147.7978,nigeria,draw_79
Male,1.0454953546627062,3,147.7978,nigeria,draw_79
Female,1.05680331254451,2,147.90791,nigeria,draw_79
Male,1.051233532721523,2,147.90791,nigeria,draw_79
Female,1.055022838019786,3,147.90791,nigeria,draw_79
Male,1.045787866647974,3,147.90791,nigeria,draw_79
Female,1.0570764405606259,2,148.01802,nigeria,draw_79
Male,1.0515066632192878,2,148.01802,nigeria,draw_79
Female,1.0553382542141114,3,148.01802,nigeria,draw_79
Male,1.0460805308828367,3,148.01802,nigeria,draw_79
Female,1.057347998189309,2,148.12813,nigeria,draw_79
Male,1.0517794074386522,2,148.12813,nigeria,draw_79
Female,1.0556530416226326,3,148.12813,nigeria,draw_79
Male,1.046373409638355,3,148.12813,nigeria,draw_79
Female,1.0576193481481588,2,148.23824,nigeria,draw_79
Male,1.052051667328522,2,148.23824,nigeria,draw_79
Female,1.0559680783022443,3,148.23824,nigeria,draw_79
Male,1.046666344480965,3,148.23824,nigeria,draw_79
Female,1.0578901850235853,2,148.34835,nigeria,draw_79
Male,1.0523234838431137,2,148.34835,nigeria,draw_79
Female,1.0562831517584366,3,148.34835,nigeria,draw_79
Male,1.0469593745308143,3,148.34835,nigeria,draw_79
Female,1.0581601011140547,2,148.45846,nigeria,draw_79
Male,1.0525949379245199,2,148.45846,nigeria,draw_79
Female,1.0565979786109954,3,148.45846,nigeria,draw_79
Male,1.0472525538785693,3,148.45846,nigeria,draw_79
Female,1.0584284612335426,2,148.56857,nigeria,draw_79
Male,1.0528662051312316,2,148.56857,nigeria,draw_79
Female,1.0569121329682958,3,148.56857,nigeria,draw_79
Male,1.047545974966388,3,148.56857,nigeria,draw_79
Female,1.0586963383990091,2,148.67868,nigeria,draw_79
Male,1.0531364499693496,2,148.67868,nigeria,draw_79
Female,1.057226315165683,3,148.67868,nigeria,draw_79
Male,1.0478391512835235,3,148.67868,nigeria,draw_79
Female,1.0589633844826667,2,148.78879,nigeria,draw_79
Male,1.0534063709403014,2,148.78879,nigeria,draw_79
Female,1.0575403447257081,3,148.78879,nigeria,draw_79
Male,1.0481325185499328,3,148.78879,nigeria,draw_79
Female,1.0592302925110417,2,148.8989,nigeria,draw_79
Male,1.0536759027668936,2,148.8989,nigeria,draw_79
Female,1.0578546417579395,3,148.8989,nigeria,draw_79
Male,1.0484260199005515,3,148.8989,nigeria,draw_79
Female,1.0594960088287564,2,149.00901,nigeria,draw_79
Male,1.053944988875266,2,149.00901,nigeria,draw_79
Female,1.0581684816598433,3,149.00901,nigeria,draw_79
Male,1.048719586848298,3,149.00901,nigeria,draw_79
Female,1.0597609230992158,2,149.11912,nigeria,draw_79
Male,1.054213627706751,2,149.11912,nigeria,draw_79
Female,1.0584821127308799,3,149.11912,nigeria,draw_79
Male,1.0490132145457498,3,149.11912,nigeria,draw_79
Female,1.060024525044741,2,149.22923,nigeria,draw_79
Male,1.0544815774044254,2,149.22923,nigeria,draw_79
Female,1.058795193892991,3,149.22923,nigeria,draw_79
Male,1.0493067579019644,3,149.22923,nigeria,draw_79
Female,1.0602879205963924,2,149.33934,nigeria,draw_79
Male,1.0547495080207672,2,149.33934,nigeria,draw_79
Female,1.0591084419387817,3,149.33934,nigeria,draw_79
Male,1.0496006116190488,3,149.33934,nigeria,draw_79
Female,1.0605495825101603,2,149.44945,nigeria,draw_79
Male,1.0550164274218679,2,149.44945,nigeria,draw_79
Female,1.059420834944528,3,149.44945,nigeria,draw_79
Male,1.0498941775232238,3,149.44945,nigeria,draw_79
Female,1.0608112310700024,2,149.55956,nigeria,draw_79
Male,1.055282848077598,2,149.55956,nigeria,draw_79
Female,1.059733581168507,3,149.55956,nigeria,draw_79
Male,1.050187815176483,3,149.55956,nigeria,draw_79
Female,1.0610721816625253,2,149.66967,nigeria,draw_79
Male,1.0555486640282936,2,149.66967,nigeria,draw_79
Female,1.0600461193715984,3,149.66967,nigeria,draw_79
Male,1.0504814128234767,3,149.66967,nigeria,draw_79
Female,1.0613320385984573,2,149.77978,nigeria,draw_79
Male,1.0558140652270769,2,149.77978,nigeria,draw_79
Female,1.0603581824112707,3,149.77978,nigeria,draw_79
Male,1.0507750512712537,3,149.77978,nigeria,draw_79
Female,1.0615915017644102,2,149.88989,nigeria,draw_79
Male,1.056078887845869,2,149.88989,nigeria,draw_79
Female,1.0606702394877061,3,149.88989,nigeria,draw_79
Male,1.0510686593100953,3,149.88989,nigeria,draw_79
Female,1.0618497578858304,2,150.0,nigeria,draw_79
Male,1.056343598031729,2,150.0,nigeria,draw_79
Female,1.0609817517290705,3,150.0,nigeria,draw_79
Male,1.051362482116541,3,150.0,nigeria,draw_79
Female,5.4104199864511475,2,40.0,pakistan,draw_79
Male,4.1438972216649566,2,40.0,pakistan,draw_79
Female,3.5882901934452596,3,40.0,pakistan,draw_79
Male,3.049627453964884,3,40.0,pakistan,draw_79
Female,5.3902736710771535,2,40.11011,pakistan,draw_79
Male,4.130412013091275,2,40.11011,pakistan,draw_79
Female,3.5791089739160324,3,40.11011,pakistan,draw_79
Male,3.042212191298279,3,40.11011,pakistan,draw_79
Female,5.370198458517397,2,40.22022,pakistan,draw_79
Male,4.1169712530124905,2,40.22022,pakistan,draw_79
Female,3.569950701040899,3,40.22022,pakistan,draw_79
Male,3.0348157946269803,3,40.22022,pakistan,draw_79
Female,5.350193447145693,2,40.33033,pakistan,draw_79
Male,4.103573489614678,2,40.33033,pakistan,draw_79
Female,3.5608144439676557,3,40.33033,pakistan,draw_79
Male,3.0274374865147156,3,40.33033,pakistan,draw_79
Female,5.33025939604707,2,40.44044,pakistan,draw_79
Male,4.090220748415447,2,40.44044,pakistan,draw_79
Female,3.551701032280161,3,40.44044,pakistan,draw_79
Male,3.020079055941086,3,40.44044,pakistan,draw_79
Female,5.310396204309719,2,40.55055,pakistan,draw_79
Male,4.076911525150053,2,40.55055,pakistan,draw_79
Female,3.5426107585921742,3,40.55055,pakistan,draw_79
Male,3.0127401692823566,3,40.55055,pakistan,draw_79
Female,5.2906029273189015,2,40.66066,pakistan,draw_79
Male,4.063647214629431,2,40.66066,pakistan,draw_79
Female,3.5335429396993536,3,40.66066,pakistan,draw_79
Male,3.00542123348303,3,40.66066,pakistan,draw_79
Female,5.270880644081142,2,40.77077,pakistan,draw_79
Male,4.050430734665113,2,40.77077,pakistan,draw_79
Female,3.5244981054637616,3,40.77077,pakistan,draw_79
Male,2.9981226085166974,3,40.77077,pakistan,draw_79
Female,5.2512260108973265,2,40.88088,pakistan,draw_79
Male,4.037261772816149,2,40.88088,pakistan,draw_79
Female,3.5154751012929193,3,40.88088,pakistan,draw_79
Male,2.9908454042504347,3,40.88088,pakistan,draw_79
Female,5.231639324816037,2,40.99099,pakistan,draw_79
Male,4.024141200346821,2,40.99099,pakistan,draw_79
Female,3.5064742000036224,3,40.99099,pakistan,draw_79
Male,2.9835897088780934,3,40.99099,pakistan,draw_79
Female,5.2121166009249515,2,41.1011,pakistan,draw_79
Male,4.011071469240728,2,41.1011,pakistan,draw_79
Female,3.497494459586295,3,41.1011,pakistan,draw_79
Male,2.976356376715549,3,41.1011,pakistan,draw_79
Female,5.1926615970501135,2,41.21121,pakistan,draw_79
Male,3.9980488175849436,2,41.21121,pakistan,draw_79
Female,3.4885365473411323,3,41.21121,pakistan,draw_79
Male,2.969144129556443,3,41.21121,pakistan,draw_79
Female,5.17327249194858,2,41.32132,pakistan,draw_79
Male,3.9850720273845783,2,41.32132,pakistan,draw_79
Female,3.479600121765972,3,41.32132,pakistan,draw_79
Male,2.9619520636725407,3,41.32132,pakistan,draw_79
Female,5.153953357293955,2,41.43143,pakistan,draw_79
Male,3.9721422445922596,2,41.43143,pakistan,draw_79
Female,3.4706863311434324,3,41.43143,pakistan,draw_79
Male,2.954780379662406,3,41.43143,pakistan,draw_79
Female,5.134701205000574,2,41.54154,pakistan,draw_79
Male,3.9592588415037193,2,41.54154,pakistan,draw_79
Female,3.461793588488259,3,41.54154,pakistan,draw_79
Male,2.9476286238728586,3,41.54154,pakistan,draw_79
Female,5.115514737215766,2,41.65165,pakistan,draw_79
Male,3.9464213020366565,2,41.65165,pakistan,draw_79
Female,3.452922017697545,3,41.65165,pakistan,draw_79
Male,2.9404965271326695,3,41.65165,pakistan,draw_79
Female,5.0963991180574535,2,41.76176,pakistan,draw_79
Male,3.933630730145912,2,41.76176,pakistan,draw_79
Female,3.44407313640921,3,41.76176,pakistan,draw_79
Male,2.9333853108436894,3,41.76176,pakistan,draw_79
Female,5.0773555993908674,2,41.87187,pakistan,draw_79
Male,3.920888614436842,2,41.87187,pakistan,draw_79
Female,3.435247413268319,3,41.87187,pakistan,draw_79
Male,2.9262954057625143,3,41.87187,pakistan,draw_79
Female,5.058379766604298,2,41.98198,pakistan,draw_79
Male,3.9081919120162265,2,41.98198,pakistan,draw_79
Female,3.4264435478930895,3,41.98198,pakistan,draw_79
Male,2.919225914898165,3,41.98198,pakistan,draw_79
Female,5.039467398649626,2,42.09209,pakistan,draw_79
Male,3.8955420971671684,2,42.09209,pakistan,draw_79
Female,3.4176599899292768,3,42.09209,pakistan,draw_79
Male,2.9121775901268476,3,42.09209,pakistan,draw_79
Female,5.020616742113826,2,42.2022,pakistan,draw_79
Male,3.8829389030921497,2,42.2022,pakistan,draw_79
Female,3.4088969035845977,3,42.2022,pakistan,draw_79
Male,2.9051494373453375,3,42.2022,pakistan,draw_79
Female,5.001833043099866,2,42.31231,pakistan,draw_79
Male,3.870383156458961,2,42.31231,pakistan,draw_79
Female,3.4001555370988674,3,42.31231,pakistan,draw_79
Male,2.898142118276515,3,42.31231,pakistan,draw_79
Female,4.983116254790478,2,42.42242,pakistan,draw_79
Male,3.857877270963566,2,42.42242,pakistan,draw_79
Female,3.39143593044676,3,42.42242,pakistan,draw_79
Male,2.8911570356545284,3,42.42242,pakistan,draw_79
Female,4.964466495243917,2,42.53253,pakistan,draw_79
Male,3.845418811199777,2,42.53253,pakistan,draw_79
Female,3.3827381477676317,3,42.53253,pakistan,draw_79
Male,2.8841935644560786,3,42.53253,pakistan,draw_79
Female,4.945884090201274,2,42.64264,pakistan,draw_79
Male,3.8330093201774247,2,42.64264,pakistan,draw_79
Female,3.374062457925984,3,42.64264,pakistan,draw_79
Male,2.8772517234011534,3,42.64264,pakistan,draw_79
Female,4.927367530010705,2,42.75275,pakistan,draw_79
Male,3.8206464708828016,2,42.75275,pakistan,draw_79
Female,3.36540825386029,3,42.75275,pakistan,draw_79
Male,2.870330308219699,3,42.75275,pakistan,draw_79
Female,4.908917535501696,2,42.86286,pakistan,draw_79
Male,3.808331921744135,2,42.86286,pakistan,draw_79
Female,3.356775646439646,3,42.86286,pakistan,draw_79
Male,2.8634303695509686,3,42.86286,pakistan,draw_79
Female,4.890533954110901,2,42.97297,pakistan,draw_79
Male,3.796064543495582,2,42.97297,pakistan,draw_79
Female,3.348164574055061,3,42.97297,pakistan,draw_79
Male,2.856551575761598,3,42.97297,pakistan,draw_79
Female,4.872214134268313,2,43.08308,pakistan,draw_79
Male,3.78384417970956,2,43.08308,pakistan,draw_79
Female,3.3395739115421565,3,43.08308,pakistan,draw_79
Male,2.8496935685618228,3,43.08308,pakistan,draw_79
Female,4.853960381133844,2,43.19319,pakistan,draw_79
Male,3.771670956061287,2,43.19319,pakistan,draw_79
Female,3.331005359877151,3,43.19319,pakistan,draw_79
Male,2.8428565926549694,3,43.19319,pakistan,draw_79
Female,4.83577185090153,2,43.3033,pakistan,draw_79
Male,3.7595460087395565,2,43.3033,pakistan,draw_79
Female,3.3224579413568183,3,43.3033,pakistan,draw_79
Male,2.836041455349907,3,43.3033,pakistan,draw_79
Female,4.817652203185615,2,43.41341,pakistan,draw_79
Male,3.7474673672626255,2,43.41341,pakistan,draw_79
Female,3.3139326768081325,3,43.41341,pakistan,draw_79
Male,2.829247162132418,3,43.41341,pakistan,draw_79
Female,4.79960024333542,2,43.52352,pakistan,draw_79
Male,3.7354356111270364,2,43.52352,pakistan,draw_79
Female,3.305429519060214,3,43.52352,pakistan,draw_79
Male,2.8224737738370655,3,43.52352,pakistan,draw_79
Female,4.781611115888367,2,43.63363,pakistan,draw_79
Male,3.7234502138423964,2,43.63363,pakistan,draw_79
Female,3.296947100346606,3,43.63363,pakistan,draw_79
Male,2.815721353441854,3,43.63363,pakistan,draw_79
Female,4.763684914256734,2,43.74374,pakistan,draw_79
Male,3.711510598664237,2,43.74374,pakistan,draw_79
Female,3.28848570319935,3,43.74374,pakistan,draw_79
Male,2.8089895200087107,3,43.74374,pakistan,draw_79
Female,4.745821028311096,2,43.85385,pakistan,draw_79
Male,3.6996152821823185,2,43.85385,pakistan,draw_79
Female,3.2800452794605723,3,43.85385,pakistan,draw_79
Male,2.8022778925255127,3,43.85385,pakistan,draw_79
Female,4.728021693996585,2,43.96396,pakistan,draw_79
Male,3.687764579376586,2,43.96396,pakistan,draw_79
Female,3.271626420486248,3,43.96396,pakistan,draw_79
Male,2.7955861858299684,3,43.96396,pakistan,draw_79
Female,4.710284015047013,2,44.07407,pakistan,draw_79
Male,3.6759600930290612,2,44.07407,pakistan,draw_79
Female,3.2632281114685595,3,44.07407,pakistan,draw_79
Male,2.788914870112067,3,44.07407,pakistan,draw_79
Female,4.692608728413227,2,44.18418,pakistan,draw_79
Male,3.66420231835788,2,44.18418,pakistan,draw_79
Female,3.2548500647527505,3,44.18418,pakistan,draw_79
Male,2.7822641703291477,3,44.18418,pakistan,draw_79
Female,4.674997630626867,2,44.29429,pakistan,draw_79
Male,3.652489961292142,2,44.29429,pakistan,draw_79
Female,3.246493304919552,3,44.29429,pakistan,draw_79
Male,2.7756340416778236,3,44.29429,pakistan,draw_79
Female,4.65744987198626,2,44.4044,pakistan,draw_79
Male,3.6408223643332813,2,44.4044,pakistan,draw_79
Female,3.2381573668529238,3,44.4044,pakistan,draw_79
Male,2.7690236574308416,3,44.4044,pakistan,draw_79
Female,4.639963297726934,2,44.51451,pakistan,draw_79
Male,3.6291994673740042,2,44.51451,pakistan,draw_79
Female,3.229841427344534,3,44.51451,pakistan,draw_79
Male,2.762433286885961,3,44.51451,pakistan,draw_79
Female,4.622539014046328,2,44.62462,pakistan,draw_79
Male,3.617623648004571,2,44.62462,pakistan,draw_79
Female,3.221545700744522,3,44.62462,pakistan,draw_79
Male,2.7558637939708848,3,44.62462,pakistan,draw_79
Female,4.60517620486435,2,44.73473,pakistan,draw_79
Male,3.606093625348379,2,44.73473,pakistan,draw_79
Female,3.213270241798282,3,44.73473,pakistan,draw_79
Male,2.7493149310764333,3,44.73473,pakistan,draw_79
Female,4.587877095727986,2,44.84484,pakistan,draw_79
Male,3.5946083325151936,2,44.84484,pakistan,draw_79
Female,3.205015734251746,3,44.84484,pakistan,draw_79
Male,2.742786199055646,3,44.84484,pakistan,draw_79
Female,4.570642540327371,2,44.95495,pakistan,draw_79
Male,3.583168038516417,2,44.95495,pakistan,draw_79
Female,3.196782230111332,3,44.95495,pakistan,draw_79
Male,2.7362778507123244,3,44.95495,pakistan,draw_79
Female,4.55347278853417,2,45.06507,pakistan,draw_79
Male,3.571771004419492,2,45.06507,pakistan,draw_79
Female,3.1885693723784883,3,45.06507,pakistan,draw_79
Male,2.729789399627788,3,45.06507,pakistan,draw_79
Female,4.5363698552538505,2,45.17518,pakistan,draw_79
Male,3.5604204350544277,2,45.17518,pakistan,draw_79
Female,3.1803790079325656,3,45.17518,pakistan,draw_79
Male,2.7233228893864965,3,45.17518,pakistan,draw_79
Female,4.519338135811141,2,45.28529,pakistan,draw_79
Male,3.549112421579843,2,45.28529,pakistan,draw_79
Female,3.1722128708429578,3,45.28529,pakistan,draw_79
Male,2.7168758033095757,3,45.28529,pakistan,draw_79
Female,4.5023792326405525,2,45.3954,pakistan,draw_79
Male,3.537849523021387,2,45.3954,pakistan,draw_79
Female,3.164071595647519,3,45.3954,pakistan,draw_79
Male,2.7104493380910695,3,45.3954,pakistan,draw_79
Female,4.485492630751999,2,45.50551,pakistan,draw_79
Male,3.5266297592911293,2,45.50551,pakistan,draw_79
Female,3.1559551693224845,3,45.50551,pakistan,draw_79
Male,2.704042415494272,3,45.50551,pakistan,draw_79
Female,4.4686768218299,2,45.61562,pakistan,draw_79
Male,3.5154543777591667,2,45.61562,pakistan,draw_79
Female,3.1478630612288128,3,45.61562,pakistan,draw_79
Male,2.697655486559708,3,45.61562,pakistan,draw_79
Female,4.451929531645856,2,45.72573,pakistan,draw_79
Male,3.504321060822547,2,45.72573,pakistan,draw_79
Female,3.1397947596495897,3,45.72573,pakistan,draw_79
Male,2.691287833214766,3,45.72573,pakistan,draw_79
Female,4.435250285119623,2,45.83584,pakistan,draw_79
Male,3.493231230065333,2,45.83584,pakistan,draw_79
Female,3.1317499244086804,3,45.83584,pakistan,draw_79
Male,2.6849396937912924,3,45.83584,pakistan,draw_79
Female,4.418640027568245,2,45.94595,pakistan,draw_79
Male,3.482185578650711,2,45.94595,pakistan,draw_79
Female,3.1237288032719084,3,45.94595,pakistan,draw_79
Male,2.6786115628747877,3,45.94595,pakistan,draw_79
Female,4.4020986888120115,2,46.05606,pakistan,draw_79
Male,3.4711825485301824,2,46.05606,pakistan,draw_79
Female,3.1157310131923444,3,46.05606,pakistan,draw_79
Male,2.6723029950113806,3,46.05606,pakistan,draw_79
Female,4.385627708623682,2,46.16617,pakistan,draw_79
Male,3.4602227739419456,2,46.16617,pakistan,draw_79
Female,3.107756605066666,3,46.16617,pakistan,draw_79
Male,2.6660139302835604,3,46.16617,pakistan,draw_79
Female,4.369226306112981,2,46.27628,pakistan,draw_79
Male,3.4493041812881122,2,46.27628,pakistan,draw_79
Female,3.099805954166403,3,46.27628,pakistan,draw_79
Male,2.6597431327779324,3,46.27628,pakistan,draw_79
Female,4.352890565957213,2,46.38639,pakistan,draw_79
Male,3.4384281628905264,2,46.38639,pakistan,draw_79
Female,3.091877515713548,3,46.38639,pakistan,draw_79
Male,2.6534916400375343,3,46.38639,pakistan,draw_79
Female,4.336621414778673,2,46.4965,pakistan,draw_79
Male,3.4275931143253757,2,46.4965,pakistan,draw_79
Female,3.0839717341682134,3,46.4965,pakistan,draw_79
Male,2.647258803072856,3,46.4965,pakistan,draw_79
Female,4.320420047849839,2,46.60661,pakistan,draw_79
Male,3.4167983828040014,2,46.60661,pakistan,draw_79
Female,3.07608921626233,3,46.60661,pakistan,draw_79
Male,2.6410444559231814,3,46.60661,pakistan,draw_79
Female,4.304285412880591,2,46.71672,pakistan,draw_79
Male,3.406044931364877,2,46.71672,pakistan,draw_79
Female,3.068229571653666,3,46.71672,pakistan,draw_79
Male,2.634848791871197,3,46.71672,pakistan,draw_79
Female,4.288218827038016,2,46.82683,pakistan,draw_79
Male,3.3953332692926113,2,46.82683,pakistan,draw_79
Female,3.0603936277739914,3,46.82683,pakistan,draw_79
Male,2.628671854701075,3,46.82683,pakistan,draw_79
Female,4.272222570519603,2,46.93694,pakistan,draw_79
Male,3.3846645165291296,2,46.93694,pakistan,draw_79
Female,3.0525821429996904,3,46.93694,pakistan,draw_79
Male,2.6225144686512185,3,46.93694,pakistan,draw_79
Female,4.25629922180749,2,47.04705,pakistan,draw_79
Male,3.3740368136098837,2,47.04705,pakistan,draw_79
Female,3.0447962153619503,3,47.04705,pakistan,draw_79
Male,2.6163756855431464,3,47.04705,pakistan,draw_79
Female,4.2404464882446185,2,47.15716,pakistan,draw_79
Male,3.363450817622797,2,47.15716,pakistan,draw_79
Female,3.037034778258711,3,47.15716,pakistan,draw_79
Male,2.6102561637551345,3,47.15716,pakistan,draw_79
Female,4.224665918267992,2,47.26727,pakistan,draw_79
Male,3.352906056958129,2,47.26727,pakistan,draw_79
Female,3.029298800570206,3,47.26727,pakistan,draw_79
Male,2.6041556644347432,3,47.26727,pakistan,draw_79
Female,4.208957934244209,2,47.37738,pakistan,draw_79
Male,3.342400795576151,2,47.37738,pakistan,draw_79
Female,3.021588331739648,3,47.37738,pakistan,draw_79
Male,2.598073235520433,3,47.37738,pakistan,draw_79
Female,4.1933216043570685,2,47.48749,pakistan,draw_79
Male,3.331937156560991,2,47.48749,pakistan,draw_79
Female,3.01390283325221,3,47.48749,pakistan,draw_79
Male,2.5920104912381565,3,47.48749,pakistan,draw_79
Female,4.1777536863563025,2,47.5976,pakistan,draw_79
Male,3.321514088995608,2,47.5976,pakistan,draw_79
Female,3.0062413307714158,3,47.5976,pakistan,draw_79
Male,2.5859660841158223,3,47.5976,pakistan,draw_79
Female,4.162253317910627,2,47.70771,pakistan,draw_79
Male,3.3111317301241066,2,47.70771,pakistan,draw_79
Female,2.9986035758303964,3,47.70771,pakistan,draw_79
Male,2.5799402594938865,3,47.70771,pakistan,draw_79
Female,4.1468215548875635,2,47.81782,pakistan,draw_79
Male,3.300789664987486,2,47.81782,pakistan,draw_79
Female,2.990989865712978,3,47.81782,pakistan,draw_79
Male,2.5739328604875844,3,47.81782,pakistan,draw_79
Female,4.131457471504942,2,47.92793,pakistan,draw_79
Male,3.2904872646385526,2,47.92793,pakistan,draw_79
Female,2.983399990651215,3,47.92793,pakistan,draw_79
Male,2.5679437998375527,3,47.92793,pakistan,draw_79
Female,4.116161693322804,2,48.03804,pakistan,draw_79
Male,3.2802237131660275,2,48.03804,pakistan,draw_79
Female,2.975834161587271,3,48.03804,pakistan,draw_79
Male,2.5619727981314266,3,48.03804,pakistan,draw_79
Female,4.100934155893655,2,48.14815,pakistan,draw_79
Male,3.26999820403467,2,48.14815,pakistan,draw_79
Female,2.9682922338930844,3,48.14815,pakistan,draw_79
Male,2.556019490516124,3,48.14815,pakistan,draw_79
Female,4.085777117411914,2,48.25826,pakistan,draw_79
Male,3.2598128426925896,2,48.25826,pakistan,draw_79
Female,2.9607752413930144,3,48.25826,pakistan,draw_79
Male,2.550085056523949,3,48.25826,pakistan,draw_79
Female,4.070687044912348,2,48.36837,pakistan,draw_79
Male,3.249667995107113,2,48.36837,pakistan,draw_79
Female,2.953282333210398,3,48.36837,pakistan,draw_79
Male,2.5441694393998175,3,48.36837,pakistan,draw_79
Female,4.0556633541068265,2,48.47848,pakistan,draw_79
Male,3.239561590172596,2,48.47848,pakistan,draw_79
Female,2.9458133295559468,3,48.47848,pakistan,draw_79
Male,2.5382720009816273,3,48.47848,pakistan,draw_79
Female,4.040705506532685,2,48.58859,pakistan,draw_79
Male,3.229493798634213,2,48.58859,pakistan,draw_79
Female,2.938367599295817,3,48.58859,pakistan,draw_79
Male,2.5323926069899976,3,48.58859,pakistan,draw_79
Female,4.02581456344322,2,48.6987,pakistan,draw_79
Male,3.2194648527159213,2,48.6987,pakistan,draw_79
Female,2.9309454104669244,3,48.6987,pakistan,draw_79
Male,2.526531165754458,3,48.6987,pakistan,draw_79
Female,4.010988695093918,2,48.80881,pakistan,draw_79
Male,3.2094752333800334,2,48.80881,pakistan,draw_79
Female,2.923546311707565,3,48.80881,pakistan,draw_79
Male,2.5206877704567416,3,48.80881,pakistan,draw_79
Female,3.996230022692265,2,48.91892,pakistan,draw_79
Male,3.19952284663043,2,48.91892,pakistan,draw_79
Female,2.916170802262286,3,48.91892,pakistan,draw_79
Male,2.5148611901765703,3,48.91892,pakistan,draw_79
Female,3.9815384911474037,2,49.02903,pakistan,draw_79
Male,3.1896105840872973,2,49.02903,pakistan,draw_79
Female,2.908819022954067,3,49.02903,pakistan,draw_79
Male,2.5090531415382396,3,49.02903,pakistan,draw_79
Female,3.9669119888779907,2,49.13914,pakistan,draw_79
Male,3.1797366408438426,2,49.13914,pakistan,draw_79
Female,2.9014902775145073,3,49.13914,pakistan,draw_79
Male,2.503262549200969,3,49.13914,pakistan,draw_79
Female,3.9523495008691314,2,49.24925,pakistan,draw_79
Male,3.169901210812262,2,49.24925,pakistan,draw_79
Female,2.8941839233763047,3,49.24925,pakistan,draw_79
Male,2.4974893893573253,3,49.24925,pakistan,draw_79
Female,3.937850736230569,2,49.35936,pakistan,draw_79
Male,3.160104088336269,2,49.35936,pakistan,draw_79
Female,2.8869004746789835,3,49.35936,pakistan,draw_79
Male,2.491733632472478,3,49.35936,pakistan,draw_79
Female,3.9234168659627033,2,49.46947,pakistan,draw_79
Male,3.150346669414998,2,49.46947,pakistan,draw_79
Female,2.8796400563785434,3,49.46947,pakistan,draw_79
Male,2.4859960483841483,3,49.46947,pakistan,draw_79
Female,3.909045056071572,2,49.57958,pakistan,draw_79
Male,3.1406280046742654,2,49.57958,pakistan,draw_79
Female,2.8724019593688284,3,49.57958,pakistan,draw_79
Male,2.4802767512215538,3,49.57958,pakistan,draw_79
Female,3.8947372492833905,2,49.68969,pakistan,draw_79
Male,3.1309489319850514,2,49.68969,pakistan,draw_79
Female,2.865187142658534,3,49.68969,pakistan,draw_79
Male,2.4745761144670984,3,49.68969,pakistan,draw_79
Female,3.880494685103601,2,49.7998,pakistan,draw_79
Male,3.1213073519197803,2,49.7998,pakistan,draw_79
Female,2.857995638289827,3,49.7998,pakistan,draw_79
Male,2.4688928869233084,3,49.7998,pakistan,draw_79
Female,3.8663154577492262,2,49.90991,pakistan,draw_79
Male,3.1117051088942067,2,49.90991,pakistan,draw_79
Female,2.850826949433187,3,49.90991,pakistan,draw_79
Male,2.4632278766497624,3,49.90991,pakistan,draw_79
Female,3.85219855534828,2,50.02002,pakistan,draw_79
Male,3.102140587365205,2,50.02002,pakistan,draw_79
Female,2.843680760959518,3,50.02002,pakistan,draw_79
Male,2.457579994983582,3,50.02002,pakistan,draw_79
Female,3.8381458117830882,2,50.13013,pakistan,draw_79
Male,3.092612380783289,2,50.13013,pakistan,draw_79
Female,2.8365575209667457,3,50.13013,pakistan,draw_79
Male,2.4519490694830623,3,50.13013,pakistan,draw_79
Female,3.8241570281902946,2,50.24024,pakistan,draw_79
Male,3.0831218402564056,2,50.24024,pakistan,draw_79
Female,2.8294567406590883,3,50.24024,pakistan,draw_79
Male,2.4463354459667976,3,50.24024,pakistan,draw_79
Female,3.8102304774417384,2,50.35035,pakistan,draw_79
Male,3.073668380965156,2,50.35035,pakistan,draw_79
Female,2.822378263751731,3,50.35035,pakistan,draw_79
Male,2.4407393851135564,3,50.35035,pakistan,draw_79
Female,3.7963649456914625,2,50.46046,pakistan,draw_79
Male,3.0642527471049057,2,50.46046,pakistan,draw_79
Female,2.815322057248814,3,50.46046,pakistan,draw_79
Male,2.4351606528992544,3,50.46046,pakistan,draw_79
Female,3.782561668599872,2,50.57057,pakistan,draw_79
Male,3.0548744948681255,2,50.57057,pakistan,draw_79
Female,2.80828833741635,3,50.57057,pakistan,draw_79
Male,2.4295988054660493,3,50.57057,pakistan,draw_79
Female,3.7688205944019906,2,50.68068,pakistan,draw_79
Male,3.0455322504528777,2,50.68068,pakistan,draw_79
Female,2.801277023656674,3,50.68068,pakistan,draw_79
Male,2.4240533304814185,3,50.68068,pakistan,draw_79
Female,3.755140664952974,2,50.79079,pakistan,draw_79
Male,3.036225030646238,2,50.79079,pakistan,draw_79
Female,2.794287708970673,3,50.79079,pakistan,draw_79
Male,2.418524775702795,3,50.79079,pakistan,draw_79
Female,3.7415210861120127,2,50.9009,pakistan,draw_79
Male,3.0269539093860445,2,50.9009,pakistan,draw_79
Female,2.787320428233297,3,50.9009,pakistan,draw_79
Male,2.4130133786466637,3,50.9009,pakistan,draw_79
Female,3.7279632395025915,2,51.01101,pakistan,draw_79
Male,3.0177185988277957,2,51.01101,pakistan,draw_79
Female,2.7803758324042436,3,51.01101,pakistan,draw_79
Male,2.4075188154169562,3,51.01101,pakistan,draw_79
Female,3.7144667420482604,2,51.12112,pakistan,draw_79
Male,3.008519200246086,2,51.12112,pakistan,draw_79
Female,2.773453488736187,3,51.12112,pakistan,draw_79
Male,2.402040984253276,3,51.12112,pakistan,draw_79
Female,3.7010300946543726,2,51.23123,pakistan,draw_79
Male,2.9993560905724514,2,51.23123,pakistan,draw_79
Female,2.7665522957982684,3,51.23123,pakistan,draw_79
Male,2.396580799400411,3,51.23123,pakistan,draw_79
Female,3.687653947230588,2,51.34134,pakistan,draw_79
Male,2.9902280729621302,2,51.34134,pakistan,draw_79
Female,2.759672887762179,3,51.34134,pakistan,draw_79
Male,2.3911374600594795,3,51.34134,pakistan,draw_79
Female,3.674337966104269,2,51.45145,pakistan,draw_79
Male,2.981136427077402,2,51.45145,pakistan,draw_79
Female,2.752815479804826,3,51.45145,pakistan,draw_79
Male,2.3857112518613697,3,51.45145,pakistan,draw_79
Female,3.6610816901148397,2,51.56156,pakistan,draw_79
Male,2.9720807438342796,2,51.56156,pakistan,draw_79
Female,2.7459794640043302,3,51.56156,pakistan,draw_79
Male,2.3803018917761225,3,51.56156,pakistan,draw_79
Female,3.6478857565649436,2,51.67167,pakistan,draw_79
Male,2.963059619687743,2,51.67167,pakistan,draw_79
Female,2.739165318391943,3,51.67167,pakistan,draw_79
Male,2.3749085701022437,3,51.67167,pakistan,draw_79
Female,3.6347486311783404,2,51.78178,pakistan,draw_79
Male,2.954072979311535,2,51.78178,pakistan,draw_79
Female,2.7323730342173476,3,51.78178,pakistan,draw_79
Male,2.3695314599756157,3,51.78178,pakistan,draw_79
Female,3.6216720355760637,2,51.89189,pakistan,draw_79
Male,2.9451213926745012,2,51.89189,pakistan,draw_79
Female,2.72560289643052,3,51.89189,pakistan,draw_79
Male,2.364170912239572,3,51.89189,pakistan,draw_79
Female,3.608651592752176,2,52.002,pakistan,draw_79
Male,2.9362034889975384,2,52.002,pakistan,draw_79
Female,2.7188534942656926,3,52.002,pakistan,draw_79
Male,2.358826191524983,3,52.002,pakistan,draw_79
Female,3.595687987572432,2,52.11211,pakistan,draw_79
Male,2.9273218115151916,2,52.11211,pakistan,draw_79
Female,2.712124847759821,3,52.11211,pakistan,draw_79
Male,2.3534989058456417,3,52.11211,pakistan,draw_79
Female,3.5827819600253026,2,52.22222,pakistan,draw_79
Male,2.9184754998239737,2,52.22222,pakistan,draw_79
Female,2.7054169364252902,3,52.22222,pakistan,draw_79
Male,2.348188052979779,3,52.22222,pakistan,draw_79
Female,3.569933782381473,2,52.33233,pakistan,draw_79
Male,2.9096631019365278,2,52.33233,pakistan,draw_79
Female,2.698730345455553,3,52.33233,pakistan,draw_79
Male,2.3428930009518036,3,52.33233,pakistan,draw_79
Female,3.5571438351525657,2,52.44244,pakistan,draw_79
Male,2.9008851205504604,2,52.44244,pakistan,draw_79
Female,2.6920651730308176,3,52.44244,pakistan,draw_79
Male,2.3376140040497773,3,52.44244,pakistan,draw_79
Female,3.544411434143985,2,52.55255,pakistan,draw_79
Male,2.892141668608194,2,52.55255,pakistan,draw_79
Female,2.6854213479551423,3,52.55255,pakistan,draw_79
Male,2.332352134660876,3,52.55255,pakistan,draw_79
Female,3.5317354821412317,2,52.66266,pakistan,draw_79
Male,2.8834305190631744,2,52.66266,pakistan,draw_79
Female,2.6787984231162802,3,52.66266,pakistan,draw_79
Male,2.327105816956989,3,52.66266,pakistan,draw_79
Female,3.519115407791698,2,52.77277,pakistan,draw_79
Male,2.8747526992504264,2,52.77277,pakistan,draw_79
Female,2.6721962121706686,3,52.77277,pakistan,draw_79
Male,2.321875461675666,3,52.77277,pakistan,draw_79
Female,3.5065511325026137,2,52.88288,pakistan,draw_79
Male,2.8661074791294143,2,52.88288,pakistan,draw_79
Female,2.6656149610987594,3,52.88288,pakistan,draw_79
Male,2.3166605919587036,3,52.88288,pakistan,draw_79
Female,3.4940432020627226,2,52.99299,pakistan,draw_79
Male,2.857496137831534,2,52.99299,pakistan,draw_79
Female,2.6590544365893427,3,52.99299,pakistan,draw_79
Male,2.311461955328363,3,52.99299,pakistan,draw_79
Female,3.4815914362144698,2,53.1031,pakistan,draw_79
Male,2.8489179164718554,2,53.1031,pakistan,draw_79
Female,2.6525148048918368,3,53.1031,pakistan,draw_79
Male,2.306278846996665,3,53.1031,pakistan,draw_79
Female,3.4691959380644106,2,53.21321,pakistan,draw_79
Male,2.840372788176827,2,53.21321,pakistan,draw_79
Female,2.645996305969202,3,53.21321,pakistan,draw_79
Male,2.3011114451182832,3,53.21321,pakistan,draw_79
Female,3.4568550549010095,2,53.32332,pakistan,draw_79
Male,2.8318597222448116,2,53.32332,pakistan,draw_79
Female,2.639498146451514,3,53.32332,pakistan,draw_79
Male,2.295959476600843,3,53.32332,pakistan,draw_79
Female,3.444568110534806,2,53.43343,pakistan,draw_79
Male,2.823379890961866,2,53.43343,pakistan,draw_79
Female,2.6330200834492774,3,53.43343,pakistan,draw_79
Male,2.2908234044435583,3,53.43343,pakistan,draw_79
Female,3.4323363745356215,2,53.54354,pakistan,draw_79
Male,2.8149339859636355,2,53.54354,pakistan,draw_79
Female,2.6265625201530427,3,53.54354,pakistan,draw_79
Male,2.285703897948859,3,53.54354,pakistan,draw_79
Female,3.4201607963517935,2,53.65365,pakistan,draw_79
Male,2.8065202698918266,2,53.65365,pakistan,draw_79
Female,2.6201259048921273,3,53.65365,pakistan,draw_79
Male,2.280600177005811,3,53.65365,pakistan,draw_79
Female,3.4080399193687296,2,53.76376,pakistan,draw_79
Male,2.7981383217734717,2,53.76376,pakistan,draw_79
Female,2.613709962175909,3,53.76376,pakistan,draw_79
Male,2.275511595138507,3,53.76376,pakistan,draw_79
Female,3.39597297492142,2,53.87387,pakistan,draw_79
Male,2.789788643518333,2,53.87387,pakistan,draw_79
Female,2.6073142722155307,3,53.87387,pakistan,draw_79
Male,2.270438590572829,3,53.87387,pakistan,draw_79
Female,3.383958105691503,2,53.98398,pakistan,draw_79
Male,2.7814719199572724,2,53.98398,pakistan,draw_79
Female,2.600938398727321,3,53.98398,pakistan,draw_79
Male,2.26538120400702,3,53.98398,pakistan,draw_79
Female,3.3719960707292285,2,54.09409,pakistan,draw_79
Male,2.7731868983344206,2,54.09409,pakistan,draw_79
Female,2.594582256097445,3,54.09409,pakistan,draw_79
Male,2.2603390200006164,3,54.09409,pakistan,draw_79
Female,3.360086780530706,2,54.2042,pakistan,draw_79
Male,2.7649336365901793,2,54.2042,pakistan,draw_79
Female,2.588245917591334,3,54.2042,pakistan,draw_79
Male,2.255311937672383,3,54.2042,pakistan,draw_79
Female,3.3482290066475704,2,54.31431,pakistan,draw_79
Male,2.756712417525372,2,54.31431,pakistan,draw_79
Female,2.581928818810967,3,54.31431,pakistan,draw_79
Male,2.250300524545208,3,54.31431,pakistan,draw_79
Female,3.3364243695637428,2,54.42442,pakistan,draw_79
Male,2.7485243166907187,2,54.42442,pakistan,draw_79
Female,2.575631607752732,3,54.42442,pakistan,draw_79
Male,2.2453053443857787,3,54.42442,pakistan,draw_79
Female,3.324674842362596,2,54.53453,pakistan,draw_79
Male,2.7403696844264536,2,54.53453,pakistan,draw_79
Female,2.569355262523641,3,54.53453,pakistan,draw_79
Male,2.240326133409314,3,54.53453,pakistan,draw_79
Female,3.312976750292703,2,54.64464,pakistan,draw_79
Male,2.7322464665252206,2,54.64464,pakistan,draw_79
Female,2.563098236419561,3,54.64464,pakistan,draw_79
Male,2.2353620436692214,3,54.64464,pakistan,draw_79
Female,3.3013316013375484,2,54.75475,pakistan,draw_79
Male,2.7241562154060524,2,54.75475,pakistan,draw_79
Female,2.556860945222007,3,54.75475,pakistan,draw_79
Male,2.230413417121344,3,54.75475,pakistan,draw_79
Female,3.2897384585132876,2,54.86486,pakistan,draw_79
Male,2.716097165420638,2,54.86486,pakistan,draw_79
Female,2.550643073380453,3,54.86486,pakistan,draw_79
Male,2.2254802469959056,3,54.86486,pakistan,draw_79
Female,3.2781967583925544,2,54.97497,pakistan,draw_79
Male,2.7080693382375296,2,54.97497,pakistan,draw_79
Female,2.544444639135577,3,54.97497,pakistan,draw_79
Male,2.2205627546340554,3,54.97497,pakistan,draw_79
Female,3.2667042086415163,2,55.08509,pakistan,draw_79
Male,2.7000708697112,2,55.08509,pakistan,draw_79
Female,2.5382647318918425,3,55.08509,pakistan,draw_79
Male,2.2156593542392597,3,55.08509,pakistan,draw_79
Female,3.2552648937807143,2,55.1952,pakistan,draw_79
Male,2.6921042837602327,2,55.1952,pakistan,draw_79
Female,2.532104883158054,3,55.1952,pakistan,draw_79
Male,2.2107715635478185,3,55.1952,pakistan,draw_79
Female,3.243878055193133,2,55.30531,pakistan,draw_79
Male,2.6841700312027066,2,55.30531,pakistan,draw_79
Female,2.5259647329637365,3,55.30531,pakistan,draw_79
Male,2.2058992500225134,3,55.30531,pakistan,draw_79
Female,3.232542774018778,2,55.41542,pakistan,draw_79
Male,2.676265426872928,2,55.41542,pakistan,draw_79
Female,2.519844348776679,3,55.41542,pakistan,draw_79
Male,2.201040972661231,3,55.41542,pakistan,draw_79
Female,3.22125833341084,2,55.52553,pakistan,draw_79
Male,2.6683915385901313,2,55.52553,pakistan,draw_79
Female,2.5137437757044223,3,55.52553,pakistan,draw_79
Male,2.196197908466221,3,55.52553,pakistan,draw_79
Female,3.2100239455624444,2,55.63564,pakistan,draw_79
Male,2.660549070611715,2,55.63564,pakistan,draw_79
Female,2.5076622818846404,3,55.63564,pakistan,draw_79
Male,2.191369927289144,3,55.63564,pakistan,draw_79
Female,3.1988392696005685,2,55.74575,pakistan,draw_79
Male,2.6527359834529167,2,55.74575,pakistan,draw_79
Female,2.50160015034478,3,55.74575,pakistan,draw_79
Male,2.1865558915147605,3,55.74575,pakistan,draw_79
Female,3.1877042496570906,2,55.85586,pakistan,draw_79
Male,2.6449524245927067,2,55.85586,pakistan,draw_79
Female,2.495557326178476,3,55.85586,pakistan,draw_79
Male,2.1817563111590252,3,55.85586,pakistan,draw_79
Female,3.176618067260443,2,55.96597,pakistan,draw_79
Male,2.6371993642220435,2,55.96597,pakistan,draw_79
Female,2.489533485428944,3,55.96597,pakistan,draw_79
Male,2.176971737920362,3,55.96597,pakistan,draw_79
Female,3.1655837043669512,2,56.07608,pakistan,draw_79
Male,2.629476447511727,2,56.07608,pakistan,draw_79
Female,2.4835298469198794,3,56.07608,pakistan,draw_79
Male,2.1722016102009283,3,56.07608,pakistan,draw_79
Female,3.154599526938198,2,56.18619,pakistan,draw_79
Male,2.62178448387957,2,56.18619,pakistan,draw_79
Female,2.4775457698782333,3,56.18619,pakistan,draw_79
Male,2.167446342766965,3,56.18619,pakistan,draw_79
Female,3.1436672497498908,2,56.2963,pakistan,draw_79
Male,2.6141219210288797,2,56.2963,pakistan,draw_79
Female,2.4715814823719895,3,56.2963,pakistan,draw_79
Male,2.16270543992835,3,56.2963,pakistan,draw_79
Female,3.1327839724494435,2,56.40641,pakistan,draw_79
Male,2.6064895816290723,2,56.40641,pakistan,draw_79
Female,2.4656358585331035,3,56.40641,pakistan,draw_79
Male,2.1579792922364636,3,56.40641,pakistan,draw_79
Female,3.121948969036733,2,56.51652,pakistan,draw_79
Male,2.5988865273849227,2,56.51652,pakistan,draw_79
Female,2.4597088757758687,3,56.51652,pakistan,draw_79
Male,2.1532676252476453,3,56.51652,pakistan,draw_79
Female,3.1111619884378356,2,56.62663,pakistan,draw_79
Male,2.5913123886507576,2,56.62663,pakistan,draw_79
Female,2.453800458139984,3,56.62663,pakistan,draw_79
Male,2.1485702427102287,3,56.62663,pakistan,draw_79
Female,3.1004227712882377,2,56.73674,pakistan,draw_79
Male,2.583767269406756,2,56.73674,pakistan,draw_79
Female,2.447910196784094,3,56.73674,pakistan,draw_79
Male,2.1438873027947714,3,56.73674,pakistan,draw_79
Female,3.0897317620873253,2,56.84685,pakistan,draw_79
Male,2.576250423543872,2,56.84685,pakistan,draw_79
Female,2.4420384457906583,3,56.84685,pakistan,draw_79
Male,2.1392186124829715,3,56.84685,pakistan,draw_79
Female,3.079089822028316,2,56.95696,pakistan,draw_79
Male,2.5687620623871816,2,56.95696,pakistan,draw_79
Female,2.4361856618835134,3,56.95696,pakistan,draw_79
Male,2.1345636970666093,3,56.95696,pakistan,draw_79
Female,3.0684953449401506,2,57.06707,pakistan,draw_79
Male,2.561302440694031,2,57.06707,pakistan,draw_79
Female,2.430351287578162,3,57.06707,pakistan,draw_79
Male,2.1299228118815745,3,57.06707,pakistan,draw_79
Female,3.0579480521319615,2,57.17718,pakistan,draw_79
Male,2.553872232051504,2,57.17718,pakistan,draw_79
Female,2.424535198216707,3,57.17718,pakistan,draw_79
Male,2.1252964954707094,3,57.17718,pakistan,draw_79
Female,3.047448570771867,2,57.28729,pakistan,draw_79
Male,2.5464704189380076,2,57.28729,pakistan,draw_79
Female,2.4187378877117416,3,57.28729,pakistan,draw_79
Male,2.1206837941370855,3,57.28729,pakistan,draw_79
Female,3.0369979789907404,2,57.3974,pakistan,draw_79
Male,2.539097319468549,2,57.3974,pakistan,draw_79
Female,2.412959516813686,3,57.3974,pakistan,draw_79
Male,2.11608491291004,3,57.3974,pakistan,draw_79
Female,3.026593792124659,2,57.50751,pakistan,draw_79
Male,2.53175407369458,2,57.50751,pakistan,draw_79
Female,2.407199313229007,3,57.50751,pakistan,draw_79
Male,2.1115005298258684,3,57.50751,pakistan,draw_79
Female,3.0162372686229015,2,57.61762,pakistan,draw_79
Male,2.524439811206915,2,57.61762,pakistan,draw_79
Female,2.4014576968085035,3,57.61762,pakistan,draw_79
Male,2.1069299569358306,3,57.61762,pakistan,draw_79
Female,3.005926842655525,2,57.72773,pakistan,draw_79
Male,2.517153654918652,2,57.72773,pakistan,draw_79
Female,2.3957340191239016,3,57.72773,pakistan,draw_79
Male,2.1023731680509554,3,57.72773,pakistan,draw_79
Female,2.995661732891021,2,57.83784,pakistan,draw_79
Male,2.5098961255267302,2,57.83784,pakistan,draw_79
Female,2.390028234350697,3,57.83784,pakistan,draw_79
Male,2.097830167990999,3,57.83784,pakistan,draw_79
Female,2.98544182597035,2,57.94795,pakistan,draw_79
Male,2.502666611125231,2,57.94795,pakistan,draw_79
Female,2.3843403571898985,3,57.94795,pakistan,draw_79
Male,2.09330082225713,3,57.94795,pakistan,draw_79
Female,2.9752680947883765,2,58.05806,pakistan,draw_79
Male,2.4954662484927614,2,58.05806,pakistan,draw_79
Female,2.3786706802829203,3,58.05806,pakistan,draw_79
Male,2.088785441572029,3,58.05806,pakistan,draw_79
Female,2.9651397686831436,2,58.16817,pakistan,draw_79
Male,2.48829429971281,2,58.16817,pakistan,draw_79
Female,2.373019283803531,3,58.16817,pakistan,draw_79
Male,2.0842838345240167,3,58.16817,pakistan,draw_79
Female,2.955056385691557,2,58.27828,pakistan,draw_79
Male,2.481152160944898,2,58.27828,pakistan,draw_79
Female,2.3673854994490893,3,58.27828,pakistan,draw_79
Male,2.0797971021763755,3,58.27828,pakistan,draw_79
Female,2.945020606589802,2,58.38839,pakistan,draw_79
Male,2.4740368346800894,2,58.38839,pakistan,draw_79
Female,2.3617703443706954,3,58.38839,pakistan,draw_79
Male,2.0753234106682146,3,58.38839,pakistan,draw_79
Female,2.9350297224952997,2,58.4985,pakistan,draw_79
Male,2.4669482786477355,2,58.4985,pakistan,draw_79
Female,2.356172870621858,3,58.4985,pakistan,draw_79
Male,2.070863040792042,3,58.4985,pakistan,draw_79
Female,2.9250836634556676,2,58.60861,pakistan,draw_79
Male,2.459887901757368,2,58.60861,pakistan,draw_79
Female,2.3505929272242208,3,58.60861,pakistan,draw_79
Male,2.066416524698323,3,58.60861,pakistan,draw_79
Female,2.915181432215484,2,58.71872,pakistan,draw_79
Male,2.4528547708921513,2,58.71872,pakistan,draw_79
Female,2.3450302400361926,3,58.71872,pakistan,draw_79
Male,2.0619836743678213,3,58.71872,pakistan,draw_79
Female,2.9053232098358905,2,58.82883,pakistan,draw_79
Male,2.4458484661659923,2,58.82883,pakistan,draw_79
Female,2.339485055095631,3,58.82883,pakistan,draw_79
Male,2.057563815934341,3,58.82883,pakistan,draw_79
Female,2.895508533995741,2,58.93894,pakistan,draw_79
Male,2.438869774609416,2,58.93894,pakistan,draw_79
Female,2.3339574421462577,3,58.93894,pakistan,draw_79
Male,2.0531572713765,3,58.93894,pakistan,draw_79
Female,2.885737784124302,2,59.04905,pakistan,draw_79
Male,2.4319183807284355,2,59.04905,pakistan,draw_79
Female,2.3284474132634756,3,59.04905,pakistan,draw_79
Male,2.048763962017647,3,59.04905,pakistan,draw_79
Female,2.876011961560204,2,59.15916,pakistan,draw_79
Male,2.424994543255133,2,59.15916,pakistan,draw_79
Female,2.322955176984462,3,59.15916,pakistan,draw_79
Male,2.044384101130101,3,59.15916,pakistan,draw_79
Female,2.8663304059662646,2,59.26927,pakistan,draw_79
Male,2.4180976983757,2,59.26927,pakistan,draw_79
Female,2.317480596621622,3,59.26927,pakistan,draw_79
Male,2.0400176043978,3,59.26927,pakistan,draw_79
Female,2.856692297213981,2,59.37938,pakistan,draw_79
Male,2.4112272929936203,2,59.37938,pakistan,draw_79
Female,2.312023129881896,3,59.37938,pakistan,draw_79
Male,2.0356640706798133,3,59.37938,pakistan,draw_79
Female,2.8470980946527513,2,59.48949,pakistan,draw_79
Male,2.4043836888508547,2,59.48949,pakistan,draw_79
Female,2.306583020462677,3,59.48949,pakistan,draw_79
Male,2.031323959922118,3,59.48949,pakistan,draw_79
Female,2.8375452121482625,2,59.5996,pakistan,draw_79
Male,2.397567547523092,2,59.5996,pakistan,draw_79
Female,2.301159487521515,3,59.5996,pakistan,draw_79
Male,2.0269973930544025,3,59.5996,pakistan,draw_79
Female,2.828035261376359,2,59.70971,pakistan,draw_79
Male,2.390778735071765,2,59.70971,pakistan,draw_79
Female,2.2957534574685226,3,59.70971,pakistan,draw_79
Male,2.02268462462449,3,59.70971,pakistan,draw_79
Female,2.818567640460789,2,59.81982,pakistan,draw_79
Male,2.384016060482595,2,59.81982,pakistan,draw_79
Female,2.2903646664156025,3,59.81982,pakistan,draw_79
Male,2.0183845930240567,3,59.81982,pakistan,draw_79
Female,2.80914176484497,2,59.92993,pakistan,draw_79
Male,2.3772795263430653,2,59.92993,pakistan,draw_79
Female,2.284992587695122,3,59.92993,pakistan,draw_79
Male,2.014097625673162,3,59.92993,pakistan,draw_79
Female,2.7997574382671835,2,60.04004,pakistan,draw_79
Male,2.370568236665858,2,60.04004,pakistan,draw_79
Female,2.2796369176426756,3,60.04004,pakistan,draw_79
Male,2.0098234252741642,3,60.04004,pakistan,draw_79
Female,2.7904153489032946,2,60.15015,pakistan,draw_79
Male,2.363883183154122,2,60.15015,pakistan,draw_79
Female,2.2742979430128023,3,60.15015,pakistan,draw_79
Male,2.005562361341773,3,60.15015,pakistan,draw_79
Female,2.781115351876468,2,60.26026,pakistan,draw_79
Male,2.357224148901453,2,60.26026,pakistan,draw_79
Female,2.26897554525422,3,60.26026,pakistan,draw_79
Male,2.0013141224960407,3,60.26026,pakistan,draw_79
Female,2.7718556038198736,2,60.37037,pakistan,draw_79
Male,2.3505907004141045,2,60.37037,pakistan,draw_79
Female,2.2636690318211166,3,60.37037,pakistan,draw_79
Male,1.9970784181027685,3,60.37037,pakistan,draw_79
Female,2.762637907643907,2,60.48048,pakistan,draw_79
Male,2.3439829467207116,2,60.48048,pakistan,draw_79
Female,2.2583793229447084,3,60.48048,pakistan,draw_79
Male,1.9928555862474377,3,60.48048,pakistan,draw_79
Female,2.7534619844873975,2,60.59059,pakistan,draw_79
Male,2.337400419765908,2,60.59059,pakistan,draw_79
Female,2.253106368240166,3,60.59059,pakistan,draw_79
Male,1.9886451965999663,3,60.59059,pakistan,draw_79
Female,2.7443278909886697,2,60.7007,pakistan,draw_79
Male,2.3308429739267655,2,60.7007,pakistan,draw_79
Female,2.2478503762353292,3,60.7007,pakistan,draw_79
Male,1.9844468305585576,3,60.7007,pakistan,draw_79
Female,2.7352361984314633,2,60.81081,pakistan,draw_79
Male,2.3243108551060176,2,60.81081,pakistan,draw_79
Female,2.2426114625638633,3,60.81081,pakistan,draw_79
Male,1.980260835730889,3,60.81081,pakistan,draw_79
Female,2.7261852343825512,2,60.92092,pakistan,draw_79
Male,2.3178044911789795,2,60.92092,pakistan,draw_79
Female,2.237388785121734,3,60.92092,pakistan,draw_79
Male,1.9760876350504781,3,60.92092,pakistan,draw_79
Female,2.7171761195919877,2,61.03103,pakistan,draw_79
Male,2.311325497890612,2,61.03103,pakistan,draw_79
Female,2.232182858762567,3,61.03103,pakistan,draw_79
Male,1.9719283555280513,3,61.03103,pakistan,draw_79
Female,2.7082078719045395,2,61.14114,pakistan,draw_79
Male,2.3048720026081138,2,61.14114,pakistan,draw_79
Female,2.2269936168125923,3,61.14114,pakistan,draw_79
Male,1.9677821195454375,3,61.14114,pakistan,draw_79
Female,2.6992794341528974,2,61.25125,pakistan,draw_79
Male,2.2984442389360513,2,61.25125,pakistan,draw_79
Female,2.221820669050817,3,61.25125,pakistan,draw_79
Male,1.9636490492372847,3,61.25125,pakistan,draw_79
Female,2.69039121931891,2,61.36136,pakistan,draw_79
Male,2.292040737038327,2,61.36136,pakistan,draw_79
Female,2.2166638288976097,3,61.36136,pakistan,draw_79
Male,1.9595285273203424,3,61.36136,pakistan,draw_79
Female,2.6815435268416183,2,61.47147,pakistan,draw_79
Male,2.285661964485786,2,61.47147,pakistan,draw_79
Female,2.2115233269066112,3,61.47147,pakistan,draw_79
Male,1.9554204907256485,3,61.47147,pakistan,draw_79
Female,2.6727342285002127,2,61.58158,pakistan,draw_79
Male,2.279228566216654,2,61.58158,pakistan,draw_79
Female,2.2063985498091947,3,61.58158,pakistan,draw_79
Male,1.9512736550966059,3,61.58158,pakistan,draw_79
Female,2.6639642109908053,2,61.69169,pakistan,draw_79
Male,2.2727085235691447,2,61.69169,pakistan,draw_79
Female,2.2012900133464477,3,61.69169,pakistan,draw_79
Male,1.947067263876518,3,61.69169,pakistan,draw_79
Female,2.6552325842665043,2,61.8018,pakistan,draw_79
Male,2.2662158816562803,2,61.8018,pakistan,draw_79
Female,2.196197256226541,3,61.8018,pakistan,draw_79
Male,1.942875137376926,3,61.8018,pakistan,draw_79
Female,2.646538971504821,2,61.91191,pakistan,draw_79
Male,2.259748777517382,2,61.91191,pakistan,draw_79
Female,2.1911202281546585,3,61.91191,pakistan,draw_79
Male,1.938695925920469,3,61.91191,pakistan,draw_79
Female,2.637885124125861,2,62.02202,pakistan,draw_79
Male,2.253306625292005,2,62.02202,pakistan,draw_79
Female,2.186059634884486,3,62.02202,pakistan,draw_79
Male,1.9345292918388315,3,62.02202,pakistan,draw_79
Female,2.629269487813902,2,62.13213,pakistan,draw_79
Male,2.2468908535716245,2,62.13213,pakistan,draw_79
Female,2.181014763384105,3,62.13213,pakistan,draw_79
Male,1.9303760946050983,3,62.13213,pakistan,draw_79
Female,2.6206925580142024,2,62.24224,pakistan,draw_79
Male,2.240501304986961,2,62.24224,pakistan,draw_79
Female,2.1759856441220276,3,62.24224,pakistan,draw_79
Male,1.9262360394959765,3,62.24224,pakistan,draw_79
Female,2.612154612615082,2,62.35235,pakistan,draw_79
Male,2.234135894509858,2,62.35235,pakistan,draw_79
Female,2.1709727267480003,3,62.35235,pakistan,draw_79
Male,1.9221079430033376,3,62.35235,pakistan,draw_79
Female,2.60365466544267,2,62.46246,pakistan,draw_79
Male,2.227796679622538,2,62.46246,pakistan,draw_79
Female,2.1659756491645856,3,62.46246,pakistan,draw_79
Male,1.9179930096940818,3,62.46246,pakistan,draw_79
Female,2.5951916195688645,2,62.57257,pakistan,draw_79
Male,2.221481580242672,2,62.57257,pakistan,draw_79
Female,2.160993628324472,3,62.57257,pakistan,draw_79
Male,1.9138902187617048,3,62.57257,pakistan,draw_79
Female,2.586767620091999,2,62.68268,pakistan,draw_79
Male,2.2151925234045957,2,62.68268,pakistan,draw_79
Female,2.1560276519954003,3,62.68268,pakistan,draw_79
Male,1.9098004862819233,3,62.68268,pakistan,draw_79
Female,2.578380920906193,2,62.79279,pakistan,draw_79
Male,2.20892845768134,2,62.79279,pakistan,draw_79
Female,2.151077115392978,3,62.79279,pakistan,draw_79
Male,1.9057236949202476,3,62.79279,pakistan,draw_79
Female,2.570031807715326,2,62.9029,pakistan,draw_79
Male,2.202690915464155,2,62.9029,pakistan,draw_79
Female,2.1461420693097906,3,62.9029,pakistan,draw_79
Male,1.9016606864110732,3,62.9029,pakistan,draw_79
Female,2.5617203645204327,2,63.01301,pakistan,draw_79
Male,2.19647773430539,2,63.01301,pakistan,draw_79
Female,2.1412227082466426,3,63.01301,pakistan,draw_79
Male,1.897610051297923,3,63.01301,pakistan,draw_79
Female,2.553444139342525,2,63.12312,pakistan,draw_79
Male,2.190289852419633,2,63.12312,pakistan,draw_79
Female,2.136317947807534,3,63.12312,pakistan,draw_79
Male,1.8935725550208262,3,63.12312,pakistan,draw_79
Female,2.545205538584044,2,63.23323,pakistan,draw_79
Male,2.1841268579515565,2,63.23323,pakistan,draw_79
Female,2.131428850469524,3,63.23323,pakistan,draw_79
Male,1.8895477447406521,3,63.23323,pakistan,draw_79
Female,2.5370039995378675,2,63.34334,pakistan,draw_79
Male,2.177989879306646,2,63.34334,pakistan,draw_79
Female,2.1265549633812673,3,63.34334,pakistan,draw_79
Male,1.88553627437571,3,63.34334,pakistan,draw_79
Female,2.528839288385692,2,63.45345,pakistan,draw_79
Male,2.1718778828655574,2,63.45345,pakistan,draw_79
Female,2.1216964538303658,3,63.45345,pakistan,draw_79
Male,1.8815375196212472,3,63.45345,pakistan,draw_79
Female,2.5207093260730318,2,63.56356,pakistan,draw_79
Male,2.165790473027591,2,63.56356,pakistan,draw_79
Female,2.116852402120411,3,63.56356,pakistan,draw_79
Male,1.877550986007681,3,63.56356,pakistan,draw_79
Female,2.5126163810444546,2,63.67367,pakistan,draw_79
Male,2.159726265769358,2,63.67367,pakistan,draw_79
Female,2.112023738816937,3,63.67367,pakistan,draw_79
Male,1.8735765292918194,3,63.67367,pakistan,draw_79
Female,2.5045609807384994,2,63.78378,pakistan,draw_79
Male,2.1536867734081633,2,63.78378,pakistan,draw_79
Female,2.107210728635234,3,63.78378,pakistan,draw_79
Male,1.8696147904687184,3,63.78378,pakistan,draw_79
Female,2.496539623549037,2,63.89389,pakistan,draw_79
Male,2.1476717034593835,2,63.89389,pakistan,draw_79
Female,2.1024118468151993,3,63.89389,pakistan,draw_79
Male,1.8656653818782512,3,63.89389,pakistan,draw_79
Female,2.4885555585902814,2,64.004,pakistan,draw_79
Male,2.1416811595450214,2,64.004,pakistan,draw_79
Female,2.0976284029951806,3,64.004,pakistan,draw_79
Male,1.8617282130979482,3,64.004,pakistan,draw_79
Female,2.4806062863246345,2,64.11411,pakistan,draw_79
Male,2.135714118625953,2,64.11411,pakistan,draw_79
Female,2.092859392265912,3,64.11411,pakistan,draw_79
Male,1.8578028984135035,3,64.11411,pakistan,draw_79
Female,2.47269263820534,2,64.22422,pakistan,draw_79
Male,2.129771528650632,2,64.22422,pakistan,draw_79
Female,2.0881054020416583,3,64.22422,pakistan,draw_79
Male,1.8538902682192278,3,64.22422,pakistan,draw_79
Female,2.464814166500698,2,64.33433,pakistan,draw_79
Male,2.1238518593315354,2,64.33433,pakistan,draw_79
Female,2.083366301231532,3,64.33433,pakistan,draw_79
Male,1.8499894552057832,3,64.33433,pakistan,draw_79
Female,2.456969046382969,2,64.44444,pakistan,draw_79
Male,2.117955514798717,2,64.44444,pakistan,draw_79
Female,2.0786412637856873,3,64.44444,pakistan,draw_79
Male,1.8461008118143885,3,64.44444,pakistan,draw_79
Female,2.4491589558203595,2,64.55455,pakistan,draw_79
Male,2.112081832740182,2,64.55455,pakistan,draw_79
Female,2.0739308622286505,3,64.55455,pakistan,draw_79
Male,1.8422239688520554,3,64.55455,pakistan,draw_79
Female,2.4413828549997914,2,64.66466,pakistan,draw_79
Male,2.1062328524604816,2,64.66466,pakistan,draw_79
Female,2.0692348226282,3,64.66466,pakistan,draw_79
Male,1.8383600780076057,3,64.66466,pakistan,draw_79
Female,2.433642018547455,2,64.77477,pakistan,draw_79
Male,2.100405843117628,2,64.77477,pakistan,draw_79
Female,2.064553450454849,3,64.77477,pakistan,draw_79
Male,1.834507908674299,3,64.77477,pakistan,draw_79
Female,2.425936251177973,2,64.88488,pakistan,draw_79
Male,2.094604472578624,2,64.88488,pakistan,draw_79
Female,2.059886377641533,3,64.88488,pakistan,draw_79
Male,1.8306690193854098,3,64.88488,pakistan,draw_79
Female,2.4182660778977203,2,64.99499,pakistan,draw_79
Male,2.0888255160861955,2,64.99499,pakistan,draw_79
Female,2.0552345172799598,3,64.99499,pakistan,draw_79
Male,1.8268416014411015,3,64.99499,pakistan,draw_79
Female,2.4106291086359453,2,65.10511,pakistan,draw_79
Male,2.083069969802154,2,65.10511,pakistan,draw_79
Female,2.0505965362688046,3,65.10511,pakistan,draw_79
Male,1.8230260982712325,3,65.10511,pakistan,draw_79
Female,2.4030281120486108,2,65.21522,pakistan,draw_79
Male,2.0773382770385744,2,65.21522,pakistan,draw_79
Female,2.045973842213452,3,65.21522,pakistan,draw_79
Male,1.8192223875314382,3,65.21522,pakistan,draw_79
Female,2.3954599567524535,2,65.32533,pakistan,draw_79
Male,2.071629834983582,2,65.32533,pakistan,draw_79
Female,2.041364995446233,3,65.32533,pakistan,draw_79
Male,1.8154307183428344,3,65.32533,pakistan,draw_79
Female,2.3879262769394547,2,65.43544,pakistan,draw_79
Male,2.0659439495650367,2,65.43544,pakistan,draw_79
Female,2.0367707866780784,3,65.43544,pakistan,draw_79
Male,1.811650629701954,3,65.43544,pakistan,draw_79
Female,2.3801200373465417,2,65.54555,pakistan,draw_79
Male,2.060280743770109,2,65.54555,pakistan,draw_79
Female,2.032002884051294,3,65.54555,pakistan,draw_79
Male,1.807882212755667,3,65.54555,pakistan,draw_79
Female,2.3718390587093707,2,65.65566,pakistan,draw_79
Male,2.0546389035075743,2,65.65566,pakistan,draw_79
Female,2.026936031138726,3,65.65566,pakistan,draw_79
Male,1.8041250907768225,3,65.65566,pakistan,draw_79
Female,2.36359975937299,2,65.76577,pakistan,draw_79
Male,2.0490206437170135,2,65.76577,pakistan,draw_79
Female,2.0218868351015864,3,65.76577,pakistan,draw_79
Male,1.8003803720837452,3,65.76577,pakistan,draw_79
Female,2.3554032067256863,2,65.87588,pakistan,draw_79
Male,2.0434238106230374,2,65.87588,pakistan,draw_79
Female,2.0168560247716445,3,65.87588,pakistan,draw_79
Male,1.7966466406633155,3,65.87588,pakistan,draw_79
Female,2.3472467906583074,2,65.98599,pakistan,draw_79
Male,2.03784940370844,2,65.98599,pakistan,draw_79
Female,2.011842092769131,3,65.98599,pakistan,draw_79
Male,1.7929246622609674,3,65.98599,pakistan,draw_79
Female,2.339131139843503,2,66.0961,pakistan,draw_79
Male,2.032296776064279,2,66.0961,pakistan,draw_79
Female,2.0068454966031424,3,66.0961,pakistan,draw_79
Male,1.7892141330084397,3,66.0961,pakistan,draw_79
Female,2.3310569227462854,2,66.20621,pakistan,draw_79
Male,2.026766591785137,2,66.20621,pakistan,draw_79
Female,2.0018666423488787,3,66.20621,pakistan,draw_79
Male,1.785515298917208,3,66.20621,pakistan,draw_79
Female,2.323021848828915,2,66.31632,pakistan,draw_79
Male,2.0212595970368183,2,66.31632,pakistan,draw_79
Female,1.9969042280181195,3,66.31632,pakistan,draw_79
Male,1.7818283472138778,3,66.31632,pakistan,draw_79
Female,2.315025499018089,2,66.42643,pakistan,draw_79
Male,2.015775919019232,2,66.42643,pakistan,draw_79
Female,1.9919585707129919,3,66.42643,pakistan,draw_79
Male,1.7781536576139543,3,66.42643,pakistan,draw_79
Female,2.3070694704045085,2,66.53654,pakistan,draw_79
Male,2.0103144599857816,2,66.53654,pakistan,draw_79
Female,1.9870302365253563,3,66.53654,pakistan,draw_79
Male,1.7744903133407965,3,66.53654,pakistan,draw_79
Female,2.2991542251944415,2,66.64665,pakistan,draw_79
Male,2.004875257595313,2,66.64665,pakistan,draw_79
Female,1.9821193232899181,3,66.64665,pakistan,draw_79
Male,1.7708379078150454,3,66.64665,pakistan,draw_79
Female,2.2912773586610617,2,66.75676,pakistan,draw_79
Male,1.9994582594446133,2,66.75676,pakistan,draw_79
Female,1.9772250774106548,3,66.75676,pakistan,draw_79
Male,1.7671968629862307,3,66.75676,pakistan,draw_79
Female,2.283441425515492,2,66.86687,pakistan,draw_79
Male,1.994063227731007,2,66.86687,pakistan,draw_79
Female,1.972348736903662,3,66.86687,pakistan,draw_79
Male,1.763567096918736,3,66.86687,pakistan,draw_79
Female,2.275644541628632,2,66.97698,pakistan,draw_79
Male,1.9886901130915895,2,66.97698,pakistan,draw_79
Female,1.967489114727033,3,66.97698,pakistan,draw_79
Male,1.7599485192654263,3,66.97698,pakistan,draw_79
Female,2.267886367102523,2,67.08709,pakistan,draw_79
Male,1.9833390545129939,2,67.08709,pakistan,draw_79
Female,1.9626460413350846,3,67.08709,pakistan,draw_79
Male,1.7563414352204478,3,67.08709,pakistan,draw_79
Female,2.260168462130758,2,67.1972,pakistan,draw_79
Male,1.9780087537590403,2,67.1972,pakistan,draw_79
Female,1.9578201891774754,3,67.1972,pakistan,draw_79
Male,1.752745340982801,3,67.1972,pakistan,draw_79
Female,2.2524903006377404,2,67.30731,pakistan,draw_79
Male,1.9726989361499903,2,67.30731,pakistan,draw_79
Female,1.9530114440698672,3,67.30731,pakistan,draw_79
Male,1.7491595333589012,3,67.30731,pakistan,draw_79
Female,2.2448510980598724,2,67.41742,pakistan,draw_79
Male,1.967410780206595,2,67.41742,pakistan,draw_79
Female,1.948219444178563,3,67.41742,pakistan,draw_79
Male,1.7455847704915561,3,67.41742,pakistan,draw_79
Female,2.237250886413848,2,67.52753,pakistan,draw_79
Male,1.9621438642822542,2,67.52753,pakistan,draw_79
Female,1.943444328673049,3,67.52753,pakistan,draw_79
Male,1.742021226809609,3,67.52753,pakistan,draw_79
Female,2.2296896899353484,2,67.63764,pakistan,draw_79
Male,1.956896982066565,2,67.63764,pakistan,draw_79
Female,1.9386861929174601,3,67.63764,pakistan,draw_79
Male,1.7384683626362556,3,67.63764,pakistan,draw_79
Female,2.2221650774855277,2,67.74775,pakistan,draw_79
Male,1.9516716255951267,2,67.74775,pakistan,draw_79
Female,1.933943804273794,3,67.74775,pakistan,draw_79
Male,1.7349270169907702,3,67.74775,pakistan,draw_79
Female,2.214678899779843,2,67.85786,pakistan,draw_79
Male,1.9464674218145637,2,67.85786,pakistan,draw_79
Female,1.9292180910149987,3,67.85786,pakistan,draw_79
Male,1.731396666751472,3,67.85786,pakistan,draw_79
Female,2.2072299986976303,2,67.96797,pakistan,draw_79
Male,1.9412862368720334,2,67.96797,pakistan,draw_79
Female,1.9245086811003018,3,67.96797,pakistan,draw_79
Male,1.727878448488876,3,67.96797,pakistan,draw_79
Female,2.1998183100226893,2,68.07808,pakistan,draw_79
Male,1.936125197970379,2,68.07808,pakistan,draw_79
Female,1.9198153227543986,3,68.07808,pakistan,draw_79
Male,1.7243705375075,3,68.07808,pakistan,draw_79
Female,2.192442759741997,2,68.18819,pakistan,draw_79
Male,1.930984932041855,2,68.18819,pakistan,draw_79
Female,1.9151377961775264,3,68.18819,pakistan,draw_79
Male,1.7208737880906098,3,68.18819,pakistan,draw_79
Female,2.185104058468841,2,68.2983,pakistan,draw_79
Male,1.9258656061344281,2,68.2983,pakistan,draw_79
Female,1.9104767726419352,3,68.2983,pakistan,draw_79
Male,1.7173879785301778,3,68.2983,pakistan,draw_79
Female,2.1777998036725466,2,68.40841,pakistan,draw_79
Male,1.9207664529850872,2,68.40841,pakistan,draw_79
Female,1.9058310103827123,3,68.40841,pakistan,draw_79
Male,1.7139127522060906,3,68.40841,pakistan,draw_79
Female,2.170531230690652,2,68.51852,pakistan,draw_79
Male,1.9156881282980234,2,68.51852,pakistan,draw_79
Female,1.9012012663681275,3,68.51852,pakistan,draw_79
Male,1.7104483384785703,3,68.51852,pakistan,draw_79
Female,2.163298462439519,2,68.62863,pakistan,draw_79
Male,1.910630692250895,2,68.62863,pakistan,draw_79
Female,1.8965873707932257,3,68.62863,pakistan,draw_79
Male,1.70699507208509,3,68.62863,pakistan,draw_79
Female,2.1561023603133487,2,68.73874,pakistan,draw_79
Male,1.9055939607140508,2,68.73874,pakistan,draw_79
Female,1.891989658523094,3,68.73874,pakistan,draw_79
Male,1.703552787425663,3,68.73874,pakistan,draw_79
Female,2.1489402639796604,2,68.84885,pakistan,draw_79
Male,1.9005777332059393,2,68.84885,pakistan,draw_79
Female,1.8874068066534342,3,68.84885,pakistan,draw_79
Male,1.7001208784784994,3,68.84885,pakistan,draw_79
Female,2.1418136207455536,2,68.95896,pakistan,draw_79
Male,1.8955825973866693,2,68.95896,pakistan,draw_79
Female,1.8828396722480796,3,68.95896,pakistan,draw_79
Male,1.6967000683754598,3,68.95896,pakistan,draw_79
Female,2.1347236675258157,2,69.06907,pakistan,draw_79
Male,1.8906075650926122,2,69.06907,pakistan,draw_79
Female,1.878288821779942,3,69.06907,pakistan,draw_79
Male,1.6932899843116958,3,69.06907,pakistan,draw_79
Female,2.1276692640965225,2,69.17918,pakistan,draw_79
Male,1.885652759402077,2,69.17918,pakistan,draw_79
Female,1.8737537548390133,3,69.17918,pakistan,draw_79
Male,1.6898905729081157,3,69.17918,pakistan,draw_79
Female,2.120650128970927,2,69.28929,pakistan,draw_79
Male,1.880717660816349,2,69.28929,pakistan,draw_79
Female,1.86923441194314,3,69.28929,pakistan,draw_79
Male,1.6865013528341084,3,69.28929,pakistan,draw_79
Female,2.1136661797780394,2,69.3994,pakistan,draw_79
Male,1.8758027502974017,2,69.3994,pakistan,draw_79
Female,1.864730634432497,3,69.3994,pakistan,draw_79
Male,1.6831229845853797,3,69.3994,pakistan,draw_79
Female,2.106717988661068,2,69.50951,pakistan,draw_79
Male,1.8709068011291143,2,69.50951,pakistan,draw_79
Female,1.860242831649352,3,69.50951,pakistan,draw_79
Male,1.679754418685771,3,69.50951,pakistan,draw_79
Female,2.0998056925488306,2,69.61962,pakistan,draw_79
Male,1.8660313336446979,2,69.61962,pakistan,draw_79
Female,1.855771269778398,3,69.61962,pakistan,draw_79
Male,1.6763968693234483,3,69.61962,pakistan,draw_79
Female,2.092926423066108,2,69.72973,pakistan,draw_79
Male,1.8611747687680384,2,69.72973,pakistan,draw_79
Female,1.8513145679964857,3,69.72973,pakistan,draw_79
Male,1.6730493884166815,3,69.72973,pakistan,draw_79
Female,2.086081846957333,2,69.83984,pakistan,draw_79
Male,1.8563374338204515,2,69.83984,pakistan,draw_79
Female,1.8468733913814073,3,69.83984,pakistan,draw_79
Male,1.669712262698743,3,69.83984,pakistan,draw_79
Female,2.079270831776105,2,69.94995,pakistan,draw_79
Male,1.851520124383608,2,69.94995,pakistan,draw_79
Female,1.842447105646709,3,69.94995,pakistan,draw_79
Male,1.6663860470362792,3,69.94995,pakistan,draw_79
Female,2.0724933914376997,2,70.06006,pakistan,draw_79
Male,1.8467214132970344,2,70.06006,pakistan,draw_79
Female,1.8380361378712,3,70.06006,pakistan,draw_79
Male,1.663069858075264,3,70.06006,pakistan,draw_79
Female,2.0657500758832965,2,70.17017,pakistan,draw_79
Male,1.8419409498364896,2,70.17017,pakistan,draw_79
Female,1.833640924184123,3,70.17017,pakistan,draw_79
Male,1.6597634338010372,3,70.17017,pakistan,draw_79
Female,2.0590388573951928,2,70.28028,pakistan,draw_79
Male,1.837180385251698,2,70.28028,pakistan,draw_79
Female,1.829260152535727,3,70.28028,pakistan,draw_79
Male,1.6564674909667811,3,70.28028,pakistan,draw_79
Female,2.0523622396588057,2,70.39039,pakistan,draw_79
Male,1.83243956538653,2,70.39039,pakistan,draw_79
Female,1.824894876534518,3,70.39039,pakistan,draw_79
Male,1.6531820394330043,3,70.39039,pakistan,draw_79
Female,2.0457183250870994,2,70.5005,pakistan,draw_79
Male,1.8277169140329252,2,70.5005,pakistan,draw_79
Female,1.8205441622743128,3,70.5005,pakistan,draw_79
Male,1.6499060728574293,3,70.5005,pakistan,draw_79
Female,2.0391083097755223,2,70.61061,pakistan,draw_79
Male,1.823013291197776,2,70.61061,pakistan,draw_79
Female,1.8162087571017553,3,70.61061,pakistan,draw_79
Male,1.6466405723724395,3,70.61061,pakistan,draw_79
Female,2.0325328262276163,2,70.72072,pakistan,draw_79
Male,1.8183279586911232,2,70.72072,pakistan,draw_79
Female,1.81188877902289,3,70.72072,pakistan,draw_79
Male,1.6433847739870349,3,70.72072,pakistan,draw_79
Female,2.025988891376637,2,70.83083,pakistan,draw_79
Male,1.8136614148440506,2,70.83083,pakistan,draw_79
Female,1.807583150103027,3,70.83083,pakistan,draw_79
Male,1.6401387173941204,3,70.83083,pakistan,draw_79
Female,2.019477561104556,2,70.94094,pakistan,draw_79
Male,1.8090134938243219,2,70.94094,pakistan,draw_79
Female,1.8032926119316957,3,70.94094,pakistan,draw_79
Male,1.6369025321812232,3,70.94094,pakistan,draw_79
Female,2.012997863417409,2,71.05105,pakistan,draw_79
Male,1.804383563602488,2,71.05105,pakistan,draw_79
Female,1.7990168011728933,3,71.05105,pakistan,draw_79
Male,1.6336759323075731,3,71.05105,pakistan,draw_79
Female,2.0065493562024517,2,71.16116,pakistan,draw_79
Male,1.7997731054956216,2,71.16116,pakistan,draw_79
Female,1.7947551489580256,3,71.16116,pakistan,draw_79
Male,1.630459515765278,3,71.16116,pakistan,draw_79
Female,2.0001318011406592,2,71.27127,pakistan,draw_79
Male,1.7951823618130291,2,71.27127,pakistan,draw_79
Female,1.7905077242701462,3,71.27127,pakistan,draw_79
Male,1.6272536572511855,3,71.27127,pakistan,draw_79
Female,1.9937446082426533,2,71.38138,pakistan,draw_79
Male,1.7906087156926074,2,71.38138,pakistan,draw_79
Female,1.7862741483347735,3,71.38138,pakistan,draw_79
Male,1.6240572703872156,3,71.38138,pakistan,draw_79
Female,1.987389321401059,2,71.49149,pakistan,draw_79
Male,1.7860542237452028,2,71.49149,pakistan,draw_79
Female,1.7820553277737876,3,71.49149,pakistan,draw_79
Male,1.620871087797633,3,71.49149,pakistan,draw_79
Female,1.9810654578855529,2,71.6016,pakistan,draw_79
Male,1.7815184911584914,2,71.6016,pakistan,draw_79
Female,1.7778508624402785,3,71.6016,pakistan,draw_79
Male,1.61769486229219,3,71.6016,pakistan,draw_79
Female,1.9747736714479467,2,71.71171,pakistan,draw_79
Male,1.7770005390156463,2,71.71171,pakistan,draw_79
Female,1.7736611333139323,3,71.71171,pakistan,draw_79
Male,1.6145282879259046,3,71.71171,pakistan,draw_79
Female,1.9685141029759265,2,71.82182,pakistan,draw_79
Male,1.7725004316910984,2,71.82182,pakistan,draw_79
Female,1.7694861957360353,3,71.82182,pakistan,draw_79
Male,1.6113713050398488,3,71.82182,pakistan,draw_79
Female,1.9622866079117738,2,71.93193,pakistan,draw_79
Male,1.7680181232091419,2,71.93193,pakistan,draw_79
Female,1.7653261237603701,3,71.93193,pakistan,draw_79
Male,1.6082240385666111,3,71.93193,pakistan,draw_79
Female,1.9560910459580383,2,72.04204,pakistan,draw_79
Male,1.76355410602699,2,72.04204,pakistan,draw_79
Female,1.7611806909997845,3,72.04204,pakistan,draw_79
Male,1.605086538069162,3,72.04204,pakistan,draw_79
Female,1.949926546660333,2,72.15215,pakistan,draw_79
Male,1.7591073913213569,2,72.15215,pakistan,draw_79
Female,1.7570494899091913,3,72.15215,pakistan,draw_79
Male,1.6019584300805676,3,72.15215,pakistan,draw_79
Female,1.9437924675108926,2,72.26226,pakistan,draw_79
Male,1.7546784067273749,2,72.26226,pakistan,draw_79
Female,1.7529323087667565,3,72.26226,pakistan,draw_79
Male,1.598839779203694,3,72.26226,pakistan,draw_79
Female,1.9376893710972942,2,72.37237,pakistan,draw_79
Male,1.7502668245030453,2,72.37237,pakistan,draw_79
Female,1.7488295457169,3,72.37237,pakistan,draw_79
Male,1.595730772537912,3,72.37237,pakistan,draw_79
Female,1.9316168795834814,2,72.48248,pakistan,draw_79
Male,1.745873000485268,2,72.48248,pakistan,draw_79
Female,1.744741024997398,3,72.48248,pakistan,draw_79
Male,1.5926314993672268,3,72.48248,pakistan,draw_79
Female,1.9255740542823359,2,72.59259,pakistan,draw_79
Male,1.7414957438232337,2,72.59259,pakistan,draw_79
Female,1.7406661377723802,3,72.59259,pakistan,draw_79
Male,1.5895411097628496,3,72.59259,pakistan,draw_79
Female,1.919561646809513,2,72.7027,pakistan,draw_79
Male,1.7371360362987114,2,72.7027,pakistan,draw_79
Female,1.7366052598820645,3,72.7027,pakistan,draw_79
Male,1.5864602931797813,3,72.7027,pakistan,draw_79
Female,1.913579141663957,2,72.81281,pakistan,draw_79
Male,1.7327943252565396,2,72.81281,pakistan,draw_79
Female,1.7325583313403157,3,72.81281,pakistan,draw_79
Male,1.5833890073208363,3,72.81281,pakistan,draw_79
Female,1.9076258564527622,2,72.92292,pakistan,draw_79
Male,1.728469806449642,2,72.92292,pakistan,draw_79
Female,1.7285248809263156,3,72.92292,pakistan,draw_79
Male,1.580327125129824,3,72.92292,pakistan,draw_79
Female,1.9017027265421946,2,73.03303,pakistan,draw_79
Male,1.724163132508803,2,73.03303,pakistan,draw_79
Female,1.7245053235769574,3,73.03303,pakistan,draw_79
Male,1.5772750442537888,3,73.03303,pakistan,draw_79
Female,1.895808628632835,2,73.14314,pakistan,draw_79
Male,1.719873720828538,2,73.14314,pakistan,draw_79
Female,1.7204995069011126,3,73.14314,pakistan,draw_79
Male,1.5742323191450769,3,73.14314,pakistan,draw_79
Female,1.8899451627362085,2,73.25325,pakistan,draw_79
Male,1.7156012357073556,2,73.25325,pakistan,draw_79
Female,1.7165081719103503,3,73.25325,pakistan,draw_79
Male,1.5711986766617785,3,73.25325,pakistan,draw_79
Female,1.8841108388842034,2,73.36336,pakistan,draw_79
Male,1.7113456949586234,2,73.36336,pakistan,draw_79
Female,1.712530620543026,3,73.36336,pakistan,draw_79
Male,1.5681742734155069,3,73.36336,pakistan,draw_79
Female,1.8783054717957763,2,73.47347,pakistan,draw_79
Male,1.7071071464880996,2,73.47347,pakistan,draw_79
Female,1.7085669615192616,3,73.47347,pakistan,draw_79
Male,1.5651591836226801,3,73.47347,pakistan,draw_79
Female,1.8725284390789672,2,73.58358,pakistan,draw_79
Male,1.7028860776022297,2,73.58358,pakistan,draw_79
Female,1.7046168315956793,3,73.58358,pakistan,draw_79
Male,1.5621537394722294,3,73.58358,pakistan,draw_79
Female,1.8667789671940351,2,73.69369,pakistan,draw_79
Male,1.6986826335161784,2,73.69369,pakistan,draw_79
Female,1.7006796540265494,3,73.69369,pakistan,draw_79
Male,1.5591577848839908,3,73.69369,pakistan,draw_79
Female,1.8610574322465723,2,73.8038,pakistan,draw_79
Male,1.694495841383272,2,73.8038,pakistan,draw_79
Female,1.6967557555260142,3,73.8038,pakistan,draw_79
Male,1.5561709850016405,3,73.8038,pakistan,draw_79
Female,1.855363370427523,2,73.91391,pakistan,draw_79
Male,1.6903258590678012,2,73.91391,pakistan,draw_79
Female,1.6928447158485942,3,73.91391,pakistan,draw_79
Male,1.5531935717929835,3,73.91391,pakistan,draw_79
Female,1.849697877633374,2,74.02402,pakistan,draw_79
Male,1.6861732337418747,2,74.02402,pakistan,draw_79
Female,1.688947384551674,3,74.02402,pakistan,draw_79
Male,1.550225418105697,3,74.02402,pakistan,draw_79
Female,1.8440599418278354,2,74.13413,pakistan,draw_79
Male,1.6820368455787305,2,74.13413,pakistan,draw_79
Female,1.685063035837288,3,74.13413,pakistan,draw_79
Male,1.5472659552531431,3,74.13413,pakistan,draw_79
Female,1.8384492585292762,2,74.24424,pakistan,draw_79
Male,1.6779175338690333,2,74.24424,pakistan,draw_79
Female,1.681191619448206,3,74.24424,pakistan,draw_79
Male,1.5443159699451523,3,74.24424,pakistan,draw_79
Female,1.832866362555072,2,74.35435,pakistan,draw_79
Male,1.673814238514513,2,74.35435,pakistan,draw_79
Female,1.6773334842113303,3,74.35435,pakistan,draw_79
Male,1.5413748768684605,3,74.35435,pakistan,draw_79
Female,1.827311088207782,2,74.46446,pakistan,draw_79
Male,1.6697268573873947,2,74.46446,pakistan,draw_79
Female,1.6734885974896243,3,74.46446,pakistan,draw_79
Male,1.5384422427529436,3,74.46446,pakistan,draw_79
Female,1.8217825977016298,2,74.57457,pakistan,draw_79
Male,1.6656558031452926,2,74.57457,pakistan,draw_79
Female,1.6696564073407383,3,74.57457,pakistan,draw_79
Male,1.535518674609087,3,74.57457,pakistan,draw_79
Female,1.816280525562868,2,74.68468,pakistan,draw_79
Male,1.6616012746455837,2,74.68468,pakistan,draw_79
Female,1.6658368949450584,3,74.68468,pakistan,draw_79
Male,1.532603811496792,3,74.68468,pakistan,draw_79
Female,1.8108055625752562,2,74.79479,pakistan,draw_79
Male,1.657562593610827,2,74.79479,pakistan,draw_79
Female,1.6620305434055511,3,74.79479,pakistan,draw_79
Male,1.5296973841615327,3,74.79479,pakistan,draw_79
Female,1.805357508138311,2,74.9049,pakistan,draw_79
Male,1.65354052430624,2,74.9049,pakistan,draw_79
Female,1.6582369483644683,3,74.9049,pakistan,draw_79
Male,1.5267999804742687,3,74.9049,pakistan,draw_79
Female,1.7999369299805588,2,75.01502,pakistan,draw_79
Male,1.6495359039722701,2,75.01502,pakistan,draw_79
Female,1.6544562774425706,3,75.01502,pakistan,draw_79
Male,1.5239118772625742,3,75.01502,pakistan,draw_79
Female,1.794544409612194,2,75.12513,pakistan,draw_79
Male,1.6455476960157522,2,75.12513,pakistan,draw_79
Female,1.6506891906352805,3,75.12513,pakistan,draw_79
Male,1.5210327892471278,3,75.12513,pakistan,draw_79
Female,1.7891801636161728,2,75.23524,pakistan,draw_79
Male,1.6415755744233282,2,75.23524,pakistan,draw_79
Female,1.6469358144977437,3,75.23524,pakistan,draw_79
Male,1.5181624676934575,3,75.23524,pakistan,draw_79
Female,1.783842727324652,2,75.34535,pakistan,draw_79
Male,1.6376199628104335,2,75.34535,pakistan,draw_79
Female,1.643195291388329,3,75.34535,pakistan,draw_79
Male,1.5153011477570557,3,75.34535,pakistan,draw_79
Female,1.7785308332264624,2,75.45546,pakistan,draw_79
Male,1.633680005734263,2,75.45546,pakistan,draw_79
Female,1.6394672333436429,3,75.45546,pakistan,draw_79
Male,1.5124485723334369,3,75.45546,pakistan,draw_79
Female,1.7732448904155422,2,75.56557,pakistan,draw_79
Male,1.6297571173235366,2,75.56557,pakistan,draw_79
Female,1.635751626188099,3,75.56557,pakistan,draw_79
Male,1.5096053002987104,3,75.56557,pakistan,draw_79
Female,1.7679840454600786,2,75.67568,pakistan,draw_79
Male,1.6258490840782238,2,75.67568,pakistan,draw_79
Female,1.6320478380159895,3,75.67568,pakistan,draw_79
Male,1.5067700496713903,3,75.67568,pakistan,draw_79
Female,1.7627487553941046,2,75.78579,pakistan,draw_79
Male,1.621956720057287,2,75.78579,pakistan,draw_79
Female,1.6283562715171462,3,75.78579,pakistan,draw_79
Male,1.5039435350214347,3,75.78579,pakistan,draw_79
Female,1.7575402741206505,2,75.8959,pakistan,draw_79
Male,1.6180797401194755,2,75.8959,pakistan,draw_79
Female,1.6246775287018989,3,75.8959,pakistan,draw_79
Male,1.5011256879903379,3,75.8959,pakistan,draw_79
Female,1.7523561181465843,2,76.00601,pakistan,draw_79
Male,1.6142178982521926,2,76.00601,pakistan,draw_79
Female,1.6210105606784817,3,76.00601,pakistan,draw_79
Male,1.4983159984295409,3,76.00601,pakistan,draw_79
Female,1.747196997744421,2,76.11612,pakistan,draw_79
Male,1.6103724224090687,2,76.11612,pakistan,draw_79
Female,1.6173557869621054,3,76.11612,pakistan,draw_79
Male,1.495515282116812,3,76.11612,pakistan,draw_79
Female,1.7420627946761105,2,76.22623,pakistan,draw_79
Male,1.6065411517908585,2,76.22623,pakistan,draw_79
Female,1.6137132132226808,3,76.22623,pakistan,draw_79
Male,1.492722367981186,3,76.22623,pakistan,draw_79
Female,1.7369544285499814,2,76.33634,pakistan,draw_79
Male,1.602726701006999,2,76.33634,pakistan,draw_79
Female,1.6100830063660803,3,76.33634,pakistan,draw_79
Male,1.4899385361344346,3,76.33634,pakistan,draw_79
Female,1.7318710842400007,2,76.44645,pakistan,draw_79
Male,1.5989275891502157,2,76.44645,pakistan,draw_79
Female,1.6064649087975142,3,76.44645,pakistan,draw_79
Male,1.4871630605847908,3,76.44645,pakistan,draw_79
Female,1.726813620721486,2,76.55656,pakistan,draw_79
Male,1.595144404405228,2,76.55656,pakistan,draw_79
Female,1.6028593273559755,3,76.55656,pakistan,draw_79
Male,1.4843965177276432,3,76.55656,pakistan,draw_79
Female,1.721781096665022,2,76.66667,pakistan,draw_79
Male,1.5913768872782863,2,76.66667,pakistan,draw_79
Female,1.5992660112017294,3,76.66667,pakistan,draw_79
Male,1.4816383601912155,3,76.66667,pakistan,draw_79
Female,1.716773493810235,2,76.77678,pakistan,draw_79
Male,1.587625733964935,2,76.77678,pakistan,draw_79
Female,1.5956849523801473,3,76.77678,pakistan,draw_79
Male,1.4788894205155174,3,76.77678,pakistan,draw_79
Female,1.7117908707730314,2,76.88689,pakistan,draw_79
Male,1.5838891137782294,2,76.88689,pakistan,draw_79
Female,1.5921160275937585,3,76.88689,pakistan,draw_79
Male,1.4761487753493097,3,76.88689,pakistan,draw_79
Female,1.7068327391768394,2,76.997,pakistan,draw_79
Male,1.5801676778430849,2,76.997,pakistan,draw_79
Female,1.5885592611282024,3,76.997,pakistan,draw_79
Male,1.473416801263331,3,76.997,pakistan,draw_79
Female,1.7018992331358116,2,77.10711,pakistan,draw_79
Male,1.5764607511856026,2,77.10711,pakistan,draw_79
Female,1.5850145619405813,3,77.10711,pakistan,draw_79
Male,1.4706931243354626,3,77.10711,pakistan,draw_79
Female,1.6969888487988725,2,77.21722,pakistan,draw_79
Male,1.5727681049171356,2,77.21722,pakistan,draw_79
Female,1.5814812014839004,3,77.21722,pakistan,draw_79
Male,1.4679773376588972,3,77.21722,pakistan,draw_79
Female,1.692103210491601,2,77.32733,pakistan,draw_79
Male,1.5690907284087172,2,77.32733,pakistan,draw_79
Female,1.5779604277690247,3,77.32733,pakistan,draw_79
Male,1.465269912747027,3,77.32733,pakistan,draw_79
Female,1.6872407345715272,2,77.43744,pakistan,draw_79
Male,1.565427202004163,2,77.43744,pakistan,draw_79
Female,1.5744512076857793,3,77.43744,pakistan,draw_79
Male,1.4625704035728182,3,77.43744,pakistan,draw_79
Female,1.6824023208060999,2,77.54755,pakistan,draw_79
Male,1.5617786930821347,2,77.54755,pakistan,draw_79
Female,1.5709539271808854,3,77.54755,pakistan,draw_79
Male,1.4598792378115297,3,77.54755,pakistan,draw_79
Female,1.6775893720992914,2,77.65766,pakistan,draw_79
Male,1.5581437709545212,2,77.65766,pakistan,draw_79
Female,1.5674695257861933,3,77.65766,pakistan,draw_79
Male,1.457195642715739,3,77.65766,pakistan,draw_79
Female,1.6727987032134017,2,77.76777,pakistan,draw_79
Male,1.5545230077366035,2,77.76777,pakistan,draw_79
Female,1.5639961309197632,3,77.76777,pakistan,draw_79
Male,1.4545202768647376,3,77.76777,pakistan,draw_79
Female,1.6680329214075977,2,77.87788,pakistan,draw_79
Male,1.550917149476237,2,77.87788,pakistan,draw_79
Female,1.5605353114963325,3,77.87788,pakistan,draw_79
Male,1.451853321890993,3,77.87788,pakistan,draw_79
Female,1.6632898855678582,2,77.98799,pakistan,draw_79
Male,1.5473249766462944,2,77.98799,pakistan,draw_79
Female,1.5570857530777205,3,77.98799,pakistan,draw_79
Male,1.449194012833985,3,77.98799,pakistan,draw_79
Female,1.6585702753176208,2,78.0981,pakistan,draw_79
Male,1.54374746537906,2,78.0981,pakistan,draw_79
Female,1.5536481167800535,3,78.0981,pakistan,draw_79
Male,1.4465426895441111,3,78.0981,pakistan,draw_79
Female,1.6538732703521857,2,78.20821,pakistan,draw_79
Male,1.5401852350002878,2,78.20821,pakistan,draw_79
Female,1.5502220318717712,3,78.20821,pakistan,draw_79
Male,1.4438999895490585,3,78.20821,pakistan,draw_79
Female,1.6491992565224527,2,78.31832,pakistan,draw_79
Male,1.53663774349139,2,78.31832,pakistan,draw_79
Female,1.5468073359223151,3,78.31832,pakistan,draw_79
Male,1.4412655718825698,3,78.31832,pakistan,draw_79
Female,1.6445480440824516,2,78.42843,pakistan,draw_79
Male,1.5331043088008356,2,78.42843,pakistan,draw_79
Female,1.54340383473903,3,78.42843,pakistan,draw_79
Male,1.4386391718501468,3,78.42843,pakistan,draw_79
Female,1.6399206257125825,2,78.53854,pakistan,draw_79
Male,1.5295842916446205,2,78.53854,pakistan,draw_79
Female,1.5400120837817628,3,78.53854,pakistan,draw_79
Male,1.4360203964778202,3,78.53854,pakistan,draw_79
Female,1.6353147761305402,2,78.64865,pakistan,draw_79
Male,1.5260788978478295,2,78.64865,pakistan,draw_79
Female,1.5366310083745902,3,78.64865,pakistan,draw_79
Male,1.4334099499761193,3,78.64865,pakistan,draw_79
Female,1.6307318683624688,2,78.75876,pakistan,draw_79
Male,1.5225876881016982,2,78.75876,pakistan,draw_79
Female,1.5332615664269418,3,78.75876,pakistan,draw_79
Male,1.430807699788762,3,78.75876,pakistan,draw_79
Female,1.6261721725864482,2,78.86887,pakistan,draw_79
Male,1.5191106128834135,2,78.86887,pakistan,draw_79
Female,1.5299040218675217,3,78.86887,pakistan,draw_79
Male,1.4282132589538294,3,78.86887,pakistan,draw_79
Female,1.6216341721987941,2,78.97898,pakistan,draw_79
Male,1.5156459108760612,2,78.97898,pakistan,draw_79
Female,1.5265575526387225,3,78.97898,pakistan,draw_79
Male,1.4256258142395015,3,78.97898,pakistan,draw_79
Female,1.6171189309754794,2,79.08909,pakistan,draw_79
Male,1.5121958887199767,2,79.08909,pakistan,draw_79
Female,1.5232222684014398,3,79.08909,pakistan,draw_79
Male,1.4230466446467591,3,79.08909,pakistan,draw_79
Female,1.6126265348155602,2,79.1992,pakistan,draw_79
Male,1.5087585546255284,2,79.1992,pakistan,draw_79
Female,1.5198983762230767,3,79.1992,pakistan,draw_79
Male,1.4204746037103286,3,79.1992,pakistan,draw_79
Female,1.6081569073948847,2,79.30931,pakistan,draw_79
Male,1.505334941769425,2,79.30931,pakistan,draw_79
Female,1.5165860031915184,3,79.30931,pakistan,draw_79
Male,1.4179101602883593,3,79.30931,pakistan,draw_79
Female,1.60370935661566,2,79.41942,pakistan,draw_79
Male,1.5019253634254088,2,79.41942,pakistan,draw_79
Female,1.51328490134846,3,79.41942,pakistan,draw_79
Male,1.415353650187838,3,79.41942,pakistan,draw_79
Female,1.5992840540321474,2,79.52953,pakistan,draw_79
Male,1.4985291381991392,2,79.52953,pakistan,draw_79
Female,1.5099950882067983,3,79.52953,pakistan,draw_79
Male,1.412804829914628,3,79.52953,pakistan,draw_79
Female,1.5948808818510425,2,79.63964,pakistan,draw_79
Male,1.4951473340685997,2,79.63964,pakistan,draw_79
Female,1.5067162302393855,3,79.63964,pakistan,draw_79
Male,1.4102637898357042,3,79.63964,pakistan,draw_79
Female,1.5904988823248407,2,79.74975,pakistan,draw_79
Male,1.4917800876079235,2,79.74975,pakistan,draw_79
Female,1.5034481825550416,3,79.74975,pakistan,draw_79
Male,1.4077306911278737,3,79.74975,pakistan,draw_79
Female,1.5861380586654654,2,79.85986,pakistan,draw_79
Male,1.488426232700177,2,79.85986,pakistan,draw_79
Female,1.5001908062237115,3,79.85986,pakistan,draw_79
Male,1.40520486189207,3,79.85986,pakistan,draw_79
Female,1.5817987447719413,2,79.96997,pakistan,draw_79
Male,1.4850859227483733,2,79.96997,pakistan,draw_79
Female,1.4969443200766386,3,79.96997,pakistan,draw_79
Male,1.4026866701899416,3,79.96997,pakistan,draw_79
Female,1.577479445959722,2,80.08008,pakistan,draw_79
Male,1.4817596614896222,2,80.08008,pakistan,draw_79
Female,1.4937077307889532,3,80.08008,pakistan,draw_79
Male,1.400176397678094,3,80.08008,pakistan,draw_79
Female,1.5731817698447361,2,80.19019,pakistan,draw_79
Male,1.478446568390622,2,80.19019,pakistan,draw_79
Female,1.490482194792451,3,80.19019,pakistan,draw_79
Male,1.3976737993014294,3,80.19019,pakistan,draw_79
Female,1.5689057439011713,2,80.3003,pakistan,draw_79
Male,1.4751474832088496,2,80.3003,pakistan,draw_79
Female,1.4872679660058536,3,80.3003,pakistan,draw_79
Male,1.3951790893666598,3,80.3003,pakistan,draw_79
Female,1.5646498573293326,2,80.41041,pakistan,draw_79
Male,1.4718607361550107,2,80.41041,pakistan,draw_79
Female,1.4840640297312429,3,80.41041,pakistan,draw_79
Male,1.39269130098987,3,80.41041,pakistan,draw_79
Female,1.560415262631619,2,80.52052,pakistan,draw_79
Male,1.4685886583188321,2,80.52052,pakistan,draw_79
Female,1.4808709802385038,3,80.52052,pakistan,draw_79
Male,1.3902116258541586,3,80.52052,pakistan,draw_79
Female,1.556201575761576,2,80.63063,pakistan,draw_79
Male,1.465330306585298,2,80.63063,pakistan,draw_79
Female,1.4776887177843365,3,80.63063,pakistan,draw_79
Male,1.3877395482812858,3,80.63063,pakistan,draw_79
Female,1.5520095096429918,2,80.74074,pakistan,draw_79
Male,1.4620845686034905,2,80.74074,pakistan,draw_79
Female,1.4745174726218417,3,80.74074,pakistan,draw_79
Male,1.385274450497152,3,80.74074,pakistan,draw_79
Female,1.5478368722780578,2,80.85085,pakistan,draw_79
Male,1.4588514709861662,2,80.85085,pakistan,draw_79
Female,1.4713562867263756,3,80.85085,pakistan,draw_79
Male,1.3828163655574761,3,80.85085,pakistan,draw_79
Female,1.5436847341656825,2,80.96096,pakistan,draw_79
Male,1.4556316615205254,2,80.96096,pakistan,draw_79
Female,1.4682055585059894,3,80.96096,pakistan,draw_79
Male,1.3803658173915256,3,80.96096,pakistan,draw_79
Female,1.539553951691583,2,81.07107,pakistan,draw_79
Male,1.4524253763122699,2,81.07107,pakistan,draw_79
Female,1.465065842666743,3,81.07107,pakistan,draw_79
Male,1.3779228218015995,3,81.07107,pakistan,draw_79
Female,1.5354426921374444,2,81.18118,pakistan,draw_79
Male,1.4492320672471475,2,81.18118,pakistan,draw_79
Female,1.461935958679335,3,81.18118,pakistan,draw_79
Male,1.375486870479832,3,81.18118,pakistan,draw_79
Female,1.5313521357501807,2,81.29129,pakistan,draw_79
Male,1.4460520498626517,2,81.29129,pakistan,draw_79
Female,1.4588168968758888,3,81.29129,pakistan,draw_79
Male,1.37305817279741,3,81.29129,pakistan,draw_79
Female,1.527281392743778,2,81.4014,pakistan,draw_79
Male,1.4428845907785866,2,81.4014,pakistan,draw_79
Female,1.4557082119298952,3,81.4014,pakistan,draw_79
Male,1.370636736887763,3,81.4014,pakistan,draw_79
Female,1.5232305768961447,2,81.51151,pakistan,draw_79
Male,1.439729999247109,2,81.51151,pakistan,draw_79
Female,1.4526101604816954,3,81.51151,pakistan,draw_79
Male,1.368222449134661,3,81.51151,pakistan,draw_79
Female,1.5191992398656207,2,81.62162,pakistan,draw_79
Male,1.4365890506605816,2,81.62162,pakistan,draw_79
Female,1.4495222461349888,3,81.62162,pakistan,draw_79
Male,1.3658156209321919,3,81.62162,pakistan,draw_79
Female,1.5151867149069216,2,81.73173,pakistan,draw_79
Male,1.4334611583447345,2,81.73173,pakistan,draw_79
Female,1.4464440496389157,3,81.73173,pakistan,draw_79
Male,1.363416303834353,3,81.73173,pakistan,draw_79
Female,1.511193315072765,2,81.84184,pakistan,draw_79
Male,1.4303459477788616,2,81.84184,pakistan,draw_79
Female,1.4433759988211432,3,81.84184,pakistan,draw_79
Male,1.3610241185933458,3,81.84184,pakistan,draw_79
Female,1.5072187879068473,2,81.95195,pakistan,draw_79
Male,1.427243608028368,2,81.95195,pakistan,draw_79
Female,1.4403179048082073,3,81.95195,pakistan,draw_79
Male,1.358639311807555,3,81.95195,pakistan,draw_79
Female,1.5032650009636548,2,82.06206,pakistan,draw_79
Male,1.4241526547461123,2,82.06206,pakistan,draw_79
Female,1.43727063892218,3,82.06206,pakistan,draw_79
Male,1.3562610593587967,3,82.06206,pakistan,draw_79
Female,1.4993303293727194,2,82.17217,pakistan,draw_79
Male,1.421074213746659,2,82.17217,pakistan,draw_79
Female,1.4342333817340667,3,82.17217,pakistan,draw_79
Male,1.3538898356859048,3,82.17217,pakistan,draw_79
Female,1.4954148857386635,2,82.28228,pakistan,draw_79
Male,1.4180082662772364,2,82.28228,pakistan,draw_79
Female,1.431206101164361,3,82.28228,pakistan,draw_79
Male,1.3515257166312282,3,82.28228,pakistan,draw_79
Female,1.4915195279669933,2,82.39239,pakistan,draw_79
Male,1.4149538010430254,2,82.39239,pakistan,draw_79
Female,1.4281892345674374,3,82.39239,pakistan,draw_79
Male,1.3491681882085402,3,82.39239,pakistan,draw_79
Female,1.487641764306399,2,82.5025,pakistan,draw_79
Male,1.4119126584598383,2,82.5025,pakistan,draw_79
Female,1.4251813757712628,3,82.5025,pakistan,draw_79
Male,1.34681812046735,3,82.5025,pakistan,draw_79
Female,1.4837820422316614,2,82.61261,pakistan,draw_79
Male,1.4088832798356699,2,82.61261,pakistan,draw_79
Female,1.4221831720217757,3,82.61261,pakistan,draw_79
Male,1.3444747239666885,3,82.61261,pakistan,draw_79
Female,1.479940660056736,2,82.72272,pakistan,draw_79
Male,1.405866860785166,2,82.72272,pakistan,draw_79
Female,1.4191947043482582,3,82.72272,pakistan,draw_79
Male,1.342138446747222,3,82.72272,pakistan,draw_79
Female,1.476117508982893,2,82.83283,pakistan,draw_79
Male,1.4028615995478604,2,82.83283,pakistan,draw_79
Female,1.4162159108470078,3,82.83283,pakistan,draw_79
Male,1.3398086304145624,3,82.83283,pakistan,draw_79
Female,1.4723129696625747,2,82.94294,pakistan,draw_79
Male,1.39986944464605,2,82.94294,pakistan,draw_79
Female,1.413246841141953,3,82.94294,pakistan,draw_79
Male,1.3374863396575694,3,82.94294,pakistan,draw_79
Female,1.468526511078662,2,83.05305,pakistan,draw_79
Male,1.396889947108738,2,83.05305,pakistan,draw_79
Female,1.4102873148694846,3,83.05305,pakistan,draw_79
Male,1.335171262796909,3,83.05305,pakistan,draw_79
Female,1.4647597130429748,2,83.16316,pakistan,draw_79
Male,1.3939227833333412,2,83.16316,pakistan,draw_79
Female,1.4073384359971082,3,83.16316,pakistan,draw_79
Male,1.3328632602759036,3,83.16316,pakistan,draw_79
Female,1.4610096627301798,2,83.27327,pakistan,draw_79
Male,1.3909678253544864,2,83.27327,pakistan,draw_79
Female,1.4043985644391481,3,83.27327,pakistan,draw_79
Male,1.3305622054303248,3,83.27327,pakistan,draw_79
Female,1.4572795665136975,2,83.38338,pakistan,draw_79
Male,1.3880246216737615,2,83.38338,pakistan,draw_79
Female,1.4014692880716284,3,83.38338,pakistan,draw_79
Male,1.328267846377103,3,83.38338,pakistan,draw_79
Female,1.4535679956110987,2,83.49349,pakistan,draw_79
Male,1.3850931492967995,2,83.49349,pakistan,draw_79
Female,1.3985497218327136,3,83.49349,pakistan,draw_79
Male,1.3259801936099234,3,83.49349,pakistan,draw_79
Female,1.4498747644905592,2,83.6036,pakistan,draw_79
Male,1.3821741285597184,2,83.6036,pakistan,draw_79
Female,1.395640381541741,3,83.6036,pakistan,draw_79
Male,1.323699679572942,3,83.6036,pakistan,draw_79
Female,1.4461995367988334,2,83.71371,pakistan,draw_79
Male,1.379267879504171,2,83.71371,pakistan,draw_79
Female,1.392741391870924,3,83.71371,pakistan,draw_79
Male,1.3214263793217464,3,83.71371,pakistan,draw_79
Female,1.4425420350530072,2,83.82382,pakistan,draw_79
Male,1.3763728027057776,2,83.82382,pakistan,draw_79
Female,1.3898523759785542,3,83.82382,pakistan,draw_79
Male,1.3191595120018407,3,83.82382,pakistan,draw_79
Female,1.4389024054120583,2,83.93393,pakistan,draw_79
Male,1.373490009054502,2,83.93393,pakistan,draw_79
Female,1.3869733046765422,3,83.93393,pakistan,draw_79
Male,1.3168997172763621,3,83.93393,pakistan,draw_79
Female,1.4352816093430312,2,84.04404,pakistan,draw_79
Male,1.3706187021832719,2,84.04404,pakistan,draw_79
Female,1.3841047690499482,3,84.04404,pakistan,draw_79
Male,1.3146463628090401,3,84.04404,pakistan,draw_79
Female,1.431678065578982,2,84.15415,pakistan,draw_79
Male,1.3677597917677375,2,84.15415,pakistan,draw_79
Female,1.381245791492742,3,84.15415,pakistan,draw_79
Male,1.312399993865968,3,84.15415,pakistan,draw_79
Female,1.4280929358617658,2,84.26426,pakistan,draw_79
Male,1.3649124350883142,2,84.26426,pakistan,draw_79
Female,1.3783970185601075,3,84.26426,pakistan,draw_79
Male,1.3101601540129422,3,84.26426,pakistan,draw_79
Female,1.424525935900867,2,84.37437,pakistan,draw_79
Male,1.362076390266252,2,84.37437,pakistan,draw_79
Female,1.3755583029627922,3,84.37437,pakistan,draw_79
Male,1.30792677649593,3,84.37437,pakistan,draw_79
Female,1.420976918262318,2,84.48448,pakistan,draw_79
Male,1.3592524228575638,2,84.48448,pakistan,draw_79
Female,1.372729656590642,3,84.48448,pakistan,draw_79
Male,1.305700134673169,3,84.48448,pakistan,draw_79
Female,1.4174440285663237,2,84.59459,pakistan,draw_79
Male,1.3564406522739203,2,84.59459,pakistan,draw_79
Female,1.3699103853253844,3,84.59459,pakistan,draw_79
Male,1.3034802879188738,3,84.59459,pakistan,draw_79
Female,1.4139273374801877,2,84.7047,pakistan,draw_79
Male,1.3536404047580144,2,84.7047,pakistan,draw_79
Female,1.3671006104244816,3,84.7047,pakistan,draw_79
Male,1.3012671121024832,3,84.7047,pakistan,draw_79
Female,1.4104285575330882,2,84.81481,pakistan,draw_79
Male,1.3508518970751386,2,84.81481,pakistan,draw_79
Female,1.364301189026827,3,84.81481,pakistan,draw_79
Male,1.2990608968624664,3,84.81481,pakistan,draw_79
Female,1.4069481059965532,2,84.92492,pakistan,draw_79
Male,1.3480759474425275,2,84.92492,pakistan,draw_79
Female,1.361512277098683,3,84.92492,pakistan,draw_79
Male,1.2968622403627423,3,84.92492,pakistan,draw_79
Female,1.4034843434108173,2,85.03504,pakistan,draw_79
Male,1.345311980546249,2,85.03504,pakistan,draw_79
Female,1.3587328289837703,3,85.03504,pakistan,draw_79
Male,1.2946704662837467,3,85.03504,pakistan,draw_79
Female,1.4000387190038743,2,85.14515,pakistan,draw_79
Male,1.3425607075027859,2,85.14515,pakistan,draw_79
Female,1.3559644962344712,3,85.14515,pakistan,draw_79
Male,1.2924862871273293,3,85.14515,pakistan,draw_79
Female,1.39661188256653,2,85.25526,pakistan,draw_79
Male,1.339821423033593,2,85.25526,pakistan,draw_79
Female,1.3532076531828727,3,85.25526,pakistan,draw_79
Male,1.2903092923000983,3,85.25526,pakistan,draw_79
Female,1.3932049022930817,2,85.36537,pakistan,draw_79
Male,1.3370952537222267,2,85.36537,pakistan,draw_79
Female,1.350462933695074,3,85.36537,pakistan,draw_79
Male,1.2881402379255242,3,85.36537,pakistan,draw_79
Female,1.3898160523708105,2,85.47548,pakistan,draw_79
Male,1.3343815868196347,2,85.47548,pakistan,draw_79
Female,1.347729173308732,3,85.47548,pakistan,draw_79
Male,1.2859788486130146,3,85.47548,pakistan,draw_79
Female,1.3864452896389106,2,85.58559,pakistan,draw_79
Male,1.3316813583362705,2,85.58559,pakistan,draw_79
Female,1.3450066026130336,3,85.58559,pakistan,draw_79
Male,1.283825645467409,3,85.58559,pakistan,draw_79
Female,1.3830933198521609,2,85.6957,pakistan,draw_79
Male,1.328993432610702,2,85.6957,pakistan,draw_79
Female,1.342295510686931,3,85.6957,pakistan,draw_79
Male,1.2816800664157308,3,85.6957,pakistan,draw_79
Female,1.379759029710977,2,85.80581,pakistan,draw_79
Male,1.3263185749503876,2,85.80581,pakistan,draw_79
Female,1.3395951911919062,3,85.80581,pakistan,draw_79
Male,1.279542570839337,3,85.80581,pakistan,draw_79
Female,1.3764441441279545,2,85.91592,pakistan,draw_79
Male,1.3236571165708988,2,85.91592,pakistan,draw_79
Female,1.3369068265165762,3,85.91592,pakistan,draw_79
Male,1.2774132364743587,3,85.91592,pakistan,draw_79
Female,1.3731483333397643,2,86.02603,pakistan,draw_79
Male,1.3210091584121055,2,86.02603,pakistan,draw_79
Female,1.3342303630656596,3,86.02603,pakistan,draw_79
Male,1.2752922487192107,3,86.02603,pakistan,draw_79
Female,1.3698715183384804,2,86.13614,pakistan,draw_79
Male,1.3183742264232272,2,86.13614,pakistan,draw_79
Female,1.331565636324021,3,86.13614,pakistan,draw_79
Male,1.2731794532093101,3,86.13614,pakistan,draw_79
Female,1.3666132727633002,2,86.24625,pakistan,draw_79
Male,1.3157523480343167,2,86.24625,pakistan,draw_79
Female,1.3289124164872304,3,86.24625,pakistan,draw_79
Male,1.2710749003426312,3,86.24625,pakistan,draw_79
Female,1.3633741011722473,2,86.35636,pakistan,draw_79
Male,1.3131441756905067,2,86.35636,pakistan,draw_79
Female,1.3262710989794615,3,86.35636,pakistan,draw_79
Male,1.2689791097910617,3,86.35636,pakistan,draw_79
Female,1.3601550897685322,2,86.46647,pakistan,draw_79
Male,1.3105485846186726,2,86.46647,pakistan,draw_79
Female,1.3236425163847285,3,86.46647,pakistan,draw_79
Male,1.2668913592999527,3,86.46647,pakistan,draw_79
Female,1.3569551358117746,2,86.57658,pakistan,draw_79
Male,1.3079678769131462,2,86.57658,pakistan,draw_79
Female,1.3210261201784268,3,86.57658,pakistan,draw_79
Male,1.2648128520387725,3,86.57658,pakistan,draw_79
Female,1.3537754223216811,2,86.68669,pakistan,draw_79
Male,1.305400548656134,2,86.68669,pakistan,draw_79
Female,1.3184227189612856,3,86.68669,pakistan,draw_79
Male,1.2627430734612,3,86.68669,pakistan,draw_79
Female,1.3506156387973451,2,86.7968,pakistan,draw_79
Male,1.3028469108882732,2,86.7968,pakistan,draw_79
Female,1.3158320549762215,3,86.7968,pakistan,draw_79
Male,1.2606823420447926,3,86.7968,pakistan,draw_79
Female,1.3474756387853106,2,86.90691,pakistan,draw_79
Male,1.3003068339675097,2,86.90691,pakistan,draw_79
Female,1.3132539773288423,3,86.90691,pakistan,draw_79
Male,1.2586302550252964,3,86.90691,pakistan,draw_79
Female,1.344354676421163,2,87.01702,pakistan,draw_79
Male,1.2977805078025957,2,87.01702,pakistan,draw_79
Female,1.3106881637409953,3,87.01702,pakistan,draw_79
Male,1.2565870307394047,3,87.01702,pakistan,draw_79
Female,1.341252709681069,2,87.12713,pakistan,draw_79
Male,1.2952677370742312,2,87.12713,pakistan,draw_79
Female,1.3081347157915024,3,87.12713,pakistan,draw_79
Male,1.2545525646940308,3,87.12713,pakistan,draw_79
Female,1.3381687670150746,2,87.23724,pakistan,draw_79
Male,1.2927680180541468,2,87.23724,pakistan,draw_79
Female,1.3055930604232362,3,87.23724,pakistan,draw_79
Male,1.2525263747459128,3,87.23724,pakistan,draw_79
Female,1.3351039852868243,2,87.34735,pakistan,draw_79
Male,1.2902812505346588,2,87.34735,pakistan,draw_79
Female,1.3030640314229431,3,87.34735,pakistan,draw_79
Male,1.2505084987875243,3,87.34735,pakistan,draw_79
Female,1.3320582989353698,2,87.45746,pakistan,draw_79
Male,1.2878077544742565,2,87.45746,pakistan,draw_79
Female,1.30054723038379,3,87.45746,pakistan,draw_79
Male,1.2484992212201595,3,87.45746,pakistan,draw_79
Female,1.3290325232801155,2,87.56757,pakistan,draw_79
Male,1.2853474225217305,2,87.56757,pakistan,draw_79
Female,1.2980431599751077,3,87.56757,pakistan,draw_79
Male,1.2464986249738916,3,87.56757,pakistan,draw_79
Female,1.3260250401591396,2,87.67768,pakistan,draw_79
Male,1.2828997033987404,2,87.67768,pakistan,draw_79
Female,1.2955507836863867,3,87.67768,pakistan,draw_79
Male,1.2445062648970675,3,87.67768,pakistan,draw_79
Female,1.3230357370068893,2,87.78779,pakistan,draw_79
Male,1.2804649536375254,2,87.78779,pakistan,draw_79
Female,1.2930701955020838,3,87.78779,pakistan,draw_79
Male,1.2425224363450318,3,87.78779,pakistan,draw_79
Female,1.3200657049675022,2,87.8979,pakistan,draw_79
Male,1.2780435549321136,2,87.8979,pakistan,draw_79
Female,1.2906019625652794,3,87.8979,pakistan,draw_79
Male,1.240547360698587,3,87.8979,pakistan,draw_79
Female,1.3171139538625454,2,88.00801,pakistan,draw_79
Male,1.2756361498883502,2,88.00801,pakistan,draw_79
Female,1.288145713707272,3,88.00801,pakistan,draw_79
Male,1.2385815212584703,3,88.00801,pakistan,draw_79
Female,1.3141816280659384,2,88.11812,pakistan,draw_79
Male,1.273242084229489,2,88.11812,pakistan,draw_79
Female,1.2857022950084631,3,88.11812,pakistan,draw_79
Male,1.236624516644548,3,88.11812,pakistan,draw_79
Female,1.3112683412940156,2,88.22823,pakistan,draw_79
Male,1.2708623910522188,2,88.22823,pakistan,draw_79
Female,1.2832717689054411,3,88.22823,pakistan,draw_79
Male,1.2346770528465354,3,88.22823,pakistan,draw_79
Female,1.3083742006601746,2,88.33834,pakistan,draw_79
Male,1.2684957276593591,2,88.33834,pakistan,draw_79
Female,1.280854139316094,3,88.33834,pakistan,draw_79
Male,1.2327381018611707,3,88.33834,pakistan,draw_79
Female,1.3054988482832601,2,88.44845,pakistan,draw_79
Male,1.2661429792346057,2,88.44845,pakistan,draw_79
Female,1.278448965926677,3,88.44845,pakistan,draw_79
Male,1.230808312684037,3,88.44845,pakistan,draw_79
Female,1.3026414002032891,2,88.55856,pakistan,draw_79
Male,1.2638034960781483,2,88.55856,pakistan,draw_79
Female,1.2760559205845037,3,88.55856,pakistan,draw_79
Male,1.2288874199771647,3,88.55856,pakistan,draw_79
Female,1.2998038526786533,2,88.66867,pakistan,draw_79
Male,1.2614785292726505,2,88.66867,pakistan,draw_79
Female,1.273676692000119,3,88.66867,pakistan,draw_79
Male,1.2269763433309642,3,88.66867,pakistan,draw_79
Female,1.296985729118687,2,88.77878,pakistan,draw_79
Male,1.2591677286818221,2,88.77878,pakistan,draw_79
Female,1.2713109211950273,3,88.77878,pakistan,draw_79
Male,1.2250751648314036,3,88.77878,pakistan,draw_79
Female,1.2941906810823154,2,88.88889,pakistan,draw_79
Male,1.2568735298778368,2,88.88889,pakistan,draw_79
Female,1.2689610301861896,3,88.88889,pakistan,draw_79
Male,1.2231857316167607,3,88.88889,pakistan,draw_79
Female,1.2914170053318839,2,88.999,pakistan,draw_79
Male,1.2545949851205458,2,88.999,pakistan,draw_79
Female,1.2666259418676074,3,88.999,pakistan,draw_79
Male,1.2213071938097289,3,88.999,pakistan,draw_79
Female,1.2886656634501292,2,89.10911,pakistan,draw_79
Male,1.2523338600779628,2,89.10911,pakistan,draw_79
Female,1.2643066106671625,3,89.10911,pakistan,draw_79
Male,1.2194407791735906,3,89.10911,pakistan,draw_79
Female,1.2859369274194015,2,89.21922,pakistan,draw_79
Male,1.2500886680000405,2,89.21922,pakistan,draw_79
Female,1.2620035430932568,3,89.21922,pakistan,draw_79
Male,1.2175858201987393,3,89.21922,pakistan,draw_79
Female,1.2832306078433255,2,89.32933,pakistan,draw_79
Male,1.2478604254960224,2,89.32933,pakistan,draw_79
Female,1.2597166781919822,3,89.32933,pakistan,draw_79
Male,1.2157430591219105,3,89.32933,pakistan,draw_79
Female,1.2805476222216627,2,89.43944,pakistan,draw_79
Male,1.245649682526711,2,89.43944,pakistan,draw_79
Female,1.2574464559926624,3,89.43944,pakistan,draw_79
Male,1.213912777284372,3,89.43944,pakistan,draw_79
Female,1.2778874195400713,2,89.54955,pakistan,draw_79
Male,1.2434555884871317,2,89.54955,pakistan,draw_79
Female,1.2551927370850897,3,89.54955,pakistan,draw_79
Male,1.2120944678363619,3,89.54955,pakistan,draw_79
Female,1.2752511240201316,2,89.65966,pakistan,draw_79
Male,1.2412796434879618,2,89.65966,pakistan,draw_79
Female,1.2529563978995248,3,89.65966,pakistan,draw_79
Male,1.2102893865014308,3,89.65966,pakistan,draw_79
Female,1.2726378963284677,2,89.76977,pakistan,draw_79
Male,1.239121701610447,2,89.76977,pakistan,draw_79
Female,1.2507367973426153,3,89.76977,pakistan,draw_79
Male,1.2084974972043507,3,89.76977,pakistan,draw_79
Female,1.2700481644371715,2,89.87988,pakistan,draw_79
Male,1.2369805349529508,2,89.87988,pakistan,draw_79
Female,1.2485343276435932,3,89.87988,pakistan,draw_79
Male,1.2067180227935885,3,89.87988,pakistan,draw_79
Female,1.2674807875081393,2,89.98999,pakistan,draw_79
Male,1.234855975362375,2,89.98999,pakistan,draw_79
Female,1.246348226199483,3,89.98999,pakistan,draw_79
Male,1.2049507938266857,3,89.98999,pakistan,draw_79
Female,1.2649368233306277,2,90.1001,pakistan,draw_79
Male,1.232749341970954,2,90.1001,pakistan,draw_79
Female,1.244179250060009,3,90.1001,pakistan,draw_79
Male,1.203196689836183,3,90.1001,pakistan,draw_79
Female,1.2624146723935334,2,90.21021,pakistan,draw_79
Male,1.230658937329925,2,90.21021,pakistan,draw_79
Female,1.2420263550135213,3,90.21021,pakistan,draw_79
Male,1.2014545623731725,3,90.21021,pakistan,draw_79
Female,1.2599168092481132,2,90.32032,pakistan,draw_79
Male,1.2285865663739162,2,90.32032,pakistan,draw_79
Female,1.2398913156602505,3,90.32032,pakistan,draw_79
Male,1.1997260873086515,3,90.32032,pakistan,draw_79
Female,1.2574414762222534,2,90.43043,pakistan,draw_79
Male,1.2265311877949834,2,90.43043,pakistan,draw_79
Female,1.2377730530294968,3,90.43043,pakistan,draw_79
Male,1.1980105077306573,3,90.43043,pakistan,draw_79
Female,1.2549893502004679,2,90.54054,pakistan,draw_79
Male,1.2244937287080448,2,90.54054,pakistan,draw_79
Female,1.2356722193328742,3,90.54054,pakistan,draw_79
Male,1.1963083153878793,3,90.54054,pakistan,draw_79
Female,1.2525604293805632,2,90.65065,pakistan,draw_79
Male,1.2224738830209063,2,90.65065,pakistan,draw_79
Female,1.233588974447379,3,90.65065,pakistan,draw_79
Male,1.1946193658441793,3,90.65065,pakistan,draw_79
Female,1.2501541905922806,2,90.76076,pakistan,draw_79
Male,1.220472342069976,2,90.76076,pakistan,draw_79
Female,1.2315228559585778,3,90.76076,pakistan,draw_79
Male,1.1929439766938033,3,90.76076,pakistan,draw_79
Female,1.247771474140027,2,90.87087,pakistan,draw_79
Male,1.2184883019252548,2,90.87087,pakistan,draw_79
Female,1.229474470957709,3,90.87087,pakistan,draw_79
Male,1.1912817770561752,3,90.87087,pakistan,draw_79
Female,1.2454116870129326,2,90.98098,pakistan,draw_79
Male,1.2165222893691494,2,90.98098,pakistan,draw_79
Female,1.2274436242218207,3,90.98098,pakistan,draw_79
Male,1.1896332181677511,3,90.98098,pakistan,draw_79
Female,1.2430769154337327,2,91.09109,pakistan,draw_79
Male,1.214575205730232,2,91.09109,pakistan,draw_79
Female,1.2254319231341098,3,91.09109,pakistan,draw_79
Male,1.1879991473402431,3,91.09109,pakistan,draw_79
Female,1.2407645015849857,2,91.2012,pakistan,draw_79
Male,1.2126442991473625,2,91.2012,pakistan,draw_79
Female,1.2234372760822672,3,91.2012,pakistan,draw_79
Male,1.1863776400735202,3,91.2012,pakistan,draw_79
Female,1.2384735274089684,2,91.31131,pakistan,draw_79
Male,1.2107309733396359,2,91.31131,pakistan,draw_79
Female,1.2214591472868057,3,91.31131,pakistan,draw_79
Male,1.1847693865295035,3,91.31131,pakistan,draw_79
Female,1.2362053251052239,2,91.42142,pakistan,draw_79
Male,1.208834090582021,2,91.42142,pakistan,draw_79
Female,1.2194983745915615,3,91.42142,pakistan,draw_79
Male,1.1831736074409531,3,91.42142,pakistan,draw_79
Female,1.2339581313896215,2,91.53153,pakistan,draw_79
Male,1.2069540176121099,2,91.53153,pakistan,draw_79
Female,1.2175536225873567,3,91.53153,pakistan,draw_79
Male,1.181590689980561,3,91.53153,pakistan,draw_79
Female,1.231733452367397,2,91.64164,pakistan,draw_79
Male,1.205091088731566,2,91.64164,pakistan,draw_79
Female,1.2156259658414335,3,91.64164,pakistan,draw_79
Male,1.180020868004556,3,91.64164,pakistan,draw_79
Female,1.2295328626159874,2,91.75175,pakistan,draw_79
Male,1.2032473592071888,2,91.75175,pakistan,draw_79
Female,1.2137171742731752,3,91.75175,pakistan,draw_79
Male,1.1784660826546873,3,91.75175,pakistan,draw_79
Female,1.227354661991459,2,91.86186,pakistan,draw_79
Male,1.2014205953024797,2,91.86186,pakistan,draw_79
Female,1.211825767073861,3,91.86186,pakistan,draw_79
Male,1.1769246373585724,3,91.86186,pakistan,draw_79
Female,1.2251978763048954,2,91.97197,pakistan,draw_79
Male,1.199610014141295,2,91.97197,pakistan,draw_79
Female,1.2099509550913943,3,91.97197,pakistan,draw_79
Male,1.175395731691499,3,91.97197,pakistan,draw_79
Female,1.2230629294422835,2,92.08208,pakistan,draw_79
Male,1.1978162768474252,2,92.08208,pakistan,draw_79
Female,1.2080930748669536,3,92.08208,pakistan,draw_79
Male,1.1738798671714883,3,92.08208,pakistan,draw_79
Female,1.2209492367705046,2,92.19219,pakistan,draw_79
Male,1.1960393526846167,2,92.19219,pakistan,draw_79
Female,1.2062518832490876,3,92.19219,pakistan,draw_79
Male,1.1723768629182887,3,92.19219,pakistan,draw_79
Female,1.2188564612830877,2,92.3023,pakistan,draw_79
Male,1.194278887595859,2,92.3023,pakistan,draw_79
Female,1.2044272265808762,3,92.3023,pakistan,draw_79
Male,1.1708867218193366,3,92.3023,pakistan,draw_79
Female,1.2167847990235228,2,92.41241,pakistan,draw_79
Male,1.1925358967591528,2,92.41241,pakistan,draw_79
Female,1.2026193555513163,3,92.41241,pakistan,draw_79
Male,1.1694103173557286,3,92.41241,pakistan,draw_79
Female,1.214736309828385,2,92.52252,pakistan,draw_79
Male,1.190810109419338,2,92.52252,pakistan,draw_79
Female,1.2008297897300475,3,92.52252,pakistan,draw_79
Male,1.1679476790292207,3,92.52252,pakistan,draw_79
Female,1.212708680406955,2,92.63263,pakistan,draw_79
Male,1.1891005258585645,2,92.63263,pakistan,draw_79
Female,1.19905647877268,3,92.63263,pakistan,draw_79
Male,1.1664976835614946,3,92.63263,pakistan,draw_79
Female,1.2107023178244682,2,92.74274,pakistan,draw_79
Male,1.1874075988127228,2,92.74274,pakistan,draw_79
Female,1.1972996277984072,3,92.74274,pakistan,draw_79
Male,1.1650604001712823,3,92.74274,pakistan,draw_79
Female,1.2087157985809949,2,92.85285,pakistan,draw_79
Male,1.1857308247181677,2,92.85285,pakistan,draw_79
Female,1.1955584789573508,3,92.85285,pakistan,draw_79
Male,1.1636356113786257,3,92.85285,pakistan,draw_79
Female,1.2067495183341745,2,92.96296,pakistan,draw_79
Male,1.1840696132653623,2,92.96296,pakistan,draw_79
Female,1.193833409318025,3,92.96296,pakistan,draw_79
Male,1.1622230723568536,3,92.96296,pakistan,draw_79
Female,1.2048040288100539,2,93.07307,pakistan,draw_79
Male,1.1824238939049103,2,93.07307,pakistan,draw_79
Female,1.192124909007647,3,93.07307,pakistan,draw_79
Male,1.1608228277202608,3,93.07307,pakistan,draw_79
Female,1.2028807348168742,2,93.18318,pakistan,draw_79
Male,1.1807965900309294,2,93.18318,pakistan,draw_79
Female,1.1904342294421342,3,93.18318,pakistan,draw_79
Male,1.1594371156720384,3,93.18318,pakistan,draw_79
Female,1.2009780887511181,2,93.29329,pakistan,draw_79
Male,1.1791837274795178,2,93.29329,pakistan,draw_79
Female,1.1887598641836084,3,93.29329,pakistan,draw_79
Male,1.1580631543889228,3,93.29329,pakistan,draw_79
Female,1.1990950200531372,2,93.4034,pakistan,draw_79
Male,1.1775864060724421,2,93.4034,pakistan,draw_79
Female,1.1871011512468452,3,93.4034,pakistan,draw_79
Male,1.1567015134367233,3,93.4034,pakistan,draw_79
Female,1.1972303825738313,2,93.51351,pakistan,draw_79
Male,1.176004924135196,2,93.51351,pakistan,draw_79
Female,1.1854572679992315,3,93.51351,pakistan,draw_79
Male,1.1553523707846727,3,93.51351,pakistan,draw_79
Female,1.1953854308787202,2,93.62362,pakistan,draw_79
Male,1.1744375642361944,2,93.62362,pakistan,draw_79
Female,1.1838290127362596,3,93.62362,pakistan,draw_79
Male,1.154014691524361,3,93.62362,pakistan,draw_79
Female,1.193559383869881,2,93.73373,pakistan,draw_79
Male,1.1728862400685294,2,93.73373,pakistan,draw_79
Female,1.1822159731750463,3,93.73373,pakistan,draw_79
Male,1.1526895699158473,3,93.73373,pakistan,draw_79
Female,1.1917533730332737,2,93.84384,pakistan,draw_79
Male,1.1713498575410883,2,93.84384,pakistan,draw_79
Female,1.1806191088884495,3,93.84384,pakistan,draw_79
Male,1.1513767480146706,3,93.84384,pakistan,draw_79
Female,1.1899683537100352,2,93.95395,pakistan,draw_79
Male,1.1698293350207596,2,93.95395,pakistan,draw_79
Female,1.1790392504777654,3,93.95395,pakistan,draw_79
Male,1.150076841158171,3,93.95395,pakistan,draw_79
Female,1.1882015432316362,2,94.06406,pakistan,draw_79
Male,1.168324561885613,2,94.06406,pakistan,draw_79
Female,1.1774741818252579,3,94.06406,pakistan,draw_79
Male,1.1487892851836634,3,94.06406,pakistan,draw_79
Female,1.186453596296105,2,94.17417,pakistan,draw_79
Male,1.166833531983113,2,94.17417,pakistan,draw_79
Female,1.1759244025355975,3,94.17417,pakistan,draw_79
Male,1.147513028567836,3,94.17417,pakistan,draw_79
Female,1.184723420744778,2,94.28428,pakistan,draw_79
Male,1.1653575912134146,2,94.28428,pakistan,draw_79
Female,1.1743891142284468,3,94.28428,pakistan,draw_79
Male,1.1462488210549717,3,94.28428,pakistan,draw_79
Female,1.1830119030706536,2,94.39439,pakistan,draw_79
Male,1.1638961249891626,2,94.39439,pakistan,draw_79
Female,1.1728689806015036,3,94.39439,pakistan,draw_79
Male,1.144996319115894,3,94.39439,pakistan,draw_79
Female,1.1813187541750756,2,94.5045,pakistan,draw_79
Male,1.1624482918745442,2,94.5045,pakistan,draw_79
Female,1.1713637064506894,3,94.5045,pakistan,draw_79
Male,1.1437551797122438,3,94.5045,pakistan,draw_79
Female,1.1796464349458162,2,94.61461,pakistan,draw_79
Male,1.1610185867213652,2,94.61461,pakistan,draw_79
Female,1.1698757322596942,3,94.61461,pakistan,draw_79
Male,1.1425284702244292,3,94.61461,pakistan,draw_79
Female,1.1779925910906104,2,94.72472,pakistan,draw_79
Male,1.1596025272262225,2,94.72472,pakistan,draw_79
Female,1.168402805508729,3,94.72472,pakistan,draw_79
Male,1.1413130580976365,3,94.72472,pakistan,draw_79
Female,1.1763568105319917,2,94.83483,pakistan,draw_79
Male,1.1582009093126615,2,94.83483,pakistan,draw_79
Female,1.1669446354130275,3,94.83483,pakistan,draw_79
Male,1.1401093841806615,3,94.83483,pakistan,draw_79
Female,1.174739349609154,2,94.94494,pakistan,draw_79
Male,1.1568133648343362,2,94.94494,pakistan,draw_79
Female,1.1655014313535401,3,94.94494,pakistan,draw_79
Male,1.1389172817371973,3,94.94494,pakistan,draw_79
Female,1.1731394658970251,2,95.05506,pakistan,draw_79
Male,1.155440064191034,2,95.05506,pakistan,draw_79
Female,1.1640727214579027,3,95.05506,pakistan,draw_79
Male,1.1377367458124723,3,95.05506,pakistan,draw_79
Female,1.1715574123980768,2,95.16517,pakistan,draw_79
Male,1.1540808223146681,2,95.16517,pakistan,draw_79
Female,1.1626588563625193,3,95.16517,pakistan,draw_79
Male,1.1365676838598684,3,95.16517,pakistan,draw_79
Female,1.1699945392997353,2,95.27528,pakistan,draw_79
Male,1.1527367837319515,2,95.27528,pakistan,draw_79
Female,1.1612608891214662,3,95.27528,pakistan,draw_79
Male,1.1354111570332575,3,95.27528,pakistan,draw_79
Female,1.1684507290328408,2,95.38539,pakistan,draw_79
Male,1.1514074260474485,2,95.38539,pakistan,draw_79
Female,1.1598788720909283,3,95.38539,pakistan,draw_79
Male,1.1342669515593073,3,95.38539,pakistan,draw_79
Female,1.1669236924007775,2,95.4955,pakistan,draw_79
Male,1.150092515630543,2,95.4955,pakistan,draw_79
Female,1.158510861916648,3,95.4955,pakistan,draw_79
Male,1.1331344647798478,3,95.4955,pakistan,draw_79
Female,1.1654144215958677,2,95.60561,pakistan,draw_79
Male,1.1487905970628978,2,95.60561,pakistan,draw_79
Female,1.157157467683181,3,95.60561,pakistan,draw_79
Male,1.1320129303973743,3,95.60561,pakistan,draw_79
Female,1.1639223771877882,2,95.71572,pakistan,draw_79
Male,1.1475024415139412,2,95.71572,pakistan,draw_79
Female,1.15581845965777,3,95.71572,pakistan,draw_79
Male,1.1309026551683663,3,95.71572,pakistan,draw_79
Female,1.1624460614053373,2,95.82583,pakistan,draw_79
Male,1.1462276422464848,2,95.82583,pakistan,draw_79
Female,1.1544928773748497,3,95.82583,pakistan,draw_79
Male,1.1298035086469087,3,95.82583,pakistan,draw_79
Female,1.1609867233114144,2,95.93594,pakistan,draw_79
Male,1.1449662506259608,2,95.93594,pakistan,draw_79
Female,1.153181496614375,3,95.93594,pakistan,draw_79
Male,1.1287154506970376,3,95.93594,pakistan,draw_79
Female,1.15954640221781,2,96.04605,pakistan,draw_79
Male,1.143720158334762,2,96.04605,pakistan,draw_79
Female,1.1518863138705038,3,96.04605,pakistan,draw_79
Male,1.1276402585832392,3,96.04605,pakistan,draw_79
Female,1.1581229512482227,2,96.15616,pakistan,draw_79
Male,1.1424875476370528,2,96.15616,pakistan,draw_79
Female,1.1506052585618183,3,96.15616,pakistan,draw_79
Male,1.1265761792743996,3,96.15616,pakistan,draw_79
Female,1.1567154670888569,2,96.26627,pakistan,draw_79
Male,1.1412677175056394,2,96.26627,pakistan,draw_79
Female,1.1493376741446173,3,96.26627,pakistan,draw_79
Male,1.1255228232812668,3,96.26627,pakistan,draw_79
Female,1.1553243382817324,2,96.37638,pakistan,draw_79
Male,1.140061092392651,2,96.37638,pakistan,draw_79
Female,1.1480838143298608,3,96.37638,pakistan,draw_79
Male,1.1244804707973601,3,96.37638,pakistan,draw_79
Female,1.153949263995238,2,96.48649,pakistan,draw_79
Male,1.1388670563741121,2,96.48649,pakistan,draw_79
Female,1.146843454649779,3,96.48649,pakistan,draw_79
Male,1.1234486974644764,3,96.48649,pakistan,draw_79
Female,1.152589924814215,2,96.5966,pakistan,draw_79
Male,1.1376858701301547,2,96.5966,pakistan,draw_79
Female,1.1456165455057286,3,96.5966,pakistan,draw_79
Male,1.1224276821102444,3,96.5966,pakistan,draw_79
Female,1.1512473696937808,2,96.70671,pakistan,draw_79
Male,1.1365186158648417,2,96.70671,pakistan,draw_79
Female,1.1444040671902223,3,96.70671,pakistan,draw_79
Male,1.1214183841548293,3,96.70671,pakistan,draw_79
Female,1.1499221012235774,2,96.81682,pakistan,draw_79
Male,1.1353650848536498,2,96.81682,pakistan,draw_79
Female,1.143206335979422,3,96.81682,pakistan,draw_79
Male,1.1204207798312287,3,96.81682,pakistan,draw_79
Female,1.1486125578799764,2,96.92693,pakistan,draw_79
Male,1.134224062870779,2,96.92693,pakistan,draw_79
Female,1.1420220359177724,3,96.92693,pakistan,draw_79
Male,1.1194336508161118,3,96.92693,pakistan,draw_79
Female,1.1473176543026236,2,97.03704,pakistan,draw_79
Male,1.1330955191699217,2,97.03704,pakistan,draw_79
Female,1.1408505544662189,3,97.03704,pakistan,draw_79
Male,1.1184570486081218,3,97.03704,pakistan,draw_79
Female,1.1460379779124477,2,97.14715,pakistan,draw_79
Male,1.1319793290274733,2,97.14715,pakistan,draw_79
Female,1.1396921298854064,3,97.14715,pakistan,draw_79
Male,1.117490827721943,3,97.14715,pakistan,draw_79
Female,1.1447741927597381,2,97.25726,pakistan,draw_79
Male,1.1308750161732046,2,97.25726,pakistan,draw_79
Female,1.1385472314336333,3,97.25726,pakistan,draw_79
Male,1.1165348447723211,3,97.25726,pakistan,draw_79
Female,1.14352492007085,2,97.36737,pakistan,draw_79
Male,1.1297831104430773,2,97.36737,pakistan,draw_79
Female,1.1374148838389544,3,97.36737,pakistan,draw_79
Male,1.1155893187262955,3,97.36737,pakistan,draw_79
Female,1.142292528252708,2,97.47748,pakistan,draw_79
Male,1.1287057169863652,2,97.47748,pakistan,draw_79
Female,1.1362973916240142,3,97.47748,pakistan,draw_79
Male,1.114656160024902,3,97.47748,pakistan,draw_79
Female,1.1410752582960673,2,97.58759,pakistan,draw_79
Male,1.1276406426721615,2,97.58759,pakistan,draw_79
Female,1.13519296876005,3,97.58759,pakistan,draw_79
Male,1.1137334166536954,3,97.58759,pakistan,draw_79
Female,1.1398719189303552,2,97.6977,pakistan,draw_79
Male,1.126587174941788,2,97.6977,pakistan,draw_79
Female,1.1341006619337297,3,97.6977,pakistan,draw_79
Male,1.1128206249060668,3,97.6977,pakistan,draw_79
Female,1.1386834869552556,2,97.80781,pakistan,draw_79
Male,1.125545621186629,2,97.80781,pakistan,draw_79
Female,1.1330211249891904,3,97.80781,pakistan,draw_79
Male,1.111917975943646,3,97.80781,pakistan,draw_79
Female,1.1375091614849142,2,97.91792,pakistan,draw_79
Male,1.124516254100015,2,97.91792,pakistan,draw_79
Female,1.1319539233269669,3,97.91792,pakistan,draw_79
Male,1.111025687931568,3,97.91792,pakistan,draw_79
Female,1.1363489656352572,2,98.02803,pakistan,draw_79
Male,1.1234981804683573,2,98.02803,pakistan,draw_79
Female,1.130899045499061,3,98.02803,pakistan,draw_79
Male,1.110143233126899,3,98.02803,pakistan,draw_79
Female,1.1352046971063787,2,98.13814,pakistan,draw_79
Male,1.122493348693619,2,98.13814,pakistan,draw_79
Female,1.129858007145915,3,98.13814,pakistan,draw_79
Male,1.1092720125405824,3,98.13814,pakistan,draw_79
Female,1.1340756751222818,2,98.24825,pakistan,draw_79
Male,1.1215002839526065,2,98.24825,pakistan,draw_79
Female,1.1288303228338634,3,98.24825,pakistan,draw_79
Male,1.1084111740475748,3,98.24825,pakistan,draw_79
Female,1.1329598704370591,2,98.35836,pakistan,draw_79
Male,1.1205191420482778,2,98.35836,pakistan,draw_79
Female,1.127814469626368,3,98.35836,pakistan,draw_79
Male,1.107560480784363,3,98.35836,pakistan,draw_79
Female,1.1318583153207833,2,98.46847,pakistan,draw_79
Male,1.1195488500709987,2,98.46847,pakistan,draw_79
Female,1.126811052562352,3,98.46847,pakistan,draw_79
Male,1.1067193483679443,3,98.46847,pakistan,draw_79
Female,1.1307698944170865,2,98.57858,pakistan,draw_79
Male,1.1185896610064534,2,98.57858,pakistan,draw_79
Female,1.1258193554290903,3,98.57858,pakistan,draw_79
Male,1.1058878189712782,3,98.57858,pakistan,draw_79
Female,1.1296955656303613,2,98.68869,pakistan,draw_79
Male,1.1176429173265567,2,98.68869,pakistan,draw_79
Female,1.1248399231144997,3,98.68869,pakistan,draw_79
Male,1.1050666037564736,3,98.68869,pakistan,draw_79
Female,1.1286346498224835,2,98.7988,pakistan,draw_79
Male,1.1167063446778271,2,98.7988,pakistan,draw_79
Female,1.1238724397862105,3,98.7988,pakistan,draw_79
Male,1.1042545088289697,3,98.7988,pakistan,draw_79
Female,1.1275893312438336,2,98.90891,pakistan,draw_79
Male,1.1157827198207084,2,98.90891,pakistan,draw_79
Female,1.1229189585617125,3,98.90891,pakistan,draw_79
Male,1.1034536649353142,3,98.90891,pakistan,draw_79
Female,1.126557284850659,2,99.01902,pakistan,draw_79
Male,1.1148704975101955,2,99.01902,pakistan,draw_79
Female,1.1219772641423713,3,99.01902,pakistan,draw_79
Male,1.1026625425000547,3,99.01902,pakistan,draw_79
Female,1.1255383308024518,2,99.12913,pakistan,draw_79
Male,1.1139697896048082,2,99.12913,pakistan,draw_79
Female,1.121047206956799,3,99.12913,pakistan,draw_79
Male,1.1018812432543483,3,99.12913,pakistan,draw_79
Female,1.1245319788299062,2,99.23924,pakistan,draw_79
Male,1.1130792628042887,2,99.23924,pakistan,draw_79
Female,1.1201284650482084,3,99.23924,pakistan,draw_79
Male,1.1011089777133802,3,99.23924,pakistan,draw_79
Female,1.123539043878407,2,99.34935,pakistan,draw_79
Male,1.1121988089146309,2,99.34935,pakistan,draw_79
Female,1.1192215644883377,3,99.34935,pakistan,draw_79
Male,1.1003457082384231,3,99.34935,pakistan,draw_79
Female,1.122558195670702,2,99.45946,pakistan,draw_79
Male,1.111330082412593,2,99.45946,pakistan,draw_79
Female,1.118325597493457,3,99.45946,pakistan,draw_79
Male,1.0995922765952457,3,99.45946,pakistan,draw_79
Female,1.1215918354152437,2,99.56957,pakistan,draw_79
Male,1.1104723933643155,2,99.56957,pakistan,draw_79
Female,1.1174426133279485,3,99.56957,pakistan,draw_79
Male,1.0988487973868524,3,99.56957,pakistan,draw_79
Female,1.1206390704632503,2,99.67968,pakistan,draw_79
Male,1.109626695186517,2,99.67968,pakistan,draw_79
Female,1.1165718955492576,3,99.67968,pakistan,draw_79
Male,1.0981156369536056,3,99.67968,pakistan,draw_79
Female,1.1196987367860385,2,99.78979,pakistan,draw_79
Male,1.10879053751878,2,99.78979,pakistan,draw_79
Female,1.115712284347252,3,99.78979,pakistan,draw_79
Male,1.0973911746384053,3,99.78979,pakistan,draw_79
Female,1.118771272978589,2,99.8999,pakistan,draw_79
Male,1.1079652195724314,2,99.8999,pakistan,draw_79
Female,1.1148641044793892,3,99.8999,pakistan,draw_79
Male,1.0966761402129175,3,99.8999,pakistan,draw_79
Female,1.1178559239141597,2,100.01001,pakistan,draw_79
Male,1.1071500908114376,2,100.01001,pakistan,draw_79
Female,1.1140268626285343,3,100.01001,pakistan,draw_79
Male,1.0959700813753557,3,100.01001,pakistan,draw_79
Female,1.1169529554623645,2,100.12012,pakistan,draw_79
Male,1.1063456135808232,2,100.12012,pakistan,draw_79
Female,1.113200712320684,3,100.12012,pakistan,draw_79
Male,1.0952731802216626,3,100.12012,pakistan,draw_79
Female,1.1160616710049924,2,100.23023,pakistan,draw_79
Male,1.105550845675349,2,100.23023,pakistan,draw_79
Female,1.112385220737662,3,100.23023,pakistan,draw_79
Male,1.0945849319218215,3,100.23023,pakistan,draw_79
Female,1.1151825163535378,2,100.34034,pakistan,draw_79
Male,1.1047655432883263,2,100.34034,pakistan,draw_79
Female,1.111580553307082,3,100.34034,pakistan,draw_79
Male,1.0939051152548818,3,100.34034,pakistan,draw_79
Female,1.1143125083836187,2,100.45045,pakistan,draw_79
Male,1.1039881283078026,2,100.45045,pakistan,draw_79
Female,1.1107840978700296,3,100.45045,pakistan,draw_79
Male,1.0932321660973208,3,100.45045,pakistan,draw_79
Female,1.1134517931723922,2,100.56056,pakistan,draw_79
Male,1.1032191374101985,2,100.56056,pakistan,draw_79
Female,1.1099958647568233,3,100.56056,pakistan,draw_79
Male,1.0925663168484434,3,100.56056,pakistan,draw_79
Female,1.1126005014423512,2,100.67067,pakistan,draw_79
Male,1.1024563463067008,2,100.67067,pakistan,draw_79
Female,1.1092158924381155,3,100.67067,pakistan,draw_79
Male,1.0919062111373024,3,100.67067,pakistan,draw_79
Female,1.1117574555228273,2,100.78078,pakistan,draw_79
Male,1.1017010019170366,2,100.78078,pakistan,draw_79
Female,1.1084432742058123,3,100.78078,pakistan,draw_79
Male,1.0912524750366293,3,100.78078,pakistan,draw_79
Female,1.1109223415945435,2,100.89089,pakistan,draw_79
Male,1.1009531564923984,2,100.89089,pakistan,draw_79
Female,1.1076778379318126,3,100.89089,pakistan,draw_79
Male,1.0906050999872234,3,100.89089,pakistan,draw_79
Female,1.110097023254618,2,101.001,pakistan,draw_79
Male,1.1002123784757087,2,101.001,pakistan,draw_79
Female,1.1069211061259845,3,101.001,pakistan,draw_79
Male,1.0899640923538534,3,101.001,pakistan,draw_79
Female,1.109280284735392,2,101.11111,pakistan,draw_79
Male,1.0994787578009273,2,101.11111,pakistan,draw_79
Female,1.1061720717964239,3,101.11111,pakistan,draw_79
Male,1.0893293490695068,3,101.11111,pakistan,draw_79
Female,1.1084708471774245,2,101.22122,pakistan,draw_79
Male,1.0987515283810567,2,101.22122,pakistan,draw_79
Female,1.1054296155300147,3,101.22122,pakistan,draw_79
Male,1.0887001598402763,3,101.22122,pakistan,draw_79
Female,1.10766897708351,2,101.33133,pakistan,draw_79
Male,1.0980305345309747,2,101.33133,pakistan,draw_79
Female,1.1046939258748396,3,101.33133,pakistan,draw_79
Male,1.0880763833759088,3,101.33133,pakistan,draw_79
Female,1.106874661086486,2,101.44144,pakistan,draw_79
Male,1.0973161022690807,2,101.44144,pakistan,draw_79
Female,1.1039649051717453,3,101.44144,pakistan,draw_79
Male,1.087458146396102,3,101.44144,pakistan,draw_79
Female,1.106086886903436,2,101.55155,pakistan,draw_79
Male,1.0966067074209092,2,101.55155,pakistan,draw_79
Female,1.1032417874834493,3,101.55155,pakistan,draw_79
Male,1.086844482673407,3,101.55155,pakistan,draw_79
Female,1.1053061688205694,2,101.66166,pakistan,draw_79
Male,1.0959033366772584,2,101.66166,pakistan,draw_79
Female,1.1025249410231919,3,101.66166,pakistan,draw_79
Male,1.086235970487306,3,101.66166,pakistan,draw_79
Female,1.1045334331022938,2,101.77177,pakistan,draw_79
Male,1.0952065938283209,2,101.77177,pakistan,draw_79
Female,1.1018151904697693,3,101.77177,pakistan,draw_79
Male,1.0856332344975326,3,101.77177,pakistan,draw_79
Female,1.1037671482973495,2,101.88188,pakistan,draw_79
Male,1.094515691907932,2,101.88188,pakistan,draw_79
Female,1.1011112384070545,3,101.88188,pakistan,draw_79
Male,1.0850355383326173,3,101.88188,pakistan,draw_79
Female,1.1030078540871024,2,101.99199,pakistan,draw_79
Male,1.0938301091996399,2,101.99199,pakistan,draw_79
Female,1.1004134586888146,3,101.99199,pakistan,draw_79
Male,1.0844425464433207,3,101.99199,pakistan,draw_79
Female,1.1022549065857545,2,102.1021,pakistan,draw_79
Male,1.0931495631861752,2,102.1021,pakistan,draw_79
Female,1.0997213224574158,3,102.1021,pakistan,draw_79
Male,1.083854023972944,3,102.1021,pakistan,draw_79
Female,1.101507764541331,2,102.21221,pakistan,draw_79
Male,1.0924741406642282,2,102.21221,pakistan,draw_79
Female,1.0990342534339228,3,102.21221,pakistan,draw_79
Male,1.0832697395577895,3,102.21221,pakistan,draw_79
Female,1.1007649942643272,2,102.32232,pakistan,draw_79
Male,1.0918018849478044,2,102.32232,pakistan,draw_79
Female,1.0983509692259183,3,102.32232,pakistan,draw_79
Male,1.0826882692129955,3,102.32232,pakistan,draw_79
Female,1.100026619591658,2,102.43243,pakistan,draw_79
Male,1.0911338055238888,2,102.43243,pakistan,draw_79
Female,1.0976716083079758,3,102.43243,pakistan,draw_79
Male,1.0821103103952534,3,102.43243,pakistan,draw_79
Female,1.0992930780892511,2,102.54254,pakistan,draw_79
Male,1.0904698082970616,2,102.54254,pakistan,draw_79
Female,1.0969963713890332,3,102.54254,pakistan,draw_79
Male,1.0815357368127354,3,102.54254,pakistan,draw_79
Female,1.098563985309474,2,102.65265,pakistan,draw_79
Male,1.0898092787783231,2,102.65265,pakistan,draw_79
Female,1.0963249507466057,3,102.65265,pakistan,draw_79
Male,1.0809641009604352,3,102.65265,pakistan,draw_79
Female,1.0978391855457525,2,102.76276,pakistan,draw_79
Male,1.089152157798596,2,102.76276,pakistan,draw_79
Female,1.0956572612620628,3,102.76276,pakistan,draw_79
Male,1.0803953551736418,3,102.76276,pakistan,draw_79
Female,1.0971189206960459,2,102.87287,pakistan,draw_79
Male,1.0884985897251553,2,102.87287,pakistan,draw_79
Female,1.0949934502686567,3,102.87287,pakistan,draw_79
Male,1.0798295810242797,3,102.87287,pakistan,draw_79
Female,1.0964021381220248,2,102.98298,pakistan,draw_79
Male,1.0878487565930492,2,102.98298,pakistan,draw_79
Female,1.0943328073186467,3,102.98298,pakistan,draw_79
Male,1.079266871922854,3,102.98298,pakistan,draw_79
Female,1.0956904479638365,2,103.09309,pakistan,draw_79
Male,1.0872024580259114,2,103.09309,pakistan,draw_79
Female,1.0936764396053025,3,103.09309,pakistan,draw_79
Male,1.0787071594442792,3,103.09309,pakistan,draw_79
Female,1.0949829109608942,2,103.2032,pakistan,draw_79
Male,1.0865600323870985,2,103.2032,pakistan,draw_79
Female,1.0930238545702538,3,103.2032,pakistan,draw_79
Male,1.078150794251398,3,103.2032,pakistan,draw_79
Female,1.0942796245596316,2,103.31331,pakistan,draw_79
Male,1.085921716875153,2,103.31331,pakistan,draw_79
Female,1.0923750085147297,3,103.31331,pakistan,draw_79
Male,1.0775977408448552,3,103.31331,pakistan,draw_79
Female,1.0935804122096486,2,103.42342,pakistan,draw_79
Male,1.0852860099639519,2,103.42342,pakistan,draw_79
Female,1.0917296585852068,3,103.42342,pakistan,draw_79
Male,1.0770470042797151,3,103.42342,pakistan,draw_79
Female,1.0928845659896531,2,103.53353,pakistan,draw_79
Male,1.084653194395374,2,103.53353,pakistan,draw_79
Female,1.0910871469536092,3,103.53353,pakistan,draw_79
Male,1.0764985958259112,3,103.53353,pakistan,draw_79
Female,1.0921916295812109,2,103.64364,pakistan,draw_79
Male,1.0840229874715874,2,103.64364,pakistan,draw_79
Female,1.0904471207687636,3,103.64364,pakistan,draw_79
Male,1.075952309549617,3,103.64364,pakistan,draw_79
Female,1.0915018271915125,2,103.75375,pakistan,draw_79
Male,1.0833956040837471,2,103.75375,pakistan,draw_79
Female,1.0898096666507195,3,103.75375,pakistan,draw_79
Male,1.0754082688402191,3,103.75375,pakistan,draw_79
Female,1.0908151415183311,2,103.86386,pakistan,draw_79
Male,1.082770729308138,2,103.86386,pakistan,draw_79
Female,1.0891748889453512,3,103.86386,pakistan,draw_79
Male,1.0748663579022348,3,103.86386,pakistan,draw_79
Female,1.0901323607668805,2,103.97397,pakistan,draw_79
Male,1.0821486980483348,2,103.97397,pakistan,draw_79
Female,1.0885432904083294,3,103.97397,pakistan,draw_79
Male,1.0743267251272113,3,103.97397,pakistan,draw_79
Female,1.0894520028352148,2,104.08408,pakistan,draw_79
Male,1.0815291988023028,2,104.08408,pakistan,draw_79
Female,1.0879138707733687,3,104.08408,pakistan,draw_79
Male,1.0737891458115987,3,104.08408,pakistan,draw_79
Female,1.0887746284521733,2,104.19419,pakistan,draw_79
Male,1.0809118941273406,2,104.19419,pakistan,draw_79
Female,1.0872869993369274,3,104.19419,pakistan,draw_79
Male,1.0732534328811432,3,104.19419,pakistan,draw_79
Female,1.0881004837942434,2,104.3043,pakistan,draw_79
Male,1.0802978236369534,2,104.3043,pakistan,draw_79
Female,1.0866627891373148,3,104.3043,pakistan,draw_79
Male,1.0727201702530902,3,104.3043,pakistan,draw_79
Female,1.0874299178064384,2,104.41441,pakistan,draw_79
Male,1.0796854619236353,2,104.41441,pakistan,draw_79
Female,1.086041449690843,3,104.41441,pakistan,draw_79
Male,1.072188512978057,3,104.41441,pakistan,draw_79
Female,1.0867618403885726,2,104.52452,pakistan,draw_79
Male,1.0790766503286633,2,104.52452,pakistan,draw_79
Female,1.0854223716596811,3,104.52452,pakistan,draw_79
Male,1.0716595393298427,3,104.52452,pakistan,draw_79
Female,1.086096980128246,2,104.63463,pakistan,draw_79
Male,1.0784702944566322,2,104.63463,pakistan,draw_79
Female,1.0848060556693813,3,104.63463,pakistan,draw_79
Male,1.071132673908264,3,104.63463,pakistan,draw_79
Female,1.0854357105475685,2,104.74474,pakistan,draw_79
Male,1.0778665068535058,2,104.74474,pakistan,draw_79
Female,1.0841926734794098,3,104.74474,pakistan,draw_79
Male,1.0706078703857993,3,104.74474,pakistan,draw_79
Female,1.0847768199045422,2,104.85485,pakistan,draw_79
Male,1.077264772614885,2,104.85485,pakistan,draw_79
Female,1.0835814130854158,3,104.85485,pakistan,draw_79
Male,1.0700848295629126,3,104.85485,pakistan,draw_79
Female,1.084121122321478,2,104.96496,pakistan,draw_79
Male,1.0766653932624815,2,104.96496,pakistan,draw_79
Female,1.0829727377729488,3,104.96496,pakistan,draw_79
Male,1.0695637073837574,3,104.96496,pakistan,draw_79
Female,1.08346736414463,2,105.07508,pakistan,draw_79
Male,1.0760685375082972,2,105.07508,pakistan,draw_79
Female,1.082365717993416,3,105.07508,pakistan,draw_79
Male,1.0690444195974802,3,105.07508,pakistan,draw_79
Female,1.0828158699878365,2,105.18519,pakistan,draw_79
Male,1.075473146136832,2,105.18519,pakistan,draw_79
Female,1.0817604676263062,3,105.18519,pakistan,draw_79
Male,1.0685262588276374,3,105.18519,pakistan,draw_79
Female,1.0821659430121222,2,105.2953,pakistan,draw_79
Male,1.0748790035173816,2,105.2953,pakistan,draw_79
Female,1.0811564379433487,3,105.2953,pakistan,draw_79
Male,1.068009098922002,3,105.2953,pakistan,draw_79
Female,1.0815185846406747,2,105.40541,pakistan,draw_79
Male,1.0742870786695489,2,105.40541,pakistan,draw_79
Female,1.080554333463522,3,105.40541,pakistan,draw_79
Male,1.0674934727327197,3,105.40541,pakistan,draw_79
Female,1.0808725011811038,2,105.51552,pakistan,draw_79
Male,1.0736958133909564,2,105.51552,pakistan,draw_79
Female,1.079953268147118,3,105.51552,pakistan,draw_79
Male,1.0669784929324737,3,105.51552,pakistan,draw_79
Female,1.0802281340947388,2,105.62563,pakistan,draw_79
Male,1.0731061541425744,2,105.62563,pakistan,draw_79
Female,1.0793534683290578,3,105.62563,pakistan,draw_79
Male,1.0664646074225215,3,105.62563,pakistan,draw_79
Female,1.0795849899513201,2,105.73574,pakistan,draw_79
Male,1.0725175466474828,2,105.73574,pakistan,draw_79
Female,1.0787545308291766,3,105.73574,pakistan,draw_79
Male,1.065951393913803,3,105.73574,pakistan,draw_79
Female,1.0789425418057124,2,105.84585,pakistan,draw_79
Male,1.0719293303234725,2,105.84585,pakistan,draw_79
Female,1.0781560599343838,3,105.84585,pakistan,draw_79
Male,1.0654384583663652,3,105.84585,pakistan,draw_79
Female,1.0783017020693093,2,105.95596,pakistan,draw_79
Male,1.0713425267756511,2,105.95596,pakistan,draw_79
Female,1.0775587163750302,3,105.95596,pakistan,draw_79
Male,1.064926410595825,3,105.95596,pakistan,draw_79
Female,1.0776618217307599,2,106.06607,pakistan,draw_79
Male,1.0707567452588522,2,106.06607,pakistan,draw_79
Female,1.0769620415679326,3,106.06607,pakistan,draw_79
Male,1.0644150177455927,3,106.06607,pakistan,draw_79
Female,1.0770233815580372,2,106.17618,pakistan,draw_79
Male,1.0701718579039299,2,106.17618,pakistan,draw_79
Female,1.0763662825490332,3,106.17618,pakistan,draw_79
Male,1.0639041901542203,3,106.17618,pakistan,draw_79
Female,1.076386145609292,2,106.28629,pakistan,draw_79
Male,1.0695875761343543,2,106.28629,pakistan,draw_79
Female,1.0757712841852212,3,106.28629,pakistan,draw_79
Male,1.0633937344789977,3,106.28629,pakistan,draw_79
Female,1.0757493690574231,2,106.3964,pakistan,draw_79
Male,1.0690045526016008,2,106.3964,pakistan,draw_79
Female,1.0751765317968813,3,106.3964,pakistan,draw_79
Male,1.0628840345900648,3,106.3964,pakistan,draw_79
Female,1.0751140381062012,2,106.50651,pakistan,draw_79
Male,1.0684220716300863,2,106.50651,pakistan,draw_79
Female,1.074582713100502,3,106.50651,pakistan,draw_79
Male,1.0623747224901972,3,106.50651,pakistan,draw_79
Female,1.0744802496550787,2,106.61662,pakistan,draw_79
Male,1.067840914323697,2,106.61662,pakistan,draw_79
Female,1.0739898530823382,3,106.61662,pakistan,draw_79
Male,1.061866209102017,3,106.61662,pakistan,draw_79
Female,1.0738466798509636,2,106.72673,pakistan,draw_79
Male,1.0672600295926478,2,106.72673,pakistan,draw_79
Female,1.0733971340907298,3,106.72673,pakistan,draw_79
Male,1.0613578978379195,3,106.72673,pakistan,draw_79
Female,1.0732147270270198,2,106.83684,pakistan,draw_79
Male,1.0666802415608791,2,106.83684,pakistan,draw_79
Female,1.0728055234097547,3,106.83684,pakistan,draw_79
Male,1.0608502310336334,3,106.83684,pakistan,draw_79
Female,1.072583570703829,2,106.94695,pakistan,draw_79
Male,1.0661014490381278,2,106.94695,pakistan,draw_79
Female,1.0722144340504238,3,106.94695,pakistan,draw_79
Male,1.0603431583450416,3,106.94695,pakistan,draw_79
Female,1.0719531167086649,2,107.05706,pakistan,draw_79
Male,1.0655233563473667,2,107.05706,pakistan,draw_79
Female,1.071623812029971,3,107.05706,pakistan,draw_79
Male,1.0598365428287386,3,107.05706,pakistan,draw_79
Female,1.0713243125890541,2,107.16717,pakistan,draw_79
Male,1.0649459127082053,2,107.16717,pakistan,draw_79
Female,1.0710342970552147,3,107.16717,pakistan,draw_79
Male,1.0593303560756107,3,107.16717,pakistan,draw_79
Female,1.070696215005432,2,107.27728,pakistan,draw_79
Male,1.0643698210127817,2,107.27728,pakistan,draw_79
Female,1.0704452719493553,3,107.27728,pakistan,draw_79
Male,1.0588249964984393,3,107.27728,pakistan,draw_79
Female,1.070069177566881,2,107.38739,pakistan,draw_79
Male,1.0637947791774685,2,107.38739,pakistan,draw_79
Female,1.0698569791188235,3,107.38739,pakistan,draw_79
Male,1.0583202752634437,3,107.38739,pakistan,draw_79
Female,1.0694438518898495,2,107.4975,pakistan,draw_79
Male,1.0632202199898773,2,107.4975,pakistan,draw_79
Female,1.0692698239635772,3,107.4975,pakistan,draw_79
Male,1.0578158538294924,3,107.4975,pakistan,draw_79
Female,1.0688187391155601,2,107.60761,pakistan,draw_79
Male,1.0626465063495625,2,107.60761,pakistan,draw_79
Female,1.0686827708655768,3,107.60761,pakistan,draw_79
Male,1.0573119616432938,3,107.60761,pakistan,draw_79
Female,1.0681947989253184,2,107.71772,pakistan,draw_79
Male,1.0620735541589663,2,107.71772,pakistan,draw_79
Female,1.0680964931655716,3,107.71772,pakistan,draw_79
Male,1.0568085618344178,3,107.71772,pakistan,draw_79
Female,1.0675721018268087,2,107.82783,pakistan,draw_79
Male,1.0615023370078394,2,107.82783,pakistan,draw_79
Female,1.0675110556331047,3,107.82783,pakistan,draw_79
Male,1.0563062191961918,3,107.82783,pakistan,draw_79
Female,1.066950475737732,2,107.93794,pakistan,draw_79
Male,1.0609312157861608,2,107.93794,pakistan,draw_79
Female,1.066926316734327,3,107.93794,pakistan,draw_79
Male,1.05580399960507,3,107.93794,pakistan,draw_79
Female,1.066330113133252,2,108.04805,pakistan,draw_79
Male,1.0603609579935194,2,108.04805,pakistan,draw_79
Female,1.0663423684068731,3,108.04805,pakistan,draw_79
Male,1.055302308944712,3,108.04805,pakistan,draw_79
Female,1.0657105677579424,2,108.15816,pakistan,draw_79
Male,1.0597917543891728,2,108.15816,pakistan,draw_79
Female,1.0657589691033262,3,108.15816,pakistan,draw_79
Male,1.0548012239122175,3,108.15816,pakistan,draw_79
Female,1.065091953870712,2,108.26827,pakistan,draw_79
Male,1.0592233808682496,2,108.26827,pakistan,draw_79
Female,1.0651761199804948,3,108.26827,pakistan,draw_79
Male,1.0543006579368723,3,108.26827,pakistan,draw_79
Female,1.0644747047566818,2,108.37838,pakistan,draw_79
Male,1.0586565965081816,2,108.37838,pakistan,draw_79
Female,1.0645941466693507,3,108.37838,pakistan,draw_79
Male,1.0538010508090736,3,108.37838,pakistan,draw_79
Female,1.0638588942736698,2,108.48849,pakistan,draw_79
Male,1.0580897416465989,2,108.48849,pakistan,draw_79
Female,1.0640130980323972,3,108.48849,pakistan,draw_79
Male,1.0533014527842512,3,108.48849,pakistan,draw_79
Female,1.0632433669192198,2,108.5986,pakistan,draw_79
Male,1.05752381544599,2,108.5986,pakistan,draw_79
Female,1.0634322055305547,3,108.5986,pakistan,draw_79
Male,1.052802425555197,3,108.5986,pakistan,draw_79
Female,1.0626293281251322,2,108.70871,pakistan,draw_79
Male,1.0569593953490453,2,108.70871,pakistan,draw_79
Female,1.0628522925283392,3,108.70871,pakistan,draw_79
Male,1.0523043241301853,3,108.70871,pakistan,draw_79
Female,1.0620165838900073,2,108.81882,pakistan,draw_79
Male,1.0563956568912911,2,108.81882,pakistan,draw_79
Female,1.0622732643653052,3,108.81882,pakistan,draw_79
Male,1.0518066610451673,3,108.81882,pakistan,draw_79
Female,1.0614044262987032,2,108.92893,pakistan,draw_79
Male,1.055832570885571,2,108.92893,pakistan,draw_79
Female,1.061694609275649,3,108.92893,pakistan,draw_79
Male,1.0513094202173097,3,108.92893,pakistan,draw_79
Female,1.0607939399865176,2,109.03904,pakistan,draw_79
Male,1.0552706898409394,2,109.03904,pakistan,draw_79
Female,1.06111707491435,3,109.03904,pakistan,draw_79
Male,1.0508129430428663,3,109.03904,pakistan,draw_79
Female,1.060184021679706,2,109.14915,pakistan,draw_79
Male,1.054708957534144,2,109.14915,pakistan,draw_79
Female,1.0605399236767437,3,109.14915,pakistan,draw_79
Male,1.0503166047235402,3,109.14915,pakistan,draw_79
Female,1.0595751738189665,2,109.25926,pakistan,draw_79
Male,1.054149138524939,2,109.25926,pakistan,draw_79
Female,1.0599634847181454,3,109.25926,pakistan,draw_79
Male,1.0498214049667534,3,109.25926,pakistan,draw_79
Female,1.0589676514209807,2,109.36937,pakistan,draw_79
Male,1.053589780892665,2,109.36937,pakistan,draw_79
Female,1.0593879630272929,3,109.36937,pakistan,draw_79
Male,1.0493265157550515,3,109.36937,pakistan,draw_79
Female,1.0583613005204773,2,109.47948,pakistan,draw_79
Male,1.053031239740218,2,109.47948,pakistan,draw_79
Female,1.058813254253509,3,109.47948,pakistan,draw_79
Male,1.0488321381082422,3,109.47948,pakistan,draw_79
Female,1.0577557832460933,2,109.58959,pakistan,draw_79
Male,1.052473670583946,2,109.58959,pakistan,draw_79
Female,1.0582391180988995,3,109.58959,pakistan,draw_79
Male,1.0483383773195665,3,109.58959,pakistan,draw_79
Female,1.0571514125809738,2,109.6997,pakistan,draw_79
Male,1.0519167791805435,2,109.6997,pakistan,draw_79
Female,1.0576657641964011,3,109.6997,pakistan,draw_79
Male,1.0478450584490342,3,109.6997,pakistan,draw_79
Female,1.0565484089655215,2,109.80981,pakistan,draw_79
Male,1.0513612092947797,2,109.80981,pakistan,draw_79
Female,1.057093381503717,3,109.80981,pakistan,draw_79
Male,1.0473525566425919,3,109.80981,pakistan,draw_79
Female,1.0559458368107923,2,109.91992,pakistan,draw_79
Male,1.0508068694808728,2,109.91992,pakistan,draw_79
Female,1.056521315081859,3,109.91992,pakistan,draw_79
Male,1.046860830947549,3,109.91992,pakistan,draw_79
Female,1.0553449355592748,2,110.03003,pakistan,draw_79
Male,1.0502529596591659,2,110.03003,pakistan,draw_79
Female,1.0559503871618732,3,110.03003,pakistan,draw_79
Male,1.0463694021827519,3,110.03003,pakistan,draw_79
Female,1.0547448088159839,2,110.14014,pakistan,draw_79
Male,1.0496999175394357,2,110.14014,pakistan,draw_79
Female,1.0553799620347977,3,110.14014,pakistan,draw_79
Male,1.045878530483614,3,110.14014,pakistan,draw_79
Female,1.0541460291258373,2,110.25025,pakistan,draw_79
Male,1.0491473844391002,2,110.25025,pakistan,draw_79
Female,1.0548104736411006,3,110.25025,pakistan,draw_79
Male,1.0453880014143755,3,110.25025,pakistan,draw_79
Female,1.0535484554204273,2,110.36036,pakistan,draw_79
Male,1.0485965247668572,2,110.36036,pakistan,draw_79
Female,1.054241813958642,3,110.36036,pakistan,draw_79
Male,1.0448984943604334,3,110.36036,pakistan,draw_79
Female,1.0529518516501843,2,110.47047,pakistan,draw_79
Male,1.048046186663246,2,110.47047,pakistan,draw_79
Female,1.053673810278041,3,110.47047,pakistan,draw_79
Male,1.0444093507466967,3,110.47047,pakistan,draw_79
Female,1.0523561867089626,2,110.58058,pakistan,draw_79
Male,1.0474970922650155,2,110.58058,pakistan,draw_79
Female,1.0531064678841857,3,110.58058,pakistan,draw_79
Male,1.043921015192782,3,110.58058,pakistan,draw_79
Female,1.051761856993666,2,110.69069,pakistan,draw_79
Male,1.0469488898674435,2,110.69069,pakistan,draw_79
Female,1.0525400599101915,3,110.69069,pakistan,draw_79
Male,1.043433285979728,3,110.69069,pakistan,draw_79
Female,1.0511689383613043,2,110.8008,pakistan,draw_79
Male,1.0464013543703432,2,110.8008,pakistan,draw_79
Female,1.0519746199982862,3,110.8008,pakistan,draw_79
Male,1.0429460312152712,3,110.8008,pakistan,draw_79
Female,1.0505770297889654,2,110.91091,pakistan,draw_79
Male,1.045855092194518,2,110.91091,pakistan,draw_79
Female,1.051409882246798,3,110.91091,pakistan,draw_79
Male,1.0424595954046971,3,110.91091,pakistan,draw_79
Female,1.049986468034537,2,111.02102,pakistan,draw_79
Male,1.0453098890449883,2,111.02102,pakistan,draw_79
Female,1.0508461006295706,3,111.02102,pakistan,draw_79
Male,1.0419738802735272,3,111.02102,pakistan,draw_79
Female,1.049396894357098,2,111.13113,pakistan,draw_79
Male,1.0447652098374685,2,111.13113,pakistan,draw_79
Female,1.0502830128578402,3,111.13113,pakistan,draw_79
Male,1.0414885734418382,3,111.13113,pakistan,draw_79
Female,1.0488084745306858,2,111.24124,pakistan,draw_79
Male,1.0442216975890553,2,111.24124,pakistan,draw_79
Female,1.0497207413222052,3,111.24124,pakistan,draw_79
Male,1.0410040449468942,3,111.24124,pakistan,draw_79
Female,1.0482212156710184,2,111.35135,pakistan,draw_79
Male,1.043679120159317,2,111.35135,pakistan,draw_79
Female,1.0491593256076563,3,111.35135,pakistan,draw_79
Male,1.0405201361014298,3,111.35135,pakistan,draw_79
Female,1.0476348069565415,2,111.46146,pakistan,draw_79
Male,1.0431378127274917,2,111.46146,pakistan,draw_79
Female,1.0485985061531053,3,111.46146,pakistan,draw_79
Male,1.0400370195364725,3,111.46146,pakistan,draw_79
Female,1.047049960944554,2,111.57157,pakistan,draw_79
Male,1.0425977563086657,2,111.57157,pakistan,draw_79
Female,1.048038759752618,3,111.57157,pakistan,draw_79
Male,1.0395547344880591,3,111.57157,pakistan,draw_79
Female,1.0464664514401758,2,111.68168,pakistan,draw_79
Male,1.0420579239561172,2,111.68168,pakistan,draw_79
Female,1.0474799658159613,3,111.68168,pakistan,draw_79
Male,1.0390726652747304,3,111.68168,pakistan,draw_79
Female,1.0458839078167927,2,111.79179,pakistan,draw_79
Male,1.0415198876861556,2,111.79179,pakistan,draw_79
Female,1.0469218809040322,3,111.79179,pakistan,draw_79
Male,1.0385917134947678,3,111.79179,pakistan,draw_79
Female,1.045302555079423,2,111.9019,pakistan,draw_79
Male,1.040982587718275,2,111.9019,pakistan,draw_79
Female,1.0463646473639747,3,111.9019,pakistan,draw_79
Male,1.038111251498619,3,111.9019,pakistan,draw_79
Female,1.0447223674596342,2,112.01201,pakistan,draw_79
Male,1.040446384161757,2,112.01201,pakistan,draw_79
Female,1.0458082341252235,3,112.01201,pakistan,draw_79
Male,1.0376314931823747,3,112.01201,pakistan,draw_79
Female,1.044143456024951,2,112.12212,pakistan,draw_79
Male,1.039910884104031,2,112.12212,pakistan,draw_79
Female,1.0452527104758018,3,112.12212,pakistan,draw_79
Male,1.0371522265406665,3,112.12212,pakistan,draw_79
Female,1.0435659057315367,2,112.23223,pakistan,draw_79
Male,1.0393768867980797,2,112.23223,pakistan,draw_79
Female,1.0446981227025667,3,112.23223,pakistan,draw_79
Male,1.0366739292881182,3,112.23223,pakistan,draw_79
Female,1.0429890124445582,2,112.34234,pakistan,draw_79
Male,1.0388438961933464,2,112.34234,pakistan,draw_79
Female,1.044143982723211,3,112.34234,pakistan,draw_79
Male,1.0361963319867085,3,112.34234,pakistan,draw_79
Female,1.0424138311243138,2,112.45245,pakistan,draw_79
Male,1.0383115850864073,2,112.45245,pakistan,draw_79
Female,1.0435910090276423,3,112.45245,pakistan,draw_79
Male,1.0357192211532082,3,112.45245,pakistan,draw_79
Female,1.0418398266847841,2,112.56256,pakistan,draw_79
Male,1.0377805704216028,2,112.56256,pakistan,draw_79
Female,1.0430388241585216,3,112.56256,pakistan,draw_79
Male,1.0352429174220594,3,112.56256,pakistan,draw_79
Female,1.0412668230620874,2,112.67267,pakistan,draw_79
Male,1.0372506241340087,2,112.67267,pakistan,draw_79
Female,1.0424873632335192,3,112.67267,pakistan,draw_79
Male,1.0347673241994912,3,112.67267,pakistan,draw_79
Female,1.040694859266996,2,112.78278,pakistan,draw_79
Male,1.0367214166340353,2,112.78278,pakistan,draw_79
Female,1.0419366587902235,3,112.78278,pakistan,draw_79
Male,1.0342922514221118,3,112.78278,pakistan,draw_79
Female,1.0401246193554086,2,112.89289,pakistan,draw_79
Male,1.036193551101279,2,112.89289,pakistan,draw_79
Female,1.0413871820115328,3,112.89289,pakistan,draw_79
Male,1.0338180528101528,3,112.89289,pakistan,draw_79
Female,1.0395549293240118,2,113.003,pakistan,draw_79
Male,1.0356663106562936,2,113.003,pakistan,draw_79
Female,1.0408381004286562,3,113.003,pakistan,draw_79
Male,1.033344325549091,3,113.003,pakistan,draw_79
Female,1.0389869717558653,2,113.11311,pakistan,draw_79
Male,1.0351404776530377,2,113.11311,pakistan,draw_79
Female,1.0402902488031585,3,113.11311,pakistan,draw_79
Male,1.0328715116868725,3,113.11311,pakistan,draw_79
Female,1.0384196663143137,2,113.22322,pakistan,draw_79
Male,1.034615388881406,2,113.22322,pakistan,draw_79
Female,1.0397428742260963,3,113.22322,pakistan,draw_79
Male,1.0323992243062854,3,113.22322,pakistan,draw_79
Female,1.0378537227046625,2,113.33333,pakistan,draw_79
Male,1.034091349059087,2,113.33333,pakistan,draw_79
Female,1.0391965111037296,3,113.33333,pakistan,draw_79
Male,1.0319276367477892,3,113.33333,pakistan,draw_79
Female,1.0372892315117506,2,113.44344,pakistan,draw_79
Male,1.0335687530520126,2,113.44344,pakistan,draw_79
Female,1.0386512291640408,3,113.44344,pakistan,draw_79
Male,1.0314570133189473,3,113.44344,pakistan,draw_79
Female,1.0367258593431674,2,113.55355,pakistan,draw_79
Male,1.0330467004692954,2,113.55355,pakistan,draw_79
Female,1.0381067858543434,3,113.55355,pakistan,draw_79
Male,1.030986830737207,3,113.55355,pakistan,draw_79
Female,1.0361639788923196,2,113.66366,pakistan,draw_79
Male,1.0325264171914474,2,113.66366,pakistan,draw_79
Female,1.0375634372037499,3,113.66366,pakistan,draw_79
Male,1.0305178282114673,3,113.66366,pakistan,draw_79
Female,1.0356029651519647,2,113.77377,pakistan,draw_79
Male,1.0320073285641795,2,113.77377,pakistan,draw_79
Female,1.03702078749365,3,113.77377,pakistan,draw_79
Male,1.0300496817772191,3,113.77377,pakistan,draw_79
Female,1.0350441772816648,2,113.88388,pakistan,draw_79
Male,1.0314890379240473,2,113.88388,pakistan,draw_79
Female,1.0364798020967354,3,113.88388,pakistan,draw_79
Male,1.0295821567048489,3,113.88388,pakistan,draw_79
Female,1.0344860956944233,2,113.99399,pakistan,draw_79
Male,1.0309719511955295,2,113.99399,pakistan,draw_79
Female,1.035939397634902,3,113.99399,pakistan,draw_79
Male,1.0291154951758725,3,113.99399,pakistan,draw_79
Female,1.0339295929873937,2,114.1041,pakistan,draw_79
Male,1.0304562449880763,2,114.1041,pakistan,draw_79
Female,1.0354001503748536,3,114.1041,pakistan,draw_79
Male,1.028649777554652,3,114.1041,pakistan,draw_79
Female,1.0333743783266072,2,114.21421,pakistan,draw_79
Male,1.0299416238576868,2,114.21421,pakistan,draw_79
Female,1.0348618683386843,3,114.21421,pakistan,draw_79
Male,1.0281848292651465,3,114.21421,pakistan,draw_79
Female,1.032820928059538,2,114.32432,pakistan,draw_79
Male,1.0294280342484095,2,114.32432,pakistan,draw_79
Female,1.034324890102013,3,114.32432,pakistan,draw_79
Male,1.0277206029792043,3,114.32432,pakistan,draw_79
Female,1.0322685516782344,2,114.43443,pakistan,draw_79
Male,1.0289161714054178,2,114.43443,pakistan,draw_79
Female,1.0337887317613526,3,114.43443,pakistan,draw_79
Male,1.0272575197947105,3,114.43443,pakistan,draw_79
Female,1.0317175852274445,2,114.54454,pakistan,draw_79
Male,1.0284055041251963,2,114.54454,pakistan,draw_79
Female,1.0332536541077553,3,114.54454,pakistan,draw_79
Male,1.0267953038505406,3,114.54454,pakistan,draw_79
Female,1.0311680670432928,2,114.65465,pakistan,draw_79
Male,1.0278957933303827,2,114.65465,pakistan,draw_79
Female,1.0327196563483991,3,114.65465,pakistan,draw_79
Male,1.0263338067350674,3,114.65465,pakistan,draw_79
Female,1.0306198377900486,2,114.76476,pakistan,draw_79
Male,1.0273875289498693,2,114.76476,pakistan,draw_79
Female,1.0321866487448776,3,114.76476,pakistan,draw_79
Male,1.0258732932140906,3,114.76476,pakistan,draw_79
Female,1.0300734038297654,2,114.87487,pakistan,draw_79
Male,1.0268801906403395,2,114.87487,pakistan,draw_79
Female,1.0316549773228605,3,114.87487,pakistan,draw_79
Male,1.0254134712349359,3,114.87487,pakistan,draw_79
Female,1.029528376708504,2,114.98498,pakistan,draw_79
Male,1.026375008825252,2,114.98498,pakistan,draw_79
Female,1.0311243997984199,3,114.98498,pakistan,draw_79
Male,1.024955064745505,3,114.98498,pakistan,draw_79
Female,1.028984524488555,2,115.0951,pakistan,draw_79
Male,1.0258707045725486,2,115.0951,pakistan,draw_79
Female,1.0305947188811384,3,115.0951,pakistan,draw_79
Male,1.0244972847521174,3,115.0951,pakistan,draw_79
Female,1.02844226852585,2,115.20521,pakistan,draw_79
Male,1.025367767500428,2,115.20521,pakistan,draw_79
Female,1.0300662391334765,3,115.20521,pakistan,draw_79
Male,1.0240404535087917,3,115.20521,pakistan,draw_79
Female,1.027901690010998,2,115.31532,pakistan,draw_79
Male,1.0248662978307392,2,115.31532,pakistan,draw_79
Female,1.029539015241259,3,115.31532,pakistan,draw_79
Male,1.023584664608318,3,115.31532,pakistan,draw_79
Female,1.027362492842646,2,115.42543,pakistan,draw_79
Male,1.0243660254717355,2,115.42543,pakistan,draw_79
Female,1.0290128148172684,3,115.42543,pakistan,draw_79
Male,1.0231297247895854,3,115.42543,pakistan,draw_79
Female,1.0268249108251222,2,115.53554,pakistan,draw_79
Male,1.023867496818271,2,115.53554,pakistan,draw_79
Female,1.0284878291542563,3,115.53554,pakistan,draw_79
Male,1.0226759495053088,3,115.53554,pakistan,draw_79
Female,1.0262885714482322,2,115.64565,pakistan,draw_79
Male,1.0233702292288804,2,115.64565,pakistan,draw_79
Female,1.0279638037864653,3,115.64565,pakistan,draw_79
Male,1.0222230868124589,3,115.64565,pakistan,draw_79
Female,1.0257537782737034,2,115.75576,pakistan,draw_79
Male,1.0228742009848872,2,115.75576,pakistan,draw_79
Female,1.0274409346727746,3,115.75576,pakistan,draw_79
Male,1.0217710879942938,3,115.75576,pakistan,draw_79
Female,1.0252202849563494,2,115.86587,pakistan,draw_79
Male,1.0223794696976607,2,115.86587,pakistan,draw_79
Female,1.026919077345327,3,115.86587,pakistan,draw_79
Male,1.0213200079493006,3,115.86587,pakistan,draw_79
Female,1.024688871487487,2,115.97598,pakistan,draw_79
Male,1.021886474696574,2,115.97598,pakistan,draw_79
Female,1.0263987754317554,3,115.97598,pakistan,draw_79
Male,1.0208701156536915,3,115.97598,pakistan,draw_79
Female,1.0241586887982086,2,116.08609,pakistan,draw_79
Male,1.0213946611015619,2,116.08609,pakistan,draw_79
Female,1.0258794264306508,3,116.08609,pakistan,draw_79
Male,1.0204211342497977,3,116.08609,pakistan,draw_79
Female,1.023630467284637,2,116.1962,pakistan,draw_79
Male,1.0209047435718672,2,116.1962,pakistan,draw_79
Female,1.025361569747136,3,116.1962,pakistan,draw_79
Male,1.0199734532696838,3,116.1962,pakistan,draw_79
Female,1.0231032548982226,2,116.30631,pakistan,draw_79
Male,1.0204156151619754,2,116.30631,pakistan,draw_79
Female,1.024844554627776,3,116.30631,pakistan,draw_79
Male,1.0195264211801103,3,116.30631,pakistan,draw_79
Female,1.0225781732564356,2,116.41642,pakistan,draw_79
Male,1.0199282920882144,2,116.41642,pakistan,draw_79
Female,1.024329164971524,3,116.41642,pakistan,draw_79
Male,1.0190806814861586,3,116.41642,pakistan,draw_79
Female,1.0220548536788367,2,116.52653,pakistan,draw_79
Male,1.019442929376169,2,116.52653,pakistan,draw_79
Female,1.0238151120112933,3,116.52653,pakistan,draw_79
Male,1.018636300728059,3,116.52653,pakistan,draw_79
Female,1.0215328233051704,2,116.63664,pakistan,draw_79
Male,1.0189583565940246,2,116.63664,pakistan,draw_79
Female,1.0233021041592985,3,116.63664,pakistan,draw_79
Male,1.018192607343027,3,116.63664,pakistan,draw_79
Female,1.021012169842236,2,116.74675,pakistan,draw_79
Male,1.0184757512623714,2,116.74675,pakistan,draw_79
Female,1.0227902228919488,3,116.74675,pakistan,draw_79
Male,1.017750318725162,3,116.74675,pakistan,draw_79
Female,1.0204938565667137,2,116.85686,pakistan,draw_79
Male,1.0179938275893456,2,116.85686,pakistan,draw_79
Female,1.022280105957046,3,116.85686,pakistan,draw_79
Male,1.017308645188366,3,116.85686,pakistan,draw_79
Female,1.0199766680947011,2,116.96697,pakistan,draw_79
Male,1.017513938791528,2,116.96697,pakistan,draw_79
Female,1.0217709216975421,3,116.96697,pakistan,draw_79
Male,1.0168683955530615,3,116.96697,pakistan,draw_79
Female,1.019460989079582,2,117.07708,pakistan,draw_79
Male,1.0170351314544464,2,117.07708,pakistan,draw_79
Female,1.0212629297570772,3,117.07708,pakistan,draw_79
Male,1.0164289914325666,3,117.07708,pakistan,draw_79
Female,1.018947030497185,2,117.18719,pakistan,draw_79
Male,1.016557787901789,2,117.18719,pakistan,draw_79
Female,1.0207563350646203,3,117.18719,pakistan,draw_79
Male,1.0159906192149353,3,117.18719,pakistan,draw_79
Female,1.018434699910202,2,117.2973,pakistan,draw_79
Male,1.0160821581602342,2,117.2973,pakistan,draw_79
Female,1.0202510497257555,3,117.2973,pakistan,draw_79
Male,1.0155534611746737,3,117.2973,pakistan,draw_79
Female,1.017924071192498,2,117.40741,pakistan,draw_79
Male,1.0156076913822407,2,117.40741,pakistan,draw_79
Female,1.0197471385974408,3,117.40741,pakistan,draw_79
Male,1.0151172251785814,3,117.40741,pakistan,draw_79
Female,1.0174145026421904,2,117.51752,pakistan,draw_79
Male,1.0151350395331076,2,117.51752,pakistan,draw_79
Female,1.0192441124782272,3,117.51752,pakistan,draw_79
Male,1.0146822785962006,3,117.51752,pakistan,draw_79
Female,1.0169065970477067,2,117.62763,pakistan,draw_79
Male,1.014663031844271,2,117.62763,pakistan,draw_79
Female,1.0187423800156394,3,117.62763,pakistan,draw_79
Male,1.0142479175197177,3,117.62763,pakistan,draw_79
Female,1.0164006124949134,2,117.73774,pakistan,draw_79
Male,1.0141932056144325,2,117.73774,pakistan,draw_79
Female,1.0182420806168007,3,117.73774,pakistan,draw_79
Male,1.013815059467279,3,117.73774,pakistan,draw_79
Female,1.0158958600323906,2,117.84785,pakistan,draw_79
Male,1.0137246157785162,2,117.84785,pakistan,draw_79
Female,1.0177427934924217,3,117.84785,pakistan,draw_79
Male,1.0133831874545118,3,117.84785,pakistan,draw_79
Female,1.015393407280799,2,117.95796,pakistan,draw_79
Male,1.013257544008267,2,117.95796,pakistan,draw_79
Female,1.0172452389252913,3,117.95796,pakistan,draw_79
Male,1.0129523999348735,3,117.95796,pakistan,draw_79
Female,1.0148916029177493,2,118.06807,pakistan,draw_79
Male,1.0127917245782734,2,118.06807,pakistan,draw_79
Female,1.016748310842333,3,118.06807,pakistan,draw_79
Male,1.0125225443972514,3,118.06807,pakistan,draw_79
Female,1.0143921127333695,2,118.17818,pakistan,draw_79
Male,1.0123274470276709,2,118.17818,pakistan,draw_79
Female,1.01625313445567,3,118.17818,pakistan,draw_79
Male,1.0120938269609512,3,118.17818,pakistan,draw_79
Female,1.0138943144733612,2,118.28829,pakistan,draw_79
Male,1.0118648012704592,2,118.28829,pakistan,draw_79
Female,1.0157593240669558,3,118.28829,pakistan,draw_79
Male,1.0116663096090472,3,118.28829,pakistan,draw_79
Female,1.0133983276571403,2,118.3984,pakistan,draw_79
Male,1.0114038475399794,2,118.3984,pakistan,draw_79
Female,1.0152670395677168,3,118.3984,pakistan,draw_79
Male,1.0112400969169353,3,118.3984,pakistan,draw_79
Female,1.012904086000549,2,118.50851,pakistan,draw_79
Male,1.0109445446307859,2,118.50851,pakistan,draw_79
Female,1.0147763026381664,3,118.50851,pakistan,draw_79
Male,1.01081524297453,3,118.50851,pakistan,draw_79
Female,1.0124126977729655,2,118.61862,pakistan,draw_79
Male,1.0104880351498562,2,118.61862,pakistan,draw_79
Female,1.014287955493395,3,118.61862,pakistan,draw_79
Male,1.0103924677578233,3,118.61862,pakistan,draw_79
Female,1.0119234403867796,2,118.72873,pakistan,draw_79
Male,1.010033569821076,2,118.72873,pakistan,draw_79
Female,1.0138015094059216,3,118.72873,pakistan,draw_79
Male,1.0099713898290001,3,118.72873,pakistan,draw_79
Female,1.0114371416540062,2,118.83884,pakistan,draw_79
Male,1.0095812078899957,2,118.83884,pakistan,draw_79
Female,1.0133176175428902,3,118.83884,pakistan,draw_79
Male,1.0095521249425192,3,118.83884,pakistan,draw_79
Female,1.0109535002972272,2,118.94895,pakistan,draw_79
Male,1.0091320848096133,2,118.94895,pakistan,draw_79
Female,1.0128362112961071,3,118.94895,pakistan,draw_79
Male,1.0091355089097906,3,118.94895,pakistan,draw_79
Female,1.0104734661416144,2,119.05906,pakistan,draw_79
Male,1.0086854742972626,2,119.05906,pakistan,draw_79
Female,1.0123580668432222,3,119.05906,pakistan,draw_79
Male,1.0087211836008145,3,119.05906,pakistan,draw_79
Female,1.0099966550430333,2,119.16917,pakistan,draw_79
Male,1.0082420689677876,2,119.16917,pakistan,draw_79
Female,1.011882977105965,3,119.16917,pakistan,draw_79
Male,1.008309608690067,3,119.16917,pakistan,draw_79
Female,1.0095236264497816,2,119.27928,pakistan,draw_79
Male,1.007801957130376,2,119.27928,pakistan,draw_79
Female,1.011411378147821,3,119.27928,pakistan,draw_79
Male,1.0079008957559281,3,119.27928,pakistan,draw_79
Female,1.009054541730836,2,119.38939,pakistan,draw_79
Male,1.0073657345766482,2,119.38939,pakistan,draw_79
Female,1.0109435117936072,3,119.38939,pakistan,draw_79
Male,1.0074955561036014,3,119.38939,pakistan,draw_79
Female,1.0085895299691112,2,119.4995,pakistan,draw_79
Male,1.0069328733561125,2,119.4995,pakistan,draw_79
Female,1.010479620982649,3,119.4995,pakistan,draw_79
Male,1.0070934199679726,3,119.4995,pakistan,draw_79
Female,1.008129504835709,2,119.60961,pakistan,draw_79
Male,1.006505262638465,2,119.60961,pakistan,draw_79
Female,1.0100205916008422,3,119.60961,pakistan,draw_79
Male,1.006695870357561,3,119.60961,pakistan,draw_79
Female,1.0076747393205552,2,119.71972,pakistan,draw_79
Male,1.006081200844093,2,119.71972,pakistan,draw_79
Female,1.0095664492115435,3,119.71972,pakistan,draw_79
Male,1.0063017281767224,3,119.71972,pakistan,draw_79
Female,1.007224493405117,2,119.82983,pakistan,draw_79
Male,1.0056623232114457,2,119.82983,pakistan,draw_79
Female,1.0091166719061577,3,119.82983,pakistan,draw_79
Male,1.005911958655392,3,119.82983,pakistan,draw_79
Female,1.006779737535631,2,119.93994,pakistan,draw_79
Male,1.0052482624793908,2,119.93994,pakistan,draw_79
Female,1.0086720327773049,3,119.93994,pakistan,draw_79
Male,1.0055264612116999,3,119.93994,pakistan,draw_79
Female,1.0063403843752436,2,120.05005,pakistan,draw_79
Male,1.0048389911672477,2,120.05005,pakistan,draw_79
Female,1.0082325824575658,3,120.05005,pakistan,draw_79
Male,1.0051453575221925,3,120.05005,pakistan,draw_79
Female,1.0049301874241188,2,120.16016,pakistan,draw_79
Male,1.0034678948395503,2,120.16016,pakistan,draw_79
Female,1.0069043769720332,3,120.16016,pakistan,draw_79
Male,1.0039493750843649,3,120.16016,pakistan,draw_79
Female,1.0035488129507835,2,120.27027,pakistan,draw_79
Male,1.0021236089903436,2,120.27027,pakistan,draw_79
Female,1.0056006719584545,3,120.27027,pakistan,draw_79
Male,1.0027747640473987,3,120.27027,pakistan,draw_79
Female,1.002196180037434,2,120.38038,pakistan,draw_79
Male,1.0008069384307157,2,120.38038,pakistan,draw_79
Female,1.0043214564585325,3,120.38038,pakistan,draw_79
Male,1.0016218510428214,3,120.38038,pakistan,draw_79
Female,1.0008751408248844,2,120.49049,pakistan,draw_79
Male,0.9995205303099287,2,120.49049,pakistan,draw_79
Female,1.0030692819972742,3,120.49049,pakistan,draw_79
Male,1.0004927763318592,3,120.49049,pakistan,draw_79
Female,0.9995867067049381,2,120.6006,pakistan,draw_79
Male,0.9982655155956887,2,120.6006,pakistan,draw_79
Female,1.0018452846900578,3,120.6006,pakistan,draw_79
Male,0.9993885599523074,3,120.6006,pakistan,draw_79
Female,0.9983322870797487,2,120.71071,pakistan,draw_79
Male,0.9970429784898183,2,120.71071,pakistan,draw_79
Female,1.0006503983679431,3,120.71071,pakistan,draw_79
Male,0.9983099475962258,3,120.71071,pakistan,draw_79
Female,0.9971152776312304,2,120.82082,pakistan,draw_79
Male,0.9958573374929538,2,120.82082,pakistan,draw_79
Female,0.9994870987047224,3,120.82082,pakistan,draw_79
Male,0.9972596087014839,3,120.82082,pakistan,draw_79
Female,0.9959382203121392,2,120.93093,pakistan,draw_79
Male,0.9947107583485432,2,120.93093,pakistan,draw_79
Female,0.9983574710886012,3,120.93093,pakistan,draw_79
Male,0.9962391797662268,3,120.93093,pakistan,draw_79
Female,0.99480328540685,2,121.04104,pakistan,draw_79
Male,0.9936058795690058,2,121.04104,pakistan,draw_79
Female,0.9972637791819217,3,121.04104,pakistan,draw_79
Male,0.9952508757068089,3,121.04104,pakistan,draw_79
Female,0.9937079331210287,2,121.15115,pakistan,draw_79
Male,0.9925396579498805,2,121.15115,pakistan,draw_79
Female,0.9962032546616231,3,121.15115,pakistan,draw_79
Male,0.9942919061001181,3,121.15115,pakistan,draw_79
Female,0.9926515900727805,2,121.26126,pakistan,draw_79
Male,0.9915123524273622,2,121.26126,pakistan,draw_79
Female,0.9951756147189252,3,121.26126,pakistan,draw_79
Male,0.9933625420607032,3,121.26126,pakistan,draw_79
Female,0.991634344965479,2,121.37137,pakistan,draw_79
Male,0.9905226531256852,2,121.37137,pakistan,draw_79
Female,0.9941808363963353,3,121.37137,pakistan,draw_79
Male,0.9924619265153556,3,121.37137,pakistan,draw_79
Female,0.9906560020763288,2,121.48148,pakistan,draw_79
Male,0.9895722715126569,2,121.48148,pakistan,draw_79
Female,0.993218993549791,3,121.48148,pakistan,draw_79
Male,0.9915911460279594,3,121.48148,pakistan,draw_79
Female,0.9897187454836032,2,121.59159,pakistan,draw_79
Male,0.9886635001689532,2,121.59159,pakistan,draw_79
Female,0.9922917605716777,3,121.59159,pakistan,draw_79
Male,0.9907514704478178,3,121.59159,pakistan,draw_79
Female,0.9888217117420934,2,121.7017,pakistan,draw_79
Male,0.9877948180593197,2,121.7017,pakistan,draw_79
Female,0.9913994350749153,3,121.7017,pakistan,draw_79
Male,0.9899431299251183,3,121.7017,pakistan,draw_79
Female,0.9879630316743303,2,121.81181,pakistan,draw_79
Male,0.9869641941610302,2,121.81181,pakistan,draw_79
Female,0.9905400258869312,3,121.81181,pakistan,draw_79
Male,0.989164170658473,3,121.81181,pakistan,draw_79
Female,0.9871412760985442,2,121.92192,pakistan,draw_79
Male,0.986170280491277,2,121.92192,pakistan,draw_79
Female,0.9897123017543803,3,121.92192,pakistan,draw_79
Male,0.988413520338645,3,121.92192,pakistan,draw_79
Female,0.9863564906698009,2,122.03203,pakistan,draw_79
Male,0.9854130474362393,2,122.03203,pakistan,draw_79
Female,0.9889162717747514,3,122.03203,pakistan,draw_79
Male,0.9876911349787659,3,122.03203,pakistan,draw_79
Female,0.9856078440391619,2,122.14214,pakistan,draw_79
Male,0.9846931605448396,2,122.14214,pakistan,draw_79
Female,0.9881513649601018,3,122.14214,pakistan,draw_79
Male,0.9869973893668383,3,122.14214,pakistan,draw_79
Female,0.9848978733518141,2,122.25225,pakistan,draw_79
Male,0.9840118595636826,2,122.25225,pakistan,draw_79
Female,0.9874193892112179,3,122.25225,pakistan,draw_79
Male,0.986333011174989,3,122.25225,pakistan,draw_79
Female,0.9842270882721961,2,122.36236,pakistan,draw_79
Male,0.983369942129694,2,122.36236,pakistan,draw_79
Female,0.9867210622602636,3,122.36236,pakistan,draw_79
Male,0.9856988864365358,3,122.36236,pakistan,draw_79
Female,0.983594784524631,2,122.47247,pakistan,draw_79
Male,0.9827663956953444,2,122.47247,pakistan,draw_79
Female,0.9860563219836517,3,122.47247,pakistan,draw_79
Male,0.985094893436837,3,122.47247,pakistan,draw_79
Female,0.982997999899596,2,122.58258,pakistan,draw_79
Male,0.982198912628664,2,122.58258,pakistan,draw_79
Female,0.9854221830964991,3,122.58258,pakistan,draw_79
Male,0.9845187260325485,3,122.58258,pakistan,draw_79
Female,0.9824370456554044,2,122.69269,pakistan,draw_79
Male,0.9816672092030387,2,122.69269,pakistan,draw_79
Female,0.9848188990917587,3,122.69269,pakistan,draw_79
Male,0.9839701914595432,3,122.69269,pakistan,draw_79
Female,0.9819120383327785,2,122.8028,pakistan,draw_79
Male,0.9811708836628095,2,122.8028,pakistan,draw_79
Female,0.9842465898323449,3,122.8028,pakistan,draw_79
Male,0.9834490031246669,3,122.8028,pakistan,draw_79
Female,0.9814218626061433,2,122.91291,pakistan,draw_79
Male,0.9807108419786288,2,122.91291,pakistan,draw_79
Female,0.9837044202327611,3,122.91291,pakistan,draw_79
Male,0.9829556886401258,3,122.91291,pakistan,draw_79
Female,0.9809713134972952,2,123.02302,pakistan,draw_79
Male,0.980290252615314,2,123.02302,pakistan,draw_79
Female,0.9831957987464846,3,123.02302,pakistan,draw_79
Male,0.9824921551646046,3,123.02302,pakistan,draw_79
Female,0.9805591608103498,2,123.13313,pakistan,draw_79
Male,0.9799080806947797,2,123.13313,pakistan,draw_79
Female,0.9827208099221485,3,123.13313,pakistan,draw_79
Male,0.982058844166336,3,123.13313,pakistan,draw_79
Female,0.9801829003069945,2,123.24324,pakistan,draw_79
Male,0.9795619408716106,2,123.24324,pakistan,draw_79
Female,0.9822768370150384,3,123.24324,pakistan,draw_79
Male,0.9816534172681612,3,123.24324,pakistan,draw_79
Female,0.9798417416425808,2,123.35335,pakistan,draw_79
Male,0.9792508562925201,2,123.35335,pakistan,draw_79
Female,0.9818631377284095,3,123.35335,pakistan,draw_79
Male,0.9812750421786564,3,123.35335,pakistan,draw_79
Female,0.9795356224051208,2,123.46346,pakistan,draw_79
Male,0.9789752693241559,2,123.46346,pakistan,draw_79
Female,0.9814796751340844,3,123.46346,pakistan,draw_79
Male,0.9809239249395845,3,123.46346,pakistan,draw_79
Female,0.9792648249102405,2,123.57357,pakistan,draw_79
Male,0.9787354362426258,2,123.57357,pakistan,draw_79
Female,0.981126625479571,3,123.57357,pakistan,draw_79
Male,0.9806002313883004,3,123.57357,pakistan,draw_79
Female,0.979030793296715,2,123.68368,pakistan,draw_79
Male,0.9785317823619344,2,123.68368,pakistan,draw_79
Female,0.9808049430078035,3,123.68368,pakistan,draw_79
Male,0.980304181065339,3,123.68368,pakistan,draw_79
Female,0.9788361575920624,2,123.79379,pakistan,draw_79
Male,0.9783679024947413,2,123.79379,pakistan,draw_79
Female,0.9805168489823481,3,123.79379,pakistan,draw_79
Male,0.9800383464823735,3,123.79379,pakistan,draw_79
Female,0.9786789680596895,2,123.9039,pakistan,draw_79
Male,0.9782408712295906,2,123.9039,pakistan,draw_79
Female,0.9802612796391368,3,123.9039,pakistan,draw_79
Male,0.9798012675102574,3,123.9039,pakistan,draw_79
Female,0.9785570116609787,2,124.01401,pakistan,draw_79
Male,0.9781495950876847,2,124.01401,pakistan,draw_79
Female,0.9800358345285123,3,124.01401,pakistan,draw_79
Male,0.9795914157049668,3,124.01401,pakistan,draw_79
Female,0.9784708569936865,2,124.12412,pakistan,draw_79
Male,0.9780935295989243,2,124.12412,pakistan,draw_79
Female,0.9798408322195555,3,124.12412,pakistan,draw_79
Male,0.9794083972670294,3,124.12412,pakistan,draw_79
Female,0.978420464890267,2,124.23423,pakistan,draw_79
Male,0.978073238059239,2,124.23423,pakistan,draw_79
Female,0.9796762234409965,3,124.23423,pakistan,draw_79
Male,0.9792524786863701,3,124.23423,pakistan,draw_79
Female,0.9784062865167024,2,124.34434,pakistan,draw_79
Male,0.9780883701177058,2,124.34434,pakistan,draw_79
Female,0.9795422372254243,3,124.34434,pakistan,draw_79
Male,0.9791233875775298,3,124.34434,pakistan,draw_79
Female,0.9784305955888294,2,124.45445,pakistan,draw_79
Male,0.9781419579631913,2,124.45445,pakistan,draw_79
Female,0.9794404994978961,3,124.45445,pakistan,draw_79
Male,0.979022870162391,3,124.45445,pakistan,draw_79
Female,0.9784958464699263,2,124.56456,pakistan,draw_79
Male,0.9782359418394814,2,124.56456,pakistan,draw_79
Female,0.979373658142596,3,124.56456,pakistan,draw_79
Male,0.9789531686338533,3,124.56456,pakistan,draw_79
Female,0.978597697596276,2,124.67467,pakistan,draw_79
Male,0.9783656478824929,2,124.67467,pakistan,draw_79
Female,0.9793376878499506,3,124.67467,pakistan,draw_79
Male,0.9789105164402284,3,124.67467,pakistan,draw_79
Female,0.9787362340093401,2,124.78478,pakistan,draw_79
Male,0.9785318696403974,2,124.78478,pakistan,draw_79
Female,0.9793323988873616,3,124.78478,pakistan,draw_79
Male,0.9788951033224863,3,124.78478,pakistan,draw_79
Female,0.9789115710924173,2,124.89489,pakistan,draw_79
Male,0.9787347313984499,2,124.89489,pakistan,draw_79
Female,0.9793578157302301,3,124.89489,pakistan,draw_79
Male,0.9789069256763009,3,124.89489,pakistan,draw_79
Female,0.9791247265950697,2,125.00501,pakistan,draw_79
Male,0.9789737951959133,2,125.00501,pakistan,draw_79
Female,0.9794145175672829,3,125.00501,pakistan,draw_79
Male,0.9789456082278246,3,125.00501,pakistan,draw_79
Female,0.9793757034437143,2,125.11512,pakistan,draw_79
Male,0.9792503672648083,2,125.11512,pakistan,draw_79
Female,0.9795023644580698,3,125.11512,pakistan,draw_79
Male,0.9790118383425891,3,125.11512,pakistan,draw_79
Female,0.9795360063822404,2,125.22523,pakistan,draw_79
Male,0.9794355437298664,2,125.22523,pakistan,draw_79
Female,0.9795316784201286,3,125.22523,pakistan,draw_79
Male,0.9790296534105604,3,125.22523,pakistan,draw_79
Female,0.9794100848856181,2,125.33534,pakistan,draw_79
Male,0.9793349231400033,2,125.33534,pakistan,draw_79
Female,0.9793654396678518,3,125.33534,pakistan,draw_79
Male,0.9788837827238507,3,125.33534,pakistan,draw_79
Female,0.9792982090744846,2,125.44545,pakistan,draw_79
Male,0.9792491858379153,2,125.44545,pakistan,draw_79
Female,0.9792135320892148,3,125.44545,pakistan,draw_79
Male,0.978751699787353,3,125.44545,pakistan,draw_79
Female,0.9792007662144889,2,125.55556,pakistan,draw_79
Male,0.9791771154219168,2,125.55556,pakistan,draw_79
Female,0.9790761841324306,3,125.55556,pakistan,draw_79
Male,0.9786326284871585,3,125.55556,pakistan,draw_79
Female,0.9791177120856063,2,125.66567,pakistan,draw_79
Male,0.9791197182841267,2,125.66567,pakistan,draw_79
Female,0.9789534396934669,3,125.66567,pakistan,draw_79
Male,0.9785272436795192,3,125.66567,pakistan,draw_79
Female,0.9790497025088531,2,125.77578,pakistan,draw_79
Male,0.9790770330930461,2,125.77578,pakistan,draw_79
Female,0.978846000619626,3,125.77578,pakistan,draw_79
Male,0.9784358475077857,3,125.77578,pakistan,draw_79
Female,0.9789983169091406,2,125.88589,pakistan,draw_79
Male,0.9790508262811173,2,125.88589,pakistan,draw_79
Female,0.9787554640997775,3,125.88589,pakistan,draw_79
Male,0.9783600380655559,3,125.88589,pakistan,draw_79
Female,0.9789684180820628,2,125.996,pakistan,draw_79
Male,0.9790463637833648,2,125.996,pakistan,draw_79
Female,0.9786874688780818,3,125.996,pakistan,draw_79
Male,0.9783053820807653,3,125.996,pakistan,draw_79
Female,0.9789586339025048,2,126.10611,pakistan,draw_79
Male,0.9790616277381239,2,126.10611,pakistan,draw_79
Female,0.9786403264867019,3,126.10611,pakistan,draw_79
Male,0.9782698768424564,3,126.10611,pakistan,draw_79
Female,0.978968568779624,2,126.21622,pakistan,draw_79
Male,0.979096196449788,2,126.21622,pakistan,draw_79
Female,0.9786136512239276,3,126.21622,pakistan,draw_79
Male,0.9782531614446677,3,126.21622,pakistan,draw_79
Female,0.9789979808881593,2,126.32633,pakistan,draw_79
Male,0.9791501883294897,2,126.32633,pakistan,draw_79
Female,0.9786072909342589,3,126.32633,pakistan,draw_79
Male,0.9782553114252724,3,126.32633,pakistan,draw_79
Female,0.9790459373160804,2,126.43644,pakistan,draw_79
Male,0.979222845827831,2,126.43644,pakistan,draw_79
Female,0.9786202651796353,3,126.43644,pakistan,draw_79
Male,0.9782755087824129,3,126.43644,pakistan,draw_79
Female,0.9791106574597982,2,126.54655,pakistan,draw_79
Male,0.979311567699841,2,126.54655,pakistan,draw_79
Female,0.9786505903484414,3,126.54655,pakistan,draw_79
Male,0.9783113993371355,3,126.54655,pakistan,draw_79
Female,0.9791915483968172,2,126.65666,pakistan,draw_79
Male,0.9794167594472822,2,126.65666,pakistan,draw_79
Female,0.9786975830356812,3,126.65666,pakistan,draw_79
Male,0.9783629344653791,3,126.65666,pakistan,draw_79
Female,0.9792882243767755,2,126.76677,pakistan,draw_79
Male,0.9795373224691141,2,126.76677,pakistan,draw_79
Female,0.9787609470507667,3,126.76677,pakistan,draw_79
Male,0.9784294269117054,3,126.76677,pakistan,draw_79
Female,0.9793983336123117,2,126.87688,pakistan,draw_79
Male,0.9796715327072743,2,126.87688,pakistan,draw_79
Female,0.978838345067041,3,126.87688,pakistan,draw_79
Male,0.9785091091880294,3,126.87688,pakistan,draw_79
Female,0.9795225755626428,2,126.98699,pakistan,draw_79
Male,0.9798193043704798,2,126.98699,pakistan,draw_79
Female,0.9789302505886953,3,126.98699,pakistan,draw_79
Male,0.9786019283490578,3,126.98699,pakistan,draw_79
Female,0.9796607992774992,2,127.0971,pakistan,draw_79
Male,0.979981187626294,2,127.0971,pakistan,draw_79
Female,0.9790365682360291,3,127.0971,pakistan,draw_79
Male,0.9787082021164815,3,127.0971,pakistan,draw_79
Female,0.9798123068523698,2,127.20721,pakistan,draw_79
Male,0.9801558898647983,2,127.20721,pakistan,draw_79
Female,0.9791568159137058,3,127.20721,pakistan,draw_79
Male,0.9788271805579153,3,127.20721,pakistan,draw_79
Female,0.9799769031953535,2,127.31732,pakistan,draw_79
Male,0.9803443956146485,2,127.31732,pakistan,draw_79
Female,0.979290881901244,3,127.31732,pakistan,draw_79
Male,0.9789594621986412,3,127.31732,pakistan,draw_79
Female,0.9801572375082592,2,127.42743,pakistan,draw_79
Male,0.9805476467784258,2,127.42743,pakistan,draw_79
Female,0.9794413543795485,3,127.42743,pakistan,draw_79
Male,0.9791064230351737,3,127.42743,pakistan,draw_79
Female,0.980349317080043,2,127.53754,pakistan,draw_79
Male,0.9807622130805627,2,127.53754,pakistan,draw_79
Female,0.9796044300183147,3,127.53754,pakistan,draw_79
Male,0.9792649159988244,3,127.53754,pakistan,draw_79
Female,0.9805546677453839,2,127.64765,pakistan,draw_79
Male,0.9809898006607403,2,127.64765,pakistan,draw_79
Female,0.979781351015714,3,127.64765,pakistan,draw_79
Male,0.979436120296053,3,127.64765,pakistan,draw_79
Female,0.9807727815491516,2,127.75776,pakistan,draw_79
Male,0.9812305570205622,2,127.75776,pakistan,draw_79
Female,0.9799719313486387,3,127.75776,pakistan,draw_79
Male,0.9796203398476404,3,127.75776,pakistan,draw_79
Female,0.9810049750432374,2,127.86787,pakistan,draw_79
Male,0.9814839139660468,2,127.86787,pakistan,draw_79
Female,0.9801771889483556,3,127.86787,pakistan,draw_79
Male,0.9798173462262776,3,127.86787,pakistan,draw_79
Female,0.9812505278566094,2,127.97798,pakistan,draw_79
Male,0.9817508197852468,2,127.97798,pakistan,draw_79
Female,0.980396550329018,3,127.97798,pakistan,draw_79
Male,0.9800276232813383,3,127.97798,pakistan,draw_79
Female,0.9815095722755176,2,128.08809,pakistan,draw_79
Male,0.9820307666694019,2,128.08809,pakistan,draw_79
Female,0.9806302468401905,3,128.08809,pakistan,draw_79
Male,0.9802510335602781,3,128.08809,pakistan,draw_79
Female,0.9817825101423574,2,128.1982,pakistan,draw_79
Male,0.9823248993467989,2,128.1982,pakistan,draw_79
Female,0.9808784835339457,3,128.1982,pakistan,draw_79
Male,0.9804881705508948,3,128.1982,pakistan,draw_79
Female,0.9820679274121317,2,128.30831,pakistan,draw_79
Male,0.9826301321021798,2,128.30831,pakistan,draw_79
Female,0.9811397736915517,3,128.30831,pakistan,draw_79
Male,0.9807366618755333,3,128.30831,pakistan,draw_79
Female,0.9823650907161922,2,128.41842,pakistan,draw_79
Male,0.9829476514353703,2,128.41842,pakistan,draw_79
Female,0.9814133377868418,3,128.41842,pakistan,draw_79
Male,0.9809969186926034,3,128.41842,pakistan,draw_79
Female,0.98267310807226,2,128.52853,pakistan,draw_79
Male,0.9832756546684164,2,128.52853,pakistan,draw_79
Female,0.9816982988614124,3,128.52853,pakistan,draw_79
Male,0.9812675584029633,3,128.52853,pakistan,draw_79
Female,0.982991930125489,2,128.63864,pakistan,draw_79
Male,0.9836142755450423,2,128.63864,pakistan,draw_79
Female,0.9819943914686695,3,128.63864,pakistan,draw_79
Male,0.981548440900154,3,128.63864,pakistan,draw_79
Female,0.9833207242313163,2,128.74875,pakistan,draw_79
Male,0.9839626216792807,2,128.74875,pakistan,draw_79
Female,0.9823009793387927,3,128.74875,pakistan,draw_79
Male,0.981838985698755,3,128.74875,pakistan,draw_79
Female,0.983662322233256,2,128.85886,pakistan,draw_79
Male,0.9843237275458505,2,128.85886,pakistan,draw_79
Female,0.9826206143149586,3,128.85886,pakistan,draw_79
Male,0.9821416146548297,3,128.85886,pakistan,draw_79
Female,0.9840133728688513,2,128.96897,pakistan,draw_79
Male,0.9846938995662851,2,128.96897,pakistan,draw_79
Female,0.9829502231793937,3,128.96897,pakistan,draw_79
Male,0.9824533419010641,3,128.96897,pakistan,draw_79
Female,0.9843747359340455,2,129.07908,pakistan,draw_79
Male,0.9850741413486189,2,129.07908,pakistan,draw_79
Female,0.9832903972531887,3,129.07908,pakistan,draw_79
Male,0.9827747568283459,3,129.07908,pakistan,draw_79
Female,0.984745609045438,2,129.18919,pakistan,draw_79
Male,0.98546395951578,2,129.18919,pakistan,draw_79
Female,0.9836406138766386,3,129.18919,pakistan,draw_79
Male,0.9831055835788997,3,129.18919,pakistan,draw_79
Female,0.9851268630674702,2,129.2993,pakistan,draw_79
Male,0.9858635269431595,2,129.2993,pakistan,draw_79
Female,0.9840014642540696,3,129.2993,pakistan,draw_79
Male,0.9834459404416621,3,129.2993,pakistan,draw_79
Female,0.9855175522406423,2,129.40941,pakistan,draw_79
Male,0.9862724624711311,2,129.40941,pakistan,draw_79
Female,0.9843722945003063,3,129.40941,pakistan,draw_79
Male,0.9837956157196139,3,129.40941,pakistan,draw_79
Female,0.985919539935689,2,129.51952,pakistan,draw_79
Male,0.9866924102231794,2,129.51952,pakistan,draw_79
Female,0.9847548458125835,3,129.51952,pakistan,draw_79
Male,0.9841560360891921,3,129.51952,pakistan,draw_79
Female,0.9863327859846582,2,129.62963,pakistan,draw_79
Male,0.9871235893466045,2,129.62963,pakistan,draw_79
Female,0.9851490525797338,3,129.62963,pakistan,draw_79
Male,0.9845272894781908,3,129.62963,pakistan,draw_79
Female,0.9867564123995206,2,129.73974,pakistan,draw_79
Male,0.9875640515491615,2,129.73974,pakistan,draw_79
Female,0.9855539785649787,3,129.73974,pakistan,draw_79
Male,0.9849078462521617,3,129.73974,pakistan,draw_79
Female,0.9871899715326632,2,129.84985,pakistan,draw_79
Male,0.9880146854729969,2,129.84985,pakistan,draw_79
Female,0.9859692664114535,3,129.84985,pakistan,draw_79
Male,0.9852982348133769,3,129.84985,pakistan,draw_79
Female,0.9876336732326613,2,129.95996,pakistan,draw_79
Male,0.9884746584162861,2,129.95996,pakistan,draw_79
Female,0.9863951002765962,3,129.95996,pakistan,draw_79
Male,0.9856979908142558,3,129.95996,pakistan,draw_79
Female,0.9880873383448319,2,130.07007,pakistan,draw_79
Male,0.988944893212959,2,130.07007,pakistan,draw_79
Female,0.986831348101896,3,130.07007,pakistan,draw_79
Male,0.9861076576987002,3,130.07007,pakistan,draw_79
Female,0.9885510813786906,2,130.18018,pakistan,draw_79
Male,0.989424783691385,2,130.18018,pakistan,draw_79
Female,0.9872781749458348,3,130.18018,pakistan,draw_79
Male,0.9865269996545908,3,130.18018,pakistan,draw_79
Female,0.9890275025217035,2,130.29029,pakistan,draw_79
Male,0.989917016447005,2,130.29029,pakistan,draw_79
Female,0.9877380967162767,3,130.29029,pakistan,draw_79
Male,0.9869583981781501,3,130.29029,pakistan,draw_79
Female,0.9895144624141476,2,130.4004,pakistan,draw_79
Male,0.9904186574484879,2,130.4004,pakistan,draw_79
Female,0.9882088705670078,3,130.4004,pakistan,draw_79
Male,0.9873993121083181,3,130.4004,pakistan,draw_79
Female,0.9900113670709558,2,130.51051,pakistan,draw_79
Male,0.9909304463123224,2,130.51051,pakistan,draw_79
Female,0.9886900850819537,3,130.51051,pakistan,draw_79
Male,0.9878501765241725,3,130.51051,pakistan,draw_79
Female,0.9905183368089154,2,130.62062,pakistan,draw_79
Male,0.9914514267934732,2,130.62062,pakistan,draw_79
Female,0.9891817273699718,3,130.62062,pakistan,draw_79
Male,0.9883102965606578,3,130.62062,pakistan,draw_79
Female,0.9910347465758529,2,130.73073,pakistan,draw_79
Male,0.9919815365966957,2,130.73073,pakistan,draw_79
Female,0.9896831937025748,3,130.73073,pakistan,draw_79
Male,0.9887793958198595,3,130.73073,pakistan,draw_79
Female,0.9915593168483693,2,130.84084,pakistan,draw_79
Male,0.9925192417535129,2,130.84084,pakistan,draw_79
Female,0.9901933783878186,3,130.84084,pakistan,draw_79
Male,0.9892563391520351,3,130.84084,pakistan,draw_79
Female,0.9920933801025422,2,130.95095,pakistan,draw_79
Male,0.9930664823553503,2,130.95095,pakistan,draw_79
Female,0.9907136291174156,3,130.95095,pakistan,draw_79
Male,0.9897427357525246,3,130.95095,pakistan,draw_79
Female,0.9926368703685794,2,131.06106,pakistan,draw_79
Male,0.9936227554161087,2,131.06106,pakistan,draw_79
Female,0.9912437607176866,3,131.06106,pakistan,draw_79
Male,0.9902382106534309,3,131.06106,pakistan,draw_79
Female,0.993189207748523,2,131.17117,pakistan,draw_79
Male,0.9941868035676671,2,131.17117,pakistan,draw_79
Female,0.9917830830102282,3,131.17117,pakistan,draw_79
Male,0.9907416991375071,3,131.17117,pakistan,draw_79
Female,0.9937498917382281,2,131.28128,pakistan,draw_79
Male,0.9947582891959964,2,131.28128,pakistan,draw_79
Female,0.9923312672808194,3,131.28128,pakistan,draw_79
Male,0.9912530274835518,3,131.28128,pakistan,draw_79
Female,0.9943199351899671,2,131.39139,pakistan,draw_79
Male,0.9953392803317344,2,131.39139,pakistan,draw_79
Female,0.9928890006466101,3,131.39139,pakistan,draw_79
Male,0.991773390152493,3,131.39139,pakistan,draw_79
Female,0.9948987701166097,2,131.5015,pakistan,draw_79
Male,0.9959281030693415,2,131.5015,pakistan,draw_79
Female,0.9934559090506425,3,131.5015,pakistan,draw_79
Male,0.9923018270134001,3,131.5015,pakistan,draw_79
Female,0.9954865070883608,2,131.61161,pakistan,draw_79
Male,0.996525576354723,2,131.61161,pakistan,draw_79
Female,0.9940321707403704,3,131.61161,pakistan,draw_79
Male,0.9928388998599446,3,131.61161,pakistan,draw_79
Female,0.996084825632621,2,131.72172,pakistan,draw_79
Male,0.9971334784081033,2,131.72172,pakistan,draw_79
Female,0.994619515082468,3,131.72172,pakistan,draw_79
Male,0.9933862724648979,3,131.72172,pakistan,draw_79
Female,0.9966919848995431,2,131.83183,pakistan,draw_79
Male,0.9977493688561364,2,131.83183,pakistan,draw_79
Female,0.9952160800186125,3,131.83183,pakistan,draw_79
Male,0.9939418536567342,3,131.83183,pakistan,draw_79
Female,0.9973087092723913,2,131.94194,pakistan,draw_79
Male,0.9983736586265561,2,131.94194,pakistan,draw_79
Female,0.995822343759773,3,131.94194,pakistan,draw_79
Male,0.9945059082599409,3,131.94194,pakistan,draw_79
Female,0.9979343436530261,2,132.05205,pakistan,draw_79
Male,0.999006689610889,2,132.05205,pakistan,draw_79
Female,0.9964379193564553,3,132.05205,pakistan,draw_79
Male,0.9950786031527294,3,132.05205,pakistan,draw_79
Female,0.9985687210333004,2,132.16216,pakistan,draw_79
Male,0.9996481538225234,2,132.16216,pakistan,draw_79
Female,0.9970626108033274,3,132.16216,pakistan,draw_79
Male,0.9956597584933534,3,132.16216,pakistan,draw_79
Female,0.9992119593432462,2,132.27227,pakistan,draw_79
Male,1.0002974107591118,2,132.27227,pakistan,draw_79
Female,0.9976963707745651,3,132.27227,pakistan,draw_79
Male,0.9962487774142796,3,132.27227,pakistan,draw_79
Female,0.9998632667813181,2,132.38238,pakistan,draw_79
Male,1.0009542081534217,2,132.38238,pakistan,draw_79
Female,0.9983384443138749,3,132.38238,pakistan,draw_79
Male,0.9968453320846651,3,132.38238,pakistan,draw_79
Female,1.000521232307131,2,132.49249,pakistan,draw_79
Male,1.0016172568189052,2,132.49249,pakistan,draw_79
Female,0.9989874860525947,3,132.49249,pakistan,draw_79
Male,0.9974482356942245,3,132.49249,pakistan,draw_79
Female,1.001185194963449,2,132.6026,pakistan,draw_79
Male,1.0022863277671898,2,132.6026,pakistan,draw_79
Female,0.9996427264078868,3,132.6026,pakistan,draw_79
Male,0.9980570386488816,3,132.6026,pakistan,draw_79
Female,1.001855289785455,2,132.71271,pakistan,draw_79
Male,1.002960599123611,2,132.71271,pakistan,draw_79
Female,1.0003042662651023,3,132.71271,pakistan,draw_79
Male,0.9986712134230215,3,132.71271,pakistan,draw_79
Female,1.0025321855573341,2,132.82282,pakistan,draw_79
Male,1.0036409221815108,2,132.82282,pakistan,draw_79
Female,1.0009725874205426,3,132.82282,pakistan,draw_79
Male,0.9992913018713125,3,132.82282,pakistan,draw_79
Female,1.003214847296441,2,132.93293,pakistan,draw_79
Male,1.0043274127581165,2,132.93293,pakistan,draw_79
Female,1.0016469688618526,3,132.93293,pakistan,draw_79
Male,0.9999173682996785,3,132.93293,pakistan,draw_79
Female,1.0039038112921381,2,133.04304,pakistan,draw_79
Male,1.0050190070633576,2,133.04304,pakistan,draw_79
Female,1.0023278173971846,3,133.04304,pakistan,draw_79
Male,1.0005488476912792,3,133.04304,pakistan,draw_79
Female,1.0046009004486138,2,133.15315,pakistan,draw_79
Male,1.0057182765430146,2,133.15315,pakistan,draw_79
Female,1.0030167608267457,3,133.15315,pakistan,draw_79
Male,1.0011875971620077,3,133.15315,pakistan,draw_79
Female,1.0053035227044267,2,133.26326,pakistan,draw_79
Male,1.0064232177706443,2,133.26326,pakistan,draw_79
Female,1.0037116164005035,3,133.26326,pakistan,draw_79
Male,1.0018320124126316,3,133.26326,pakistan,draw_79
Female,1.0060134170925066,2,133.37337,pakistan,draw_79
Male,1.0071340929182453,2,133.37337,pakistan,draw_79
Female,1.0044135514587107,3,133.37337,pakistan,draw_79
Male,1.0024823293205831,3,133.37337,pakistan,draw_79
Female,1.0067300806566788,2,133.48348,pakistan,draw_79
Male,1.0078507839118103,2,133.48348,pakistan,draw_79
Female,1.0051221802492232,3,133.48348,pakistan,draw_79
Male,1.0031384546225888,3,133.48348,pakistan,draw_79
Female,1.0074528291821667,2,133.59359,pakistan,draw_79
Male,1.008573892916483,2,133.59359,pakistan,draw_79
Female,1.0058371071935288,3,133.59359,pakistan,draw_79
Male,1.0038007614852158,3,133.59359,pakistan,draw_79
Female,1.0081825313531598,2,133.7037,pakistan,draw_79
Male,1.009303123703349,2,133.7037,pakistan,draw_79
Female,1.0065589263812922,3,133.7037,pakistan,draw_79
Male,1.0044691511820572,3,133.7037,pakistan,draw_79
Female,1.0089194390072598,2,133.81381,pakistan,draw_79
Male,1.0100389935286485,2,133.81381,pakistan,draw_79
Female,1.0072881265882665,3,133.81381,pakistan,draw_79
Male,1.0051442298139295,3,133.81381,pakistan,draw_79
Female,1.009664041078022,2,133.92392,pakistan,draw_79
Male,1.0107816497083268,2,133.92392,pakistan,draw_79
Female,1.0080249080454367,3,133.92392,pakistan,draw_79
Male,1.0058258878232895,3,133.92392,pakistan,draw_79
Female,1.0104153038414794,2,134.03403,pakistan,draw_79
Male,1.0115303882672284,2,134.03403,pakistan,draw_79
Female,1.008768445274743,3,134.03403,pakistan,draw_79
Male,1.0065135486758423,3,134.03403,pakistan,draw_79
Female,1.0111737047507756,2,134.14414,pakistan,draw_79
Male,1.0122859920226275,2,134.14414,pakistan,draw_79
Female,1.0095189698646176,3,134.14414,pakistan,draw_79
Male,1.0072076718901557,3,134.14414,pakistan,draw_79
Female,1.0119390497629783,2,134.25425,pakistan,draw_79
Male,1.0130477858053741,2,134.25425,pakistan,draw_79
Female,1.0102764260392838,3,134.25425,pakistan,draw_79
Male,1.0079079043990709,3,134.25425,pakistan,draw_79
Female,1.0127112953602286,2,134.36436,pakistan,draw_79
Male,1.0138158200263532,2,134.36436,pakistan,draw_79
Female,1.0110407661595593,3,134.36436,pakistan,draw_79
Male,1.0086142626438452,3,134.36436,pakistan,draw_79
Female,1.0134914064530594,2,134.47447,pakistan,draw_79
Male,1.0145905867492089,2,134.47447,pakistan,draw_79
Female,1.011812800806849,3,134.47447,pakistan,draw_79
Male,1.0093272057983265,3,134.47447,pakistan,draw_79
Female,1.0142791245345941,2,134.58458,pakistan,draw_79
Male,1.0153731343990011,2,134.58458,pakistan,draw_79
Female,1.0125927095070668,3,134.58458,pakistan,draw_79
Male,1.0100476407107424,3,134.58458,pakistan,draw_79
Female,1.0150739514408922,2,134.69469,pakistan,draw_79
Male,1.0161620089769863,2,134.69469,pakistan,draw_79
Female,1.0133797021171054,3,134.69469,pakistan,draw_79
Male,1.0107743264093796,3,134.69469,pakistan,draw_79
Female,1.0158766782718192,2,134.8048,pakistan,draw_79
Male,1.0169578892151876,2,134.8048,pakistan,draw_79
Female,1.0141742885970462,3,134.8048,pakistan,draw_79
Male,1.0115075965467548,3,134.8048,pakistan,draw_79
Female,1.0166869953663418,2,134.91491,pakistan,draw_79
Male,1.017760128566857,2,134.91491,pakistan,draw_79
Female,1.0149762604295942,3,134.91491,pakistan,draw_79
Male,1.0122470801079624,3,134.91491,pakistan,draw_79
Female,1.0175044882200448,2,135.02503,pakistan,draw_79
Male,1.0185692042934973,2,135.02503,pakistan,draw_79
Female,1.015785319825488,3,135.02503,pakistan,draw_79
Male,1.0129931848752443,3,135.02503,pakistan,draw_79
Female,1.018137214163513,2,135.13514,pakistan,draw_79
Male,1.0191960017212713,2,135.13514,pakistan,draw_79
Female,1.016399665538817,3,135.13514,pakistan,draw_79
Male,1.0135546380190892,3,135.13514,pakistan,draw_79
Female,1.0185399254791399,2,135.24525,pakistan,draw_79
Male,1.019596169446394,2,135.24525,pakistan,draw_79
Female,1.0167719434486413,3,135.24525,pakistan,draw_79
Male,1.013886760995653,3,135.24525,pakistan,draw_79
Female,1.018944233777155,2,135.35536,pakistan,draw_79
Male,1.0199973693614892,2,135.35536,pakistan,draw_79
Female,1.0171461795784602,3,135.35536,pakistan,draw_79
Male,1.014220402445908,3,135.35536,pakistan,draw_79
Female,1.0193513842016293,2,135.46547,pakistan,draw_79
Male,1.0204010926251887,2,135.46547,pakistan,draw_79
Female,1.0175231590986602,3,135.46547,pakistan,draw_79
Male,1.0145563755161975,3,135.46547,pakistan,draw_79
Female,1.0197600195997514,2,135.57558,pakistan,draw_79
Male,1.0208062877981579,2,135.57558,pakistan,draw_79
Female,1.0179019973859054,3,135.57558,pakistan,draw_79
Male,1.0148940619871125,3,135.57558,pakistan,draw_79
Female,1.0201709838780284,2,135.68569,pakistan,draw_79
Male,1.021212478438678,2,135.68569,pakistan,draw_79
Female,1.0182832458026712,3,135.68569,pakistan,draw_79
Male,1.0152331972476147,3,135.68569,pakistan,draw_79
Female,1.0205834246755596,2,135.7958,pakistan,draw_79
Male,1.0216199200888787,2,135.7958,pakistan,draw_79
Female,1.0186663507615181,3,135.7958,pakistan,draw_79
Male,1.015573945495925,3,135.7958,pakistan,draw_79
Female,1.0209971841823162,2,135.90591,pakistan,draw_79
Male,1.0220289177042383,2,135.90591,pakistan,draw_79
Female,1.0190512154862226,3,135.90591,pakistan,draw_79
Male,1.0159165291763,3,135.90591,pakistan,draw_79
Female,1.0214136732778305,2,136.01602,pakistan,draw_79
Male,1.022439092233945,2,136.01602,pakistan,draw_79
Female,1.0194389298677142,3,136.01602,pakistan,draw_79
Male,1.0162608328312999,3,136.01602,pakistan,draw_79
Female,1.0218313039643938,2,136.12613,pakistan,draw_79
Male,1.0228503356031204,2,136.12613,pakistan,draw_79
Female,1.0198282732936994,3,136.12613,pakistan,draw_79
Male,1.0166066406322176,3,136.12613,pakistan,draw_79
Female,1.0222506656740844,2,136.23624,pakistan,draw_79
Male,1.0232623997309414,2,136.23624,pakistan,draw_79
Female,1.0202196548812767,3,136.23624,pakistan,draw_79
Male,1.0169538155848965,3,136.23624,pakistan,draw_79
Female,1.0226710632067681,2,136.34635,pakistan,draw_79
Male,1.0236751431701387,2,136.34635,pakistan,draw_79
Female,1.0206125846486345,3,136.34635,pakistan,draw_79
Male,1.0173022703754182,3,136.34635,pakistan,draw_79
Female,1.0230939804229446,2,136.45646,pakistan,draw_79
Male,1.024089386939745,2,136.45646,pakistan,draw_79
Female,1.021008067372715,3,136.45646,pakistan,draw_79
Male,1.0176524777897675,3,136.45646,pakistan,draw_79
Female,1.0235180029754536,2,136.56657,pakistan,draw_79
Male,1.0245044218529982,2,136.56657,pakistan,draw_79
Female,1.0214051693808281,3,136.56657,pakistan,draw_79
Male,1.0180040523305476,3,136.56657,pakistan,draw_79
Female,1.0239439008336713,2,136.67668,pakistan,draw_79
Male,1.0249207528878044,2,136.67668,pakistan,draw_79
Female,1.0218045516948957,3,136.67668,pakistan,draw_79
Male,1.0183574427668278,3,136.67668,pakistan,draw_79
Female,1.0243720804302785,2,136.78679,pakistan,draw_79
Male,1.0253387948043762,2,136.78679,pakistan,draw_79
Female,1.0222063863598394,3,136.78679,pakistan,draw_79
Male,1.0187127654795625,3,136.78679,pakistan,draw_79
Female,1.024801444178305,2,136.8969,pakistan,draw_79
Male,1.0257567192191233,2,136.8969,pakistan,draw_79
Female,1.0226098843446148,3,136.8969,pakistan,draw_79
Male,1.019068948331593,3,136.8969,pakistan,draw_79
Female,1.0252320717309853,2,137.00701,pakistan,draw_79
Male,1.0261759591249078,2,137.00701,pakistan,draw_79
Female,1.0230151046442764,3,137.00701,pakistan,draw_79
Male,1.0194267924020555,3,137.00701,pakistan,draw_79
Female,1.0256645980523644,2,137.11712,pakistan,draw_79
Male,1.0265964439041377,2,137.11712,pakistan,draw_79
Female,1.0234224490226114,3,137.11712,pakistan,draw_79
Male,1.0197862683905055,3,137.11712,pakistan,draw_79
Female,1.0260988755645732,2,137.22723,pakistan,draw_79
Male,1.0270178774140588,2,137.22723,pakistan,draw_79
Female,1.0238318256110792,3,137.22723,pakistan,draw_79
Male,1.0201472004450418,3,137.22723,pakistan,draw_79
Female,1.0265350266219009,2,137.33734,pakistan,draw_79
Male,1.0274409428905387,2,137.33734,pakistan,draw_79
Female,1.0242433983830392,3,137.33734,pakistan,draw_79
Male,1.0205100241248726,3,137.33734,pakistan,draw_79
Female,1.0269730570768765,2,137.44745,pakistan,draw_79
Male,1.0278646440660713,2,137.44745,pakistan,draw_79
Female,1.0246572513772874,3,137.44745,pakistan,draw_79
Male,1.0208742810197695,3,137.44745,pakistan,draw_79
Female,1.0274128630389063,2,137.55756,pakistan,draw_79
Male,1.0282899134340477,2,137.55756,pakistan,draw_79
Female,1.0250731694672939,3,137.55756,pakistan,draw_79
Male,1.0212403446324319,3,137.55756,pakistan,draw_79
Female,1.0278540909465053,2,137.66767,pakistan,draw_79
Male,1.0287158505205571,2,137.66767,pakistan,draw_79
Female,1.0254909151519171,3,137.66767,pakistan,draw_79
Male,1.021607725170428,3,137.66767,pakistan,draw_79
Female,1.028296899729251,2,137.77778,pakistan,draw_79
Male,1.0291426004246635,2,137.77778,pakistan,draw_79
Female,1.0259105902902252,3,137.77778,pakistan,draw_79
Male,1.0219765112701034,3,137.77778,pakistan,draw_79
Female,1.0287415670904436,2,137.88789,pakistan,draw_79
Male,1.0295703828741907,2,137.88789,pakistan,draw_79
Female,1.026332354412597,3,137.88789,pakistan,draw_79
Male,1.0223468046418707,3,137.88789,pakistan,draw_79
Female,1.02918798679292,2,137.998,pakistan,draw_79
Male,1.0299998559258934,2,137.998,pakistan,draw_79
Female,1.0267561585954703,3,137.998,pakistan,draw_79
Male,1.0227189757626771,3,137.998,pakistan,draw_79
Female,1.029636509659401,2,138.10811,pakistan,draw_79
Male,1.0304304322200986,2,138.10811,pakistan,draw_79
Female,1.02718241038413,3,138.10811,pakistan,draw_79
Male,1.0230928560565642,3,138.10811,pakistan,draw_79
Female,1.0300865310151612,2,138.21822,pakistan,draw_79
Male,1.0308617262384316,2,138.21822,pakistan,draw_79
Female,1.027610552228416,3,138.21822,pakistan,draw_79
Male,1.02346810401628,3,138.21822,pakistan,draw_79
Female,1.0305384476056383,2,138.32833,pakistan,draw_79
Male,1.031294081037962,2,138.32833,pakistan,draw_79
Female,1.0280408425282785,3,138.32833,pakistan,draw_79
Male,1.0238449156930414,3,138.32833,pakistan,draw_79
Female,1.0309920065490485,2,138.43844,pakistan,draw_79
Male,1.0317278762765554,2,138.43844,pakistan,draw_79
Female,1.0284730687168877,3,138.43844,pakistan,draw_79
Male,1.0242234906695127,3,138.43844,pakistan,draw_79
Female,1.0314467019133406,2,138.54855,pakistan,draw_79
Male,1.0321625317559129,2,138.54855,pakistan,draw_79
Female,1.0289069013392012,3,138.54855,pakistan,draw_79
Male,1.0246034852361297,3,138.54855,pakistan,draw_79
Female,1.0319035082264016,2,138.65866,pakistan,draw_79
Male,1.0325978160917477,2,138.65866,pakistan,draw_79
Female,1.0293430248358801,3,138.65866,pakistan,draw_79
Male,1.0249847711641462,3,138.65866,pakistan,draw_79
Female,1.032362108503452,2,138.76877,pakistan,draw_79
Male,1.0330346036996876,2,138.76877,pakistan,draw_79
Female,1.0297812712408076,3,138.76877,pakistan,draw_79
Male,1.0253679100429272,3,138.76877,pakistan,draw_79
Female,1.0328228147261895,2,138.87888,pakistan,draw_79
Male,1.0334724352573317,2,138.87888,pakistan,draw_79
Female,1.0302219481022836,3,138.87888,pakistan,draw_79
Male,1.0257527184366388,3,138.87888,pakistan,draw_79
Female,1.033285455245057,2,138.98899,pakistan,draw_79
Male,1.0339115863462838,2,138.98899,pakistan,draw_79
Female,1.030664802510208,3,138.98899,pakistan,draw_79
Male,1.0261392115709074,3,138.98899,pakistan,draw_79
Female,1.0337489883519562,2,139.0991,pakistan,draw_79
Male,1.0343511146297935,2,139.0991,pakistan,draw_79
Female,1.0311091424996157,3,139.0991,pakistan,draw_79
Male,1.0265268195034927,3,139.0991,pakistan,draw_79
Female,1.0342146395769198,2,139.20921,pakistan,draw_79
Male,1.0347921429031417,2,139.20921,pakistan,draw_79
Female,1.0315557857705948,3,139.20921,pakistan,draw_79
Male,1.0269161848038175,3,139.20921,pakistan,draw_79
Female,1.0346813910566757,2,139.31932,pakistan,draw_79
Male,1.0352336063817558,2,139.31932,pakistan,draw_79
Female,1.0320040176656484,3,139.31932,pakistan,draw_79
Male,1.0273067368557058,3,139.31932,pakistan,draw_79
Female,1.0351504247582475,2,139.42943,pakistan,draw_79
Male,1.0356766094551961,2,139.42943,pakistan,draw_79
Female,1.0324546401093166,3,139.42943,pakistan,draw_79
Male,1.0276991030473432,3,139.42943,pakistan,draw_79
Female,1.0356209813825439,2,139.53954,pakistan,draw_79
Male,1.0361210349208179,2,139.53954,pakistan,draw_79
Female,1.0329073072099946,3,139.53954,pakistan,draw_79
Male,1.0280933826767096,3,139.53954,pakistan,draw_79
Female,1.0360940688469396,2,139.64965,pakistan,draw_79
Male,1.036566245347923,2,139.64965,pakistan,draw_79
Female,1.0333625564504803,3,139.64965,pakistan,draw_79
Male,1.028489072769031,3,139.64965,pakistan,draw_79
Female,1.03656764311957,2,139.75976,pakistan,draw_79
Male,1.03701190285708,2,139.75976,pakistan,draw_79
Female,1.0338189969585783,3,139.75976,pakistan,draw_79
Male,1.0288859642046253,3,139.75976,pakistan,draw_79
Female,1.0370438681261465,2,139.86987,pakistan,draw_79
Male,1.0374591837552298,2,139.86987,pakistan,draw_79
Female,1.0342780350878937,3,139.86987,pakistan,draw_79
Male,1.0292847002237209,3,139.86987,pakistan,draw_79
Female,1.0375217522237061,2,139.97998,pakistan,draw_79
Male,1.037906946464435,2,139.97998,pakistan,draw_79
Female,1.0347390258313596,3,139.97998,pakistan,draw_79
Male,1.0296846620397964,3,139.97998,pakistan,draw_79
Female,1.0380009727742172,2,140.09009,pakistan,draw_79
Male,1.0383558478814197,2,140.09009,pakistan,draw_79
Female,1.0352017683490704,3,140.09009,pakistan,draw_79
Male,1.0300862011506449,3,140.09009,pakistan,draw_79
Female,1.038482118328595,2,140.2002,pakistan,draw_79
Male,1.038806317041446,2,140.2002,pakistan,draw_79
Female,1.0356667176667198,3,140.2002,pakistan,draw_79
Male,1.0304896133248749,3,140.2002,pakistan,draw_79
Female,1.038965080958593,2,140.31031,pakistan,draw_79
Male,1.0392580712638786,2,140.31031,pakistan,draw_79
Female,1.0361338326438758,3,140.31031,pakistan,draw_79
Male,1.030894792546974,3,140.31031,pakistan,draw_79
Female,1.0394500828575906,2,140.42042,pakistan,draw_79
Male,1.039710596796068,2,140.42042,pakistan,draw_79
Female,1.036603118189939,3,140.42042,pakistan,draw_79
Male,1.0313013283523387,3,140.42042,pakistan,draw_79
Female,1.0399366557698637,2,140.53053,pakistan,draw_79
Male,1.0401637854483676,2,140.53053,pakistan,draw_79
Female,1.0370742976348342,3,140.53053,pakistan,draw_79
Male,1.0317091576578903,3,140.53053,pakistan,draw_79
Female,1.040424787768057,2,140.64064,pakistan,draw_79
Male,1.0406178517993756,2,140.64064,pakistan,draw_79
Female,1.0375473747684896,3,140.64064,pakistan,draw_79
Male,1.0321184095740836,3,140.64064,pakistan,draw_79
Female,1.0409148794538947,2,140.75075,pakistan,draw_79
Male,1.0410736870911872,2,140.75075,pakistan,draw_79
Female,1.0380226142537392,3,140.75075,pakistan,draw_79
Male,1.0325295671906358,3,140.75075,pakistan,draw_79
Female,1.0414063066675199,2,140.86086,pakistan,draw_79
Male,1.0415302344411712,2,140.86086,pakistan,draw_79
Female,1.0384995768220149,3,140.86086,pakistan,draw_79
Male,1.0329420537453013,3,140.86086,pakistan,draw_79
Female,1.0419000593698384,2,140.97097,pakistan,draw_79
Male,1.041987365835404,2,140.97097,pakistan,draw_79
Female,1.0389791114162987,3,140.97097,pakistan,draw_79
Male,1.0333559808286628,3,140.97097,pakistan,draw_79
Female,1.0423954918255762,2,141.08108,pakistan,draw_79
Male,1.042446875252062,2,141.08108,pakistan,draw_79
Female,1.039460607191151,3,141.08108,pakistan,draw_79
Male,1.0337721797507613,3,141.08108,pakistan,draw_79
Female,1.0428932074079333,2,141.19119,pakistan,draw_79
Male,1.0429064155784817,2,141.19119,pakistan,draw_79
Female,1.0399444586348299,3,141.19119,pakistan,draw_79
Male,1.0341893126953645,3,141.19119,pakistan,draw_79
Female,1.0433917817228633,2,141.3013,pakistan,draw_79
Male,1.0433667781286011,2,141.3013,pakistan,draw_79
Female,1.0404296918971658,3,141.3013,pakistan,draw_79
Male,1.0346078332398436,3,141.3013,pakistan,draw_79
Female,1.043892202635663,2,141.41141,pakistan,draw_79
Male,1.043828671307814,2,141.41141,pakistan,draw_79
Female,1.0409169993451026,3,141.41141,pakistan,draw_79
Male,1.0350281069235232,3,141.41141,pakistan,draw_79
Female,1.0443938856520598,2,141.52152,pakistan,draw_79
Male,1.0442912062242848,2,141.52152,pakistan,draw_79
Female,1.0414059886326497,3,141.52152,pakistan,draw_79
Male,1.035449634929592,3,141.52152,pakistan,draw_79
Female,1.0448979521458963,2,141.63163,pakistan,draw_79
Male,1.044754447554552,2,141.63163,pakistan,draw_79
Female,1.041897494407489,3,141.63163,pakistan,draw_79
Male,1.0358725615358826,3,141.63163,pakistan,draw_79
Female,1.0454041429590974,2,141.74174,pakistan,draw_79
Male,1.045219836346686,2,141.74174,pakistan,draw_79
Female,1.0423913526639086,3,141.74174,pakistan,draw_79
Male,1.0362977065360897,3,141.74174,pakistan,draw_79
Female,1.0459115081821029,2,141.85185,pakistan,draw_79
Male,1.045685763127173,2,141.85185,pakistan,draw_79
Female,1.0428868219668546,3,141.85185,pakistan,draw_79
Male,1.0367240496928423,3,141.85185,pakistan,draw_79
Female,1.0464208956524181,2,141.96196,pakistan,draw_79
Male,1.0461523115865354,2,141.96196,pakistan,draw_79
Female,1.043384440443222,3,141.96196,pakistan,draw_79
Male,1.037151645809313,3,141.96196,pakistan,draw_79
Female,1.0469312714804015,2,142.07207,pakistan,draw_79
Male,1.0466196600785,2,142.07207,pakistan,draw_79
Female,1.0438835363346926,3,142.07207,pakistan,draw_79
Male,1.0375806016502545,3,142.07207,pakistan,draw_79
Female,1.047443858143806,2,142.18218,pakistan,draw_79
Male,1.047088288804033,2,142.18218,pakistan,draw_79
Female,1.044384922212266,3,142.18218,pakistan,draw_79
Male,1.03801116326722,3,142.18218,pakistan,draw_79
Female,1.0479579277925353,2,142.29229,pakistan,draw_79
Male,1.047558240931324,2,142.29229,pakistan,draw_79
Female,1.0448881021928036,3,142.29229,pakistan,draw_79
Male,1.0384433444991406,3,142.29229,pakistan,draw_79
Female,1.0484746250508672,2,142.4024,pakistan,draw_79
Male,1.0480288904395372,2,142.4024,pakistan,draw_79
Female,1.0453940142409677,3,142.4024,pakistan,draw_79
Male,1.0388769736664536,3,142.4024,pakistan,draw_79
Female,1.0489922428844418,2,142.51251,pakistan,draw_79
Male,1.0485005350291365,2,142.51251,pakistan,draw_79
Female,1.045901335421441,3,142.51251,pakistan,draw_79
Male,1.039312057257074,3,142.51251,pakistan,draw_79
Female,1.0495122104930987,2,142.62262,pakistan,draw_79
Male,1.0489736811501569,2,142.62262,pakistan,draw_79
Female,1.0464110300420986,3,142.62262,pakistan,draw_79
Male,1.039748884309736,3,142.62262,pakistan,draw_79
Female,1.0500334576556885,2,142.73273,pakistan,draw_79
Male,1.04944718609296,2,142.73273,pakistan,draw_79
Female,1.0469223937732834,3,142.73273,pakistan,draw_79
Male,1.040186780383994,3,142.73273,pakistan,draw_79
Female,1.0505565518802062,2,142.84284,pakistan,draw_79
Male,1.0499213257561861,2,142.84284,pakistan,draw_79
Female,1.0474358125678696,3,142.84284,pakistan,draw_79
Male,1.0406259318995317,3,142.84284,pakistan,draw_79
Female,1.0510809343284726,2,142.95295,pakistan,draw_79
Male,1.0503971565199708,2,142.95295,pakistan,draw_79
Female,1.0479508719386423,3,142.95295,pakistan,draw_79
Male,1.0410669041996434,3,142.95295,pakistan,draw_79
Female,1.0516077958201748,2,143.06306,pakistan,draw_79
Male,1.0508733149158107,2,143.06306,pakistan,draw_79
Female,1.0484684461773188,3,143.06306,pakistan,draw_79
Male,1.0415090281565158,3,143.06306,pakistan,draw_79
Female,1.052136134483207,2,143.17317,pakistan,draw_79
Male,1.0513510298188022,2,143.17317,pakistan,draw_79
Female,1.0489878924404823,3,143.17317,pakistan,draw_79
Male,1.0419529991581318,3,143.17317,pakistan,draw_79
Female,1.0526665067301222,2,143.28328,pakistan,draw_79
Male,1.0518298321319028,2,143.28328,pakistan,draw_79
Female,1.0495095068515992,3,143.28328,pakistan,draw_79
Male,1.0423984436296114,3,143.28328,pakistan,draw_79
Female,1.0531984230396652,2,143.39339,pakistan,draw_79
Male,1.052309492389346,2,143.39339,pakistan,draw_79
Female,1.0500329052035497,3,143.39339,pakistan,draw_79
Male,1.0428452206262366,3,143.39339,pakistan,draw_79
Female,1.0537312622124568,2,143.5035,pakistan,draw_79
Male,1.052789678879237,2,143.5035,pakistan,draw_79
Female,1.050557690646686,3,143.5035,pakistan,draw_79
Male,1.0432931401552497,3,143.5035,pakistan,draw_79
Female,1.0542664362688992,2,143.61361,pakistan,draw_79
Male,1.0532709260735937,2,143.61361,pakistan,draw_79
Female,1.0510847800156584,3,143.61361,pakistan,draw_79
Male,1.0437425147977082,3,143.61361,pakistan,draw_79
Female,1.054802845753162,2,143.72372,pakistan,draw_79
Male,1.0537523538530336,2,143.72372,pakistan,draw_79
Female,1.0516134598149043,3,143.72372,pakistan,draw_79
Male,1.0441928542180954,3,143.72372,pakistan,draw_79
Female,1.0553417982228774,2,143.83383,pakistan,draw_79
Male,1.0542358603153714,2,143.83383,pakistan,draw_79
Female,1.0521447639894004,3,143.83383,pakistan,draw_79
Male,1.0446453745649316,3,143.83383,pakistan,draw_79
Female,1.0558821629398252,2,143.94394,pakistan,draw_79
Male,1.0547202761708643,2,143.94394,pakistan,draw_79
Female,1.0526777717064213,3,143.94394,pakistan,draw_79
Male,1.045099247320343,3,143.94394,pakistan,draw_79
Female,1.056423994505143,2,144.05405,pakistan,draw_79
Male,1.055205456221903,2,144.05405,pakistan,draw_79
Female,1.053212461554448,3,144.05405,pakistan,draw_79
Male,1.0455543479570397,3,144.05405,pakistan,draw_79
Female,1.0569676328181186,2,144.16416,pakistan,draw_79
Male,1.0556910022941737,2,144.16416,pakistan,draw_79
Female,1.0537490511764223,3,144.16416,pakistan,draw_79
Male,1.046010477908128,3,144.16416,pakistan,draw_79
Female,1.057512522264286,2,144.27427,pakistan,draw_79
Male,1.0561779378733995,2,144.27427,pakistan,draw_79
Female,1.0542871925018056,3,144.27427,pakistan,draw_79
Male,1.0464682480824679,3,144.27427,pakistan,draw_79
Female,1.0580594710050297,2,144.38438,pakistan,draw_79
Male,1.0566647833481058,2,144.38438,pakistan,draw_79
Female,1.0548274131576132,3,144.38438,pakistan,draw_79
Male,1.0469268025474665,3,144.38438,pakistan,draw_79
Female,1.0586075748935022,2,144.49449,pakistan,draw_79
Male,1.057153391419408,2,144.49449,pakistan,draw_79
Female,1.0553691912145653,3,144.49449,pakistan,draw_79
Male,1.0473872538846747,3,144.49449,pakistan,draw_79
Female,1.0591588808632684,2,144.6046,pakistan,draw_79
Male,1.0576431890159117,2,144.6046,pakistan,draw_79
Female,1.0559138982088638,3,144.6046,pakistan,draw_79
Male,1.047849240528004,3,144.6046,pakistan,draw_79
Female,1.0597106652730701,2,144.71471,pakistan,draw_79
Male,1.058133753132555,2,144.71471,pakistan,draw_79
Female,1.0564596545411744,3,144.71471,pakistan,draw_79
Male,1.048312442335475,3,144.71471,pakistan,draw_79
Female,1.0602646529265478,2,144.82482,pakistan,draw_79
Male,1.0586251752867866,2,144.82482,pakistan,draw_79
Female,1.0570076007224534,3,144.82482,pakistan,draw_79
Male,1.0487769164071203,3,144.82482,pakistan,draw_79
Female,1.0608195028419125,2,144.93493,pakistan,draw_79
Male,1.0591170777333634,2,144.93493,pakistan,draw_79
Female,1.057556827238222,3,144.93493,pakistan,draw_79
Male,1.0492424680235666,3,144.93493,pakistan,draw_79
Female,1.061376332878089,2,145.04505,pakistan,draw_79
Male,1.059610016911698,2,145.04505,pakistan,draw_79
Female,1.058108058865097,3,145.04505,pakistan,draw_79
Male,1.049709414887526,3,145.04505,pakistan,draw_79
Female,1.06193462622688,2,145.15516,pakistan,draw_79
Male,1.0601040811962428,2,145.15516,pakistan,draw_79
Female,1.0586609700249359,3,145.15516,pakistan,draw_79
Male,1.050177738902714,3,145.15516,pakistan,draw_79
Female,1.0624950791515384,2,145.26527,pakistan,draw_79
Male,1.060598777940282,2,145.26527,pakistan,draw_79
Female,1.0592161788796763,3,145.26527,pakistan,draw_79
Male,1.050647372792505,3,145.26527,pakistan,draw_79
Female,1.0630573274772124,2,145.37538,pakistan,draw_79
Male,1.061094500690661,2,145.37538,pakistan,draw_79
Female,1.0597732578715333,3,145.37538,pakistan,draw_79
Male,1.0511183881265111,3,145.37538,pakistan,draw_79
Female,1.0636207728745561,2,145.48549,pakistan,draw_79
Male,1.061590754463346,2,145.48549,pakistan,draw_79
Female,1.060331825949641,3,145.48549,pakistan,draw_79
Male,1.0515904943608987,3,145.48549,pakistan,draw_79
Female,1.064186417964426,2,145.5956,pakistan,draw_79
Male,1.0620879948973108,2,145.5956,pakistan,draw_79
Female,1.060892523053377,3,145.5956,pakistan,draw_79
Male,1.0520639297741947,3,145.5956,pakistan,draw_79
Female,1.0647525634020838,2,145.70571,pakistan,draw_79
Male,1.062586382078436,2,145.70571,pakistan,draw_79
Female,1.0614542091019388,3,145.70571,pakistan,draw_79
Male,1.0525387839144973,3,145.70571,pakistan,draw_79
Female,1.0653208581268354,2,145.81582,pakistan,draw_79
Male,1.063084757200923,2,145.81582,pakistan,draw_79
Female,1.0620179869514115,3,145.81582,pakistan,draw_79
Male,1.0530144017105358,3,145.81582,pakistan,draw_79
Female,1.0658909863491668,2,145.92593,pakistan,draw_79
Male,1.0635840588224916,2,145.92593,pakistan,draw_79
Female,1.0625837191994592,3,145.92593,pakistan,draw_79
Male,1.0534913889408202,3,145.92593,pakistan,draw_79
Female,1.066462734524543,2,146.03604,pakistan,draw_79
Male,1.0640847693663456,2,146.03604,pakistan,draw_79
Female,1.063151226238638,3,146.03604,pakistan,draw_79
Male,1.0539699636972406,3,146.03604,pakistan,draw_79
Female,1.067036090540602,2,146.14615,pakistan,draw_79
Male,1.0645860380724668,2,146.14615,pakistan,draw_79
Female,1.0637204547026462,3,146.14615,pakistan,draw_79
Male,1.054449585352446,3,146.14615,pakistan,draw_79
Female,1.0676112414805738,2,146.25626,pakistan,draw_79
Male,1.0650877724903438,2,146.25626,pakistan,draw_79
Female,1.0642915135526396,3,146.25626,pakistan,draw_79
Male,1.054930197925246,3,146.25626,pakistan,draw_79
Female,1.0681875850348193,2,146.36637,pakistan,draw_79
Male,1.0655907884648292,2,146.36637,pakistan,draw_79
Female,1.064863974926525,3,146.36637,pakistan,draw_79
Male,1.0554122368965038,3,146.36637,pakistan,draw_79
Female,1.0687652697547887,2,146.47648,pakistan,draw_79
Male,1.0660938516042928,2,146.47648,pakistan,draw_79
Female,1.0654379905963418,3,146.47648,pakistan,draw_79
Male,1.0558950370730902,3,146.47648,pakistan,draw_79
Female,1.0693448823920029,2,146.58659,pakistan,draw_79
Male,1.0665978275697587,2,146.58659,pakistan,draw_79
Female,1.066013964655418,3,146.58659,pakistan,draw_79
Male,1.0563790803928719,3,146.58659,pakistan,draw_79
Female,1.0699261760003989,2,146.6967,pakistan,draw_79
Male,1.0671028689108293,2,146.6967,pakistan,draw_79
Female,1.0665918213362946,3,146.6967,pakistan,draw_79
Male,1.0568645548953535,3,146.6967,pakistan,draw_79
Female,1.0705087585912882,2,146.80681,pakistan,draw_79
Male,1.067608435819039,2,146.80681,pakistan,draw_79
Female,1.0671711571704419,3,146.80681,pakistan,draw_79
Male,1.0573510230162795,3,146.80681,pakistan,draw_79
Female,1.0710932052354838,2,146.91692,pakistan,draw_79
Male,1.068115001569318,2,146.91692,pakistan,draw_79
Female,1.0677523653237708,3,146.91692,pakistan,draw_79
Male,1.057838745461196,3,146.91692,pakistan,draw_79
Female,1.0716788505901833,2,147.02703,pakistan,draw_79
Male,1.068622258237851,2,147.02703,pakistan,draw_79
Female,1.0683349956027934,3,147.02703,pakistan,draw_79
Male,1.0583275406123496,3,147.02703,pakistan,draw_79
Female,1.0722658794824038,2,147.13714,pakistan,draw_79
Male,1.0691300315411958,2,147.13714,pakistan,draw_79
Female,1.0689191374241598,3,147.13714,pakistan,draw_79
Male,1.058817279908017,3,147.13714,pakistan,draw_79
Female,1.072854511829594,2,147.24725,pakistan,draw_79
Male,1.0696384432226684,2,147.24725,pakistan,draw_79
Female,1.0695049466923858,3,147.24725,pakistan,draw_79
Male,1.059308083261927,3,147.24725,pakistan,draw_79
Female,1.0734449663788788,2,147.35736,pakistan,draw_79
Male,1.070147728551479,2,147.35736,pakistan,draw_79
Female,1.0700925883307353,3,147.35736,pakistan,draw_79
Male,1.0598001325584712,3,147.35736,pakistan,draw_79
Female,1.0740367893482488,2,147.46747,pakistan,draw_79
Male,1.0706578547653218,2,147.46747,pakistan,draw_79
Female,1.070681773476081,3,147.46747,pakistan,draw_79
Male,1.0602933749401313,3,147.46747,pakistan,draw_79
Female,1.0746304972911314,2,147.57758,pakistan,draw_79
Male,1.0711688501563978,2,147.57758,pakistan,draw_79
Female,1.0712727629472654,3,147.57758,pakistan,draw_79
Male,1.0607877723577905,3,147.57758,pakistan,draw_79
Female,1.0752250493684283,2,147.68769,pakistan,draw_79
Male,1.071680461721112,2,147.68769,pakistan,draw_79
Female,1.0718648358447378,3,147.68769,pakistan,draw_79
Male,1.0612831571155101,3,147.68769,pakistan,draw_79
Female,1.075821687851608,2,147.7978,pakistan,draw_79
Male,1.0721926643685171,2,147.7978,pakistan,draw_79
Female,1.0724588050302726,3,147.7978,pakistan,draw_79
Male,1.0617795352112709,3,147.7978,pakistan,draw_79
Female,1.0764193860440172,2,147.90791,pakistan,draw_79
Male,1.0727050734950017,2,147.90791,pakistan,draw_79
Female,1.0730539842751212,3,147.90791,pakistan,draw_79
Male,1.0622766822224279,3,147.90791,pakistan,draw_79
Female,1.0770183263229016,2,148.01802,pakistan,draw_79
Male,1.0732177871953006,2,148.01802,pakistan,draw_79
Female,1.0736505470230246,3,148.01802,pakistan,draw_79
Male,1.0627746193680707,3,148.01802,pakistan,draw_79
Female,1.0776192053139948,2,148.12813,pakistan,draw_79
Male,1.073731706434415,2,148.12813,pakistan,draw_79
Female,1.0742490044493334,3,148.12813,pakistan,draw_79
Male,1.0632739557240134,3,148.12813,pakistan,draw_79
Female,1.078221321229893,2,148.23824,pakistan,draw_79
Male,1.0742461418611993,2,148.23824,pakistan,draw_79
Female,1.0748488129363643,3,148.23824,pakistan,draw_79
Male,1.0637742331019528,3,148.23824,pakistan,draw_79
Female,1.078825153166765,2,148.34835,pakistan,draw_79
Male,1.0747616623049465,2,148.34835,pakistan,draw_79
Female,1.075450286125004,3,148.34835,pakistan,draw_79
Male,1.06427574667969,3,148.34835,pakistan,draw_79
Female,1.0794301994804065,2,148.45846,pakistan,draw_79
Male,1.0752772143653844,2,148.45846,pakistan,draw_79
Female,1.0760530646164261,3,148.45846,pakistan,draw_79
Male,1.064777890582188,3,148.45846,pakistan,draw_79
Female,1.0800363076035764,2,148.56857,pakistan,draw_79
Male,1.0757933068841874,2,148.56857,pakistan,draw_79
Female,1.0766570225078729,3,148.56857,pakistan,draw_79
Male,1.0652809211608063,3,148.56857,pakistan,draw_79
Female,1.0806437549609458,2,148.67868,pakistan,draw_79
Male,1.0763101889103455,2,148.67868,pakistan,draw_79
Female,1.077262418726124,3,148.67868,pakistan,draw_79
Male,1.0657849687294911,3,148.67868,pakistan,draw_79
Female,1.0812528333833908,2,148.78879,pakistan,draw_79
Male,1.0768276646661632,2,148.78879,pakistan,draw_79
Female,1.077869494942682,3,148.78879,pakistan,draw_79
Male,1.0662900196162293,3,148.78879,pakistan,draw_79
Female,1.0818635775231933,2,148.8989,pakistan,draw_79
Male,1.0773454328851664,2,148.8989,pakistan,draw_79
Female,1.0784782143647973,3,148.8989,pakistan,draw_79
Male,1.0667958744211732,3,148.8989,pakistan,draw_79
Female,1.0824758067808176,2,149.00901,pakistan,draw_79
Male,1.0778645458607314,2,149.00901,pakistan,draw_79
Female,1.079088402879841,3,149.00901,pakistan,draw_79
Male,1.0673030686645346,3,149.00901,pakistan,draw_79
Female,1.083089018745752,2,149.11912,pakistan,draw_79
Male,1.0783830431785149,2,149.11912,pakistan,draw_79
Female,1.079699762547267,3,149.11912,pakistan,draw_79
Male,1.0678104444954462,3,149.11912,pakistan,draw_79
Female,1.0837035694685437,2,149.22923,pakistan,draw_79
Male,1.0789029877840548,2,149.22923,pakistan,draw_79
Female,1.0803124912038589,3,149.22923,pakistan,draw_79
Male,1.0683191861387136,3,149.22923,pakistan,draw_79
Female,1.0843189786342085,2,149.33934,pakistan,draw_79
Male,1.0794229285076016,2,149.33934,pakistan,draw_79
Female,1.08092619022453,3,149.33934,pakistan,draw_79
Male,1.0688284843242675,3,149.33934,pakistan,draw_79
Female,1.0849359230400286,2,149.44945,pakistan,draw_79
Male,1.0799432316103876,2,149.44945,pakistan,draw_79
Female,1.0815413348119909,3,149.44945,pakistan,draw_79
Male,1.0693385960132957,3,149.44945,pakistan,draw_79
Female,1.0855549942282778,2,149.55956,pakistan,draw_79
Male,1.0804643682583894,2,149.55956,pakistan,draw_79
Female,1.0821583679812492,3,149.55956,pakistan,draw_79
Male,1.0698497758452128,3,149.55956,pakistan,draw_79
Female,1.086174601056914,2,149.66967,pakistan,draw_79
Male,1.0809856860221512,2,149.66967,pakistan,draw_79
Female,1.0827761285336428,3,149.66967,pakistan,draw_79
Male,1.0703615688353565,3,149.66967,pakistan,draw_79
Female,1.0867959037539618,2,149.77978,pakistan,draw_79
Male,1.0815079512498114,2,149.77978,pakistan,draw_79
Female,1.0833954656157394,3,149.77978,pakistan,draw_79
Male,1.070874445064127,3,149.77978,pakistan,draw_79
Female,1.087418420239463,2,149.88989,pakistan,draw_79
Male,1.0820304379636896,2,149.88989,pakistan,draw_79
Female,1.0840161098534413,3,149.88989,pakistan,draw_79
Male,1.0713879878941082,3,149.88989,pakistan,draw_79
Female,1.0880420987463422,2,150.0,pakistan,draw_79
Male,1.0825532827096627,2,150.0,pakistan,draw_79
Female,1.0846379636200234,3,150.0,pakistan,draw_79
Male,1.0719022315604214,3,150.0,pakistan,draw_79
