sex_of_child,value,age_group_id,exposure,location,draw
Female,2.324164783429702,2,40.0,ethiopia,draw_156
Male,2.5742561374762136,2,40.0,ethiopia,draw_156
Female,2.1074104337458075,3,40.0,ethiopia,draw_156
Male,2.1910733765976946,3,40.0,ethiopia,draw_156
Female,2.319800593310002,2,40.11011,ethiopia,draw_156
Male,2.5688628509322027,2,40.11011,ethiopia,draw_156
Female,2.1046050647612655,3,40.11011,ethiopia,draw_156
Male,2.1877485584204903,3,40.11011,ethiopia,draw_156
Female,2.3154496799132214,2,40.22022,ethiopia,draw_156
Male,2.563487959991522,2,40.22022,ethiopia,draw_156
Female,2.101805622256544,3,40.22022,ethiopia,draw_156
Male,2.184431865017243,3,40.22022,ethiopia,draw_156
Female,2.3111111130177346,2,40.33033,ethiopia,draw_156
Male,2.5581275222048356,2,40.33033,ethiopia,draw_156
Female,2.099011671675827,3,40.33033,ethiopia,draw_156
Male,2.181121621020775,3,40.33033,ethiopia,draw_156
Female,2.3067864784120116,2,40.44044,ethiopia,draw_156
Male,2.552783020938915,2,40.44044,ethiopia,draw_156
Female,2.096224021399256,3,40.44044,ethiopia,draw_156
Male,2.177818497166326,3,40.44044,ethiopia,draw_156
Female,2.3024736269416866,2,40.55055,ethiopia,draw_156
Male,2.54745495073174,2,40.55055,ethiopia,draw_156
Female,2.093441521402191,3,40.55055,ethiopia,draw_156
Male,2.1745227368766313,3,40.55055,ethiopia,draw_156
Female,2.2981737206102526,2,40.66066,ethiopia,draw_156
Male,2.5421426739383506,2,40.66066,ethiopia,draw_156
Female,2.0906648945504416,3,40.66066,ethiopia,draw_156
Male,2.171234124470637,3,40.66066,ethiopia,draw_156
Female,2.2938863469822572,2,40.77077,ethiopia,draw_156
Male,2.536845967514465,2,40.77077,ethiopia,draw_156
Female,2.087893744169561,3,40.77077,ethiopia,draw_156
Male,2.1679523403273375,3,40.77077,ethiopia,draw_156
Female,2.2896123438756466,2,40.88088,ethiopia,draw_156
Male,2.5315653037457855,2,40.88088,ethiopia,draw_156
Female,2.085128505090383,3,40.88088,ethiopia,draw_156
Male,2.1646779934419857,3,40.88088,ethiopia,draw_156
Female,2.285350739787728,2,40.99099,ethiopia,draw_156
Male,2.5263023958420328,2,40.99099,ethiopia,draw_156
Female,2.0823687365163166,3,40.99099,ethiopia,draw_156
Male,2.1614115636545153,3,40.99099,ethiopia,draw_156
Female,2.2811024306903867,2,41.1011,ethiopia,draw_156
Male,2.521053187942547,2,41.1011,ethiopia,draw_156
Female,2.079615048311565,3,41.1011,ethiopia,draw_156
Male,2.1581515924356167,3,41.1011,ethiopia,draw_156
Female,2.2768665650585294,2,41.21121,ethiopia,draw_156
Male,2.5158191179380065,2,41.21121,ethiopia,draw_156
Female,2.0768670789544172,3,41.21121,ethiopia,draw_156
Male,2.15489848947594,3,41.21121,ethiopia,draw_156
Female,2.272642122144712,2,41.32132,ethiopia,draw_156
Male,2.5106019049361055,2,41.32132,ethiopia,draw_156
Female,2.0741243524222295,3,41.32132,ethiopia,draw_156
Male,2.1516528659337073,3,41.32132,ethiopia,draw_156
Female,2.268430135474625,2,41.43143,ethiopia,draw_156
Male,2.5053983314862944,2,41.43143,ethiopia,draw_156
Female,2.0713871627706544,3,41.43143,ethiopia,draw_156
Male,2.1484133325748926,3,41.43143,ethiopia,draw_156
Female,2.2642307838063593,2,41.54154,ethiopia,draw_156
Male,2.500209912721684,2,41.54154,ethiopia,draw_156
Female,2.068655566021858,3,41.54154,ethiopia,draw_156
Male,2.1451804862111956,3,41.54154,ethiopia,draw_156
Female,2.2600424749073844,2,41.65165,ethiopia,draw_156
Male,2.4950374424874964,2,41.65165,ethiopia,draw_156
Female,2.0659288890381244,3,41.65165,ethiopia,draw_156
Male,2.141954734098185,3,41.65165,ethiopia,draw_156
Female,2.2558675485865725,2,41.76176,ethiopia,draw_156
Male,2.4898820038455964,2,41.76176,ethiopia,draw_156
Female,2.0632083716705663,3,41.76176,ethiopia,draw_156
Male,2.1387364641727604,3,41.76176,ethiopia,draw_156
Female,2.2517046266071987,2,41.87187,ethiopia,draw_156
Male,2.4847403179940284,2,41.87187,ethiopia,draw_156
Female,2.060493289273439,3,41.87187,ethiopia,draw_156
Male,2.135524317770487,3,41.87187,ethiopia,draw_156
Female,2.2475534688090995,2,41.98198,ethiopia,draw_156
Male,2.4796140242267204,2,41.98198,ethiopia,draw_156
Female,2.05778344987826,3,41.98198,ethiopia,draw_156
Male,2.132319124040357,3,41.98198,ethiopia,draw_156
Female,2.243414986170183,2,42.09209,ethiopia,draw_156
Male,2.474503776387644,2,42.09209,ethiopia,draw_156
Female,2.055079407186046,3,42.09209,ethiopia,draw_156
Male,2.129120985795242,3,42.09209,ethiopia,draw_156
Female,2.2392890569110784,2,42.2022,ethiopia,draw_156
Male,2.4694067634795043,2,42.2022,ethiopia,draw_156
Female,2.052381139817365,3,42.2022,ethiopia,draw_156
Male,2.125928908333291,3,42.2022,ethiopia,draw_156
Female,2.2351751398066932,2,42.31231,ethiopia,draw_156
Male,2.4643264355505625,2,42.31231,ethiopia,draw_156
Female,2.049688278928048,3,42.31231,ethiopia,draw_156
Male,2.122744338085645,3,42.31231,ethiopia,draw_156
Female,2.2310746522236546,2,42.42242,ethiopia,draw_156
Male,2.4592601334519695,2,42.42242,ethiopia,draw_156
Female,2.047001327772742,3,42.42242,ethiopia,draw_156
Male,2.119566165206136,3,42.42242,ethiopia,draw_156
Female,2.2269863396815417,2,42.53253,ethiopia,draw_156
Male,2.454209640655082,2,42.53253,ethiopia,draw_156
Female,2.0443197958294212,3,42.53253,ethiopia,draw_156
Male,2.1163951064255184,3,42.53253,ethiopia,draw_156
Female,2.2229097670547624,2,42.64264,ethiopia,draw_156
Male,2.4491749360278674,2,42.64264,ethiopia,draw_156
Female,2.0416436207954693,3,42.64264,ethiopia,draw_156
Male,2.1132314886437507,3,42.64264,ethiopia,draw_156
Female,2.21884524840128,2,42.75275,ethiopia,draw_156
Male,2.4441545122299217,2,42.75275,ethiopia,draw_156
Female,2.038973210352139,3,42.75275,ethiopia,draw_156
Male,2.110074328726474,3,42.75275,ethiopia,draw_156
Female,2.2147919986140714,2,42.86286,ethiopia,draw_156
Male,2.439149728913575,2,42.86286,ethiopia,draw_156
Female,2.036307889452585,3,42.86286,ethiopia,draw_156
Male,2.1069241874878815,3,42.86286,ethiopia,draw_156
Female,2.2107518642759154,2,42.97297,ethiopia,draw_156
Male,2.4341609433498963,2,42.97297,ethiopia,draw_156
Female,2.0336486115896877,3,42.97297,ethiopia,draw_156
Male,2.1037813086381796,3,42.97297,ethiopia,draw_156
Female,2.2067224849580294,2,43.08308,ethiopia,draw_156
Male,2.4291874289524844,2,43.08308,ethiopia,draw_156
Female,2.030994186594605,3,43.08308,ethiopia,draw_156
Male,2.1006452829773408,3,43.08308,ethiopia,draw_156
Female,2.202705369842898,2,43.19319,ethiopia,draw_156
Male,2.42422991934285,2,43.19319,ethiopia,draw_156
Female,2.0283454436603834,3,43.19319,ethiopia,draw_156
Male,2.0975165848571957,3,43.19319,ethiopia,draw_156
Female,2.1987000597639255,2,43.3033,ethiopia,draw_156
Male,2.419287426025227,2,43.3033,ethiopia,draw_156
Female,2.0257023265830583,3,43.3033,ethiopia,draw_156
Male,2.0943946156598656,3,43.3033,ethiopia,draw_156
Female,2.1947065242322545,2,43.41341,ethiopia,draw_156
Male,2.414360859450468,2,43.41341,ethiopia,draw_156
Female,2.0230645606295066,3,43.41341,ethiopia,draw_156
Male,2.0912796144672545,3,43.41341,ethiopia,draw_156
Female,2.1907247788542543,2,43.52352,ethiopia,draw_156
Male,2.4094477838369674,2,43.52352,ethiopia,draw_156
Female,2.0204320654189156,3,43.52352,ethiopia,draw_156
Male,2.088171017361466,3,43.52352,ethiopia,draw_156
Female,2.186754532547185,2,43.63363,ethiopia,draw_156
Male,2.404550390237843,2,43.63363,ethiopia,draw_156
Female,2.017804736445222,3,43.63363,ethiopia,draw_156
Male,2.0850695114420277,3,43.63363,ethiopia,draw_156
Female,2.1827952156901613,2,43.74374,ethiopia,draw_156
Male,2.399666214822169,2,43.74374,ethiopia,draw_156
Female,2.0151823331593475,3,43.74374,ethiopia,draw_156
Male,2.0819742593582666,3,43.74374,ethiopia,draw_156
Female,2.1788472952948643,2,43.85385,ethiopia,draw_156
Male,2.3947975916854154,2,43.85385,ethiopia,draw_156
Female,2.0125649742029976,3,43.85385,ethiopia,draw_156
Male,2.0788861247176627,3,43.85385,ethiopia,draw_156
Female,2.1749114853437317,2,43.96396,ethiopia,draw_156
Male,2.38994381106537,2,43.96396,ethiopia,draw_156
Female,2.0099531990672963,3,43.96396,ethiopia,draw_156
Male,2.0758049089889368,3,43.96396,ethiopia,draw_156
Female,2.170987490322789,2,44.07407,ethiopia,draw_156
Male,2.385104645707426,2,44.07407,ethiopia,draw_156
Female,2.007346796822384,3,44.07407,ethiopia,draw_156
Male,2.072730343771659,3,44.07407,ethiopia,draw_156
Female,2.167075851552478,2,44.18418,ethiopia,draw_156
Male,2.380278942026393,2,44.18418,ethiopia,draw_156
Female,2.0047460993549144,3,44.18418,ethiopia,draw_156
Male,2.0696619679653403,3,44.18418,ethiopia,draw_156
Female,2.163175838278832,2,44.29429,ethiopia,draw_156
Male,2.3754687917532626,2,44.29429,ethiopia,draw_156
Female,2.0021506286444035,3,44.29429,ethiopia,draw_156
Male,2.066600793866115,3,44.29429,ethiopia,draw_156
Female,2.1592880870711277,2,44.4044,ethiopia,draw_156
Male,2.3706721763271505,2,44.4044,ethiopia,draw_156
Female,1.9995607098252064,3,44.4044,ethiopia,draw_156
Male,2.0635457652292706,3,44.4044,ethiopia,draw_156
Female,2.155411647132787,2,44.51451,ethiopia,draw_156
Male,2.3658910942961633,2,44.51451,ethiopia,draw_156
Female,1.9969759023296612,3,44.51451,ethiopia,draw_156
Male,2.060497999529797,3,44.51451,ethiopia,draw_156
Female,2.151545864903076,2,44.62462,ethiopia,draw_156
Male,2.361124001199981,2,44.62462,ethiopia,draw_156
Female,1.9943960168140562,3,44.62462,ethiopia,draw_156
Male,2.0574568264947484,3,44.62462,ethiopia,draw_156
Female,2.1476914304980608,2,44.73473,ethiopia,draw_156
Male,2.3563719029564365,2,44.73473,ethiopia,draw_156
Female,1.9918213745446882,3,44.73473,ethiopia,draw_156
Male,2.0544225370253337,3,44.73473,ethiopia,draw_156
Female,2.1438486876997542,2,44.84484,ethiopia,draw_156
Male,2.3516345250921096,2,44.84484,ethiopia,draw_156
Female,1.989252163344615,3,44.84484,ethiopia,draw_156
Male,2.051395055255123,3,44.84484,ethiopia,draw_156
Female,2.140017257188675,2,44.95495,ethiopia,draw_156
Male,2.346911702966253,2,44.95495,ethiopia,draw_156
Female,1.9866880273911354,3,44.95495,ethiopia,draw_156
Male,2.048374308950298,3,44.95495,ethiopia,draw_156
Female,2.13619713724703,2,45.06507,ethiopia,draw_156
Male,2.342201445431664,2,45.06507,ethiopia,draw_156
Female,1.98412882889538,3,45.06507,ethiopia,draw_156
Male,2.04535938387962,3,45.06507,ethiopia,draw_156
Female,2.1323885872162824,2,45.17518,ethiopia,draw_156
Male,2.3375064738261973,2,45.17518,ethiopia,draw_156
Female,1.9815747940815285,3,45.17518,ethiopia,draw_156
Male,2.0423515181575196,3,45.17518,ethiopia,draw_156
Female,2.1285927234239486,2,45.28529,ethiopia,draw_156
Male,2.3328246894626066,2,45.28529,ethiopia,draw_156
Female,1.9790265764378636,3,45.28529,ethiopia,draw_156
Male,2.0393498352263824,3,45.28529,ethiopia,draw_156
Female,2.124807149531278,2,45.3954,ethiopia,draw_156
Male,2.3281579640274614,2,45.3954,ethiopia,draw_156
Female,1.976482987437279,3,45.3954,ethiopia,draw_156
Male,2.0363552005877663,3,45.3954,ethiopia,draw_156
Female,2.1210331783962557,2,45.50551,ethiopia,draw_156
Male,2.32350459805262,2,45.50551,ethiopia,draw_156
Female,1.973944726568035,3,45.50551,ethiopia,draw_156
Male,2.0333667861675813,3,45.50551,ethiopia,draw_156
Female,2.117269646212954,2,45.61562,ethiopia,draw_156
Male,2.3188660113565787,2,45.61562,ethiopia,draw_156
Female,1.9714111592884378,3,45.61562,ethiopia,draw_156
Male,2.0303852856250675,3,45.61562,ethiopia,draw_156
Female,2.113516643598112,2,45.72573,ethiopia,draw_156
Male,2.3142408025582935,2,45.72573,ethiopia,draw_156
Female,1.968882284773358,3,45.72573,ethiopia,draw_156
Male,2.027410009025763,3,45.72573,ethiopia,draw_156
Female,2.1097758247805185,2,45.83584,ethiopia,draw_156
Male,2.3096310265412607,2,45.83584,ethiopia,draw_156
Female,1.9663591695701546,3,45.83584,ethiopia,draw_156
Male,2.024441606427652,3,45.83584,ethiopia,draw_156
Female,2.106046148229571,2,45.94595,ethiopia,draw_156
Male,2.3050339259328267,2,45.94595,ethiopia,draw_156
Female,1.9638412243609606,3,45.94595,ethiopia,draw_156
Male,2.0214790223507717,3,45.94595,ethiopia,draw_156
Female,2.1014764860240187,2,46.05606,ethiopia,draw_156
Male,2.3004511274628134,2,46.05606,ethiopia,draw_156
Female,1.9607484948065663,3,46.05606,ethiopia,draw_156
Male,2.0185232083787548,3,46.05606,ethiopia,draw_156
Female,2.0967142689572142,2,46.16617,ethiopia,draw_156
Male,2.295880829090873,2,46.16617,ethiopia,draw_156
Female,1.9575207208256857,3,46.16617,ethiopia,draw_156
Male,2.0155732021472548,3,46.16617,ethiopia,draw_156
Female,2.091969645308224,2,46.27628,ethiopia,draw_156
Male,2.291324178544938,2,46.27628,ethiopia,draw_156
Female,1.9543009998140806,3,46.27628,ethiopia,draw_156
Male,2.0126296336453526,3,46.27628,ethiopia,draw_156
Female,2.0872422262385077,2,46.38639,ethiopia,draw_156
Male,2.2867824599585824,2,46.38639,ethiopia,draw_156
Female,1.9510891117714426,3,46.38639,ethiopia,draw_156
Male,2.0096929546089624,3,46.38639,ethiopia,draw_156
Female,2.082532485966931,2,46.4965,ethiopia,draw_156
Male,2.282254428759367,2,46.4965,ethiopia,draw_156
Female,1.947885565102843,3,46.4965,ethiopia,draw_156
Male,2.00676251917356,3,46.4965,ethiopia,draw_156
Female,2.0778408843361773,2,46.60661,ethiopia,draw_156
Male,2.2777398364455195,2,46.60661,ethiopia,draw_156
Female,1.944690497157554,3,46.60661,ethiopia,draw_156
Male,2.003838281205846,3,46.60661,ethiopia,draw_156
Female,2.073166863295121,2,46.71672,ethiopia,draw_156
Male,2.2727005929680777,2,46.71672,ethiopia,draw_156
Female,1.9415034400878761,3,46.71672,ethiopia,draw_156
Male,2.000560611067996,3,46.71672,ethiopia,draw_156
Female,2.0685104613171656,2,46.82683,ethiopia,draw_156
Male,2.2675394676072744,2,46.82683,ethiopia,draw_156
Female,1.93832461371777,3,46.82683,ethiopia,draw_156
Male,1.99719787747187,3,46.82683,ethiopia,draw_156
Female,2.0638717823572432,2,46.93694,ethiopia,draw_156
Male,2.26239596359858,2,46.93694,ethiopia,draw_156
Female,1.935154043509934,3,46.93694,ethiopia,draw_156
Male,1.9938431765965612,3,46.93694,ethiopia,draw_156
Female,2.059252028686636,2,47.04705,ethiopia,draw_156
Male,2.257272516585587,2,47.04705,ethiopia,draw_156
Female,1.9319922713441955,3,47.04705,ethiopia,draw_156
Male,1.9904976093105244,3,47.04705,ethiopia,draw_156
Female,2.0546495222151946,2,47.15716,ethiopia,draw_156
Male,2.2521670884361473,2,47.15716,ethiopia,draw_156
Female,1.9288384465455333,3,47.15716,ethiopia,draw_156
Male,1.9871602829669373,3,47.15716,ethiopia,draw_156
Female,2.050064144496047,2,47.26727,ethiopia,draw_156
Male,2.2470771929794267,2,47.26727,ethiopia,draw_156
Female,1.925692770700932,3,47.26727,ethiopia,draw_156
Male,1.9838307052441857,3,47.26727,ethiopia,draw_156
Female,2.0454962081770773,2,47.37738,ethiopia,draw_156
Male,2.242006000534218,2,47.37738,ethiopia,draw_156
Female,1.9225552581392342,3,47.37738,ethiopia,draw_156
Male,1.9805100137745808,3,47.37738,ethiopia,draw_156
Female,2.040945505233384,2,47.48749,ethiopia,draw_156
Male,2.2369520635462012,2,47.48749,ethiopia,draw_156
Female,1.9194258703251836,3,47.48749,ethiopia,draw_156
Male,1.9771975998820392,3,47.48749,ethiopia,draw_156
Female,2.036411498286711,2,47.5976,ethiopia,draw_156
Male,2.2319169933578817,2,47.5976,ethiopia,draw_156
Female,1.916304320581345,3,47.5976,ethiopia,draw_156
Male,1.973894015369812,3,47.5976,ethiopia,draw_156
Female,2.031895223824283,2,47.70771,ethiopia,draw_156
Male,2.226898858851552,2,47.70771,ethiopia,draw_156
Female,1.9131912825216149,3,47.70771,ethiopia,draw_156
Male,1.970598313210928,3,47.70771,ethiopia,draw_156
Female,2.0273963489080624,2,47.81782,ethiopia,draw_156
Male,2.2218987163252693,2,47.81782,ethiopia,draw_156
Female,1.9100865008737424,3,47.81782,ethiopia,draw_156
Male,1.9673110359710337,3,47.81782,ethiopia,draw_156
Female,2.022914611279131,2,47.92793,ethiopia,draw_156
Male,2.2169153718135477,2,47.92793,ethiopia,draw_156
Female,1.9069898469701012,3,47.92793,ethiopia,draw_156
Male,1.9640316338430206,3,47.92793,ethiopia,draw_156
Female,2.018448991999971,2,48.03804,ethiopia,draw_156
Male,2.2119494688584687,2,48.03804,ethiopia,draw_156
Female,1.9039006852925084,3,48.03804,ethiopia,draw_156
Male,1.960760314322342,3,48.03804,ethiopia,draw_156
Female,2.0140004061544885,2,48.14815,ethiopia,draw_156
Male,2.207001923304627,2,48.14815,ethiopia,draw_156
Female,1.9008195528052847,3,48.14815,ethiopia,draw_156
Male,1.9574975404044093,3,48.14815,ethiopia,draw_156
Female,2.0095685533655216,2,48.25826,ethiopia,draw_156
Male,2.202071417660442,2,48.25826,ethiopia,draw_156
Female,1.8977461011208987,3,48.25826,ethiopia,draw_156
Male,1.9542428681272392,3,48.25826,ethiopia,draw_156
Female,2.005153430565961,2,48.36837,ethiopia,draw_156
Male,2.1971578226473487,2,48.36837,ethiopia,draw_156
Female,1.8946805453752564,3,48.36837,ethiopia,draw_156
Male,1.9509962336159374,3,48.36837,ethiopia,draw_156
Female,2.000754246895163,2,48.47848,ethiopia,draw_156
Male,2.1922613898586993,2,48.47848,ethiopia,draw_156
Female,1.8916226799356481,3,48.47848,ethiopia,draw_156
Male,1.9477574856789652,3,48.47848,ethiopia,draw_156
Female,1.9963721217080959,2,48.58859,ethiopia,draw_156
Male,2.187383281871454,2,48.58859,ethiopia,draw_156
Female,1.888572872698482,3,48.58859,ethiopia,draw_156
Male,1.9445271623948244,3,48.58859,ethiopia,draw_156
Female,1.9920072680568273,2,48.6987,ethiopia,draw_156
Male,2.1825206806070847,2,48.6987,ethiopia,draw_156
Female,1.8855311163895374,3,48.6987,ethiopia,draw_156
Male,1.9413042766937545,3,48.6987,ethiopia,draw_156
Female,1.9876591766770606,2,48.80881,ethiopia,draw_156
Male,2.1776769678020687,2,48.80881,ethiopia,draw_156
Female,1.882497413804264,3,48.80881,ethiopia,draw_156
Male,1.9380904085932136,3,48.80881,ethiopia,draw_156
Female,1.9833274104903291,2,48.91892,ethiopia,draw_156
Male,2.172849750621038,2,48.91892,ethiopia,draw_156
Female,1.879471536410593,3,48.91892,ethiopia,draw_156
Male,1.9348845683771476,3,48.91892,ethiopia,draw_156
Female,1.979012724897487,2,49.02903,ethiopia,draw_156
Male,2.1680396635062755,2,49.02903,ethiopia,draw_156
Female,1.8764538755365934,3,49.02903,ethiopia,draw_156
Male,1.9316872505212304,3,49.02903,ethiopia,draw_156
Female,1.97471480204151,2,49.13914,ethiopia,draw_156
Male,2.1632451172663867,2,49.13914,ethiopia,draw_156
Female,1.873444321032879,3,49.13914,ethiopia,draw_156
Male,1.9284975679621033,3,49.13914,ethiopia,draw_156
Female,1.9704331582892969,2,49.24925,ethiopia,draw_156
Male,2.158467540415345,2,49.24925,ethiopia,draw_156
Female,1.8704427204565162,3,49.24925,ethiopia,draw_156
Male,1.9253156504527833,3,49.24925,ethiopia,draw_156
Female,1.9661679321393695,2,49.35936,ethiopia,draw_156
Male,2.153707715550397,2,49.35936,ethiopia,draw_156
Female,1.8674489597035515,3,49.35936,ethiopia,draw_156
Male,1.9221422723802684,3,49.35936,ethiopia,draw_156
Female,1.9619184226504194,2,49.46947,ethiopia,draw_156
Male,2.148963784864388,2,49.46947,ethiopia,draw_156
Female,1.8644626159582238,3,49.46947,ethiopia,draw_156
Male,1.9189765490975632,3,49.46947,ethiopia,draw_156
Female,1.9576855127752175,2,49.57958,ethiopia,draw_156
Male,2.144237609709635,2,49.57958,ethiopia,draw_156
Female,1.861484217407981,3,49.57958,ethiopia,draw_156
Male,1.9158190411759488,3,49.57958,ethiopia,draw_156
Female,1.9534684507900948,2,49.68969,ethiopia,draw_156
Male,2.139527478472739,2,49.68969,ethiopia,draw_156
Female,1.85851339375555,3,49.68969,ethiopia,draw_156
Male,1.9126690543237572,3,49.68969,ethiopia,draw_156
Female,1.9492670629091455,2,49.7998,ethiopia,draw_156
Male,2.134832154691263,2,49.7998,ethiopia,draw_156
Female,1.8555501734010011,3,49.7998,ethiopia,draw_156
Male,1.9095262671831226,3,49.7998,ethiopia,draw_156
Female,1.945080172691996,2,49.90991,ethiopia,draw_156
Male,2.130153649106236,2,49.90991,ethiopia,draw_156
Female,1.8525938080535882,3,49.90991,ethiopia,draw_156
Male,1.9063913756314959,3,49.90991,ethiopia,draw_156
Female,1.9409089347379826,2,50.02002,ethiopia,draw_156
Male,2.1254921081771965,2,50.02002,ethiopia,draw_156
Female,1.849645022799678,3,50.02002,ethiopia,draw_156
Male,1.9032650105688178,3,50.02002,ethiopia,draw_156
Female,1.9367533406835973,2,50.13013,ethiopia,draw_156
Male,2.120844439139398,2,50.13013,ethiopia,draw_156
Female,1.8467039685203845,3,50.13013,ethiopia,draw_156
Male,1.9001459921520756,3,50.13013,ethiopia,draw_156
Female,1.9326126454130748,2,50.24024,ethiopia,draw_156
Male,2.116213341552764,2,50.24024,ethiopia,draw_156
Female,1.843770018326403,3,50.24024,ethiopia,draw_156
Male,1.8970348150028435,3,50.24024,ethiopia,draw_156
Female,1.9284873700099168,2,50.35035,ethiopia,draw_156
Male,2.111597962195975,2,50.35035,ethiopia,draw_156
Female,1.8408435695456478,3,50.35035,ethiopia,draw_156
Male,1.893931184364069,3,50.35035,ethiopia,draw_156
Female,1.9243776804803656,2,50.46046,ethiopia,draw_156
Male,2.106998693694721,2,50.46046,ethiopia,draw_156
Female,1.837924718040573,3,50.46046,ethiopia,draw_156
Male,1.8908354614182734,3,50.46046,ethiopia,draw_156
Female,1.9202829844327323,2,50.57057,ethiopia,draw_156
Male,2.102413781497389,2,50.57057,ethiopia,draw_156
Female,1.8350130122589148,3,50.57057,ethiopia,draw_156
Male,1.8877468847279517,3,50.57057,ethiopia,draw_156
Female,1.9162037545046937,2,50.68068,ethiopia,draw_156
Male,2.097844854124481,2,50.68068,ethiopia,draw_156
Female,1.8321086026710975,3,50.68068,ethiopia,draw_156
Male,1.8846662213544259,3,50.68068,ethiopia,draw_156
Female,1.9121408368038253,2,50.79079,ethiopia,draw_156
Male,2.0932915596266355,2,50.79079,ethiopia,draw_156
Female,1.8292120187378966,3,50.79079,ethiopia,draw_156
Male,1.881593286308513,3,50.79079,ethiopia,draw_156
Female,1.9080925963676967,2,50.9009,ethiopia,draw_156
Male,2.088753597725867,2,50.9009,ethiopia,draw_156
Female,1.8263224742670512,3,50.9009,ethiopia,draw_156
Male,1.8785278670202679,3,50.9009,ethiopia,draw_156
Female,1.9040596924261894,2,51.01101,ethiopia,draw_156
Male,2.0842325130741255,2,51.01101,ethiopia,draw_156
Female,1.823440507850818,3,51.01101,ethiopia,draw_156
Male,1.875470353611455,3,51.01101,ethiopia,draw_156
Female,1.90004310532633,2,51.12112,ethiopia,draw_156
Male,2.0797277395004743,2,51.12112,ethiopia,draw_156
Female,1.820566588665315,3,51.12112,ethiopia,draw_156
Male,1.872420535902493,3,51.12112,ethiopia,draw_156
Female,1.8960419049442172,2,51.23123,ethiopia,draw_156
Male,2.0752383813517468,2,51.23123,ethiopia,draw_156
Female,1.8177001423038204,3,51.23123,ethiopia,draw_156
Male,1.8693781431868397,3,51.23123,ethiopia,draw_156
Female,1.8920550687676703,2,51.34134,ethiopia,draw_156
Male,2.0707647570401577,2,51.34134,ethiopia,draw_156
Female,1.8148406218623727,3,51.34134,ethiopia,draw_156
Male,1.8663434134737613,3,51.34134,ethiopia,draw_156
Female,1.8880833001149295,2,51.45145,ethiopia,draw_156
Male,2.066306376500324,2,51.45145,ethiopia,draw_156
Female,1.8119884254306595,3,51.45145,ethiopia,draw_156
Male,1.8633162392181484,3,51.45145,ethiopia,draw_156
Female,1.8841266397224383,2,51.56156,ethiopia,draw_156
Male,2.0618629454393416,2,51.56156,ethiopia,draw_156
Female,1.8091434132985966,3,51.56156,ethiopia,draw_156
Male,1.8602963320424513,3,51.56156,ethiopia,draw_156
Female,1.8801848579623979,2,51.67167,ethiopia,draw_156
Male,2.0574344135727833,2,51.67167,ethiopia,draw_156
Female,1.8063056313778196,3,51.67167,ethiopia,draw_156
Male,1.8572837453562305,3,51.67167,ethiopia,draw_156
Female,1.8762580702214025,2,51.78178,ethiopia,draw_156
Male,2.0530221918763534,2,51.78178,ethiopia,draw_156
Female,1.8034752035549284,3,51.78178,ethiopia,draw_156
Male,1.8542789133264386,3,51.78178,ethiopia,draw_156
Female,1.872346056376723,2,51.89189,ethiopia,draw_156
Male,2.0486237524970345,2,51.89189,ethiopia,draw_156
Female,1.8006518230451867,3,51.89189,ethiopia,draw_156
Male,1.8512808003338797,3,51.89189,ethiopia,draw_156
Female,1.8684494032743895,2,52.002,ethiopia,draw_156
Male,2.0442435347958026,2,52.002,ethiopia,draw_156
Female,1.7978359189407132,3,52.002,ethiopia,draw_156
Male,1.8482915501237511,3,52.002,ethiopia,draw_156
Female,1.8645676138901783,2,52.11211,ethiopia,draw_156
Male,2.039878700313256,2,52.11211,ethiopia,draw_156
Female,1.795027323468349,3,52.11211,ethiopia,draw_156
Male,1.845309913405226,3,52.11211,ethiopia,draw_156
Female,1.8606998700459585,2,52.22222,ethiopia,draw_156
Male,2.035529336800696,2,52.22222,ethiopia,draw_156
Female,1.792225789150925,3,52.22222,ethiopia,draw_156
Male,1.8423357623420404,3,52.22222,ethiopia,draw_156
Female,1.8568466975449567,2,52.33233,ethiopia,draw_156
Male,2.0311956431470266,2,52.33233,ethiopia,draw_156
Female,1.789431697964022,3,52.33233,ethiopia,draw_156
Male,1.839369465087022,3,52.33233,ethiopia,draw_156
Female,1.8530082672516692,2,52.44244,ethiopia,draw_156
Male,2.0268767039326017,2,52.44244,ethiopia,draw_156
Female,1.7866449408022702,3,52.44244,ethiopia,draw_156
Male,1.8364105762057625,3,52.44244,ethiopia,draw_156
Female,1.8491858816982532,2,52.55255,ethiopia,draw_156
Male,2.0225745766887333,2,52.55255,ethiopia,draw_156
Female,1.7838660538734628,3,52.55255,ethiopia,draw_156
Male,1.833459887684865,3,52.55255,ethiopia,draw_156
Female,1.845376984698506,2,52.66266,ethiopia,draw_156
Male,2.0182870326719122,2,52.66266,ethiopia,draw_156
Female,1.781093485343665,3,52.66266,ethiopia,draw_156
Male,1.8305165356898572,3,52.66266,ethiopia,draw_156
Female,1.8415840097850549,2,52.77277,ethiopia,draw_156
Male,2.014015113261488,2,52.77277,ethiopia,draw_156
Female,1.7783288921539675,3,52.77277,ethiopia,draw_156
Male,1.8275806735449815,3,52.77277,ethiopia,draw_156
Female,1.8378050144314557,2,52.88288,ethiopia,draw_156
Male,2.0097587124611014,2,52.88288,ethiopia,draw_156
Female,1.775571168348775,3,52.88288,ethiopia,draw_156
Male,1.8246524189210487,3,52.88288,ethiopia,draw_156
Female,1.8340414423983156,2,52.99299,ethiopia,draw_156
Male,2.005515396852749,2,52.99299,ethiopia,draw_156
Female,1.7728212005564385,3,52.99299,ethiopia,draw_156
Male,1.821730614401744,3,52.99299,ethiopia,draw_156
Female,1.8302915974197522,2,53.1031,ethiopia,draw_156
Male,2.0012864644455135,2,53.1031,ethiopia,draw_156
Female,1.7700778675433246,3,53.1031,ethiopia,draw_156
Male,1.818815552629109,3,53.1031,ethiopia,draw_156
Female,1.8265556642261873,2,53.21321,ethiopia,draw_156
Male,1.997072987493126,2,53.21321,ethiopia,draw_156
Female,1.7673414464615234,3,53.21321,ethiopia,draw_156
Male,1.8159079772217614,3,53.21321,ethiopia,draw_156
Female,1.8228340973924753,2,53.32332,ethiopia,draw_156
Male,1.992874411936258,2,53.32332,ethiopia,draw_156
Female,1.7646120230438964,3,53.32332,ethiopia,draw_156
Male,1.8130077062764278,3,53.32332,ethiopia,draw_156
Female,1.8191264360138475,2,53.43343,ethiopia,draw_156
Male,1.9886889542150263,2,53.43343,ethiopia,draw_156
Female,1.761889421956421,3,53.43343,ethiopia,draw_156
Male,1.8101139243252162,3,53.43343,ethiopia,draw_156
Female,1.8154325244597005,2,53.54354,ethiopia,draw_156
Male,1.9845195335594648,2,53.54354,ethiopia,draw_156
Female,1.7591736454461937,3,53.54354,ethiopia,draw_156
Male,1.8072277971470905,3,53.54354,ethiopia,draw_156
Female,1.8117528902754365,2,53.65365,ethiopia,draw_156
Male,1.9803651171416086,2,53.65365,ethiopia,draw_156
Female,1.7564650743558734,3,53.65365,ethiopia,draw_156
Male,1.8043490288320845,3,53.65365,ethiopia,draw_156
Female,1.8080872318716352,2,53.76376,ethiopia,draw_156
Male,1.9762240357765026,2,53.76376,ethiopia,draw_156
Female,1.7537635661460782,3,53.76376,ethiopia,draw_156
Male,1.8014766890092755,3,53.76376,ethiopia,draw_156
Female,1.8044347113155474,2,53.87387,ethiopia,draw_156
Male,1.9720978768379174,2,53.87387,ethiopia,draw_156
Female,1.751068291222725,3,53.87387,ethiopia,draw_156
Male,1.7986116709390243,3,53.87387,ethiopia,draw_156
Female,1.8007957956928125,2,53.98398,ethiopia,draw_156
Male,1.9679861501779419,2,53.98398,ethiopia,draw_156
Female,1.748379764946843,3,53.98398,ethiopia,draw_156
Male,1.7957536773166543,3,53.98398,ethiopia,draw_156
Female,1.797170672475448,2,54.09409,ethiopia,draw_156
Male,1.963889977602456,2,54.09409,ethiopia,draw_156
Female,1.7456980680894831,3,54.09409,ethiopia,draw_156
Male,1.7929033582100744,3,54.09409,ethiopia,draw_156
Female,1.7935599383191632,2,54.2042,ethiopia,draw_156
Male,1.9598076432772504,2,54.2042,ethiopia,draw_156
Female,1.7430232865362862,3,54.2042,ethiopia,draw_156
Male,1.7900595683883773,3,54.2042,ethiopia,draw_156
Female,1.7899627561895415,2,54.31431,ethiopia,draw_156
Male,1.955738963374607,2,54.31431,ethiopia,draw_156
Female,1.7403550009400683,3,54.31431,ethiopia,draw_156
Male,1.787222563624681,3,54.31431,ethiopia,draw_156
Female,1.7863796065718491,2,54.42442,ethiopia,draw_156
Male,1.9516847854541983,2,54.42442,ethiopia,draw_156
Female,1.7376937618661485,3,54.42442,ethiopia,draw_156
Male,1.7843926620519035,3,54.42442,ethiopia,draw_156
Female,1.7828089435728471,2,54.53453,ethiopia,draw_156
Male,1.9476455455110628,2,54.53453,ethiopia,draw_156
Female,1.7350387310817936,3,54.53453,ethiopia,draw_156
Male,1.781569954831326,3,54.53453,ethiopia,draw_156
Female,1.7792517621484345,2,54.64464,ethiopia,draw_156
Male,1.943619722010041,2,54.64464,ethiopia,draw_156
Female,1.7323906902883384,3,54.64464,ethiopia,draw_156
Male,1.7787538824013718,3,54.64464,ethiopia,draw_156
Female,1.7757079418227615,2,54.75475,ethiopia,draw_156
Male,1.9396077919492685,2,54.75475,ethiopia,draw_156
Female,1.7297494185332984,3,54.75475,ethiopia,draw_156
Male,1.7759447174360867,3,54.75475,ethiopia,draw_156
Female,1.7721767772039125,2,54.86486,ethiopia,draw_156
Male,1.935611107276342,2,54.86486,ethiopia,draw_156
Female,1.7271143529548598,3,54.86486,ethiopia,draw_156
Male,1.773142890887023,3,54.86486,ethiopia,draw_156
Female,1.7686596233774652,2,54.97497,ethiopia,draw_156
Male,1.9316277736324703,2,54.97497,ethiopia,draw_156
Female,1.7244864414041836,3,54.97497,ethiopia,draw_156
Male,1.7703476692032292,3,54.97497,ethiopia,draw_156
Female,1.7651561552700408,2,55.08509,ethiopia,draw_156
Male,1.9276580849636396,2,55.08509,ethiopia,draw_156
Female,1.721865179754876,3,55.08509,ethiopia,draw_156
Male,1.7675591590353263,3,55.08509,ethiopia,draw_156
Female,1.7616665358646069,2,55.1952,ethiopia,draw_156
Male,1.9237034899750178,2,55.1952,ethiopia,draw_156
Female,1.7192509249687573,3,55.1952,ethiopia,draw_156
Male,1.7647782614313372,3,55.1952,ethiopia,draw_156
Female,1.7581902353722059,2,55.30531,ethiopia,draw_156
Male,1.919762043429729,2,55.30531,ethiopia,draw_156
Female,1.7166433431148145,3,55.30531,ethiopia,draw_156
Male,1.762004021584375,3,55.30531,ethiopia,draw_156
Female,1.7547281369053827,2,55.41542,ethiopia,draw_156
Male,1.9158348898218371,2,55.41542,ethiopia,draw_156
Female,1.7140427240128147,3,55.41542,ethiopia,draw_156
Male,1.7592368463862615,3,55.41542,ethiopia,draw_156
Female,1.7512783972398722,2,55.52553,ethiopia,draw_156
Male,1.91192169829508,2,55.52553,ethiopia,draw_156
Female,1.711448493411601,3,55.52553,ethiopia,draw_156
Male,1.7564765929964794,3,55.52553,ethiopia,draw_156
Female,1.7478417605217114,2,55.63564,ethiopia,draw_156
Male,1.9080199806718205,2,55.63564,ethiopia,draw_156
Female,1.7088608305791735,3,55.63564,ethiopia,draw_156
Male,1.7537221089838335,3,55.63564,ethiopia,draw_156
Female,1.7444180025533993,2,55.74575,ethiopia,draw_156
Male,1.9041332164825904,2,55.74575,ethiopia,draw_156
Female,1.7062795992313449,3,55.74575,ethiopia,draw_156
Male,1.7509749221796622,3,55.74575,ethiopia,draw_156
Female,1.7410058148200098,2,55.85586,ethiopia,draw_156
Male,1.900260416666157,2,55.85586,ethiopia,draw_156
Female,1.703704232314516,3,55.85586,ethiopia,draw_156
Male,1.748234839738734,3,55.85586,ethiopia,draw_156
Female,1.7376056896163246,2,55.96597,ethiopia,draw_156
Male,1.8963997345275427,2,55.96597,ethiopia,draw_156
Female,1.7011349185402043,3,55.96597,ethiopia,draw_156
Male,1.7455007093111483,3,55.96597,ethiopia,draw_156
Female,1.734218576135045,2,56.07608,ethiopia,draw_156
Male,1.8925533429296455,2,56.07608,ethiopia,draw_156
Female,1.6985720557669923,3,56.07608,ethiopia,draw_156
Male,1.742773622449417,3,56.07608,ethiopia,draw_156
Female,1.7308444826555136,2,56.18619,ethiopia,draw_156
Male,1.8887203418184093,2,56.18619,ethiopia,draw_156
Female,1.6960156568784293,3,56.18619,ethiopia,draw_156
Male,1.7400530804318877,3,56.18619,ethiopia,draw_156
Female,1.727483000607538,2,56.2963,ethiopia,draw_156
Male,1.8848999649148384,2,56.2963,ethiopia,draw_156
Female,1.693465727321831,3,56.2963,ethiopia,draw_156
Male,1.7373387865782624,3,56.2963,ethiopia,draw_156
Female,1.724134310323376,2,56.40641,ethiopia,draw_156
Male,1.8810927588513715,2,56.40641,ethiopia,draw_156
Female,1.690922343441021,3,56.40641,ethiopia,draw_156
Male,1.73463121984605,3,56.40641,ethiopia,draw_156
Female,1.7207980978675725,2,56.51652,ethiopia,draw_156
Male,1.8772972017313398,2,56.51652,ethiopia,draw_156
Female,1.6883853292311353,3,56.51652,ethiopia,draw_156
Male,1.7319295740053708,3,56.51652,ethiopia,draw_156
Female,1.7174754850509248,2,56.62663,ethiopia,draw_156
Male,1.8735154451462663,2,56.62663,ethiopia,draw_156
Female,1.685855130670473,3,56.62663,ethiopia,draw_156
Male,1.7292349002840606,3,56.62663,ethiopia,draw_156
Female,1.7141650195531444,2,56.73674,ethiopia,draw_156
Male,1.8697464174885516,2,56.73674,ethiopia,draw_156
Female,1.6833308998025147,3,56.73674,ethiopia,draw_156
Male,1.7265467964410663,3,56.73674,ethiopia,draw_156
Female,1.7108671178868697,2,56.84685,ethiopia,draw_156
Male,1.8659909231708391,2,56.84685,ethiopia,draw_156
Female,1.6808128235589959,3,56.84685,ethiopia,draw_156
Male,1.7238655062037909,3,56.84685,ethiopia,draw_156
Female,1.7075822158104346,2,56.95696,ethiopia,draw_156
Male,1.8622480990083932,2,56.95696,ethiopia,draw_156
Female,1.6783013113342906,3,56.95696,ethiopia,draw_156
Male,1.7211906828070174,3,56.95696,ethiopia,draw_156
Female,1.7043094861253725,2,57.06707,ethiopia,draw_156
Male,1.858516719038999,2,57.06707,ethiopia,draw_156
Female,1.675796000177064,3,57.06707,ethiopia,draw_156
Male,1.718521950734413,3,57.06707,ethiopia,draw_156
Female,1.701048932423044,2,57.17718,ethiopia,draw_156
Male,1.8547983976010542,2,57.17718,ethiopia,draw_156
Female,1.6732967397663077,3,57.17718,ethiopia,draw_156
Male,1.7158599917725115,3,57.17718,ethiopia,draw_156
Female,1.6978011396488886,2,57.28729,ethiopia,draw_156
Male,1.8510940423974551,2,57.28729,ethiopia,draw_156
Female,1.6708040368304802,3,57.28729,ethiopia,draw_156
Male,1.7132049919171075,3,57.28729,ethiopia,draw_156
Female,1.694565078309931,2,57.3974,ethiopia,draw_156
Male,1.847402556668284,2,57.3974,ethiopia,draw_156
Female,1.6683172334864127,3,57.3974,ethiopia,draw_156
Male,1.710556432950734,3,57.3974,ethiopia,draw_156
Female,1.6913424084256676,2,57.50751,ethiopia,draw_156
Male,1.8437241689830781,2,57.50751,ethiopia,draw_156
Female,1.6658376041610634,3,57.50751,ethiopia,draw_156
Male,1.707914504546505,3,57.50751,ethiopia,draw_156
Female,1.6881316716568335,2,57.61762,ethiopia,draw_156
Male,1.8400580802708302,2,57.61762,ethiopia,draw_156
Female,1.6633641106861727,3,57.61762,ethiopia,draw_156
Male,1.7052787289092348,3,57.61762,ethiopia,draw_156
Female,1.6849324651492728,2,57.72773,ethiopia,draw_156
Male,1.8364046667092169,2,57.72773,ethiopia,draw_156
Female,1.6608966707739576,3,57.72773,ethiopia,draw_156
Male,1.7026492656562766,3,57.72773,ethiopia,draw_156
Female,1.6817455980227942,2,57.83784,ethiopia,draw_156
Male,1.8327634768095644,2,57.83784,ethiopia,draw_156
Female,1.658435654238735,3,57.83784,ethiopia,draw_156
Male,1.7000258451551444,3,57.83784,ethiopia,draw_156
Female,1.6785696439019449,2,57.94795,ethiopia,draw_156
Male,1.8291360254576723,2,57.94795,ethiopia,draw_156
Female,1.6559801625489734,3,57.94795,ethiopia,draw_156
Male,1.6974092397944411,3,57.94795,ethiopia,draw_156
Female,1.6754059790238358,2,58.05806,ethiopia,draw_156
Male,1.8255209308928417,2,58.05806,ethiopia,draw_156
Female,1.6535310450923435,3,58.05806,ethiopia,draw_156
Male,1.6947992028937944,3,58.05806,ethiopia,draw_156
Female,1.6722556982929988,2,58.16817,ethiopia,draw_156
Male,1.8219183419588054,2,58.16817,ethiopia,draw_156
Female,1.6510886927674961,3,58.16817,ethiopia,draw_156
Male,1.6921956511778515,3,58.16817,ethiopia,draw_156
Female,1.6691173106018633,2,58.27828,ethiopia,draw_156
Male,1.8183283344190848,2,58.27828,ethiopia,draw_156
Female,1.6486524848383846,3,58.27828,ethiopia,draw_156
Male,1.689598802257122,3,58.27828,ethiopia,draw_156
Female,1.665990860206998,2,58.38839,ethiopia,draw_156
Male,1.8147503788394939,2,58.38839,ethiopia,draw_156
Female,1.6462224489723165,3,58.38839,ethiopia,draw_156
Male,1.6870082655133973,3,58.38839,ethiopia,draw_156
Female,1.6628758736864004,2,58.4985,ethiopia,draw_156
Male,1.811185349266314,2,58.4985,ethiopia,draw_156
Female,1.6437985139806839,3,58.4985,ethiopia,draw_156
Male,1.684424275787939,3,58.4985,ethiopia,draw_156
Female,1.6597726542419065,2,58.60861,ethiopia,draw_156
Male,1.8076326646470178,2,58.60861,ethiopia,draw_156
Female,1.641380693083576,3,58.60861,ethiopia,draw_156
Male,1.6818467676440083,3,58.60861,ethiopia,draw_156
Female,1.656680827428105,2,58.71872,ethiopia,draw_156
Male,1.8040929806974602,2,58.71872,ethiopia,draw_156
Female,1.6389685794131084,3,58.71872,ethiopia,draw_156
Male,1.679275991577334,3,58.71872,ethiopia,draw_156
Female,1.6536014603080673,2,58.82883,ethiopia,draw_156
Male,1.8005640129440503,2,58.82883,ethiopia,draw_156
Female,1.6365628310498208,3,58.82883,ethiopia,draw_156
Male,1.676710793662646,3,58.82883,ethiopia,draw_156
Female,1.6505347793489022,2,58.93894,ethiopia,draw_156
Male,1.7970495659141636,2,58.93894,ethiopia,draw_156
Female,1.6341636751111321,3,58.93894,ethiopia,draw_156
Male,1.6741530139921417,3,58.93894,ethiopia,draw_156
Female,1.647479191592952,2,59.04905,ethiopia,draw_156
Male,1.7935466379290668,2,59.04905,ethiopia,draw_156
Female,1.6317703229887337,3,59.04905,ethiopia,draw_156
Male,1.6716013120501456,3,59.04905,ethiopia,draw_156
Female,1.6444346415251403,2,59.15916,ethiopia,draw_156
Male,1.7900548141296015,2,59.15916,ethiopia,draw_156
Female,1.6293825251198557,3,59.15916,ethiopia,draw_156
Male,1.6690555703008347,3,59.15916,ethiopia,draw_156
Female,1.6414020569942729,2,59.26927,ethiopia,draw_156
Male,1.7865758920780626,2,59.26927,ethiopia,draw_156
Female,1.6270010969823643,3,59.26927,ethiopia,draw_156
Male,1.666516507249586,3,59.26927,ethiopia,draw_156
Female,1.6383803864129558,2,59.37938,ethiopia,draw_156
Male,1.7831101050900113,2,59.37938,ethiopia,draw_156
Female,1.6246253786324796,3,59.37938,ethiopia,draw_156
Male,1.6639842159710267,3,59.37938,ethiopia,draw_156
Female,1.635369715151727,2,59.48949,ethiopia,draw_156
Male,1.7796542235596502,2,59.48949,ethiopia,draw_156
Female,1.622255109234932,3,59.48949,ethiopia,draw_156
Male,1.6614572765538924,3,59.48949,ethiopia,draw_156
Female,1.6323713613895157,2,59.5996,ethiopia,draw_156
Male,1.7762107548507264,2,59.5996,ethiopia,draw_156
Female,1.6198911925538684,3,59.5996,ethiopia,draw_156
Male,1.6589367849967744,3,59.5996,ethiopia,draw_156
Female,1.6293842820028293,2,59.70971,ethiopia,draw_156
Male,1.772779451621642,2,59.70971,ethiopia,draw_156
Female,1.6175330366690253,3,59.70971,ethiopia,draw_156
Male,1.6564228271179757,3,59.70971,ethiopia,draw_156
Female,1.6264098145115553,2,59.81982,ethiopia,draw_156
Male,1.7693606972784335,2,59.81982,ethiopia,draw_156
Female,1.615181497695044,3,59.81982,ethiopia,draw_156
Male,1.6539152141266182,3,59.81982,ethiopia,draw_156
Female,1.6234466208129292,2,59.92993,ethiopia,draw_156
Male,1.7659540595634295,2,59.92993,ethiopia,draw_156
Female,1.61283569979814,3,59.92993,ethiopia,draw_156
Male,1.651413904920874,3,59.92993,ethiopia,draw_156
Female,1.620495036463299,2,60.04004,ethiopia,draw_156
Male,1.7625594653345946,2,60.04004,ethiopia,draw_156
Female,1.6104959901109488,3,60.04004,ethiopia,draw_156
Male,1.6489187844583988,3,60.04004,ethiopia,draw_156
Female,1.6175538331018757,2,60.15015,ethiopia,draw_156
Male,1.7591760367827238,2,60.15015,ethiopia,draw_156
Female,1.60816154242122,3,60.15015,ethiopia,draw_156
Male,1.6464296599621862,3,60.15015,ethiopia,draw_156
Female,1.614624891313171,2,60.26026,ethiopia,draw_156
Male,1.7558044669507424,2,60.26026,ethiopia,draw_156
Female,1.6058335432694442,3,60.26026,ethiopia,draw_156
Male,1.6439466418010487,3,60.26026,ethiopia,draw_156
Female,1.6117066348614257,2,60.37037,ethiopia,draw_156
Male,1.7524436466668234,2,60.37037,ethiopia,draw_156
Female,1.6035109019682616,3,60.37037,ethiopia,draw_156
Male,1.6414693338031572,3,60.37037,ethiopia,draw_156
Female,1.6088006132058417,2,60.48048,ethiopia,draw_156
Male,1.7490944647450175,2,60.48048,ethiopia,draw_156
Female,1.6011947345174362,3,60.48048,ethiopia,draw_156
Male,1.6389979862635289,3,60.48048,ethiopia,draw_156
Female,1.6059059617701503,2,60.59059,ethiopia,draw_156
Male,1.7457574969257341,2,60.59059,ethiopia,draw_156
Female,1.5988846566790478,3,60.59059,ethiopia,draw_156
Male,1.6365329630065402,3,60.59059,ethiopia,draw_156
Female,1.6030220979423915,2,60.7007,ethiopia,draw_156
Male,1.74243051304924,2,60.7007,ethiopia,draw_156
Female,1.5965802812766576,3,60.7007,ethiopia,draw_156
Male,1.6340732627920664,3,60.7007,ethiopia,draw_156
Female,1.6001496870521081,2,60.81081,ethiopia,draw_156
Male,1.7391151096469293,2,60.81081,ethiopia,draw_156
Female,1.594282021190087,3,60.81081,ethiopia,draw_156
Male,1.6316196918904962,3,60.81081,ethiopia,draw_156
Female,1.597286976451131,2,60.92092,ethiopia,draw_156
Male,1.7358108870038396,2,60.92092,ethiopia,draw_156
Female,1.5919889253645798,3,60.92092,ethiopia,draw_156
Male,1.6291718160158162,3,60.92092,ethiopia,draw_156
Female,1.5944363175507343,2,61.03103,ethiopia,draw_156
Male,1.7325179907276114,2,61.03103,ethiopia,draw_156
Female,1.5897022752029444,3,61.03103,ethiopia,draw_156
Male,1.626729868838339,3,61.03103,ethiopia,draw_156
Female,1.5915956161517033,2,61.14114,ethiopia,draw_156
Male,1.7292364522392523,2,61.14114,ethiopia,draw_156
Female,1.5874209066370015,3,61.14114,ethiopia,draw_156
Male,1.6242938695680802,3,61.14114,ethiopia,draw_156
Female,1.5887653974047276,2,61.25125,ethiopia,draw_156
Male,1.7259664708522735,2,61.25125,ethiopia,draw_156
Female,1.5851453666697302,3,61.25125,ethiopia,draw_156
Male,1.621863787513841,3,61.25125,ethiopia,draw_156
Female,1.5859460214111083,2,61.36136,ethiopia,draw_156
Male,1.7227082046123299,2,61.36136,ethiopia,draw_156
Female,1.5828756101305592,3,61.36136,ethiopia,draw_156
Male,1.6194396529291604,3,61.36136,ethiopia,draw_156
Female,1.5831372278532936,2,61.47147,ethiopia,draw_156
Male,1.7194606289446523,2,61.47147,ethiopia,draw_156
Female,1.5806112826204224,3,61.47147,ethiopia,draw_156
Male,1.6170213226931482,3,61.47147,ethiopia,draw_156
Female,1.5803400910168732,2,61.58158,ethiopia,draw_156
Male,1.716224782621763,2,61.58158,ethiopia,draw_156
Female,1.5783528807076443,3,61.58158,ethiopia,draw_156
Male,1.6146092508762182,3,61.58158,ethiopia,draw_156
Female,1.5775538931231583,2,61.69169,ethiopia,draw_156
Male,1.7129996087530586,2,61.69169,ethiopia,draw_156
Female,1.5761000316450287,3,61.69169,ethiopia,draw_156
Male,1.612202715105788,3,61.69169,ethiopia,draw_156
Female,1.5747784480000246,2,61.8018,ethiopia,draw_156
Male,1.709786448026356,2,61.8018,ethiopia,draw_156
Female,1.5738528232485223,3,61.8018,ethiopia,draw_156
Male,1.6098022285442823,3,61.8018,ethiopia,draw_156
Female,1.5720140020532083,2,61.91191,ethiopia,draw_156
Male,1.7065812181115088,2,61.91191,ethiopia,draw_156
Female,1.571611429799694,3,61.91191,ethiopia,draw_156
Male,1.6074061456561983,3,61.91191,ethiopia,draw_156
Female,1.5692604942416881,2,62.02202,ethiopia,draw_156
Male,1.7033884671737274,2,62.02202,ethiopia,draw_156
Female,1.5693755459066545,3,62.02202,ethiopia,draw_156
Male,1.6050164398229372,3,62.02202,ethiopia,draw_156
Female,1.5665178456040905,2,62.13213,ethiopia,draw_156
Male,1.7002062196586265,2,62.13213,ethiopia,draw_156
Female,1.5671454206050717,3,62.13213,ethiopia,draw_156
Male,1.602632215790171,3,62.13213,ethiopia,draw_156
Female,1.5637847851056164,2,62.24224,ethiopia,draw_156
Male,1.6970346770901277,2,62.24224,ethiopia,draw_156
Female,1.5649205083400348,3,62.24224,ethiopia,draw_156
Male,1.6002536358675608,3,62.24224,ethiopia,draw_156
Female,1.5610618217988876,2,62.35235,ethiopia,draw_156
Male,1.6938739791343178,2,62.35235,ethiopia,draw_156
Female,1.562701280358474,3,62.35235,ethiopia,draw_156
Male,1.5978811207388581,3,62.35235,ethiopia,draw_156
Female,1.558348696799808,2,62.46246,ethiopia,draw_156
Male,1.6907242939609757,2,62.46246,ethiopia,draw_156
Female,1.5604873712346423,3,62.46246,ethiopia,draw_156
Male,1.595514456428888,3,62.46246,ethiopia,draw_156
Female,1.5556458132304376,2,62.57257,ethiopia,draw_156
Male,1.6875854267970714,2,62.57257,ethiopia,draw_156
Female,1.5582789659272882,3,62.57257,ethiopia,draw_156
Male,1.593153446134863,3,62.57257,ethiopia,draw_156
Female,1.5529531056574526,2,62.68268,ethiopia,draw_156
Male,1.684457929928588,2,62.68268,ethiopia,draw_156
Female,1.55607586179968,3,62.68268,ethiopia,draw_156
Male,1.590798319945654,3,62.68268,ethiopia,draw_156
Female,1.5502700326875216,2,62.79279,ethiopia,draw_156
Male,1.6813399461470773,2,62.79279,ethiopia,draw_156
Female,1.5538780090097073,3,62.79279,ethiopia,draw_156
Male,1.5884483477784652,3,62.79279,ethiopia,draw_156
Female,1.547596684236578,2,62.9029,ethiopia,draw_156
Male,1.6782325157759024,2,62.9029,ethiopia,draw_156
Female,1.551685469744234,3,62.9029,ethiopia,draw_156
Male,1.586104015880105,3,62.9029,ethiopia,draw_156
Female,1.544933362771483,2,63.01301,ethiopia,draw_156
Male,1.6751357718524025,2,63.01301,ethiopia,draw_156
Female,1.549498314268192,3,63.01301,ethiopia,draw_156
Male,1.5837653401485983,3,63.01301,ethiopia,draw_156
Female,1.5422796662110243,2,63.12312,ethiopia,draw_156
Male,1.6720496478193065,2,63.12312,ethiopia,draw_156
Female,1.5473163879233605,3,63.12312,ethiopia,draw_156
Male,1.5814323946679134,3,63.12312,ethiopia,draw_156
Female,1.5396359737152294,2,63.23323,ethiopia,draw_156
Male,1.6689748522918673,2,63.23323,ethiopia,draw_156
Female,1.5451398170939903,3,63.23323,ethiopia,draw_156
Male,1.5791055049599296,3,63.23323,ethiopia,draw_156
Female,1.5370026794071023,2,63.34334,ethiopia,draw_156
Male,1.6659099840792124,2,63.34334,ethiopia,draw_156
Female,1.5429687476061136,3,63.34334,ethiopia,draw_156
Male,1.576783993736956,3,63.34334,ethiopia,draw_156
Female,1.5343790197841178,2,63.45345,ethiopia,draw_156
Male,1.662856082481096,2,63.45345,ethiopia,draw_156
Female,1.5408029314690104,3,63.45345,ethiopia,draw_156
Male,1.574468240251824,3,63.45345,ethiopia,draw_156
Female,1.5317655314700438,2,63.56356,ethiopia,draw_156
Male,1.659811916412176,2,63.56356,ethiopia,draw_156
Female,1.5386428063984383,3,63.56356,ethiopia,draw_156
Male,1.5721577231308619,3,63.56356,ethiopia,draw_156
Female,1.5291613926113594,2,63.67367,ethiopia,draw_156
Male,1.6567788005372088,2,63.67367,ethiopia,draw_156
Female,1.536487631794185,3,63.67367,ethiopia,draw_156
Male,1.5698531641758922,3,63.67367,ethiopia,draw_156
Female,1.526567189025175,2,63.78378,ethiopia,draw_156
Male,1.6537567396711121,2,63.78378,ethiopia,draw_156
Female,1.5343377155408628,3,63.78378,ethiopia,draw_156
Male,1.5675543693429634,3,63.78378,ethiopia,draw_156
Female,1.5239834483879673,2,63.89389,ethiopia,draw_156
Male,1.6507447892788234,2,63.89389,ethiopia,draw_156
Female,1.5321934211170996,3,63.89389,ethiopia,draw_156
Male,1.5652609979865728,3,63.89389,ethiopia,draw_156
Female,1.5214094166469256,2,64.004,ethiopia,draw_156
Male,1.6477438047394288,2,64.004,ethiopia,draw_156
Female,1.530054498528605,3,64.004,ethiopia,draw_156
Male,1.5629736169594657,3,64.004,ethiopia,draw_156
Female,1.5188449795522487,2,64.11411,ethiopia,draw_156
Male,1.6447523420135854,2,64.11411,ethiopia,draw_156
Female,1.5279207983952265,3,64.11411,ethiopia,draw_156
Male,1.5606916854362025,3,64.11411,ethiopia,draw_156
Female,1.5162898528211792,2,64.22422,ethiopia,draw_156
Male,1.6417733649105923,2,64.22422,ethiopia,draw_156
Female,1.5257919706408818,3,64.22422,ethiopia,draw_156
Male,1.5584165732891093,3,64.22422,ethiopia,draw_156
Female,1.513745311808559,2,64.33433,ethiopia,draw_156
Male,1.6388022965328817,2,64.33433,ethiopia,draw_156
Female,1.523668938493483,3,64.33433,ethiopia,draw_156
Male,1.556145969706462,3,64.33433,ethiopia,draw_156
Female,1.5112104337717398,2,64.44444,ethiopia,draw_156
Male,1.6358425875186597,2,64.44444,ethiopia,draw_156
Female,1.5215510842962359,3,64.44444,ethiopia,draw_156
Male,1.553881538452289,3,64.44444,ethiopia,draw_156
Female,1.5086852694177857,2,64.55455,ethiopia,draw_156
Male,1.6328924493541062,2,64.55455,ethiopia,draw_156
Female,1.5194381823803083,3,64.55455,ethiopia,draw_156
Male,1.551622370932651,3,64.55455,ethiopia,draw_156
Female,1.506169071891576,2,64.66466,ethiopia,draw_156
Male,1.62995338330559,2,64.66466,ethiopia,draw_156
Female,1.5173301177606962,3,64.66466,ethiopia,draw_156
Male,1.5493693563982698,3,64.66466,ethiopia,draw_156
Female,1.5036619130465967,2,64.77477,ethiopia,draw_156
Male,1.627023561082762,2,64.77477,ethiopia,draw_156
Female,1.5152269560355354,3,64.77477,ethiopia,draw_156
Male,1.5471215344998166,3,64.77477,ethiopia,draw_156
Female,1.5011644583703763,2,64.88488,ethiopia,draw_156
Male,1.6241042855484593,2,64.88488,ethiopia,draw_156
Female,1.5131289653849225,3,64.88488,ethiopia,draw_156
Male,1.5448793909148248,3,64.88488,ethiopia,draw_156
Female,1.498677587138784,2,64.99499,ethiopia,draw_156
Male,1.621194795125164,2,64.99499,ethiopia,draw_156
Female,1.5110369317605379,3,64.99499,ethiopia,draw_156
Male,1.5426427004373577,3,64.99499,ethiopia,draw_156
Female,1.4961993795628825,2,65.10511,ethiopia,draw_156
Male,1.6182959161208839,2,65.10511,ethiopia,draw_156
Female,1.50894955620508,3,65.10511,ethiopia,draw_156
Male,1.540411781759823,3,65.10511,ethiopia,draw_156
Female,1.4937297584272464,2,65.21522,ethiopia,draw_156
Male,1.6154055628421764,2,65.21522,ethiopia,draw_156
Female,1.506866896272101,3,65.21522,ethiopia,draw_156
Male,1.5381856677686572,3,65.21522,ethiopia,draw_156
Female,1.4912694583191517,2,65.32533,ethiopia,draw_156
Male,1.6125259042975721,2,65.32533,ethiopia,draw_156
Female,1.5047895408139127,3,65.32533,ethiopia,draw_156
Male,1.5359653385046605,3,65.32533,ethiopia,draw_156
Female,1.4888181038953785,2,65.43544,ethiopia,draw_156
Male,1.609655758485865,2,65.43544,ethiopia,draw_156
Female,1.5027173357246018,3,65.43544,ethiopia,draw_156
Male,1.5337503614989176,3,65.43544,ethiopia,draw_156
Female,1.4863757365888937,2,65.54555,ethiopia,draw_156
Male,1.6067949151909575,2,65.54555,ethiopia,draw_156
Female,1.5006500907225842,3,65.54555,ethiopia,draw_156
Male,1.5315403461100132,3,65.54555,ethiopia,draw_156
Female,1.4839422570575755,2,65.65566,ethiopia,draw_156
Male,1.6039441502558631,2,65.65566,ethiopia,draw_156
Female,1.4985876671205274,3,65.65566,ethiopia,draw_156
Male,1.5293354542729394,3,65.65566,ethiopia,draw_156
Female,1.4815182588281857,2,65.76577,ethiopia,draw_156
Male,1.601102298094018,2,65.76577,ethiopia,draw_156
Female,1.4965305892948741,3,65.76577,ethiopia,draw_156
Male,1.5271355433602112,3,65.76577,ethiopia,draw_156
Female,1.4791033518047658,2,65.87588,ethiopia,draw_156
Male,1.5982709799567079,2,65.87588,ethiopia,draw_156
Female,1.4944786570874058,3,65.87588,ethiopia,draw_156
Male,1.524941346377559,3,65.87588,ethiopia,draw_156
Female,1.4766969267853265,2,65.98599,ethiopia,draw_156
Male,1.5954498176354355,2,65.98599,ethiopia,draw_156
Female,1.492431425606799,3,65.98599,ethiopia,draw_156
Male,1.522752653961582,3,65.98599,ethiopia,draw_156
Female,1.474299755010069,2,66.0961,ethiopia,draw_156
Male,1.5926385610604992,2,66.0961,ethiopia,draw_156
Female,1.4903892719028773,3,66.0961,ethiopia,draw_156
Male,1.5205693909713967,3,66.0961,ethiopia,draw_156
Female,1.4719120655636115,2,66.20621,ethiopia,draw_156
Male,1.5898374971675469,2,66.20621,ethiopia,draw_156
Female,1.4883524502564875,3,66.20621,ethiopia,draw_156
Male,1.5183918790213944,3,66.20621,ethiopia,draw_156
Female,1.4695324224644812,2,66.31632,ethiopia,draw_156
Male,1.5870445866870975,2,66.31632,ethiopia,draw_156
Female,1.4863198497093635,3,66.31632,ethiopia,draw_156
Male,1.5162189813008766,3,66.31632,ethiopia,draw_156
Female,1.4671618316311057,2,66.42643,ethiopia,draw_156
Male,1.584262382200683,2,66.42643,ethiopia,draw_156
Female,1.4842923802972632,3,66.42643,ethiopia,draw_156
Male,1.5140519655711577,3,66.42643,ethiopia,draw_156
Female,1.4648009704322718,2,66.53654,ethiopia,draw_156
Male,1.5814876830217544,2,66.53654,ethiopia,draw_156
Female,1.4822705180278677,3,66.53654,ethiopia,draw_156
Male,1.5118894078317895,3,66.53654,ethiopia,draw_156
Female,1.4624483827328116,2,66.64665,ethiopia,draw_156
Male,1.57872416662667,2,66.64665,ethiopia,draw_156
Female,1.4802532552950771,3,66.64665,ethiopia,draw_156
Male,1.5097328458773622,3,66.64665,ethiopia,draw_156
Female,1.4601047891408712,2,66.75676,ethiopia,draw_156
Male,1.5759684586736724,2,66.75676,ethiopia,draw_156
Female,1.4782410735972689,3,66.75676,ethiopia,draw_156
Male,1.5075807941100643,3,66.75676,ethiopia,draw_156
Female,1.4577696412905898,2,66.86687,ethiopia,draw_156
Male,1.573223569166327,2,66.86687,ethiopia,draw_156
Female,1.47623368437956,3,66.86687,ethiopia,draw_156
Male,1.5054347666222825,3,66.86687,ethiopia,draw_156
Female,1.455443430270677,2,66.97698,ethiopia,draw_156
Male,1.5704879415598534,2,66.97698,ethiopia,draw_156
Female,1.4742312651202538,3,66.97698,ethiopia,draw_156
Male,1.5032939278323283,3,66.97698,ethiopia,draw_156
Female,1.4531251411753932,2,67.08709,ethiopia,draw_156
Male,1.5677615437403059,2,67.08709,ethiopia,draw_156
Female,1.472233008442444,3,67.08709,ethiopia,draw_156
Male,1.5011582151196192,3,67.08709,ethiopia,draw_156
Female,1.450815994320857,2,67.1972,ethiopia,draw_156
Male,1.5650444274141881,2,67.1972,ethiopia,draw_156
Female,1.4702399577272223,3,67.1972,ethiopia,draw_156
Male,1.4990276765043453,3,67.1972,ethiopia,draw_156
Female,1.4485154893221608,2,67.30731,ethiopia,draw_156
Male,1.5623377569552541,2,67.30731,ethiopia,draw_156
Female,1.4682516623277866,3,67.30731,ethiopia,draw_156
Male,1.4969027349371946,3,67.30731,ethiopia,draw_156
Female,1.446224321562998,2,67.41742,ethiopia,draw_156
Male,1.5596396032012227,2,67.41742,ethiopia,draw_156
Female,1.4662687241908858,3,67.41742,ethiopia,draw_156
Male,1.4947827630371444,3,67.41742,ethiopia,draw_156
Female,1.4439425524955816,2,67.52753,ethiopia,draw_156
Male,1.5569512427789445,2,67.52753,ethiopia,draw_156
Female,1.4642910349045528,3,67.52753,ethiopia,draw_156
Male,1.4926682213093547,3,67.52753,ethiopia,draw_156
Female,1.441669372216271,2,67.63764,ethiopia,draw_156
Male,1.5542730078770692,2,67.63764,ethiopia,draw_156
Female,1.4623180862613403,3,67.63764,ethiopia,draw_156
Male,1.4905593024653165,3,67.63764,ethiopia,draw_156
Female,1.43940553053241,2,67.74775,ethiopia,draw_156
Male,1.5516025250907082,2,67.74775,ethiopia,draw_156
Female,1.460350481862123,3,67.74775,ethiopia,draw_156
Male,1.4884548720726554,3,67.74775,ethiopia,draw_156
Female,1.4371498211969114,2,67.85786,ethiopia,draw_156
Male,1.5489422276192755,2,67.85786,ethiopia,draw_156
Female,1.4583874498508307,3,67.85786,ethiopia,draw_156
Male,1.4863557865310535,3,67.85786,ethiopia,draw_156
Female,1.434902317209888,2,67.96797,ethiopia,draw_156
Male,1.5462910414680662,2,67.96797,ethiopia,draw_156
Female,1.4564289005497801,3,67.96797,ethiopia,draw_156
Male,1.4842615944527058,3,67.96797,ethiopia,draw_156
Female,1.432664184509205,2,68.07808,ethiopia,draw_156
Male,1.5436505482226706,2,68.07808,ethiopia,draw_156
Female,1.4544756475307106,3,68.07808,ethiopia,draw_156
Male,1.4821731645128233,3,68.07808,ethiopia,draw_156
Female,1.4304340411421088,2,68.18819,ethiopia,draw_156
Male,1.5410179976040754,2,68.18819,ethiopia,draw_156
Female,1.452526984101241,3,68.18819,ethiopia,draw_156
Male,1.480089331966467,3,68.18819,ethiopia,draw_156
Female,1.428212067193021,2,68.2983,ethiopia,draw_156
Male,1.5383958823967743,2,68.2983,ethiopia,draw_156
Female,1.4505829013413198,3,68.2983,ethiopia,draw_156
Male,1.4780110782180065,3,68.2983,ethiopia,draw_156
Female,1.4259992284433631,2,68.40841,ethiopia,draw_156
Male,1.5357823305749525,2,68.40841,ethiopia,draw_156
Female,1.4486439984468713,3,68.40841,ethiopia,draw_156
Male,1.475937523000338,3,68.40841,ethiopia,draw_156
Female,1.4237941386481934,2,68.51852,ethiopia,draw_156
Male,1.5331780711332317,2,68.51852,ethiopia,draw_156
Female,1.446709413053367,3,68.51852,ethiopia,draw_156
Male,1.473869060367918,3,68.51852,ethiopia,draw_156
Female,1.421597223527556,2,68.62863,ethiopia,draw_156
Male,1.5305822595115814,2,68.62863,ethiopia,draw_156
Female,1.4447793484784026,3,68.62863,ethiopia,draw_156
Male,1.4718051684525855,3,68.62863,ethiopia,draw_156
Female,1.4194089518565745,2,68.73874,ethiopia,draw_156
Male,1.527996730962626,2,68.73874,ethiopia,draw_156
Female,1.4428539990096918,3,68.73874,ethiopia,draw_156
Male,1.4697469425729814,3,68.73874,ethiopia,draw_156
Female,1.4172282488121974,2,68.84885,ethiopia,draw_156
Male,1.5254186086850807,2,68.84885,ethiopia,draw_156
Female,1.4409328113580642,3,68.84885,ethiopia,draw_156
Male,1.4676929018771434,3,68.84885,ethiopia,draw_156
Female,1.4150557771796928,2,68.95896,ethiopia,draw_156
Male,1.522848721310449,2,68.95896,ethiopia,draw_156
Female,1.4390161378276218,3,68.95896,ethiopia,draw_156
Male,1.4656435977079783,3,68.95896,ethiopia,draw_156
Female,1.4128921151224272,2,69.06907,ethiopia,draw_156
Male,1.5202875272568237,2,69.06907,ethiopia,draw_156
Female,1.4371044614596316,3,69.06907,ethiopia,draw_156
Male,1.463599348211427,3,69.06907,ethiopia,draw_156
Female,1.410736182916294,2,69.17918,ethiopia,draw_156
Male,1.5177359854459007,2,69.17918,ethiopia,draw_156
Female,1.4351969222671386,3,69.17918,ethiopia,draw_156
Male,1.4615604160308977,3,69.17918,ethiopia,draw_156
Female,1.4085891602099696,2,69.28929,ethiopia,draw_156
Male,1.5151916923044078,2,69.28929,ethiopia,draw_156
Female,1.4332943446044146,3,69.28929,ethiopia,draw_156
Male,1.45952554176409,3,69.28929,ethiopia,draw_156
Female,1.406449546747359,2,69.3994,ethiopia,draw_156
Male,1.5126566574733782,2,69.3994,ethiopia,draw_156
Female,1.4313961612732202,3,69.3994,ethiopia,draw_156
Male,1.457495918566462,3,69.3994,ethiopia,draw_156
Female,1.4043174953285553,2,69.50951,ethiopia,draw_156
Male,1.5101296174884955,2,69.50951,ethiopia,draw_156
Female,1.4295022887390947,3,69.50951,ethiopia,draw_156
Male,1.4554709226544849,3,69.50951,ethiopia,draw_156
Female,1.4021939903903387,2,69.61962,ethiopia,draw_156
Male,1.5076105687663206,2,69.61962,ethiopia,draw_156
Female,1.4276133177971388,3,69.61962,ethiopia,draw_156
Male,1.4534505606871988,3,69.61962,ethiopia,draw_156
Female,1.4000783459815116,2,69.72973,ethiopia,draw_156
Male,1.505101675186789,2,69.72973,ethiopia,draw_156
Female,1.4257286140178815,3,69.72973,ethiopia,draw_156
Male,1.4514357385355594,3,69.72973,ethiopia,draw_156
Female,1.3979710881276382,2,69.83984,ethiopia,draw_156
Male,1.5026005400721971,2,69.83984,ethiopia,draw_156
Female,1.423848485289988,3,69.83984,ethiopia,draw_156
Male,1.4494252264205547,3,69.83984,ethiopia,draw_156
Female,1.3958725205499545,2,69.94995,ethiopia,draw_156
Male,1.5001089811109918,2,69.94995,ethiopia,draw_156
Female,1.4219732396412212,3,69.94995,ethiopia,draw_156
Male,1.4474199658058433,3,69.94995,ethiopia,draw_156
Female,1.393782642422639,2,70.06006,ethiopia,draw_156
Male,1.4976260941843644,2,70.06006,ethiopia,draw_156
Female,1.420103030962109,3,70.06006,ethiopia,draw_156
Male,1.4454194796329816,3,70.06006,ethiopia,draw_156
Female,1.391699976254904,2,70.17017,ethiopia,draw_156
Male,1.4951510197447717,2,70.17017,ethiopia,draw_156
Female,1.4182366328312055,3,70.17017,ethiopia,draw_156
Male,1.4434234795145424,3,70.17017,ethiopia,draw_156
Female,1.3896269743537148,2,70.28028,ethiopia,draw_156
Male,1.492683794790136,2,70.28028,ethiopia,draw_156
Female,1.4163757401212407,3,70.28028,ethiopia,draw_156
Male,1.4414321277211497,3,70.28028,ethiopia,draw_156
Female,1.3875609294296092,2,70.39039,ethiopia,draw_156
Male,1.490226115233885,2,70.39039,ethiopia,draw_156
Female,1.4145187933940018,3,70.39039,ethiopia,draw_156
Male,1.4394461873223838,3,70.39039,ethiopia,draw_156
Female,1.3855028838308852,2,70.5005,ethiopia,draw_156
Male,1.4877756585768547,2,70.5005,ethiopia,draw_156
Female,1.412666631191142,3,70.5005,ethiopia,draw_156
Male,1.4374643817993356,3,70.5005,ethiopia,draw_156
Female,1.3834519523779933,2,70.61061,ethiopia,draw_156
Male,1.485334078875768,2,70.61061,ethiopia,draw_156
Female,1.4108185466120355,3,70.61061,ethiopia,draw_156
Male,1.4354875221134376,3,70.61061,ethiopia,draw_156
Female,1.381408689823985,2,70.72072,ethiopia,draw_156
Male,1.4829019369920318,2,70.72072,ethiopia,draw_156
Female,1.4089748606110937,3,70.72072,ethiopia,draw_156
Male,1.4335159521596652,3,70.72072,ethiopia,draw_156
Female,1.37937257236717,2,70.83083,ethiopia,draw_156
Male,1.4804775115496787,2,70.83083,ethiopia,draw_156
Female,1.4071352599389737,3,70.83083,ethiopia,draw_156
Male,1.4315487373363605,3,70.83083,ethiopia,draw_156
Female,1.377343217243448,2,70.94094,ethiopia,draw_156
Male,1.4780623367156753,2,70.94094,ethiopia,draw_156
Female,1.4052993896281478,3,70.94094,ethiopia,draw_156
Male,1.4295865101664096,3,70.94094,ethiopia,draw_156
Female,1.3753226604312458,2,71.05105,ethiopia,draw_156
Male,1.4756548586711644,2,71.05105,ethiopia,draw_156
Female,1.4034688097449715,3,71.05105,ethiopia,draw_156
Male,1.4276287984601925,3,71.05105,ethiopia,draw_156
Female,1.373309629164598,2,71.16116,ethiopia,draw_156
Male,1.473255344572787,2,71.16116,ethiopia,draw_156
Female,1.4016425663389953,3,71.16116,ethiopia,draw_156
Male,1.4256756984188725,3,71.16116,ethiopia,draw_156
Female,1.3713041807288862,2,71.27127,ethiopia,draw_156
Male,1.4708644927492267,2,71.27127,ethiopia,draw_156
Female,1.3998207538792944,3,71.27127,ethiopia,draw_156
Male,1.4237275545683263,3,71.27127,ethiopia,draw_156
Female,1.36930642828863,2,71.38138,ethiopia,draw_156
Male,1.4684808754679641,2,71.38138,ethiopia,draw_156
Female,1.3980033814592563,3,71.38138,ethiopia,draw_156
Male,1.4217837023028477,3,71.38138,ethiopia,draw_156
Female,1.3673167218901323,2,71.49149,ethiopia,draw_156
Male,1.4661065055189613,2,71.49149,ethiopia,draw_156
Female,1.3961905768169853,3,71.49149,ethiopia,draw_156
Male,1.4198449929331176,3,71.49149,ethiopia,draw_156
Female,1.36533409924022,2,71.6016,ethiopia,draw_156
Male,1.4637396648355472,2,71.6016,ethiopia,draw_156
Female,1.3943817492711246,3,71.6016,ethiopia,draw_156
Male,1.4179107019009662,3,71.6016,ethiopia,draw_156
Female,1.3633590109141782,2,71.71171,ethiopia,draw_156
Male,1.4613806931315223,2,71.71171,ethiopia,draw_156
Female,1.3925772760634394,3,71.71171,ethiopia,draw_156
Male,1.4159809368456855,3,71.71171,ethiopia,draw_156
Female,1.3613922974507051,2,71.82182,ethiopia,draw_156
Male,1.459029179566726,2,71.82182,ethiopia,draw_156
Female,1.3907774410455103,3,71.82182,ethiopia,draw_156
Male,1.4140556477662647,3,71.82182,ethiopia,draw_156
Female,1.359432713155009,2,71.93193,ethiopia,draw_156
Male,1.4566873286997026,2,71.93193,ethiopia,draw_156
Female,1.3889816193635658,3,71.93193,ethiopia,draw_156
Male,1.412135820847409,3,71.93193,ethiopia,draw_156
Female,1.35748075059627,2,72.04204,ethiopia,draw_156
Male,1.4543526226637433,2,72.04204,ethiopia,draw_156
Female,1.3871901199093748,3,72.04204,ethiopia,draw_156
Male,1.4102201716124736,3,72.04204,ethiopia,draw_156
Female,1.3555358487563398,2,72.15215,ethiopia,draw_156
Male,1.4520258254867475,2,72.15215,ethiopia,draw_156
Female,1.385402764012583,3,72.15215,ethiopia,draw_156
Male,1.4083091096569353,3,72.15215,ethiopia,draw_156
Female,1.3535990940734866,2,72.26226,ethiopia,draw_156
Male,1.449706316564404,2,72.26226,ethiopia,draw_156
Female,1.3836202814342917,3,72.26226,ethiopia,draw_156
Male,1.4064024478577533,3,72.26226,ethiopia,draw_156
Female,1.35166955328205,2,72.37237,ethiopia,draw_156
Male,1.4473962464016006,2,72.37237,ethiopia,draw_156
Female,1.3818421950184572,3,72.37237,ethiopia,draw_156
Male,1.404501088078031,3,72.37237,ethiopia,draw_156
Female,1.3497467414572892,2,72.48248,ethiopia,draw_156
Male,1.4450927735626908,2,72.48248,ethiopia,draw_156
Female,1.3800681756600948,3,72.48248,ethiopia,draw_156
Male,1.4026038643515293,3,72.48248,ethiopia,draw_156
Female,1.347831717238718,2,72.59259,ethiopia,draw_156
Male,1.4427964219107645,2,72.59259,ethiopia,draw_156
Female,1.3782988688870217,3,72.59259,ethiopia,draw_156
Male,1.4007111588888264,3,72.59259,ethiopia,draw_156
Female,1.3459231173433048,2,72.7027,ethiopia,draw_156
Male,1.4405083264548633,2,72.7027,ethiopia,draw_156
Female,1.3765329673988793,3,72.7027,ethiopia,draw_156
Male,1.3988233801332481,3,72.7027,ethiopia,draw_156
Female,1.34402203896331,2,72.81281,ethiopia,draw_156
Male,1.4382278040539824,2,72.81281,ethiopia,draw_156
Female,1.3747716349883987,3,72.81281,ethiopia,draw_156
Male,1.396940372047717,3,72.81281,ethiopia,draw_156
Female,1.342127676501777,2,72.92292,ethiopia,draw_156
Male,1.435954329111597,2,72.92292,ethiopia,draw_156
Female,1.3730143977762084,3,72.92292,ethiopia,draw_156
Male,1.3950618241596504,3,72.92292,ethiopia,draw_156
Female,1.3402405795867594,2,73.03303,ethiopia,draw_156
Male,1.433688234979347,2,73.03303,ethiopia,draw_156
Female,1.3712616482890165,3,73.03303,ethiopia,draw_156
Male,1.3931877960958006,3,73.03303,ethiopia,draw_156
Female,1.338359742019462,2,73.14314,ethiopia,draw_156
Male,1.4314289181128705,2,73.14314,ethiopia,draw_156
Female,1.3695126359790764,3,73.14314,ethiopia,draw_156
Male,1.3913179300250178,3,73.14314,ethiopia,draw_156
Female,1.3364859505081508,2,73.25325,ethiopia,draw_156
Male,1.4291758215117538,2,73.25325,ethiopia,draw_156
Female,1.3677678756048917,3,73.25325,ethiopia,draw_156
Male,1.3894521485037024,3,73.25325,ethiopia,draw_156
Female,1.3346191434499923,2,73.36336,ethiopia,draw_156
Male,1.4269317333585798,2,73.36336,ethiopia,draw_156
Female,1.366027738836867,3,73.36336,ethiopia,draw_156
Male,1.3875917479276845,3,73.36336,ethiopia,draw_156
Female,1.3327586421090496,2,73.47347,ethiopia,draw_156
Male,1.4246940278168607,2,73.47347,ethiopia,draw_156
Female,1.3642913449977567,3,73.47347,ethiopia,draw_156
Male,1.385735523097463,3,73.47347,ethiopia,draw_156
Female,1.330905718767108,2,73.58358,ethiopia,draw_156
Male,1.4224656283781447,2,73.58358,ethiopia,draw_156
Female,1.3625594509295929,3,73.58358,ethiopia,draw_156
Male,1.383884749863584,3,73.58358,ethiopia,draw_156
Female,1.3290589117759983,2,73.69369,ethiopia,draw_156
Male,1.4202436083565375,2,73.69369,ethiopia,draw_156
Female,1.3608311070663917,3,73.69369,ethiopia,draw_156
Male,1.3820380559450571,3,73.69369,ethiopia,draw_156
Female,1.3272198568032558,2,73.8038,ethiopia,draw_156
Male,1.4180285690558057,2,73.8038,ethiopia,draw_156
Female,1.3591075446375318,3,73.8038,ethiopia,draw_156
Male,1.3801956249726446,3,73.8038,ethiopia,draw_156
Female,1.3253875897753455,2,73.91391,ethiopia,draw_156
Male,1.415820931878555,2,73.91391,ethiopia,draw_156
Female,1.3573879232286417,3,73.91391,ethiopia,draw_156
Male,1.3783576750295965,3,73.91391,ethiopia,draw_156
Female,1.3235615381788055,2,74.02402,ethiopia,draw_156
Male,1.4136206518481829,2,74.02402,ethiopia,draw_156
Female,1.355671998451507,3,74.02402,ethiopia,draw_156
Male,1.3765243277913104,3,74.02402,ethiopia,draw_156
Female,1.3217417712189707,2,74.13413,ethiopia,draw_156
Male,1.4114282496439976,2,74.13413,ethiopia,draw_156
Female,1.3539598836436648,3,74.13413,ethiopia,draw_156
Male,1.3746958236019484,3,74.13413,ethiopia,draw_156
Female,1.3199285689211435,2,74.24424,ethiopia,draw_156
Male,1.4092428447741785,2,74.24424,ethiopia,draw_156
Female,1.3522516935948972,3,74.24424,ethiopia,draw_156
Male,1.3728715816328259,3,74.24424,ethiopia,draw_156
Female,1.3181217041242803,2,74.35435,ethiopia,draw_156
Male,1.4070651042043487,2,74.35435,ethiopia,draw_156
Female,1.3505475885398555,3,74.35435,ethiopia,draw_156
Male,1.3710517830866726,3,74.35435,ethiopia,draw_156
Female,1.3163208672170954,2,74.46446,ethiopia,draw_156
Male,1.40489462977034,2,74.46446,ethiopia,draw_156
Female,1.348847213598431,3,74.46446,ethiopia,draw_156
Male,1.3692363849124658,3,74.46446,ethiopia,draw_156
Female,1.3145273898747296,2,74.57457,ethiopia,draw_156
Male,1.402730946464912,2,74.57457,ethiopia,draw_156
Female,1.347151441423869,3,74.57457,ethiopia,draw_156
Male,1.367425145715079,3,74.57457,ethiopia,draw_156
Female,1.312740358484471,2,74.68468,ethiopia,draw_156
Male,1.4005746407589061,2,74.68468,ethiopia,draw_156
Female,1.3454594187401758,3,74.68468,ethiopia,draw_156
Male,1.3656183814081018,3,74.68468,ethiopia,draw_156
Female,1.310959708855085,2,74.79479,ethiopia,draw_156
Male,1.398424711729118,2,74.79479,ethiopia,draw_156
Female,1.343771325630021,3,74.79479,ethiopia,draw_156
Male,1.3638156777297916,3,74.79479,ethiopia,draw_156
Female,1.3091846737108108,2,74.9049,ethiopia,draw_156
Male,1.3962819247546308,2,74.9049,ethiopia,draw_156
Female,1.3420868738843825,3,74.9049,ethiopia,draw_156
Male,1.3620173875755002,3,74.9049,ethiopia,draw_156
Female,1.3074153596512195,2,75.01502,ethiopia,draw_156
Male,1.3941453725309885,2,75.01502,ethiopia,draw_156
Female,1.34040611122261,3,75.01502,ethiopia,draw_156
Male,1.3602229323270407,3,75.01502,ethiopia,draw_156
Female,1.3056516665258484,2,75.12513,ethiopia,draw_156
Male,1.392016525908131,2,75.12513,ethiopia,draw_156
Female,1.3387291121058706,3,75.12513,ethiopia,draw_156
Male,1.358433439780765,3,75.12513,ethiopia,draw_156
Female,1.3038941753699114,2,75.23524,ethiopia,draw_156
Male,1.389895255280031,2,75.23524,ethiopia,draw_156
Female,1.3370559412933338,3,75.23524,ethiopia,draw_156
Male,1.3566487369179028,3,75.23524,ethiopia,draw_156
Female,1.302142584436618,2,75.34535,ethiopia,draw_156
Male,1.3877794899240194,2,75.34535,ethiopia,draw_156
Female,1.3353865410064911,3,75.34535,ethiopia,draw_156
Male,1.354867662572291,3,75.34535,ethiopia,draw_156
Female,1.3003967393890046,2,75.45546,ethiopia,draw_156
Male,1.3856708003143041,2,75.45546,ethiopia,draw_156
Female,1.3337208182996079,3,75.45546,ethiopia,draw_156
Male,1.353091066278489,3,75.45546,ethiopia,draw_156
Female,1.298657058493683,2,75.56557,ethiopia,draw_156
Male,1.3835696433825218,2,75.56557,ethiopia,draw_156
Female,1.3320591257464738,3,75.56557,ethiopia,draw_156
Male,1.3513190939394844,3,75.56557,ethiopia,draw_156
Female,1.2969240115995426,2,75.67568,ethiopia,draw_156
Male,1.3814744754914485,2,75.67568,ethiopia,draw_156
Female,1.3304017353798177,3,75.67568,ethiopia,draw_156
Male,1.3495510414217107,3,75.67568,ethiopia,draw_156
Female,1.2951965646529502,2,75.78579,ethiopia,draw_156
Male,1.3793863749776538,2,75.78579,ethiopia,draw_156
Female,1.3287480671783016,3,75.78579,ethiopia,draw_156
Male,1.347787421335824,3,75.78579,ethiopia,draw_156
Female,1.2934747613796758,2,75.8959,ethiopia,draw_156
Male,1.3773053421847634,2,75.8959,ethiopia,draw_156
Female,1.327098096366117,3,75.8959,ethiopia,draw_156
Male,1.3460283068349548,3,75.8959,ethiopia,draw_156
Female,1.2917592351206035,2,76.00601,ethiopia,draw_156
Male,1.3752312253870862,2,76.00601,ethiopia,draw_156
Female,1.3254522652248235,3,76.00601,ethiopia,draw_156
Male,1.344273645344689,3,76.00601,ethiopia,draw_156
Female,1.290049510551661,2,76.11612,ethiopia,draw_156
Male,1.373164016300166,2,76.11612,ethiopia,draw_156
Female,1.3238102205544733,3,76.11612,ethiopia,draw_156
Male,1.342523370868958,3,76.11612,ethiopia,draw_156
Female,1.2883459665031398,2,76.22623,ethiopia,draw_156
Male,1.3711027356467966,2,76.22623,ethiopia,draw_156
Female,1.32217231761024,3,76.22623,ethiopia,draw_156
Male,1.3407769470920983,3,76.22623,ethiopia,draw_156
Female,1.286648658062136,2,76.33634,ethiopia,draw_156
Male,1.3690485831358425,2,76.33634,ethiopia,draw_156
Female,1.3205382449009442,3,76.33634,ethiopia,draw_156
Male,1.3390349425810395,3,76.33634,ethiopia,draw_156
Female,1.2849566360376117,2,76.44645,ethiopia,draw_156
Male,1.3670012789750783,2,76.44645,ethiopia,draw_156
Female,1.318907460420462,3,76.44645,ethiopia,draw_156
Male,1.337297259834543,3,76.44645,ethiopia,draw_156
Female,1.2832704496797405,2,76.55656,ethiopia,draw_156
Male,1.364961150678341,2,76.55656,ethiopia,draw_156
Female,1.3172805183422795,3,76.55656,ethiopia,draw_156
Male,1.3355641459193999,3,76.55656,ethiopia,draw_156
Female,1.2815896343371536,2,76.66667,ethiopia,draw_156
Male,1.3629267580869757,2,76.66667,ethiopia,draw_156
Female,1.315657098818754,3,76.66667,ethiopia,draw_156
Male,1.333834841474881,3,76.66667,ethiopia,draw_156
Female,1.2799149659422628,2,76.77678,ethiopia,draw_156
Male,1.3609002788077569,2,76.77678,ethiopia,draw_156
Female,1.3140378283429375,3,76.77678,ethiopia,draw_156
Male,1.332110588528692,3,76.77678,ethiopia,draw_156
Female,1.2782454191476371,2,76.88689,ethiopia,draw_156
Male,1.3588795834387837,2,76.88689,ethiopia,draw_156
Female,1.3124219444821095,3,76.88689,ethiopia,draw_156
Male,1.3303904705037841,3,76.88689,ethiopia,draw_156
Female,1.2765820498208575,2,76.997,ethiopia,draw_156
Male,1.356865625635183,2,76.997,ethiopia,draw_156
Female,1.3108103411958476,3,76.997,ethiopia,draw_156
Male,1.3286745797413377,3,76.997,ethiopia,draw_156
Female,1.2749237131519024,2,77.10711,ethiopia,draw_156
Male,1.3548578715482984,2,77.10711,ethiopia,draw_156
Female,1.3092020683573051,3,77.10711,ethiopia,draw_156
Male,1.3269626514228003,3,77.10711,ethiopia,draw_156
Female,1.273271424068035,2,77.21722,ethiopia,draw_156
Male,1.3528558251833551,2,77.21722,ethiopia,draw_156
Female,1.307597960174241,3,77.21722,ethiopia,draw_156
Male,1.3252546633143136,3,77.21722,ethiopia,draw_156
Female,1.2716248553413567,2,77.32733,ethiopia,draw_156
Male,1.3508618524547427,2,77.32733,ethiopia,draw_156
Female,1.3059974568097703,3,77.32733,ethiopia,draw_156
Male,1.3235517663003395,3,77.32733,ethiopia,draw_156
Female,1.2699843288740253,2,77.43744,ethiopia,draw_156
Male,1.3488731199755275,2,77.43744,ethiopia,draw_156
Female,1.3044007575571064,3,77.43744,ethiopia,draw_156
Male,1.3218524348942369,3,77.43744,ethiopia,draw_156
Female,1.2683494618158255,2,77.54755,ethiopia,draw_156
Male,1.346891318792677,2,77.54755,ethiopia,draw_156
Female,1.3028078283156241,3,77.54755,ethiopia,draw_156
Male,1.3201576225155869,3,77.54755,ethiopia,draw_156
Female,1.2667200766432318,2,77.65766,ethiopia,draw_156
Male,1.344915268655641,2,77.65766,ethiopia,draw_156
Female,1.3012185918642925,3,77.65766,ethiopia,draw_156
Male,1.318466808589538,3,77.65766,ethiopia,draw_156
Female,1.2650964024266436,2,77.76777,ethiopia,draw_156
Male,1.3429459769988825,2,77.76777,ethiopia,draw_156
Female,1.299632915089734,3,77.76777,ethiopia,draw_156
Male,1.3167803179168796,3,77.76777,ethiopia,draw_156
Female,1.2634780269954249,2,77.87788,ethiopia,draw_156
Male,1.340983640263223,2,77.87788,ethiopia,draw_156
Female,1.2980506716312026,3,77.87788,ethiopia,draw_156
Male,1.315098177551969,3,77.87788,ethiopia,draw_156
Female,1.2618656451768606,2,77.98799,ethiopia,draw_156
Male,1.339026423255248,2,77.98799,ethiopia,draw_156
Female,1.2964723691971485,3,77.98799,ethiopia,draw_156
Male,1.313419515564628,3,77.98799,ethiopia,draw_156
Female,1.2602590947822037,2,78.0981,ethiopia,draw_156
Male,1.337075789541701,2,78.0981,ethiopia,draw_156
Female,1.2948977332544833,3,78.0981,ethiopia,draw_156
Male,1.3117450383674778,3,78.0981,ethiopia,draw_156
Female,1.2586577857151038,2,78.20821,ethiopia,draw_156
Male,1.3351312309028334,2,78.20821,ethiopia,draw_156
Female,1.2933266659146614,3,78.20821,ethiopia,draw_156
Male,1.3100746457388965,3,78.20821,ethiopia,draw_156
Female,1.2570630118937975,2,78.31832,ethiopia,draw_156
Male,1.3331928644815825,2,78.31832,ethiopia,draw_156
Female,1.2917598903267853,3,78.31832,ethiopia,draw_156
Male,1.3084082803628005,3,78.31832,ethiopia,draw_156
Female,1.2554728690765156,2,78.42843,ethiopia,draw_156
Male,1.3312611135409538,2,78.42843,ethiopia,draw_156
Female,1.2901961626078369,3,78.42843,ethiopia,draw_156
Male,1.3067463905932972,3,78.42843,ethiopia,draw_156
Female,1.253888896496572,2,78.53854,ethiopia,draw_156
Male,1.3293350100299126,2,78.53854,ethiopia,draw_156
Female,1.2886365998811766,3,78.53854,ethiopia,draw_156
Male,1.3050883154034352,3,78.53854,ethiopia,draw_156
Female,1.2523102023967623,2,78.64865,ethiopia,draw_156
Male,1.3274155434844124,2,78.64865,ethiopia,draw_156
Female,1.2870805955666318,3,78.64865,ethiopia,draw_156
Male,1.3034344975125938,3,78.64865,ethiopia,draw_156
Female,1.250737713507171,2,78.75876,ethiopia,draw_156
Male,1.3255019169039588,2,78.75876,ethiopia,draw_156
Female,1.2855287014536307,3,78.75876,ethiopia,draw_156
Male,1.3017846710586896,3,78.75876,ethiopia,draw_156
Female,1.2491705387850847,2,78.86887,ethiopia,draw_156
Male,1.3235946622673884,2,78.86887,ethiopia,draw_156
Female,1.283980171466365,3,78.86887,ethiopia,draw_156
Male,1.300139145237599,3,78.86887,ethiopia,draw_156
Female,1.2476086459077596,2,78.97898,ethiopia,draw_156
Male,1.3216933304107026,2,78.97898,ethiopia,draw_156
Female,1.2824349695681667,3,78.97898,ethiopia,draw_156
Male,1.2984974476486675,3,78.97898,ethiopia,draw_156
Female,1.2460524932617596,2,79.08909,ethiopia,draw_156
Male,1.3197979923251804,2,79.08909,ethiopia,draw_156
Female,1.2808936393169974,3,79.08909,ethiopia,draw_156
Male,1.2968596938578152,3,79.08909,ethiopia,draw_156
Female,1.2445012297656972,2,79.1992,ethiopia,draw_156
Male,1.3179091485676855,2,79.1992,ethiopia,draw_156
Female,1.2793553322203366,3,79.1992,ethiopia,draw_156
Male,1.2952262430116932,3,79.1992,ethiopia,draw_156
Female,1.2429561244625202,2,79.30931,ethiopia,draw_156
Male,1.3160263533769632,2,79.30931,ethiopia,draw_156
Female,1.2778212658912529,3,79.30931,ethiopia,draw_156
Male,1.2935967458631243,3,79.30931,ethiopia,draw_156
Female,1.2414161810532598,2,79.41942,ethiopia,draw_156
Male,1.3141502120664414,2,79.41942,ethiopia,draw_156
Female,1.276290618313505,3,79.41942,ethiopia,draw_156
Male,1.2919715139344057,3,79.41942,ethiopia,draw_156
Female,1.2398821916976777,2,79.52953,ethiopia,draw_156
Male,1.3122804562492756,2,79.52953,ethiopia,draw_156
Female,1.2747637786551222,3,79.52953,ethiopia,draw_156
Male,1.2903504225445548,3,79.52953,ethiopia,draw_156
Female,1.238353407303575,2,79.63964,ethiopia,draw_156
Male,1.3104174224502332,2,79.63964,ethiopia,draw_156
Female,1.2732403633835772,3,79.63964,ethiopia,draw_156
Male,1.2887337660996714,3,79.63964,ethiopia,draw_156
Female,1.2368299521317416,2,79.74975,ethiopia,draw_156
Male,1.3085600414893503,2,79.74975,ethiopia,draw_156
Female,1.2717205297147611,3,79.74975,ethiopia,draw_156
Male,1.287120859455643,3,79.74975,ethiopia,draw_156
Female,1.2353122164173145,2,79.85986,ethiopia,draw_156
Male,1.3067092516878431,2,79.85986,ethiopia,draw_156
Female,1.270204528336162,3,79.85986,ethiopia,draw_156
Male,1.2855123002702633,3,79.85986,ethiopia,draw_156
Female,1.2337989670829455,2,79.96997,ethiopia,draw_156
Male,1.3048628773121724,2,79.96997,ethiopia,draw_156
Female,1.2686915458613102,3,79.96997,ethiopia,draw_156
Male,1.2839069560428045,3,79.96997,ethiopia,draw_156
Female,1.2322913324127922,2,80.08008,ethiopia,draw_156
Male,1.3030235304002964,2,80.08008,ethiopia,draw_156
Female,1.267182341462201,3,80.08008,ethiopia,draw_156
Male,1.282306138052025,3,80.08008,ethiopia,draw_156
Female,1.2307894457522013,2,80.19019,ethiopia,draw_156
Male,1.3011896540122063,2,80.19019,ethiopia,draw_156
Female,1.2656769421556802,3,80.19019,ethiopia,draw_156
Male,1.2807090525825975,3,80.19019,ethiopia,draw_156
Female,1.2292930600531082,2,80.3003,ethiopia,draw_156
Male,1.2993610978501506,2,80.3003,ethiopia,draw_156
Female,1.2641754285957678,3,80.3003,ethiopia,draw_156
Male,1.2791155742746836,3,80.3003,ethiopia,draw_156
Female,1.2278022027558968,2,80.41041,ethiopia,draw_156
Male,1.297538852321302,2,80.41041,ethiopia,draw_156
Female,1.262677583580677,3,80.41041,ethiopia,draw_156
Male,1.2775262190374783,3,80.41041,ethiopia,draw_156
Female,1.2263157774731086,2,80.52052,ethiopia,draw_156
Male,1.2957229309789084,2,80.52052,ethiopia,draw_156
Female,1.2611826850353032,3,80.52052,ethiopia,draw_156
Male,1.2759409912545365,3,80.52052,ethiopia,draw_156
Female,1.2248348033051395,2,80.63063,ethiopia,draw_156
Male,1.2939119566697848,2,80.63063,ethiopia,draw_156
Female,1.2596914802961963,3,80.63063,ethiopia,draw_156
Male,1.2743591836192982,3,80.63063,ethiopia,draw_156
Female,1.2233586243795818,2,80.74074,ethiopia,draw_156
Male,1.2921071465238434,2,80.74074,ethiopia,draw_156
Female,1.2582034259207933,3,80.74074,ethiopia,draw_156
Male,1.2727813834371402,3,80.74074,ethiopia,draw_156
Female,1.2218886173477257,2,80.85085,ethiopia,draw_156
Male,1.2903085825940215,2,80.85085,ethiopia,draw_156
Female,1.2567194579569592,3,80.85085,ethiopia,draw_156
Male,1.2712077268192727,3,80.85085,ethiopia,draw_156
Female,1.2204236634360963,2,80.96096,ethiopia,draw_156
Male,1.2885157436761727,2,80.96096,ethiopia,draw_156
Female,1.2552389143642202,3,80.96096,ethiopia,draw_156
Male,1.2696379593685423,3,80.96096,ethiopia,draw_156
Female,1.21896344257798,2,81.07107,ethiopia,draw_156
Male,1.2867279037723989,2,81.07107,ethiopia,draw_156
Female,1.2537617526150686,3,81.07107,ethiopia,draw_156
Male,1.2680717951873626,3,81.07107,ethiopia,draw_156
Female,1.2175085008367992,2,81.18118,ethiopia,draw_156
Male,1.284946003801709,2,81.18118,ethiopia,draw_156
Female,1.2522881206386307,3,81.18118,ethiopia,draw_156
Male,1.2665096739914867,3,81.18118,ethiopia,draw_156
Female,1.2160584213117056,2,81.29129,ethiopia,draw_156
Male,1.2831705859049258,2,81.29129,ethiopia,draw_156
Female,1.2508178297844585,3,81.29129,ethiopia,draw_156
Male,1.2649518817876513,3,81.29129,ethiopia,draw_156
Female,1.2146135158457652,2,81.4014,ethiopia,draw_156
Male,1.2813999126644378,2,81.4014,ethiopia,draw_156
Female,1.2493511654922542,3,81.4014,ethiopia,draw_156
Male,1.2633974767868579,3,81.4014,ethiopia,draw_156
Female,1.2131734255224704,2,81.51151,ethiopia,draw_156
Male,1.2796363863742444,2,81.51151,ethiopia,draw_156
Female,1.2478876971660235,3,81.51151,ethiopia,draw_156
Male,1.2618476784326456,3,81.51151,ethiopia,draw_156
Female,1.211738432656548,2,81.62162,ethiopia,draw_156
Male,1.2778775339330317,2,81.62162,ethiopia,draw_156
Female,1.2464276128388942,3,81.62162,ethiopia,draw_156
Male,1.2603011101735997,3,81.62162,ethiopia,draw_156
Female,1.210308658355898,2,81.73173,ethiopia,draw_156
Male,1.2761248400201528,2,81.73173,ethiopia,draw_156
Female,1.244970929662903,3,81.73173,ethiopia,draw_156
Male,1.258758589478719,3,81.73173,ethiopia,draw_156
Female,1.2088841434569575,2,81.84184,ethiopia,draw_156
Male,1.2743785303666917,2,81.84184,ethiopia,draw_156
Female,1.243517948815705,3,81.84184,ethiopia,draw_156
Male,1.2572203124497827,3,81.84184,ethiopia,draw_156
Female,1.2074639554141484,2,81.95195,ethiopia,draw_156
Male,1.2726379479610013,2,81.95195,ethiopia,draw_156
Female,1.242068036954906,3,81.95195,ethiopia,draw_156
Male,1.2556858547216998,3,81.95195,ethiopia,draw_156
Female,1.2060487075898687,2,82.06206,ethiopia,draw_156
Male,1.2709016274652796,2,82.06206,ethiopia,draw_156
Female,1.2406214526535273,3,82.06206,ethiopia,draw_156
Male,1.2541545923419226,3,82.06206,ethiopia,draw_156
Female,1.204638368437605,2,82.17217,ethiopia,draw_156
Male,1.269172867361453,2,82.17217,ethiopia,draw_156
Female,1.2391781154521806,3,82.17217,ethiopia,draw_156
Male,1.2526281112250695,3,82.17217,ethiopia,draw_156
Female,1.2032337034785465,2,82.28228,ethiopia,draw_156
Male,1.267448483843813,2,82.28228,ethiopia,draw_156
Female,1.2377386560538994,3,82.28228,ethiopia,draw_156
Male,1.2511048393130095,3,82.28228,ethiopia,draw_156
Female,1.2018339562925762,2,82.39239,ethiopia,draw_156
Male,1.265730221440444,2,82.39239,ethiopia,draw_156
Female,1.2363023365117056,3,82.39239,ethiopia,draw_156
Male,1.2495855944255883,3,82.39239,ethiopia,draw_156
Female,1.2004391147199294,2,82.5025,ethiopia,draw_156
Male,1.2640172109399208,2,82.5025,ethiopia,draw_156
Female,1.2348692183200516,3,82.5025,ethiopia,draw_156
Male,1.2480700039858106,3,82.5025,ethiopia,draw_156
Female,1.199050080866842,2,82.61261,ethiopia,draw_156
Male,1.2623103314145088,2,82.61261,ethiopia,draw_156
Female,1.233440081292718,3,82.61261,ethiopia,draw_156
Male,1.2465583584031614,3,82.61261,ethiopia,draw_156
Female,1.1976656342240843,2,82.72272,ethiopia,draw_156
Male,1.2606078164973702,2,82.72272,ethiopia,draw_156
Female,1.2320139947012447,3,82.72272,ethiopia,draw_156
Male,1.245049851881314,3,82.72272,ethiopia,draw_156
Female,1.1962864958509318,2,82.83283,ethiopia,draw_156
Male,1.2589120942478667,2,82.83283,ethiopia,draw_156
Female,1.2305914494066872,3,82.83283,ethiopia,draw_156
Male,1.2435458153025167,3,82.83283,ethiopia,draw_156
Female,1.1949125814776962,2,82.94294,ethiopia,draw_156
Male,1.257220752933451,2,82.94294,ethiopia,draw_156
Female,1.2291724655935115,3,82.94294,ethiopia,draw_156
Male,1.2420449505645292,3,82.94294,ethiopia,draw_156
Female,1.1935433926059942,2,83.05305,ethiopia,draw_156
Male,1.2555353290247513,2,83.05305,ethiopia,draw_156
Female,1.2277567383685588,3,83.05305,ethiopia,draw_156
Male,1.2405479842776608,3,83.05305,ethiopia,draw_156
Female,1.192179690891912,2,83.16316,ethiopia,draw_156
Male,1.2538555725218028,2,83.16316,ethiopia,draw_156
Female,1.2263447652929749,3,83.16316,ethiopia,draw_156
Male,1.2390548085250241,3,83.16316,ethiopia,draw_156
Female,1.1908201420915234,2,83.27327,ethiopia,draw_156
Male,1.2521806314311483,2,83.27327,ethiopia,draw_156
Female,1.224935889364733,3,83.27327,ethiopia,draw_156
Male,1.2375650081085607,3,83.27327,ethiopia,draw_156
Female,1.1894651339112003,2,83.38338,ethiopia,draw_156
Male,1.2505114515884674,2,83.38338,ethiopia,draw_156
Female,1.2235301284031113,3,83.38338,ethiopia,draw_156
Male,1.2360790148193646,3,83.38338,ethiopia,draw_156
Female,1.1881150599315538,2,83.49349,ethiopia,draw_156
Male,1.248848220222974,2,83.49349,ethiopia,draw_156
Female,1.2221279589056935,3,83.49349,ethiopia,draw_156
Male,1.2345970545021463,3,83.49349,ethiopia,draw_156
Female,1.18676961964696,2,83.6036,ethiopia,draw_156
Male,1.2471912840642216,2,83.6036,ethiopia,draw_156
Female,1.2207289238609917,3,83.6036,ethiopia,draw_156
Male,1.233119130434094,3,83.6036,ethiopia,draw_156
Female,1.1854289659038428,2,83.71371,ethiopia,draw_156
Male,1.2455385251031081,2,83.71371,ethiopia,draw_156
Female,1.2193330933694118,3,83.71371,ethiopia,draw_156
Male,1.2316442982204572,3,83.71371,ethiopia,draw_156
Female,1.1840933238621716,2,83.82382,ethiopia,draw_156
Male,1.243890990860091,2,83.82382,ethiopia,draw_156
Female,1.2179407058790763,3,83.82382,ethiopia,draw_156
Male,1.230173020800467,3,83.82382,ethiopia,draw_156
Female,1.1827625585062582,2,83.93393,ethiopia,draw_156
Male,1.2422491748365803,2,83.93393,ethiopia,draw_156
Female,1.216551706072191,3,83.93393,ethiopia,draw_156
Male,1.228705616722083,3,83.93393,ethiopia,draw_156
Female,1.1814363340309322,2,84.04404,ethiopia,draw_156
Male,1.2406135385382284,2,84.04404,ethiopia,draw_156
Female,1.21516587964773,3,84.04404,ethiopia,draw_156
Male,1.2272423144211506,3,84.04404,ethiopia,draw_156
Female,1.180114289488489,2,84.15415,ethiopia,draw_156
Male,1.2389824835115406,2,84.15415,ethiopia,draw_156
Female,1.2137830318672662,3,84.15415,ethiopia,draw_156
Male,1.2257822950717183,3,84.15415,ethiopia,draw_156
Female,1.1787972914887734,2,84.26426,ethiopia,draw_156
Male,1.2373562823830548,2,84.26426,ethiopia,draw_156
Female,1.2124038925335219,3,84.26426,ethiopia,draw_156
Male,1.2243256699858869,3,84.26426,ethiopia,draw_156
Female,1.1774849147421091,2,84.37437,ethiopia,draw_156
Male,1.2357362613701093,2,84.37437,ethiopia,draw_156
Female,1.2110281991083838,3,84.37437,ethiopia,draw_156
Male,1.2228730593743813,3,84.37437,ethiopia,draw_156
Female,1.1761772056394573,2,84.48448,ethiopia,draw_156
Male,1.2341204747397825,2,84.48448,ethiopia,draw_156
Female,1.2096556854424492,3,84.48448,ethiopia,draw_156
Male,1.221423557591759,3,84.48448,ethiopia,draw_156
Female,1.1748742456164418,2,84.59459,ethiopia,draw_156
Male,1.23251001690969,2,84.59459,ethiopia,draw_156
Female,1.2082863616048956,3,84.59459,ethiopia,draw_156
Male,1.2199776757770575,3,84.59459,ethiopia,draw_156
Female,1.1735762314848148,2,84.7047,ethiopia,draw_156
Male,1.2309052447101918,2,84.7047,ethiopia,draw_156
Female,1.206920625431521,3,84.7047,ethiopia,draw_156
Male,1.2185357651096709,3,84.7047,ethiopia,draw_156
Female,1.172283417389705,2,84.81481,ethiopia,draw_156
Male,1.2293057376137932,2,84.81481,ethiopia,draw_156
Female,1.205558709993879,3,84.81481,ethiopia,draw_156
Male,1.217097566080743,3,84.81481,ethiopia,draw_156
Female,1.1709957879874555,2,84.92492,ethiopia,draw_156
Male,1.2277114111238814,2,84.92492,ethiopia,draw_156
Female,1.2042005656431858,3,84.92492,ethiopia,draw_156
Male,1.2156630578716208,3,84.92492,ethiopia,draw_156
Female,1.1697138394447417,2,85.03504,ethiopia,draw_156
Male,1.2261228197522687,2,85.03504,ethiopia,draw_156
Female,1.2028463056097913,3,85.03504,ethiopia,draw_156
Male,1.214232619289192,3,85.03504,ethiopia,draw_156
Female,1.1684364906259737,2,85.14515,ethiopia,draw_156
Male,1.2245400480783768,2,85.14515,ethiopia,draw_156
Female,1.2014954355301046,3,85.14515,ethiopia,draw_156
Male,1.2128063482976867,3,85.14515,ethiopia,draw_156
Female,1.1671641000987458,2,85.25526,ethiopia,draw_156
Male,1.2229640770662977,2,85.25526,ethiopia,draw_156
Female,1.2001482776772854,3,85.25526,ethiopia,draw_156
Male,1.2113847814655831,3,85.25526,ethiopia,draw_156
Female,1.1658971865256127,2,85.36537,ethiopia,draw_156
Male,1.2213937973777405,2,85.36537,ethiopia,draw_156
Female,1.1988050038853981,3,85.36537,ethiopia,draw_156
Male,1.2099674740559354,3,85.36537,ethiopia,draw_156
Female,1.1646359221113745,2,85.47548,ethiopia,draw_156
Male,1.2198288021692696,2,85.47548,ethiopia,draw_156
Female,1.1974659165994972,3,85.47548,ethiopia,draw_156
Male,1.2085542018757507,3,85.47548,ethiopia,draw_156
Female,1.163379102437677,2,85.58559,ethiopia,draw_156
Male,1.2182690778915712,2,85.58559,ethiopia,draw_156
Female,1.1961303411034432,3,85.58559,ethiopia,draw_156
Male,1.2071448096673887,3,85.58559,ethiopia,draw_156
Female,1.1621277543895925,2,85.6957,ethiopia,draw_156
Male,1.2167162981508028,2,85.6957,ethiopia,draw_156
Female,1.1947988760698602,3,85.6957,ethiopia,draw_156
Male,1.2057402476250187,3,85.6957,ethiopia,draw_156
Female,1.1608809524657941,2,85.80581,ethiopia,draw_156
Male,1.2151683522289183,2,85.80581,ethiopia,draw_156
Female,1.1934709806410304,3,85.80581,ethiopia,draw_156
Male,1.2043393872321921,3,85.80581,ethiopia,draw_156
Female,1.1596394863019015,2,85.91592,ethiopia,draw_156
Male,1.213626918226736,2,85.91592,ethiopia,draw_156
Female,1.192147323408376,3,85.91592,ethiopia,draw_156
Male,1.202943298867648,3,85.91592,ethiopia,draw_156
Female,1.158403727467901,2,86.02603,ethiopia,draw_156
Male,1.2120917707139918,2,86.02603,ethiopia,draw_156
Female,1.1908281142930965,3,86.02603,ethiopia,draw_156
Male,1.2015519851652428,3,86.02603,ethiopia,draw_156
Female,1.1571738148954664,2,86.13614,ethiopia,draw_156
Male,1.210562636893752,2,86.13614,ethiopia,draw_156
Female,1.189513554081111,3,86.13614,ethiopia,draw_156
Male,1.20016533359581,3,86.13614,ethiopia,draw_156
Female,1.1559493358916033,2,86.24625,ethiopia,draw_156
Male,1.2090390605617038,2,86.24625,ethiopia,draw_156
Female,1.1882030708268243,3,86.24625,ethiopia,draw_156
Male,1.1987830258553884,3,86.24625,ethiopia,draw_156
Female,1.154730639659512,2,86.35636,ethiopia,draw_156
Male,1.2075228933798363,2,86.35636,ethiopia,draw_156
Female,1.1868970062313442,3,86.35636,ethiopia,draw_156
Male,1.197406165967598,3,86.35636,ethiopia,draw_156
Female,1.1535174417468304,2,86.46647,ethiopia,draw_156
Male,1.206012442589772,2,86.46647,ethiopia,draw_156
Female,1.1855954255378147,3,86.46647,ethiopia,draw_156
Male,1.1960338320059363,3,86.46647,ethiopia,draw_156
Female,1.1523102019031988,2,86.57658,ethiopia,draw_156
Male,1.204508622535989,2,86.57658,ethiopia,draw_156
Female,1.1842984876155604,3,86.57658,ethiopia,draw_156
Male,1.1946665129263243,3,86.57658,ethiopia,draw_156
Female,1.1511094474698425,2,86.68669,ethiopia,draw_156
Male,1.2030108010041014,2,86.68669,ethiopia,draw_156
Female,1.1830066047437413,3,86.68669,ethiopia,draw_156
Male,1.1933039569428423,3,86.68669,ethiopia,draw_156
Female,1.1499147519678907,2,86.7968,ethiopia,draw_156
Male,1.201520137616312,2,86.7968,ethiopia,draw_156
Female,1.1817196753580406,3,86.7968,ethiopia,draw_156
Male,1.191946781638657,3,86.7968,ethiopia,draw_156
Female,1.148726202806118,2,86.90691,ethiopia,draw_156
Male,1.2000359575549286,2,86.90691,ethiopia,draw_156
Female,1.1804376011221214,3,86.90691,ethiopia,draw_156
Male,1.1905945212569986,3,86.90691,ethiopia,draw_156
Female,1.1475432756591413,2,87.01702,ethiopia,draw_156
Male,1.198558979304004,2,87.01702,ethiopia,draw_156
Female,1.1791599697612634,3,87.01702,ethiopia,draw_156
Male,1.189247588398579,3,87.01702,ethiopia,draw_156
Female,1.1463666848018972,2,87.12713,ethiopia,draw_156
Male,1.1970882367526732,2,87.12713,ethiopia,draw_156
Female,1.1778870952401397,3,87.12713,ethiopia,draw_156
Male,1.1879055543340296,3,87.12713,ethiopia,draw_156
Female,1.1451954907822162,2,87.23724,ethiopia,draw_156
Male,1.1956237798586304,2,87.23724,ethiopia,draw_156
Female,1.1766186826785874,3,87.23724,ethiopia,draw_156
Male,1.1865683089617753,3,87.23724,ethiopia,draw_156
Female,1.1440302686095114,2,87.34735,ethiopia,draw_156
Male,1.1941653731352955,2,87.34735,ethiopia,draw_156
Female,1.1753551718857165,3,87.34735,ethiopia,draw_156
Male,1.1852358199654693,3,87.34735,ethiopia,draw_156
Female,1.1428711722472407,2,87.45746,ethiopia,draw_156
Male,1.1927140985951434,2,87.45746,ethiopia,draw_156
Female,1.1740966902715437,3,87.45746,ethiopia,draw_156
Male,1.1839087902008656,3,87.45746,ethiopia,draw_156
Female,1.1417172055650142,2,87.56757,ethiopia,draw_156
Male,1.191269369927399,2,87.56757,ethiopia,draw_156
Female,1.1728423442121663,3,87.56757,ethiopia,draw_156
Male,1.1825868256992265,3,87.56757,ethiopia,draw_156
Female,1.1405692551326858,2,87.67768,ethiopia,draw_156
Male,1.1898315988935317,2,87.67768,ethiopia,draw_156
Female,1.1715930311332114,3,87.67768,ethiopia,draw_156
Male,1.1812701212472232,3,87.67768,ethiopia,draw_156
Female,1.139426508638593,2,87.78779,ethiopia,draw_156
Male,1.188399347388111,2,87.78779,ethiopia,draw_156
Female,1.1703479576819125,3,87.78779,ethiopia,draw_156
Male,1.1799579027729397,3,87.78779,ethiopia,draw_156
Female,1.1382897927163727,2,87.8979,ethiopia,draw_156
Male,1.1869737155429534,2,87.8979,ethiopia,draw_156
Female,1.1691078525555993,3,87.8979,ethiopia,draw_156
Male,1.1786506738983877,3,87.8979,ethiopia,draw_156
Female,1.137158816316682,2,88.00801,ethiopia,draw_156
Male,1.1855546534753645,2,88.00801,ethiopia,draw_156
Female,1.1678726269904927,3,88.00801,ethiopia,draw_156
Male,1.1773484126423912,3,88.00801,ethiopia,draw_156
Female,1.1360339520496792,2,88.11812,ethiopia,draw_156
Male,1.1841409574289512,2,88.11812,ethiopia,draw_156
Female,1.1666424406016263,3,88.11812,ethiopia,draw_156
Male,1.1760507203357053,3,88.11812,ethiopia,draw_156
Female,1.1349150273078878,2,88.22823,ethiopia,draw_156
Male,1.1827355262363386,2,88.22823,ethiopia,draw_156
Female,1.1654173288634784,3,88.22823,ethiopia,draw_156
Male,1.174759233842302,3,88.22823,ethiopia,draw_156
Female,1.1338012353795512,2,88.33834,ethiopia,draw_156
Male,1.1813349283130739,2,88.33834,ethiopia,draw_156
Female,1.1641964970961685,3,88.33834,ethiopia,draw_156
Male,1.1734718582872732,3,88.33834,ethiopia,draw_156
Female,1.1326931642526163,2,88.44845,ethiopia,draw_156
Male,1.179941853212385,2,88.44845,ethiopia,draw_156
Female,1.1629804164889779,3,88.44845,ethiopia,draw_156
Male,1.1721900169910497,3,88.44845,ethiopia,draw_156
Female,1.13159122048059,2,88.55856,ethiopia,draw_156
Male,1.1785545867685314,2,88.55856,ethiopia,draw_156
Female,1.1617695246955906,3,88.55856,ethiopia,draw_156
Male,1.1709130661798701,3,88.55856,ethiopia,draw_156
Female,1.130495554161824,2,88.66867,ethiopia,draw_156
Male,1.1771744676369802,2,88.66867,ethiopia,draw_156
Female,1.160563934591397,3,88.66867,ethiopia,draw_156
Male,1.1696416980935525,3,88.66867,ethiopia,draw_156
Female,1.1294060312837921,2,88.77878,ethiopia,draw_156
Male,1.175802286850356,2,88.77878,ethiopia,draw_156
Female,1.1593638023358752,3,88.77878,ethiopia,draw_156
Male,1.1683766934501514,3,88.77878,ethiopia,draw_156
Female,1.1283240628031161,2,88.88889,ethiopia,draw_156
Male,1.1744367869955419,2,88.88889,ethiopia,draw_156
Female,1.158170439188771,3,88.88889,ethiopia,draw_156
Male,1.1671177459958337,3,88.88889,ethiopia,draw_156
Female,1.127249249688403,2,88.999,ethiopia,draw_156
Male,1.173079853170338,2,88.999,ethiopia,draw_156
Female,1.1569834608334997,3,88.999,ethiopia,draw_156
Male,1.1658657148149776,3,88.999,ethiopia,draw_156
Female,1.1261817837011088,2,89.10911,ethiopia,draw_156
Male,1.1717308112078035,2,89.10911,ethiopia,draw_156
Female,1.15580319570992,3,89.10911,ethiopia,draw_156
Male,1.1646205442486048,3,89.10911,ethiopia,draw_156
Female,1.1251213146222583,2,89.21922,ethiopia,draw_156
Male,1.1703901552186506,2,89.21922,ethiopia,draw_156
Female,1.1546294450484276,3,89.21922,ethiopia,draw_156
Male,1.163382450520371,3,89.21922,ethiopia,draw_156
Female,1.124068828282861,2,89.32933,ethiopia,draw_156
Male,1.1690585400738633,2,89.32933,ethiopia,draw_156
Female,1.1534627845171452,3,89.32933,ethiopia,draw_156
Male,1.1621519343475761,3,89.32933,ethiopia,draw_156
Female,1.12302375669693,2,89.43944,ethiopia,draw_156
Male,1.1677350251324838,2,89.43944,ethiopia,draw_156
Female,1.1523028156369952,3,89.43944,ethiopia,draw_156
Male,1.160928551271766,3,89.43944,ethiopia,draw_156
Female,1.1219861353576384,2,89.54955,ethiopia,draw_156
Male,1.1664200736722603,2,89.54955,ethiopia,draw_156
Female,1.1511498102999138,3,89.54955,ethiopia,draw_156
Male,1.1597125668616015,3,89.54955,ethiopia,draw_156
Female,1.1209564819701385,2,89.65966,ethiopia,draw_156
Male,1.1651155222454448,2,89.65966,ethiopia,draw_156
Female,1.1500044000884713,3,89.65966,ethiopia,draw_156
Male,1.1585052221939083,3,89.65966,ethiopia,draw_156
Female,1.1199353194212072,2,89.76977,ethiopia,draw_156
Male,1.1638195175996953,2,89.76977,ethiopia,draw_156
Female,1.1488667757544384,3,89.76977,ethiopia,draw_156
Male,1.1573053375017592,3,89.76977,ethiopia,draw_156
Female,1.1189213757328387,2,89.87988,ethiopia,draw_156
Male,1.1625314378495075,2,89.87988,ethiopia,draw_156
Female,1.147735988833653,3,89.87988,ethiopia,draw_156
Male,1.1561125898799935,3,89.87988,ethiopia,draw_156
Female,1.117915002304022,2,89.98999,ethiopia,draw_156
Male,1.1612530586381304,2,89.98999,ethiopia,draw_156
Female,1.146612381951054,3,89.98999,ethiopia,draw_156
Male,1.1549279314750944,3,89.98999,ethiopia,draw_156
Female,1.116916556376556,2,90.1001,ethiopia,draw_156
Male,1.1599825534918238,2,90.1001,ethiopia,draw_156
Female,1.1454962565769364,3,90.1001,ethiopia,draw_156
Male,1.1537503432589977,3,90.1001,ethiopia,draw_156
Female,1.1159255277234401,2,90.21021,ethiopia,draw_156
Male,1.1587205345712235,2,90.21021,ethiopia,draw_156
Female,1.144387238661574,3,90.21021,ethiopia,draw_156
Male,1.1525801236007875,3,90.21021,ethiopia,draw_156
Female,1.1149424546817122,2,90.32032,ethiopia,draw_156
Male,1.1574675756023833,2,90.32032,ethiopia,draw_156
Female,1.1432860010189474,3,90.32032,ethiopia,draw_156
Male,1.1514179961152817,3,90.32032,ethiopia,draw_156
Female,1.113966758963396,2,90.43043,ethiopia,draw_156
Male,1.1562243925293618,2,90.43043,ethiopia,draw_156
Female,1.142191915737754,3,90.43043,ethiopia,draw_156
Male,1.1502641630308104,3,90.43043,ethiopia,draw_156
Female,1.1129994940860946,2,90.54054,ethiopia,draw_156
Male,1.1549900253630112,2,90.54054,ethiopia,draw_156
Female,1.141105922199105,3,90.54054,ethiopia,draw_156
Male,1.1491181812315516,3,90.54054,ethiopia,draw_156
Female,1.1120392690955643,2,90.65065,ethiopia,draw_156
Male,1.1537648088712933,2,90.65065,ethiopia,draw_156
Female,1.1400270391642058,3,90.65065,ethiopia,draw_156
Male,1.1479802065426223,3,90.65065,ethiopia,draw_156
Female,1.1110864887479404,2,90.76076,ethiopia,draw_156
Male,1.1525473535015904,2,90.76076,ethiopia,draw_156
Female,1.138955609392884,3,90.76076,ethiopia,draw_156
Male,1.1468495978376758,3,90.76076,ethiopia,draw_156
Female,1.1101422688428144,2,90.87087,ethiopia,draw_156
Male,1.1513406822193928,2,90.87087,ethiopia,draw_156
Female,1.1378921901048924,3,90.87087,ethiopia,draw_156
Male,1.1457279437172647,3,90.87087,ethiopia,draw_156
Female,1.1092055314235643,2,90.98098,ethiopia,draw_156
Male,1.1501425002640289,2,90.98098,ethiopia,draw_156
Female,1.1368363059125322,3,90.98098,ethiopia,draw_156
Male,1.1446143029086073,3,90.98098,ethiopia,draw_156
Female,1.1082776682806725,2,91.09109,ethiopia,draw_156
Male,1.1489545352976271,2,91.09109,ethiopia,draw_156
Female,1.1357892115690071,3,91.09109,ethiopia,draw_156
Male,1.1435096921940677,3,91.09109,ethiopia,draw_156
Female,1.1073580427757461,2,91.2012,ethiopia,draw_156
Male,1.147775836923623,2,91.2012,ethiopia,draw_156
Female,1.134749827754766,3,91.2012,ethiopia,draw_156
Male,1.1424132445111423,3,91.2012,ethiopia,draw_156
Female,1.1064459541280542,2,91.31131,ethiopia,draw_156
Male,1.146605824045057,2,91.31131,ethiopia,draw_156
Female,1.1337179146428065,3,91.31131,ethiopia,draw_156
Male,1.1413245840728783,3,91.31131,ethiopia,draw_156
Female,1.105541467127283,2,91.42142,ethiopia,draw_156
Male,1.1454443943755974,2,91.42142,ethiopia,draw_156
Female,1.132693616211462,3,91.42142,ethiopia,draw_156
Male,1.14024375451305,3,91.42142,ethiopia,draw_156
Female,1.1046444569389453,2,91.53153,ethiopia,draw_156
Male,1.1442913189643475,2,91.53153,ethiopia,draw_156
Female,1.131676633884952,3,91.53153,ethiopia,draw_156
Male,1.1391706010620632,3,91.53153,ethiopia,draw_156
Female,1.103755488383676,2,91.64164,ethiopia,draw_156
Male,1.143147879189867,2,91.64164,ethiopia,draw_156
Female,1.1306673200982404,3,91.64164,ethiopia,draw_156
Male,1.1381057050209176,3,91.64164,ethiopia,draw_156
Female,1.1028745447709523,2,91.75175,ethiopia,draw_156
Male,1.1420143573858352,2,91.75175,ethiopia,draw_156
Female,1.1296663228126957,3,91.75175,ethiopia,draw_156
Male,1.1370498459822012,3,91.75175,ethiopia,draw_156
Female,1.102001259452519,2,91.86186,ethiopia,draw_156
Male,1.1408895229750569,2,91.86186,ethiopia,draw_156
Female,1.1286732957065355,3,91.86186,ethiopia,draw_156
Male,1.1360020048558788,3,91.86186,ethiopia,draw_156
Female,1.1011350170577183,2,91.97197,ethiopia,draw_156
Male,1.1397739855264137,2,91.97197,ethiopia,draw_156
Female,1.127687593391028,3,91.97197,ethiopia,draw_156
Male,1.1349623418591817,3,91.97197,ethiopia,draw_156
Female,1.1002763647821827,2,92.08208,ethiopia,draw_156
Male,1.1386669509624203,2,92.08208,ethiopia,draw_156
Female,1.1267097006956301,3,92.08208,ethiopia,draw_156
Male,1.1339304571128574,3,92.08208,ethiopia,draw_156
Female,1.0994246817343603,2,92.19219,ethiopia,draw_156
Male,1.1375687554291345,2,92.19219,ethiopia,draw_156
Female,1.1257390982772604,3,92.19219,ethiopia,draw_156
Male,1.1329066293198946,3,92.19219,ethiopia,draw_156
Female,1.098580287349867,2,92.3023,ethiopia,draw_156
Male,1.1364791761818496,2,92.3023,ethiopia,draw_156
Female,1.1247759970158282,3,92.3023,ethiopia,draw_156
Male,1.1318907335233381,3,92.3023,ethiopia,draw_156
Female,1.0977436225492385,2,92.41241,ethiopia,draw_156
Male,1.13539973043258,2,92.41241,ethiopia,draw_156
Female,1.1238208920600423,3,92.41241,ethiopia,draw_156
Male,1.1308837701804557,3,92.41241,ethiopia,draw_156
Female,1.0969150358374975,2,92.52252,ethiopia,draw_156
Male,1.134328913807712,2,92.52252,ethiopia,draw_156
Female,1.1228741502692448,3,92.52252,ethiopia,draw_156
Male,1.129885103166716,3,92.52252,ethiopia,draw_156
Female,1.0960938801856268,2,92.63263,ethiopia,draw_156
Male,1.1332667171497113,2,92.63263,ethiopia,draw_156
Female,1.1219350775502444,3,92.63263,ethiopia,draw_156
Male,1.1288943397637499,3,92.63263,ethiopia,draw_156
Female,1.0952796831615603,2,92.74274,ethiopia,draw_156
Male,1.1322136556050462,2,92.74274,ethiopia,draw_156
Female,1.1210033863351487,3,92.74274,ethiopia,draw_156
Male,1.127911690696064,3,92.74274,ethiopia,draw_156
Female,1.0944729987202853,2,92.85285,ethiopia,draw_156
Male,1.13116829189088,2,92.85285,ethiopia,draw_156
Female,1.1200794054741696,3,92.85285,ethiopia,draw_156
Male,1.1269363740337375,3,92.85285,ethiopia,draw_156
Female,1.0936730666000904,2,92.96296,ethiopia,draw_156
Male,1.1301314106656135,2,92.96296,ethiopia,draw_156
Female,1.119162416559255,3,92.96296,ethiopia,draw_156
Male,1.1259688433649946,3,92.96296,ethiopia,draw_156
Female,1.0928799615093874,2,93.07307,ethiopia,draw_156
Male,1.1291033922319134,2,93.07307,ethiopia,draw_156
Female,1.1182526034304596,3,93.07307,ethiopia,draw_156
Male,1.125009256034382,3,93.07307,ethiopia,draw_156
Female,1.092095293323846,2,93.18318,ethiopia,draw_156
Male,1.1280846793597115,2,93.18318,ethiopia,draw_156
Female,1.1173516014840936,3,93.18318,ethiopia,draw_156
Male,1.1240584005771783,3,93.18318,ethiopia,draw_156
Female,1.0913171446425034,2,93.29329,ethiopia,draw_156
Male,1.127074061908748,2,93.29329,ethiopia,draw_156
Female,1.116457567722938,3,93.29329,ethiopia,draw_156
Male,1.123115146545723,3,93.29329,ethiopia,draw_156
Female,1.0905464517497199,2,93.4034,ethiopia,draw_156
Male,1.1260713039232042,2,93.4034,ethiopia,draw_156
Female,1.115571082383559,3,93.4034,ethiopia,draw_156
Male,1.1221792830811705,3,93.4034,ethiopia,draw_156
Female,1.0897823858759776,2,93.51351,ethiopia,draw_156
Male,1.1250766504616991,2,93.51351,ethiopia,draw_156
Female,1.1146916449018194,3,93.51351,ethiopia,draw_156
Male,1.1212509603766923,3,93.51351,ethiopia,draw_156
Female,1.0890254724759922,2,93.62362,ethiopia,draw_156
Male,1.1240908580807432,2,93.62362,ethiopia,draw_156
Female,1.1138195625258387,3,93.62362,ethiopia,draw_156
Male,1.120330554610164,3,93.62362,ethiopia,draw_156
Female,1.088275671211305,2,93.73373,ethiopia,draw_156
Male,1.1231121374247457,2,93.73373,ethiopia,draw_156
Female,1.1129548308310955,3,93.73373,ethiopia,draw_156
Male,1.119417088401337,3,93.73373,ethiopia,draw_156
Female,1.0875323462125903,2,93.84384,ethiopia,draw_156
Male,1.1221420382433438,2,93.84384,ethiopia,draw_156
Female,1.112097228666217,3,93.84384,ethiopia,draw_156
Male,1.1185116260985988,3,93.84384,ethiopia,draw_156
Female,1.0867970463781715,2,93.95395,ethiopia,draw_156
Male,1.121180706624137,2,93.95395,ethiopia,draw_156
Female,1.1112482133338608,3,93.95395,ethiopia,draw_156
Male,1.117614359794419,3,93.95395,ethiopia,draw_156
Female,1.086067524936259,2,94.06406,ethiopia,draw_156
Male,1.1202274171914843,2,94.06406,ethiopia,draw_156
Female,1.1104055795411427,3,94.06406,ethiopia,draw_156
Male,1.1167245321760588,3,94.06406,ethiopia,draw_156
Female,1.08534534020791,2,94.17417,ethiopia,draw_156
Male,1.1192813707974487,2,94.17417,ethiopia,draw_156
Female,1.1095706481501508,3,94.17417,ethiopia,draw_156
Male,1.1158417856822418,3,94.17417,ethiopia,draw_156
Female,1.0846290348498733,2,94.28428,ethiopia,draw_156
Male,1.1183437849640505,2,94.28428,ethiopia,draw_156
Female,1.108742150408685,3,94.28428,ethiopia,draw_156
Male,1.1149666773939955,3,94.28428,ethiopia,draw_156
Female,1.0839198170068616,2,94.39439,ethiopia,draw_156
Male,1.1174139394822897,2,94.39439,ethiopia,draw_156
Female,1.1079210941650615,3,94.39439,ethiopia,draw_156
Male,1.1140988727246468,3,94.39439,ethiopia,draw_156
Female,1.0832170094734814,2,94.5045,ethiopia,draw_156
Male,1.116491063389395,2,94.5045,ethiopia,draw_156
Female,1.1071068900068466,3,94.5045,ethiopia,draw_156
Male,1.113237944016855,3,94.5045,ethiopia,draw_156
Female,1.0825219363334604,2,94.61461,ethiopia,draw_156
Male,1.1155785380564824,2,94.61461,ethiopia,draw_156
Female,1.1063010782495653,3,94.61461,ethiopia,draw_156
Male,1.1123863255687065,3,94.61461,ethiopia,draw_156
Female,1.0818335658707396,2,94.72472,ethiopia,draw_156
Male,1.1146731546925495,2,94.72472,ethiopia,draw_156
Female,1.105502454444774,3,94.72472,ethiopia,draw_156
Male,1.1115418254633638,3,94.72472,ethiopia,draw_156
Female,1.081151746400422,2,94.83483,ethiopia,draw_156
Male,1.1137757409710431,2,94.83483,ethiopia,draw_156
Female,1.104710822461839,3,94.83483,ethiopia,draw_156
Male,1.1107048264800217,3,94.83483,ethiopia,draw_156
Female,1.080476435970127,2,94.94494,ethiopia,draw_156
Male,1.112885860906627,2,94.94494,ethiopia,draw_156
Female,1.1039262691945937,3,94.94494,ethiopia,draw_156
Male,1.1098750608797914,3,94.94494,ethiopia,draw_156
Female,1.079807480702228,2,95.05506,ethiopia,draw_156
Male,1.1120037785250618,2,95.05506,ethiopia,draw_156
Female,1.1031486295588762,3,95.05506,ethiopia,draw_156
Male,1.109052589088993,3,95.05506,ethiopia,draw_156
Female,1.0791450503716753,2,95.16517,ethiopia,draw_156
Male,1.1111298628084831,2,95.16517,ethiopia,draw_156
Female,1.1023782227245627,3,95.16517,ethiopia,draw_156
Male,1.1082377267205645,3,95.16517,ethiopia,draw_156
Female,1.078489597562575,2,95.27528,ethiopia,draw_156
Male,1.1102639587295982,2,95.27528,ethiopia,draw_156
Female,1.1016154554331896,3,95.27528,ethiopia,draw_156
Male,1.1074306978230233,3,95.27528,ethiopia,draw_156
Female,1.0778409322045799,2,95.38539,ethiopia,draw_156
Male,1.1094065630096361,2,95.38539,ethiopia,draw_156
Female,1.1008601808696277,3,95.38539,ethiopia,draw_156
Male,1.1066317982670326,3,95.38539,ethiopia,draw_156
Female,1.0771988417888065,2,95.4955,ethiopia,draw_156
Male,1.1085565536253603,2,95.4955,ethiopia,draw_156
Female,1.1001121199789015,3,95.4955,ethiopia,draw_156
Male,1.1058400117369598,3,95.4955,ethiopia,draw_156
Female,1.076562525148088,2,95.60561,ethiopia,draw_156
Male,1.1077139318046065,2,95.60561,ethiopia,draw_156
Female,1.0993705774351654,3,95.60561,ethiopia,draw_156
Male,1.105055343204786,3,95.60561,ethiopia,draw_156
Female,1.0759330292960627,2,95.71572,ethiopia,draw_156
Male,1.1068789679347246,2,95.71572,ethiopia,draw_156
Female,1.0986363114753455,3,95.71572,ethiopia,draw_156
Male,1.1042779019836664,3,95.71572,ethiopia,draw_156
Female,1.0753095812875402,2,95.82583,ethiopia,draw_156
Male,1.10605157468759,2,95.82583,ethiopia,draw_156
Female,1.0979086657814618,3,95.82583,ethiopia,draw_156
Male,1.1035076148806557,3,95.82583,ethiopia,draw_156
Female,1.0746921468522876,2,95.93594,ethiopia,draw_156
Male,1.1052316065724586,2,95.93594,ethiopia,draw_156
Female,1.0971877431781338,3,95.93594,ethiopia,draw_156
Male,1.1027444533711004,3,95.93594,ethiopia,draw_156
Female,1.0740818339432694,2,96.04605,ethiopia,draw_156
Male,1.1044197663433413,2,96.04605,ethiopia,draw_156
Female,1.096474858722893,3,96.04605,ethiopia,draw_156
Male,1.1019893960861713,3,96.04605,ethiopia,draw_156
Female,1.0734782034631816,2,96.15616,ethiopia,draw_156
Male,1.1036155924984432,2,96.15616,ethiopia,draw_156
Female,1.095769372844442,3,96.15616,ethiopia,draw_156
Male,1.1012415998314167,3,96.15616,ethiopia,draw_156
Female,1.0728796304682882,2,96.26627,ethiopia,draw_156
Male,1.1028181319739423,2,96.26627,ethiopia,draw_156
Female,1.0950698867131488,3,96.26627,ethiopia,draw_156
Male,1.1005005834534656,3,96.26627,ethiopia,draw_156
Female,1.0722874218502845,2,96.37638,ethiopia,draw_156
Male,1.1020280737128731,2,96.37638,ethiopia,draw_156
Female,1.094377451758698,3,96.37638,ethiopia,draw_156
Male,1.09976664459717,3,96.37638,ethiopia,draw_156
Female,1.071701097992998,2,96.48649,ethiopia,draw_156
Male,1.1012457349257183,2,96.48649,ethiopia,draw_156
Female,1.0936915841014752,3,96.48649,ethiopia,draw_156
Male,1.0990399428948987,3,96.48649,ethiopia,draw_156
Female,1.0711206742691979,2,96.5966,ethiopia,draw_156
Male,1.1004700200930833,2,96.5966,ethiopia,draw_156
Female,1.0930122823591397,3,96.5966,ethiopia,draw_156
Male,1.0983198675547488,3,96.5966,ethiopia,draw_156
Female,1.0705474008351024,2,96.70671,ethiopia,draw_156
Male,1.0997028911822082,2,96.70671,ethiopia,draw_156
Female,1.092340745574812,3,96.70671,ethiopia,draw_156
Male,1.0976077681852496,3,96.70671,ethiopia,draw_156
Female,1.0699801065356045,2,96.81682,ethiopia,draw_156
Male,1.0989428859099004,2,96.81682,ethiopia,draw_156
Female,1.0916760723927732,3,96.81682,ethiopia,draw_156
Male,1.0969028734233983,3,96.81682,ethiopia,draw_156
Female,1.0694180916775113,2,96.92693,ethiopia,draw_156
Male,1.0981893013869972,2,96.92693,ethiopia,draw_156
Female,1.091017650440516,3,96.92693,ethiopia,draw_156
Male,1.0962044484034796,3,96.92693,ethiopia,draw_156
Female,1.0688623556927481,2,97.03704,ethiopia,draw_156
Male,1.0974434723163011,2,97.03704,ethiopia,draw_156
Female,1.090366287275259,3,97.03704,ethiopia,draw_156
Male,1.0955132078311356,3,97.03704,ethiopia,draw_156
Female,1.0683119006137733,2,97.14715,ethiopia,draw_156
Male,1.096703689502225,2,97.14715,ethiopia,draw_156
Female,1.089721083617746,3,97.14715,ethiopia,draw_156
Male,1.0948282314071738,3,97.14715,ethiopia,draw_156
Female,1.0677668333191968,2,97.25726,ethiopia,draw_156
Male,1.0959712381333693,2,97.25726,ethiopia,draw_156
Female,1.0890821469241494,3,97.25726,ethiopia,draw_156
Male,1.0941501966185148,3,97.25726,ethiopia,draw_156
Female,1.0672272314283173,2,97.36737,ethiopia,draw_156
Male,1.095244724369536,2,97.36737,ethiopia,draw_156
Female,1.088449515257929,3,97.36737,ethiopia,draw_156
Male,1.0934783955891925,3,97.36737,ethiopia,draw_156
Female,1.0666946412652003,2,97.47748,ethiopia,draw_156
Male,1.0945266743348256,2,97.47748,ethiopia,draw_156
Female,1.0878249474845811,3,97.47748,ethiopia,draw_156
Male,1.0928147267719037,3,97.47748,ethiopia,draw_156
Female,1.0661669551448092,2,97.58759,ethiopia,draw_156
Male,1.0938146218661564,2,97.58759,ethiopia,draw_156
Female,1.087206223197004,3,97.58759,ethiopia,draw_156
Male,1.0921571825480565,3,97.58759,ethiopia,draw_156
Female,1.0656450570735632,2,97.6977,ethiopia,draw_156
Male,1.0931101604597402,2,97.6977,ethiopia,draw_156
Female,1.0865940840029247,3,97.6977,ethiopia,draw_156
Male,1.091506675120365,3,97.6977,ethiopia,draw_156
Female,1.065128600070062,2,97.80781,ethiopia,draw_156
Male,1.0924118525184991,2,97.80781,ethiopia,draw_156
Female,1.085988193238121,3,97.80781,ethiopia,draw_156
Male,1.0908624097317745,3,97.80781,ethiopia,draw_156
Female,1.0646172277469887,2,97.91792,ethiopia,draw_156
Male,1.0917200865923355,2,97.91792,ethiopia,draw_156
Female,1.0853882867322393,3,97.91792,ethiopia,draw_156
Male,1.090224601204068,3,97.91792,ethiopia,draw_156
Female,1.0641115047813638,2,98.02803,ethiopia,draw_156
Male,1.091035392748097,2,98.02803,ethiopia,draw_156
Female,1.0847948221368169,3,98.02803,ethiopia,draw_156
Male,1.089593494987529,3,98.02803,ethiopia,draw_156
Female,1.0636118766924365,2,98.13814,ethiopia,draw_156
Male,1.0903579325394865,2,98.13814,ethiopia,draw_156
Female,1.0842083859771952,3,98.13814,ethiopia,draw_156
Male,1.0889695149501166,3,98.13814,ethiopia,draw_156
Female,1.063117861263698,2,98.24825,ethiopia,draw_156
Male,1.0896874001391639,2,98.24825,ethiopia,draw_156
Female,1.083628590135394,3,98.24825,ethiopia,draw_156
Male,1.0883524660024972,3,98.24825,ethiopia,draw_156
Female,1.0626288236607326,2,98.35836,ethiopia,draw_156
Male,1.089023345861373,2,98.35836,ethiopia,draw_156
Female,1.083054719588473,3,98.35836,ethiopia,draw_156
Male,1.0877417804936995,3,98.35836,ethiopia,draw_156
Female,1.0621452942102003,2,98.46847,ethiopia,draw_156
Male,1.0883657710493317,2,98.46847,ethiopia,draw_156
Female,1.0824872572114945,3,98.46847,ethiopia,draw_156
Male,1.087137447353814,3,98.46847,ethiopia,draw_156
Female,1.061666265165971,2,98.57858,ethiopia,draw_156
Male,1.0877143541280416,2,98.57858,ethiopia,draw_156
Female,1.081925344716798,3,98.57858,ethiopia,draw_156
Male,1.0865392867261303,3,98.57858,ethiopia,draw_156
Female,1.0611930505714091,2,98.68869,ethiopia,draw_156
Male,1.0870686443930058,2,98.68869,ethiopia,draw_156
Female,1.0813700520091203,3,98.68869,ethiopia,draw_156
Male,1.0859470896678138,3,98.68869,ethiopia,draw_156
Female,1.060725030190685,2,98.7988,ethiopia,draw_156
Male,1.0864304545836143,2,98.7988,ethiopia,draw_156
Female,1.080820846038349,3,98.7988,ethiopia,draw_156
Male,1.0853618570927641,3,98.7988,ethiopia,draw_156
Female,1.0602625330866364,2,98.90891,ethiopia,draw_156
Male,1.0857989536185773,2,98.90891,ethiopia,draw_156
Female,1.0802783398121867,3,98.90891,ethiopia,draw_156
Male,1.084783660724622,3,98.90891,ethiopia,draw_156
Female,1.059805230518867,2,99.01902,ethiopia,draw_156
Male,1.0851738928003516,2,99.01902,ethiopia,draw_156
Female,1.0797419300896125,3,99.01902,ethiopia,draw_156
Male,1.0842117815733843,3,99.01902,ethiopia,draw_156
Female,1.0593531845870265,2,99.12913,ethiopia,draw_156
Male,1.0845541690203895,2,99.12913,ethiopia,draw_156
Female,1.0792115871043475,3,99.12913,ethiopia,draw_156
Male,1.0836455686598647,3,99.12913,ethiopia,draw_156
Female,1.0589066543116397,2,99.23924,ethiopia,draw_156
Male,1.083941536308641,2,99.23924,ethiopia,draw_156
Female,1.0786875202849744,3,99.23924,ethiopia,draw_156
Male,1.0830860110885796,3,99.23924,ethiopia,draw_156
Female,1.058464856104118,2,99.34935,ethiopia,draw_156
Male,1.0833350588972392,2,99.34935,ethiopia,draw_156
Female,1.0781690165712672,3,99.34935,ethiopia,draw_156
Male,1.0825325680394633,3,99.34935,ethiopia,draw_156
Female,1.058028094123671,2,99.45946,ethiopia,draw_156
Male,1.0827340614578642,2,99.45946,ethiopia,draw_156
Female,1.0776563975470814,3,99.45946,ethiopia,draw_156
Male,1.081984868106363,3,99.45946,ethiopia,draw_156
Female,1.0575970904967313,2,99.56957,ethiopia,draw_156
Male,1.0821401386352851,2,99.56957,ethiopia,draw_156
Female,1.0771505175128662,3,99.56957,ethiopia,draw_156
Male,1.0814441133414745,3,99.56957,ethiopia,draw_156
Female,1.05717071877699,2,99.67968,ethiopia,draw_156
Male,1.0815524727586403,2,99.67968,ethiopia,draw_156
Female,1.0766503499471622,3,99.67968,ethiopia,draw_156
Male,1.0809097607517861,3,99.67968,ethiopia,draw_156
Female,1.056749895339211,2,99.78979,ethiopia,draw_156
Male,1.0809715675951224,2,99.78979,ethiopia,draw_156
Female,1.0761565531842463,3,99.78979,ethiopia,draw_156
Male,1.0803818510911183,3,99.78979,ethiopia,draw_156
Female,1.0563335733294372,2,99.8999,ethiopia,draw_156
Male,1.0803962306535897,2,99.8999,ethiopia,draw_156
Female,1.075668253248884,3,99.8999,ethiopia,draw_156
Male,1.0798597074397491,3,99.8999,ethiopia,draw_156
Female,1.0559223110406786,2,100.01001,ethiopia,draw_156
Male,1.0798265754520624,2,100.01001,ethiopia,draw_156
Female,1.0751859119435696,3,100.01001,ethiopia,draw_156
Male,1.0793433535526225,3,100.01001,ethiopia,draw_156
Female,1.0555154006598655,2,100.12012,ethiopia,draw_156
Male,1.0792630809934458,2,100.12012,ethiopia,draw_156
Female,1.074708951391951,3,100.12012,ethiopia,draw_156
Male,1.0788330653546274,3,100.12012,ethiopia,draw_156
Female,1.055113431967399,2,100.23023,ethiopia,draw_156
Male,1.078705014666885,2,100.23023,ethiopia,draw_156
Female,1.074237818677754,3,100.23023,ethiopia,draw_156
Male,1.0783283513719515,3,100.23023,ethiopia,draw_156
Female,1.0547157062951757,2,100.34034,ethiopia,draw_156
Male,1.0781527591825013,2,100.34034,ethiopia,draw_156
Female,1.0737718720769711,3,100.34034,ethiopia,draw_156
Male,1.0778293549539895,3,100.34034,ethiopia,draw_156
Female,1.0543217164784688,2,100.45045,ethiopia,draw_156
Male,1.0776048298635659,2,100.45045,ethiopia,draw_156
Female,1.0733103684674399,3,100.45045,ethiopia,draw_156
Male,1.0773347055308655,3,100.45045,ethiopia,draw_156
Female,1.0539314244510196,2,100.56056,ethiopia,draw_156
Male,1.077061887200294,2,100.56056,ethiopia,draw_156
Female,1.0728531676916209,3,100.56056,ethiopia,draw_156
Male,1.0768446971192853,3,100.56056,ethiopia,draw_156
Female,1.053544618792066,2,100.67067,ethiopia,draw_156
Male,1.076522972679581,2,100.67067,ethiopia,draw_156
Female,1.0723999939433622,3,100.67067,ethiopia,draw_156
Male,1.0763587452452024,3,100.67067,ethiopia,draw_156
Female,1.0531613823581192,2,100.78078,ethiopia,draw_156
Male,1.075988572523507,2,100.78078,ethiopia,draw_156
Female,1.0719509592813106,3,100.78078,ethiopia,draw_156
Male,1.075877065773356,3,100.78078,ethiopia,draw_156
Female,1.0527812695597383,2,100.89089,ethiopia,draw_156
Male,1.0754576319517284,2,100.89089,ethiopia,draw_156
Female,1.0715056266459138,3,100.89089,ethiopia,draw_156
Male,1.075399058008848,3,100.89089,ethiopia,draw_156
Female,1.0524049098697321,2,101.001,ethiopia,draw_156
Male,1.0749314882388339,2,101.001,ethiopia,draw_156
Female,1.071064663341377,3,101.001,ethiopia,draw_156
Male,1.0749256522291593,3,101.001,ethiopia,draw_156
Female,1.0520319689609765,2,101.11111,ethiopia,draw_156
Male,1.0744099441315242,2,101.11111,ethiopia,draw_156
Female,1.0706276813954032,3,101.11111,ethiopia,draw_156
Male,1.0744565677059736,3,101.11111,ethiopia,draw_156
Female,1.0516617953231675,2,101.22122,ethiopia,draw_156
Male,1.073892204886965,2,101.22122,ethiopia,draw_156
Female,1.0701939975467585,3,101.22122,ethiopia,draw_156
Male,1.0739911826541624,3,101.22122,ethiopia,draw_156
Female,1.0512950654846904,2,101.33133,ethiopia,draw_156
Male,1.0733774609906257,2,101.33133,ethiopia,draw_156
Female,1.069764109415869,3,101.33133,ethiopia,draw_156
Male,1.0735290279419765,3,101.33133,ethiopia,draw_156
Female,1.050930842521517,2,101.44144,ethiopia,draw_156
Male,1.07286667984199,2,101.44144,ethiopia,draw_156
Female,1.0693372788668025,3,101.44144,ethiopia,draw_156
Male,1.0730705502295939,3,101.44144,ethiopia,draw_156
Female,1.0505692567878142,2,101.55155,ethiopia,draw_156
Male,1.0723592476399624,2,101.55155,ethiopia,draw_156
Female,1.068913523523266,3,101.55155,ethiopia,draw_156
Male,1.072615308682577,3,101.55155,ethiopia,draw_156
Female,1.0502108639558856,2,101.66166,ethiopia,draw_156
Male,1.0718548411814297,2,101.66166,ethiopia,draw_156
Female,1.0684933367675704,3,101.66166,ethiopia,draw_156
Male,1.0721631980828712,3,101.66166,ethiopia,draw_156
Female,1.0498552636340504,2,101.77177,ethiopia,draw_156
Male,1.0713545415672001,2,101.77177,ethiopia,draw_156
Female,1.0680765320970222,3,101.77177,ethiopia,draw_156
Male,1.0717149858875432,3,101.77177,ethiopia,draw_156
Female,1.0495026305415835,2,101.88188,ethiopia,draw_156
Male,1.0708584268566996,2,101.88188,ethiopia,draw_156
Female,1.0676631008387616,3,101.88188,ethiopia,draw_156
Male,1.0712705008071128,3,101.88188,ethiopia,draw_156
Female,1.0491520256913371,2,101.99199,ethiopia,draw_156
Male,1.0703644810520776,2,101.99199,ethiopia,draw_156
Female,1.0672521974158868,3,101.99199,ethiopia,draw_156
Male,1.0708285728355025,3,101.99199,ethiopia,draw_156
Female,1.0488045412713574,2,102.1021,ethiopia,draw_156
Male,1.0698744956565152,2,102.1021,ethiopia,draw_156
Female,1.066844727167985,3,102.1021,ethiopia,draw_156
Male,1.0703901375964646,3,102.1021,ethiopia,draw_156
Female,1.0484592755084772,2,102.21221,ethiopia,draw_156
Male,1.069386607627167,2,102.21221,ethiopia,draw_156
Female,1.066439760002093,3,102.21221,ethiopia,draw_156
Male,1.0699539792191604,3,102.21221,ethiopia,draw_156
Female,1.0481152351988003,2,102.32232,ethiopia,draw_156
Male,1.0689012639361273,2,102.32232,ethiopia,draw_156
Female,1.0660362938813912,3,102.32232,ethiopia,draw_156
Male,1.069520069397743,3,102.32232,ethiopia,draw_156
Female,1.0477736208445005,2,102.43243,ethiopia,draw_156
Male,1.06841883418106,2,102.43243,ethiopia,draw_156
Female,1.0656354022515797,3,102.43243,ethiopia,draw_156
Male,1.0690887020474815,3,102.43243,ethiopia,draw_156
Female,1.047433716668634,2,102.54254,ethiopia,draw_156
Male,1.0679380609635059,2,102.54254,ethiopia,draw_156
Female,1.0652364517704653,3,102.54254,ethiopia,draw_156
Male,1.0686591054726977,3,102.54254,ethiopia,draw_156
Female,1.0470957680099038,2,102.65265,ethiopia,draw_156
Male,1.067459515064196,2,102.65265,ethiopia,draw_156
Female,1.064839588349705,3,102.65265,ethiopia,draw_156
Male,1.068231545484909,3,102.65265,ethiopia,draw_156
Female,1.0467594876229995,2,102.76276,ethiopia,draw_156
Male,1.0669837059840346,2,102.76276,ethiopia,draw_156
Female,1.0644446015795004,3,102.76276,ethiopia,draw_156
Male,1.067806309164342,3,102.76276,ethiopia,draw_156
Female,1.046424633283635,2,102.87287,ethiopia,draw_156
Male,1.0665093701843515,2,102.87287,ethiopia,draw_156
Female,1.0640513123156412,3,102.87287,ethiopia,draw_156
Male,1.067382677162741,3,102.87287,ethiopia,draw_156
Female,1.0460914520025277,2,102.98298,ethiopia,draw_156
Male,1.066037675040567,2,102.98298,ethiopia,draw_156
Female,1.0636599002400386,3,102.98298,ethiopia,draw_156
Male,1.066961305297305,3,102.98298,ethiopia,draw_156
Female,1.0457603164277558,2,103.09309,ethiopia,draw_156
Male,1.065567840695197,2,103.09309,ethiopia,draw_156
Female,1.0632707290241146,3,103.09309,ethiopia,draw_156
Male,1.066541772786853,3,103.09309,ethiopia,draw_156
Female,1.0454309746520885,2,103.2032,ethiopia,draw_156
Male,1.0651005851579156,2,103.2032,ethiopia,draw_156
Female,1.062883663617154,3,103.2032,ethiopia,draw_156
Male,1.0661246046903243,3,103.2032,ethiopia,draw_156
Female,1.0451031705539107,2,103.31331,ethiopia,draw_156
Male,1.0646354840291512,2,103.31331,ethiopia,draw_156
Female,1.0624983413204692,3,103.31331,ethiopia,draw_156
Male,1.0657094199152033,3,103.31331,ethiopia,draw_156
Female,1.044777072391062,2,103.42342,ethiopia,draw_156
Male,1.0641720474948528,2,103.42342,ethiopia,draw_156
Female,1.0621148197346002,3,103.42342,ethiopia,draw_156
Male,1.0652958580422027,3,103.42342,ethiopia,draw_156
Female,1.044451881484356,2,103.53353,ethiopia,draw_156
Male,1.0637106682841357,2,103.53353,ethiopia,draw_156
Female,1.061732352349879,3,103.53353,ethiopia,draw_156
Male,1.0648840442027319,3,103.53353,ethiopia,draw_156
Female,1.044128666516798,2,103.64364,ethiopia,draw_156
Male,1.0632505372334176,2,103.64364,ethiopia,draw_156
Female,1.0613517966422328,3,103.64364,ethiopia,draw_156
Male,1.0644734392783957,3,103.64364,ethiopia,draw_156
Female,1.043806117114798,2,103.75375,ethiopia,draw_156
Male,1.0627917959211755,2,103.75375,ethiopia,draw_156
Female,1.060972075849434,3,103.75375,ethiopia,draw_156
Male,1.0640641241114923,3,103.75375,ethiopia,draw_156
Female,1.0434855292104384,2,103.86386,ethiopia,draw_156
Male,1.0623352969979272,2,103.86386,ethiopia,draw_156
Female,1.0605942664105106,3,103.86386,ethiopia,draw_156
Male,1.0636566716474283,3,103.86386,ethiopia,draw_156
Female,1.04316564011545,2,103.97397,ethiopia,draw_156
Male,1.0618807356812827,2,103.97397,ethiopia,draw_156
Female,1.0602173409505817,3,103.97397,ethiopia,draw_156
Male,1.0632508482763299,3,103.97397,ethiopia,draw_156
Female,1.0428475469890366,2,104.08408,ethiopia,draw_156
Male,1.0614268737656722,2,104.08408,ethiopia,draw_156
Female,1.0598422323110275,3,104.08408,ethiopia,draw_156
Male,1.0628459087837987,3,104.08408,ethiopia,draw_156
Female,1.0425301267600469,2,104.19419,ethiopia,draw_156
Male,1.0609754005053944,2,104.19419,ethiopia,draw_156
Female,1.0594679666438829,3,104.19419,ethiopia,draw_156
Male,1.0624428132239334,3,104.19419,ethiopia,draw_156
Female,1.0422145547999058,2,104.3043,ethiopia,draw_156
Male,1.0605250526571834,2,104.3043,ethiopia,draw_156
Female,1.0590955233479513,3,104.3043,ethiopia,draw_156
Male,1.0620408482272594,3,104.3043,ethiopia,draw_156
Female,1.041899828883062,2,104.41441,ethiopia,draw_156
Male,1.060076628641662,2,104.41441,ethiopia,draw_156
Female,1.0587240840323695,3,104.41441,ethiopia,draw_156
Male,1.0616404612145613,3,104.41441,ethiopia,draw_156
Female,1.041586154115726,2,104.52452,ethiopia,draw_156
Male,1.0596298400844326,2,104.52452,ethiopia,draw_156
Female,1.0583538223797777,3,104.52452,ethiopia,draw_156
Male,1.0612415351965638,3,104.52452,ethiopia,draw_156
Female,1.041273955937762,2,104.63463,ethiopia,draw_156
Male,1.0591848273718605,2,104.63463,ethiopia,draw_156
Female,1.0579851076928417,3,104.63463,ethiopia,draw_156
Male,1.0608441803789992,3,104.63463,ethiopia,draw_156
Female,1.040963175361296,2,104.74474,ethiopia,draw_156
Male,1.0587411119493495,2,104.74474,ethiopia,draw_156
Female,1.057617879616945,3,104.74474,ethiopia,draw_156
Male,1.0604480352829062,3,104.74474,ethiopia,draw_156
Female,1.0406531677473299,2,104.85485,ethiopia,draw_156
Male,1.0582992607122248,2,104.85485,ethiopia,draw_156
Female,1.0572515795768367,3,104.85485,ethiopia,draw_156
Male,1.060053422743818,3,104.85485,ethiopia,draw_156
Female,1.0403444811938627,2,104.96496,ethiopia,draw_156
Male,1.0578590907397791,2,104.96496,ethiopia,draw_156
Female,1.0568866556214611,3,104.96496,ethiopia,draw_156
Male,1.0596601922096496,3,104.96496,ethiopia,draw_156
Female,1.0400369883498832,2,105.07508,ethiopia,draw_156
Male,1.0574194698719344,2,105.07508,ethiopia,draw_156
Female,1.0565228967523757,3,105.07508,ethiopia,draw_156
Male,1.0592675958601636,3,105.07508,ethiopia,draw_156
Female,1.039730193326614,2,105.18519,ethiopia,draw_156
Male,1.0569815643479388,2,105.18519,ethiopia,draw_156
Female,1.05615984622113,3,105.18519,ethiopia,draw_156
Male,1.0588761867703929,3,105.18519,ethiopia,draw_156
Female,1.039423712488112,2,105.2953,ethiopia,draw_156
Male,1.0565445202537584,2,105.2953,ethiopia,draw_156
Female,1.0557971776876658,3,105.2953,ethiopia,draw_156
Male,1.0584854518825966,3,105.2953,ethiopia,draw_156
Female,1.039118253741646,2,105.40541,ethiopia,draw_156
Male,1.0561084162822998,2,105.40541,ethiopia,draw_156
Female,1.0554354582397543,3,105.40541,ethiopia,draw_156
Male,1.0580954369997169,3,105.40541,ethiopia,draw_156
Female,1.0388137062431566,2,105.51552,ethiopia,draw_156
Male,1.0556737489479284,2,105.51552,ethiopia,draw_156
Female,1.055074567527063,3,105.51552,ethiopia,draw_156
Male,1.0577064307822497,3,105.51552,ethiopia,draw_156
Female,1.0385098693900672,2,105.62563,ethiopia,draw_156
Male,1.0552389353270069,2,105.62563,ethiopia,draw_156
Female,1.0547143010608817,3,105.62563,ethiopia,draw_156
Male,1.0573174636978606,3,105.62563,ethiopia,draw_156
Female,1.0382062522710023,2,105.73574,ethiopia,draw_156
Male,1.0548060559310486,2,105.73574,ethiopia,draw_156
Female,1.0543542157560264,3,105.73574,ethiopia,draw_156
Male,1.0569296669762929,3,105.73574,ethiopia,draw_156
Female,1.037903352634618,2,105.84585,ethiopia,draw_156
Male,1.0543735779139969,2,105.84585,ethiopia,draw_156
Female,1.0539946947151497,3,105.84585,ethiopia,draw_156
Male,1.0565421040832852,3,105.84585,ethiopia,draw_156
Female,1.037600608447912,2,105.95596,ethiopia,draw_156
Male,1.0539411937226466,2,105.95596,ethiopia,draw_156
Female,1.0536352554999948,3,105.95596,ethiopia,draw_156
Male,1.0561545987594567,3,105.95596,ethiopia,draw_156
Female,1.037298672175397,2,106.06607,ethiopia,draw_156
Male,1.0535101560586486,2,106.06607,ethiopia,draw_156
Female,1.0532764503624084,3,106.06607,ethiopia,draw_156
Male,1.0557678736556166,3,106.06607,ethiopia,draw_156
Female,1.0369969917534394,2,106.17618,ethiopia,draw_156
Male,1.0530799810048506,2,106.17618,ethiopia,draw_156
Female,1.0529177785617065,3,106.17618,ethiopia,draw_156
Male,1.0553816320647862,3,106.17618,ethiopia,draw_156
Female,1.036695467425011,2,106.28629,ethiopia,draw_156
Male,1.0526496594669237,2,106.28629,ethiopia,draw_156
Female,1.0525591780991947,3,106.28629,ethiopia,draw_156
Male,1.0549953052081122,3,106.28629,ethiopia,draw_156
Female,1.0363946086710925,2,106.3964,ethiopia,draw_156
Male,1.0522204226792142,2,106.3964,ethiopia,draw_156
Female,1.0522010889592732,3,106.3964,ethiopia,draw_156
Male,1.0546095817108658,3,106.3964,ethiopia,draw_156
Female,1.0360942918524132,2,106.50651,ethiopia,draw_156
Male,1.0517925152080487,2,106.50651,ethiopia,draw_156
Female,1.0518434008741002,3,106.50651,ethiopia,draw_156
Male,1.054224638206807,3,106.50651,ethiopia,draw_156
Female,1.0357946152044621,2,106.61662,ethiopia,draw_156
Male,1.0513640704980192,2,106.61662,ethiopia,draw_156
Female,1.051486219734652,3,106.61662,ethiopia,draw_156
Male,1.0538394102535464,3,106.61662,ethiopia,draw_156
Female,1.0354948874603884,2,106.72673,ethiopia,draw_156
Male,1.0509369833812947,2,106.72673,ethiopia,draw_156
Female,1.051128902793567,3,106.72673,ethiopia,draw_156
Male,1.0534549774806414,3,106.72673,ethiopia,draw_156
Female,1.0351959628687715,2,106.83684,ethiopia,draw_156
Male,1.0505105949969695,2,106.83684,ethiopia,draw_156
Female,1.0507721982738067,3,106.83684,ethiopia,draw_156
Male,1.0530709494599677,3,106.83684,ethiopia,draw_156
Female,1.03489729514766,2,106.94695,ethiopia,draw_156
Male,1.050084574600968,2,106.94695,ethiopia,draw_156
Female,1.0504156692198516,3,106.94695,ethiopia,draw_156
Male,1.0526871271360547,3,106.94695,ethiopia,draw_156
Female,1.0345994351304417,2,107.05706,ethiopia,draw_156
Male,1.04965989111067,2,107.05706,ethiopia,draw_156
Female,1.0500597580871858,3,107.05706,ethiopia,draw_156
Male,1.0523040728207556,3,107.05706,ethiopia,draw_156
Female,1.0343017454073438,2,107.16717,ethiopia,draw_156
Male,1.049234949623025,2,107.16717,ethiopia,draw_156
Female,1.0497039309617184,3,107.16717,ethiopia,draw_156
Male,1.051920875422026,3,107.16717,ethiopia,draw_156
Female,1.0340042479152765,2,107.27728,ethiopia,draw_156
Male,1.048811508508887,2,107.27728,ethiopia,draw_156
Female,1.0493482163178212,3,107.27728,ethiopia,draw_156
Male,1.051538543292267,3,107.27728,ethiopia,draw_156
Female,1.0337076241754322,2,107.38739,ethiopia,draw_156
Male,1.0483883286945201,2,107.38739,ethiopia,draw_156
Female,1.048993206015151,3,107.38739,ethiopia,draw_156
Male,1.0511563575986393,3,107.38739,ethiopia,draw_156
Female,1.0334112743150345,2,107.4975,ethiopia,draw_156
Male,1.047965309314957,2,107.4975,ethiopia,draw_156
Female,1.0486383955817677,3,107.4975,ethiopia,draw_156
Male,1.0507742797440884,3,107.4975,ethiopia,draw_156
Female,1.0331151368478175,2,107.60761,ethiopia,draw_156
Male,1.047543733694147,2,107.60761,ethiopia,draw_156
Female,1.0482837156290152,3,107.60761,ethiopia,draw_156
Male,1.0503930231084289,3,107.60761,ethiopia,draw_156
Female,1.0328198735212484,2,107.71772,ethiopia,draw_156
Male,1.0471227529995069,2,107.71772,ethiopia,draw_156
Female,1.04792974323442,3,107.71772,ethiopia,draw_156
Male,1.0500121246237446,3,107.71772,ethiopia,draw_156
Female,1.0325250951785017,2,107.82783,ethiopia,draw_156
Male,1.046702300754584,2,107.82783,ethiopia,draw_156
Female,1.0475761406646356,3,107.82783,ethiopia,draw_156
Male,1.0496315449046905,3,107.82783,ethiopia,draw_156
Female,1.0322301597471533,2,107.93794,ethiopia,draw_156
Male,1.046283081675093,2,107.93794,ethiopia,draw_156
Female,1.047222329588415,3,107.93794,ethiopia,draw_156
Male,1.049251676744178,3,107.93794,ethiopia,draw_156
Female,1.0319360965584967,2,108.04805,ethiopia,draw_156
Male,1.0458645568863223,2,108.04805,ethiopia,draw_156
Female,1.0468691879338459,3,108.04805,ethiopia,draw_156
Male,1.0488722158982442,3,108.04805,ethiopia,draw_156
Female,1.0316421107315326,2,108.15816,ethiopia,draw_156
Male,1.0454458629076928,2,108.15816,ethiopia,draw_156
Female,1.0465160724825195,3,108.15816,ethiopia,draw_156
Male,1.0484926776172196,3,108.15816,ethiopia,draw_156
Female,1.0313490643474843,2,108.26827,ethiopia,draw_156
Male,1.0450280803662795,2,108.26827,ethiopia,draw_156
Female,1.0461636911452454,3,108.26827,ethiopia,draw_156
Male,1.0481136757730931,3,108.26827,ethiopia,draw_156
Female,1.0310558504179181,2,108.37838,ethiopia,draw_156
Male,1.0446113515384565,2,108.37838,ethiopia,draw_156
Female,1.0458111111281134,3,108.37838,ethiopia,draw_156
Male,1.0477352802957545,3,108.37838,ethiopia,draw_156
Female,1.0307640141491223,2,108.48849,ethiopia,draw_156
Male,1.0441957181237358,2,108.48849,ethiopia,draw_156
Female,1.045459631827616,3,108.48849,ethiopia,draw_156
Male,1.047357539161931,3,108.48849,ethiopia,draw_156
Female,1.0304720754534524,2,108.5986,ethiopia,draw_156
Male,1.043780108276718,2,108.5986,ethiopia,draw_156
Female,1.0451079983361393,3,108.5986,ethiopia,draw_156
Male,1.046979822212534,3,108.5986,ethiopia,draw_156
Female,1.0301804987577872,2,108.70871,ethiopia,draw_156
Male,1.0433647209985233,2,108.70871,ethiopia,draw_156
Female,1.0447566073518129,3,108.70871,ethiopia,draw_156
Male,1.0466022606975482,3,108.70871,ethiopia,draw_156
Female,1.0298897798545512,2,108.81882,ethiopia,draw_156
Male,1.0429509009075706,2,108.81882,ethiopia,draw_156
Female,1.0444059336361797,3,108.81882,ethiopia,draw_156
Male,1.0462256365161713,3,108.81882,ethiopia,draw_156
Female,1.0295993533030654,2,108.92893,ethiopia,draw_156
Male,1.0425374661684341,2,108.92893,ethiopia,draw_156
Female,1.0440555434595298,3,108.92893,ethiopia,draw_156
Male,1.0458492569521967,3,108.92893,ethiopia,draw_156
Female,1.0293090022099394,2,109.03904,ethiopia,draw_156
Male,1.0421240937496454,2,109.03904,ethiopia,draw_156
Female,1.0437051625209814,3,109.03904,ethiopia,draw_156
Male,1.045472952637939,3,109.03904,ethiopia,draw_156
Female,1.0290193496156312,2,109.14915,ethiopia,draw_156
Male,1.0417125399393359,2,109.14915,ethiopia,draw_156
Female,1.0433553409880285,3,109.14915,ethiopia,draw_156
Male,1.0450976907241967,3,109.14915,ethiopia,draw_156
Female,1.0287305041334187,2,109.25926,ethiopia,draw_156
Male,1.041300747776934,2,109.25926,ethiopia,draw_156
Female,1.0430061828204873,3,109.25926,ethiopia,draw_156
Male,1.0447222617815781,3,109.25926,ethiopia,draw_156
Female,1.028441682984111,2,109.36937,ethiopia,draw_156
Male,1.0408902707328986,2,109.36937,ethiopia,draw_156
Female,1.042656993926526,3,109.36937,ethiopia,draw_156
Male,1.0443476075932445,3,109.36937,ethiopia,draw_156
Female,1.0281533654529957,2,109.47948,ethiopia,draw_156
Male,1.0404803005264867,2,109.47948,ethiopia,draw_156
Female,1.0423081975134096,3,109.47948,ethiopia,draw_156
Male,1.0439732505247852,3,109.47948,ethiopia,draw_156
Female,1.0278656035610207,2,109.58959,ethiopia,draw_156
Male,1.0400713630200378,2,109.58959,ethiopia,draw_156
Female,1.0419598659556695,3,109.58959,ethiopia,draw_156
Male,1.0435995200068062,3,109.58959,ethiopia,draw_156
Female,1.0275783575221888,2,109.6997,ethiopia,draw_156
Male,1.0396629819932577,2,109.6997,ethiopia,draw_156
Female,1.0416118979607247,3,109.6997,ethiopia,draw_156
Male,1.0432261190846086,3,109.6997,ethiopia,draw_156
Female,1.0272918534009792,2,109.80981,ethiopia,draw_156
Male,1.0392548380590365,2,109.80981,ethiopia,draw_156
Female,1.0412645033481112,3,109.80981,ethiopia,draw_156
Male,1.04285288100705,3,109.80981,ethiopia,draw_156
Female,1.0270053159729224,2,109.91992,ethiopia,draw_156
Male,1.0388472633982992,2,109.91992,ethiopia,draw_156
Female,1.0409170437338795,3,109.91992,ethiopia,draw_156
Male,1.042479994031156,3,109.91992,ethiopia,draw_156
Female,1.026719669899177,2,110.03003,ethiopia,draw_156
Male,1.0384406984889984,2,110.03003,ethiopia,draw_156
Female,1.0405703517145564,3,110.03003,ethiopia,draw_156
Male,1.0421077426326903,3,110.03003,ethiopia,draw_156
Female,1.0264342104391067,2,110.14014,ethiopia,draw_156
Male,1.0380354468375084,2,110.14014,ethiopia,draw_156
Female,1.0402237922501154,3,110.14014,ethiopia,draw_156
Male,1.0417363174020144,3,110.14014,ethiopia,draw_156
Female,1.0261492859638912,2,110.25025,ethiopia,draw_156
Male,1.0376302798583947,2,110.25025,ethiopia,draw_156
Female,1.0398776491101298,3,110.25025,ethiopia,draw_156
Male,1.041364979599406,3,110.25025,ethiopia,draw_156
Female,1.025864698031598,2,110.36036,ethiopia,draw_156
Male,1.0372256092450216,2,110.36036,ethiopia,draw_156
Female,1.0395317650715217,3,110.36036,ethiopia,draw_156
Male,1.0409939625786755,3,110.36036,ethiopia,draw_156
Female,1.0255806313378868,2,110.47047,ethiopia,draw_156
Male,1.0368211944698025,2,110.47047,ethiopia,draw_156
Female,1.039186271751317,3,110.47047,ethiopia,draw_156
Male,1.0406231365398122,3,110.47047,ethiopia,draw_156
Female,1.0252973337250595,2,110.58058,ethiopia,draw_156
Male,1.036418332905044,2,110.58058,ethiopia,draw_156
Female,1.0388414104726407,3,110.58058,ethiopia,draw_156
Male,1.040253254364493,3,110.58058,ethiopia,draw_156
Female,1.0250138875144168,2,110.69069,ethiopia,draw_156
Male,1.0360158445365375,2,110.69069,ethiopia,draw_156
Female,1.0384963861461773,3,110.69069,ethiopia,draw_156
Male,1.039883643170971,3,110.69069,ethiopia,draw_156
Female,1.0247315697347792,2,110.8008,ethiopia,draw_156
Male,1.0356140030789711,2,110.8008,ethiopia,draw_156
Female,1.0381522961990655,3,110.8008,ethiopia,draw_156
Male,1.039514458703969,3,110.8008,ethiopia,draw_156
Female,1.024449489098732,2,110.91091,ethiopia,draw_156
Male,1.0352131488921479,2,110.91091,ethiopia,draw_156
Female,1.037808404090365,3,110.91091,ethiopia,draw_156
Male,1.03914588149343,3,110.91091,ethiopia,draw_156
Female,1.0241680969591322,2,111.02102,ethiopia,draw_156
Male,1.034812401808026,2,111.02102,ethiopia,draw_156
Female,1.0374651202643677,3,111.02102,ethiopia,draw_156
Male,1.0387774177487843,3,111.02102,ethiopia,draw_156
Female,1.0238870624493503,2,111.13113,ethiopia,draw_156
Male,1.034413320965282,2,111.13113,ethiopia,draw_156
Female,1.0371220678613469,3,111.13113,ethiopia,draw_156
Male,1.0384099468160595,3,111.13113,ethiopia,draw_156
Female,1.0236067988046555,2,111.24124,ethiopia,draw_156
Male,1.034014178157393,2,111.24124,ethiopia,draw_156
Female,1.036779672471796,3,111.24124,ethiopia,draw_156
Male,1.0380424856254118,3,111.24124,ethiopia,draw_156
Female,1.0233266667208347,2,111.35135,ethiopia,draw_156
Male,1.0336165165663411,2,111.35135,ethiopia,draw_156
Female,1.0364373481513056,3,111.35135,ethiopia,draw_156
Male,1.0376759408663063,3,111.35135,ethiopia,draw_156
Female,1.0230473689765156,2,111.46146,ethiopia,draw_156
Male,1.0332185715196893,2,111.46146,ethiopia,draw_156
Female,1.0360957300498705,3,111.46146,ethiopia,draw_156
Male,1.0373092870639182,3,111.46146,ethiopia,draw_156
Female,1.0227683993803915,2,111.57157,ethiopia,draw_156
Male,1.0328219039042537,2,111.57157,ethiopia,draw_156
Female,1.035754347325187,3,111.57157,ethiopia,draw_156
Male,1.0369434435705909,3,111.57157,ethiopia,draw_156
Female,1.0224901425927773,2,111.68168,ethiopia,draw_156
Male,1.0324262540461575,2,111.68168,ethiopia,draw_156
Female,1.0354135324782,3,111.68168,ethiopia,draw_156
Male,1.0365782323743895,3,111.68168,ethiopia,draw_156
Female,1.0222123017907885,2,111.79179,ethiopia,draw_156
Male,1.0320315271587728,2,111.79179,ethiopia,draw_156
Female,1.0350730518059819,3,111.79179,ethiopia,draw_156
Male,1.0362136069983259,3,111.79179,ethiopia,draw_156
Female,1.02193502874148,2,111.9019,ethiopia,draw_156
Male,1.0316367554666033,2,111.9019,ethiopia,draw_156
Female,1.0347330155502426,3,111.9019,ethiopia,draw_156
Male,1.0358489971095022,3,111.9019,ethiopia,draw_156
Female,1.0216584005997216,2,112.01201,ethiopia,draw_156
Male,1.0312433421656912,2,112.01201,ethiopia,draw_156
Female,1.0343934800565922,3,112.01201,ethiopia,draw_156
Male,1.0354852347623642,3,112.01201,ethiopia,draw_156
Female,1.021382501794009,2,112.12212,ethiopia,draw_156
Male,1.0308507806960803,2,112.12212,ethiopia,draw_156
Female,1.0340545409882853,3,112.12212,ethiopia,draw_156
Male,1.0351220195237623,3,112.12212,ethiopia,draw_156
Female,1.0211069354784645,2,112.23223,ethiopia,draw_156
Male,1.0304587696026695,2,112.23223,ethiopia,draw_156
Female,1.033715904523802,3,112.23223,ethiopia,draw_156
Male,1.0347591519680015,3,112.23223,ethiopia,draw_156
Female,1.0208317448124957,2,112.34234,ethiopia,draw_156
Male,1.030067920659298,2,112.34234,ethiopia,draw_156
Female,1.0333776095612464,3,112.34234,ethiopia,draw_156
Male,1.0343970101284596,3,112.34234,ethiopia,draw_156
Female,1.020557069477313,2,112.45245,ethiopia,draw_156
Male,1.0296772618860468,2,112.45245,ethiopia,draw_156
Female,1.033039728056823,3,112.45245,ethiopia,draw_156
Male,1.0340350587416811,3,112.45245,ethiopia,draw_156
Female,1.0202831559298722,2,112.56256,ethiopia,draw_156
Male,1.0292876500256345,2,112.56256,ethiopia,draw_156
Female,1.0327024684784558,3,112.56256,ethiopia,draw_156
Male,1.0336737959514644,3,112.56256,ethiopia,draw_156
Female,1.020009637970603,2,112.67267,ethiopia,draw_156
Male,1.0288993002584002,2,112.67267,ethiopia,draw_156
Female,1.0323655345681086,3,112.67267,ethiopia,draw_156
Male,1.033313331377713,3,112.67267,ethiopia,draw_156
Female,1.0197368333004695,2,112.78278,ethiopia,draw_156
Male,1.028510830298395,2,112.78278,ethiopia,draw_156
Female,1.032029206098229,3,112.78278,ethiopia,draw_156
Male,1.0329528403250374,3,112.78278,ethiopia,draw_156
Female,1.0194644766402223,2,112.89289,ethiopia,draw_156
Male,1.0281237069304037,2,112.89289,ethiopia,draw_156
Female,1.0316932546530677,3,112.89289,ethiopia,draw_156
Male,1.0325932049307656,3,112.89289,ethiopia,draw_156
Female,1.0191927722943526,2,113.003,ethiopia,draw_156
Male,1.027737360278704,2,113.003,ethiopia,draw_156
Female,1.0313578630439053,3,113.003,ethiopia,draw_156
Male,1.0322340621701196,3,113.003,ethiopia,draw_156
Female,1.0189210791393297,2,113.11311,ethiopia,draw_156
Male,1.027352139732848,2,113.11311,ethiopia,draw_156
Female,1.0310224438543725,3,113.11311,ethiopia,draw_156
Male,1.031875649859329,3,113.11311,ethiopia,draw_156
Female,1.0186505217873598,2,113.22322,ethiopia,draw_156
Male,1.0269667769707138,2,113.22322,ethiopia,draw_156
Female,1.0306879588820235,3,113.22322,ethiopia,draw_156
Male,1.031517237213165,3,113.22322,ethiopia,draw_156
Female,1.0183802531587798,2,113.33333,ethiopia,draw_156
Male,1.0265825467634162,2,113.33333,ethiopia,draw_156
Female,1.0303537084433116,3,113.33333,ethiopia,draw_156
Male,1.0311595599132264,3,113.33333,ethiopia,draw_156
Female,1.0181106439736942,2,113.44344,ethiopia,draw_156
Male,1.0261996915181737,2,113.44344,ethiopia,draw_156
Female,1.0300200188094988,3,113.44344,ethiopia,draw_156
Male,1.030802758999573,3,113.44344,ethiopia,draw_156
Female,1.017841419908267,2,113.55355,ethiopia,draw_156
Male,1.025816823897057,2,113.55355,ethiopia,draw_156
Female,1.029686695768909,3,113.55355,ethiopia,draw_156
Male,1.0304460266363575,3,113.55355,ethiopia,draw_156
Female,1.0175725636853838,2,113.66366,ethiopia,draw_156
Male,1.0254353150532154,2,113.66366,ethiopia,draw_156
Female,1.0293537032792888,3,113.66366,ethiopia,draw_156
Male,1.030090186551743,3,113.66366,ethiopia,draw_156
Female,1.0173049956493299,2,113.77377,ethiopia,draw_156
Male,1.0250547085550439,2,113.77377,ethiopia,draw_156
Female,1.0290218197146688,3,113.77377,ethiopia,draw_156
Male,1.0297349799002302,3,113.77377,ethiopia,draw_156
Female,1.0170374687616452,2,113.88388,ethiopia,draw_156
Male,1.0246756794742164,2,113.88388,ethiopia,draw_156
Female,1.0286899969608019,3,113.88388,ethiopia,draw_156
Male,1.0293808197894538,3,113.88388,ethiopia,draw_156
Female,1.0167707134566393,2,113.99399,ethiopia,draw_156
Male,1.0242964081195887,2,113.99399,ethiopia,draw_156
Female,1.0283588238885644,3,113.99399,ethiopia,draw_156
Male,1.0290266327525952,3,113.99399,ethiopia,draw_156
Female,1.0165047605282647,2,114.1041,ethiopia,draw_156
Male,1.0239186782751055,2,114.1041,ethiopia,draw_156
Female,1.0280283876848042,3,114.1041,ethiopia,draw_156
Male,1.02867346797214,3,114.1041,ethiopia,draw_156
Female,1.0162392900798891,2,114.21421,ethiopia,draw_156
Male,1.023542071552047,2,114.21421,ethiopia,draw_156
Female,1.0276983659222108,3,114.21421,ethiopia,draw_156
Male,1.0283210816207524,3,114.21421,ethiopia,draw_156
Female,1.0159744624221896,2,114.32432,ethiopia,draw_156
Male,1.0231656903011577,2,114.32432,ethiopia,draw_156
Female,1.0273688933358478,3,114.32432,ethiopia,draw_156
Male,1.0279689364078952,3,114.32432,ethiopia,draw_156
Female,1.0157105671199054,2,114.43443,ethiopia,draw_156
Male,1.0227907352012007,2,114.43443,ethiopia,draw_156
Female,1.0270402601574917,3,114.43443,ethiopia,draw_156
Male,1.0276177399972033,3,114.43443,ethiopia,draw_156
Female,1.015446837503354,2,114.54454,ethiopia,draw_156
Male,1.0224168495829322,2,114.54454,ethiopia,draw_156
Female,1.0267117789416,3,114.54454,ethiopia,draw_156
Male,1.027267281617338,3,114.54454,ethiopia,draw_156
Female,1.0151843428699037,2,114.65465,ethiopia,draw_156
Male,1.0220434512576997,2,114.65465,ethiopia,draw_156
Female,1.0263844052257678,3,114.65465,ethiopia,draw_156
Male,1.0269171940829025,3,114.65465,ethiopia,draw_156
Female,1.0149218051245774,2,114.76476,ethiopia,draw_156
Male,1.0216719124367146,2,114.76476,ethiopia,draw_156
Female,1.0260570146911427,3,114.76476,ethiopia,draw_156
Male,1.0265683059707342,3,114.76476,ethiopia,draw_156
Female,1.014660627874097,2,114.87487,ethiopia,draw_156
Male,1.0213012220202413,2,114.87487,ethiopia,draw_156
Female,1.025730846084329,3,114.87487,ethiopia,draw_156
Male,1.0262200107056092,3,114.87487,ethiopia,draw_156
Female,1.0144004050078614,2,114.98498,ethiopia,draw_156
Male,1.0209310296462644,2,114.98498,ethiopia,draw_156
Female,1.0254055291593283,3,114.98498,ethiopia,draw_156
Male,1.0258720956855378,3,114.98498,ethiopia,draw_156
Female,1.014140332514183,2,115.0951,ethiopia,draw_156
Male,1.0205627688679526,2,115.0951,ethiopia,draw_156
Female,1.0250803526500991,3,115.0951,ethiopia,draw_156
Male,1.0255253838527087,3,115.0951,ethiopia,draw_156
Female,1.0138813025156221,2,115.20521,ethiopia,draw_156
Male,1.0201958531116115,2,115.20521,ethiopia,draw_156
Female,1.0247560991238722,3,115.20521,ethiopia,draw_156
Male,1.0251795727653183,3,115.20521,ethiopia,draw_156
Female,1.0136229157138084,2,115.31532,ethiopia,draw_156
Male,1.0198292233277269,2,115.31532,ethiopia,draw_156
Female,1.0244324600056727,3,115.31532,ethiopia,draw_156
Male,1.0248340666146196,3,115.31532,ethiopia,draw_156
Female,1.0133653722577634,2,115.42543,ethiopia,draw_156
Male,1.0194644263005397,2,115.42543,ethiopia,draw_156
Female,1.0241095705840568,3,115.42543,ethiopia,draw_156
Male,1.024489764441572,3,115.42543,ethiopia,draw_156
Female,1.013108300404983,2,115.53554,ethiopia,draw_156
Male,1.0191000025510717,2,115.53554,ethiopia,draw_156
Female,1.0237871231452462,3,115.53554,ethiopia,draw_156
Male,1.0241458095857352,3,115.53554,ethiopia,draw_156
Female,1.0128523082987464,2,115.64565,ethiopia,draw_156
Male,1.018737338922046,2,115.64565,ethiopia,draw_156
Female,1.0234656625292016,3,115.64565,ethiopia,draw_156
Male,1.023803009345888,3,115.64565,ethiopia,draw_156
Female,1.0125965519465394,2,115.75576,ethiopia,draw_156
Male,1.01837501817257,2,115.75576,ethiopia,draw_156
Female,1.0231444627676087,3,115.75576,ethiopia,draw_156
Male,1.023460506971489,3,115.75576,ethiopia,draw_156
Female,1.012341876769938,2,115.86587,ethiopia,draw_156
Male,1.0180147389853205,2,115.86587,ethiopia,draw_156
Female,1.022824253395787,3,115.86587,ethiopia,draw_156
Male,1.0231192980417634,3,115.86587,ethiopia,draw_156
Female,1.012088027007953,2,115.97598,ethiopia,draw_156
Male,1.0176554442035655,2,115.97598,ethiopia,draw_156
Female,1.0225048101771481,3,115.97598,ethiopia,draw_156
Male,1.0227788120313375,3,115.97598,ethiopia,draw_156
Female,1.0118346593692122,2,116.08609,ethiopia,draw_156
Male,1.0172967242926207,2,116.08609,ethiopia,draw_156
Female,1.022185846580603,3,116.08609,ethiopia,draw_156
Male,1.022438823122079,3,116.08609,ethiopia,draw_156
Female,1.0115820365439416,2,116.1962,ethiopia,draw_156
Male,1.016939531536259,2,116.1962,ethiopia,draw_156
Female,1.021867532897236,3,116.1962,ethiopia,draw_156
Male,1.0220998942970108,3,116.1962,ethiopia,draw_156
Female,1.0113304176997757,2,116.30631,ethiopia,draw_156
Male,1.0165840922623053,2,116.30631,ethiopia,draw_156
Female,1.0215501627848993,3,116.30631,ethiopia,draw_156
Male,1.0217621640064982,3,116.30631,ethiopia,draw_156
Female,1.0110795377081327,2,116.41642,ethiopia,draw_156
Male,1.0162288223307607,2,116.41642,ethiopia,draw_156
Female,1.0212335086276434,3,116.41642,ethiopia,draw_156
Male,1.0214247016540765,3,116.41642,ethiopia,draw_156
Female,1.0108295662201863,2,116.52653,ethiopia,draw_156
Male,1.0158752726967883,2,116.52653,ethiopia,draw_156
Female,1.0209177210872067,3,116.52653,ethiopia,draw_156
Male,1.021088385858175,3,116.52653,ethiopia,draw_156
Female,1.010580080637419,2,116.63664,ethiopia,draw_156
Male,1.015522736132429,2,116.63664,ethiopia,draw_156
Female,1.0206024178618016,3,116.63664,ethiopia,draw_156
Male,1.0207527927890954,3,116.63664,ethiopia,draw_156
Female,1.01033148080132,2,116.74675,ethiopia,draw_156
Male,1.0151716861980395,2,116.74675,ethiopia,draw_156
Female,1.0202879936734137,3,116.74675,ethiopia,draw_156
Male,1.0204182888619144,3,116.74675,ethiopia,draw_156
Female,1.0100835460954374,2,116.85686,ethiopia,draw_156
Male,1.0148215158812173,2,116.85686,ethiopia,draw_156
Female,1.0199741796460768,3,116.85686,ethiopia,draw_156
Male,1.0200844630180772,3,116.85686,ethiopia,draw_156
Female,1.0098367050391495,2,116.96697,ethiopia,draw_156
Male,1.0144726166754134,2,116.96697,ethiopia,draw_156
Female,1.0196613925710172,3,116.96697,ethiopia,draw_156
Male,1.019751542999756,3,116.96697,ethiopia,draw_156
Female,1.0095904958443287,2,117.07708,ethiopia,draw_156
Male,1.0141244876399509,2,117.07708,ethiopia,draw_156
Female,1.0193492319426096,3,117.07708,ethiopia,draw_156
Male,1.0194192213085644,3,117.07708,ethiopia,draw_156
Female,1.009344701387556,2,117.18719,ethiopia,draw_156
Male,1.013778553737523,2,117.18719,ethiopia,draw_156
Female,1.0190375512924976,3,117.18719,ethiopia,draw_156
Male,1.0190883679631884,3,117.18719,ethiopia,draw_156
Female,1.0091000604581624,2,117.2973,ethiopia,draw_156
Male,1.013432582008117,2,117.2973,ethiopia,draw_156
Female,1.0187269974698372,3,117.2973,ethiopia,draw_156
Male,1.0187576463985846,3,117.2973,ethiopia,draw_156
Female,1.0088560483539855,2,117.40741,ethiopia,draw_156
Male,1.0130888073673514,2,117.40741,ethiopia,draw_156
Female,1.0184171110347509,3,117.40741,ethiopia,draw_156
Male,1.0184284085828836,3,117.40741,ethiopia,draw_156
Female,1.008612651469532,2,117.51752,ethiopia,draw_156
Male,1.0127455094461606,2,117.51752,ethiopia,draw_156
Female,1.0181078345513876,3,117.51752,ethiopia,draw_156
Male,1.018099617519185,3,117.51752,ethiopia,draw_156
Female,1.0083704281591745,2,117.62763,ethiopia,draw_156
Male,1.012403361343829,2,117.62763,ethiopia,draw_156
Female,1.0177996216102663,3,117.62763,ethiopia,draw_156
Male,1.0177716837078117,3,117.62763,ethiopia,draw_156
Female,1.0081288190263527,2,117.73774,ethiopia,draw_156
Male,1.0120628351189034,2,117.73774,ethiopia,draw_156
Female,1.017491971850416,3,117.73774,ethiopia,draw_156
Male,1.0174448562438,3,117.73774,ethiopia,draw_156
Female,1.0078877843845007,2,117.84785,ethiopia,draw_156
Male,1.0117232024865723,2,117.84785,ethiopia,draw_156
Female,1.01718488445304,3,117.84785,ethiopia,draw_156
Male,1.0171187110065072,3,117.84785,ethiopia,draw_156
Female,1.0076479429106695,2,117.95796,ethiopia,draw_156
Male,1.011384588745855,2,117.95796,ethiopia,draw_156
Female,1.0168788881666737,3,117.95796,ethiopia,draw_156
Male,1.0167933287127813,3,117.95796,ethiopia,draw_156
Female,1.0074083315239557,2,118.06807,ethiopia,draw_156
Male,1.011047114379421,2,118.06807,ethiopia,draw_156
Female,1.0165731956411372,3,118.06807,ethiopia,draw_156
Male,1.0164687879389336,3,118.06807,ethiopia,draw_156
Female,1.0071696394243086,2,118.17818,ethiopia,draw_156
Male,1.010710981260243,2,118.17818,ethiopia,draw_156
Female,1.016268452805887,3,118.17818,ethiopia,draw_156
Male,1.0161452276194507,3,118.17818,ethiopia,draw_156
Female,1.0069323493141207,2,118.28829,ethiopia,draw_156
Male,1.0103761808995113,2,118.28829,ethiopia,draw_156
Female,1.0159650478716162,3,118.28829,ethiopia,draw_156
Male,1.015822643375725,3,118.28829,ethiopia,draw_156
Female,1.0066949695230265,2,118.3984,ethiopia,draw_156
Male,1.0100419576974946,2,118.3984,ethiopia,draw_156
Female,1.0156617072170502,3,118.3984,ethiopia,draw_156
Male,1.0155006285675474,3,118.3984,ethiopia,draw_156
Female,1.0064592426147827,2,118.50851,ethiopia,draw_156
Male,1.0097101183371864,2,118.50851,ethiopia,draw_156
Female,1.0153600099912397,3,118.50851,ethiopia,draw_156
Male,1.0151803444267629,3,118.50851,ethiopia,draw_156
Female,1.0062242939205666,2,118.61862,ethiopia,draw_156
Male,1.0093793010784815,2,118.61862,ethiopia,draw_156
Female,1.0150592258767774,3,118.61862,ethiopia,draw_156
Male,1.0148610225139487,3,118.61862,ethiopia,draw_156
Female,1.0059907965742494,2,118.72873,ethiopia,draw_156
Male,1.009050356741856,2,118.72873,ethiopia,draw_156
Female,1.0147599564120413,3,118.72873,ethiopia,draw_156
Male,1.0145432302169133,3,118.72873,ethiopia,draw_156
Female,1.0057584696723991,2,118.83884,ethiopia,draw_156
Male,1.0087236548300287,2,118.83884,ethiopia,draw_156
Female,1.014461995661585,3,118.83884,ethiopia,draw_156
Male,1.0142272451804462,3,118.83884,ethiopia,draw_156
Female,1.0055272206327044,2,118.94895,ethiopia,draw_156
Male,1.0083983869965323,2,118.94895,ethiopia,draw_156
Female,1.0141653545817295,3,118.94895,ethiopia,draw_156
Male,1.013912693216946,3,118.94895,ethiopia,draw_156
Female,1.0052977452620093,2,119.05906,ethiopia,draw_156
Male,1.0080753563794074,2,119.05906,ethiopia,draw_156
Female,1.0138707306118286,3,119.05906,ethiopia,draw_156
Male,1.0136001166141797,3,119.05906,ethiopia,draw_156
Female,1.0050699215976728,2,119.16917,ethiopia,draw_156
Male,1.0077544854419618,2,119.16917,ethiopia,draw_156
Female,1.0135780346949748,3,119.16917,ethiopia,draw_156
Male,1.0132894961007228,3,119.16917,ethiopia,draw_156
Female,1.0048433412713438,2,119.27928,ethiopia,draw_156
Male,1.00743561613492,2,119.27928,ethiopia,draw_156
Female,1.0132869529828608,3,119.27928,ethiopia,draw_156
Male,1.0129808173048858,3,119.27928,ethiopia,draw_156
Female,1.004619070005698,2,119.38939,ethiopia,draw_156
Male,1.0071196389931654,2,119.38939,ethiopia,draw_156
Female,1.0129984837973733,3,119.38939,ethiopia,draw_156
Male,1.0126747216600194,3,119.38939,ethiopia,draw_156
Female,1.0043964085326105,2,119.4995,ethiopia,draw_156
Male,1.0068061723198214,2,119.4995,ethiopia,draw_156
Female,1.0127121110240567,3,119.4995,ethiopia,draw_156
Male,1.0123710809272377,3,119.4995,ethiopia,draw_156
Female,1.004176568805012,2,119.60961,ethiopia,draw_156
Male,1.0064960913195944,2,119.60961,ethiopia,draw_156
Female,1.012429081546792,3,119.60961,ethiopia,draw_156
Male,1.0120706388683884,3,119.60961,ethiopia,draw_156
Female,1.0039581752601998,2,119.71972,ethiopia,draw_156
Male,1.0061883840888406,2,119.71972,ethiopia,draw_156
Female,1.0121480802143992,3,119.71972,ethiopia,draw_156
Male,1.01177264663077,3,119.71972,ethiopia,draw_156
Female,1.0037425519710765,2,119.82983,ethiopia,draw_156
Male,1.0058847006657445,2,119.82983,ethiopia,draw_156
Female,1.0118702753947793,3,119.82983,ethiopia,draw_156
Male,1.0114781080501665,3,119.82983,ethiopia,draw_156
Female,1.003529501216193,2,119.93994,ethiopia,draw_156
Male,1.0055847595323957,2,119.93994,ethiopia,draw_156
Female,1.011595603403036,3,119.93994,ethiopia,draw_156
Male,1.0111869345679394,3,119.93994,ethiopia,draw_156
Female,1.0033190154459122,2,120.05005,ethiopia,draw_156
Male,1.0052888307793775,2,120.05005,ethiopia,draw_156
Female,1.0113241082173918,3,120.05005,ethiopia,draw_156
Male,1.0108994183378666,3,120.05005,ethiopia,draw_156
Female,1.0022211817955036,2,120.16016,ethiopia,draw_156
Male,1.003865100772469,2,120.16016,ethiopia,draw_156
Female,1.009943254425721,3,120.16016,ethiopia,draw_156
Male,1.0095560372864822,3,120.16016,ethiopia,draw_156
Female,1.0011462864534675,2,120.27027,ethiopia,draw_156
Male,1.0024715504732302,2,120.27027,ethiopia,draw_156
Female,1.0085875794582664,3,120.27027,ethiopia,draw_156
Male,1.0082377711267663,3,120.27027,ethiopia,draw_156
Female,1.0000939269102664,2,120.38038,ethiopia,draw_156
Male,1.0011083086280848,2,120.38038,ethiopia,draw_156
Female,1.0072566914400491,3,120.38038,ethiopia,draw_156
Male,1.0069446698564604,3,120.38038,ethiopia,draw_156
Female,0.9990664270272998,2,120.49049,ethiopia,draw_156
Male,0.9997773338716337,2,120.49049,ethiopia,draw_156
Female,1.0059532602187815,3,120.49049,ethiopia,draw_156
Male,1.005678481427607,3,120.49049,ethiopia,draw_156
Female,0.9980661462949545,2,120.6006,ethiopia,draw_156
Male,0.9984803300329367,2,120.6006,ethiopia,draw_156
Female,1.004679754590515,3,120.6006,ethiopia,draw_156
Male,1.0044406341840992,3,120.6006,ethiopia,draw_156
Female,0.9970920253207213,2,120.71071,ethiopia,draw_156
Male,0.997220202755017,2,120.71071,ethiopia,draw_156
Female,1.0034355662962642,3,120.71071,ethiopia,draw_156
Male,1.0032329697719247,3,120.71071,ethiopia,draw_156
Female,0.9961480990635029,2,120.82082,ethiopia,draw_156
Male,0.9960002217453208,2,120.82082,ethiopia,draw_156
Female,1.0022247559781272,3,120.82082,ethiopia,draw_156
Male,1.0020577262247465,3,120.82082,ethiopia,draw_156
Female,0.9952361240223903,2,120.93093,ethiopia,draw_156
Male,0.9948237516540326,2,120.93093,ethiopia,draw_156
Female,1.0010489879109292,3,120.93093,ethiopia,draw_156
Male,1.000917580775448,3,120.93093,ethiopia,draw_156
Female,0.9943585183980582,2,121.04104,ethiopia,draw_156
Male,0.9936922628144534,2,121.04104,ethiopia,draw_156
Female,0.9999110619276642,3,121.04104,ethiopia,draw_156
Male,0.999814117880243,3,121.04104,ethiopia,draw_156
Female,0.9935122137465221,2,121.15115,ethiopia,draw_156
Male,0.9926055483928304,2,121.15115,ethiopia,draw_156
Female,0.9988076188969033,3,121.15115,ethiopia,draw_156
Male,0.9987459799591868,3,121.15115,ethiopia,draw_156
Female,0.9926972034489185,2,121.26126,ethiopia,draw_156
Male,0.9915616002630094,2,121.26126,ethiopia,draw_156
Female,0.9977384322569782,3,121.26126,ethiopia,draw_156
Male,0.9977121619302776,3,121.26126,ethiopia,draw_156
Female,0.9919126634847212,2,121.37137,ethiopia,draw_156
Male,0.9905605046810261,2,121.37137,ethiopia,draw_156
Female,0.9967031421256248,3,121.37137,ethiopia,draw_156
Male,0.9967125603307083,3,121.37137,ethiopia,draw_156
Female,0.991159750825758,2,121.48148,ethiopia,draw_156
Male,0.9896022216060988,2,121.48148,ethiopia,draw_156
Female,0.9957026188941542,3,121.48148,ethiopia,draw_156
Male,0.9957471416120764,3,121.48148,ethiopia,draw_156
Female,0.990439636788399,2,121.59159,ethiopia,draw_156
Male,0.9886902811913901,2,121.59159,ethiopia,draw_156
Female,0.9947380588852979,3,121.59159,ethiopia,draw_156
Male,0.994818209396181,3,121.59159,ethiopia,draw_156
Female,0.9897519981380727,2,121.7017,ethiopia,draw_156
Male,0.9878224351622359,2,121.7017,ethiopia,draw_156
Female,0.9938102435548463,3,121.7017,ethiopia,draw_156
Male,0.9939257452802244,3,121.7017,ethiopia,draw_156
Female,0.9890944599318054,2,121.81181,ethiopia,draw_156
Male,0.9869962657664074,2,121.81181,ethiopia,draw_156
Female,0.9929162578648932,3,121.81181,ethiopia,draw_156
Male,0.9930672699163364,3,121.81181,ethiopia,draw_156
Female,0.9884663568933156,2,121.92192,ethiopia,draw_156
Male,0.9862110008421789,2,121.92192,ethiopia,draw_156
Female,0.9920553227204661,3,121.92192,ethiopia,draw_156
Male,0.9922419763752519,3,121.92192,ethiopia,draw_156
Female,0.9878681927375428,2,122.03203,ethiopia,draw_156
Male,0.9854663276062687,2,122.03203,ethiopia,draw_156
Female,0.991228061896478,3,122.03203,ethiopia,draw_156
Male,0.9914496591519398,3,122.03203,ethiopia,draw_156
Female,0.9872984766350443,2,122.14214,ethiopia,draw_156
Male,0.9847620495858554,2,122.14214,ethiopia,draw_156
Female,0.9904329777496041,3,122.14214,ethiopia,draw_156
Male,0.9906902603592846,3,122.14214,ethiopia,draw_156
Female,0.9867595707911357,2,122.25225,ethiopia,draw_156
Male,0.9841014620020365,2,122.25225,ethiopia,draw_156
Female,0.989672169566604,3,122.25225,ethiopia,draw_156
Male,0.9899657546991584,3,122.25225,ethiopia,draw_156
Female,0.9862516775671276,2,122.36236,ethiopia,draw_156
Male,0.9834837739968253,2,122.36236,ethiopia,draw_156
Female,0.9889466304490788,3,122.36236,ethiopia,draw_156
Male,0.9892761956039957,3,122.36236,ethiopia,draw_156
Female,0.9857738759491399,2,122.47247,ethiopia,draw_156
Male,0.9829075237086143,2,122.47247,ethiopia,draw_156
Female,0.988256166566591,3,122.47247,ethiopia,draw_156
Male,0.9886212747308942,3,122.47247,ethiopia,draw_156
Female,0.9853242817745472,2,122.58258,ethiopia,draw_156
Male,0.9823713224211632,2,122.58258,ethiopia,draw_156
Female,0.9875977582171609,3,122.58258,ethiopia,draw_156
Male,0.9879989766694283,3,122.58258,ethiopia,draw_156
Female,0.9849029154861972,2,122.69269,ethiopia,draw_156
Male,0.9818738779673001,2,122.69269,ethiopia,draw_156
Female,0.9869714719349464,3,122.69269,ethiopia,draw_156
Male,0.9874085005547754,3,122.69269,ethiopia,draw_156
Female,0.9845095163324133,2,122.8028,ethiopia,draw_156
Male,0.9814154859361539,2,122.8028,ethiopia,draw_156
Female,0.9863770689333965,3,122.8028,ethiopia,draw_156
Male,0.986850005488225,3,122.8028,ethiopia,draw_156
Female,0.984143902786582,2,122.91291,ethiopia,draw_156
Male,0.9809963549337316,2,122.91291,ethiopia,draw_156
Female,0.9858143794936708,3,122.91291,ethiopia,draw_156
Male,0.986323558915862,3,122.91291,ethiopia,draw_156
Female,0.9838096822343396,2,123.02302,ethiopia,draw_156
Male,0.9806214845706851,2,123.02302,ethiopia,draw_156
Female,0.9852867291728885,3,123.02302,ethiopia,draw_156
Male,0.985832237728869,3,123.02302,ethiopia,draw_156
Female,0.9835050772012566,2,123.13313,ethiopia,draw_156
Male,0.9802890229945563,2,123.13313,ethiopia,draw_156
Female,0.9847936181548909,3,123.13313,ethiopia,draw_156
Male,0.9853761569561521,3,123.13313,ethiopia,draw_156
Female,0.9832287645579048,2,123.24324,ethiopia,draw_156
Male,0.9799948079518795,2,123.24324,ethiopia,draw_156
Female,0.9843330225086931,3,123.24324,ethiopia,draw_156
Male,0.984951549442468,3,123.24324,ethiopia,draw_156
Female,0.9829797961740684,2,123.35335,ethiopia,draw_156
Male,0.9797408735644986,2,123.35335,ethiopia,draw_156
Female,0.9839037158106344,3,123.35335,ethiopia,draw_156
Male,0.9845593629934501,3,123.35335,ethiopia,draw_156
Female,0.982757979046503,2,123.46346,ethiopia,draw_156
Male,0.9795255417569094,2,123.46346,ethiopia,draw_156
Female,0.9835055261393623,3,123.46346,ethiopia,draw_156
Male,0.9841984395298101,3,123.46346,ethiopia,draw_156
Female,0.9825642470145789,2,123.57357,ethiopia,draw_156
Male,0.979349085216278,2,123.57357,ethiopia,draw_156
Female,0.9831391935683704,3,123.57357,ethiopia,draw_156
Male,0.983868924290565,3,123.57357,ethiopia,draw_156
Female,0.9823988724444255,2,123.68368,ethiopia,draw_156
Male,0.9792133117740623,2,123.68368,ethiopia,draw_156
Female,0.9828048737454252,3,123.68368,ethiopia,draw_156
Male,0.9835718485589104,3,123.68368,ethiopia,draw_156
Female,0.9822640484020116,2,123.79379,ethiopia,draw_156
Male,0.979121659153163,2,123.79379,ethiopia,draw_156
Female,0.9825049706710216,3,123.79379,ethiopia,draw_156
Male,0.9833098632523024,3,123.79379,ethiopia,draw_156
Female,0.982158729998394,2,123.9039,ethiopia,draw_156
Male,0.9790709586801817,2,123.9039,ethiopia,draw_156
Female,0.982238856036983,3,123.9039,ethiopia,draw_156
Male,0.9830812447527555,3,123.9039,ethiopia,draw_156
Female,0.9820806707653675,2,124.01401,ethiopia,draw_156
Male,0.979060274671394,2,124.01401,ethiopia,draw_156
Female,0.9820034754542792,3,124.01401,ethiopia,draw_156
Male,0.982884315435868,3,124.01401,ethiopia,draw_156
Female,0.9820301666632041,2,124.12412,ethiopia,draw_156
Male,0.9790888301395095,2,124.12412,ethiopia,draw_156
Female,0.9817991658810902,3,124.12412,ethiopia,draw_156
Male,0.9827184917905608,3,124.12412,ethiopia,draw_156
Female,0.9820075191016653,2,124.23423,ethiopia,draw_156
Male,0.9791569835993423,2,124.23423,ethiopia,draw_156
Female,0.981626045293828,3,124.23423,ethiopia,draw_156
Male,0.9825839326551513,3,124.23423,ethiopia,draw_156
Female,0.9820124142727712,2,124.34434,ethiopia,draw_156
Male,0.9792651661926998,2,124.34434,ethiopia,draw_156
Female,0.9814837960393638,3,124.34434,ethiopia,draw_156
Male,0.9824807027768878,3,124.34434,ethiopia,draw_156
Female,0.9820475220128481,2,124.45445,ethiopia,draw_156
Male,0.9794179228267967,2,124.45445,ethiopia,draw_156
Female,0.9813746636298238,3,124.45445,ethiopia,draw_156
Male,0.9824115074087854,3,124.45445,ethiopia,draw_156
Female,0.982114202958763,2,124.56456,ethiopia,draw_156
Male,0.9796145952285658,2,124.56456,ethiopia,draw_156
Female,0.9813010091807847,3,124.56456,ethiopia,draw_156
Male,0.9823773235339776,3,124.56456,ethiopia,draw_156
Female,0.9822090571859106,2,124.67467,ethiopia,draw_156
Male,0.9798520545288426,2,124.67467,ethiopia,draw_156
Female,0.9812587406673675,3,124.67467,ethiopia,draw_156
Male,0.982374863621276,3,124.67467,ethiopia,draw_156
Female,0.9823316571645074,2,124.78478,ethiopia,draw_156
Male,0.9801301231558025,2,124.78478,ethiopia,draw_156
Female,0.9812473443330081,3,124.78478,ethiopia,draw_156
Male,0.982403482510076,3,124.78478,ethiopia,draw_156
Female,0.9824823449715434,2,124.89489,ethiopia,draw_156
Male,0.9804495770797795,2,124.89489,ethiopia,draw_156
Female,0.9812668714302663,3,124.89489,ethiopia,draw_156
Male,0.982463589854983,3,124.89489,ethiopia,draw_156
Female,0.9826619327875633,2,125.00501,ethiopia,draw_156
Male,0.9808104581911425,2,125.00501,ethiopia,draw_156
Female,0.9813179082464754,3,125.00501,ethiopia,draw_156
Male,0.9825550486986364,3,125.00501,ethiopia,draw_156
Female,0.9828697859042435,2,125.11512,ethiopia,draw_156
Male,0.9812135261482308,2,125.11512,ethiopia,draw_156
Female,0.9813997659673511,3,125.11512,ethiopia,draw_156
Male,0.982678186309033,3,125.11512,ethiopia,draw_156
Female,0.9830067092826097,2,125.22523,ethiopia,draw_156
Male,0.9815036496315782,2,125.22523,ethiopia,draw_156
Female,0.9814236867972298,3,125.22523,ethiopia,draw_156
Male,0.9827397113731242,3,125.22523,ethiopia,draw_156
Female,0.9829212267593479,2,125.33534,ethiopia,draw_156
Male,0.9814453713329255,2,125.33534,ethiopia,draw_156
Female,0.9812536915406262,3,125.33534,ethiopia,draw_156
Male,0.982597761316255,3,125.33534,ethiopia,draw_156
Female,0.9828467335814203,2,125.44545,ethiopia,draw_156
Male,0.9814017147370753,2,125.44545,ethiopia,draw_156
Female,0.9810988969306124,3,125.44545,ethiopia,draw_156
Male,0.9824707946625191,3,125.44545,ethiopia,draw_156
Female,0.9827830175615441,2,125.55556,ethiopia,draw_156
Male,0.981373057530832,2,125.55556,ethiopia,draw_156
Female,0.9809590937175713,3,125.55556,ethiopia,draw_156
Male,0.9823589575790836,3,125.55556,ethiopia,draw_156
Female,0.9827304187266891,2,125.66567,ethiopia,draw_156
Male,0.9813587735270769,2,125.66567,ethiopia,draw_156
Female,0.9808346332213893,3,125.66567,ethiopia,draw_156
Male,0.982261958167603,3,125.66567,ethiopia,draw_156
Female,0.9826887818355091,2,125.77578,ethiopia,draw_156
Male,0.9813596691996072,2,125.77578,ethiopia,draw_156
Female,0.9807256724312438,3,125.77578,ethiopia,draw_156
Male,0.9821806223949737,3,125.77578,ethiopia,draw_156
Female,0.9826596718986484,2,125.88589,ethiopia,draw_156
Male,0.981376987926251,2,125.88589,ethiopia,draw_156
Female,0.9806342279968924,3,125.88589,ethiopia,draw_156
Male,0.9821163668238893,3,125.88589,ethiopia,draw_156
Female,0.9826472284148837,2,125.996,ethiopia,draw_156
Male,0.9814157420226929,2,125.996,ethiopia,draw_156
Female,0.9805666564157922,3,125.996,ethiopia,draw_156
Male,0.9820752512995272,3,125.996,ethiopia,draw_156
Female,0.9826495242417845,2,126.10611,ethiopia,draw_156
Male,0.9814740024644478,2,126.10611,ethiopia,draw_156
Female,0.9805203723567565,3,126.10611,ethiopia,draw_156
Male,0.9820551023312394,3,126.10611,ethiopia,draw_156
Female,0.9826667616966557,2,126.21622,ethiopia,draw_156
Male,0.9815514320567684,2,126.21622,ethiopia,draw_156
Female,0.9804954435457179,3,126.21622,ethiopia,draw_156
Male,0.9820555829746522,3,126.21622,ethiopia,draw_156
Female,0.9826981500153669,2,126.32633,ethiopia,draw_156
Male,0.981647674932566,2,126.32633,ethiopia,draw_156
Female,0.9804911809784185,3,126.32633,ethiopia,draw_156
Male,0.9820765027529402,3,126.32633,ethiopia,draw_156
Female,0.9827441748039845,2,126.43644,ethiopia,draw_156
Male,0.9817625398132986,2,126.43644,ethiopia,draw_156
Female,0.9805076386960664,3,126.43644,ethiopia,draw_156
Male,0.9821172824190224,3,126.43644,ethiopia,draw_156
Female,0.9828026016168657,2,126.54655,ethiopia,draw_156
Male,0.9818933891640292,2,126.54655,ethiopia,draw_156
Female,0.9805419336099821,3,126.54655,ethiopia,draw_156
Male,0.9821753022587724,3,126.54655,ethiopia,draw_156
Female,0.9828725640095605,2,126.65666,ethiopia,draw_156
Male,0.9820410201477761,2,126.65666,ethiopia,draw_156
Female,0.9805929608446444,3,126.65666,ethiopia,draw_156
Male,0.9822506740014801,3,126.65666,ethiopia,draw_156
Female,0.9829549563936703,2,126.76677,ethiopia,draw_156
Male,0.982203690602227,2,126.76677,ethiopia,draw_156
Female,0.9806614990367069,3,126.76677,ethiopia,draw_156
Male,0.9823423280473584,3,126.76677,ethiopia,draw_156
Female,0.9830471554650275,2,126.87688,ethiopia,draw_156
Male,0.9823803013881552,2,126.87688,ethiopia,draw_156
Female,0.9807443864756145,3,126.87688,ethiopia,draw_156
Male,0.9824486403073965,3,126.87688,ethiopia,draw_156
Female,0.9831502754886974,2,126.98699,ethiopia,draw_156
Male,0.9825702800165881,2,126.98699,ethiopia,draw_156
Female,0.980842590052113,3,126.98699,ethiopia,draw_156
Male,0.9825692598139261,3,126.98699,ethiopia,draw_156
Female,0.9832631733203538,2,127.0971,ethiopia,draw_156
Male,0.9827740507195991,2,127.0971,ethiopia,draw_156
Female,0.9809550665892148,3,127.0971,ethiopia,draw_156
Male,0.982704462128074,3,127.0971,ethiopia,draw_156
Female,0.983386599689609,2,127.20721,ethiopia,draw_156
Male,0.9829901302292591,2,127.20721,ethiopia,draw_156
Female,0.9810825153916275,3,127.20721,ethiopia,draw_156
Male,0.9828534027279779,3,127.20721,ethiopia,draw_156
Female,0.983519930566372,2,127.31732,ethiopia,draw_156
Male,0.9832205129060524,2,127.31732,ethiopia,draw_156
Female,0.9812244245900934,3,127.31732,ethiopia,draw_156
Male,0.9830172758026658,3,127.31732,ethiopia,draw_156
Female,0.9836642824445615,2,127.42743,ethiopia,draw_156
Male,0.9834643495693429,2,127.42743,ethiopia,draw_156
Female,0.9813826598260268,3,127.42743,ethiopia,draw_156
Male,0.9831965752920151,3,127.42743,ethiopia,draw_156
Female,0.9838181740268853,2,127.53754,ethiopia,draw_156
Male,0.9837204948073678,2,127.53754,ethiopia,draw_156
Female,0.9815546374667579,3,127.53754,ethiopia,draw_156
Male,0.9833891907470818,3,127.53754,ethiopia,draw_156
Female,0.9839816300982271,2,127.64765,ethiopia,draw_156
Male,0.9839881964591782,2,127.64765,ethiopia,draw_156
Female,0.9817405364771392,3,127.64765,ethiopia,draw_156
Male,0.9835949159310704,3,127.64765,ethiopia,draw_156
Female,0.9841549709409481,2,127.75776,ethiopia,draw_156
Male,0.98426915073884,2,127.75776,ethiopia,draw_156
Female,0.981940916912858,3,127.75776,ethiopia,draw_156
Male,0.9838150179889701,3,127.75776,ethiopia,draw_156
Female,0.9843382238201587,2,127.86787,ethiopia,draw_156
Male,0.9845625586175429,2,127.86787,ethiopia,draw_156
Female,0.9821559376610851,3,127.86787,ethiopia,draw_156
Male,0.9840491270214091,3,127.86787,ethiopia,draw_156
Female,0.984531757548372,2,127.97798,ethiopia,draw_156
Male,0.9848690669530086,2,127.97798,ethiopia,draw_156
Female,0.9823858306401656,3,127.97798,ethiopia,draw_156
Male,0.9842975979030846,3,127.97798,ethiopia,draw_156
Female,0.9847353894315609,2,128.08809,ethiopia,draw_156
Male,0.9851881457216574,2,128.08809,ethiopia,draw_156
Female,0.9826305603691114,3,128.08809,ethiopia,draw_156
Male,0.9845602982419961,3,128.08809,ethiopia,draw_156
Female,0.9849493580091373,2,128.1982,ethiopia,draw_156
Male,0.9855205792913768,2,128.1982,ethiopia,draw_156
Female,0.9828902502875658,3,128.1982,ethiopia,draw_156
Male,0.9848375972054927,3,128.1982,ethiopia,draw_156
Female,0.9851725206059482,2,128.30831,ethiopia,draw_156
Male,0.9858643873694459,2,128.30831,ethiopia,draw_156
Female,0.9831633203943472,3,128.30831,ethiopia,draw_156
Male,0.9851275881942113,3,128.30831,ethiopia,draw_156
Female,0.9854048253273929,2,128.41842,ethiopia,draw_156
Male,0.9862206855139308,2,128.41842,ethiopia,draw_156
Female,0.983449411003622,3,128.41842,ethiopia,draw_156
Male,0.9854305959719418,3,128.41842,ethiopia,draw_156
Female,0.9856451460731674,2,128.52853,ethiopia,draw_156
Male,0.9865868895124633,2,128.52853,ethiopia,draw_156
Female,0.9837471789111162,3,128.52853,ethiopia,draw_156
Male,0.9857447456811493,3,128.52853,ethiopia,draw_156
Female,0.985893709703228,2,128.63864,ethiopia,draw_156
Male,0.9869633390288487,2,128.63864,ethiopia,draw_156
Female,0.9840565358754366,3,128.63864,ethiopia,draw_156
Male,0.9860699591110801,3,128.63864,ethiopia,draw_156
Female,0.9861500685452704,2,128.74875,ethiopia,draw_156
Male,0.9873498077879674,2,128.74875,ethiopia,draw_156
Female,0.9843769678555082,3,128.74875,ethiopia,draw_156
Male,0.986405970602292,3,128.74875,ethiopia,draw_156
Female,0.9864158615273705,2,128.85886,ethiopia,draw_156
Male,0.9877483887449421,2,128.85886,ethiopia,draw_156
Female,0.9847106948655446,3,128.85886,ethiopia,draw_156
Male,0.9867548251844304,3,128.85886,ethiopia,draw_156
Female,0.9866889701396407,2,128.96897,ethiopia,draw_156
Male,0.9881568741681698,2,128.96897,ethiopia,draw_156
Female,0.9850549953022538,3,128.96897,ethiopia,draw_156
Male,0.9871142012983539,3,128.96897,ethiopia,draw_156
Female,0.9869693134566673,2,129.07908,ethiopia,draw_156
Male,0.9885743007973978,2,129.07908,ethiopia,draw_156
Female,0.9854097306837598,3,129.07908,ethiopia,draw_156
Male,0.9874835271493629,3,129.07908,ethiopia,draw_156
Female,0.9872574164402859,2,129.18919,ethiopia,draw_156
Male,0.9890021936169917,2,129.18919,ethiopia,draw_156
Female,0.9857754023483941,3,129.18919,ethiopia,draw_156
Male,0.9878637305185245,3,129.18919,ethiopia,draw_156
Female,0.9875531658217198,2,129.2993,ethiopia,draw_156
Male,0.9894391057114125,2,129.2993,ethiopia,draw_156
Female,0.9861519638829775,3,129.2993,ethiopia,draw_156
Male,0.988254024399147,3,129.2993,ethiopia,draw_156
Female,0.9878562421964535,2,129.40941,ethiopia,draw_156
Male,0.989885031173462,2,129.40941,ethiopia,draw_156
Female,0.9865391080203527,3,129.40941,ethiopia,draw_156
Male,0.9886544351203922,3,129.40941,ethiopia,draw_156
Female,0.9881675434273033,2,129.51952,ethiopia,draw_156
Male,0.9903414848567843,2,129.51952,ethiopia,draw_156
Female,0.9869381168885096,3,129.51952,ethiopia,draw_156
Male,0.9890664280443671,3,129.51952,ethiopia,draw_156
Female,0.9884874337874263,2,129.62963,ethiopia,draw_156
Male,0.9908096778154356,2,129.62963,ethiopia,draw_156
Female,0.9873492216095847,3,129.62963,ethiopia,draw_156
Male,0.98949065448972,3,129.62963,ethiopia,draw_156
Female,0.9888153660330659,2,129.73974,ethiopia,draw_156
Male,0.9912866382830002,2,129.73974,ethiopia,draw_156
Female,0.9877715188038939,3,129.73974,ethiopia,draw_156
Male,0.9899248951094737,3,129.73974,ethiopia,draw_156
Female,0.9891508503331232,2,129.84985,ethiopia,draw_156
Male,0.9917737040873286,2,129.84985,ethiopia,draw_156
Female,0.9882045579426699,3,129.84985,ethiopia,draw_156
Male,0.9903699318689485,3,129.84985,ethiopia,draw_156
Female,0.9894941922952164,2,129.95996,ethiopia,draw_156
Male,0.9922694526246003,2,129.95996,ethiopia,draw_156
Female,0.9886486451089667,3,129.95996,ethiopia,draw_156
Male,0.9908249501155093,3,129.95996,ethiopia,draw_156
Female,0.9898447638610266,2,130.07007,ethiopia,draw_156
Male,0.9927749823451976,2,130.07007,ethiopia,draw_156
Female,0.9891032292860623,3,130.07007,ethiopia,draw_156
Male,0.9912906159779062,3,130.07007,ethiopia,draw_156
Female,0.9902033217426879,2,130.18018,ethiopia,draw_156
Male,0.993291127886906,2,130.18018,ethiopia,draw_156
Female,0.9895690516786275,3,130.18018,ethiopia,draw_156
Male,0.9917675110842872,3,130.18018,ethiopia,draw_156
Female,0.9905713123597478,2,130.29029,ethiopia,draw_156
Male,0.9938176590537877,2,130.29029,ethiopia,draw_156
Female,0.990048321439288,3,130.29029,ethiopia,draw_156
Male,0.9922565191430536,3,130.29029,ethiopia,draw_156
Female,0.9909476437424276,2,130.4004,ethiopia,draw_156
Male,0.9943545807010189,2,130.4004,ethiopia,draw_156
Female,0.9905391012229734,3,130.4004,ethiopia,draw_156
Male,0.9927566403457964,3,130.4004,ethiopia,draw_156
Female,0.9913317838698291,2,130.51051,ethiopia,draw_156
Male,0.9949011497974231,2,130.51051,ethiopia,draw_156
Female,0.9910409933229599,3,130.51051,ethiopia,draw_156
Male,0.9932674515460169,3,130.51051,ethiopia,draw_156
Female,0.9917233156371165,2,130.62062,ethiopia,draw_156
Male,0.9954569856723914,2,130.62062,ethiopia,draw_156
Female,0.9915534827660688,3,130.62062,ethiopia,draw_156
Male,0.9937885399260622,3,130.62062,ethiopia,draw_156
Female,0.9921219499862195,2,130.73073,ethiopia,draw_156
Male,0.9960212074510528,2,130.73073,ethiopia,draw_156
Female,0.9920760292422752,3,130.73073,ethiopia,draw_156
Male,0.9943191070647309,3,130.73073,ethiopia,draw_156
Female,0.9925271927823041,2,130.84084,ethiopia,draw_156
Male,0.9965928413912706,2,130.84084,ethiopia,draw_156
Female,0.9926079962968094,3,130.84084,ethiopia,draw_156
Male,0.9948583176530407,3,130.84084,ethiopia,draw_156
Female,0.9929397946834853,2,130.95095,ethiopia,draw_156
Male,0.9971727768544241,2,130.95095,ethiopia,draw_156
Female,0.9931504524062734,3,130.95095,ethiopia,draw_156
Male,0.9954072878277367,3,130.95095,ethiopia,draw_156
Female,0.9933594269140227,2,131.06106,ethiopia,draw_156
Male,0.9977617504166895,2,131.06106,ethiopia,draw_156
Female,0.9937031110935364,3,131.06106,ethiopia,draw_156
Male,0.9959663274138949,3,131.06106,ethiopia,draw_156
Female,0.9937859048358105,2,131.17117,ethiopia,draw_156
Male,0.998357855444854,2,131.17117,ethiopia,draw_156
Female,0.994265442166129,3,131.17117,ethiopia,draw_156
Male,0.9965339274643699,3,131.17117,ethiopia,draw_156
Female,0.9942191720110808,2,131.28128,ethiopia,draw_156
Male,0.9989623892973334,2,131.28128,ethiopia,draw_156
Female,0.9948373182435961,3,131.28128,ethiopia,draw_156
Male,0.9971108424896634,3,131.28128,ethiopia,draw_156
Female,0.9946593957726655,2,131.39139,ethiopia,draw_156
Male,0.9995751007453777,2,131.39139,ethiopia,draw_156
Female,0.995418886910817,3,131.39139,ethiopia,draw_156
Male,0.9976969528611259,3,131.39139,ethiopia,draw_156
Female,0.9951063754217316,2,131.5015,ethiopia,draw_156
Male,1.0001952214020922,2,131.5015,ethiopia,draw_156
Female,0.9960099857354787,3,131.5015,ethiopia,draw_156
Male,0.9982918620389164,3,131.5015,ethiopia,draw_156
Female,0.9955602516985909,2,131.61161,ethiopia,draw_156
Male,1.000823485191894,2,131.61161,ethiopia,draw_156
Female,0.9966108079321765,3,131.61161,ethiopia,draw_156
Male,0.9988961047237722,3,131.61161,ethiopia,draw_156
Female,0.9960225881797501,2,131.72172,ethiopia,draw_156
Male,1.0014613780173536,2,131.72172,ethiopia,draw_156
Female,0.9972234272967317,3,131.72172,ethiopia,draw_156
Male,0.9995113793299547,3,131.72172,ethiopia,draw_156
Female,0.9964919849649376,2,131.83183,ethiopia,draw_156
Male,1.0021073026418474,2,131.83183,ethiopia,draw_156
Female,0.9978458883494264,3,131.83183,ethiopia,draw_156
Male,1.0001358758582837,3,131.83183,ethiopia,draw_156
Female,0.9969685150412351,2,131.94194,ethiopia,draw_156
Male,1.0027619900699127,2,131.94194,ethiopia,draw_156
Female,0.9984781938903653,3,131.94194,ethiopia,draw_156
Male,1.0007700658090397,3,131.94194,ethiopia,draw_156
Female,0.9974521343419551,2,132.05205,ethiopia,draw_156
Male,1.003423561601284,2,132.05205,ethiopia,draw_156
Female,0.9991205382831545,3,132.05205,ethiopia,draw_156
Male,1.001412862473282,3,132.05205,ethiopia,draw_156
Female,0.9979423260891493,2,132.16216,ethiopia,draw_156
Male,1.0040931886991666,2,132.16216,ethiopia,draw_156
Female,0.999772303644486,3,132.16216,ethiopia,draw_156
Male,1.0020648487996184,3,132.16216,ethiopia,draw_156
Female,0.9984393892424117,2,132.27227,ethiopia,draw_156
Male,1.0047706511020116,2,132.27227,ethiopia,draw_156
Female,1.0004335432807938,3,132.27227,ethiopia,draw_156
Male,1.002725652902267,3,132.27227,ethiopia,draw_156
Female,0.998943011421801,2,132.38238,ethiopia,draw_156
Male,1.005455415047133,2,132.38238,ethiopia,draw_156
Female,1.001103466155248,3,132.38238,ethiopia,draw_156
Male,1.0033946733028343,3,132.38238,ethiopia,draw_156
Female,0.9994524766893765,2,132.49249,ethiopia,draw_156
Male,1.006145845741245,2,132.49249,ethiopia,draw_156
Female,1.001781126655189,3,132.49249,ethiopia,draw_156
Male,1.0040704673616658,3,132.49249,ethiopia,draw_156
Female,0.9999666699803301,2,132.6026,ethiopia,draw_156
Male,1.0068426948466849,2,132.6026,ethiopia,draw_156
Female,1.0024652827096925,3,132.6026,ethiopia,draw_156
Male,1.0047529932089994,3,132.6026,ethiopia,draw_156
Female,1.0004860294244298,2,132.71271,ethiopia,draw_156
Male,1.0075444194130394,2,132.71271,ethiopia,draw_156
Female,1.0031562033158994,3,132.71271,ethiopia,draw_156
Male,1.0054414148326807,3,132.71271,ethiopia,draw_156
Female,1.001011031712599,2,132.82282,ethiopia,draw_156
Male,1.0082519294557664,2,132.82282,ethiopia,draw_156
Female,1.003854360627303,3,132.82282,ethiopia,draw_156
Male,1.00613626411742,3,132.82282,ethiopia,draw_156
Female,1.0015411389906406,2,132.93293,ethiopia,draw_156
Male,1.008965317003207,2,132.93293,ethiopia,draw_156
Female,1.0045592441913014,3,132.93293,ethiopia,draw_156
Male,1.006837617717853,3,132.93293,ethiopia,draw_156
Female,1.0020759900736247,2,133.04304,ethiopia,draw_156
Male,1.0096844174783626,2,133.04304,ethiopia,draw_156
Female,1.00527061403493,3,133.04304,ethiopia,draw_156
Male,1.0075454253936917,3,133.04304,ethiopia,draw_156
Female,1.002617663302553,2,133.15315,ethiopia,draw_156
Male,1.0104103876276698,2,133.15315,ethiopia,draw_156
Female,1.0059907309137277,3,133.15315,ethiopia,draw_156
Male,1.0082609316066173,3,133.15315,ethiopia,draw_156
Female,1.0031638490632324,2,133.26326,ethiopia,draw_156
Male,1.0111417165362742,2,133.26326,ethiopia,draw_156
Female,1.0067171449040042,3,133.26326,ethiopia,draw_156
Male,1.0089826936140982,3,133.26326,ethiopia,draw_156
Female,1.003716334802101,2,133.37337,ethiopia,draw_156
Male,1.01187798912155,2,133.37337,ethiopia,draw_156
Female,1.0074513644540553,3,133.37337,ethiopia,draw_156
Male,1.009710437716248,3,133.37337,ethiopia,draw_156
Female,1.0042737663030818,2,133.48348,ethiopia,draw_156
Male,1.0126212179967686,2,133.48348,ethiopia,draw_156
Female,1.0081922731072985,3,133.48348,ethiopia,draw_156
Male,1.01044534321768,3,133.48348,ethiopia,draw_156
Female,1.0048368091564444,2,133.59359,ethiopia,draw_156
Male,1.0133697891708824,2,133.59359,ethiopia,draw_156
Female,1.0089404475438644,3,133.59359,ethiopia,draw_156
Male,1.0111865456519715,3,133.59359,ethiopia,draw_156
Female,1.0054055486539486,2,133.7037,ethiopia,draw_156
Male,1.0141247409082212,2,133.7037,ethiopia,draw_156
Female,1.009695956086641,3,133.7037,ethiopia,draw_156
Male,1.011934679198249,3,133.7037,ethiopia,draw_156
Female,1.0059802037549956,2,133.81381,ethiopia,draw_156
Male,1.014887030498946,2,133.81381,ethiopia,draw_156
Female,1.0104594657567318,3,133.81381,ethiopia,draw_156
Male,1.012690735673623,3,133.81381,ethiopia,draw_156
Female,1.0065615217647066,2,133.92392,ethiopia,draw_156
Male,1.015655095929663,2,133.92392,ethiopia,draw_156
Female,1.0112312604040214,3,133.92392,ethiopia,draw_156
Male,1.0134535873670187,3,133.92392,ethiopia,draw_156
Female,1.0071484137331344,2,134.03403,ethiopia,draw_156
Male,1.0164295749644066,2,134.03403,ethiopia,draw_156
Female,1.0120102753145939,3,134.03403,ethiopia,draw_156
Male,1.0142234132570076,3,134.03403,ethiopia,draw_156
Female,1.007741000077058,2,134.14414,ethiopia,draw_156
Male,1.0172101842278025,2,134.14414,ethiopia,draw_156
Female,1.0127966144626417,3,134.14414,ethiopia,draw_156
Male,1.01500008914083,3,134.14414,ethiopia,draw_156
Female,1.0083393500272508,2,134.25425,ethiopia,draw_156
Male,1.0179969107920293,2,134.25425,ethiopia,draw_156
Female,1.0135905448673346,3,134.25425,ethiopia,draw_156
Male,1.0157836224046837,3,134.25425,ethiopia,draw_156
Female,1.0089436706108836,2,134.36436,ethiopia,draw_156
Male,1.0187900786850046,2,134.36436,ethiopia,draw_156
Female,1.0143921095452033,3,134.36436,ethiopia,draw_156
Male,1.016574246468948,3,134.36436,ethiopia,draw_156
Female,1.0095543327313126,2,134.47447,ethiopia,draw_156
Male,1.019589279010144,2,134.47447,ethiopia,draw_156
Female,1.0152015971790143,3,134.47447,ethiopia,draw_156
Male,1.017371855694989,3,134.47447,ethiopia,draw_156
Female,1.010172173331615,2,134.58458,ethiopia,draw_156
Male,1.020396599862181,2,134.58458,ethiopia,draw_156
Female,1.0160201140165148,3,134.58458,ethiopia,draw_156
Male,1.0181780393655353,3,134.58458,ethiopia,draw_156
Female,1.0107957239899694,2,134.69469,ethiopia,draw_156
Male,1.0212097728797986,2,134.69469,ethiopia,draw_156
Female,1.0168459048226306,3,134.69469,ethiopia,draw_156
Male,1.0189909717465235,3,134.69469,ethiopia,draw_156
Female,1.0114257279455343,2,134.8048,ethiopia,draw_156
Male,1.022029854334111,2,134.8048,ethiopia,draw_156
Female,1.017679604715269,3,134.8048,ethiopia,draw_156
Male,1.019811229076132,3,134.8048,ethiopia,draw_156
Female,1.012061892127348,2,134.91491,ethiopia,draw_156
Male,1.0228563475722376,2,134.91491,ethiopia,draw_156
Female,1.018520951803138,3,134.91491,ethiopia,draw_156
Male,1.0206386090482729,3,134.91491,ethiopia,draw_156
Female,1.0127042177594305,2,135.02503,ethiopia,draw_156
Male,1.0236899380891287,2,135.02503,ethiopia,draw_156
Female,1.019369998235211,3,135.02503,ethiopia,draw_156
Male,1.0214736227923162,3,135.02503,ethiopia,draw_156
Female,1.0131608744571277,2,135.13514,ethiopia,draw_156
Male,1.0243139433513972,2,135.13514,ethiopia,draw_156
Female,1.019954258063805,3,135.13514,ethiopia,draw_156
Male,1.0220645193907376,3,135.13514,ethiopia,draw_156
Female,1.0133866999608572,2,135.24525,ethiopia,draw_156
Male,1.0246766161143437,2,135.24525,ethiopia,draw_156
Female,1.020209870525419,3,135.24525,ethiopia,draw_156
Male,1.022351760599266,3,135.24525,ethiopia,draw_156
Female,1.0136127705042557,2,135.35536,ethiopia,draw_156
Male,1.025039706136951,2,135.35536,ethiopia,draw_156
Female,1.0204662207093462,3,135.35536,ethiopia,draw_156
Male,1.0226399099579333,3,135.35536,ethiopia,draw_156
Female,1.0138393520623439,2,135.46547,ethiopia,draw_156
Male,1.0254039855754176,2,135.46547,ethiopia,draw_156
Female,1.0207235165146675,3,135.46547,ethiopia,draw_156
Male,1.0229293896714986,3,135.46547,ethiopia,draw_156
Female,1.0140672949498106,2,135.57558,ethiopia,draw_156
Male,1.0257686285260095,2,135.57558,ethiopia,draw_156
Female,1.020982480705132,3,135.57558,ethiopia,draw_156
Male,1.0232197385441466,3,135.57558,ethiopia,draw_156
Female,1.014295063124002,2,135.68569,ethiopia,draw_156
Male,1.026133357814202,2,135.68569,ethiopia,draw_156
Female,1.021241783278046,3,135.68569,ethiopia,draw_156
Male,1.0235108082342976,3,135.68569,ethiopia,draw_156
Female,1.0145235057622892,2,135.7958,ethiopia,draw_156
Male,1.0264975953029234,2,135.7958,ethiopia,draw_156
Female,1.0215021828934492,3,135.7958,ethiopia,draw_156
Male,1.0238022616636413,3,135.7958,ethiopia,draw_156
Female,1.014752183678245,2,135.90591,ethiopia,draw_156
Male,1.0268625942490377,2,135.90591,ethiopia,draw_156
Female,1.0217633170724079,3,135.90591,ethiopia,draw_156
Male,1.0240948357541928,3,135.90591,ethiopia,draw_156
Female,1.0149807312166035,2,136.01602,ethiopia,draw_156
Male,1.0272267266376667,2,136.01602,ethiopia,draw_156
Female,1.022024923904195,3,136.01602,ethiopia,draw_156
Male,1.0243877157793853,3,136.01602,ethiopia,draw_156
Female,1.0152098130746348,2,136.12613,ethiopia,draw_156
Male,1.0275898892542419,2,136.12613,ethiopia,draw_156
Female,1.0222874709617356,3,136.12613,ethiopia,draw_156
Male,1.0246807162476654,3,136.12613,ethiopia,draw_156
Female,1.0154389897293479,2,136.23624,ethiopia,draw_156
Male,1.0279534011704294,2,136.23624,ethiopia,draw_156
Female,1.0225505857019153,3,136.23624,ethiopia,draw_156
Male,1.024974598964159,3,136.23624,ethiopia,draw_156
Female,1.0156682880347836,2,136.34635,ethiopia,draw_156
Male,1.0283160116926036,2,136.34635,ethiopia,draw_156
Female,1.0228143200847122,3,136.34635,ethiopia,draw_156
Male,1.0252686784967797,3,136.34635,ethiopia,draw_156
Female,1.0158981418358186,2,136.45646,ethiopia,draw_156
Male,1.0286785216763936,2,136.45646,ethiopia,draw_156
Female,1.023079040931167,3,136.45646,ethiopia,draw_156
Male,1.0255634116540526,3,136.45646,ethiopia,draw_156
Female,1.0161277285868988,2,136.56657,ethiopia,draw_156
Male,1.0290403438835676,2,136.56657,ethiopia,draw_156
Female,1.0233440574368968,3,136.56657,ethiopia,draw_156
Male,1.0258584732059624,3,136.56657,ethiopia,draw_156
Female,1.01635779763479,2,136.67668,ethiopia,draw_156
Male,1.0294021937310462,2,136.67668,ethiopia,draw_156
Female,1.0236100824866965,3,136.67668,ethiopia,draw_156
Male,1.026154380815661,3,136.67668,ethiopia,draw_156
Female,1.016588070976414,2,136.78679,ethiopia,draw_156
Male,1.0297632475303282,2,136.78679,ethiopia,draw_156
Female,1.0238768116489754,3,136.78679,ethiopia,draw_156
Male,1.026450610465098,3,136.78679,ethiopia,draw_156
Female,1.016818406940083,2,136.8969,ethiopia,draw_156
Male,1.0301237393109144,2,136.8969,ethiopia,draw_156
Female,1.0241440790903953,3,136.8969,ethiopia,draw_156
Male,1.026747255795712,3,136.8969,ethiopia,draw_156
Female,1.0170491528781864,2,137.00701,ethiopia,draw_156
Male,1.0304833245667966,2,137.00701,ethiopia,draw_156
Female,1.0244121971837343,3,137.00701,ethiopia,draw_156
Male,1.0270441117256057,3,137.00701,ethiopia,draw_156
Female,1.0172801377456548,2,137.11712,ethiopia,draw_156
Male,1.03084311565096,2,137.11712,ethiopia,draw_156
Female,1.0246809897727287,3,137.11712,ethiopia,draw_156
Male,1.027341779556368,3,137.11712,ethiopia,draw_156
Female,1.0175113346254023,2,137.22723,ethiopia,draw_156
Male,1.0312023236855599,2,137.22723,ethiopia,draw_156
Female,1.0249504682976083,3,137.22723,ethiopia,draw_156
Male,1.0276398328613758,3,137.22723,ethiopia,draw_156
Female,1.017742464236257,2,137.33734,ethiopia,draw_156
Male,1.0315609211678574,2,137.33734,ethiopia,draw_156
Female,1.0252204435771068,3,137.33734,ethiopia,draw_156
Male,1.0279383025866229,3,137.33734,ethiopia,draw_156
Female,1.0179741949876895,2,137.44745,ethiopia,draw_156
Male,1.0319192547965017,2,137.44745,ethiopia,draw_156
Female,1.0254915400360929,3,137.44745,ethiopia,draw_156
Male,1.028237455515064,3,137.44745,ethiopia,draw_156
Female,1.0182054774164178,2,137.55756,ethiopia,draw_156
Male,1.032277278785368,2,137.55756,ethiopia,draw_156
Female,1.0257627969687395,3,137.55756,ethiopia,draw_156
Male,1.0285371557310536,3,137.55756,ethiopia,draw_156
Female,1.0184374364362327,2,137.66767,ethiopia,draw_156
Male,1.0326350548819818,2,137.66767,ethiopia,draw_156
Female,1.0260351439198137,3,137.66767,ethiopia,draw_156
Male,1.0288374382337753,3,137.66767,ethiopia,draw_156
Female,1.0186693753995257,2,137.77778,ethiopia,draw_156
Male,1.0329913409722227,2,137.77778,ethiopia,draw_156
Female,1.0263080089620034,3,137.77778,ethiopia,draw_156
Male,1.0291376406795232,3,137.77778,ethiopia,draw_156
Female,1.0189014941261445,2,137.88789,ethiopia,draw_156
Male,1.033348150958134,2,137.88789,ethiopia,draw_156
Female,1.0265815668030938,3,137.88789,ethiopia,draw_156
Male,1.02943884676875,3,137.88789,ethiopia,draw_156
Female,1.0191339618168187,2,137.998,ethiopia,draw_156
Male,1.0337033807945852,2,137.998,ethiopia,draw_156
Female,1.0268559620144764,3,137.998,ethiopia,draw_156
Male,1.0297399025931984,3,137.998,ethiopia,draw_156
Female,1.0193667354687135,2,138.10811,ethiopia,draw_156
Male,1.0340592633795664,2,138.10811,ethiopia,draw_156
Female,1.0271312163282156,3,138.10811,ethiopia,draw_156
Male,1.0300421689067254,3,138.10811,ethiopia,draw_156
Female,1.0195994338866519,2,138.21822,ethiopia,draw_156
Male,1.0344143054516537,2,138.21822,ethiopia,draw_156
Female,1.0274069149905032,3,138.21822,ethiopia,draw_156
Male,1.0303447118306681,3,138.21822,ethiopia,draw_156
Female,1.0198324943689763,2,138.32833,ethiopia,draw_156
Male,1.0347685611587931,2,138.32833,ethiopia,draw_156
Female,1.0276834408080129,3,138.32833,ethiopia,draw_156
Male,1.0306475288383026,3,138.32833,ethiopia,draw_156
Female,1.0200658173918347,2,138.43844,ethiopia,draw_156
Male,1.0351220554910165,2,138.43844,ethiopia,draw_156
Female,1.0279607076801172,3,138.43844,ethiopia,draw_156
Male,1.0309506090068006,3,138.43844,ethiopia,draw_156
Female,1.0202990128843523,2,138.54855,ethiopia,draw_156
Male,1.0354753429628267,2,138.54855,ethiopia,draw_156
Female,1.0282383515144127,3,138.54855,ethiopia,draw_156
Male,1.0312542884109919,3,138.54855,ethiopia,draw_156
Female,1.020532496880293,2,138.65866,ethiopia,draw_156
Male,1.0358280811437914,2,138.65866,ethiopia,draw_156
Female,1.0285167502447428,3,138.65866,ethiopia,draw_156
Male,1.0315583811484257,3,138.65866,ethiopia,draw_156
Female,1.0207664013392599,2,138.76877,ethiopia,draw_156
Male,1.036180565290983,2,138.76877,ethiopia,draw_156
Female,1.0287960687263493,3,138.76877,ethiopia,draw_156
Male,1.031863096431733,3,138.76877,ethiopia,draw_156
Female,1.021000284115973,2,138.87888,ethiopia,draw_156
Male,1.0365321520886126,2,138.87888,ethiopia,draw_156
Female,1.0290759939736518,3,138.87888,ethiopia,draw_156
Male,1.0321681652346661,3,138.87888,ethiopia,draw_156
Female,1.021234448981087,2,138.98899,ethiopia,draw_156
Male,1.0368838169576835,2,138.98899,ethiopia,draw_156
Female,1.0293566971216783,3,138.98899,ethiopia,draw_156
Male,1.0324740272178434,3,138.98899,ethiopia,draw_156
Female,1.0214684869158535,2,139.0991,ethiopia,draw_156
Male,1.037233892899853,2,139.0991,ethiopia,draw_156
Female,1.0296378641714756,3,139.0991,ethiopia,draw_156
Male,1.0327797587289256,3,139.0991,ethiopia,draw_156
Female,1.0217027357854434,2,139.20921,ethiopia,draw_156
Male,1.0375843719994138,2,139.20921,ethiopia,draw_156
Female,1.0299197567977452,3,139.20921,ethiopia,draw_156
Male,1.0330864391871437,3,139.20921,ethiopia,draw_156
Female,1.0219375290635293,2,139.31932,ethiopia,draw_156
Male,1.0379333981074665,2,139.31932,ethiopia,draw_156
Female,1.0302026621317615,3,139.31932,ethiopia,draw_156
Male,1.0333930371017004,3,139.31932,ethiopia,draw_156
Female,1.0221716886211079,2,139.42943,ethiopia,draw_156
Male,1.0382823013376556,2,139.42943,ethiopia,draw_156
Female,1.0304855686566223,3,139.42943,ethiopia,draw_156
Male,1.033700307439698,3,139.42943,ethiopia,draw_156
Female,1.0224064569285918,2,139.53954,ethiopia,draw_156
Male,1.0386308349365354,2,139.53954,ethiopia,draw_156
Female,1.030769610161727,3,139.53954,ethiopia,draw_156
Male,1.0340082646846553,3,139.53954,ethiopia,draw_156
Female,1.0226415312144121,2,139.64965,ethiopia,draw_156
Male,1.0389784418290693,2,139.64965,ethiopia,draw_156
Female,1.0310544669623052,3,139.64965,ethiopia,draw_156
Male,1.0343164837288086,3,139.64965,ethiopia,draw_156
Female,1.022876804394292,2,139.75976,ethiopia,draw_156
Male,1.0393261938845426,2,139.75976,ethiopia,draw_156
Female,1.0313399972359645,3,139.75976,ethiopia,draw_156
Male,1.0346255133351392,3,139.75976,ethiopia,draw_156
Female,1.0231120821292303,2,139.86987,ethiopia,draw_156
Male,1.0396718304809807,2,139.86987,ethiopia,draw_156
Female,1.0316260379737292,3,139.86987,ethiopia,draw_156
Male,1.0349340960087523,3,139.86987,ethiopia,draw_156
Female,1.0233470869905192,2,139.97998,ethiopia,draw_156
Male,1.0400177114678206,2,139.97998,ethiopia,draw_156
Female,1.0319123878352068,3,139.97998,ethiopia,draw_156
Male,1.0352435287511257,3,139.97998,ethiopia,draw_156
Female,1.0235826718162775,2,140.09009,ethiopia,draw_156
Male,1.0403633703332542,2,140.09009,ethiopia,draw_156
Female,1.0321997502325169,3,140.09009,ethiopia,draw_156
Male,1.0355535691024162,3,140.09009,ethiopia,draw_156
Female,1.0238183557236296,2,140.2002,ethiopia,draw_156
Male,1.0407080670813749,2,140.2002,ethiopia,draw_156
Female,1.0324877646554163,3,140.2002,ethiopia,draw_156
Male,1.0358638647469385,3,140.2002,ethiopia,draw_156
Female,1.024053913772789,2,140.31031,ethiopia,draw_156
Male,1.0410524684300528,2,140.31031,ethiopia,draw_156
Female,1.0327762497961026,3,140.31031,ethiopia,draw_156
Male,1.0361748214624238,3,140.31031,ethiopia,draw_156
Female,1.0242899969507664,2,140.42042,ethiopia,draw_156
Male,1.0413957456618643,2,140.42042,ethiopia,draw_156
Female,1.0330657065544409,3,140.42042,ethiopia,draw_156
Male,1.0364859205780113,3,140.42042,ethiopia,draw_156
Female,1.0245259493364969,2,140.53053,ethiopia,draw_156
Male,1.0417384217863914,2,140.53053,ethiopia,draw_156
Female,1.0333555872660762,3,140.53053,ethiopia,draw_156
Male,1.036797448060097,3,140.53053,ethiopia,draw_156
Female,1.0247620913692148,2,140.64064,ethiopia,draw_156
Male,1.0420804108378456,2,140.64064,ethiopia,draw_156
Female,1.033646164433058,3,140.64064,ethiopia,draw_156
Male,1.0371093236014954,3,140.64064,ethiopia,draw_156
Female,1.0249980155590992,2,140.75075,ethiopia,draw_156
Male,1.0424219065115508,2,140.75075,ethiopia,draw_156
Female,1.0339371211710526,3,140.75075,ethiopia,draw_156
Male,1.037421661535675,3,140.75075,ethiopia,draw_156
Female,1.0252339862745163,2,140.86086,ethiopia,draw_156
Male,1.042762333552333,2,140.86086,ethiopia,draw_156
Female,1.0342286734924826,3,140.86086,ethiopia,draw_156
Male,1.0377341561889442,3,140.86086,ethiopia,draw_156
Female,1.0254703171270287,2,140.97097,ethiopia,draw_156
Male,1.0431031381832463,2,140.97097,ethiopia,draw_156
Female,1.0345211584592864,3,140.97097,ethiopia,draw_156
Male,1.0380477583284597,3,140.97097,ethiopia,draw_156
Female,1.0257069410975053,2,141.08108,ethiopia,draw_156
Male,1.043442746741564,2,141.08108,ethiopia,draw_156
Female,1.0348144078114883,3,141.08108,ethiopia,draw_156
Male,1.0383614752214918,3,141.08108,ethiopia,draw_156
Female,1.025943845854485,2,141.19119,ethiopia,draw_156
Male,1.0437817078373899,2,141.19119,ethiopia,draw_156
Female,1.0351083932195158,3,141.19119,ethiopia,draw_156
Male,1.0386755759359736,3,141.19119,ethiopia,draw_156
Female,1.0261801844511533,2,141.3013,ethiopia,draw_156
Male,1.044119915590382,2,141.3013,ethiopia,draw_156
Female,1.0354024476370576,3,141.3013,ethiopia,draw_156
Male,1.0389899843710442,3,141.3013,ethiopia,draw_156
Female,1.026417016415521,2,141.41141,ethiopia,draw_156
Male,1.0444565761718942,2,141.41141,ethiopia,draw_156
Female,1.035697408039911,3,141.41141,ethiopia,draw_156
Male,1.0393042787860471,3,141.41141,ethiopia,draw_156
Female,1.0266540884783437,2,141.52152,ethiopia,draw_156
Male,1.0447934713582754,2,141.52152,ethiopia,draw_156
Female,1.0359930871995042,3,141.52152,ethiopia,draw_156
Male,1.0396194216465784,3,141.52152,ethiopia,draw_156
Female,1.02689091853563,2,141.63163,ethiopia,draw_156
Male,1.045129543025288,2,141.63163,ethiopia,draw_156
Female,1.036289095877758,3,141.63163,ethiopia,draw_156
Male,1.0399348901015504,3,141.63163,ethiopia,draw_156
Female,1.0271282156617525,2,141.74174,ethiopia,draw_156
Male,1.045464624308097,2,141.74174,ethiopia,draw_156
Female,1.0365860479216922,3,141.74174,ethiopia,draw_156
Male,1.040250637854812,3,141.74174,ethiopia,draw_156
Female,1.02736552238437,2,141.85185,ethiopia,draw_156
Male,1.0457998042815688,2,141.85185,ethiopia,draw_156
Female,1.0368835185992147,3,141.85185,ethiopia,draw_156
Male,1.040567171855134,3,141.85185,ethiopia,draw_156
Female,1.0276025306694472,2,141.96196,ethiopia,draw_156
Male,1.0461333011035678,2,141.96196,ethiopia,draw_156
Female,1.0371812415113146,3,141.96196,ethiopia,draw_156
Male,1.0408835082687464,3,141.96196,ethiopia,draw_156
Female,1.0278403707223847,2,142.07207,ethiopia,draw_156
Male,1.0464656104652998,2,142.07207,ethiopia,draw_156
Female,1.0374801386716501,3,142.07207,ethiopia,draw_156
Male,1.0411999257029159,3,142.07207,ethiopia,draw_156
Female,1.0280776350143632,2,142.18218,ethiopia,draw_156
Male,1.0467977281066214,2,142.18218,ethiopia,draw_156
Female,1.0377790708799088,3,142.18218,ethiopia,draw_156
Male,1.0415169879849344,3,142.18218,ethiopia,draw_156
Female,1.028315313724667,2,142.29229,ethiopia,draw_156
Male,1.0471294920586216,2,142.29229,ethiopia,draw_156
Female,1.0380788224647786,3,142.29229,ethiopia,draw_156
Male,1.0418345955608213,3,142.29229,ethiopia,draw_156
Female,1.0285531991031513,2,142.4024,ethiopia,draw_156
Male,1.0474600198482173,2,142.4024,ethiopia,draw_156
Female,1.0383793294474326,3,142.4024,ethiopia,draw_156
Male,1.0421524013295893,3,142.4024,ethiopia,draw_156
Female,1.0287916857290604,2,142.51251,ethiopia,draw_156
Male,1.0477900778188358,2,142.51251,ethiopia,draw_156
Female,1.0386808480256402,3,142.51251,ethiopia,draw_156
Male,1.0424706961298946,3,142.51251,ethiopia,draw_156
Female,1.0290298881322317,2,142.62262,ethiopia,draw_156
Male,1.0481201413456704,2,142.62262,ethiopia,draw_156
Female,1.0389825890173747,3,142.62262,ethiopia,draw_156
Male,1.0427897324067459,3,142.62262,ethiopia,draw_156
Female,1.0292675483760032,2,142.73273,ethiopia,draw_156
Male,1.048448235464355,2,142.73273,ethiopia,draw_156
Female,1.0392843584080644,3,142.73273,ethiopia,draw_156
Male,1.0431084215128952,3,142.73273,ethiopia,draw_156
Female,1.0295059467793077,2,142.84284,ethiopia,draw_156
Male,1.0487755913270012,2,142.84284,ethiopia,draw_156
Female,1.039587199854673,3,142.84284,ethiopia,draw_156
Male,1.0434274192029482,3,142.84284,ethiopia,draw_156
Female,1.0297442644642973,2,142.95295,ethiopia,draw_156
Male,1.0491023059638365,2,142.95295,ethiopia,draw_156
Female,1.0398904464613659,3,142.95295,ethiopia,draw_156
Male,1.0437467718201583,3,142.95295,ethiopia,draw_156
Female,1.0299821005500982,2,143.06306,ethiopia,draw_156
Male,1.049428220673355,2,143.06306,ethiopia,draw_156
Female,1.040193873344907,3,143.06306,ethiopia,draw_156
Male,1.0440664571407618,3,143.06306,ethiopia,draw_156
Female,1.0302210452247067,2,143.17317,ethiopia,draw_156
Male,1.0497537186852655,2,143.17317,ethiopia,draw_156
Female,1.040498748558321,3,143.17317,ethiopia,draw_156
Male,1.044386705671547,3,143.17317,ethiopia,draw_156
Female,1.0304593930462236,2,143.28328,ethiopia,draw_156
Male,1.050078427753345,2,143.28328,ethiopia,draw_156
Female,1.040803616919405,3,143.28328,ethiopia,draw_156
Male,1.0447072268104904,3,143.28328,ethiopia,draw_156
Female,1.0306978567594196,2,143.39339,ethiopia,draw_156
Male,1.0504021244643647,2,143.39339,ethiopia,draw_156
Female,1.0411090168174393,3,143.39339,ethiopia,draw_156
Male,1.0450279239193259,3,143.39339,ethiopia,draw_156
Female,1.030936422107756,2,143.5035,ethiopia,draw_156
Male,1.0507247476543249,2,143.5035,ethiopia,draw_156
Female,1.0414149388249947,3,143.5035,ethiopia,draw_156
Male,1.045348736219273,3,143.5035,ethiopia,draw_156
Female,1.031174669468172,2,143.61361,ethiopia,draw_156
Male,1.0510465466890857,2,143.61361,ethiopia,draw_156
Female,1.041721068125527,3,143.61361,ethiopia,draw_156
Male,1.0456698065446135,3,143.61361,ethiopia,draw_156
Female,1.031413326788711,2,143.72372,ethiopia,draw_156
Male,1.0513675319728508,2,143.72372,ethiopia,draw_156
Female,1.0420280162504751,3,143.72372,ethiopia,draw_156
Male,1.0459911457699567,3,143.72372,ethiopia,draw_156
Female,1.031651958307822,2,143.83383,ethiopia,draw_156
Male,1.051687940055691,2,143.83383,ethiopia,draw_156
Female,1.0423355146344033,3,143.83383,ethiopia,draw_156
Male,1.0463130212653713,3,143.83383,ethiopia,draw_156
Female,1.0318910412468278,2,143.94394,ethiopia,draw_156
Male,1.0520074837019717,2,143.94394,ethiopia,draw_156
Female,1.0426438370969653,3,143.94394,ethiopia,draw_156
Male,1.0466351344735032,3,143.94394,ethiopia,draw_156
Female,1.032129981648141,2,144.05405,ethiopia,draw_156
Male,1.0523260961361807,2,144.05405,ethiopia,draw_156
Female,1.0429524823078227,3,144.05405,ethiopia,draw_156
Male,1.0469574400102877,3,144.05405,ethiopia,draw_156
Female,1.032368572816604,2,144.16416,ethiopia,draw_156
Male,1.0526435856514587,2,144.16416,ethiopia,draw_156
Female,1.0432612811083586,3,144.16416,ethiopia,draw_156
Male,1.0472798368513583,3,144.16416,ethiopia,draw_156
Female,1.032607431959019,2,144.27427,ethiopia,draw_156
Male,1.0529601414716228,2,144.27427,ethiopia,draw_156
Female,1.0435707615248377,3,144.27427,ethiopia,draw_156
Male,1.04760240489295,3,144.27427,ethiopia,draw_156
Female,1.0328463179608314,2,144.38438,ethiopia,draw_156
Male,1.0532758789707781,2,144.38438,ethiopia,draw_156
Female,1.0438807265029801,3,144.38438,ethiopia,draw_156
Male,1.0479252038747298,3,144.38438,ethiopia,draw_156
Female,1.0330856742370764,2,144.49449,ethiopia,draw_156
Male,1.0535908999016588,2,144.49449,ethiopia,draw_156
Female,1.044191545516289,3,144.49449,ethiopia,draw_156
Male,1.048248364175138,3,144.49449,ethiopia,draw_156
Female,1.0333247670370738,2,144.6046,ethiopia,draw_156
Male,1.0539052839620948,2,144.6046,ethiopia,draw_156
Female,1.0445025995867259,3,144.6046,ethiopia,draw_156
Male,1.0485719431809446,3,144.6046,ethiopia,draw_156
Female,1.0335641079317897,2,144.71471,ethiopia,draw_156
Male,1.0542187916259849,2,144.71471,ethiopia,draw_156
Female,1.0448142699065033,3,144.71471,ethiopia,draw_156
Male,1.04889571000916,3,144.71471,ethiopia,draw_156
Female,1.0338029333811802,2,144.82482,ethiopia,draw_156
Male,1.0545313307275859,2,144.82482,ethiopia,draw_156
Female,1.0451259610830481,3,144.82482,ethiopia,draw_156
Male,1.0492196083415555,3,144.82482,ethiopia,draw_156
Female,1.0340423298833956,2,144.93493,ethiopia,draw_156
Male,1.0548423788430374,2,144.93493,ethiopia,draw_156
Female,1.0454385141339348,3,144.93493,ethiopia,draw_156
Male,1.0495433646925743,3,144.93493,ethiopia,draw_156
Female,1.0342814020249658,2,145.04505,ethiopia,draw_156
Male,1.0551529263610668,2,145.04505,ethiopia,draw_156
Female,1.0457512447528312,3,145.04505,ethiopia,draw_156
Male,1.0498675268279267,3,145.04505,ethiopia,draw_156
Female,1.034520553297091,2,145.15516,ethiopia,draw_156
Male,1.0554623699383323,2,145.15516,ethiopia,draw_156
Female,1.0460644346540495,3,145.15516,ethiopia,draw_156
Male,1.050191749064156,3,145.15516,ethiopia,draw_156
Female,1.0347599147333468,2,145.26527,ethiopia,draw_156
Male,1.0557709462165359,2,145.26527,ethiopia,draw_156
Female,1.0463783193742653,3,145.26527,ethiopia,draw_156
Male,1.0505162747919337,3,145.26527,ethiopia,draw_156
Female,1.0349988755815007,2,145.37538,ethiopia,draw_156
Male,1.0560785768242167,2,145.37538,ethiopia,draw_156
Female,1.0466922555252525,3,145.37538,ethiopia,draw_156
Male,1.0508409359386788,3,145.37538,ethiopia,draw_156
Female,1.0352390074750515,2,145.48549,ethiopia,draw_156
Male,1.0563859986742345,2,145.48549,ethiopia,draw_156
Female,1.047007567732315,3,145.48549,ethiopia,draw_156
Male,1.0511661261519218,3,145.48549,ethiopia,draw_156
Female,1.0354777943593834,2,145.5956,ethiopia,draw_156
Male,1.0566915027550177,2,145.5956,ethiopia,draw_156
Female,1.0473222334017223,3,145.5956,ethiopia,draw_156
Male,1.0514909195381543,3,145.5956,ethiopia,draw_156
Female,1.0357170916853673,2,145.70571,ethiopia,draw_156
Male,1.0569965313983745,2,145.70571,ethiopia,draw_156
Female,1.047637708229369,3,145.70571,ethiopia,draw_156
Male,1.0518160858297287,3,145.70571,ethiopia,draw_156
Female,1.035956206773471,2,145.81582,ethiopia,draw_156
Male,1.0572998010799997,2,145.81582,ethiopia,draw_156
Female,1.0479534382337334,3,145.81582,ethiopia,draw_156
Male,1.0521409460749447,3,145.81582,ethiopia,draw_156
Female,1.0361955593025107,2,145.92593,ethiopia,draw_156
Male,1.0576024132296724,2,145.92593,ethiopia,draw_156
Female,1.0482698081108186,3,145.92593,ethiopia,draw_156
Male,1.0524661561406818,3,145.92593,ethiopia,draw_156
Female,1.0364351203620696,2,146.03604,ethiopia,draw_156
Male,1.057904328306806,2,146.03604,ethiopia,draw_156
Female,1.0485867545717409,3,146.03604,ethiopia,draw_156
Male,1.0527916823170278,3,146.03604,ethiopia,draw_156
Female,1.036674144547906,2,146.14615,ethiopia,draw_156
Male,1.0582052023208917,2,146.14615,ethiopia,draw_156
Female,1.0489036116265473,3,146.14615,ethiopia,draw_156
Male,1.0531172526107018,3,146.14615,ethiopia,draw_156
Female,1.0369139246401866,2,146.25626,ethiopia,draw_156
Male,1.0585050721758298,2,146.25626,ethiopia,draw_156
Female,1.0492214639007222,3,146.25626,ethiopia,draw_156
Male,1.053442904247399,3,146.25626,ethiopia,draw_156
Female,1.0371529908039172,2,146.36637,ethiopia,draw_156
Male,1.0588036056940162,2,146.36637,ethiopia,draw_156
Female,1.049539151345229,3,146.36637,ethiopia,draw_156
Male,1.0537684427201404,3,146.36637,ethiopia,draw_156
Female,1.0373918884469517,2,146.47648,ethiopia,draw_156
Male,1.059101179196531,2,146.47648,ethiopia,draw_156
Female,1.0498571061796056,3,146.47648,ethiopia,draw_156
Male,1.0540940643024086,3,146.47648,ethiopia,draw_156
Female,1.0376308175934401,2,146.58659,ethiopia,draw_156
Male,1.0593970468255787,2,146.58659,ethiopia,draw_156
Female,1.0501754647468653,3,146.58659,ethiopia,draw_156
Male,1.0544193704506573,3,146.58659,ethiopia,draw_156
Female,1.0378698395609776,2,146.6967,ethiopia,draw_156
Male,1.0596928925008011,2,146.6967,ethiopia,draw_156
Female,1.0504942939070976,3,146.6967,ethiopia,draw_156
Male,1.0547453471035637,3,146.6967,ethiopia,draw_156
Female,1.0381090208166242,2,146.80681,ethiopia,draw_156
Male,1.0599877547465768,2,146.80681,ethiopia,draw_156
Female,1.0508136420923622,3,146.80681,ethiopia,draw_156
Male,1.0550713884915177,3,146.80681,ethiopia,draw_156
Female,1.0383481054005814,2,146.91692,ethiopia,draw_156
Male,1.060281633454583,2,146.91692,ethiopia,draw_156
Female,1.051133278956063,3,146.91692,ethiopia,draw_156
Male,1.0553974722304607,3,146.91692,ethiopia,draw_156
Female,1.0385870574950407,2,147.02703,ethiopia,draw_156
Male,1.0605743959477818,2,147.02703,ethiopia,draw_156
Female,1.0514531656614898,3,147.02703,ethiopia,draw_156
Male,1.0557235230593696,3,147.02703,ethiopia,draw_156
Female,1.0388257518488573,2,147.13714,ethiopia,draw_156
Male,1.060865804146703,2,147.13714,ethiopia,draw_156
Female,1.051773207275485,3,147.13714,ethiopia,draw_156
Male,1.056049401193361,3,147.13714,ethiopia,draw_156
Female,1.0390645088417314,2,147.24725,ethiopia,draw_156
Male,1.0611562151280625,2,147.24725,ethiopia,draw_156
Female,1.0520936402296521,3,147.24725,ethiopia,draw_156
Male,1.0563753274640058,3,147.24725,ethiopia,draw_156
Female,1.0393032866227092,2,147.35736,ethiopia,draw_156
Male,1.0614457226163916,2,147.35736,ethiopia,draw_156
Female,1.0524145670533314,3,147.35736,ethiopia,draw_156
Male,1.0567014078683636,3,147.35736,ethiopia,draw_156
Female,1.039541942861101,2,147.46747,ethiopia,draw_156
Male,1.061734296172754,2,147.46747,ethiopia,draw_156
Female,1.052735810075266,3,147.46747,ethiopia,draw_156
Male,1.0570276035878972,3,147.46747,ethiopia,draw_156
Female,1.039780578085739,2,147.57758,ethiopia,draw_156
Male,1.062021822757638,2,147.57758,ethiopia,draw_156
Female,1.0530573537453962,3,147.57758,ethiopia,draw_156
Male,1.0573537924872203,3,147.57758,ethiopia,draw_156
Female,1.0400191183341716,2,147.68769,ethiopia,draw_156
Male,1.0623083343951287,2,147.68769,ethiopia,draw_156
Female,1.0533791203336613,3,147.68769,ethiopia,draw_156
Male,1.057679985753437,3,147.68769,ethiopia,draw_156
Female,1.0402578823993895,2,147.7978,ethiopia,draw_156
Male,1.0625935567588392,2,147.7978,ethiopia,draw_156
Female,1.053701373736716,3,147.7978,ethiopia,draw_156
Male,1.0580060312445914,3,147.7978,ethiopia,draw_156
Female,1.0404962725268878,2,147.90791,ethiopia,draw_156
Male,1.0628783549716823,2,147.90791,ethiopia,draw_156
Female,1.0540236012299407,3,147.90791,ethiopia,draw_156
Male,1.0583323823585347,3,147.90791,ethiopia,draw_156
Female,1.0407345480033825,2,148.01802,ethiopia,draw_156
Male,1.0631613132596058,2,148.01802,ethiopia,draw_156
Female,1.0543460739540742,3,148.01802,ethiopia,draw_156
Male,1.0586582786893681,3,148.01802,ethiopia,draw_156
Female,1.0409728708128665,2,148.12813,ethiopia,draw_156
Male,1.0634434100606611,2,148.12813,ethiopia,draw_156
Female,1.054668947763492,3,148.12813,ethiopia,draw_156
Male,1.058984333650346,3,148.12813,ethiopia,draw_156
Female,1.041210879084039,2,148.23824,ethiopia,draw_156
Male,1.0637245047063,2,148.23824,ethiopia,draw_156
Female,1.054991866828556,3,148.23824,ethiopia,draw_156
Male,1.0593103675702606,3,148.23824,ethiopia,draw_156
Female,1.0414486552914592,2,148.34835,ethiopia,draw_156
Male,1.0640045790020876,2,148.34835,ethiopia,draw_156
Female,1.0553149099772976,3,148.34835,ethiopia,draw_156
Male,1.059636366266698,3,148.34835,ethiopia,draw_156
Female,1.041686823509015,2,148.45846,ethiopia,draw_156
Male,1.064283557812737,2,148.45846,ethiopia,draw_156
Female,1.0556385460840845,3,148.45846,ethiopia,draw_156
Male,1.0599623062270271,3,148.45846,ethiopia,draw_156
Female,1.0419240346986531,2,148.56857,ethiopia,draw_156
Male,1.0645614429761867,2,148.56857,ethiopia,draw_156
Female,1.0559617112401618,3,148.56857,ethiopia,draw_156
Male,1.0602881773756854,3,148.56857,ethiopia,draw_156
Female,1.0421615859796276,2,148.67868,ethiopia,draw_156
Male,1.064837383280095,2,148.67868,ethiopia,draw_156
Female,1.056285460122247,3,148.67868,ethiopia,draw_156
Male,1.0606135041523828,3,148.67868,ethiopia,draw_156
Female,1.042398974293166,2,148.78879,ethiopia,draw_156
Male,1.0651129861693758,2,148.78879,ethiopia,draw_156
Female,1.0566093986838379,3,148.78879,ethiopia,draw_156
Male,1.0609392098616162,3,148.78879,ethiopia,draw_156
Female,1.0426362969639562,2,148.8989,ethiopia,draw_156
Male,1.065387486674876,2,148.8989,ethiopia,draw_156
Female,1.0569335643522053,3,148.8989,ethiopia,draw_156
Male,1.0612648581350517,3,148.8989,ethiopia,draw_156
Female,1.0428733430729427,2,149.00901,ethiopia,draw_156
Male,1.0656601065409013,2,149.00901,ethiopia,draw_156
Female,1.0572577639006162,3,149.00901,ethiopia,draw_156
Male,1.0615899628007954,3,149.00901,ethiopia,draw_156
Female,1.0431101088859303,2,149.11912,ethiopia,draw_156
Male,1.065932425879328,2,149.11912,ethiopia,draw_156
Female,1.0575819983432948,3,149.11912,ethiopia,draw_156
Male,1.0619153606832976,3,149.11912,ethiopia,draw_156
Female,1.0433471725793875,2,149.22923,ethiopia,draw_156
Male,1.066203428955362,2,149.22923,ethiopia,draw_156
Female,1.057906692028271,3,149.22923,ethiopia,draw_156
Male,1.062240517688052,3,149.22923,ethiopia,draw_156
Female,1.0435837088489008,2,149.33934,ethiopia,draw_156
Male,1.0664726785631005,2,149.33934,ethiopia,draw_156
Female,1.05823121788336,3,149.33934,ethiopia,draw_156
Male,1.0625651859870764,3,149.33934,ethiopia,draw_156
Female,1.0438202803164587,2,149.44945,ethiopia,draw_156
Male,1.0667415752724831,2,149.44945,ethiopia,draw_156
Female,1.0585560323321377,3,149.44945,ethiopia,draw_156
Male,1.0628901301408615,3,149.44945,ethiopia,draw_156
Female,1.0440563402805993,2,149.55956,ethiopia,draw_156
Male,1.0670082730675776,2,149.55956,ethiopia,draw_156
Female,1.0588807173636177,3,149.55956,ethiopia,draw_156
Male,1.0632143927320066,3,149.55956,ethiopia,draw_156
Female,1.0442922823205278,2,149.66967,ethiopia,draw_156
Male,1.067274319842963,2,149.66967,ethiopia,draw_156
Female,1.05920552387037,3,149.66967,ethiopia,draw_156
Male,1.063538748865434,3,149.66967,ethiopia,draw_156
Female,1.0445283618554408,2,149.77978,ethiopia,draw_156
Male,1.0675399279291844,2,149.77978,ethiopia,draw_156
Female,1.0595306624107654,3,149.77978,ethiopia,draw_156
Male,1.0638632952195184,3,149.77978,ethiopia,draw_156
Female,1.044764032265244,2,149.88989,ethiopia,draw_156
Male,1.067803059113406,2,149.88989,ethiopia,draw_156
Female,1.0598557096470211,3,149.88989,ethiopia,draw_156
Male,1.0641869171691856,3,149.88989,ethiopia,draw_156
Female,1.0449991303485593,2,150.0,ethiopia,draw_156
Male,1.0680654391508821,2,150.0,ethiopia,draw_156
Female,1.0601805289058959,3,150.0,ethiopia,draw_156
Male,1.0645105502617802,3,150.0,ethiopia,draw_156
Female,2.4406848461632094,2,40.0,nigeria,draw_156
Male,2.5179329370537817,2,40.0,nigeria,draw_156
Female,2.178484737814111,3,40.0,nigeria,draw_156
Male,2.1739352286911706,3,40.0,nigeria,draw_156
Female,2.4358005380336736,2,40.11011,nigeria,draw_156
Male,2.5130314223480763,2,40.11011,nigeria,draw_156
Female,2.1754129040271994,3,40.11011,nigeria,draw_156
Male,2.170875165132895,3,40.11011,nigeria,draw_156
Female,2.430932147773074,2,40.22022,nigeria,draw_156
Male,2.5081435713685365,2,40.22022,nigeria,draw_156
Female,2.1723482153041775,3,40.22022,nigeria,draw_156
Male,2.1678214386585672,3,40.22022,nigeria,draw_156
Female,2.42607828914292,2,40.33033,nigeria,draw_156
Male,2.5032693525394927,2,40.33033,nigeria,draw_156
Female,2.1692901414964125,3,40.33033,nigeria,draw_156
Male,2.1647737101888525,3,40.33033,nigeria,draw_156
Female,2.4212387210837116,2,40.44044,nigeria,draw_156
Male,2.4984104100179145,2,40.44044,nigeria,draw_156
Female,2.1662384761172726,3,40.44044,nigeria,draw_156
Male,2.1617326339466194,3,40.44044,nigeria,draw_156
Female,2.4164149000476787,2,40.55055,nigeria,draw_156
Male,2.4935650424797884,2,40.55055,nigeria,draw_156
Female,2.1631937062974966,3,40.55055,nigeria,draw_156
Male,2.1586974917265116,3,40.55055,nigeria,draw_156
Female,2.411605495899621,2,40.66066,nigeria,draw_156
Male,2.4887325265735503,2,40.66066,nigeria,draw_156
Female,2.160155268609092,3,40.66066,nigeria,draw_156
Male,2.1556680521715434,3,40.66066,nigeria,draw_156
Female,2.4068101180219177,2,40.77077,nigeria,draw_156
Male,2.483915095364849,2,40.77077,nigeria,draw_156
Female,2.157122876327103,3,40.77077,nigeria,draw_156
Male,2.1526455649415683,3,40.77077,nigeria,draw_156
Female,2.4020280764191413,2,40.88088,nigeria,draw_156
Male,2.4791120933108095,2,40.88088,nigeria,draw_156
Female,2.154096179388276,3,40.88088,nigeria,draw_156
Male,2.149629331274862,3,40.88088,nigeria,draw_156
Female,2.397261821910074,2,40.99099,nigeria,draw_156
Male,2.47432384328232,2,40.99099,nigeria,draw_156
Female,2.1510765254654918,3,40.99099,nigeria,draw_156
Male,2.1466197647815712,3,40.99099,nigeria,draw_156
Female,2.3925101761135426,2,41.1011,nigeria,draw_156
Male,2.4695502326415917,2,41.1011,nigeria,draw_156
Female,2.148063244687084,3,41.1011,nigeria,draw_156
Male,2.143616892304827,3,41.1011,nigeria,draw_156
Female,2.3877729578427638,2,41.21121,nigeria,draw_156
Male,2.4647887965668076,2,41.21121,nigeria,draw_156
Female,2.1450562629849808,3,41.21121,nigeria,draw_156
Male,2.1406197142897776,3,41.21121,nigeria,draw_156
Female,2.3830504330375213,2,41.32132,nigeria,draw_156
Male,2.460042968149849,2,41.32132,nigeria,draw_156
Female,2.142055572878255,3,41.32132,nigeria,draw_156
Male,2.137629495842573,3,41.32132,nigeria,draw_156
Female,2.3783421289027658,2,41.43143,nigeria,draw_156
Male,2.45530975855861,2,41.43143,nigeria,draw_156
Female,2.1390609384924257,3,41.43143,nigeria,draw_156
Male,2.134645074056132,3,41.43143,nigeria,draw_156
Female,2.373648883093462,2,41.54154,nigeria,draw_156
Male,2.450589919284981,2,41.54154,nigeria,draw_156
Female,2.136072872546847,3,41.54154,nigeria,draw_156
Male,2.1316669046460515,3,41.54154,nigeria,draw_156
Female,2.368969705763894,2,41.65165,nigeria,draw_156
Male,2.44588470350952,2,41.65165,nigeria,draw_156
Female,2.133090946087179,3,41.65165,nigeria,draw_156
Male,2.1286952899139213,3,41.65165,nigeria,draw_156
Female,2.364304629559313,2,41.76176,nigeria,draw_156
Male,2.4411931454384312,2,41.76176,nigeria,draw_156
Female,2.130115219850895,3,41.76176,nigeria,draw_156
Male,2.1257297603192633,3,41.76176,nigeria,draw_156
Female,2.3596531178022513,2,41.87187,nigeria,draw_156
Male,2.4365150913706892,2,41.87187,nigeria,draw_156
Female,2.1271454988557092,3,41.87187,nigeria,draw_156
Male,2.1227701287013843,3,41.87187,nigeria,draw_156
Female,2.3550159463431464,2,41.98198,nigeria,draw_156
Male,2.431850179020338,2,41.98198,nigeria,draw_156
Female,2.124182294308229,3,41.98198,nigeria,draw_156
Male,2.1198162384361647,3,41.98198,nigeria,draw_156
Female,2.3503936506864243,2,42.09209,nigeria,draw_156
Male,2.427197448315834,2,42.09209,nigeria,draw_156
Female,2.1212256599925547,3,42.09209,nigeria,draw_156
Male,2.1168680548425742,3,42.09209,nigeria,draw_156
Female,2.3457863234974106,2,42.2022,nigeria,draw_156
Male,2.422558029431651,2,42.2022,nigeria,draw_156
Female,2.118275679291507,3,42.2022,nigeria,draw_156
Male,2.113925986770285,3,42.2022,nigeria,draw_156
Female,2.3411930421472826,2,42.31231,nigeria,draw_156
Male,2.4179338001932984,2,42.31231,nigeria,draw_156
Female,2.115332023786217,3,42.31231,nigeria,draw_156
Male,2.1109907110532697,3,42.31231,nigeria,draw_156
Female,2.3366138832411134,2,42.42242,nigeria,draw_156
Male,2.4133216597343097,2,42.42242,nigeria,draw_156
Female,2.1123944590429495,3,42.42242,nigeria,draw_156
Male,2.1080607131226654,3,42.42242,nigeria,draw_156
Female,2.332049045288361,2,42.53253,nigeria,draw_156
Male,2.4087235249573564,2,42.53253,nigeria,draw_156
Female,2.109463347241409,3,42.53253,nigeria,draw_156
Male,2.1051371676849704,3,42.53253,nigeria,draw_156
Female,2.327497566703496,2,42.64264,nigeria,draw_156
Male,2.404139644496559,2,42.64264,nigeria,draw_156
Female,2.1065381230596927,3,42.64264,nigeria,draw_156
Male,2.1022201384188572,3,42.64264,nigeria,draw_156
Female,2.3229598354855976,2,42.75275,nigeria,draw_156
Male,2.399568569033585,2,42.75275,nigeria,draw_156
Female,2.103618964183638,3,42.75275,nigeria,draw_156
Male,2.099308981534732,3,42.75275,nigeria,draw_156
Female,2.318436233219151,2,42.86286,nigeria,draw_156
Male,2.395011902296829,2,42.86286,nigeria,draw_156
Female,2.100706197936096,3,42.86286,nigeria,draw_156
Male,2.096404287078017,3,42.86286,nigeria,draw_156
Female,2.313926263203733,2,42.97297,nigeria,draw_156
Male,2.390467531241678,2,42.97297,nigeria,draw_156
Female,2.0977996199353797,3,42.97297,nigeria,draw_156
Male,2.0935051059678003,3,42.97297,nigeria,draw_156
Female,2.309430252321191,2,43.08308,nigeria,draw_156
Male,2.3859364323803898,2,43.08308,nigeria,draw_156
Female,2.094899377531231,3,43.08308,nigeria,draw_156
Male,2.0906118266602025,3,43.08308,nigeria,draw_156
Female,2.304947997874136,2,43.19319,nigeria,draw_156
Male,2.381418458903818,2,43.19319,nigeria,draw_156
Female,2.092005143612287,3,43.19319,nigeria,draw_156
Male,2.0877243837197406,3,43.19319,nigeria,draw_156
Female,2.3004787063925973,2,43.3033,nigeria,draw_156
Male,2.3769125065647962,2,43.3033,nigeria,draw_156
Female,2.0891167149330374,3,43.3033,nigeria,draw_156
Male,2.084842440408043,3,43.3033,nigeria,draw_156
Female,2.296022277356156,2,43.41341,nigeria,draw_156
Male,2.3724188875577092,2,43.41341,nigeria,draw_156
Female,2.0862341067171055,3,43.41341,nigeria,draw_156
Male,2.0819662897680136,3,43.41341,nigeria,draw_156
Female,2.291579135007143,2,43.52352,nigeria,draw_156
Male,2.3679388080230623,2,43.52352,nigeria,draw_156
Female,2.0833573790941937,3,43.52352,nigeria,draw_156
Male,2.0790967687127115,3,43.52352,nigeria,draw_156
Female,2.2871490585889,2,43.63363,nigeria,draw_156
Male,2.3634700684887986,2,43.63363,nigeria,draw_156
Female,2.080486423181414,3,43.63363,nigeria,draw_156
Male,2.0762323607371833,3,43.63363,nigeria,draw_156
Female,2.2827322512967356,2,43.74374,nigeria,draw_156
Male,2.3590143454409462,2,43.74374,nigeria,draw_156
Female,2.077621423399161,3,43.74374,nigeria,draw_156
Male,2.073373942970516,3,43.74374,nigeria,draw_156
Female,2.27832865053636,2,43.85385,nigeria,draw_156
Male,2.354570869875165,2,43.85385,nigeria,draw_156
Female,2.0747623919937244,3,43.85385,nigeria,draw_156
Male,2.070520955502091,3,43.85385,nigeria,draw_156
Female,2.2739386087484257,2,43.96396,nigeria,draw_156
Male,2.350140943499261,2,43.96396,nigeria,draw_156
Female,2.0719096137185185,3,43.96396,nigeria,draw_156
Male,2.0676740479064484,3,43.96396,nigeria,draw_156
Female,2.2695609831332426,2,44.07407,nigeria,draw_156
Male,2.345723691538906,2,44.07407,nigeria,draw_156
Female,2.069062631076338,3,44.07407,nigeria,draw_156
Male,2.0648329734987496,3,44.07407,nigeria,draw_156
Female,2.265196323865175,2,44.18418,nigeria,draw_156
Male,2.341319042595215,2,44.18418,nigeria,draw_156
Female,2.0662214688926572,3,44.18418,nigeria,draw_156
Male,2.061997913305157,3,44.18418,nigeria,draw_156
Female,2.2608446800621804,2,44.29429,nigeria,draw_156
Male,2.336926801551516,2,44.29429,nigeria,draw_156
Female,2.0633862299632835,3,44.29429,nigeria,draw_156
Male,2.059168704662286,3,44.29429,nigeria,draw_156
Female,2.2565058970793976,2,44.4044,nigeria,draw_156
Male,2.3325466346725072,2,44.4044,nigeria,draw_156
Female,2.060556720444426,3,44.4044,nigeria,draw_156
Male,2.056345181717144,3,44.4044,nigeria,draw_156
Female,2.2521800121501774,2,44.51451,nigeria,draw_156
Male,2.328179975035096,2,44.51451,nigeria,draw_156
Female,2.057732990480781,3,44.51451,nigeria,draw_156
Male,2.0535279813981777,3,44.51451,nigeria,draw_156
Female,2.24786773111488,2,44.62462,nigeria,draw_156
Male,2.323825070843939,2,44.62462,nigeria,draw_156
Female,2.054915463477426,3,44.62462,nigeria,draw_156
Male,2.0507164201031056,3,44.62462,nigeria,draw_156
Female,2.2435685672636887,2,44.73473,nigeria,draw_156
Male,2.3194830182745174,2,44.73473,nigeria,draw_156
Female,2.052103964945715,3,44.73473,nigeria,draw_156
Male,2.0479108333455582,3,44.73473,nigeria,draw_156
Female,2.2392837796807674,2,44.84484,nigeria,draw_156
Male,2.315154611293869,2,44.84484,nigeria,draw_156
Female,2.0492989176544083,3,44.84484,nigeria,draw_156
Male,2.0451114127371315,3,44.84484,nigeria,draw_156
Female,2.2350109949933166,2,44.95495,nigeria,draw_156
Male,2.310837708041114,2,44.95495,nigeria,draw_156
Female,2.0464993208648856,3,44.95495,nigeria,draw_156
Male,2.042317263572978,3,44.95495,nigeria,draw_156
Female,2.2307504776410823,2,45.06507,nigeria,draw_156
Male,2.306532732396557,2,45.06507,nigeria,draw_156
Female,2.0437050521983666,3,45.06507,nigeria,draw_156
Male,2.0395284221654286,3,45.06507,nigeria,draw_156
Female,2.2265026746967633,2,45.17518,nigeria,draw_156
Male,2.302240149604644,2,45.17518,nigeria,draw_156
Female,2.0409164254159244,3,45.17518,nigeria,draw_156
Male,2.036745070015227,3,45.17518,nigeria,draw_156
Female,2.222268139531533,2,45.28529,nigeria,draw_156
Male,2.297960615914308,2,45.28529,nigeria,draw_156
Female,2.0381336808517183,3,45.28529,nigeria,draw_156
Male,2.033967605666954,3,45.28529,nigeria,draw_156
Female,2.2180467617502297,2,45.3954,nigeria,draw_156
Male,2.2936935032772148,2,45.3954,nigeria,draw_156
Female,2.035356706605263,3,45.3954,nigeria,draw_156
Male,2.031195946605944,3,45.3954,nigeria,draw_156
Female,2.2138384119137773,2,45.50551,nigeria,draw_156
Male,2.2894387651690327,2,45.50551,nigeria,draw_156
Female,2.032585660139181,3,45.50551,nigeria,draw_156
Male,2.028429762078429,3,45.50551,nigeria,draw_156
Female,2.2096432763046923,2,45.61562,nigeria,draw_156
Male,2.2851972235486966,2,45.61562,nigeria,draw_156
Female,2.0298203560927766,3,45.61562,nigeria,draw_156
Male,2.0256694492864766,3,45.61562,nigeria,draw_156
Female,2.2054600841926204,2,45.72573,nigeria,draw_156
Male,2.2809669469246985,2,45.72573,nigeria,draw_156
Female,2.0270603989359546,3,45.72573,nigeria,draw_156
Male,2.0229142470705255,3,45.72573,nigeria,draw_156
Female,2.20128919977502,2,45.83584,nigeria,draw_156
Male,2.276750068091824,2,45.83584,nigeria,draw_156
Female,2.024305982933306,3,45.83584,nigeria,draw_156
Male,2.0201652165498056,3,45.83584,nigeria,draw_156
Female,2.1971315139088157,2,45.94595,nigeria,draw_156
Male,2.2725445250056144,2,45.94595,nigeria,draw_156
Female,2.0215575689900875,3,45.94595,nigeria,draw_156
Male,2.017421641976663,3,45.94595,nigeria,draw_156
Female,2.1929865427346376,2,46.05606,nigeria,draw_156
Male,2.268349841164339,2,46.05606,nigeria,draw_156
Female,2.0188151855543994,3,46.05606,nigeria,draw_156
Male,2.0146829286350165,3,46.05606,nigeria,draw_156
Female,2.188853005792263,2,46.16617,nigeria,draw_156
Male,2.2641684657285954,2,46.16617,nigeria,draw_156
Female,2.0160778888030926,3,46.16617,nigeria,draw_156
Male,2.0119503935434597,3,46.16617,nigeria,draw_156
Female,2.184733423209901,2,46.27628,nigeria,draw_156
Male,2.2599986603527324,2,46.27628,nigeria,draw_156
Female,2.0133469513077507,3,46.27628,nigeria,draw_156
Male,2.009223126353764,3,46.27628,nigeria,draw_156
Female,2.1806266557381733,2,46.38639,nigeria,draw_156
Male,2.2558413483737976,2,46.38639,nigeria,draw_156
Female,2.0106217785627853,3,46.38639,nigeria,draw_156
Male,2.0065017584565608,3,46.38639,nigeria,draw_156
Female,2.17653195431743,2,46.4965,nigeria,draw_156
Male,2.251695689346328,2,46.4965,nigeria,draw_156
Female,2.0079019237485407,3,46.4965,nigeria,draw_156
Male,2.003785984131536,3,46.4965,nigeria,draw_156
Female,2.1724509869415507,2,46.60661,nigeria,draw_156
Male,2.2475627416773585,2,46.60661,nigeria,draw_156
Female,2.0051883701369335,3,46.60661,nigeria,draw_156
Male,2.0010761643200823,3,46.60661,nigeria,draw_156
Female,2.168380968534437,2,46.71672,nigeria,draw_156
Male,2.2434418325337684,2,46.71672,nigeria,draw_156
Female,2.0024796476520037,3,46.71672,nigeria,draw_156
Male,1.99837200686882,3,46.71672,nigeria,draw_156
Female,2.164323550715053,2,46.82683,nigeria,draw_156
Male,2.2393331810606036,2,46.82683,nigeria,draw_156
Female,1.999776540542004,3,46.82683,nigeria,draw_156
Male,1.995673582416339,3,46.82683,nigeria,draw_156
Female,2.160279666558083,2,46.93694,nigeria,draw_156
Male,2.235235927034038,2,46.93694,nigeria,draw_156
Female,1.9970798482899401,3,46.93694,nigeria,draw_156
Male,1.9929806572683508,3,46.93694,nigeria,draw_156
Female,2.1562478287940365,2,47.04705,nigeria,draw_156
Male,2.23115100479408,2,47.04705,nigeria,draw_156
Female,1.9943887110866712,3,47.04705,nigeria,draw_156
Male,1.9902937739369178,3,47.04705,nigeria,draw_156
Female,2.152228917478967,2,47.15716,nigeria,draw_156
Male,2.2270762455806032,2,47.15716,nigeria,draw_156
Female,1.9917034971696022,3,47.15716,nigeria,draw_156
Male,1.987611811999397,3,47.15716,nigeria,draw_156
Female,2.1482222680137557,2,47.26727,nigeria,draw_156
Male,2.2230142844875784,2,47.26727,nigeria,draw_156
Female,1.989024000445445,3,47.26727,nigeria,draw_156
Male,1.9849357490744783,3,47.26727,nigeria,draw_156
Female,2.144228447459273,2,47.37738,nigeria,draw_156
Male,2.2184728763886623,2,47.37738,nigeria,draw_156
Female,1.9863504541456827,3,47.37738,nigeria,draw_156
Male,1.9819328292011147,3,47.37738,nigeria,draw_156
Female,2.1402467701842176,2,47.48749,nigeria,draw_156
Male,2.2133978899799316,2,47.48749,nigeria,draw_156
Female,1.9836825381997656,3,47.48749,nigeria,draw_156
Male,1.9785660723923273,3,47.48749,nigeria,draw_156
Female,2.136277342629377,2,47.5976,nigeria,draw_156
Male,2.208340827670592,2,47.5976,nigeria,draw_156
Female,1.981020383299237,3,47.5976,nigeria,draw_156
Male,1.9752076094347804,3,47.5976,nigeria,draw_156
Female,2.132319248836636,2,47.70771,nigeria,draw_156
Male,2.203302964236281,2,47.70771,nigeria,draw_156
Female,1.9783633999323023,3,47.70771,nigeria,draw_156
Male,1.9718582921549233,3,47.70771,nigeria,draw_156
Female,2.128374408859067,2,47.81782,nigeria,draw_156
Male,2.1982831171218886,2,47.81782,nigeria,draw_156
Female,1.9757126818770614,3,47.81782,nigeria,draw_156
Male,1.9685174310390898,3,47.81782,nigeria,draw_156
Female,2.1244410158016684,2,47.92793,nigeria,draw_156
Male,2.193282125113729,2,47.92793,nigeria,draw_156
Female,1.9730672860923903,3,47.92793,nigeria,draw_156
Male,1.9651855020352946,3,47.92793,nigeria,draw_156
Female,2.1205199541136412,2,48.03804,nigeria,draw_156
Male,2.1883012525084156,2,48.03804,nigeria,draw_156
Female,1.9704275448744681,3,48.03804,nigeria,draw_156
Male,1.9618630841475637,3,48.03804,nigeria,draw_156
Female,2.1166108275645303,2,48.14815,nigeria,draw_156
Male,2.1833355122354474,2,48.14815,nigeria,draw_156
Female,1.9677933318411736,3,48.14815,nigeria,draw_156
Male,1.9585482152606148,3,48.14815,nigeria,draw_156
Female,2.1127145786611736,2,48.25826,nigeria,draw_156
Male,2.1783888301035144,2,48.25826,nigeria,draw_156
Female,1.9651651188990988,3,48.25826,nigeria,draw_156
Male,1.9552423905140437,3,48.25826,nigeria,draw_156
Female,2.108829195441775,2,48.36837,nigeria,draw_156
Male,2.1734601032389307,2,48.36837,nigeria,draw_156
Female,1.9625419817740617,3,48.36837,nigeria,draw_156
Male,1.951945039925805,3,48.36837,nigeria,draw_156
Female,2.104956362477867,2,48.47848,nigeria,draw_156
Male,2.1685494924143294,2,48.47848,nigeria,draw_156
Female,1.9599246928960514,3,48.47848,nigeria,draw_156
Male,1.9486562748291958,3,48.47848,nigeria,draw_156
Female,2.101095779317934,2,48.58859,nigeria,draw_156
Male,2.1636566349631767,2,48.58859,nigeria,draw_156
Female,1.9573129200500685,3,48.58859,nigeria,draw_156
Male,1.9453761075211553,3,48.58859,nigeria,draw_156
Female,2.0972466408932235,2,48.6987,nigeria,draw_156
Male,2.1587808057890134,2,48.6987,nigeria,draw_156
Female,1.9547063241967289,3,48.6987,nigeria,draw_156
Male,1.942103978100825,3,48.6987,nigeria,draw_156
Female,2.093410002883529,2,48.80881,nigeria,draw_156
Male,2.1539231015634406,2,48.80881,nigeria,draw_156
Female,1.9521055327630459,3,48.80881,nigeria,draw_156
Male,1.9388407338849472,3,48.80881,nigeria,draw_156
Female,2.088743893185751,2,48.91892,nigeria,draw_156
Male,2.1490849367649965,2,48.91892,nigeria,draw_156
Female,1.9489312044556517,3,48.91892,nigeria,draw_156
Male,1.935587041787449,3,48.91892,nigeria,draw_156
Female,2.0839166546595105,2,49.02903,nigeria,draw_156
Male,2.1442629301325415,2,49.02903,nigeria,draw_156
Female,1.9456420575089801,3,49.02903,nigeria,draw_156
Male,1.9323413650137589,3,49.02903,nigeria,draw_156
Female,2.079108169418903,2,49.13914,nigeria,draw_156
Male,2.139458272627774,2,49.13914,nigeria,draw_156
Female,1.942361787609863,3,49.13914,nigeria,draw_156
Male,1.9291040259586143,3,49.13914,nigeria,draw_156
Female,2.0743179580262496,2,49.24925,nigeria,draw_156
Male,2.134672271868679,2,49.24925,nigeria,draw_156
Female,1.9390900469887362,3,49.24925,nigeria,draw_156
Male,1.925875141683242,3,49.24925,nigeria,draw_156
Female,2.069546079224309,2,49.35936,nigeria,draw_156
Male,2.1299031723458595,2,49.35936,nigeria,draw_156
Female,1.935826867479588,3,49.35936,nigeria,draw_156
Male,1.9226543004276706,3,49.35936,nigeria,draw_156
Female,2.064792257793741,2,49.46947,nigeria,draw_156
Male,2.125152867536384,2,49.46947,nigeria,draw_156
Female,1.9325718747763432,3,49.46947,nigeria,draw_156
Male,1.9194422404839004,3,49.46947,nigeria,draw_156
Female,2.06005770217485,2,49.57958,nigeria,draw_156
Male,2.1204197762925827,2,49.57958,nigeria,draw_156
Female,1.9293259475358684,3,49.57958,nigeria,draw_156
Male,1.9162381201952194,3,49.57958,nigeria,draw_156
Female,2.055339979960712,2,49.68969,nigeria,draw_156
Male,2.11570391545775,2,49.68969,nigeria,draw_156
Female,1.9260876522681833,3,49.68969,nigeria,draw_156
Male,1.9130423354008086,3,49.68969,nigeria,draw_156
Female,2.0506407659645527,2,49.7998,nigeria,draw_156
Male,2.111006321678976,2,49.7998,nigeria,draw_156
Female,1.9228581762130148,3,49.7998,nigeria,draw_156
Male,1.9098551694767016,3,49.7998,nigeria,draw_156
Female,2.045958397718831,2,49.90991,nigeria,draw_156
Male,2.106325322050021,2,49.90991,nigeria,draw_156
Female,1.9196365333717444,3,49.90991,nigeria,draw_156
Male,1.9066759056344968,3,49.90991,nigeria,draw_156
Female,2.0412948746411517,2,50.02002,nigeria,draw_156
Male,2.1016610047930566,2,50.02002,nigeria,draw_156
Female,1.9164237068493395,3,50.02002,nigeria,draw_156
Male,1.9035046813194811,3,50.02002,nigeria,draw_156
Female,2.0366501698948567,2,50.13013,nigeria,draw_156
Male,2.0970135201378715,2,50.13013,nigeria,draw_156
Female,1.9132196137613595,3,50.13013,nigeria,draw_156
Male,1.9003413899988266,3,50.13013,nigeria,draw_156
Female,2.032022555794712,2,50.24024,nigeria,draw_156
Male,2.092382875555826,2,50.24024,nigeria,draw_156
Female,1.9100234536555063,3,50.24024,nigeria,draw_156
Male,1.8971861741911715,3,50.24024,nigeria,draw_156
Female,2.027413172734665,2,50.35035,nigeria,draw_156
Male,2.087769272567906,2,50.35035,nigeria,draw_156
Female,1.906835738692756,3,50.35035,nigeria,draw_156
Male,1.8940391934715828,3,50.35035,nigeria,draw_156
Female,2.0228211463641332,2,50.46046,nigeria,draw_156
Male,2.0831742646854856,2,50.46046,nigeria,draw_156
Female,1.9036560847676223,3,50.46046,nigeria,draw_156
Male,1.890900933812902,3,50.46046,nigeria,draw_156
Female,2.0182452274864513,2,50.57057,nigeria,draw_156
Male,2.0785942381463833,2,50.57057,nigeria,draw_156
Female,1.900483791589088,3,50.57057,nigeria,draw_156
Male,1.8877698451952825,3,50.57057,nigeria,draw_156
Female,2.013688791131719,2,50.68068,nigeria,draw_156
Male,2.074032090242365,2,50.68068,nigeria,draw_156
Female,1.8973207941964771,3,50.68068,nigeria,draw_156
Male,1.8846470969575804,3,50.68068,nigeria,draw_156
Female,2.009148806072683,2,50.79079,nigeria,draw_156
Male,2.0694856433813817,2,50.79079,nigeria,draw_156
Female,1.8941652694637199,3,50.79079,nigeria,draw_156
Male,1.8815320642037103,3,50.79079,nigeria,draw_156
Female,2.0046277877171206,2,50.9009,nigeria,draw_156
Male,2.06495543712208,2,50.9009,nigeria,draw_156
Female,1.8910186039376997,3,50.9009,nigeria,draw_156
Male,1.8784251282916422,3,50.9009,nigeria,draw_156
Female,2.00012383502663,2,51.01101,nigeria,draw_156
Male,2.060441791963006,2,51.01101,nigeria,draw_156
Female,1.887880232030399,3,51.01101,nigeria,draw_156
Male,1.8753261201425295,3,51.01101,nigeria,draw_156
Female,1.9956373679959913,2,51.12112,nigeria,draw_156
Male,2.055943135686015,2,51.12112,nigeria,draw_156
Female,1.8847503022601342,3,51.12112,nigeria,draw_156
Male,1.8722343968569366,3,51.12112,nigeria,draw_156
Female,1.9911678027050628,2,51.23123,nigeria,draw_156
Male,2.05146069453246,2,51.23123,nigeria,draw_156
Female,1.8816285489340001,3,51.23123,nigeria,draw_156
Male,1.8691506381397223,3,51.23123,nigeria,draw_156
Female,1.9867161937711377,2,51.34134,nigeria,draw_156
Male,2.0469941412781725,2,51.34134,nigeria,draw_156
Female,1.8785156040277449,3,51.34134,nigeria,draw_156
Male,1.8660746326938065,3,51.34134,nigeria,draw_156
Female,1.9822814994409288,2,51.45145,nigeria,draw_156
Male,2.0425434572057846,2,51.45145,nigeria,draw_156
Female,1.8754105269723662,3,51.45145,nigeria,draw_156
Male,1.863006089020758,3,51.45145,nigeria,draw_156
Female,1.9778647296806577,2,51.56156,nigeria,draw_156
Male,2.0381097681990212,2,51.56156,nigeria,draw_156
Female,1.8723140207831048,3,51.56156,nigeria,draw_156
Male,1.859945731292694,3,51.56156,nigeria,draw_156
Female,1.973465169147427,2,51.67167,nigeria,draw_156
Male,2.0336921289269307,2,51.67167,nigeria,draw_156
Female,1.869225506303915,3,51.67167,nigeria,draw_156
Male,1.8568932249019814,3,51.67167,nigeria,draw_156
Female,1.9690817151944198,2,51.78178,nigeria,draw_156
Male,2.0292899096206924,2,51.78178,nigeria,draw_156
Female,1.8661445172296725,3,51.78178,nigeria,draw_156
Male,1.8538484144792848,3,51.78178,nigeria,draw_156
Female,1.9647166831905412,2,51.89189,nigeria,draw_156
Male,2.024904570258175,2,51.89189,nigeria,draw_156
Female,1.8630724312977471,3,51.89189,nigeria,draw_156
Male,1.8508118025578137,3,51.89189,nigeria,draw_156
Female,1.960368829173111,2,52.002,nigeria,draw_156
Male,2.0205349059930846,2,52.002,nigeria,draw_156
Female,1.8600086560191325,3,52.002,nigeria,draw_156
Male,1.8477829509485044,3,52.002,nigeria,draw_156
Female,1.956038307423236,2,52.11211,nigeria,draw_156
Male,2.016181879619227,2,52.11211,nigeria,draw_156
Female,1.8569531735792437,3,52.11211,nigeria,draw_156
Male,1.8447623584944743,3,52.11211,nigeria,draw_156
Female,1.9517235594544953,2,52.22222,nigeria,draw_156
Male,2.011843102187814,2,52.22222,nigeria,draw_156
Female,1.85390498271193,3,52.22222,nigeria,draw_156
Male,1.841748833288167,3,52.22222,nigeria,draw_156
Female,1.9474250859706448,2,52.33233,nigeria,draw_156
Male,2.0075203181862586,2,52.33233,nigeria,draw_156
Female,1.8508645698423594,3,52.33233,nigeria,draw_156
Male,1.8387431730075656,3,52.33233,nigeria,draw_156
Female,1.9431434940841559,2,52.44244,nigeria,draw_156
Male,2.0032122758398674,2,52.44244,nigeria,draw_156
Female,1.847832352867954,3,52.44244,nigeria,draw_156
Male,1.835744771438066,3,52.44244,nigeria,draw_156
Female,1.9388777618562372,2,52.55255,nigeria,draw_156
Male,1.9989198499897551,2,52.55255,nigeria,draw_156
Female,1.844807791714,3,52.55255,nigeria,draw_156
Male,1.832754125744756,3,52.55255,nigeria,draw_156
Female,1.9346285481319125,2,52.66266,nigeria,draw_156
Male,1.9946453922642042,2,52.66266,nigeria,draw_156
Female,1.8417913040887106,3,52.66266,nigeria,draw_156
Male,1.8297724528538097,3,52.66266,nigeria,draw_156
Female,1.9303951950202674,2,52.77277,nigeria,draw_156
Male,1.9903853167274046,2,52.77277,nigeria,draw_156
Female,1.8387824959493422,3,52.77277,nigeria,draw_156
Male,1.8267978507609157,3,52.77277,nigeria,draw_156
Female,1.926178071966474,2,52.88288,nigeria,draw_156
Male,1.9861411435159877,2,52.88288,nigeria,draw_156
Female,1.8357813755033616,3,52.88288,nigeria,draw_156
Male,1.8238308735404183,3,52.88288,nigeria,draw_156
Female,1.9219776679769718,2,52.99299,nigeria,draw_156
Male,1.9819129320148186,2,52.99299,nigeria,draw_156
Female,1.832788095815933,3,52.99299,nigeria,draw_156
Male,1.820871491492396,3,52.99299,nigeria,draw_156
Female,1.9177927465026807,2,53.1031,nigeria,draw_156
Male,1.9777010412197586,2,53.1031,nigeria,draw_156
Female,1.8298022696737137,3,53.1031,nigeria,draw_156
Male,1.8179201598216983,3,53.1031,nigeria,draw_156
Female,1.9136247111934837,2,53.21321,nigeria,draw_156
Male,1.9735034943287408,2,53.21321,nigeria,draw_156
Female,1.8268247531928252,3,53.21321,nigeria,draw_156
Male,1.814976088468247,3,53.21321,nigeria,draw_156
Female,1.9094720252128055,2,53.32332,nigeria,draw_156
Male,1.9693205116227568,2,53.32332,nigeria,draw_156
Female,1.8238544538140824,3,53.32332,nigeria,draw_156
Male,1.812039409119562,3,53.32332,nigeria,draw_156
Female,1.9053350376441833,2,53.43343,nigeria,draw_156
Male,1.965153690443636,2,53.43343,nigeria,draw_156
Female,1.8208918140731838,3,53.43343,nigeria,draw_156
Male,1.8091106435796183,3,53.43343,nigeria,draw_156
Female,1.9012139275502984,2,53.54354,nigeria,draw_156
Male,1.9609999176739812,2,53.54354,nigeria,draw_156
Female,1.817936792964691,3,53.54354,nigeria,draw_156
Male,1.8061884950210818,3,53.54354,nigeria,draw_156
Female,1.897108340080885,2,53.65365,nigeria,draw_156
Male,1.9568613183329318,2,53.65365,nigeria,draw_156
Female,1.814989604570721,3,53.65365,nigeria,draw_156
Male,1.8032741869784616,3,53.65365,nigeria,draw_156
Female,1.8930185114916287,2,53.76376,nigeria,draw_156
Male,1.952737706007364,2,53.76376,nigeria,draw_156
Female,1.8120501903673847,3,53.76376,nigeria,draw_156
Male,1.8003674581786007,3,53.76376,nigeria,draw_156
Female,1.8889439845352058,2,53.87387,nigeria,draw_156
Male,1.9486287189397358,2,53.87387,nigeria,draw_156
Female,1.809118051641764,3,53.87387,nigeria,draw_156
Male,1.7974682871227758,3,53.87387,nigeria,draw_156
Female,1.8848848419197466,2,53.98398,nigeria,draw_156
Male,1.9445345730930041,2,53.98398,nigeria,draw_156
Female,1.806193259540738,3,53.98398,nigeria,draw_156
Male,1.7945766846419888,3,53.98398,nigeria,draw_156
Female,1.8808414554448591,2,54.09409,nigeria,draw_156
Male,1.9404551510342585,2,54.09409,nigeria,draw_156
Female,1.8032760960916923,3,54.09409,nigeria,draw_156
Male,1.7916922656733292,3,54.09409,nigeria,draw_156
Female,1.8768142065593876,2,54.2042,nigeria,draw_156
Male,1.936390255489679,2,54.2042,nigeria,draw_156
Female,1.800366735945867,3,54.2042,nigeria,draw_156
Male,1.7888150858000151,3,54.2042,nigeria,draw_156
Female,1.8728029198902674,2,54.31431,nigeria,draw_156
Male,1.9323409129019782,2,54.31431,nigeria,draw_156
Female,1.7974650394085145,3,54.31431,nigeria,draw_156
Male,1.7859458033644369,3,54.31431,nigeria,draw_156
Female,1.8688068736805041,2,54.42442,nigeria,draw_156
Male,1.9283047513000193,2,54.42442,nigeria,draw_156
Female,1.7945705485421672,3,54.42442,nigeria,draw_156
Male,1.7830834637063193,3,54.42442,nigeria,draw_156
Female,1.8648265153548607,2,54.53453,nigeria,draw_156
Male,1.924282539792344,2,54.53453,nigeria,draw_156
Female,1.791683947079792,3,54.53453,nigeria,draw_156
Male,1.7802283927873574,3,54.53453,nigeria,draw_156
Female,1.8608619064424643,2,54.64464,nigeria,draw_156
Male,1.9202750124860593,2,54.64464,nigeria,draw_156
Female,1.7888050690202524,3,54.64464,nigeria,draw_156
Male,1.7773807834281883,3,54.64464,nigeria,draw_156
Female,1.85691192623081,2,54.75475,nigeria,draw_156
Male,1.9162808954437616,2,54.75475,nigeria,draw_156
Female,1.7859334067476649,3,54.75475,nigeria,draw_156
Male,1.7745398579478868,3,54.75475,nigeria,draw_156
Female,1.85297793652081,2,54.86486,nigeria,draw_156
Male,1.9123021330568124,2,54.86486,nigeria,draw_156
Female,1.7830697508888977,3,54.86486,nigeria,draw_156
Male,1.7717063801274346,3,54.86486,nigeria,draw_156
Female,1.8490586585439197,2,54.97497,nigeria,draw_156
Male,1.9083374573831258,2,54.97497,nigeria,draw_156
Female,1.7802132455780673,3,54.97497,nigeria,draw_156
Male,1.768879706499967,3,54.97497,nigeria,draw_156
Female,1.8451532937924557,2,55.08509,nigeria,draw_156
Male,1.9043883000958555,2,55.08509,nigeria,draw_156
Female,1.7773634747408709,3,55.08509,nigeria,draw_156
Male,1.7660605015550743,3,55.08509,nigeria,draw_156
Female,1.8412621912602671,2,55.1952,nigeria,draw_156
Male,1.9004522944127853,2,55.1952,nigeria,draw_156
Female,1.7745209214047781,3,55.1952,nigeria,draw_156
Male,1.7632481160724605,3,55.1952,nigeria,draw_156
Female,1.8373860879054673,2,55.30531,nigeria,draw_156
Male,1.89652893282239,2,55.30531,nigeria,draw_156
Female,1.7716857726855202,3,55.30531,nigeria,draw_156
Male,1.760441992479459,3,55.30531,nigeria,draw_156
Female,1.8335250950353394,2,55.41542,nigeria,draw_156
Male,1.8926221243388783,2,55.41542,nigeria,draw_156
Female,1.768858041608219,3,55.41542,nigeria,draw_156
Male,1.757644166401908,3,55.41542,nigeria,draw_156
Female,1.8296792798337773,2,55.52553,nigeria,draw_156
Male,1.888728552579967,2,55.52553,nigeria,draw_156
Female,1.7660376730789142,3,55.52553,nigeria,draw_156
Male,1.7548531224481756,3,55.52553,nigeria,draw_156
Female,1.8258483371814918,2,55.63564,nigeria,draw_156
Male,1.884849296147344,2,55.63564,nigeria,draw_156
Female,1.7632246538008305,3,55.63564,nigeria,draw_156
Male,1.7520694722568115,3,55.63564,nigeria,draw_156
Female,1.8220323291346312,2,55.74575,nigeria,draw_156
Male,1.8809836457574944,2,55.74575,nigeria,draw_156
Female,1.7604190473776244,3,55.74575,nigeria,draw_156
Male,1.749292549077462,3,55.74575,nigeria,draw_156
Female,1.818230415230917,2,55.85586,nigeria,draw_156
Male,1.8771331670846478,2,55.85586,nigeria,draw_156
Female,1.757620231897372,3,55.85586,nigeria,draw_156
Male,1.7465230977387787,3,55.85586,nigeria,draw_156
Female,1.8144434438856498,2,55.96597,nigeria,draw_156
Male,1.873296354398767,2,55.96597,nigeria,draw_156
Female,1.7548288596903483,3,55.96597,nigeria,draw_156
Male,1.7437603765756802,3,55.96597,nigeria,draw_156
Female,1.8106699979043053,2,56.07608,nigeria,draw_156
Male,1.8694728949125996,2,56.07608,nigeria,draw_156
Female,1.752044338444781,3,56.07608,nigeria,draw_156
Male,1.7410046030348882,3,56.07608,nigeria,draw_156
Female,1.806909743948679,2,56.18619,nigeria,draw_156
Male,1.865662610809581,2,56.18619,nigeria,draw_156
Female,1.7492664247353098,3,56.18619,nigeria,draw_156
Male,1.7382557734025776,3,56.18619,nigeria,draw_156
Female,1.803163761912943,2,56.2963,nigeria,draw_156
Male,1.8618655155614807,2,56.2963,nigeria,draw_156
Female,1.7464952889285679,3,56.2963,nigeria,draw_156
Male,1.7355138773832042,3,56.2963,nigeria,draw_156
Female,1.7994327740059666,2,56.40641,nigeria,draw_156
Male,1.8580822205612983,2,56.40641,nigeria,draw_156
Female,1.7437314082763116,3,56.40641,nigeria,draw_156
Male,1.7327792086072586,3,56.40641,nigeria,draw_156
Female,1.795716203753658,2,56.51652,nigeria,draw_156
Male,1.8543124545277387,2,56.51652,nigeria,draw_156
Female,1.7409745815275763,3,56.51652,nigeria,draw_156
Male,1.730051416601301,3,56.51652,nigeria,draw_156
Female,1.7920137218364627,2,56.62663,nigeria,draw_156
Male,1.8505563974734136,2,56.62663,nigeria,draw_156
Female,1.7382246340615424,3,56.62663,nigeria,draw_156
Male,1.727330538853718,3,56.62663,nigeria,draw_156
Female,1.7883265063949072,2,56.73674,nigeria,draw_156
Male,1.8468146048224383,2,56.73674,nigeria,draw_156
Female,1.7354820489393077,3,56.73674,nigeria,draw_156
Male,1.7246169717392736,3,56.73674,nigeria,draw_156
Female,1.7846527192162178,2,56.84685,nigeria,draw_156
Male,1.843087786496454,2,56.84685,nigeria,draw_156
Female,1.7327462872355388,3,56.84685,nigeria,draw_156
Male,1.7219110825119304,3,56.84685,nigeria,draw_156
Female,1.7809922922449226,2,56.95696,nigeria,draw_156
Male,1.839374842583988,2,56.95696,nigeria,draw_156
Female,1.730017168595147,3,56.95696,nigeria,draw_156
Male,1.7192122865087585,3,56.95696,nigeria,draw_156
Female,1.7773459457478402,2,57.06707,nigeria,draw_156
Male,1.8356752630301711,2,57.06707,nigeria,draw_156
Female,1.7272950740876383,3,57.06707,nigeria,draw_156
Male,1.716520400848029,3,57.06707,nigeria,draw_156
Female,1.773713574818735,2,57.17718,nigeria,draw_156
Male,1.83198955548758,2,57.17718,nigeria,draw_156
Female,1.7245800044313446,3,57.17718,nigeria,draw_156
Male,1.713835772385534,3,57.17718,nigeria,draw_156
Female,1.7700962085415093,2,57.28729,nigeria,draw_156
Male,1.828317282812647,2,57.28729,nigeria,draw_156
Female,1.7218726560318671,3,57.28729,nigeria,draw_156
Male,1.7111581152729622,3,57.28729,nigeria,draw_156
Female,1.7664920922871807,2,57.3974,nigeria,draw_156
Male,1.8246573903335914,2,57.3974,nigeria,draw_156
Female,1.7191716207181704,3,57.3974,nigeria,draw_156
Male,1.7084867259414238,3,57.3974,nigeria,draw_156
Female,1.7629018868617952,2,57.50751,nigeria,draw_156
Male,1.8210113669387156,2,57.50751,nigeria,draw_156
Female,1.716477654691725,3,57.50751,nigeria,draw_156
Male,1.705822549335036,3,57.50751,nigeria,draw_156
Female,1.759325286000164,2,57.61762,nigeria,draw_156
Male,1.8173779200657376,2,57.61762,nigeria,draw_156
Female,1.7137902442695874,3,57.61762,nigeria,draw_156
Male,1.7031648945253783,3,57.61762,nigeria,draw_156
Female,1.7557621826841272,2,57.72773,nigeria,draw_156
Male,1.8137574223970134,2,57.72773,nigeria,draw_156
Female,1.7111093659006154,3,57.72773,nigeria,draw_156
Male,1.7005137994087287,3,57.72773,nigeria,draw_156
Female,1.7522127586943879,2,57.83784,nigeria,draw_156
Male,1.8101503628518614,2,57.83784,nigeria,draw_156
Female,1.708435062261226,3,57.83784,nigeria,draw_156
Male,1.6978696716727162,3,57.83784,nigeria,draw_156
Female,1.7486772333101572,2,57.94795,nigeria,draw_156
Male,1.806556627471222,2,57.94795,nigeria,draw_156
Female,1.7057676576984682,3,57.94795,nigeria,draw_156
Male,1.6952323080604432,3,57.94795,nigeria,draw_156
Female,1.7451567609955816,2,58.05806,nigeria,draw_156
Male,1.8029756893636446,2,58.05806,nigeria,draw_156
Female,1.7031078479697763,3,58.05806,nigeria,draw_156
Male,1.6926013712778951,3,58.05806,nigeria,draw_156
Female,1.7416489827592088,2,58.16817,nigeria,draw_156
Male,1.799408333812877,2,58.16817,nigeria,draw_156
Female,1.7004544270817679,3,58.16817,nigeria,draw_156
Male,1.689977444761033,3,58.16817,nigeria,draw_156
Female,1.738155810020653,2,58.27828,nigeria,draw_156
Male,1.7958535607602026,2,58.27828,nigeria,draw_156
Female,1.6978084835576774,3,58.27828,nigeria,draw_156
Male,1.6873602006176924,3,58.27828,nigeria,draw_156
Female,1.734674922457356,2,58.38839,nigeria,draw_156
Male,1.792311923264164,2,58.38839,nigeria,draw_156
Female,1.6951687544634402,3,58.38839,nigeria,draw_156
Male,1.684749798554234,3,58.38839,nigeria,draw_156
Female,1.7312074840829483,2,58.4985,nigeria,draw_156
Male,1.7887820001926993,2,58.4985,nigeria,draw_156
Female,1.6925358909049482,3,58.4985,nigeria,draw_156
Male,1.6821455531855591,3,58.4985,nigeria,draw_156
Female,1.7277533836569283,2,58.60861,nigeria,draw_156
Male,1.7852663428183198,2,58.60861,nigeria,draw_156
Female,1.6899098242540043,3,58.60861,nigeria,draw_156
Male,1.679548657263415,3,58.60861,nigeria,draw_156
Female,1.7243134312538835,2,58.71872,nigeria,draw_156
Male,1.7817621155489178,2,58.71872,nigeria,draw_156
Female,1.6872911346181516,3,58.71872,nigeria,draw_156
Male,1.676957897018913,3,58.71872,nigeria,draw_156
Female,1.720885070266026,2,58.82883,nigeria,draw_156
Male,1.778270693570953,2,58.82883,nigeria,draw_156
Female,1.6846782025895615,3,58.82883,nigeria,draw_156
Male,1.6743739289462611,3,58.82883,nigeria,draw_156
Female,1.717470227900323,2,58.93894,nigeria,draw_156
Male,1.7747915484053556,2,58.93894,nigeria,draw_156
Female,1.682072132502524,3,58.93894,nigeria,draw_156
Male,1.6717963994410308,3,58.93894,nigeria,draw_156
Female,1.71406843463761,2,59.04905,nigeria,draw_156
Male,1.771324869879199,2,59.04905,nigeria,draw_156
Female,1.6794724255097413,3,59.04905,nigeria,draw_156
Male,1.6692251069391764,3,59.04905,nigeria,draw_156
Female,1.710679780709549,2,59.15916,nigeria,draw_156
Male,1.7678716719888983,2,59.15916,nigeria,draw_156
Female,1.676879311119866,3,59.15916,nigeria,draw_156
Male,1.6666606860406004,3,59.15916,nigeria,draw_156
Female,1.7073052252124024,2,59.26927,nigeria,draw_156
Male,1.7644292412014373,2,59.26927,nigeria,draw_156
Female,1.674293370455377,3,59.26927,nigeria,draw_156
Male,1.6641020689828896,3,59.26927,nigeria,draw_156
Female,1.7039431470373343,2,59.37938,nigeria,draw_156
Male,1.760998630038621,2,59.37938,nigeria,draw_156
Female,1.6717136896139253,3,59.37938,nigeria,draw_156
Male,1.6615497435634,3,59.37938,nigeria,draw_156
Female,1.7005944062416978,2,59.48949,nigeria,draw_156
Male,1.7575822523246334,2,59.48949,nigeria,draw_156
Female,1.6691408011145992,3,59.48949,nigeria,draw_156
Male,1.6590048404858198,3,59.48949,nigeria,draw_156
Female,1.6972590414700892,2,59.5996,nigeria,draw_156
Male,1.7541769084898136,2,59.5996,nigeria,draw_156
Female,1.6665747681408933,3,59.5996,nigeria,draw_156
Male,1.6564657245146022,3,59.5996,nigeria,draw_156
Female,1.693936199521961,2,59.70971,nigeria,draw_156
Male,1.7507835931044429,2,59.70971,nigeria,draw_156
Female,1.6640149726149738,3,59.70971,nigeria,draw_156
Male,1.6539329107141778,3,59.70971,nigeria,draw_156
Female,1.690627121270153,2,59.81982,nigeria,draw_156
Male,1.747403495962441,2,59.81982,nigeria,draw_156
Female,1.661462195675578,3,59.81982,nigeria,draw_156
Male,1.6514070659844258,3,59.81982,nigeria,draw_156
Female,1.6873301346588594,2,59.92993,nigeria,draw_156
Male,1.7440343983862587,2,59.92993,nigeria,draw_156
Female,1.658915729798055,3,59.92993,nigeria,draw_156
Male,1.648886863174341,3,59.92993,nigeria,draw_156
Female,1.6840463092695948,2,60.04004,nigeria,draw_156
Male,1.7406779231239642,2,60.04004,nigeria,draw_156
Female,1.6563760686867421,3,60.04004,nigeria,draw_156
Male,1.6463731269170885,3,60.04004,nigeria,draw_156
Female,1.6807736502447557,2,60.15015,nigeria,draw_156
Male,1.737332750300113,2,60.15015,nigeria,draw_156
Female,1.6538423020556796,3,60.15015,nigeria,draw_156
Male,1.643865587614791,3,60.15015,nigeria,draw_156
Female,1.6775151149122556,2,60.26026,nigeria,draw_156
Male,1.7339989951051493,2,60.26026,nigeria,draw_156
Female,1.6513160925377923,3,60.26026,nigeria,draw_156
Male,1.6413641149655445,3,60.26026,nigeria,draw_156
Female,1.674269681189322,2,60.37037,nigeria,draw_156
Male,1.7306768260567533,2,60.37037,nigeria,draw_156
Female,1.6487963493336282,3,60.37037,nigeria,draw_156
Male,1.6388689699275754,3,60.37037,nigeria,draw_156
Female,1.671038224300738,2,60.48048,nigeria,draw_156
Male,1.7273679072050308,2,60.48048,nigeria,draw_156
Female,1.6462837090020828,3,60.48048,nigeria,draw_156
Male,1.636380783461674,3,60.48048,nigeria,draw_156
Female,1.6678198141720886,2,60.59059,nigeria,draw_156
Male,1.724070204683453,2,60.59059,nigeria,draw_156
Female,1.6437776874435164,3,60.59059,nigeria,draw_156
Male,1.6338985519425622,3,60.59059,nigeria,draw_156
Female,1.6646143699545637,2,60.7007,nigeria,draw_156
Male,1.7207846246301801,2,60.7007,nigeria,draw_156
Female,1.6412781140030095,3,60.7007,nigeria,draw_156
Male,1.6314227761382896,3,60.7007,nigeria,draw_156
Female,1.6614203783569628,2,60.81081,nigeria,draw_156
Male,1.7175099381413628,2,60.81081,nigeria,draw_156
Female,1.6387845050758172,3,60.81081,nigeria,draw_156
Male,1.6289527880601309,3,60.81081,nigeria,draw_156
Female,1.6582375963470233,2,60.92092,nigeria,draw_156
Male,1.714247794493156,2,60.92092,nigeria,draw_156
Female,1.636296866605571,3,60.92092,nigeria,draw_156
Male,1.626489348503637,3,60.92092,nigeria,draw_156
Female,1.65506784197488,2,61.03103,nigeria,draw_156
Male,1.7109977413620792,2,61.03103,nigeria,draw_156
Female,1.6338159011220494,3,61.03103,nigeria,draw_156
Male,1.624032172685459,3,61.03103,nigeria,draw_156
Female,1.6519098743398748,2,61.14114,nigeria,draw_156
Male,1.7077588023395358,2,61.14114,nigeria,draw_156
Female,1.6313410680510503,3,61.14114,nigeria,draw_156
Male,1.6215811286493316,3,61.14114,nigeria,draw_156
Female,1.6487634982714074,2,61.25125,nigeria,draw_156
Male,1.7045313821183505,2,61.25125,nigeria,draw_156
Female,1.6288719573615662,3,61.25125,nigeria,draw_156
Male,1.6191362463558776,3,61.25125,nigeria,draw_156
Female,1.6456297731545428,2,61.36136,nigeria,draw_156
Male,1.7013158439669087,2,61.36136,nigeria,draw_156
Female,1.626409376559396,3,61.36136,nigeria,draw_156
Male,1.6166979286948724,3,61.36136,nigeria,draw_156
Female,1.6425096665534338,2,61.47147,nigeria,draw_156
Male,1.6981121631900726,2,61.47147,nigeria,draw_156
Female,1.6239539024713316,3,61.47147,nigeria,draw_156
Male,1.614265870788833,3,61.47147,nigeria,draw_156
Female,1.6393992439949423,2,61.58158,nigeria,draw_156
Male,1.6949196909990998,2,61.58158,nigeria,draw_156
Female,1.6215032843702515,3,61.58158,nigeria,draw_156
Male,1.6118396875699137,3,61.58158,nigeria,draw_156
Female,1.6363016922237665,2,61.69169,nigeria,draw_156
Male,1.691739278002463,2,61.69169,nigeria,draw_156
Female,1.6190593162227025,3,61.69169,nigeria,draw_156
Male,1.609419849963461,3,61.69169,nigeria,draw_156
Female,1.633216179301677,2,61.8018,nigeria,draw_156
Male,1.688569107292116,2,61.8018,nigeria,draw_156
Female,1.6166216239387745,3,61.8018,nigeria,draw_156
Male,1.6070056613736279,3,61.8018,nigeria,draw_156
Female,1.6301422731522537,2,61.91191,nigeria,draw_156
Male,1.6854107447943425,2,61.91191,nigeria,draw_156
Female,1.6141901269908945,3,61.91191,nigeria,draw_156
Male,1.6045978210546863,3,61.91191,nigeria,draw_156
Female,1.6270797028855153,2,62.02202,nigeria,draw_156
Male,1.6822638544025403,2,62.02202,nigeria,draw_156
Female,1.6117645387598118,3,62.02202,nigeria,draw_156
Male,1.602196164927313,3,62.02202,nigeria,draw_156
Female,1.6240301828366452,2,62.13213,nigeria,draw_156
Male,1.679127171346647,2,62.13213,nigeria,draw_156
Female,1.6093457719308333,3,62.13213,nigeria,draw_156
Male,1.5997999600030715,3,62.13213,nigeria,draw_156
Female,1.620991821327482,2,62.24224,nigeria,draw_156
Male,1.6760011877096248,2,62.24224,nigeria,draw_156
Female,1.6069327367558068,3,62.24224,nigeria,draw_156
Male,1.597409443126205,3,62.24224,nigeria,draw_156
Female,1.6179665387540108,2,62.35235,nigeria,draw_156
Male,1.6728879810134623,2,62.35235,nigeria,draw_156
Female,1.6045266459744147,3,62.35235,nigeria,draw_156
Male,1.59502543631822,3,62.35235,nigeria,draw_156
Female,1.6149534478625034,2,62.46246,nigeria,draw_156
Male,1.6697863954498697,2,62.46246,nigeria,draw_156
Female,1.6021269427169322,3,62.46246,nigeria,draw_156
Male,1.5926475034664223,3,62.46246,nigeria,draw_156
Female,1.611952286018401,2,62.57257,nigeria,draw_156
Male,1.6666951161381696,2,62.57257,nigeria,draw_156
Female,1.599733460079038,3,62.57257,nigeria,draw_156
Male,1.5902752592396623,3,62.57257,nigeria,draw_156
Female,1.6089627041305634,2,62.68268,nigeria,draw_156
Male,1.66361503900654,2,62.68268,nigeria,draw_156
Female,1.5973460248574616,3,62.68268,nigeria,draw_156
Male,1.5879091069456968,3,62.68268,nigeria,draw_156
Female,1.605984276938443,2,62.79279,nigeria,draw_156
Male,1.6605468812699302,2,62.79279,nigeria,draw_156
Female,1.5949643752972609,3,62.79279,nigeria,draw_156
Male,1.5855494630803717,3,62.79279,nigeria,draw_156
Female,1.6030174474551921,2,62.9029,nigeria,draw_156
Male,1.6574876673290662,2,62.9029,nigeria,draw_156
Female,1.5925888397598997,3,62.9029,nigeria,draw_156
Male,1.5831950896958449,3,62.9029,nigeria,draw_156
Female,1.6000629527613708,2,63.01301,nigeria,draw_156
Male,1.6544402705832866,2,63.01301,nigeria,draw_156
Female,1.5902198871844824,3,63.01301,nigeria,draw_156
Male,1.5808469639415226,3,63.01301,nigeria,draw_156
Female,1.5971198920106224,2,63.12312,nigeria,draw_156
Male,1.6514041258188226,2,63.12312,nigeria,draw_156
Female,1.5878570685958828,3,63.12312,nigeria,draw_156
Male,1.5785046820591921,3,63.12312,nigeria,draw_156
Female,1.5941875826426914,2,63.23323,nigeria,draw_156
Male,1.6483782500734954,2,63.23323,nigeria,draw_156
Female,1.5854999031336083,3,63.23323,nigeria,draw_156
Male,1.5761680606796444,3,63.23323,nigeria,draw_156
Female,1.5912677487274574,2,63.34334,nigeria,draw_156
Male,1.6453635482323106,2,63.34334,nigeria,draw_156
Female,1.5831495388175862,3,63.34334,nigeria,draw_156
Male,1.573837540253578,3,63.34334,nigeria,draw_156
Female,1.5883590229523965,2,63.45345,nigeria,draw_156
Male,1.6423592220868284,2,63.45345,nigeria,draw_156
Female,1.5808050206946356,3,63.45345,nigeria,draw_156
Male,1.5715128842733799,3,63.45345,nigeria,draw_156
Female,1.5854621443437442,2,63.56356,nigeria,draw_156
Male,1.6393651495430035,2,63.56356,nigeria,draw_156
Female,1.5784668347929032,3,63.56356,nigeria,draw_156
Male,1.5691938381447337,3,63.56356,nigeria,draw_156
Female,1.582575930650465,2,63.67367,nigeria,draw_156
Male,1.6363827302465666,2,63.67367,nigeria,draw_156
Female,1.5761342620743832,3,63.67367,nigeria,draw_156
Male,1.5668811202510666,3,63.67367,nigeria,draw_156
Female,1.5797017932566886,2,63.78378,nigeria,draw_156
Male,1.6334124176295428,2,63.78378,nigeria,draw_156
Female,1.5738080637376473,3,63.78378,nigeria,draw_156
Male,1.564574945459751,3,63.78378,nigeria,draw_156
Female,1.5768392148782537,2,63.89389,nigeria,draw_156
Male,1.6304521239410308,2,63.89389,nigeria,draw_156
Female,1.5714880783948852,3,63.89389,nigeria,draw_156
Male,1.5622744501397192,3,63.89389,nigeria,draw_156
Female,1.5739869959881678,2,64.004,nigeria,draw_156
Male,1.6275029228183708,2,64.004,nigeria,draw_156
Female,1.569173508586855,3,64.004,nigeria,draw_156
Male,1.5599800367923846,3,64.004,nigeria,draw_156
Female,1.5711468787643263,2,64.11411,nigeria,draw_156
Male,1.6245632479459284,2,64.11411,nigeria,draw_156
Female,1.5668653950017426,3,64.11411,nigeria,draw_156
Male,1.5576908795843738,3,64.11411,nigeria,draw_156
Female,1.568317645716161,2,64.22422,nigeria,draw_156
Male,1.6216353511680808,2,64.22422,nigeria,draw_156
Female,1.5645627545154963,3,64.22422,nigeria,draw_156
Male,1.5554082957544286,3,64.22422,nigeria,draw_156
Female,1.5655000501477028,2,64.33433,nigeria,draw_156
Male,1.6187167926348076,2,64.33433,nigeria,draw_156
Female,1.5622663919249242,3,64.33433,nigeria,draw_156
Male,1.5531309129205693,3,64.33433,nigeria,draw_156
Female,1.5626928295127034,2,64.44444,nigeria,draw_156
Male,1.6158084096773406,2,64.44444,nigeria,draw_156
Female,1.5599754783395545,3,64.44444,nigeria,draw_156
Male,1.550859077782963,3,64.44444,nigeria,draw_156
Female,1.5598965570274619,2,64.55455,nigeria,draw_156
Male,1.6129100709021058,2,64.55455,nigeria,draw_156
Female,1.5576904602755157,3,64.55455,nigeria,draw_156
Male,1.548592799555495,3,64.55455,nigeria,draw_156
Female,1.5571109704381068,2,64.66466,nigeria,draw_156
Male,1.6100219250639565,2,64.66466,nigeria,draw_156
Female,1.5554113268327254,3,64.66466,nigeria,draw_156
Male,1.546332220602808,3,64.66466,nigeria,draw_156
Female,1.5543353372556723,2,64.77477,nigeria,draw_156
Male,1.6071454641637293,2,64.77477,nigeria,draw_156
Female,1.5531374381945335,3,64.77477,nigeria,draw_156
Male,1.5440780081277097,3,64.77477,nigeria,draw_156
Female,1.5515703018585838,2,64.88488,nigeria,draw_156
Male,1.6042781662540748,2,64.88488,nigeria,draw_156
Female,1.550869166596776,3,64.88488,nigeria,draw_156
Male,1.5418289187775112,3,64.88488,nigeria,draw_156
Female,1.5488163751378015,2,64.99499,nigeria,draw_156
Male,1.6014213480603927,2,64.99499,nigeria,draw_156
Female,1.5486064450030266,3,64.99499,nigeria,draw_156
Male,1.5395855968969745,3,64.99499,nigeria,draw_156
Female,1.5460730891314252,2,65.10511,nigeria,draw_156
Male,1.5985735814797644,2,65.10511,nigeria,draw_156
Female,1.5463492296858872,3,65.10511,nigeria,draw_156
Male,1.5373472824215182,3,65.10511,nigeria,draw_156
Female,1.543341143947439,2,65.21522,nigeria,draw_156
Male,1.5957364541420516,2,65.21522,nigeria,draw_156
Female,1.544098270720834,3,65.21522,nigeria,draw_156
Male,1.5351149989468915,3,65.21522,nigeria,draw_156
Female,1.5406191549252986,2,65.32533,nigeria,draw_156
Male,1.592909065367507,2,65.32533,nigeria,draw_156
Female,1.5418523856373387,3,65.32533,nigeria,draw_156
Male,1.532888384823269,3,65.32533,nigeria,draw_156
Female,1.5379070103693904,2,65.43544,nigeria,draw_156
Male,1.590092422321386,2,65.43544,nigeria,draw_156
Female,1.5396117679418144,3,65.43544,nigeria,draw_156
Male,1.5306677162466267,3,65.43544,nigeria,draw_156
Female,1.5352060059729464,2,65.54555,nigeria,draw_156
Male,1.5872853421728221,2,65.54555,nigeria,draw_156
Female,1.5373772167843487,3,65.54555,nigeria,draw_156
Male,1.5284524541156148,3,65.54555,nigeria,draw_156
Female,1.5325152813867615,2,65.65566,nigeria,draw_156
Male,1.584489242365937,2,65.65566,nigeria,draw_156
Female,1.5351478646048562,3,65.65566,nigeria,draw_156
Male,1.5262434904254514,3,65.65566,nigeria,draw_156
Female,1.5298355305480376,2,65.76577,nigeria,draw_156
Male,1.5817020855553823,2,65.76577,nigeria,draw_156
Female,1.5329242553710642,3,65.76577,nigeria,draw_156
Male,1.5240397604196583,3,65.76577,nigeria,draw_156
Female,1.5271653304691013,2,65.87588,nigeria,draw_156
Male,1.5789247415973289,2,65.87588,nigeria,draw_156
Female,1.530705659195668,3,65.87588,nigeria,draw_156
Male,1.521841609761913,3,65.87588,nigeria,draw_156
Female,1.5245060933741164,2,65.98599,nigeria,draw_156
Male,1.5761560622306061,2,65.98599,nigeria,draw_156
Female,1.5284930824430008,3,65.98599,nigeria,draw_156
Male,1.5196484027056514,3,65.98599,nigeria,draw_156
Female,1.5218572802040633,2,66.0961,nigeria,draw_156
Male,1.5733977413462839,2,66.0961,nigeria,draw_156
Female,1.526286074596498,3,66.0961,nigeria,draw_156
Male,1.5174610769357295,3,66.0961,nigeria,draw_156
Female,1.5192181218031724,2,66.20621,nigeria,draw_156
Male,1.5706477432358286,2,66.20621,nigeria,draw_156
Female,1.5240840152230524,3,66.20621,nigeria,draw_156
Male,1.5152785490074074,3,66.20621,nigeria,draw_156
Female,1.5165897489150209,2,66.31632,nigeria,draw_156
Male,1.567906380594031,2,66.31632,nigeria,draw_156
Female,1.5218877859267237,3,66.31632,nigeria,draw_156
Male,1.5131010676943635,3,66.31632,nigeria,draw_156
Female,1.5139720876832832,2,66.42643,nigeria,draw_156
Male,1.5651752177820752,2,66.42643,nigeria,draw_156
Female,1.51969724744956,3,66.42643,nigeria,draw_156
Male,1.5109291541775487,3,66.42643,nigeria,draw_156
Female,1.5113644904710979,2,66.53654,nigeria,draw_156
Male,1.5624536201327541,2,66.53654,nigeria,draw_156
Female,1.517512013486409,3,66.53654,nigeria,draw_156
Male,1.5087627247235709,3,66.53654,nigeria,draw_156
Female,1.5087669125907046,2,66.64665,nigeria,draw_156
Male,1.5597418917185428,2,66.64665,nigeria,draw_156
Female,1.5153321988081783,3,66.64665,nigeria,draw_156
Male,1.5066017052685656,3,66.64665,nigeria,draw_156
Female,1.5061794604023973,2,66.75676,nigeria,draw_156
Male,1.5570387488241335,2,66.75676,nigeria,draw_156
Female,1.5131579411919678,3,66.75676,nigeria,draw_156
Male,1.50444537275399,3,66.75676,nigeria,draw_156
Female,1.503602161000702,2,66.86687,nigeria,draw_156
Male,1.554345449965672,2,66.86687,nigeria,draw_156
Female,1.5109891532973696,3,66.86687,nigeria,draw_156
Male,1.50229451067166,3,66.86687,nigeria,draw_156
Female,1.501033572309866,2,66.97698,nigeria,draw_156
Male,1.5516605884678496,2,66.97698,nigeria,draw_156
Female,1.5088251673048456,3,66.97698,nigeria,draw_156
Male,1.5001485039634832,3,66.97698,nigeria,draw_156
Female,1.4984761110093203,2,67.08709,nigeria,draw_156
Male,1.5489856142215208,2,67.08709,nigeria,draw_156
Female,1.506667235042642,3,67.08709,nigeria,draw_156
Male,1.4980081419103515,3,67.08709,nigeria,draw_156
Female,1.4959285264774633,2,67.1972,nigeria,draw_156
Male,1.5463196427014585,2,67.1972,nigeria,draw_156
Female,1.5045147426690428,3,67.1972,nigeria,draw_156
Male,1.495872686612957,3,67.1972,nigeria,draw_156
Female,1.4933900406837464,2,67.30731,nigeria,draw_156
Male,1.5436620114338044,2,67.30731,nigeria,draw_156
Female,1.5023671967419066,3,67.30731,nigeria,draw_156
Male,1.4937418202558268,3,67.30731,nigeria,draw_156
Female,1.4908625429117601,2,67.41742,nigeria,draw_156
Male,1.5410155326610346,2,67.41742,nigeria,draw_156
Female,1.5002255348522662,3,67.41742,nigeria,draw_156
Male,1.4916171617803557,3,67.41742,nigeria,draw_156
Female,1.488344305811408,2,67.52753,nigeria,draw_156
Male,1.5383777589872112,2,67.52753,nigeria,draw_156
Female,1.4980888889661814,3,67.52753,nigeria,draw_156
Male,1.4894974898885003,3,67.52753,nigeria,draw_156
Female,1.4858369526782003,2,67.63764,nigeria,draw_156
Male,1.5357482884777325,2,67.63764,nigeria,draw_156
Female,1.495958258407527,3,67.63764,nigeria,draw_156
Male,1.4873827706727272,3,67.63764,nigeria,draw_156
Female,1.483337852152567,2,67.74775,nigeria,draw_156
Male,1.533128751400219,2,67.74775,nigeria,draw_156
Female,1.4938320100722642,3,67.74775,nigeria,draw_156
Male,1.4852737169711752,3,67.74775,nigeria,draw_156
Female,1.4808482694746643,2,67.85786,nigeria,draw_156
Male,1.5305189656992708,2,67.85786,nigeria,draw_156
Female,1.4917108675950108,3,67.85786,nigeria,draw_156
Male,1.4831701859765531,3,67.85786,nigeria,draw_156
Female,1.4783686372962286,2,67.96797,nigeria,draw_156
Male,1.5279184202896225,2,67.96797,nigeria,draw_156
Female,1.489595206498694,3,67.96797,nigeria,draw_156
Male,1.4810719213352295,3,67.96797,nigeria,draw_156
Female,1.4758977245240197,2,68.07808,nigeria,draw_156
Male,1.525326182087686,2,68.07808,nigeria,draw_156
Female,1.4874842808224231,3,68.07808,nigeria,draw_156
Male,1.4789786799961961,3,68.07808,nigeria,draw_156
Female,1.4734377594833847,2,68.18819,nigeria,draw_156
Male,1.5227429276048319,2,68.18819,nigeria,draw_156
Female,1.485379583417151,3,68.18819,nigeria,draw_156
Male,1.4768905916682853,3,68.18819,nigeria,draw_156
Female,1.4709869260852086,2,68.2983,nigeria,draw_156
Male,1.5201685303955497,2,68.2983,nigeria,draw_156
Female,1.4832797202616115,3,68.2983,nigeria,draw_156
Male,1.474807634152917,3,68.2983,nigeria,draw_156
Female,1.46854525322083,2,68.40841,nigeria,draw_156
Male,1.5176036362533754,2,68.40841,nigeria,draw_156
Female,1.481184862989234,3,68.40841,nigeria,draw_156
Male,1.4727301381088655,3,68.40841,nigeria,draw_156
Female,1.4661132997562147,2,68.51852,nigeria,draw_156
Male,1.515048618032973,2,68.51852,nigeria,draw_156
Female,1.4790954437348545,3,68.51852,nigeria,draw_156
Male,1.470658240061868,3,68.51852,nigeria,draw_156
Female,1.4636902320184337,2,68.62863,nigeria,draw_156
Male,1.5125031416722068,2,68.62863,nigeria,draw_156
Female,1.4770109735886974,3,68.62863,nigeria,draw_156
Male,1.468591602728439,3,68.62863,nigeria,draw_156
Female,1.4612771391262251,2,68.73874,nigeria,draw_156
Male,1.5099668250951244,2,68.73874,nigeria,draw_156
Female,1.4749319259980223,3,68.73874,nigeria,draw_156
Male,1.4665301771793149,3,68.73874,nigeria,draw_156
Female,1.4588736616513955,2,68.84885,nigeria,draw_156
Male,1.5074394148323806,2,68.84885,nigeria,draw_156
Female,1.4728578941839496,3,68.84885,nigeria,draw_156
Male,1.4644739054681435,3,68.84885,nigeria,draw_156
Female,1.456480028307335,2,68.95896,nigeria,draw_156
Male,1.5049205583490766,2,68.95896,nigeria,draw_156
Female,1.4707893982032196,3,68.95896,nigeria,draw_156
Male,1.4624225463692253,3,68.95896,nigeria,draw_156
Female,1.454095970283411,2,69.06907,nigeria,draw_156
Male,1.5024107875373178,2,69.06907,nigeria,draw_156
Female,1.46872615922271,3,69.06907,nigeria,draw_156
Male,1.4603764943588924,3,69.06907,nigeria,draw_156
Female,1.4517219702523803,2,69.17918,nigeria,draw_156
Male,1.4999095040163732,2,69.17918,nigeria,draw_156
Female,1.466668532766548,3,69.17918,nigeria,draw_156
Male,1.4583354288519423,3,69.17918,nigeria,draw_156
Female,1.4493561423798889,2,69.28929,nigeria,draw_156
Male,1.4974170647609315,2,69.28929,nigeria,draw_156
Female,1.4646155001339498,3,69.28929,nigeria,draw_156
Male,1.4562994788085004,3,69.28929,nigeria,draw_156
Female,1.4470000496256314,2,69.3994,nigeria,draw_156
Male,1.4949334353039876,2,69.3994,nigeria,draw_156
Female,1.4625680679640507,3,69.3994,nigeria,draw_156
Male,1.4542686252049655,3,69.3994,nigeria,draw_156
Female,1.444653252586779,2,69.50951,nigeria,draw_156
Male,1.49245793154741,2,69.50951,nigeria,draw_156
Female,1.4605257370529852,3,69.50951,nigeria,draw_156
Male,1.4522426329114793,3,69.50951,nigeria,draw_156
Female,1.4423157921987535,2,69.61962,nigeria,draw_156
Male,1.4899916181603825,2,69.61962,nigeria,draw_156
Female,1.4584885177371374,3,69.61962,nigeria,draw_156
Male,1.4502218504118938,3,69.61962,nigeria,draw_156
Female,1.4399891641172333,2,69.72973,nigeria,draw_156
Male,1.487533855027482,2,69.72973,nigeria,draw_156
Female,1.456457464805536,3,69.72973,nigeria,draw_156
Male,1.448205953503634,3,69.72973,nigeria,draw_156
Female,1.4376713763080489,2,69.83984,nigeria,draw_156
Male,1.4850834997877589,2,69.83984,nigeria,draw_156
Female,1.4544312645763022,3,69.83984,nigeria,draw_156
Male,1.4461944806751188,3,69.83984,nigeria,draw_156
Female,1.435362983914878,2,69.94995,nigeria,draw_156
Male,1.4826429558212502,2,69.94995,nigeria,draw_156
Female,1.4524104552968,3,69.94995,nigeria,draw_156
Male,1.4441886239204074,3,69.94995,nigeria,draw_156
Female,1.4330639712653315,2,70.06006,nigeria,draw_156
Male,1.4802092103609104,2,70.06006,nigeria,draw_156
Female,1.4503950282134201,3,70.06006,nigeria,draw_156
Male,1.4421869133477119,3,70.06006,nigeria,draw_156
Female,1.4307744246742988,2,70.17017,nigeria,draw_156
Male,1.4777853808972987,2,70.17017,nigeria,draw_156
Female,1.4483848341334171,3,70.17017,nigeria,draw_156
Male,1.4401908372742571,3,70.17017,nigeria,draw_156
Female,1.4284933669918884,2,70.28028,nigeria,draw_156
Male,1.475370105127662,2,70.28028,nigeria,draw_156
Female,1.446379387681092,3,70.28028,nigeria,draw_156
Male,1.438199879812046,3,70.28028,nigeria,draw_156
Female,1.4262212303248416,2,70.39039,nigeria,draw_156
Male,1.4729634571958445,2,70.39039,nigeria,draw_156
Female,1.4443788986974102,3,70.39039,nigeria,draw_156
Male,1.4362138387513241,3,70.39039,nigeria,draw_156
Female,1.423958436629957,2,70.5005,nigeria,draw_156
Male,1.4705660951322956,2,70.5005,nigeria,draw_156
Female,1.4423837488938551,3,70.5005,nigeria,draw_156
Male,1.4342332337189734,3,70.5005,nigeria,draw_156
Female,1.4217040809859776,2,70.61061,nigeria,draw_156
Male,1.468176288094399,2,70.61061,nigeria,draw_156
Female,1.440393374945513,3,70.61061,nigeria,draw_156
Male,1.4322568973439107,3,70.61061,nigeria,draw_156
Female,1.4194585763986745,2,70.72072,nigeria,draw_156
Male,1.4657953022132313,2,70.72072,nigeria,draw_156
Female,1.4384080032328534,3,70.72072,nigeria,draw_156
Male,1.4302855976417173,3,70.72072,nigeria,draw_156
Female,1.4172225950329547,2,70.83083,nigeria,draw_156
Male,1.463421765473214,2,70.83083,nigeria,draw_156
Female,1.436428013607062,3,70.83083,nigeria,draw_156
Male,1.4283184796914126,3,70.83083,nigeria,draw_156
Female,1.414994231386916,2,70.94094,nigeria,draw_156
Male,1.4610565899860808,2,70.94094,nigeria,draw_156
Female,1.4344523710420445,3,70.94094,nigeria,draw_156
Male,1.426356212209491,3,70.94094,nigeria,draw_156
Female,1.412774386404476,2,71.05105,nigeria,draw_156
Male,1.4587007517330735,2,71.05105,nigeria,draw_156
Female,1.4324817382187842,3,71.05105,nigeria,draw_156
Male,1.42439931008556,3,71.05105,nigeria,draw_156
Female,1.4105631110403427,2,71.16116,nigeria,draw_156
Male,1.4563517552051712,2,71.16116,nigeria,draw_156
Female,1.4305160360809974,3,71.16116,nigeria,draw_156
Male,1.4224465736836551,3,71.16116,nigeria,draw_156
Female,1.4083602767414392,2,71.27127,nigeria,draw_156
Male,1.4540112193064438,2,71.27127,nigeria,draw_156
Female,1.428555036350327,3,71.27127,nigeria,draw_156
Male,1.420498832581112,3,71.27127,nigeria,draw_156
Female,1.4061656056406242,2,71.38138,nigeria,draw_156
Male,1.4516786683134735,2,71.38138,nigeria,draw_156
Female,1.4265987627189909,3,71.38138,nigeria,draw_156
Male,1.418555772142547,3,71.38138,nigeria,draw_156
Female,1.403979478072623,2,71.49149,nigeria,draw_156
Male,1.4493530507828658,2,71.49149,nigeria,draw_156
Female,1.4246473909316169,3,71.49149,nigeria,draw_156
Male,1.4166168573409026,3,71.49149,nigeria,draw_156
Female,1.401801252211792,2,71.6016,nigeria,draw_156
Male,1.4470358555166862,2,71.6016,nigeria,draw_156
Female,1.4227004402745873,3,71.6016,nigeria,draw_156
Male,1.414682768133169,3,71.6016,nigeria,draw_156
Female,1.3996322268736645,2,71.71171,nigeria,draw_156
Male,1.4447273901769608,2,71.71171,nigeria,draw_156
Female,1.4207587183169805,3,71.71171,nigeria,draw_156
Male,1.4127537100306644,3,71.71171,nigeria,draw_156
Female,1.397471619544416,2,71.82182,nigeria,draw_156
Male,1.4424256545175453,2,71.82182,nigeria,draw_156
Female,1.4188218957908099,3,71.82182,nigeria,draw_156
Male,1.4108289481715657,3,71.82182,nigeria,draw_156
Female,1.3953194303023662,2,71.93193,nigeria,draw_156
Male,1.4401338919265696,2,71.93193,nigeria,draw_156
Female,1.4168899572897786,3,71.93193,nigeria,draw_156
Male,1.4089099734838315,3,71.93193,nigeria,draw_156
Female,1.393175397161756,2,72.04204,nigeria,draw_156
Male,1.437848139847442,2,72.04204,nigeria,draw_156
Female,1.4149625650930955,3,72.04204,nigeria,draw_156
Male,1.406994700854506,3,72.04204,nigeria,draw_156
Female,1.391039551790034,2,72.15215,nigeria,draw_156
Male,1.435571120032564,2,72.15215,nigeria,draw_156
Female,1.4130397878395946,3,72.15215,nigeria,draw_156
Male,1.405084536773094,3,72.15215,nigeria,draw_156
Female,1.3889116128129189,2,72.26226,nigeria,draw_156
Male,1.4333013687317098,2,72.26226,nigeria,draw_156
Female,1.4111214490564166,3,72.26226,nigeria,draw_156
Male,1.403178640032071,3,72.26226,nigeria,draw_156
Female,1.3867924016217203,2,72.37237,nigeria,draw_156
Male,1.4310402676851632,2,72.37237,nigeria,draw_156
Female,1.4092082202049698,3,72.37237,nigeria,draw_156
Male,1.4012776430431482,3,72.37237,nigeria,draw_156
Female,1.3846805372394158,2,72.48248,nigeria,draw_156
Male,1.428787320397959,2,72.48248,nigeria,draw_156
Female,1.4072993076587692,3,72.48248,nigeria,draw_156
Male,1.3993814914702265,3,72.48248,nigeria,draw_156
Female,1.3825775007466072,2,72.59259,nigeria,draw_156
Male,1.4265415687419583,2,72.59259,nigeria,draw_156
Female,1.405395284580147,3,72.59259,nigeria,draw_156
Male,1.3974896559272043,3,72.59259,nigeria,draw_156
Female,1.3804822747740437,2,72.7027,nigeria,draw_156
Male,1.42430471383517,2,72.7027,nigeria,draw_156
Female,1.4034958791750716,3,72.7027,nigeria,draw_156
Male,1.3956031091062806,3,72.7027,nigeria,draw_156
Female,1.3783948696231088,2,72.81281,nigeria,draw_156
Male,1.4220744787318849,2,72.81281,nigeria,draw_156
Female,1.401600809319204,3,72.81281,nigeria,draw_156
Male,1.3937204015539908,3,72.81281,nigeria,draw_156
Female,1.3763154924148038,2,72.92292,nigeria,draw_156
Male,1.4198528233533232,2,72.92292,nigeria,draw_156
Female,1.3997102728473332,3,72.92292,nigeria,draw_156
Male,1.3918426195652294,3,72.92292,nigeria,draw_156
Female,1.3742442450608778,2,73.03303,nigeria,draw_156
Male,1.4176380093340017,2,73.03303,nigeria,draw_156
Female,1.3978247289522299,3,73.03303,nigeria,draw_156
Male,1.3899687185007432,3,73.03303,nigeria,draw_156
Female,1.3721808180006427,2,73.14314,nigeria,draw_156
Male,1.4154310546184774,2,73.14314,nigeria,draw_156
Female,1.3959437749442245,3,73.14314,nigeria,draw_156
Male,1.3880994952820174,3,73.14314,nigeria,draw_156
Female,1.3701245883980806,2,73.25325,nigeria,draw_156
Male,1.413232308397836,2,73.25325,nigeria,draw_156
Female,1.39406720077965,3,73.25325,nigeria,draw_156
Male,1.3862352390790498,3,73.25325,nigeria,draw_156
Female,1.36807650763574,2,73.36336,nigeria,draw_156
Male,1.411041077535324,2,73.36336,nigeria,draw_156
Female,1.3921954686178726,3,73.36336,nigeria,draw_156
Male,1.3843757684340825,3,73.36336,nigeria,draw_156
Female,1.3660363785293619,2,73.47347,nigeria,draw_156
Male,1.408856835005245,2,73.47347,nigeria,draw_156
Female,1.3903284599008119,3,73.47347,nigeria,draw_156
Male,1.3825209265624845,3,73.47347,nigeria,draw_156
Female,1.3640039874869756,2,73.58358,nigeria,draw_156
Male,1.4066802631171178,2,73.58358,nigeria,draw_156
Female,1.3884656969648743,3,73.58358,nigeria,draw_156
Male,1.380670955298197,3,73.58358,nigeria,draw_156
Female,1.3619795855268575,2,73.69369,nigeria,draw_156
Male,1.4045097451231214,2,73.69369,nigeria,draw_156
Female,1.3866075057557552,3,73.69369,nigeria,draw_156
Male,1.3788250938710713,3,73.69369,nigeria,draw_156
Female,1.3599625597655605,2,73.8038,nigeria,draw_156
Male,1.4023465728601818,2,73.8038,nigeria,draw_156
Female,1.3847534638528831,3,73.8038,nigeria,draw_156
Male,1.3769839349529536,3,73.8038,nigeria,draw_156
Female,1.3579547922188675,2,73.91391,nigeria,draw_156
Male,1.4001903761322503,2,73.91391,nigeria,draw_156
Female,1.3829048864944558,3,73.91391,nigeria,draw_156
Male,1.3751472560066715,3,73.91391,nigeria,draw_156
Female,1.3559546659832047,2,74.02402,nigeria,draw_156
Male,1.3980421909525507,2,74.02402,nigeria,draw_156
Female,1.3810607547305793,3,74.02402,nigeria,draw_156
Male,1.3733157273259826,3,74.02402,nigeria,draw_156
Female,1.353961221994395,2,74.13413,nigeria,draw_156
Male,1.3959003497315001,2,74.13413,nigeria,draw_156
Female,1.3792206678033092,3,74.13413,nigeria,draw_156
Male,1.3714884820084061,3,74.13413,nigeria,draw_156
Female,1.3519755595153942,2,74.24424,nigeria,draw_156
Male,1.3937655616449538,2,74.24424,nigeria,draw_156
Female,1.3773855597843885,3,74.24424,nigeria,draw_156
Male,1.369665829514404,3,74.24424,nigeria,draw_156
Female,1.3499969043930118,2,74.35435,nigeria,draw_156
Male,1.39163760516107,2,74.35435,nigeria,draw_156
Female,1.3755548801319324,3,74.35435,nigeria,draw_156
Male,1.3678475880567273,3,74.35435,nigeria,draw_156
Female,1.3480253960020772,2,74.46446,nigeria,draw_156
Male,1.3895168751159082,2,74.46446,nigeria,draw_156
Female,1.3737286423129247,3,74.46446,nigeria,draw_156
Male,1.3660339374349864,3,74.46446,nigeria,draw_156
Female,1.3460599308617525,2,74.57457,nigeria,draw_156
Male,1.3874030462104316,2,74.57457,nigeria,draw_156
Female,1.3719060408726402,3,74.57457,nigeria,draw_156
Male,1.3642246800801945,3,74.57457,nigeria,draw_156
Female,1.3441026538716934,2,74.68468,nigeria,draw_156
Male,1.3852969436099631,2,74.68468,nigeria,draw_156
Female,1.3700885708511685,3,74.68468,nigeria,draw_156
Male,1.362420233743031,3,74.68468,nigeria,draw_156
Female,1.3421515745578758,2,74.79479,nigeria,draw_156
Male,1.3831971581294458,2,74.79479,nigeria,draw_156
Female,1.368274785500457,3,74.79479,nigeria,draw_156
Male,1.3606197539398521,3,74.79479,nigeria,draw_156
Female,1.340207567276474,2,74.9049,nigeria,draw_156
Male,1.3811048450797865,2,74.9049,nigeria,draw_156
Female,1.3664654063629718,3,74.9049,nigeria,draw_156
Male,1.358824002302597,3,74.9049,nigeria,draw_156
Female,1.338271886381401,2,75.01502,nigeria,draw_156
Male,1.379019086380973,2,75.01502,nigeria,draw_156
Female,1.364661086989819,3,75.01502,nigeria,draw_156
Male,1.3570325639540208,3,75.01502,nigeria,draw_156
Female,1.3363421032449438,2,75.12513,nigeria,draw_156
Male,1.376940378181307,2,75.12513,nigeria,draw_156
Female,1.3628605782182044,3,75.12513,nigeria,draw_156
Male,1.355245761857699,3,75.12513,nigeria,draw_156
Female,1.3344201454102138,2,75.23524,nigeria,draw_156
Male,1.3748688527499493,2,75.23524,nigeria,draw_156
Female,1.3610649496506804,3,75.23524,nigeria,draw_156
Male,1.3534636028894405,3,75.23524,nigeria,draw_156
Female,1.332504294419833,2,75.34535,nigeria,draw_156
Male,1.372804055837857,2,75.34535,nigeria,draw_156
Female,1.3592728228929736,3,75.34535,nigeria,draw_156
Male,1.3516856370856245,3,75.34535,nigeria,draw_156
Female,1.3305963924693145,2,75.45546,nigeria,draw_156
Male,1.3707469587606633,2,75.45546,nigeria,draw_156
Female,1.3574857265685538,3,75.45546,nigeria,draw_156
Male,1.3499125587877054,3,75.45546,nigeria,draw_156
Female,1.328694571977285,2,75.56557,nigeria,draw_156
Male,1.3686964629068346,2,75.56557,nigeria,draw_156
Female,1.3557024284631216,3,75.56557,nigeria,draw_156
Male,1.3481437582705353,3,75.56557,nigeria,draw_156
Female,1.3267992278220175,2,75.67568,nigeria,draw_156
Male,1.3666538748806845,2,75.67568,nigeria,draw_156
Female,1.3539231590067002,3,75.67568,nigeria,draw_156
Male,1.3463799977805038,3,75.67568,nigeria,draw_156
Female,1.3249109666572054,2,75.78579,nigeria,draw_156
Male,1.3646173121625182,2,75.78579,nigeria,draw_156
Female,1.3521480662591707,3,75.78579,nigeria,draw_156
Male,1.344620089498084,3,75.78579,nigeria,draw_156
Female,1.323029880526804,2,75.8959,nigeria,draw_156
Male,1.3625867909736165,2,75.8959,nigeria,draw_156
Female,1.3503774900283747,3,75.8959,nigeria,draw_156
Male,1.3428639603857149,3,75.8959,nigeria,draw_156
Female,1.321154747894118,2,76.00601,nigeria,draw_156
Male,1.360563917486753,2,76.00601,nigeria,draw_156
Female,1.348610658322186,3,76.00601,nigeria,draw_156
Male,1.3411127588405747,3,76.00601,nigeria,draw_156
Female,1.3192867137635502,2,76.11612,nigeria,draw_156
Male,1.3585476080030918,2,76.11612,nigeria,draw_156
Female,1.3468481225243571,3,76.11612,nigeria,draw_156
Male,1.339365813176121,3,76.11612,nigeria,draw_156
Female,1.3174257195612424,2,76.22623,nigeria,draw_156
Male,1.356539212100025,2,76.22623,nigeria,draw_156
Female,1.3450897916919424,3,76.22623,nigeria,draw_156
Male,1.3376239233301892,3,76.22623,nigeria,draw_156
Female,1.3155719515392514,2,76.33634,nigeria,draw_156
Male,1.3545361302268581,2,76.33634,nigeria,draw_156
Female,1.3433358639802324,3,76.33634,nigeria,draw_156
Male,1.335885735899025,3,76.33634,nigeria,draw_156
Female,1.3137251094911917,2,76.44645,nigeria,draw_156
Male,1.3525401195541504,2,76.44645,nigeria,draw_156
Female,1.3415862192595813,3,76.44645,nigeria,draw_156
Male,1.3341520841327958,3,76.44645,nigeria,draw_156
Female,1.3118848370467038,2,76.55656,nigeria,draw_156
Male,1.3505506474625166,2,76.55656,nigeria,draw_156
Female,1.3398406510121403,3,76.55656,nigeria,draw_156
Male,1.332422776782985,3,76.55656,nigeria,draw_156
Female,1.3100506731800443,2,76.66667,nigeria,draw_156
Male,1.3485666835787955,2,76.66667,nigeria,draw_156
Female,1.3380988645188152,3,76.66667,nigeria,draw_156
Male,1.3306973169423348,3,76.66667,nigeria,draw_156
Female,1.3082241868519977,2,76.77678,nigeria,draw_156
Male,1.3465892102766215,2,76.77678,nigeria,draw_156
Female,1.336361969016801,3,76.77678,nigeria,draw_156
Male,1.328976329107577,3,76.77678,nigeria,draw_156
Female,1.3064030004932763,2,76.88689,nigeria,draw_156
Male,1.3446185941793363,2,76.88689,nigeria,draw_156
Female,1.334628565503358,3,76.88689,nigeria,draw_156
Male,1.327259955921253,3,76.88689,nigeria,draw_156
Female,1.3045884047462089,2,76.997,nigeria,draw_156
Male,1.342653939518486,2,76.997,nigeria,draw_156
Female,1.3328993224209265,3,76.997,nigeria,draw_156
Male,1.3255476249977005,3,76.997,nigeria,draw_156
Female,1.3027802619167383,2,77.10711,nigeria,draw_156
Male,1.3406959453554597,2,77.10711,nigeria,draw_156
Female,1.3311741612323804,3,77.10711,nigeria,draw_156
Male,1.3238398344021822,3,77.10711,nigeria,draw_156
Female,1.3009784513491127,2,77.21722,nigeria,draw_156
Male,1.3387439682246998,2,77.21722,nigeria,draw_156
Female,1.3294531643239051,3,77.21722,nigeria,draw_156
Male,1.3221362171292306,3,77.21722,nigeria,draw_156
Female,1.2991824554773626,2,77.32733,nigeria,draw_156
Male,1.3367988796911154,2,77.32733,nigeria,draw_156
Female,1.3277362636653234,3,77.32733,nigeria,draw_156
Male,1.3204373275570613,3,77.32733,nigeria,draw_156
Female,1.2973936276141322,2,77.43744,nigeria,draw_156
Male,1.3348606386227568,2,77.43744,nigeria,draw_156
Female,1.3260241226390777,3,77.43744,nigeria,draw_156
Male,1.318743098269969,3,77.43744,nigeria,draw_156
Female,1.2956103619482884,2,77.54755,nigeria,draw_156
Male,1.3329291895011135,2,77.54755,nigeria,draw_156
Female,1.324315790920387,3,77.54755,nigeria,draw_156
Male,1.3170534825390148,3,77.54755,nigeria,draw_156
Female,1.2938328423860561,2,77.65766,nigeria,draw_156
Male,1.331003842230098,2,77.65766,nigeria,draw_156
Female,1.3226112935861056,3,77.65766,nigeria,draw_156
Male,1.3153682023419846,3,77.65766,nigeria,draw_156
Female,1.2920615963471973,2,77.76777,nigeria,draw_156
Male,1.3290850742497629,2,77.76777,nigeria,draw_156
Female,1.3209110688538817,3,77.76777,nigeria,draw_156
Male,1.3136874186358867,3,77.76777,nigeria,draw_156
Female,1.2902966383459267,2,77.87788,nigeria,draw_156
Male,1.3271723121466708,2,77.87788,nigeria,draw_156
Female,1.3192150759648629,3,77.87788,nigeria,draw_156
Male,1.3120107331227022,3,77.87788,nigeria,draw_156
Female,1.2885376785804736,2,77.98799,nigeria,draw_156
Male,1.3252662564738547,2,77.98799,nigeria,draw_156
Female,1.3175229712844758,3,77.98799,nigeria,draw_156
Male,1.3103384655975714,3,77.98799,nigeria,draw_156
Female,1.286785388452449,2,78.0981,nigeria,draw_156
Male,1.3233653860810184,2,78.0981,nigeria,draw_156
Female,1.3158350971168526,3,78.0981,nigeria,draw_156
Male,1.308669992981045,3,78.0981,nigeria,draw_156
Female,1.2850398497736952,2,78.20821,nigeria,draw_156
Male,1.3214715891126112,2,78.20821,nigeria,draw_156
Female,1.314151657604743,3,78.20821,nigeria,draw_156
Male,1.3070063362363478,3,78.20821,nigeria,draw_156
Female,1.2833002872565056,2,78.31832,nigeria,draw_156
Male,1.319582948510753,2,78.31832,nigeria,draw_156
Female,1.3124720902969307,3,78.31832,nigeria,draw_156
Male,1.3053463978654691,3,78.31832,nigeria,draw_156
Female,1.2815668393808897,2,78.42843,nigeria,draw_156
Male,1.3177008770473226,2,78.42843,nigeria,draw_156
Female,1.3107965831572028,3,78.42843,nigeria,draw_156
Male,1.303690827782761,3,78.42843,nigeria,draw_156
Female,1.2798389642129264,2,78.53854,nigeria,draw_156
Male,1.3158249417106913,2,78.53854,nigeria,draw_156
Female,1.30912458092118,3,78.53854,nigeria,draw_156
Male,1.3020392821732591,3,78.53854,nigeria,draw_156
Female,1.2781180159189707,2,78.64865,nigeria,draw_156
Male,1.3139555170242017,2,78.64865,nigeria,draw_156
Female,1.3074570231222296,3,78.64865,nigeria,draw_156
Male,1.3003920165174025,3,78.64865,nigeria,draw_156
Female,1.2764024856802187,2,78.75876,nigeria,draw_156
Male,1.3120925479426024,2,78.75876,nigeria,draw_156
Female,1.3057931967295213,3,78.75876,nigeria,draw_156
Male,1.298749070069608,3,78.75876,nigeria,draw_156
Female,1.274693391048288,2,78.86887,nigeria,draw_156
Male,1.3102350079401903,2,78.86887,nigeria,draw_156
Female,1.3041335549512691,3,78.86887,nigeria,draw_156
Male,1.2971099027523456,3,78.86887,nigeria,draw_156
Female,1.2729896696627088,2,78.97898,nigeria,draw_156
Male,1.3083845243981587,2,78.97898,nigeria,draw_156
Female,1.3024775952209369,3,78.97898,nigeria,draw_156
Male,1.295475401104219,3,78.97898,nigeria,draw_156
Female,1.271292223209476,2,79.08909,nigeria,draw_156
Male,1.306538989321214,2,79.08909,nigeria,draw_156
Female,1.3008258523313878,3,79.08909,nigeria,draw_156
Male,1.293844538215981,3,79.08909,nigeria,draw_156
Female,1.269600596899185,2,79.1992,nigeria,draw_156
Male,1.3046991716002907,2,79.1992,nigeria,draw_156
Female,1.299178006716838,3,79.1992,nigeria,draw_156
Male,1.2922177389466198,3,79.1992,nigeria,draw_156
Female,1.2679140793061923,2,79.30931,nigeria,draw_156
Male,1.30286534603689,2,79.30931,nigeria,draw_156
Female,1.2975335842921922,3,79.30931,nigeria,draw_156
Male,1.2905950173441725,3,79.30931,nigeria,draw_156
Female,1.266234602773288,2,79.41942,nigeria,draw_156
Male,1.3010379131440422,2,79.41942,nigeria,draw_156
Female,1.295893613520851,3,79.41942,nigeria,draw_156
Male,1.2889765182834894,3,79.41942,nigeria,draw_156
Female,1.2645614555879692,2,79.52953,nigeria,draw_156
Male,1.2992155448770124,2,79.52953,nigeria,draw_156
Female,1.2942577843097438,3,79.52953,nigeria,draw_156
Male,1.2873616483590644,3,79.52953,nigeria,draw_156
Female,1.262893462676219,2,79.63964,nigeria,draw_156
Male,1.2973996001165433,2,79.63964,nigeria,draw_156
Female,1.2926255214685192,3,79.63964,nigeria,draw_156
Male,1.285751108825563,3,79.63964,nigeria,draw_156
Female,1.2612321934629271,2,79.74975,nigeria,draw_156
Male,1.2955899183173019,2,79.74975,nigeria,draw_156
Female,1.2909977894445734,3,79.74975,nigeria,draw_156
Male,1.284144785374712,3,79.74975,nigeria,draw_156
Female,1.2595758065942104,2,79.85986,nigeria,draw_156
Male,1.2937846891152511,2,79.85986,nigeria,draw_156
Female,1.2893731460818145,3,79.85986,nigeria,draw_156
Male,1.2825416470106377,3,79.85986,nigeria,draw_156
Female,1.2579261804100272,2,79.96997,nigeria,draw_156
Male,1.291986025409422,2,79.96997,nigeria,draw_156
Female,1.2877528535502951,3,79.96997,nigeria,draw_156
Male,1.280942809280756,3,79.96997,nigeria,draw_156
Female,1.256283065543919,2,80.08008,nigeria,draw_156
Male,1.2901923998243021,2,80.08008,nigeria,draw_156
Female,1.2861367552045857,3,80.08008,nigeria,draw_156
Male,1.2793476257123386,3,80.08008,nigeria,draw_156
Female,1.254645403126485,2,80.19019,nigeria,draw_156
Male,1.2884052698043362,2,80.19019,nigeria,draw_156
Female,1.284524227564685,3,80.19019,nigeria,draw_156
Male,1.2777566414319186,3,80.19019,nigeria,draw_156
Female,1.2530138015855687,2,80.3003,nigeria,draw_156
Male,1.2866236351971418,2,80.3003,nigeria,draw_156
Female,1.2829154881750415,3,80.3003,nigeria,draw_156
Male,1.2761694522055027,3,80.3003,nigeria,draw_156
Female,1.251388532356921,2,80.41041,nigeria,draw_156
Male,1.2848480519983594,2,80.41041,nigeria,draw_156
Female,1.2813109045710664,3,80.41041,nigeria,draw_156
Male,1.2745863626229763,3,80.41041,nigeria,draw_156
Female,1.2497690661710832,2,80.52052,nigeria,draw_156
Male,1.2830783706914135,2,80.52052,nigeria,draw_156
Female,1.2797100439361075,3,80.52052,nigeria,draw_156
Male,1.273007238265888,3,80.52052,nigeria,draw_156
Female,1.2481555391827215,2,80.63063,nigeria,draw_156
Male,1.2813139723043423,2,80.63063,nigeria,draw_156
Female,1.2781129380036806,3,80.63063,nigeria,draw_156
Male,1.2714317651129912,3,80.63063,nigeria,draw_156
Female,1.2465486690654266,2,80.74074,nigeria,draw_156
Male,1.2795558054350924,2,80.74074,nigeria,draw_156
Female,1.2765199202755444,3,80.74074,nigeria,draw_156
Male,1.2698605436842951,3,80.74074,nigeria,draw_156
Female,1.2449472914059476,2,80.85085,nigeria,draw_156
Male,1.2778036492892033,2,80.85085,nigeria,draw_156
Female,1.2749307251607904,3,80.85085,nigeria,draw_156
Male,1.2682933283218163,3,80.85085,nigeria,draw_156
Female,1.2433513427059106,2,80.96096,nigeria,draw_156
Male,1.2760576108984432,2,80.96096,nigeria,draw_156
Female,1.2733450652212894,3,80.96096,nigeria,draw_156
Male,1.266730300442523,3,80.96096,nigeria,draw_156
Female,1.2417619154835104,2,81.07107,nigeria,draw_156
Male,1.2743174176400676,2,81.07107,nigeria,draw_156
Female,1.271763794714125,3,81.07107,nigeria,draw_156
Male,1.2651713501976374,3,81.07107,nigeria,draw_156
Female,1.2401775886495932,2,81.18118,nigeria,draw_156
Male,1.272582112326427,2,81.18118,nigeria,draw_156
Female,1.2701861645219166,3,81.18118,nigeria,draw_156
Male,1.2636158687726171,3,81.18118,nigeria,draw_156
Female,1.2385987539910486,2,81.29129,nigeria,draw_156
Male,1.2708530672191558,2,81.29129,nigeria,draw_156
Female,1.2686122190690332,3,81.29129,nigeria,draw_156
Male,1.2620646447758432,3,81.29129,nigeria,draw_156
Female,1.2370260601526541,2,81.4014,nigeria,draw_156
Male,1.269128779623245,2,81.4014,nigeria,draw_156
Female,1.2670424338053774,3,81.4014,nigeria,draw_156
Male,1.2605168250921206,3,81.4014,nigeria,draw_156
Female,1.2354581682179255,2,81.51151,nigeria,draw_156
Male,1.2674118554575944,2,81.51151,nigeria,draw_156
Female,1.265475919046305,3,81.51151,nigeria,draw_156
Male,1.258973747720948,3,81.51151,nigeria,draw_156
Female,1.2338966588698808,2,81.62162,nigeria,draw_156
Male,1.2657000119054622,2,81.62162,nigeria,draw_156
Female,1.263913628377733,3,81.62162,nigeria,draw_156
Male,1.2574342491315016,3,81.62162,nigeria,draw_156
Female,1.232340007058848,2,81.73173,nigeria,draw_156
Male,1.2639934503806058,2,81.73173,nigeria,draw_156
Female,1.2623546683904578,3,81.73173,nigeria,draw_156
Male,1.2558984604190493,3,81.73173,nigeria,draw_156
Female,1.2307896451440832,2,81.84184,nigeria,draw_156
Male,1.2622934617871966,2,81.84184,nigeria,draw_156
Female,1.2607999100227143,3,81.84184,nigeria,draw_156
Male,1.2543671271882677,3,81.84184,nigeria,draw_156
Female,1.2292443933917376,2,81.95195,nigeria,draw_156
Male,1.260598163719222,2,81.95195,nigeria,draw_156
Female,1.259248549160998,3,81.95195,nigeria,draw_156
Male,1.252839257391264,3,81.95195,nigeria,draw_156
Female,1.2277052756423896,2,82.06206,nigeria,draw_156
Male,1.2589084823567867,2,82.06206,nigeria,draw_156
Female,1.2577011915038352,3,82.06206,nigeria,draw_156
Male,1.251315379932142,3,82.06206,nigeria,draw_156
Female,1.22617148173008,2,82.17217,nigeria,draw_156
Male,1.2572243009443687,2,82.17217,nigeria,draw_156
Female,1.256157374531726,3,82.17217,nigeria,draw_156
Male,1.2497954376418932,3,82.17217,nigeria,draw_156
Female,1.224643009760786,2,82.28228,nigeria,draw_156
Male,1.2555459408921723,2,82.28228,nigeria,draw_156
Female,1.2546171750402586,3,82.28228,nigeria,draw_156
Male,1.248279559666551,3,82.28228,nigeria,draw_156
Female,1.2231197768807278,2,82.39239,nigeria,draw_156
Male,1.2538731416339517,2,82.39239,nigeria,draw_156
Female,1.2530806135420214,3,82.39239,nigeria,draw_156
Male,1.2467675198899182,3,82.39239,nigeria,draw_156
Female,1.2216018523902743,2,82.5025,nigeria,draw_156
Male,1.2522049104926933,2,82.5025,nigeria,draw_156
Female,1.251547483696824,3,82.5025,nigeria,draw_156
Male,1.2452588031688576,3,82.5025,nigeria,draw_156
Female,1.2200891652811359,2,82.61261,nigeria,draw_156
Male,1.2505425160448047,2,82.61261,nigeria,draw_156
Female,1.2500180540218244,3,82.61261,nigeria,draw_156
Male,1.24375410176882,3,82.61261,nigeria,draw_156
Female,1.21858201296698,2,82.72272,nigeria,draw_156
Male,1.2488859794285003,2,82.72272,nigeria,draw_156
Female,1.248492381936566,3,82.72272,nigeria,draw_156
Male,1.2422533655836312,3,82.72272,nigeria,draw_156
Female,1.2170798242397038,2,82.83283,nigeria,draw_156
Male,1.247235275333195,2,82.83283,nigeria,draw_156
Female,1.2469700502634748,3,82.83283,nigeria,draw_156
Male,1.2407567242203867,3,82.83283,nigeria,draw_156
Female,1.215583382650652,2,82.94294,nigeria,draw_156
Male,1.2455910532872514,2,82.94294,nigeria,draw_156
Female,1.2454515036879943,3,82.94294,nigeria,draw_156
Male,1.2392644264712238,3,82.94294,nigeria,draw_156
Female,1.2140922486046966,2,83.05305,nigeria,draw_156
Male,1.2439512879911487,2,83.05305,nigeria,draw_156
Female,1.243936496395484,3,83.05305,nigeria,draw_156
Male,1.2377752238552564,3,83.05305,nigeria,draw_156
Female,1.2126057324910862,2,83.16316,nigeria,draw_156
Male,1.2423165725211789,2,83.16316,nigeria,draw_156
Female,1.2424246467944653,3,83.16316,nigeria,draw_156
Male,1.2362894908742754,3,83.16316,nigeria,draw_156
Female,1.211124833347305,2,83.27327,nigeria,draw_156
Male,1.2406869482192409,2,83.27327,nigeria,draw_156
Female,1.2409168110524451,3,83.27327,nigeria,draw_156
Male,1.2348073501553307,3,83.27327,nigeria,draw_156
Female,1.2096489724466943,2,83.38338,nigeria,draw_156
Male,1.2390637126900617,2,83.38338,nigeria,draw_156
Female,1.2394122524655309,3,83.38338,nigeria,draw_156
Male,1.2333294989529813,3,83.38338,nigeria,draw_156
Female,1.208179099988839,2,83.49349,nigeria,draw_156
Male,1.2374455986006248,2,83.49349,nigeria,draw_156
Female,1.2379116681612519,3,83.49349,nigeria,draw_156
Male,1.231855199876422,3,83.49349,nigeria,draw_156
Female,1.2067142569599962,2,83.6036,nigeria,draw_156
Male,1.2358325433152848,2,83.6036,nigeria,draw_156
Female,1.2364145351168345,3,83.6036,nigeria,draw_156
Male,1.2303844872231262,3,83.6036,nigeria,draw_156
Female,1.2052544995425134,2,83.71371,nigeria,draw_156
Male,1.2342249800236786,2,83.71371,nigeria,draw_156
Female,1.2349211252110142,3,83.71371,nigeria,draw_156
Male,1.2289175015081855,3,83.71371,nigeria,draw_156
Female,1.2038005457980363,2,83.82382,nigeria,draw_156
Male,1.2326226973984724,2,83.82382,nigeria,draw_156
Female,1.2334316152993263,3,83.82382,nigeria,draw_156
Male,1.2274541932943797,3,83.82382,nigeria,draw_156
Female,1.2023513301319646,2,83.93393,nigeria,draw_156
Male,1.2310264684148757,2,83.93393,nigeria,draw_156
Female,1.231945354457883,3,83.93393,nigeria,draw_156
Male,1.2259950135158648,3,83.93393,nigeria,draw_156
Female,1.2009078893933718,2,84.04404,nigeria,draw_156
Male,1.2294342243936234,2,84.04404,nigeria,draw_156
Female,1.2304632247052811,3,84.04404,nigeria,draw_156
Male,1.224538768017937,3,84.04404,nigeria,draw_156
Female,1.1994692334842794,2,84.15415,nigeria,draw_156
Male,1.2278484966916703,2,84.15415,nigeria,draw_156
Female,1.228984300696637,3,84.15415,nigeria,draw_156
Male,1.2230867322793524,3,84.15415,nigeria,draw_156
Female,1.1980357814471425,2,84.26426,nigeria,draw_156
Male,1.2262680607983907,2,84.26426,nigeria,draw_156
Female,1.22750871713889,3,84.26426,nigeria,draw_156
Male,1.2216383962819057,3,84.26426,nigeria,draw_156
Female,1.196608336061183,2,84.37437,nigeria,draw_156
Male,1.2246921985335786,2,84.37437,nigeria,draw_156
Female,1.226037285588446,3,84.37437,nigeria,draw_156
Male,1.220193444285121,3,84.37437,nigeria,draw_156
Female,1.1951857760919644,2,84.48448,nigeria,draw_156
Male,1.2231221052392334,2,84.48448,nigeria,draw_156
Female,1.2245693029309115,3,84.48448,nigeria,draw_156
Male,1.218752654682412,3,84.48448,nigeria,draw_156
Female,1.1937688806931046,2,84.59459,nigeria,draw_156
Male,1.221556637723082,2,84.59459,nigeria,draw_156
Female,1.2231051793657433,3,84.59459,nigeria,draw_156
Male,1.2173153494827773,3,84.59459,nigeria,draw_156
Female,1.1923573430555634,2,84.7047,nigeria,draw_156
Male,1.2199968743321026,2,84.7047,nigeria,draw_156
Female,1.221644583372188,3,84.7047,nigeria,draw_156
Male,1.2158820594478659,3,84.7047,nigeria,draw_156
Female,1.1909513693164786,2,84.81481,nigeria,draw_156
Male,1.2184433722176116,2,84.81481,nigeria,draw_156
Female,1.2201878922132146,3,84.81481,nigeria,draw_156
Male,1.2144531918770227,3,84.81481,nigeria,draw_156
Female,1.1895502276960879,2,84.92492,nigeria,draw_156
Male,1.2168951767537346,2,84.92492,nigeria,draw_156
Female,1.2187347445100951,3,84.92492,nigeria,draw_156
Male,1.213028175938799,3,84.92492,nigeria,draw_156
Female,1.188154632690785,2,85.03504,nigeria,draw_156
Male,1.2153522604573328,2,85.03504,nigeria,draw_156
Female,1.2172855356650785,3,85.03504,nigeria,draw_156
Male,1.2116069358254005,3,85.03504,nigeria,draw_156
Female,1.1867644629790564,2,85.14515,nigeria,draw_156
Male,1.213815767113655,2,85.14515,nigeria,draw_156
Female,1.2158403537943172,3,85.14515,nigeria,draw_156
Male,1.2101902752682658,3,85.14515,nigeria,draw_156
Female,1.1853808020400067,2,85.25526,nigeria,draw_156
Male,1.2122848642897863,2,85.25526,nigeria,draw_156
Female,1.2143998524555755,3,85.25526,nigeria,draw_156
Male,1.2087777425635846,3,85.25526,nigeria,draw_156
Female,1.1840025524719415,2,85.36537,nigeria,draw_156
Male,1.2107605892121476,2,85.36537,nigeria,draw_156
Female,1.2129634018245774,3,85.36537,nigeria,draw_156
Male,1.207369987042238,3,85.36537,nigeria,draw_156
Female,1.182630184221092,2,85.47548,nigeria,draw_156
Male,1.2092420090303895,2,85.47548,nigeria,draw_156
Female,1.2115311580268708,3,85.47548,nigeria,draw_156
Male,1.2059665242536066,3,85.47548,nigeria,draw_156
Female,1.1812632126315008,2,85.58559,nigeria,draw_156
Male,1.2077293425241504,2,85.58559,nigeria,draw_156
Female,1.210102892135046,3,85.58559,nigeria,draw_156
Male,1.2045674592902924,3,85.58559,nigeria,draw_156
Female,1.1799017833546566,2,85.6957,nigeria,draw_156
Male,1.2062232554876113,2,85.6957,nigeria,draw_156
Female,1.2086787109361212,3,85.6957,nigeria,draw_156
Male,1.2031732067181593,3,85.6957,nigeria,draw_156
Female,1.1785464258834086,2,85.80581,nigeria,draw_156
Male,1.2047224032068875,2,85.80581,nigeria,draw_156
Female,1.2072590677947048,3,85.80581,nigeria,draw_156
Male,1.2017830066314448,3,85.80581,nigeria,draw_156
Female,1.1771970426765097,2,85.91592,nigeria,draw_156
Male,1.2032272417266148,2,85.91592,nigeria,draw_156
Female,1.2058438072903293,3,85.91592,nigeria,draw_156
Male,1.2003971700118254,3,85.91592,nigeria,draw_156
Female,1.1758537877277802,2,86.02603,nigeria,draw_156
Male,1.2017389117238202,2,86.02603,nigeria,draw_156
Female,1.204433129162174,3,86.02603,nigeria,draw_156
Male,1.1990163478202134,3,86.02603,nigeria,draw_156
Female,1.1745172196871803,2,86.13614,nigeria,draw_156
Male,1.2002564071881365,2,86.13614,nigeria,draw_156
Female,1.2030275201543912,3,86.13614,nigeria,draw_156
Male,1.1976400311207513,3,86.13614,nigeria,draw_156
Female,1.1731864768826072,2,86.24625,nigeria,draw_156
Male,1.198780548810274,2,86.24625,nigeria,draw_156
Female,1.201626240485949,3,86.24625,nigeria,draw_156
Male,1.1962685286899677,3,86.24625,nigeria,draw_156
Female,1.171862409681775,2,86.35636,nigeria,draw_156
Male,1.1973104028927781,2,86.35636,nigeria,draw_156
Female,1.2002300209486938,3,86.35636,nigeria,draw_156
Male,1.194901474445401,3,86.35636,nigeria,draw_156
Female,1.1705438726328576,2,86.46647,nigeria,draw_156
Male,1.195847093923072,2,86.46647,nigeria,draw_156
Female,1.1988382476670956,3,86.46647,nigeria,draw_156
Male,1.1935395680282441,3,86.46647,nigeria,draw_156
Female,1.1692312550411386,2,86.57658,nigeria,draw_156
Male,1.1943900161146885,2,86.57658,nigeria,draw_156
Female,1.1974513430358102,3,86.57658,nigeria,draw_156
Male,1.19218254867189,3,86.57658,nigeria,draw_156
Female,1.1679253248420651,2,86.68669,nigeria,draw_156
Male,1.1929384752108039,2,86.68669,nigeria,draw_156
Female,1.196069897953703,3,86.68669,nigeria,draw_156
Male,1.19083015748097,3,86.68669,nigeria,draw_156
Female,1.166625897177311,2,86.7968,nigeria,draw_156
Male,1.1914952081497445,2,86.7968,nigeria,draw_156
Female,1.1946937430228812,3,86.7968,nigeria,draw_156
Male,1.1894839664400236,3,86.7968,nigeria,draw_156
Female,1.1653329647163888,2,86.90691,nigeria,draw_156
Male,1.1900575872528498,2,86.90691,nigeria,draw_156
Female,1.1933227768077268,3,86.90691,nigeria,draw_156
Male,1.1881423802203417,3,86.90691,nigeria,draw_156
Female,1.1640462152666977,2,87.01702,nigeria,draw_156
Male,1.1886271906895085,2,87.01702,nigeria,draw_156
Female,1.191956715364538,3,87.01702,nigeria,draw_156
Male,1.1868063065721548,3,87.01702,nigeria,draw_156
Female,1.1627656110162057,2,87.12713,nigeria,draw_156
Male,1.1872028649151072,2,87.12713,nigeria,draw_156
Female,1.1905957650005137,3,87.12713,nigeria,draw_156
Male,1.1854750859221141,3,87.12713,nigeria,draw_156
Female,1.1614903390650329,2,87.23724,nigeria,draw_156
Male,1.1857849902524753,2,87.23724,nigeria,draw_156
Female,1.1892392977667665,3,87.23724,nigeria,draw_156
Male,1.184148886808313,3,87.23724,nigeria,draw_156
Female,1.160222410531213,2,87.34735,nigeria,draw_156
Male,1.1843731258323587,2,87.34735,nigeria,draw_156
Female,1.1878886006061171,3,87.34735,nigeria,draw_156
Male,1.1828275195728124,3,87.34735,nigeria,draw_156
Female,1.1589596427196982,2,87.45746,nigeria,draw_156
Male,1.1829685849659863,2,87.45746,nigeria,draw_156
Female,1.1865424012168493,3,87.45746,nigeria,draw_156
Male,1.1815118354753718,3,87.45746,nigeria,draw_156
Female,1.1577031231142476,2,87.56757,nigeria,draw_156
Male,1.1815701821981726,2,87.56757,nigeria,draw_156
Female,1.1852013399721981,3,87.56757,nigeria,draw_156
Male,1.1802011374567754,3,87.56757,nigeria,draw_156
Female,1.1564527407774443,2,87.67768,nigeria,draw_156
Male,1.1801774929128923,2,87.67768,nigeria,draw_156
Female,1.1838654898570706,3,87.67768,nigeria,draw_156
Male,1.1788951889202242,3,87.67768,nigeria,draw_156
Female,1.1552074338460223,2,87.78779,nigeria,draw_156
Male,1.1787913516100332,2,87.78779,nigeria,draw_156
Female,1.182533985054503,3,87.78779,nigeria,draw_156
Male,1.1775942792830028,3,87.78779,nigeria,draw_156
Female,1.1539685446504786,2,87.8979,nigeria,draw_156
Male,1.1774119072620275,2,87.8979,nigeria,draw_156
Female,1.1812076540112288,3,87.8979,nigeria,draw_156
Male,1.176298623481238,3,87.8979,nigeria,draw_156
Female,1.1527355580639227,2,88.00801,nigeria,draw_156
Male,1.176039161728704,2,88.00801,nigeria,draw_156
Female,1.179886353615786,3,88.00801,nigeria,draw_156
Male,1.1750081279481244,3,88.00801,nigeria,draw_156
Female,1.151509166571459,2,88.11812,nigeria,draw_156
Male,1.1746718971289525,2,88.11812,nigeria,draw_156
Female,1.1785704818846083,3,88.11812,nigeria,draw_156
Male,1.1737222792008257,3,88.11812,nigeria,draw_156
Female,1.1502888727680587,2,88.22823,nigeria,draw_156
Male,1.173312378151644,2,88.22823,nigeria,draw_156
Female,1.1772597262986961,3,88.22823,nigeria,draw_156
Male,1.1724425040062783,3,88.22823,nigeria,draw_156
Female,1.149075285922406,2,88.33834,nigeria,draw_156
Male,1.1719590535973359,2,88.33834,nigeria,draw_156
Female,1.1759544814128766,3,88.33834,nigeria,draw_156
Male,1.1711676352951128,3,88.33834,nigeria,draw_156
Female,1.1478681685796563,2,88.44845,nigeria,draw_156
Male,1.1706121420767401,2,88.44845,nigeria,draw_156
Female,1.1746545111887174,3,88.44845,nigeria,draw_156
Male,1.1698978651078813,3,88.44845,nigeria,draw_156
Female,1.1466669378108894,2,88.55856,nigeria,draw_156
Male,1.169271863328931,2,88.55856,nigeria,draw_156
Female,1.173359616835811,3,88.55856,nigeria,draw_156
Male,1.168633377282071,3,88.55856,nigeria,draw_156
Female,1.1454723538004272,2,88.66867,nigeria,draw_156
Male,1.16793838957474,2,88.66867,nigeria,draw_156
Female,1.172070415941042,3,88.66867,nigeria,draw_156
Male,1.1673744230121696,3,88.66867,nigeria,draw_156
Female,1.1442848195927566,2,88.77878,nigeria,draw_156
Male,1.1666120910662234,2,88.77878,nigeria,draw_156
Female,1.1707875052993788,3,88.77878,nigeria,draw_156
Male,1.166121559315779,3,88.77878,nigeria,draw_156
Female,1.1431053761745136,2,88.88889,nigeria,draw_156
Male,1.1652930407512996,2,88.88889,nigeria,draw_156
Female,1.169511440084194,3,88.88889,nigeria,draw_156
Male,1.1648750970184654,3,88.88889,nigeria,draw_156
Female,1.1419327960316539,2,88.999,nigeria,draw_156
Male,1.1639830140273135,2,88.999,nigeria,draw_156
Female,1.168241556132146,3,88.999,nigeria,draw_156
Male,1.1636359439180324,3,88.999,nigeria,draw_156
Female,1.1407687931230825,2,89.10911,nigeria,draw_156
Male,1.162680809182256,2,89.10911,nigeria,draw_156
Female,1.166979287083564,3,89.10911,nigeria,draw_156
Male,1.1624036289056074,3,89.10911,nigeria,draw_156
Female,1.139612355512703,2,89.21922,nigeria,draw_156
Male,1.1613864670758358,2,89.21922,nigeria,draw_156
Female,1.1657239699607513,3,89.21922,nigeria,draw_156
Male,1.1611783088524898,3,89.21922,nigeria,draw_156
Female,1.138463373198845,2,89.32933,nigeria,draw_156
Male,1.160100644004098,2,89.32933,nigeria,draw_156
Female,1.16447574816763,3,89.32933,nigeria,draw_156
Male,1.1599603896274648,3,89.32933,nigeria,draw_156
Female,1.1373231281566858,2,89.43944,nigeria,draw_156
Male,1.1588218048253198,2,89.43944,nigeria,draw_156
Female,1.1632352639513228,3,89.43944,nigeria,draw_156
Male,1.1587490367475555,3,89.43944,nigeria,draw_156
Female,1.13619176046162,2,89.54955,nigeria,draw_156
Male,1.1575527951620577,2,89.54955,nigeria,draw_156
Female,1.16200262761088,3,89.54955,nigeria,draw_156
Male,1.1575458369213283,3,89.54955,nigeria,draw_156
Female,1.1350682175915856,2,89.65966,nigeria,draw_156
Male,1.156292276636088,2,89.65966,nigeria,draw_156
Female,1.1607774719213897,3,89.65966,nigeria,draw_156
Male,1.1563503138564675,3,89.65966,nigeria,draw_156
Female,1.1339539708516038,2,89.76977,nigeria,draw_156
Male,1.1550408876719025,2,89.76977,nigeria,draw_156
Female,1.1595608523916323,3,89.76977,nigeria,draw_156
Male,1.155162632236587,3,89.76977,nigeria,draw_156
Female,1.1328474077289046,2,89.87988,nigeria,draw_156
Male,1.1537976618246406,2,89.87988,nigeria,draw_156
Female,1.1583516384808954,3,89.87988,nigeria,draw_156
Male,1.1539823695001783,3,89.87988,nigeria,draw_156
Female,1.1317489605120623,2,89.98999,nigeria,draw_156
Male,1.1525631984871223,2,89.98999,nigeria,draw_156
Female,1.1571499680068564,3,89.98999,nigeria,draw_156
Male,1.1528098282099504,3,89.98999,nigeria,draw_156
Female,1.130658054922362,2,90.1001,nigeria,draw_156
Male,1.151337714976475,2,90.1001,nigeria,draw_156
Female,1.1559554284550748,3,90.1001,nigeria,draw_156
Male,1.1516450546213144,3,90.1001,nigeria,draw_156
Female,1.1295761094750845,2,90.21021,nigeria,draw_156
Male,1.1501205573616553,2,90.21021,nigeria,draw_156
Female,1.154769170553576,3,90.21021,nigeria,draw_156
Male,1.1504876749761053,3,90.21021,nigeria,draw_156
Female,1.1285023853940406,2,90.32032,nigeria,draw_156
Male,1.1489133022909896,2,90.32032,nigeria,draw_156
Female,1.1535909570277416,3,90.32032,nigeria,draw_156
Male,1.1493390887218813,3,90.32032,nigeria,draw_156
Female,1.127436796148597,2,90.43043,nigeria,draw_156
Male,1.147715632195598,2,90.43043,nigeria,draw_156
Female,1.1524207734349015,3,90.43043,nigeria,draw_156
Male,1.1481987250377934,3,90.43043,nigeria,draw_156
Female,1.1263793109293063,2,90.54054,nigeria,draw_156
Male,1.1465260025934456,2,90.54054,nigeria,draw_156
Female,1.1512584129366479,3,90.54054,nigeria,draw_156
Male,1.1470658175381006,3,90.54054,nigeria,draw_156
Female,1.125329727154883,2,90.65065,nigeria,draw_156
Male,1.1453461544667938,2,90.65065,nigeria,draw_156
Female,1.1501039387519754,3,90.65065,nigeria,draw_156
Male,1.1459414003466053,3,90.65065,nigeria,draw_156
Female,1.1242879885302421,2,90.76076,nigeria,draw_156
Male,1.14417474311372,2,90.76076,nigeria,draw_156
Female,1.1489573827109727,3,90.76076,nigeria,draw_156
Male,1.1448248227128812,3,90.76076,nigeria,draw_156
Female,1.1232551032497597,2,90.87087,nigeria,draw_156
Male,1.1430119357231,2,90.87087,nigeria,draw_156
Female,1.1478193379141013,3,90.87087,nigeria,draw_156
Male,1.1437160995684954,3,90.87087,nigeria,draw_156
Female,1.1222312364855596,2,90.98098,nigeria,draw_156
Male,1.141858981882741,2,90.98098,nigeria,draw_156
Female,1.1466902030332362,3,90.98098,nigeria,draw_156
Male,1.1426160898226623,3,90.98098,nigeria,draw_156
Female,1.121215457619321,2,91.09109,nigeria,draw_156
Male,1.1407154466695792,2,91.09109,nigeria,draw_156
Female,1.1455696585002384,3,91.09109,nigeria,draw_156
Male,1.1415247427466673,3,91.09109,nigeria,draw_156
Female,1.1202077055553885,2,91.2012,nigeria,draw_156
Male,1.1395808260286493,2,91.2012,nigeria,draw_156
Female,1.144457188017404,3,91.2012,nigeria,draw_156
Male,1.140441484730581,3,91.2012,nigeria,draw_156
Female,1.1192082153234377,2,91.31131,nigeria,draw_156
Male,1.1384542946001437,2,91.31131,nigeria,draw_156
Female,1.1433530386995037,3,91.31131,nigeria,draw_156
Male,1.139365903695157,3,91.31131,nigeria,draw_156
Female,1.1182168844463691,2,91.42142,nigeria,draw_156
Male,1.1373363887612469,2,91.42142,nigeria,draw_156
Female,1.1422569027848788,3,91.42142,nigeria,draw_156
Male,1.138298365951492,3,91.42142,nigeria,draw_156
Female,1.1172336123013604,2,91.53153,nigeria,draw_156
Male,1.1362281842011726,2,91.53153,nigeria,draw_156
Female,1.1411686224856215,3,91.53153,nigeria,draw_156
Male,1.1372394016520995,3,91.53153,nigeria,draw_156
Female,1.116258324205815,2,91.64164,nigeria,draw_156
Male,1.1351277046239383,2,91.64164,nigeria,draw_156
Female,1.1400883629247671,3,91.64164,nigeria,draw_156
Male,1.1361878009239625,3,91.64164,nigeria,draw_156
Female,1.1152925429274692,2,91.75175,nigeria,draw_156
Male,1.1340372622063963,2,91.75175,nigeria,draw_156
Female,1.1390176950402588,3,91.75175,nigeria,draw_156
Male,1.1351454127261678,3,91.75175,nigeria,draw_156
Female,1.1143340137622717,2,91.86186,nigeria,draw_156
Male,1.1329558691023391,2,91.86186,nigeria,draw_156
Female,1.137954602779316,3,91.86186,nigeria,draw_156
Male,1.1341112810405924,3,91.86186,nigeria,draw_156
Female,1.1133841485352618,2,91.97197,nigeria,draw_156
Male,1.131883459887588,2,91.97197,nigeria,draw_156
Female,1.1368998643592965,3,91.97197,nigeria,draw_156
Male,1.1330853249626371,3,91.97197,nigeria,draw_156
Female,1.1124421451078412,2,92.08208,nigeria,draw_156
Male,1.1308191663998521,2,92.08208,nigeria,draw_156
Female,1.1358531224469037,3,92.08208,nigeria,draw_156
Male,1.132066976274097,3,92.08208,nigeria,draw_156
Female,1.1115076202479326,2,92.19219,nigeria,draw_156
Male,1.1297635517592413,2,92.19219,nigeria,draw_156
Female,1.1348141030728,3,92.19219,nigeria,draw_156
Male,1.131056660183276,3,92.19219,nigeria,draw_156
Female,1.1105813182024173,2,92.3023,nigeria,draw_156
Male,1.1287168558277023,2,92.3023,nigeria,draw_156
Female,1.133783411906545,3,92.3023,nigeria,draw_156
Male,1.130054440944216,3,92.3023,nigeria,draw_156
Female,1.1096628817474479,2,92.41241,nigeria,draw_156
Male,1.1276783996282245,2,92.41241,nigeria,draw_156
Female,1.1327609317357066,3,92.41241,nigeria,draw_156
Male,1.1290601878686346,3,92.41241,nigeria,draw_156
Female,1.1087537271056698,2,92.52252,nigeria,draw_156
Male,1.1266504795926795,2,92.52252,nigeria,draw_156
Female,1.1317479699818869,3,92.52252,nigeria,draw_156
Male,1.1280753661314131,3,92.52252,nigeria,draw_156
Female,1.1078517168636328,2,92.63263,nigeria,draw_156
Male,1.1256299546822703,2,92.63263,nigeria,draw_156
Female,1.1307425639354094,3,92.63263,nigeria,draw_156
Male,1.1270978252912183,3,92.63263,nigeria,draw_156
Female,1.106957826805335,2,92.74274,nigeria,draw_156
Male,1.124617740359756,2,92.74274,nigeria,draw_156
Female,1.1297454434354393,3,92.74274,nigeria,draw_156
Male,1.1261280374108027,3,92.74274,nigeria,draw_156
Female,1.1060707822902807,2,92.85285,nigeria,draw_156
Male,1.1236152135170985,2,92.85285,nigeria,draw_156
Female,1.128755572271606,3,92.85285,nigeria,draw_156
Male,1.1251667687758686,3,92.85285,nigeria,draw_156
Female,1.1051920201674197,2,92.96296,nigeria,draw_156
Male,1.1226206230031166,2,92.96296,nigeria,draw_156
Female,1.1277740786900343,3,92.96296,nigeria,draw_156
Male,1.124213051986973,3,92.96296,nigeria,draw_156
Female,1.104319720247049,2,93.07307,nigeria,draw_156
Male,1.1216337073224438,2,93.07307,nigeria,draw_156
Female,1.1267996731859444,3,93.07307,nigeria,draw_156
Male,1.1232666846651298,3,93.07307,nigeria,draw_156
Female,1.1034573737835967,2,93.18318,nigeria,draw_156
Male,1.1206572088010835,2,93.18318,nigeria,draw_156
Female,1.1258352939583827,3,93.18318,nigeria,draw_156
Male,1.1223297845440017,3,93.18318,nigeria,draw_156
Female,1.102601073187055,2,93.29329,nigeria,draw_156
Male,1.1196884061535843,2,93.29329,nigeria,draw_156
Female,1.1248776378879934,3,93.29329,nigeria,draw_156
Male,1.1214004061751965,3,93.29329,nigeria,draw_156
Female,1.1017532293903343,2,93.4034,nigeria,draw_156
Male,1.1187281046405393,2,93.4034,nigeria,draw_156
Female,1.1239283941342668,3,93.4034,nigeria,draw_156
Male,1.1204789163159188,3,93.4034,nigeria,draw_156
Female,1.1009120372457368,2,93.51351,nigeria,draw_156
Male,1.1177747435762588,2,93.51351,nigeria,draw_156
Female,1.122986368048851,3,93.51351,nigeria,draw_156
Male,1.1195643749658806,3,93.51351,nigeria,draw_156
Female,1.1000780000060217,2,93.62362,nigeria,draw_156
Male,1.1168296349456177,2,93.62362,nigeria,draw_156
Female,1.1220520480790332,3,93.62362,nigeria,draw_156
Male,1.1186574879981939,3,93.62362,nigeria,draw_156
Female,1.0992516464126085,2,93.73373,nigeria,draw_156
Male,1.1158930615369735,2,93.73373,nigeria,draw_156
Female,1.1211258200132064,3,93.73373,nigeria,draw_156
Male,1.1177583999561211,3,93.73373,nigeria,draw_156
Female,1.0984320136959782,2,93.84384,nigeria,draw_156
Male,1.1149638113666664,2,93.84384,nigeria,draw_156
Female,1.1202070862952942,3,93.84384,nigeria,draw_156
Male,1.1168667020977008,3,93.84384,nigeria,draw_156
Female,1.0976202520773055,2,93.95395,nigeria,draw_156
Male,1.114043824229982,2,93.95395,nigeria,draw_156
Female,1.119296724546346,3,93.95395,nigeria,draw_156
Male,1.1159836611669562,3,93.95395,nigeria,draw_156
Female,1.096816188994136,2,94.06406,nigeria,draw_156
Male,1.1131313108873147,2,94.06406,nigeria,draw_156
Female,1.1183943908959666,3,94.06406,nigeria,draw_156
Male,1.1151079370999673,3,94.06406,nigeria,draw_156
Female,1.096018656331711,2,94.17417,nigeria,draw_156
Male,1.1122268226920549,2,94.17417,nigeria,draw_156
Female,1.1174991191617003,3,94.17417,nigeria,draw_156
Male,1.1142397908754762,3,94.17417,nigeria,draw_156
Female,1.095229181276348,2,94.28428,nigeria,draw_156
Male,1.1113295389632112,2,94.28428,nigeria,draw_156
Female,1.1166120060362628,3,94.28428,nigeria,draw_156
Male,1.1133787556556194,3,94.28428,nigeria,draw_156
Female,1.0944459037821286,2,94.39439,nigeria,draw_156
Male,1.1104396947447364,2,94.39439,nigeria,draw_156
Female,1.115731737696387,3,94.39439,nigeria,draw_156
Male,1.112524939604144,3,94.39439,nigeria,draw_156
Female,1.0936702151073845,2,94.5045,nigeria,draw_156
Male,1.1095573901955067,2,94.5045,nigeria,draw_156
Female,1.1148593094388448,3,94.5045,nigeria,draw_156
Male,1.111678393898184,3,94.5045,nigeria,draw_156
Female,1.0929017259966098,2,94.61461,nigeria,draw_156
Male,1.1086839993276167,2,94.61461,nigeria,draw_156
Female,1.1139950550052464,3,94.61461,nigeria,draw_156
Male,1.1108405231951055,3,94.61461,nigeria,draw_156
Female,1.0921410830875893,2,94.72472,nigeria,draw_156
Male,1.10781868169615,2,94.72472,nigeria,draw_156
Female,1.113138928246856,3,94.72472,nigeria,draw_156
Male,1.1100102517552826,3,94.72472,nigeria,draw_156
Female,1.0913877657202815,2,94.83483,nigeria,draw_156
Male,1.1069609923302095,2,94.83483,nigeria,draw_156
Female,1.1122905783214947,3,94.83483,nigeria,draw_156
Male,1.10918734150285,3,94.83483,nigeria,draw_156
Female,1.0906412291054604,2,94.94494,nigeria,draw_156
Male,1.1061114052724441,2,94.94494,nigeria,draw_156
Female,1.1114495136837232,3,94.94494,nigeria,draw_156
Male,1.1083720908829509,3,94.94494,nigeria,draw_156
Female,1.0899017693499582,2,95.05506,nigeria,draw_156
Male,1.1052689697447056,2,95.05506,nigeria,draw_156
Female,1.1106159194605336,3,95.05506,nigeria,draw_156
Male,1.1075639339767125,3,95.05506,nigeria,draw_156
Female,1.0891692934594774,2,95.16517,nigeria,draw_156
Male,1.1044345020054693,2,95.16517,nigeria,draw_156
Female,1.1097899305328471,3,95.16517,nigeria,draw_156
Male,1.1067633392820646,3,95.16517,nigeria,draw_156
Female,1.0884440869115213,2,95.27528,nigeria,draw_156
Male,1.1036079374863759,2,95.27528,nigeria,draw_156
Female,1.1089719614039966,3,95.27528,nigeria,draw_156
Male,1.1059705385736585,3,95.27528,nigeria,draw_156
Female,1.0877257568422967,2,95.38539,nigeria,draw_156
Male,1.1027894166327157,2,95.38539,nigeria,draw_156
Female,1.1081618011419576,3,95.38539,nigeria,draw_156
Male,1.1051856720124191,3,95.38539,nigeria,draw_156
Female,1.0870141368308153,2,95.4955,nigeria,draw_156
Male,1.1019787221733797,2,95.4955,nigeria,draw_156
Female,1.1073588932790588,3,95.4955,nigeria,draw_156
Male,1.1044082530906796,3,95.4955,nigeria,draw_156
Female,1.0863097881175536,2,95.60561,nigeria,draw_156
Male,1.10117473682828,2,95.60561,nigeria,draw_156
Female,1.1065636777156362,3,95.60561,nigeria,draw_156
Male,1.1036376864734143,3,95.60561,nigeria,draw_156
Female,1.0856119574345184,2,95.71572,nigeria,draw_156
Male,1.1003787462092698,2,95.71572,nigeria,draw_156
Female,1.105775652897502,3,95.71572,nigeria,draw_156
Male,1.1028745542162217,3,95.71572,nigeria,draw_156
Female,1.0849209865845895,2,95.82583,nigeria,draw_156
Male,1.0995887221771539,2,95.82583,nigeria,draw_156
Female,1.10499502014946,3,95.82583,nigeria,draw_156
Male,1.1021177825500943,3,95.82583,nigeria,draw_156
Female,1.0842364631287889,2,95.93594,nigeria,draw_156
Male,1.0988072385137253,2,95.93594,nigeria,draw_156
Female,1.10422138494277,3,95.93594,nigeria,draw_156
Male,1.1013688139882571,3,95.93594,nigeria,draw_156
Female,1.0835595658397819,2,96.04605,nigeria,draw_156
Male,1.0980336185023598,2,96.04605,nigeria,draw_156
Female,1.1034561383274506,3,96.04605,nigeria,draw_156
Male,1.100627891292464,3,96.04605,nigeria,draw_156
Female,1.08288927841738,2,96.15616,nigeria,draw_156
Male,1.097266733677635,2,96.15616,nigeria,draw_156
Female,1.1026980408655973,3,96.15616,nigeria,draw_156
Male,1.0998937555361088,3,96.15616,nigeria,draw_156
Female,1.082225167678876,2,96.26627,nigeria,draw_156
Male,1.0965076457105647,2,96.26627,nigeria,draw_156
Female,1.101946853320397,3,96.26627,nigeria,draw_156
Male,1.0991669884931288,3,96.26627,nigeria,draw_156
Female,1.081567626638171,2,96.37638,nigeria,draw_156
Male,1.095755927176903,2,96.37638,nigeria,draw_156
Female,1.1012028822669635,3,96.37638,nigeria,draw_156
Male,1.098447324986237,3,96.37638,nigeria,draw_156
Female,1.0809170727231163,2,96.48649,nigeria,draw_156
Male,1.0950109297334383,2,96.48649,nigeria,draw_156
Female,1.1004663233323708,3,96.48649,nigeria,draw_156
Male,1.0977344196578123,3,96.48649,nigeria,draw_156
Female,1.080272204327187,2,96.5966,nigeria,draw_156
Male,1.0942728827840256,2,96.5966,nigeria,draw_156
Female,1.099736271283382,3,96.5966,nigeria,draw_156
Male,1.09702838807564,3,96.5966,nigeria,draw_156
Female,1.0796340817411456,2,96.70671,nigeria,draw_156
Male,1.093543415436173,2,96.70671,nigeria,draw_156
Female,1.0990137588349371,3,96.70671,nigeria,draw_156
Male,1.096330416065574,3,96.70671,nigeria,draw_156
Female,1.0790031951114545,2,96.81682,nigeria,draw_156
Male,1.0928208720697579,2,96.81682,nigeria,draw_156
Female,1.0982991147585992,3,96.81682,nigeria,draw_156
Male,1.0956395524255473,3,96.81682,nigeria,draw_156
Female,1.0783775492197003,2,96.92693,nigeria,draw_156
Male,1.0921047199136706,2,96.92693,nigeria,draw_156
Female,1.097590699588652,3,96.92693,nigeria,draw_156
Male,1.0949551858766022,3,96.92693,nigeria,draw_156
Female,1.0777587696438438,2,97.03704,nigeria,draw_156
Male,1.0913956064480073,2,97.03704,nigeria,draw_156
Female,1.0968897250010097,3,97.03704,nigeria,draw_156
Male,1.0942777155839283,3,97.03704,nigeria,draw_156
Female,1.0771454307660673,2,97.14715,nigeria,draw_156
Male,1.090693403648542,2,97.14715,nigeria,draw_156
Female,1.0961950719205906,3,97.14715,nigeria,draw_156
Male,1.09360705049058,3,97.14715,nigeria,draw_156
Female,1.076538535960009,2,97.25726,nigeria,draw_156
Male,1.089997487487463,2,97.25726,nigeria,draw_156
Female,1.095507488849838,3,97.25726,nigeria,draw_156
Male,1.0929427681572608,3,97.25726,nigeria,draw_156
Female,1.0759376498465416,2,97.36737,nigeria,draw_156
Male,1.0893083091045324,2,97.36737,nigeria,draw_156
Female,1.0948265893558953,3,97.36737,nigeria,draw_156
Male,1.0922851348739828,3,97.36737,nigeria,draw_156
Female,1.0753436279432924,2,97.47748,nigeria,draw_156
Male,1.0886269796074008,2,97.47748,nigeria,draw_156
Female,1.0941536021449563,3,97.47748,nigeria,draw_156
Male,1.0916353779084917,3,97.47748,nigeria,draw_156
Female,1.0747560656555635,2,97.58759,nigeria,draw_156
Male,1.087952473441971,2,97.58759,nigeria,draw_156
Female,1.0934876963933768,3,97.58759,nigeria,draw_156
Male,1.0909923705329716,3,97.58759,nigeria,draw_156
Female,1.0741740032764384,2,97.6977,nigeria,draw_156
Male,1.0872838592194798,2,97.6977,nigeria,draw_156
Female,1.0928280546236087,3,97.6977,nigeria,draw_156
Male,1.0903555609310043,3,97.6977,nigeria,draw_156
Female,1.0735977364375309,2,97.80781,nigeria,draw_156
Male,1.0866212884735107,2,97.80781,nigeria,draw_156
Female,1.0921749441144988,3,97.80781,nigeria,draw_156
Male,1.0897250076798202,3,97.80781,nigeria,draw_156
Female,1.073027426917426,2,97.91792,nigeria,draw_156
Male,1.0859666992202055,2,97.91792,nigeria,draw_156
Female,1.0915286196357388,3,97.91792,nigeria,draw_156
Male,1.089101797864274,3,97.91792,nigeria,draw_156
Female,1.0724630378396043,2,98.02803,nigeria,draw_156
Male,1.0853177986330005,2,98.02803,nigeria,draw_156
Female,1.0908890072759068,3,98.02803,nigeria,draw_156
Male,1.0884845981150844,3,98.02803,nigeria,draw_156
Female,1.0719045979229342,2,98.13814,nigeria,draw_156
Male,1.0846763210265524,2,98.13814,nigeria,draw_156
Female,1.0902563465627806,3,98.13814,nigeria,draw_156
Male,1.0878747461789657,3,98.13814,nigeria,draw_156
Female,1.0713518856382596,2,98.24825,nigeria,draw_156
Male,1.0840418614848106,2,98.24825,nigeria,draw_156
Female,1.0896304950845503,3,98.24825,nigeria,draw_156
Male,1.0872719234215416,3,98.24825,nigeria,draw_156
Female,1.070804773377666,2,98.35836,nigeria,draw_156
Male,1.083413544253767,2,98.35836,nigeria,draw_156
Female,1.089011123747117,3,98.35836,nigeria,draw_156
Male,1.0866753531152433,3,98.35836,nigeria,draw_156
Female,1.0702641608446033,2,98.46847,nigeria,draw_156
Male,1.0827918421019762,2,98.46847,nigeria,draw_156
Female,1.088398874746173,3,98.46847,nigeria,draw_156
Male,1.0860852735878148,3,98.46847,nigeria,draw_156
Female,1.0697281262896878,2,98.57858,nigeria,draw_156
Male,1.0821760917902519,2,98.57858,nigeria,draw_156
Female,1.087792332353386,3,98.57858,nigeria,draw_156
Male,1.0855012852265746,3,98.57858,nigeria,draw_156
Female,1.0691977899430016,2,98.68869,nigeria,draw_156
Male,1.0815671951819483,2,98.68869,nigeria,draw_156
Female,1.087192369138189,3,98.68869,nigeria,draw_156
Male,1.0849239074467947,3,98.68869,nigeria,draw_156
Female,1.0686729416409755,2,98.7988,nigeria,draw_156
Male,1.0809642308684266,2,98.7988,nigeria,draw_156
Female,1.086598760187525,3,98.7988,nigeria,draw_156
Male,1.0843526676094863,3,98.7988,nigeria,draw_156
Female,1.0681547947537218,2,98.90891,nigeria,draw_156
Male,1.0803678360949336,2,98.90891,nigeria,draw_156
Female,1.0860128318891398,3,98.90891,nigeria,draw_156
Male,1.083788381144756,3,98.90891,nigeria,draw_156
Female,1.0676419552673484,2,99.01902,nigeria,draw_156
Male,1.0797785209687039,2,99.01902,nigeria,draw_156
Female,1.0854330526534428,3,99.01902,nigeria,draw_156
Male,1.0832308097713732,3,99.01902,nigeria,draw_156
Female,1.067134782754462,2,99.12913,nigeria,draw_156
Male,1.079194347955946,2,99.12913,nigeria,draw_156
Female,1.0848597234418238,3,99.12913,nigeria,draw_156
Male,1.0826788405457692,3,99.12913,nigeria,draw_156
Female,1.0666325286907896,2,99.23924,nigeria,draw_156
Male,1.07861703780002,2,99.23924,nigeria,draw_156
Female,1.0842923603015682,3,99.23924,nigeria,draw_156
Male,1.0821334287046986,3,99.23924,nigeria,draw_156
Female,1.0661354149145759,2,99.34935,nigeria,draw_156
Male,1.0780455288124813,2,99.34935,nigeria,draw_156
Female,1.083731085736794,3,99.34935,nigeria,draw_156
Male,1.0815939885119674,3,99.34935,nigeria,draw_156
Female,1.0656440145885018,2,99.45946,nigeria,draw_156
Male,1.0774797015811464,2,99.45946,nigeria,draw_156
Female,1.083176282575029,3,99.45946,nigeria,draw_156
Male,1.0810604402746449,3,99.45946,nigeria,draw_156
Female,1.065158312575232,2,99.56957,nigeria,draw_156
Male,1.0769209276111913,2,99.56957,nigeria,draw_156
Female,1.0826281815822028,3,99.56957,nigeria,draw_156
Male,1.0805338900619206,3,99.56957,nigeria,draw_156
Female,1.0646787626422762,2,99.67968,nigeria,draw_156
Male,1.0763680285258068,2,99.67968,nigeria,draw_156
Female,1.0820870652558734,3,99.67968,nigeria,draw_156
Male,1.0800135749168625,3,99.67968,nigeria,draw_156
Female,1.0642044690558563,2,99.78979,nigeria,draw_156
Male,1.0758212443356436,2,99.78979,nigeria,draw_156
Female,1.0815520705149149,3,99.78979,nigeria,draw_156
Male,1.07949938122538,3,99.78979,nigeria,draw_156
Female,1.063734865839665,2,99.8999,nigeria,draw_156
Male,1.0752805316478555,2,99.8999,nigeria,draw_156
Female,1.0810227524901566,3,99.8999,nigeria,draw_156
Male,1.07899125673921,3,99.8999,nigeria,draw_156
Female,1.063270118703075,2,100.01001,nigeria,draw_156
Male,1.0747448771040482,2,100.01001,nigeria,draw_156
Female,1.08049922397004,3,100.01001,nigeria,draw_156
Male,1.0784886033215937,3,100.01001,nigeria,draw_156
Female,1.0628109518190376,2,100.12012,nigeria,draw_156
Male,1.0742155982830155,2,100.12012,nigeria,draw_156
Female,1.079981970613796,3,100.12012,nigeria,draw_156
Male,1.0779921657351943,3,100.12012,nigeria,draw_156
Female,1.0623568446905183,2,100.23023,nigeria,draw_156
Male,1.0736919563010032,2,100.23023,nigeria,draw_156
Female,1.079470634640432,3,100.23023,nigeria,draw_156
Male,1.0775014552758255,3,100.23023,nigeria,draw_156
Female,1.0619072075496507,2,100.34034,nigeria,draw_156
Male,1.0731733990504282,2,100.34034,nigeria,draw_156
Female,1.078964720954136,3,100.34034,nigeria,draw_156
Male,1.077016088729198,3,100.34034,nigeria,draw_156
Female,1.0614619902578468,2,100.45045,nigeria,draw_156
Male,1.0726594332482704,2,100.45045,nigeria,draw_156
Female,1.0784637225514715,3,100.45045,nigeria,draw_156
Male,1.0765352890471798,3,100.45045,nigeria,draw_156
Female,1.0610203028459988,2,100.56056,nigeria,draw_156
Male,1.072150055883861,2,100.56056,nigeria,draw_156
Female,1.0779668221727368,3,100.56056,nigeria,draw_156
Male,1.0760589548168233,3,100.56056,nigeria,draw_156
Female,1.0605824564625026,2,100.67067,nigeria,draw_156
Male,1.071644889841026,2,100.67067,nigeria,draw_156
Female,1.077474280697978,3,100.67067,nigeria,draw_156
Male,1.0755867926733178,3,100.67067,nigeria,draw_156
Female,1.0601486224152143,2,100.78078,nigeria,draw_156
Male,1.07114373454722,2,100.78078,nigeria,draw_156
Female,1.0769862110426232,3,100.78078,nigeria,draw_156
Male,1.075118631987187,3,100.78078,nigeria,draw_156
Female,1.0597177244832283,2,100.89089,nigeria,draw_156
Male,1.0706467982714092,2,100.89089,nigeria,draw_156
Female,1.0765018015511418,3,100.89089,nigeria,draw_156
Male,1.074654594492197,3,100.89089,nigeria,draw_156
Female,1.0592907596171568,2,101.001,nigeria,draw_156
Male,1.0701536031038197,2,101.001,nigeria,draw_156
Female,1.0760219768334451,3,101.001,nigeria,draw_156
Male,1.0741946353742535,3,101.001,nigeria,draw_156
Female,1.0588675517524213,2,101.11111,nigeria,draw_156
Male,1.0696649669980092,2,101.11111,nigeria,draw_156
Female,1.075546418239313,3,101.11111,nigeria,draw_156
Male,1.0737390304665744,3,101.11111,nigeria,draw_156
Female,1.0584478730338653,2,101.22122,nigeria,draw_156
Male,1.069179977492946,2,101.22122,nigeria,draw_156
Female,1.0750748427631382,3,101.22122,nigeria,draw_156
Male,1.0732870726413615,3,101.22122,nigeria,draw_156
Female,1.0580307429536107,2,101.33133,nigeria,draw_156
Male,1.0686988782264333,2,101.33133,nigeria,draw_156
Female,1.0746064323605673,3,101.33133,nigeria,draw_156
Male,1.072838839185842,3,101.33133,nigeria,draw_156
Female,1.057617554206167,2,101.44144,nigeria,draw_156
Male,1.0682205807809326,2,101.44144,nigeria,draw_156
Female,1.0741422012430397,3,101.44144,nigeria,draw_156
Male,1.0723936427720164,3,101.44144,nigeria,draw_156
Female,1.0572064863252715,2,101.55155,nigeria,draw_156
Male,1.067746357158023,2,101.55155,nigeria,draw_156
Female,1.073680699255576,3,101.55155,nigeria,draw_156
Male,1.0719521243016519,3,101.55155,nigeria,draw_156
Female,1.0567987021282734,2,101.66166,nigeria,draw_156
Male,1.067275738746821,2,101.66166,nigeria,draw_156
Female,1.0732228639981052,3,101.66166,nigeria,draw_156
Male,1.071514081178708,3,101.66166,nigeria,draw_156
Female,1.056393982500208,2,101.77177,nigeria,draw_156
Male,1.0668082488036372,2,101.77177,nigeria,draw_156
Female,1.072768666533142,3,101.77177,nigeria,draw_156
Male,1.071079432130473,3,101.77177,nigeria,draw_156
Female,1.0559926926399614,2,101.88188,nigeria,draw_156
Male,1.0663450100083305,2,101.88188,nigeria,draw_156
Female,1.0723181447538903,3,101.88188,nigeria,draw_156
Male,1.0706485678779996,3,101.88188,nigeria,draw_156
Female,1.055593962199227,2,101.99199,nigeria,draw_156
Male,1.0658839990386326,2,101.99199,nigeria,draw_156
Female,1.0718706883261744,3,101.99199,nigeria,draw_156
Male,1.0702202887658006,3,101.99199,nigeria,draw_156
Female,1.0551978462927631,2,102.1021,nigeria,draw_156
Male,1.0654262826841214,2,102.1021,nigeria,draw_156
Female,1.07142624216439,3,102.1021,nigeria,draw_156
Male,1.0697951729930137,3,102.1021,nigeria,draw_156
Female,1.0548038738476784,2,102.21221,nigeria,draw_156
Male,1.0649714305834352,2,102.21221,nigeria,draw_156
Female,1.0709843349995791,3,102.21221,nigeria,draw_156
Male,1.0693727911363735,3,102.21221,nigeria,draw_156
Female,1.0544120230471576,2,102.32232,nigeria,draw_156
Male,1.0645184465374538,2,102.32232,nigeria,draw_156
Female,1.0705446903781002,3,102.32232,nigeria,draw_156
Male,1.0689523085739787,3,102.32232,nigeria,draw_156
Female,1.0540225591742574,2,102.43243,nigeria,draw_156
Male,1.0640680588489284,2,102.43243,nigeria,draw_156
Female,1.070107528301595,3,102.43243,nigeria,draw_156
Male,1.0685342020169886,3,102.43243,nigeria,draw_156
Female,1.0536350691851062,2,102.54254,nigeria,draw_156
Male,1.0636202154478085,2,102.54254,nigeria,draw_156
Female,1.0696725259354245,3,102.54254,nigeria,draw_156
Male,1.0681183770525426,3,102.54254,nigeria,draw_156
Female,1.0532491447595718,2,102.65265,nigeria,draw_156
Male,1.0631743569368357,2,102.65265,nigeria,draw_156
Female,1.0692393477705784,3,102.65265,nigeria,draw_156
Male,1.0677044395317943,3,102.65265,nigeria,draw_156
Female,1.0528649772474516,2,102.76276,nigeria,draw_156
Male,1.0627303919932125,2,102.76276,nigeria,draw_156
Female,1.0688081264441738,3,102.76276,nigeria,draw_156
Male,1.0672923485702792,3,102.76276,nigeria,draw_156
Female,1.0524827786356417,2,102.87287,nigeria,draw_156
Male,1.0622883689354614,2,102.87287,nigeria,draw_156
Female,1.068379045467862,3,102.87287,nigeria,draw_156
Male,1.0668821328176414,3,102.87287,nigeria,draw_156
Female,1.0521022387670638,2,102.98298,nigeria,draw_156
Male,1.0618487643858638,2,102.98298,nigeria,draw_156
Female,1.0679518386567939,3,102.98298,nigeria,draw_156
Male,1.0664741109050926,3,102.98298,nigeria,draw_156
Female,1.0517241006861189,2,103.09309,nigeria,draw_156
Male,1.0614106952847517,2,103.09309,nigeria,draw_156
Female,1.067527073480438,3,103.09309,nigeria,draw_156
Male,1.0660677833136394,3,103.09309,nigeria,draw_156
Female,1.0513477627003356,2,103.2032,nigeria,draw_156
Male,1.0609754695747973,2,103.2032,nigeria,draw_156
Female,1.0671043731988807,3,103.2032,nigeria,draw_156
Male,1.0656639968347115,3,103.2032,nigeria,draw_156
Female,1.0509728467800914,2,103.31331,nigeria,draw_156
Male,1.0605424220247557,2,103.31331,nigeria,draw_156
Female,1.0666833807487535,3,103.31331,nigeria,draw_156
Male,1.0652622213721388,3,103.31331,nigeria,draw_156
Female,1.0506002598832167,2,103.42342,nigeria,draw_156
Male,1.0601110154729876,2,103.42342,nigeria,draw_156
Female,1.0662647032326347,3,103.42342,nigeria,draw_156
Male,1.0648620333583407,3,103.42342,nigeria,draw_156
Female,1.0502290094378397,2,103.53353,nigeria,draw_156
Male,1.0596817085646133,2,103.53353,nigeria,draw_156
Female,1.0658475665520852,3,103.53353,nigeria,draw_156
Male,1.0644636417904139,3,103.53353,nigeria,draw_156
Female,1.0498589174534116,2,103.64364,nigeria,draw_156
Male,1.0592537463711726,2,103.64364,nigeria,draw_156
Female,1.0654317407970617,3,103.64364,nigeria,draw_156
Male,1.064066514983609,3,103.64364,nigeria,draw_156
Female,1.0494900165860814,2,103.75375,nigeria,draw_156
Male,1.0588271452920206,2,103.75375,nigeria,draw_156
Female,1.0650171626904394,3,103.75375,nigeria,draw_156
Male,1.0636706655180745,3,103.75375,nigeria,draw_156
Female,1.0491227361627824,2,103.86386,nigeria,draw_156
Male,1.0584020390476563,2,103.86386,nigeria,draw_156
Female,1.064604248139489,3,103.86386,nigeria,draw_156
Male,1.0632762506224327,3,103.86386,nigeria,draw_156
Female,1.048756352230371,2,103.97397,nigeria,draw_156
Male,1.0579791646898025,2,103.97397,nigeria,draw_156
Female,1.0641924535119127,3,103.97397,nigeria,draw_156
Male,1.0628836665539507,3,103.97397,nigeria,draw_156
Female,1.048392282089272,2,104.08408,nigeria,draw_156
Male,1.0575571689571932,2,104.08408,nigeria,draw_156
Female,1.0637828564863934,3,104.08408,nigeria,draw_156
Male,1.0624920914226614,3,104.08408,nigeria,draw_156
Female,1.0480287368037544,2,104.19419,nigeria,draw_156
Male,1.0571371280811908,2,104.19419,nigeria,draw_156
Female,1.0633740269415732,3,104.19419,nigeria,draw_156
Male,1.0621021417132255,3,104.19419,nigeria,draw_156
Female,1.0476673187629166,2,104.3043,nigeria,draw_156
Male,1.05671772492643,2,104.3043,nigeria,draw_156
Female,1.0629671670010195,3,104.3043,nigeria,draw_156
Male,1.061713049568718,3,104.3043,nigeria,draw_156
Female,1.0473064837089876,2,104.41441,nigeria,draw_156
Male,1.056300642095229,2,104.41441,nigeria,draw_156
Female,1.062561115738309,3,104.41441,nigeria,draw_156
Male,1.0613258304233155,3,104.41441,nigeria,draw_156
Female,1.0469475753533344,2,104.52452,nigeria,draw_156
Male,1.0558853125323688,2,104.52452,nigeria,draw_156
Female,1.062156972894718,3,104.52452,nigeria,draw_156
Male,1.0609401470430009,3,104.52452,nigeria,draw_156
Female,1.0465894110757814,2,104.63463,nigeria,draw_156
Male,1.0554709289010538,2,104.63463,nigeria,draw_156
Female,1.0617538780175997,3,104.63463,nigeria,draw_156
Male,1.0605555662952189,3,104.63463,nigeria,draw_156
Female,1.0462331571619945,2,104.74474,nigeria,draw_156
Male,1.0550584941356305,2,104.74474,nigeria,draw_156
Female,1.0613526268153586,3,104.74474,nigeria,draw_156
Male,1.060172616844345,3,104.74474,nigeria,draw_156
Female,1.0458782382604979,2,104.85485,nigeria,draw_156
Male,1.0546479703210194,2,104.85485,nigeria,draw_156
Female,1.0609527493132849,3,104.85485,nigeria,draw_156
Male,1.0597912675078112,3,104.85485,nigeria,draw_156
Female,1.0455241049506259,2,104.96496,nigeria,draw_156
Male,1.0542385483877335,2,104.96496,nigeria,draw_156
Female,1.0605537648916947,3,104.96496,nigeria,draw_156
Male,1.059410977727324,3,104.96496,nigeria,draw_156
Female,1.045171365713361,2,105.07508,nigeria,draw_156
Male,1.053830097444971,2,105.07508,nigeria,draw_156
Female,1.0601560786042579,3,105.07508,nigeria,draw_156
Male,1.059031564964603,3,105.07508,nigeria,draw_156
Female,1.0448194857521593,2,105.18519,nigeria,draw_156
Male,1.0534229367483223,2,105.18519,nigeria,draw_156
Female,1.0597591784264335,3,105.18519,nigeria,draw_156
Male,1.0586531411400708,3,105.18519,nigeria,draw_156
Female,1.0444684942077163,2,105.2953,nigeria,draw_156
Male,1.053016259268634,2,105.2953,nigeria,draw_156
Female,1.05936315297862,3,105.2953,nigeria,draw_156
Male,1.0582752187584494,3,105.2953,nigeria,draw_156
Female,1.0441189125530654,2,105.40541,nigeria,draw_156
Male,1.0526107981655926,2,105.40541,nigeria,draw_156
Female,1.0589682725756964,3,105.40541,nigeria,draw_156
Male,1.0578982249508166,3,105.40541,nigeria,draw_156
Female,1.0437694781350397,2,105.51552,nigeria,draw_156
Male,1.0522067128917987,2,105.51552,nigeria,draw_156
Female,1.0585736017079157,3,105.51552,nigeria,draw_156
Male,1.0575222151951942,3,105.51552,nigeria,draw_156
Female,1.0434209530477438,2,105.62563,nigeria,draw_156
Male,1.0518031423051055,2,105.62563,nigeria,draw_156
Female,1.058179703457124,3,105.62563,nigeria,draw_156
Male,1.0571466164503447,3,105.62563,nigeria,draw_156
Female,1.043073209134127,2,105.73574,nigeria,draw_156
Male,1.05140043446455,2,105.73574,nigeria,draw_156
Female,1.0577863753847236,3,105.73574,nigeria,draw_156
Male,1.0567715922526626,3,105.73574,nigeria,draw_156
Female,1.0427259225107763,2,105.84585,nigeria,draw_156
Male,1.0509977985618288,2,105.84585,nigeria,draw_156
Female,1.0573933690610349,3,105.84585,nigeria,draw_156
Male,1.0563966297342107,3,105.84585,nigeria,draw_156
Female,1.0423791209333826,2,105.95596,nigeria,draw_156
Male,1.0505966482586793,2,105.95596,nigeria,draw_156
Female,1.0570007351985868,3,105.95596,nigeria,draw_156
Male,1.0560225856901337,3,105.95596,nigeria,draw_156
Female,1.0420328413949176,2,106.06607,nigeria,draw_156
Male,1.0501953633854928,2,106.06607,nigeria,draw_156
Female,1.0566085103522642,3,106.06607,nigeria,draw_156
Male,1.0556484993310027,3,106.06607,nigeria,draw_156
Female,1.0416872142360996,2,106.17618,nigeria,draw_156
Male,1.04979501948939,2,106.17618,nigeria,draw_156
Female,1.0562167420036277,3,106.17618,nigeria,draw_156
Male,1.0552750018657828,3,106.17618,nigeria,draw_156
Female,1.041342074182758,2,106.28629,nigeria,draw_156
Male,1.049395115043307,2,106.28629,nigeria,draw_156
Female,1.055825336080862,3,106.28629,nigeria,draw_156
Male,1.0549017685739732,3,106.28629,nigeria,draw_156
Female,1.0409976838482213,2,106.3964,nigeria,draw_156
Male,1.0489960695334861,2,106.3964,nigeria,draw_156
Female,1.0554344702285552,3,106.3964,nigeria,draw_156
Male,1.0545290426507892,3,106.3964,nigeria,draw_156
Female,1.0406531351380521,2,106.50651,nigeria,draw_156
Male,1.0485980567864408,2,106.50651,nigeria,draw_156
Female,1.0550434313595378,3,106.50651,nigeria,draw_156
Male,1.0541569554395116,3,106.50651,nigeria,draw_156
Female,1.0403098044388743,2,106.61662,nigeria,draw_156
Male,1.0482000749924991,2,106.61662,nigeria,draw_156
Female,1.0546532493814453,3,106.61662,nigeria,draw_156
Male,1.0537849050546302,3,106.61662,nigeria,draw_156
Female,1.0399664986413415,2,106.72673,nigeria,draw_156
Male,1.047802694264156,2,106.72673,nigeria,draw_156
Female,1.0542630518540794,3,106.72673,nigeria,draw_156
Male,1.0534132416628001,3,106.72673,nigeria,draw_156
Female,1.0396241048546946,2,106.83684,nigeria,draw_156
Male,1.0474060589654184,2,106.83684,nigeria,draw_156
Female,1.053873581304124,3,106.83684,nigeria,draw_156
Male,1.0530420158353326,3,106.83684,nigeria,draw_156
Female,1.039281917550724,2,106.94695,nigeria,draw_156
Male,1.0470100513554073,2,106.94695,nigeria,draw_156
Female,1.0534842747688529,3,106.94695,nigeria,draw_156
Male,1.0526711418879746,3,106.94695,nigeria,draw_156
Female,1.0389404163772016,2,107.05706,nigeria,draw_156
Male,1.0466149514448249,2,107.05706,nigeria,draw_156
Female,1.0530954530608554,3,107.05706,nigeria,draw_156
Male,1.052300780336187,3,107.05706,nigeria,draw_156
Female,1.038599419754725,2,107.16717,nigeria,draw_156
Male,1.0462200087843407,2,107.16717,nigeria,draw_156
Female,1.052706943240632,3,107.16717,nigeria,draw_156
Male,1.0519305199889142,3,107.16717,nigeria,draw_156
Female,1.0382589745352655,2,107.27728,nigeria,draw_156
Male,1.0458263636548586,2,107.27728,nigeria,draw_156
Female,1.0523187435241494,3,107.27728,nigeria,draw_156
Male,1.0515610203049461,3,107.27728,nigeria,draw_156
Female,1.03791914408881,2,107.38739,nigeria,draw_156
Male,1.0454326743312357,2,107.38739,nigeria,draw_156
Female,1.0519309777030355,3,107.38739,nigeria,draw_156
Male,1.051191499870259,3,107.38739,nigeria,draw_156
Female,1.0375801608925155,2,107.4975,nigeria,draw_156
Male,1.0450396665979487,2,107.4975,nigeria,draw_156
Female,1.0515438316316736,3,107.4975,nigeria,draw_156
Male,1.05082239915131,3,107.4975,nigeria,draw_156
Female,1.0372415293240071,2,107.60761,nigeria,draw_156
Male,1.044647280304937,2,107.60761,nigeria,draw_156
Female,1.0511569401853675,3,107.60761,nigeria,draw_156
Male,1.050453663899525,3,107.60761,nigeria,draw_156
Female,1.0369032978589228,2,107.71772,nigeria,draw_156
Male,1.0442553786598487,2,107.71772,nigeria,draw_156
Female,1.0507703104918693,3,107.71772,nigeria,draw_156
Male,1.0500852296576533,3,107.71772,nigeria,draw_156
Female,1.0365657166291937,2,107.82783,nigeria,draw_156
Male,1.0438644039431433,2,107.82783,nigeria,draw_156
Female,1.0503840980627255,3,107.82783,nigeria,draw_156
Male,1.049717339530219,3,107.82783,nigeria,draw_156
Female,1.036228696083491,2,107.93794,nigeria,draw_156
Male,1.043474347991955,2,107.93794,nigeria,draw_156
Female,1.0499982873320597,3,107.93794,nigeria,draw_156
Male,1.04935001239018,3,107.93794,nigeria,draw_156
Female,1.0358923337550392,2,108.04805,nigeria,draw_156
Male,1.0430840213212704,2,108.04805,nigeria,draw_156
Female,1.0496129897033284,3,108.04805,nigeria,draw_156
Male,1.0489825459340782,3,108.04805,nigeria,draw_156
Female,1.0355566798515,2,108.15816,nigeria,draw_156
Male,1.0426951801110773,2,108.15816,nigeria,draw_156
Female,1.0492282236208184,3,108.15816,nigeria,draw_156
Male,1.048615974704168,3,108.15816,nigeria,draw_156
Female,1.035220931670088,2,108.26827,nigeria,draw_156
Male,1.042306563002256,2,108.26827,nigeria,draw_156
Female,1.0488433883492454,3,108.26827,nigeria,draw_156
Male,1.0482495592538998,3,108.26827,nigeria,draw_156
Female,1.034885973701418,2,108.37838,nigeria,draw_156
Male,1.0419187994928258,2,108.37838,nigeria,draw_156
Female,1.048459135803355,3,108.37838,nigeria,draw_156
Male,1.047883666083174,3,108.37838,nigeria,draw_156
Female,1.0345516502662535,2,108.48849,nigeria,draw_156
Male,1.041531501340521,2,108.48849,nigeria,draw_156
Female,1.0480753479945584,3,108.48849,nigeria,draw_156
Male,1.0475180670669029,3,108.48849,nigeria,draw_156
Female,1.0342178925210117,2,108.5986,nigeria,draw_156
Male,1.0411445673480009,2,108.5986,nigeria,draw_156
Female,1.0476919924696342,3,108.5986,nigeria,draw_156
Male,1.047152724124368,3,108.5986,nigeria,draw_156
Female,1.0338843072196193,2,108.70871,nigeria,draw_156
Male,1.0407585981755731,2,108.70871,nigeria,draw_156
Female,1.0473087459794164,3,108.70871,nigeria,draw_156
Male,1.0467879731120484,3,108.70871,nigeria,draw_156
Female,1.0335517793100233,2,108.81882,nigeria,draw_156
Male,1.0403725126261767,2,108.81882,nigeria,draw_156
Female,1.046926292260749,3,108.81882,nigeria,draw_156
Male,1.04642316519481,3,108.81882,nigeria,draw_156
Female,1.0332189486491066,2,108.92893,nigeria,draw_156
Male,1.0399875506434035,2,108.92893,nigeria,draw_156
Female,1.0465435711744304,3,108.92893,nigeria,draw_156
Male,1.0460590471331033,3,108.92893,nigeria,draw_156
Female,1.0328876777065816,2,109.03904,nigeria,draw_156
Male,1.0396035581109668,2,109.03904,nigeria,draw_156
Female,1.0461620416947335,3,109.03904,nigeria,draw_156
Male,1.0456955289140086,3,109.03904,nigeria,draw_156
Female,1.0325565300322839,2,109.14915,nigeria,draw_156
Male,1.0392203319561983,2,109.14915,nigeria,draw_156
Female,1.0457805431199076,3,109.14915,nigeria,draw_156
Male,1.045332480379694,3,109.14915,nigeria,draw_156
Female,1.0322256461964674,2,109.25926,nigeria,draw_156
Male,1.03883674548587,2,109.25926,nigeria,draw_156
Female,1.0453992289641343,3,109.25926,nigeria,draw_156
Male,1.0449692034035158,3,109.25926,nigeria,draw_156
Female,1.031895499658282,2,109.36937,nigeria,draw_156
Male,1.0384545320003615,2,109.36937,nigeria,draw_156
Female,1.0450185000194852,3,109.36937,nigeria,draw_156
Male,1.044606787548338,3,109.36937,nigeria,draw_156
Female,1.031566114990385,2,109.47948,nigeria,draw_156
Male,1.0380729351507276,2,109.47948,nigeria,draw_156
Female,1.0446383688387233,3,109.47948,nigeria,draw_156
Male,1.0442447551547926,3,109.47948,nigeria,draw_156
Female,1.0312369604289207,2,109.58959,nigeria,draw_156
Male,1.0376916898533142,2,109.58959,nigeria,draw_156
Female,1.0442583761151905,3,109.58959,nigeria,draw_156
Male,1.04388297004693,3,109.58959,nigeria,draw_156
Female,1.0309084216054099,2,109.6997,nigeria,draw_156
Male,1.0373107044404355,2,109.6997,nigeria,draw_156
Female,1.0438788602665023,3,109.6997,nigeria,draw_156
Male,1.0435213572969366,3,109.6997,nigeria,draw_156
Female,1.0305806218704043,2,109.80981,nigeria,draw_156
Male,1.0369310464981631,2,109.80981,nigeria,draw_156
Female,1.0434999352007621,3,109.80981,nigeria,draw_156
Male,1.0431605822691459,3,109.80981,nigeria,draw_156
Female,1.0302530378423256,2,109.91992,nigeria,draw_156
Male,1.0365517355948501,2,109.91992,nigeria,draw_156
Female,1.04312120927099,3,109.91992,nigeria,draw_156
Male,1.0428000360333496,3,109.91992,nigeria,draw_156
Female,1.0299262072323065,2,110.03003,nigeria,draw_156
Male,1.036172782048893,2,110.03003,nigeria,draw_156
Female,1.0427430229807926,3,110.03003,nigeria,draw_156
Male,1.042439735695925,3,110.03003,nigeria,draw_156
Female,1.0295996762407889,2,110.14014,nigeria,draw_156
Male,1.0357945120450796,2,110.14014,nigeria,draw_156
Female,1.042365059542596,3,110.14014,nigeria,draw_156
Male,1.0420798908061206,3,110.14014,nigeria,draw_156
Female,1.0292737088338633,2,110.25025,nigeria,draw_156
Male,1.0354174199599928,2,110.25025,nigeria,draw_156
Female,1.0419875595934804,3,110.25025,nigeria,draw_156
Male,1.0417207884877562,3,110.25025,nigeria,draw_156
Female,1.02894859346383,2,110.36036,nigeria,draw_156
Male,1.0350400323792568,2,110.36036,nigeria,draw_156
Female,1.0416107402400616,3,110.36036,nigeria,draw_156
Male,1.0413615386779875,3,110.36036,nigeria,draw_156
Female,1.0286240012033518,2,110.47047,nigeria,draw_156
Male,1.0346641253819022,2,110.47047,nigeria,draw_156
Female,1.041234326493344,3,110.47047,nigeria,draw_156
Male,1.0410032391745645,3,110.47047,nigeria,draw_156
Female,1.0282999750739485,2,110.58058,nigeria,draw_156
Male,1.0342889037852274,2,110.58058,nigeria,draw_156
Female,1.0408583514787566,3,110.58058,nigeria,draw_156
Male,1.0406453975868386,3,110.58058,nigeria,draw_156
Female,1.0279764600905423,2,110.69069,nigeria,draw_156
Male,1.0339139995675308,2,110.69069,nigeria,draw_156
Female,1.0404827699249268,3,110.69069,nigeria,draw_156
Male,1.0402878087575045,3,110.69069,nigeria,draw_156
Female,1.027653517695056,2,110.8008,nigeria,draw_156
Male,1.0335392256681213,2,110.8008,nigeria,draw_156
Female,1.0401075909274105,3,110.8008,nigeria,draw_156
Male,1.0399303484903344,3,110.8008,nigeria,draw_156
Female,1.0273313141581777,2,110.91091,nigeria,draw_156
Male,1.0331662112312887,2,110.91091,nigeria,draw_156
Female,1.0397329492167868,3,110.91091,nigeria,draw_156
Male,1.039573994339484,3,110.91091,nigeria,draw_156
Female,1.02701022417058,2,111.02102,nigeria,draw_156
Male,1.0327929339073199,2,111.02102,nigeria,draw_156
Female,1.0393591462621579,3,111.02102,nigeria,draw_156
Male,1.039217486063353,3,111.02102,nigeria,draw_156
Female,1.0266890607972006,2,111.13113,nigeria,draw_156
Male,1.0324211909522643,2,111.13113,nigeria,draw_156
Female,1.0389852805584887,3,111.13113,nigeria,draw_156
Male,1.03886194611756,3,111.13113,nigeria,draw_156
Female,1.0263689248653274,2,111.24124,nigeria,draw_156
Male,1.032049433722157,2,111.24124,nigeria,draw_156
Female,1.0386122234118302,3,111.24124,nigeria,draw_156
Male,1.0385064455808821,3,111.24124,nigeria,draw_156
Female,1.0260490801358138,2,111.35135,nigeria,draw_156
Male,1.031678892902638,2,111.35135,nigeria,draw_156
Female,1.0382393718600793,3,111.35135,nigeria,draw_156
Male,1.0381517295170133,3,111.35135,nigeria,draw_156
Female,1.0257302754035686,2,111.46146,nigeria,draw_156
Male,1.0313091352174586,2,111.46146,nigeria,draw_156
Female,1.0378673530745568,3,111.46146,nigeria,draw_156
Male,1.0377975208352852,3,111.46146,nigeria,draw_156
Female,1.025411650595815,2,111.57157,nigeria,draw_156
Male,1.0309399309360336,2,111.57157,nigeria,draw_156
Female,1.037495448907555,3,111.57157,nigeria,draw_156
Male,1.0374436850121818,3,111.57157,nigeria,draw_156
Female,1.0250940382177722,2,111.68168,nigeria,draw_156
Male,1.030571269382654,2,111.68168,nigeria,draw_156
Female,1.0371243610719068,3,111.68168,nigeria,draw_156
Male,1.0370902062772338,3,111.68168,nigeria,draw_156
Female,1.024777175833979,2,111.79179,nigeria,draw_156
Male,1.0302038694327629,2,111.79179,nigeria,draw_156
Female,1.0367538575803166,3,111.79179,nigeria,draw_156
Male,1.0367374971735066,3,111.79179,nigeria,draw_156
Female,1.0244605138888343,2,111.9019,nigeria,draw_156
Male,1.029836522349858,2,111.9019,nigeria,draw_156
Female,1.036383486962925,3,111.9019,nigeria,draw_156
Male,1.0363848341869053,3,111.9019,nigeria,draw_156
Female,1.024144869242625,2,112.01201,nigeria,draw_156
Male,1.029470167924827,2,112.01201,nigeria,draw_156
Female,1.0360138971772677,3,112.01201,nigeria,draw_156
Male,1.0360328259405795,3,112.01201,nigeria,draw_156
Female,1.0238297196489232,2,112.12212,nigeria,draw_156
Male,1.029104705078326,2,112.12212,nigeria,draw_156
Female,1.035644640532471,3,112.12212,nigeria,draw_156
Male,1.0356813949353052,3,112.12212,nigeria,draw_156
Female,1.0235151875119641,2,112.23223,nigeria,draw_156
Male,1.0287397167792338,2,112.23223,nigeria,draw_156
Female,1.0352757750300166,3,112.23223,nigeria,draw_156
Male,1.0353303110906822,3,112.23223,nigeria,draw_156
Female,1.0232013844987997,2,112.34234,nigeria,draw_156
Male,1.0283756838012987,2,112.34234,nigeria,draw_156
Female,1.0349074989388591,3,112.34234,nigeria,draw_156
Male,1.0349798707240727,3,112.34234,nigeria,draw_156
Female,1.0228886933500436,2,112.45245,nigeria,draw_156
Male,1.0280119494397633,2,112.45245,nigeria,draw_156
Female,1.0345401440258444,3,112.45245,nigeria,draw_156
Male,1.034629675716723,3,112.45245,nigeria,draw_156
Female,1.0225760112351532,2,112.56256,nigeria,draw_156
Male,1.027649321103632,2,112.56256,nigeria,draw_156
Female,1.0341727504742833,3,112.56256,nigeria,draw_156
Male,1.0342802186196456,3,112.56256,nigeria,draw_156
Female,1.022264080033709,2,112.67267,nigeria,draw_156
Male,1.0272869137954428,2,112.67267,nigeria,draw_156
Female,1.0338059543177105,3,112.67267,nigeria,draw_156
Male,1.033930936703296,3,112.67267,nigeria,draw_156
Female,1.021952906624294,2,112.78278,nigeria,draw_156
Male,1.0269253586069733,2,112.78278,nigeria,draw_156
Female,1.0334397559885065,3,112.78278,nigeria,draw_156
Male,1.0335822530382806,3,112.78278,nigeria,draw_156
Female,1.0216422359508017,2,112.89289,nigeria,draw_156
Male,1.026564599473258,2,112.89289,nigeria,draw_156
Female,1.0330739934419444,3,112.89289,nigeria,draw_156
Male,1.0332340982252133,3,112.89289,nigeria,draw_156
Female,1.0213322057661067,2,113.003,nigeria,draw_156
Male,1.0262047647565078,2,113.003,nigeria,draw_156
Female,1.0327087642140103,3,113.003,nigeria,draw_156
Male,1.0328865447709878,3,113.003,nigeria,draw_156
Female,1.0210231408159318,2,113.11311,nigeria,draw_156
Male,1.0258448990736175,2,113.11311,nigeria,draw_156
Female,1.032344320886098,3,113.11311,nigeria,draw_156
Male,1.0325390510452896,3,113.11311,nigeria,draw_156
Female,1.020714425765526,2,113.22322,nigeria,draw_156
Male,1.025486210220372,2,113.22322,nigeria,draw_156
Female,1.0319801660057428,3,113.22322,nigeria,draw_156
Male,1.0321923576608067,3,113.22322,nigeria,draw_156
Female,1.0204063512944652,2,113.33333,nigeria,draw_156
Male,1.0251283566552782,2,113.33333,nigeria,draw_156
Female,1.0316165311038754,3,113.33333,nigeria,draw_156
Male,1.0318462451779347,3,113.33333,nigeria,draw_156
Female,1.0200990162419576,2,113.44344,nigeria,draw_156
Male,1.0247709580604072,2,113.44344,nigeria,draw_156
Female,1.0312535136655654,3,113.44344,nigeria,draw_156
Male,1.0315004902038718,3,113.44344,nigeria,draw_156
Female,1.019792245359651,2,113.55355,nigeria,draw_156
Male,1.0244146847557418,2,113.55355,nigeria,draw_156
Female,1.030890972507519,3,113.55355,nigeria,draw_156
Male,1.0311555277936026,3,113.55355,nigeria,draw_156
Female,1.0194863881554659,2,113.66366,nigeria,draw_156
Male,1.0240584762210734,2,113.66366,nigeria,draw_156
Female,1.030529234745139,3,113.66366,nigeria,draw_156
Male,1.0308107087334286,3,113.66366,nigeria,draw_156
Female,1.0191812931507291,2,113.77377,nigeria,draw_156
Male,1.0237036510350936,2,113.77377,nigeria,draw_156
Female,1.0301681348372753,3,113.77377,nigeria,draw_156
Male,1.0304668520703086,3,113.77377,nigeria,draw_156
Female,1.0188765277731278,2,113.88388,nigeria,draw_156
Male,1.0233493022627782,2,113.88388,nigeria,draw_156
Female,1.0298073862642796,3,113.88388,nigeria,draw_156
Male,1.0301234051594044,3,113.88388,nigeria,draw_156
Female,1.0185725408399926,2,113.99399,nigeria,draw_156
Male,1.0229958397684156,2,113.99399,nigeria,draw_156
Female,1.0294473483863527,3,113.99399,nigeria,draw_156
Male,1.0297805916882175,3,113.99399,nigeria,draw_156
Female,1.018269444202285,2,114.1041,nigeria,draw_156
Male,1.022644000334977,2,114.1041,nigeria,draw_156
Female,1.0290880469211545,3,114.1041,nigeria,draw_156
Male,1.0294388923991304,3,114.1041,nigeria,draw_156
Female,1.017967329228357,2,114.21421,nigeria,draw_156
Male,1.02229178813647,2,114.21421,nigeria,draw_156
Female,1.0287295443155546,3,114.21421,nigeria,draw_156
Male,1.0290970441083,3,114.21421,nigeria,draw_156
Female,1.0176655714779546,2,114.32432,nigeria,draw_156
Male,1.0219410459012979,2,114.32432,nigeria,draw_156
Female,1.0283713377886348,3,114.32432,nigeria,draw_156
Male,1.0287561904051576,3,114.32432,nigeria,draw_156
Female,1.0173649435757974,2,114.43443,nigeria,draw_156
Male,1.0215914391257865,2,114.43443,nigeria,draw_156
Female,1.0280140838781215,3,114.43443,nigeria,draw_156
Male,1.0284161243907222,3,114.43443,nigeria,draw_156
Female,1.0170645642497544,2,114.54454,nigeria,draw_156
Male,1.02124229887621,2,114.54454,nigeria,draw_156
Female,1.0276570891997825,3,114.54454,nigeria,draw_156
Male,1.0280764448309987,3,114.54454,nigeria,draw_156
Female,1.0167652939419505,2,114.65465,nigeria,draw_156
Male,1.0208937991442717,2,114.65465,nigeria,draw_156
Female,1.0273010588156835,3,114.65465,nigeria,draw_156
Male,1.027737271370814,3,114.65465,nigeria,draw_156
Female,1.016466892698492,2,114.76476,nigeria,draw_156
Male,1.0205466333310937,2,114.76476,nigeria,draw_156
Female,1.026945769428463,3,114.76476,nigeria,draw_156
Male,1.0273990202384646,3,114.76476,nigeria,draw_156
Female,1.0161696152696618,2,114.87487,nigeria,draw_156
Male,1.0202009229895528,2,114.87487,nigeria,draw_156
Female,1.0265914374459526,3,114.87487,nigeria,draw_156
Male,1.0270617904454145,3,114.87487,nigeria,draw_156
Female,1.0158728595840096,2,114.98498,nigeria,draw_156
Male,1.0198556277032744,2,114.98498,nigeria,draw_156
Female,1.0262375082986162,3,114.98498,nigeria,draw_156
Male,1.0267249474929674,3,114.98498,nigeria,draw_156
Female,1.0155772726737693,2,115.0951,nigeria,draw_156
Male,1.0195115654314086,2,115.0951,nigeria,draw_156
Female,1.0258845882276977,3,115.0951,nigeria,draw_156
Male,1.0263889655219711,3,115.0951,nigeria,draw_156
Female,1.0152827300561713,2,115.20521,nigeria,draw_156
Male,1.0191684388070783,2,115.20521,nigeria,draw_156
Female,1.025532525689398,3,115.20521,nigeria,draw_156
Male,1.02605366349563,3,115.20521,nigeria,draw_156
Female,1.0149889557706537,2,115.31532,nigeria,draw_156
Male,1.0188261614646394,2,115.31532,nigeria,draw_156
Female,1.025181131795004,3,115.31532,nigeria,draw_156
Male,1.0257190174975663,3,115.31532,nigeria,draw_156
Female,1.0146965275933355,2,115.42543,nigeria,draw_156
Male,1.0184853206933344,2,115.42543,nigeria,draw_156
Female,1.0248308466022624,3,115.42543,nigeria,draw_156
Male,1.0253853857925475,3,115.42543,nigeria,draw_156
Female,1.0144043810995722,2,115.53554,nigeria,draw_156
Male,1.018144968812994,2,115.53554,nigeria,draw_156
Female,1.024480805963753,3,115.53554,nigeria,draw_156
Male,1.0250521577392606,3,115.53554,nigeria,draw_156
Female,1.0141138358526247,2,115.64565,nigeria,draw_156
Male,1.017806022187075,2,115.64565,nigeria,draw_156
Female,1.024132104111465,3,115.64565,nigeria,draw_156
Male,1.0247198822415153,3,115.64565,nigeria,draw_156
Female,1.0138235864127934,2,115.75576,nigeria,draw_156
Male,1.0174675995643718,2,115.75576,nigeria,draw_156
Female,1.0237836920783372,3,115.75576,nigeria,draw_156
Male,1.0243880360767479,3,115.75576,nigeria,draw_156
Female,1.0135346781435628,2,115.86587,nigeria,draw_156
Male,1.0171308061237554,2,115.86587,nigeria,draw_156
Female,1.0234363959584467,3,115.86587,nigeria,draw_156
Male,1.024057320401883,3,115.86587,nigeria,draw_156
Female,1.0132464327571526,2,115.97598,nigeria,draw_156
Male,1.0167945628562718,2,115.97598,nigeria,draw_156
Female,1.0230897017268106,3,115.97598,nigeria,draw_156
Male,1.0237270767206954,3,115.97598,nigeria,draw_156
Female,1.0129590132991984,2,116.08609,nigeria,draw_156
Male,1.0164591840749289,2,116.08609,nigeria,draw_156
Female,1.0227437770257888,3,116.08609,nigeria,draw_156
Male,1.023397522201176,3,116.08609,nigeria,draw_156
Female,1.012672994924706,2,116.1962,nigeria,draw_156
Male,1.0161254894973442,2,116.1962,nigeria,draw_156
Female,1.0223990825773184,3,116.1962,nigeria,draw_156
Male,1.0230691861965022,3,116.1962,nigeria,draw_156
Female,1.0123874630203404,2,116.30631,nigeria,draw_156
Male,1.0157925677280135,2,116.30631,nigeria,draw_156
Female,1.022054837734766,3,116.30631,nigeria,draw_156
Male,1.0227414731290543,3,116.30631,nigeria,draw_156
Female,1.0121031575920743,2,116.41642,nigeria,draw_156
Male,1.0154606176275036,2,116.41642,nigeria,draw_156
Female,1.0217116765587597,3,116.41642,nigeria,draw_156
Male,1.0224145077129179,3,116.41642,nigeria,draw_156
Female,1.0118198095105575,2,116.52653,nigeria,draw_156
Male,1.0151297079311814,2,116.52653,nigeria,draw_156
Female,1.021369389442354,3,116.52653,nigeria,draw_156
Male,1.0220883479014065,3,116.52653,nigeria,draw_156
Female,1.0115373834908818,2,116.63664,nigeria,draw_156
Male,1.0147996610553653,2,116.63664,nigeria,draw_156
Female,1.0210279478186997,3,116.63664,nigeria,draw_156
Male,1.0217628888365051,3,116.63664,nigeria,draw_156
Female,1.0112555453299366,2,116.74675,nigeria,draw_156
Male,1.0144713661546947,2,116.74675,nigeria,draw_156
Female,1.0206871267190945,3,116.74675,nigeria,draw_156
Male,1.021438715719223,3,116.74675,nigeria,draw_156
Female,1.0109751055922847,2,116.85686,nigeria,draw_156
Male,1.0141435669971985,2,116.85686,nigeria,draw_156
Female,1.0203475460058204,3,116.85686,nigeria,draw_156
Male,1.0211150046929671,3,116.85686,nigeria,draw_156
Female,1.0106957173461337,2,116.96697,nigeria,draw_156
Male,1.0138164955044726,2,116.96697,nigeria,draw_156
Female,1.0200089070777383,3,116.96697,nigeria,draw_156
Male,1.0207919060889177,3,116.96697,nigeria,draw_156
Female,1.0104170218651873,2,117.07708,nigeria,draw_156
Male,1.0134910147195364,2,117.07708,nigeria,draw_156
Female,1.0196708845564073,3,117.07708,nigeria,draw_156
Male,1.0204699597953977,3,117.07708,nigeria,draw_156
Female,1.0101393222292747,2,117.18719,nigeria,draw_156
Male,1.013166300790739,2,117.18719,nigeria,draw_156
Female,1.0193337529325723,3,117.18719,nigeria,draw_156
Male,1.0201486638345816,3,117.18719,nigeria,draw_156
Female,1.009862720266626,2,117.2973,nigeria,draw_156
Male,1.0128428491349606,2,117.2973,nigeria,draw_156
Female,1.018997622274196,3,117.2973,nigeria,draw_156
Male,1.0198283171610858,3,117.2973,nigeria,draw_156
Female,1.0095866147564136,2,117.40741,nigeria,draw_156
Male,1.0125204228668478,2,117.40741,nigeria,draw_156
Female,1.0186619874913652,3,117.40741,nigeria,draw_156
Male,1.0195087761799722,3,117.40741,nigeria,draw_156
Female,1.009312073451467,2,117.51752,nigeria,draw_156
Male,1.012199330502816,2,117.51752,nigeria,draw_156
Female,1.018327696922646,3,117.51752,nigeria,draw_156
Male,1.0191902378594755,3,117.51752,nigeria,draw_156
Female,1.0090378317411783,2,117.62763,nigeria,draw_156
Male,1.0118781657878033,2,117.62763,nigeria,draw_156
Female,1.0179937056283663,3,117.62763,nigeria,draw_156
Male,1.0188718171682631,3,117.62763,nigeria,draw_156
Female,1.008764875908592,2,117.73774,nigeria,draw_156
Male,1.011559053720807,2,117.73774,nigeria,draw_156
Female,1.0176608432883634,3,117.73774,nigeria,draw_156
Male,1.0185548419808916,3,117.73774,nigeria,draw_156
Female,1.0084930491377153,2,117.84785,nigeria,draw_156
Male,1.0112406796327382,2,117.84785,nigeria,draw_156
Female,1.0173290182149202,3,117.84785,nigeria,draw_156
Male,1.018238447767613,3,117.84785,nigeria,draw_156
Female,1.0082217691485178,2,117.95796,nigeria,draw_156
Male,1.0109234324397594,2,117.95796,nigeria,draw_156
Female,1.0169977634974756,3,117.95796,nigeria,draw_156
Male,1.0179229043291447,3,117.95796,nigeria,draw_156
Female,1.0079514290644367,2,118.06807,nigeria,draw_156
Male,1.0106071177930716,2,118.06807,nigeria,draw_156
Female,1.0166673669411714,3,118.06807,nigeria,draw_156
Male,1.0176081015035887,3,118.06807,nigeria,draw_156
Female,1.0076820740986845,2,118.17818,nigeria,draw_156
Male,1.0102917845622603,2,118.17818,nigeria,draw_156
Female,1.0163378859150505,3,118.17818,nigeria,draw_156
Male,1.017294075805547,3,118.17818,nigeria,draw_156
Female,1.0074138842976492,2,118.28829,nigeria,draw_156
Male,1.0099776934819467,2,118.28829,nigeria,draw_156
Female,1.0160094621913158,3,118.28829,nigeria,draw_156
Male,1.0169809720505614,3,118.28829,nigeria,draw_156
Female,1.0071466793931656,2,118.3984,nigeria,draw_156
Male,1.0096650950912942,2,118.3984,nigeria,draw_156
Female,1.0156820644334426,3,118.3984,nigeria,draw_156
Male,1.016669027367401,3,118.3984,nigeria,draw_156
Female,1.0068805623101182,2,118.50851,nigeria,draw_156
Male,1.0093534255516055,2,118.50851,nigeria,draw_156
Female,1.0153557761788667,3,118.50851,nigeria,draw_156
Male,1.0163579441277244,3,118.50851,nigeria,draw_156
Female,1.0066158250067765,2,118.61862,nigeria,draw_156
Male,1.0090433786724817,2,118.61862,nigeria,draw_156
Female,1.0150309033180935,3,118.61862,nigeria,draw_156
Male,1.016048217878011,3,118.61862,nigeria,draw_156
Female,1.006352429999885,2,118.72873,nigeria,draw_156
Male,1.0087350212823354,2,118.72873,nigeria,draw_156
Female,1.0147074292713867,3,118.72873,nigeria,draw_156
Male,1.0157399220207046,3,118.72873,nigeria,draw_156
Female,1.0060907168556994,2,118.83884,nigeria,draw_156
Male,1.0084280302906619,2,118.83884,nigeria,draw_156
Female,1.0143857049478797,3,118.83884,nigeria,draw_156
Male,1.0154329200239982,3,118.83884,nigeria,draw_156
Female,1.0058302559372363,2,118.94895,nigeria,draw_156
Male,1.0081228979858772,2,118.94895,nigeria,draw_156
Female,1.0140654470761719,3,118.94895,nigeria,draw_156
Male,1.0151276230004154,3,118.94895,nigeria,draw_156
Female,1.0055713097414796,2,119.05906,nigeria,draw_156
Male,1.007820120708477,2,119.05906,nigeria,draw_156
Female,1.013746989195688,3,119.05906,nigeria,draw_156
Male,1.014824408535109,3,119.05906,nigeria,draw_156
Female,1.0053144921577106,2,119.16917,nigeria,draw_156
Male,1.0075189002078166,2,119.16917,nigeria,draw_156
Female,1.013430849118916,3,119.16917,nigeria,draw_156
Male,1.0145228011117036,3,119.16917,nigeria,draw_156
Female,1.0050597106697245,2,119.27928,nigeria,draw_156
Male,1.0072206498063254,2,119.27928,nigeria,draw_156
Female,1.013116940413302,3,119.27928,nigeria,draw_156
Male,1.0142237736855826,3,119.27928,nigeria,draw_156
Female,1.0048066093925432,2,119.38939,nigeria,draw_156
Male,1.0069241190240419,2,119.38939,nigeria,draw_156
Female,1.0128050804550348,3,119.38939,nigeria,draw_156
Male,1.013926619137253,3,119.38939,nigeria,draw_156
Female,1.0045557562079472,2,119.4995,nigeria,draw_156
Male,1.0066298550042687,2,119.4995,nigeria,draw_156
Female,1.0124959067815982,3,119.4995,nigeria,draw_156
Male,1.0136317963458605,3,119.4995,nigeria,draw_156
Female,1.0043079335166685,2,119.60961,nigeria,draw_156
Male,1.0063391956735719,2,119.60961,nigeria,draw_156
Female,1.0121902386335766,3,119.60961,nigeria,draw_156
Male,1.0133403548010573,3,119.60961,nigeria,draw_156
Female,1.0040620466850507,2,119.71972,nigeria,draw_156
Male,1.0060509312049597,2,119.71972,nigeria,draw_156
Female,1.0118870638166555,3,119.71972,nigeria,draw_156
Male,1.0130513734245077,3,119.71972,nigeria,draw_156
Female,1.0038190806058755,2,119.82983,nigeria,draw_156
Male,1.0057659195702553,2,119.82983,nigeria,draw_156
Female,1.0115871852696883,3,119.82983,nigeria,draw_156
Male,1.0127654219952484,3,119.82983,nigeria,draw_156
Female,1.0035791856181326,2,119.93994,nigeria,draw_156
Male,1.0054848060789585,2,119.93994,nigeria,draw_156
Female,1.0112907616102271,3,119.93994,nigeria,draw_156
Male,1.0124830159780498,3,119.93994,nigeria,draw_156
Female,1.0033423525835157,2,120.05005,nigeria,draw_156
Male,1.0052067795139814,2,120.05005,nigeria,draw_156
Female,1.0109979129620152,3,120.05005,nigeria,draw_156
Male,1.0122037238618358,3,120.05005,nigeria,draw_156
Female,1.0021476659046853,2,120.16016,nigeria,draw_156
Male,1.0037839535609594,2,120.16016,nigeria,draw_156
Female,1.0095608986507343,3,120.16016,nigeria,draw_156
Male,1.010815207375476,3,120.16016,nigeria,draw_156
Female,1.0009787590018588,2,120.27027,nigeria,draw_156
Male,1.0023905550986918,2,120.27027,nigeria,draw_156
Female,1.0081507283021114,3,120.27027,nigeria,draw_156
Male,1.0094521760652646,3,120.27027,nigeria,draw_156
Female,0.9998362498515704,2,120.38038,nigeria,draw_156
Male,1.0010285305106303,2,120.38038,nigeria,draw_156
Female,1.0067678489830139,3,120.38038,nigeria,draw_156
Male,1.0081161877962133,3,120.38038,nigeria,draw_156
Female,0.9987206153488726,2,120.49049,nigeria,draw_156
Male,0.9996977120156014,2,120.49049,nigeria,draw_156
Female,1.0054134804560395,3,120.49049,nigeria,draw_156
Male,1.0068075861871866,3,120.49049,nigeria,draw_156
Female,0.9976346311689375,2,120.6006,nigeria,draw_156
Male,0.9984027211632281,2,120.6006,nigeria,draw_156
Female,1.0040903748304602,3,120.6006,nigeria,draw_156
Male,1.0055293683721964,3,120.6006,nigeria,draw_156
Female,0.9965786462532308,2,120.71071,nigeria,draw_156
Male,0.9971432488151368,2,120.71071,nigeria,draw_156
Female,1.0027990071112336,3,120.71071,nigeria,draw_156
Male,1.0042815262373093,3,120.71071,nigeria,draw_156
Female,0.9955566900412747,2,120.82082,nigeria,draw_156
Male,0.9959232362109256,2,120.82082,nigeria,draw_156
Female,1.0015429603592179,3,120.82082,nigeria,draw_156
Male,1.003067094725784,3,120.82082,nigeria,draw_156
Female,0.9945711304943894,2,120.93093,nigeria,draw_156
Male,0.994745673052964,2,120.93093,nigeria,draw_156
Female,1.0003243855007884,3,120.93093,nigeria,draw_156
Male,1.0018882515305556,3,120.93093,nigeria,draw_156
Female,0.9936244053660068,2,121.04104,nigeria,draw_156
Male,0.9936131501681826,2,121.04104,nigeria,draw_156
Female,0.9991462268511689,3,121.04104,nigeria,draw_156
Male,1.0007475247025883,3,121.04104,nigeria,draw_156
Female,0.992713508920102,2,121.15115,nigeria,draw_156
Male,0.9925222348838884,2,121.15115,nigeria,draw_156
Female,0.9980049256336855,3,121.15115,nigeria,draw_156
Male,0.9996416663362453,3,121.15115,nigeria,draw_156
Female,0.9918385780188665,2,121.26126,nigeria,draw_156
Male,0.9914736091152642,2,121.26126,nigeria,draw_156
Female,0.9969010949868912,3,121.26126,nigeria,draw_156
Male,0.998571067099898,3,121.26126,nigeria,draw_156
Female,0.9909982539314202,2,121.37137,nigeria,draw_156
Male,0.9904664534904168,2,121.37137,nigeria,draw_156
Female,0.9958335415500078,3,121.37137,nigeria,draw_156
Male,0.9975352241938521,3,121.37137,nigeria,draw_156
Female,0.9901943034703391,2,121.48148,nigeria,draw_156
Male,0.989500493371101,2,121.48148,nigeria,draw_156
Female,0.9948036639189685,3,121.48148,nigeria,draw_156
Male,0.9965340033223815,3,121.48148,nigeria,draw_156
Female,0.9894281876445886,2,121.59159,nigeria,draw_156
Male,0.9885801400559434,2,121.59159,nigeria,draw_156
Female,0.993812570015786,3,121.59159,nigeria,draw_156
Male,0.9955701628840784,3,121.59159,nigeria,draw_156
Female,0.9886989721241636,2,121.7017,nigeria,draw_156
Male,0.9877025892721689,2,121.7017,nigeria,draw_156
Female,0.9928609949707556,3,121.7017,nigeria,draw_156
Male,0.994643130068428,3,121.7017,nigeria,draw_156
Female,0.9880039898259272,2,121.81181,nigeria,draw_156
Male,0.9868660306046878,2,121.81181,nigeria,draw_156
Female,0.9919459562776894,3,121.81181,nigeria,draw_156
Male,0.9937509497535016,3,121.81181,nigeria,draw_156
Female,0.9873429690299148,2,121.92192,nigeria,draw_156
Male,0.986068771979406,2,121.92192,nigeria,draw_156
Female,0.991066706303938,3,121.92192,nigeria,draw_156
Male,0.9928922321319158,3,121.92192,nigeria,draw_156
Female,0.9867154847964852,2,122.03203,nigeria,draw_156
Male,0.9853108202236321,2,122.03203,nigeria,draw_156
Female,0.9902229783218589,3,122.03203,nigeria,draw_156
Male,0.9920670122147803,3,122.03203,nigeria,draw_156
Female,0.9861211458045285,2,122.14214,nigeria,draw_156
Male,0.984592526882662,2,122.14214,nigeria,draw_156
Female,0.9894146256975553,3,122.14214,nigeria,draw_156
Male,0.9912754560487709,3,122.14214,nigeria,draw_156
Female,0.9855620941421988,2,122.25225,nigeria,draw_156
Male,0.9839154274514194,2,122.25225,nigeria,draw_156
Female,0.988643364745707,3,122.25225,nigeria,draw_156
Male,0.990518539501933,3,122.25225,nigeria,draw_156
Female,0.9850391259435527,2,122.36236,nigeria,draw_156
Male,0.9832800676916298,2,122.36236,nigeria,draw_156
Female,0.9879103274476235,3,122.36236,nigeria,draw_156
Male,0.9897971323608619,3,122.36236,nigeria,draw_156
Female,0.9845508472267746,2,122.47247,nigeria,draw_156
Male,0.9826857325918277,2,122.47247,nigeria,draw_156
Female,0.9872147630203391,3,122.47247,nigeria,draw_156
Male,0.9891113279296286,3,122.47247,nigeria,draw_156
Female,0.9840951397725517,2,122.58258,nigeria,draw_156
Male,0.9821294314637343,2,122.58258,nigeria,draw_156
Female,0.9865539564433127,3,122.58258,nigeria,draw_156
Male,0.9884580703296728,3,122.58258,nigeria,draw_156
Female,0.9836715790608992,2,122.69269,nigeria,draw_156
Male,0.9816111219839402,2,122.69269,nigeria,draw_156
Female,0.9859275454353564,3,122.69269,nigeria,draw_156
Male,0.9878373081698741,3,122.69269,nigeria,draw_156
Female,0.9832810355360181,2,122.8028,nigeria,draw_156
Male,0.9811303395569052,2,122.8028,nigeria,draw_156
Female,0.9853361748339811,3,122.8028,nigeria,draw_156
Male,0.9872486506376973,3,122.8028,nigeria,draw_156
Female,0.982922397445191,2,122.91291,nigeria,draw_156
Male,0.9806878780064747,2,122.91291,nigeria,draw_156
Female,0.9847787798981366,3,122.91291,nigeria,draw_156
Male,0.986692656571755,3,122.91291,nigeria,draw_156
Female,0.9826004635492511,2,123.02302,nigeria,draw_156
Male,0.9802877908556789,2,123.02302,nigeria,draw_156
Female,0.9842596144818537,3,123.02302,nigeria,draw_156
Male,0.9861719369576183,3,123.02302,nigeria,draw_156
Female,0.9823123096224237,2,123.13313,nigeria,draw_156
Male,0.9799280516739094,2,123.13313,nigeria,draw_156
Female,0.9837774521648159,3,123.13313,nigeria,draw_156
Male,0.985686409656915,3,123.13313,nigeria,draw_156
Female,0.9820567688144084,2,123.24324,nigeria,draw_156
Male,0.9796066619406315,2,123.24324,nigeria,draw_156
Female,0.9833303377514266,3,123.24324,nigeria,draw_156
Male,0.9852336091686194,3,123.24324,nigeria,draw_156
Female,0.9818333593978685,2,123.35335,nigeria,draw_156
Male,0.9793227232731063,2,123.35335,nigeria,draw_156
Female,0.9829175072217059,3,123.35335,nigeria,draw_156
Male,0.9848126448729033,3,123.35335,nigeria,draw_156
Female,0.9816414644206196,2,123.46346,nigeria,draw_156
Male,0.9790758697292448,2,123.46346,nigeria,draw_156
Female,0.9825383807564887,3,123.46346,nigeria,draw_156
Male,0.9844232041441245,3,123.46346,nigeria,draw_156
Female,0.9814810727529545,2,123.57357,nigeria,draw_156
Male,0.9788670202792754,2,123.57357,nigeria,draw_156
Female,0.982192824760455,3,123.57357,nigeria,draw_156
Male,0.9840658091778685,3,123.57357,nigeria,draw_156
Female,0.9813547408136718,2,123.68368,nigeria,draw_156
Male,0.9786974203174097,2,123.68368,nigeria,draw_156
Female,0.9818829048425725,3,123.68368,nigeria,draw_156
Male,0.983741166658916,3,123.68368,nigeria,draw_156
Female,0.9812635278067762,2,123.79379,nigeria,draw_156
Male,0.9785701993535441,2,123.79379,nigeria,draw_156
Female,0.9816100924980292,3,123.79379,nigeria,draw_156
Male,0.9834517477502078,3,123.79379,nigeria,draw_156
Female,0.9812064435159324,2,123.9039,nigeria,draw_156
Male,0.9784827958242793,2,123.9039,nigeria,draw_156
Female,0.9813737989407102,3,123.9039,nigeria,draw_156
Male,0.9831962714654765,3,123.9039,nigeria,draw_156
Female,0.9811812617695841,2,124.01401,nigeria,draw_156
Male,0.9784330793343362,2,124.01401,nigeria,draw_156
Female,0.9811711350129879,3,124.01401,nigeria,draw_156
Male,0.9829722216617659,3,124.01401,nigeria,draw_156
Female,0.9811881929500272,2,124.12412,nigeria,draw_156
Male,0.9784215553647665,2,124.12412,nigeria,draw_156
Female,0.9810021267431758,3,124.12412,nigeria,draw_156
Male,0.9827798113618998,3,124.12412,nigeria,draw_156
Female,0.981227519263423,2,124.23423,nigeria,draw_156
Male,0.9784482812223836,2,124.23423,nigeria,draw_156
Female,0.9808670314983362,3,124.23423,nigeria,draw_156
Male,0.9826189888912555,3,124.23423,nigeria,draw_156
Female,0.9812990842323123,2,124.34434,nigeria,draw_156
Male,0.9785131878788754,2,124.34434,nigeria,draw_156
Female,0.9807654523662732,3,124.34434,nigeria,draw_156
Male,0.9824896855300207,3,124.34434,nigeria,draw_156
Female,0.9814063714519824,2,124.45445,nigeria,draw_156
Male,0.9786201156060583,2,124.45445,nigeria,draw_156
Female,0.9807002671803285,3,124.45445,nigeria,draw_156
Male,0.9823941689756338,3,124.45445,nigeria,draw_156
Female,0.981549803568731,2,124.56456,nigeria,draw_156
Male,0.978769831296305,2,124.56456,nigeria,draw_156
Female,0.9806728895782927,3,124.56456,nigeria,draw_156
Male,0.982334083343238,3,124.56456,nigeria,draw_156
Female,0.9817264038829823,2,124.67467,nigeria,draw_156
Male,0.9789583590826024,2,124.67467,nigeria,draw_156
Female,0.9806797418916344,3,124.67467,nigeria,draw_156
Male,0.982305777634978,3,124.67467,nigeria,draw_156
Female,0.9819356928438141,2,124.78478,nigeria,draw_156
Male,0.9791865676689352,2,124.78478,nigeria,draw_156
Female,0.9807201318253613,3,124.78478,nigeria,draw_156
Male,0.9823092221997868,3,124.78478,nigeria,draw_156
Female,0.9821784430701062,2,124.89489,nigeria,draw_156
Male,0.979454961425193,2,124.89489,nigeria,draw_156
Female,0.9807944572697662,3,124.89489,nigeria,draw_156
Male,0.9823443969522152,3,124.89489,nigeria,draw_156
Female,0.982454790739475,2,125.00501,nigeria,draw_156
Male,0.9797628809630157,2,125.00501,nigeria,draw_156
Female,0.9809026972285285,3,125.00501,nigeria,draw_156
Male,0.9824108844896567,3,125.00501,nigeria,draw_156
Female,0.9827652906874782,2,125.11512,nigeria,draw_156
Male,0.9801109183269955,2,125.11512,nigeria,draw_156
Female,0.9810449640686411,3,125.11512,nigeria,draw_156
Male,0.9825091114381634,3,125.11512,nigeria,draw_156
Female,0.9829846824007915,2,125.22523,nigeria,draw_156
Male,0.9803548353200578,2,125.22523,nigeria,draw_156
Female,0.9811177217045919,3,125.22523,nigeria,draw_156
Male,0.9825482317402768,3,125.22523,nigeria,draw_156
Female,0.982923018844784,2,125.33534,nigeria,draw_156
Male,0.9802712246949922,2,125.33534,nigeria,draw_156
Female,0.9809637480875031,3,125.33534,nigeria,draw_156
Male,0.9823874579252493,3,125.33534,nigeria,draw_156
Female,0.9828728982596209,2,125.44545,nigeria,draw_156
Male,0.9802022064934705,2,125.44545,nigeria,draw_156
Female,0.9808252334104607,3,125.44545,nigeria,draw_156
Male,0.9822421369281823,3,125.44545,nigeria,draw_156
Female,0.9828346440517685,2,125.55556,nigeria,draw_156
Male,0.9801468499867996,2,125.55556,nigeria,draw_156
Female,0.9807024076604142,3,125.55556,nigeria,draw_156
Male,0.9821116094029624,3,125.55556,nigeria,draw_156
Female,0.98280830593339,2,125.66567,nigeria,draw_156
Male,0.9801066885683986,2,125.66567,nigeria,draw_156
Female,0.9805954133756359,3,125.66567,nigeria,draw_156
Male,0.9819968801301618,3,125.66567,nigeria,draw_156
Female,0.9827940818337533,2,125.77578,nigeria,draw_156
Male,0.9800807640699636,2,125.77578,nigeria,draw_156
Female,0.9805047237715755,3,125.77578,nigeria,draw_156
Male,0.9818977142215837,3,125.77578,nigeria,draw_156
Female,0.9827934749838649,2,125.88589,nigeria,draw_156
Male,0.9800712175038485,2,125.88589,nigeria,draw_156
Female,0.9804322334533536,3,125.88589,nigeria,draw_156
Male,0.9818161427103903,3,125.88589,nigeria,draw_156
Female,0.9828099061469019,2,125.996,nigeria,draw_156
Male,0.9800835522849103,2,125.996,nigeria,draw_156
Female,0.9803836909905506,3,125.996,nigeria,draw_156
Male,0.9817587070123321,3,125.996,nigeria,draw_156
Female,0.9828426482840695,2,126.10611,nigeria,draw_156
Male,0.9801149160297806,2,126.10611,nigeria,draw_156
Female,0.9803575516052245,3,126.10611,nigeria,draw_156
Male,0.9817225964439095,3,126.10611,nigeria,draw_156
Female,0.982890717406673,2,126.21622,nigeria,draw_156
Male,0.9801648636023609,2,126.21622,nigeria,draw_156
Female,0.9803528543338066,3,126.21622,nigeria,draw_156
Male,0.9817073724722325,3,126.21622,nigeria,draw_156
Female,0.9829546493215622,2,126.32633,nigeria,draw_156
Male,0.9802345275822346,2,126.32633,nigeria,draw_156
Female,0.9803700412964941,3,126.32633,nigeria,draw_156
Male,0.9817137733526679,3,126.32633,nigeria,draw_156
Female,0.983033041024221,2,126.43644,nigeria,draw_156
Male,0.980322562879953,2,126.43644,nigeria,draw_156
Female,0.9804075231688547,3,126.43644,nigeria,draw_156
Male,0.9817404977070248,3,126.43644,nigeria,draw_156
Female,0.9831247263513411,2,126.54655,nigeria,draw_156
Male,0.980425694341662,2,126.54655,nigeria,draw_156
Female,0.9804633630307965,3,126.54655,nigeria,draw_156
Male,0.9817844631540851,3,126.54655,nigeria,draw_156
Female,0.9832301313827743,2,126.65666,nigeria,draw_156
Male,0.9805460962110457,2,126.65666,nigeria,draw_156
Female,0.9805375949308202,3,126.65666,nigeria,draw_156
Male,0.9818466634519101,3,126.65666,nigeria,draw_156
Female,0.9833471996791803,2,126.76677,nigeria,draw_156
Male,0.9806809357453514,2,126.76677,nigeria,draw_156
Female,0.980628443493326,3,126.76677,nigeria,draw_156
Male,0.9819252507687084,3,126.76677,nigeria,draw_156
Female,0.9834760262657215,2,126.87688,nigeria,draw_156
Male,0.9808295738825852,2,126.87688,nigeria,draw_156
Female,0.9807350578562817,3,126.87688,nigeria,draw_156
Male,0.9820188880112952,3,126.87688,nigeria,draw_156
Female,0.9836156859569353,2,126.98699,nigeria,draw_156
Male,0.9809918724777862,2,126.98699,nigeria,draw_156
Female,0.9808567099243546,3,126.98699,nigeria,draw_156
Male,0.9821274461491968,3,126.98699,nigeria,draw_156
Female,0.9837663808086434,2,127.0971,nigeria,draw_156
Male,0.981167626969265,2,127.0971,nigeria,draw_156
Female,0.9809935458772048,3,127.0971,nigeria,draw_156
Male,0.9822508535594136,3,127.0971,nigeria,draw_156
Female,0.9839277417340356,2,127.20721,nigeria,draw_156
Male,0.9813566256691051,2,127.20721,nigeria,draw_156
Female,0.9811452660564693,3,127.20721,nigeria,draw_156
Male,0.9823889911649983,3,127.20721,nigeria,draw_156
Female,0.9840996515108458,2,127.31732,nigeria,draw_156
Male,0.9815580260803723,2,127.31732,nigeria,draw_156
Female,0.9813117862764024,3,127.31732,nigeria,draw_156
Male,0.982541341417919,3,127.31732,nigeria,draw_156
Female,0.9842839115148087,2,127.42743,nigeria,draw_156
Male,0.981774644054161,2,127.42743,nigeria,draw_156
Female,0.9814955617890223,3,127.42743,nigeria,draw_156
Male,0.9827107187188209,3,127.42743,nigeria,draw_156
Female,0.9844775012881389,2,127.53754,nigeria,draw_156
Male,0.9820028779063922,2,127.53754,nigeria,draw_156
Female,0.981692763398042,3,127.53754,nigeria,draw_156
Male,0.9828934293186806,3,127.53754,nigeria,draw_156
Female,0.9846809532836189,2,127.64765,nigeria,draw_156
Male,0.9822427722937227,2,127.64765,nigeria,draw_156
Female,0.9819040540210873,3,127.64765,nigeria,draw_156
Male,0.9830897403828092,3,127.64765,nigeria,draw_156
Female,0.9848947740280696,2,127.75776,nigeria,draw_156
Male,0.9824958404476988,2,127.75776,nigeria,draw_156
Female,0.9821301327282301,3,127.75776,nigeria,draw_156
Male,0.9833008636352647,3,127.75776,nigeria,draw_156
Female,0.9851189975661263,2,127.86787,nigeria,draw_156
Male,0.9827620172607997,2,127.86787,nigeria,draw_156
Female,0.9823711550527118,3,127.86787,nigeria,draw_156
Male,0.9835268809216209,3,127.86787,nigeria,draw_156
Female,0.9853534480767986,2,127.97798,nigeria,draw_156
Male,0.9830403134211468,2,127.97798,nigeria,draw_156
Female,0.9826268891274652,3,127.97798,nigeria,draw_156
Male,0.9837670810339701,3,127.97798,nigeria,draw_156
Female,0.9855988560892747,2,128.08809,nigeria,draw_156
Male,0.9833325733066611,2,128.08809,nigeria,draw_156
Female,0.9828980995211262,3,128.08809,nigeria,draw_156
Male,0.984022815700171,3,128.08809,nigeria,draw_156
Female,0.9858553878802336,2,128.1982,nigeria,draw_156
Male,0.9836376105730869,2,128.1982,nigeria,draw_156
Female,0.9831848378134468,3,128.1982,nigeria,draw_156
Male,0.9842932107104655,3,128.1982,nigeria,draw_156
Female,0.9861213210265131,2,128.30831,nigeria,draw_156
Male,0.983954479272454,2,128.30831,nigeria,draw_156
Female,0.9834850364712436,3,128.30831,nigeria,draw_156
Male,0.9845770150985037,3,128.30831,nigeria,draw_156
Female,0.9863964135355555,2,128.41842,nigeria,draw_156
Male,0.9842827949202144,2,128.41842,nigeria,draw_156
Female,0.9837981289151143,3,128.41842,nigeria,draw_156
Male,0.9848736141452213,3,128.41842,nigeria,draw_156
Female,0.986680346686729,2,128.52853,nigeria,draw_156
Male,0.9846218116580115,2,128.52853,nigeria,draw_156
Female,0.9841234550798007,3,128.52853,nigeria,draw_156
Male,0.9851821800793061,3,128.52853,nigeria,draw_156
Female,0.9869725901737267,2,128.63864,nigeria,draw_156
Male,0.9849712365398436,2,128.63864,nigeria,draw_156
Female,0.9844603000683096,3,128.63864,nigeria,draw_156
Male,0.9855022653422458,3,128.63864,nigeria,draw_156
Female,0.9872732799250271,2,128.74875,nigeria,draw_156
Male,0.9853306741745188,2,128.74875,nigeria,draw_156
Female,0.98480867587606,3,128.74875,nigeria,draw_156
Male,0.9858335078520171,3,128.74875,nigeria,draw_156
Female,0.9875836637246065,2,128.85886,nigeria,draw_156
Male,0.9857025006085692,2,128.85886,nigeria,draw_156
Female,0.9851703700511475,3,128.85886,nigeria,draw_156
Male,0.986178264357216,3,128.85886,nigeria,draw_156
Female,0.9879023944959422,2,128.96897,nigeria,draw_156
Male,0.9860834570285397,2,128.96897,nigeria,draw_156
Female,0.9855432835080735,3,128.96897,nigeria,draw_156
Male,0.9865334493699088,3,128.96897,nigeria,draw_156
Female,0.9882286308772612,2,129.07908,nigeria,draw_156
Male,0.9864740832698671,2,129.07908,nigeria,draw_156
Female,0.9859268324485636,3,129.07908,nigeria,draw_156
Male,0.9868994143169701,3,129.07908,nigeria,draw_156
Female,0.9885623526812869,2,129.18919,nigeria,draw_156
Male,0.9868736759679444,2,129.18919,nigeria,draw_156
Female,0.9863209953494393,3,129.18919,nigeria,draw_156
Male,0.9872757244953818,3,129.18919,nigeria,draw_156
Female,0.9889043671377007,2,129.2993,nigeria,draw_156
Male,0.9872836317169505,2,129.2993,nigeria,draw_156
Female,0.9867263725804991,3,129.2993,nigeria,draw_156
Male,0.9876632307116827,3,129.2993,nigeria,draw_156
Female,0.9892540604219306,2,129.40941,nigeria,draw_156
Male,0.9877027044070436,2,129.40941,nigeria,draw_156
Female,0.9871425152930223,3,129.40941,nigeria,draw_156
Male,0.9880612252383756,3,129.40941,nigeria,draw_156
Female,0.989612645286107,2,129.51952,nigeria,draw_156
Male,0.9881325049378805,2,129.51952,nigeria,draw_156
Female,0.9875709633332541,3,129.51952,nigeria,draw_156
Male,0.9884712932535091,3,129.51952,nigeria,draw_156
Female,0.9899799786437478,2,129.62963,nigeria,draw_156
Male,0.9885737187080859,2,129.62963,nigeria,draw_156
Female,0.9880115424180701,3,129.62963,nigeria,draw_156
Male,0.9888938157130357,3,129.62963,nigeria,draw_156
Female,0.9903558390561334,2,129.73974,nigeria,draw_156
Male,0.9890242007662856,2,129.73974,nigeria,draw_156
Female,0.9884635620600082,3,129.73974,nigeria,draw_156
Male,0.9893269592184832,3,129.73974,nigeria,draw_156
Female,0.9907389650489075,2,129.84985,nigeria,draw_156
Male,0.9894843736182553,2,129.84985,nigeria,draw_156
Female,0.9889260607642603,3,129.84985,nigeria,draw_156
Male,0.9897710093538532,3,129.84985,nigeria,draw_156
Female,0.9911306336452959,2,129.95996,nigeria,draw_156
Male,0.9899537283164591,2,129.95996,nigeria,draw_156
Female,0.9893999959199985,3,129.95996,nigeria,draw_156
Male,0.9902256827012815,3,129.95996,nigeria,draw_156
Female,0.9915298248544638,2,130.07007,nigeria,draw_156
Male,0.9904333461167907,2,130.07007,nigeria,draw_156
Female,0.9898845898279455,3,130.07007,nigeria,draw_156
Male,0.9906916537768631,3,130.07007,nigeria,draw_156
Female,0.991937575064919,2,130.18018,nigeria,draw_156
Male,0.9909222178624707,2,130.18018,nigeria,draw_156
Female,0.9903808598491959,3,130.18018,nigeria,draw_156
Male,0.9911683811621264,3,130.18018,nigeria,draw_156
Female,0.9923549659854703,2,130.29029,nigeria,draw_156
Male,0.9914236236533758,2,130.29029,nigeria,draw_156
Female,0.9908905773059116,3,130.29029,nigeria,draw_156
Male,0.9916589459488767,3,130.29029,nigeria,draw_156
Female,0.992780086259785,2,130.4004,nigeria,draw_156
Male,0.9919343443261286,2,130.4004,nigeria,draw_156
Female,0.9914112817502975,3,130.4004,nigeria,draw_156
Male,0.9921603533048939,3,130.4004,nigeria,draw_156
Female,0.9932141007587104,2,130.51051,nigeria,draw_156
Male,0.9924559379471697,2,130.51051,nigeria,draw_156
Female,0.9919439338880952,3,130.51051,nigeria,draw_156
Male,0.9926735507457862,3,130.51051,nigeria,draw_156
Female,0.9936553708836625,2,130.62062,nigeria,draw_156
Male,0.9929864054245647,2,130.62062,nigeria,draw_156
Female,0.9924869027259083,3,130.62062,nigeria,draw_156
Male,0.9931971400392074,3,130.62062,nigeria,draw_156
Female,0.9941043191745986,2,130.73073,nigeria,draw_156
Male,0.9935259779462597,2,130.73073,nigeria,draw_156
Female,0.993040287061169,3,130.73073,nigeria,draw_156
Male,0.9937309458413024,3,130.73073,nigeria,draw_156
Female,0.9945592951027923,2,130.84084,nigeria,draw_156
Male,0.9940733380878396,2,130.84084,nigeria,draw_156
Female,0.9936025492154421,3,130.84084,nigeria,draw_156
Male,0.994273835856455,3,130.84084,nigeria,draw_156
Female,0.9950222174668668,2,130.95095,nigeria,draw_156
Male,0.9946297880826703,2,130.95095,nigeria,draw_156
Female,0.9941757790929988,3,130.95095,nigeria,draw_156
Male,0.9948272360885593,3,130.95095,nigeria,draw_156
Female,0.995491621319919,2,131.06106,nigeria,draw_156
Male,0.9951947213919512,2,131.06106,nigeria,draw_156
Female,0.9947587261563129,3,131.06106,nigeria,draw_156
Male,0.9953906778991173,3,131.06106,nigeria,draw_156
Female,0.9959682193229271,2,131.17117,nigeria,draw_156
Male,0.9957681411402229,2,131.17117,nigeria,draw_156
Female,0.9953516222189206,3,131.17117,nigeria,draw_156
Male,0.9959637515274794,3,131.17117,nigeria,draw_156
Female,0.9964514451265001,2,131.28128,nigeria,draw_156
Male,0.9963495141623593,2,131.28128,nigeria,draw_156
Female,0.995953889815385,3,131.28128,nigeria,draw_156
Male,0.9965461937099851,3,131.28128,nigeria,draw_156
Female,0.9969413786070243,2,131.39139,nigeria,draw_156
Male,0.9969394133315671,2,131.39139,nigeria,draw_156
Female,0.9965656158753852,3,131.39139,nigeria,draw_156
Male,0.9971383489005619,3,131.39139,nigeria,draw_156
Female,0.9974388392592916,2,131.5015,nigeria,draw_156
Male,0.9975375576251179,2,131.5015,nigeria,draw_156
Female,0.9971873469059974,3,131.5015,nigeria,draw_156
Male,0.9977400981512256,3,131.5015,nigeria,draw_156
Female,0.9979430709484348,2,131.61161,nigeria,draw_156
Male,0.998144354323151,2,131.61161,nigeria,draw_156
Female,0.9978186401862841,3,131.61161,nigeria,draw_156
Male,0.9983518083851569,3,131.61161,nigeria,draw_156
Female,0.9984557552023207,2,131.72172,nigeria,draw_156
Male,0.9987611114937306,2,131.72172,nigeria,draw_156
Female,0.9984616485078059,3,131.72172,nigeria,draw_156
Male,0.9989750554964039,3,131.72172,nigeria,draw_156
Female,0.998975689023421,2,131.83183,nigeria,draw_156
Male,0.9993867135355071,2,131.83183,nigeria,draw_156
Female,0.9991146235336867,3,131.83183,nigeria,draw_156
Male,0.9996083049339478,3,131.83183,nigeria,draw_156
Female,0.9995026369081365,2,131.94194,nigeria,draw_156
Male,1.0000204934124999,2,131.94194,nigeria,draw_156
Female,0.9997773647692096,3,131.94194,nigeria,draw_156
Male,1.0002511760854165,3,131.94194,nigeria,draw_156
Female,1.0000368441550966,2,132.05205,nigeria,draw_156
Male,1.0006627931125276,2,132.05205,nigeria,draw_156
Female,1.0004499626410401,3,132.05205,nigeria,draw_156
Male,1.0009038387285827,3,132.05205,nigeria,draw_156
Female,1.0005782690109322,2,132.16216,nigeria,draw_156
Male,1.0013142642442217,2,132.16216,nigeria,draw_156
Female,1.0011324208312447,3,132.16216,nigeria,draw_156
Male,1.0015666752242645,3,132.16216,nigeria,draw_156
Female,1.0011257366284956,2,132.27227,nigeria,draw_156
Male,1.0019731149070847,2,132.27227,nigeria,draw_156
Female,1.001823581280014,3,132.27227,nigeria,draw_156
Male,1.0022383812849904,3,132.27227,nigeria,draw_156
Female,1.0016802902943054,2,132.38238,nigeria,draw_156
Male,1.0026395551320093,2,132.38238,nigeria,draw_156
Female,1.0025240598234122,3,132.38238,nigeria,draw_156
Male,1.0029187935785473,3,132.38238,nigeria,draw_156
Female,1.0022398516109845,2,132.49249,nigeria,draw_156
Male,1.0033123043953531,2,132.49249,nigeria,draw_156
Female,1.0032317572650724,3,132.49249,nigeria,draw_156
Male,1.0036065694514085,3,132.49249,nigeria,draw_156
Female,1.0028043882696906,2,132.6026,nigeria,draw_156
Male,1.0039914967361832,2,132.6026,nigeria,draw_156
Female,1.003946090532703,3,132.6026,nigeria,draw_156
Male,1.0043013850769973,3,132.6026,nigeria,draw_156
Female,1.003373802611208,2,132.71271,nigeria,draw_156
Male,1.0046767469211302,2,132.71271,nigeria,draw_156
Female,1.0046669656579439,3,132.71271,nigeria,draw_156
Male,1.0050029939282497,3,132.71271,nigeria,draw_156
Female,1.0039481361081095,2,132.82282,nigeria,draw_156
Male,1.0053680690026956,2,132.82282,nigeria,draw_156
Female,1.0053944843364897,3,132.82282,nigeria,draw_156
Male,1.0057114147253987,3,132.82282,nigeria,draw_156
Female,1.0045276823819398,2,132.93293,nigeria,draw_156
Male,1.0060652276823951,2,132.93293,nigeria,draw_156
Female,1.0061290253997166,3,132.93293,nigeria,draw_156
Male,1.0064265132223587,3,132.93293,nigeria,draw_156
Female,1.0051121534547949,2,133.04304,nigeria,draw_156
Male,1.006768900828424,2,133.04304,nigeria,draw_156
Female,1.0068703783408468,3,133.04304,nigeria,draw_156
Male,1.0071487721336758,3,133.04304,nigeria,draw_156
Female,1.0057029993067945,2,133.15315,nigeria,draw_156
Male,1.0074799005579458,2,133.15315,nigeria,draw_156
Female,1.0076200352446212,3,133.15315,nigeria,draw_156
Male,1.0078791486278342,3,133.15315,nigeria,draw_156
Female,1.0062985752026299,2,133.26326,nigeria,draw_156
Male,1.0081975289517366,2,133.26326,nigeria,draw_156
Female,1.008376127135219,3,133.26326,nigeria,draw_156
Male,1.00861672472911,3,133.26326,nigeria,draw_156
Female,1.0068993695180992,2,133.37337,nigeria,draw_156
Male,1.0089211134131233,2,133.37337,nigeria,draw_156
Female,1.0091391346970016,3,133.37337,nigeria,draw_156
Male,1.009361168609376,3,133.37337,nigeria,draw_156
Female,1.007505494240168,2,133.48348,nigeria,draw_156
Male,1.0096506368950995,2,133.48348,nigeria,draw_156
Female,1.0099092762702777,3,133.48348,nigeria,draw_156
Male,1.0101124700692086,3,133.48348,nigeria,draw_156
Female,1.0081173156649261,2,133.59359,nigeria,draw_156
Male,1.0103866442891085,2,133.59359,nigeria,draw_156
Female,1.010686820532799,3,133.59359,nigeria,draw_156
Male,1.0108709649105683,3,133.59359,nigeria,draw_156
Female,1.0087341351409245,2,133.7037,nigeria,draw_156
Male,1.0111298165894838,2,133.7037,nigeria,draw_156
Female,1.011471195473399,3,133.7037,nigeria,draw_156
Male,1.0116371064708962,3,133.7037,nigeria,draw_156
Female,1.0093574508749534,2,133.81381,nigeria,draw_156
Male,1.0118799923405848,2,133.81381,nigeria,draw_156
Female,1.0122639164378568,3,133.81381,nigeria,draw_156
Male,1.0124112437562367,3,133.81381,nigeria,draw_156
Female,1.0099868078221375,2,133.92392,nigeria,draw_156
Male,1.0126371034251516,2,133.92392,nigeria,draw_156
Female,1.0130643253675795,3,133.92392,nigeria,draw_156
Male,1.013193135138381,3,133.92392,nigeria,draw_156
Female,1.0106219248278139,2,134.03403,nigeria,draw_156
Male,1.0134004922472866,2,134.03403,nigeria,draw_156
Female,1.0138720663371503,3,134.03403,nigeria,draw_156
Male,1.0139821193104155,3,134.03403,nigeria,draw_156
Female,1.01126232674271,2,134.14414,nigeria,draw_156
Male,1.0141706962033503,2,134.14414,nigeria,draw_156
Female,1.0146868741900146,3,134.14414,nigeria,draw_156
Male,1.0147785762293133,3,134.14414,nigeria,draw_156
Female,1.01190883359175,2,134.25425,nigeria,draw_156
Male,1.0149478912497194,2,134.25425,nigeria,draw_156
Female,1.0155094580576864,3,134.25425,nigeria,draw_156
Male,1.0155826833217612,3,134.25425,nigeria,draw_156
Female,1.012561304596215,2,134.36436,nigeria,draw_156
Male,1.0157316622799875,2,134.36436,nigeria,draw_156
Female,1.0163395686272358,3,134.36436,nigeria,draw_156
Male,1.0163941596440134,3,134.36436,nigeria,draw_156
Female,1.0132193231777038,2,134.47447,nigeria,draw_156
Male,1.0165232605594428,2,134.47447,nigeria,draw_156
Female,1.01717710079527,3,134.47447,nigeria,draw_156
Male,1.0172138612251067,3,134.47447,nigeria,draw_156
Female,1.0138842729359114,2,134.58458,nigeria,draw_156
Male,1.017322004801966,2,134.58458,nigeria,draw_156
Female,1.0180235888205622,3,134.58458,nigeria,draw_156
Male,1.0180418898804011,3,134.58458,nigeria,draw_156
Female,1.0145550994348786,2,134.69469,nigeria,draw_156
Male,1.0181283901766356,2,134.69469,nigeria,draw_156
Female,1.0188777033811292,3,134.69469,nigeria,draw_156
Male,1.0188780792478733,3,134.69469,nigeria,draw_156
Female,1.0152319095671087,2,134.8048,nigeria,draw_156
Male,1.0189416176766413,2,134.8048,nigeria,draw_156
Female,1.0197393787887596,3,134.8048,nigeria,draw_156
Male,1.0197220103332592,3,134.8048,nigeria,draw_156
Female,1.0159147740237777,2,134.91491,nigeria,draw_156
Male,1.0197615536685662,2,134.91491,nigeria,draw_156
Female,1.0206087081697341,3,134.91491,nigeria,draw_156
Male,1.0205735948235561,3,134.91491,nigeria,draw_156
Female,1.0166041151141498,2,135.02503,nigeria,draw_156
Male,1.0205892946184305,2,135.02503,nigeria,draw_156
Female,1.0214861170012401,3,135.02503,nigeria,draw_156
Male,1.021433415377238,3,135.02503,nigeria,draw_156
Female,1.0171097066809613,2,135.13514,nigeria,draw_156
Male,1.0211930273409784,2,135.13514,nigeria,draw_156
Female,1.0221014953005592,3,135.13514,nigeria,draw_156
Male,1.0220307325726359,3,135.13514,nigeria,draw_156
Female,1.0173853961010109,2,135.24525,nigeria,draw_156
Male,1.0215185036851189,2,135.24525,nigeria,draw_156
Female,1.0223904229559517,3,135.24525,nigeria,draw_156
Male,1.022302100830645,3,135.24525,nigeria,draw_156
Female,1.0176622376765871,2,135.35536,nigeria,draw_156
Male,1.0218442567593629,2,135.35536,nigeria,draw_156
Female,1.0226808689858375,3,135.35536,nigeria,draw_156
Male,1.022574307942027,3,135.35536,nigeria,draw_156
Female,1.0179397922075242,2,135.46547,nigeria,draw_156
Male,1.0221706268482353,2,135.46547,nigeria,draw_156
Female,1.022972394127994,3,135.46547,nigeria,draw_156
Male,1.0228475135330473,3,135.46547,nigeria,draw_156
Female,1.0182173698135926,2,135.57558,nigeria,draw_156
Male,1.022498232679065,2,135.57558,nigeria,draw_156
Female,1.0232645167798022,3,135.57558,nigeria,draw_156
Male,1.0231220719077752,3,135.57558,nigeria,draw_156
Female,1.0184952072296758,2,135.68569,nigeria,draw_156
Male,1.0228253763339368,2,135.68569,nigeria,draw_156
Female,1.023557399972559,3,135.68569,nigeria,draw_156
Male,1.0233970077481662,3,135.68569,nigeria,draw_156
Female,1.018773414689471,2,135.7958,nigeria,draw_156
Male,1.0231531782115955,2,135.7958,nigeria,draw_156
Female,1.0238511650737168,3,135.7958,nigeria,draw_156
Male,1.0236729701491771,3,135.7958,nigeria,draw_156
Female,1.019051628844494,2,135.90591,nigeria,draw_156
Male,1.023481335699947,2,135.90591,nigeria,draw_156
Female,1.024145603606021,3,135.90591,nigeria,draw_156
Male,1.0239498173194463,3,135.90591,nigeria,draw_156
Female,1.0193302181062434,2,136.01602,nigeria,draw_156
Male,1.0238088692879017,2,136.01602,nigeria,draw_156
Female,1.0244410318563357,3,136.01602,nigeria,draw_156
Male,1.0242270832425995,3,136.01602,nigeria,draw_156
Female,1.0196077008417181,2,136.12613,nigeria,draw_156
Male,1.0241362992859748,2,136.12613,nigeria,draw_156
Female,1.0247361816082183,3,136.12613,nigeria,draw_156
Male,1.0245049571840543,3,136.12613,nigeria,draw_156
Female,1.0198854831833837,2,136.23624,nigeria,draw_156
Male,1.0244635008403729,2,136.23624,nigeria,draw_156
Female,1.0250321461327796,3,136.23624,nigeria,draw_156
Male,1.0247833654715859,3,136.23624,nigeria,draw_156
Female,1.0201633723406378,2,136.34635,nigeria,draw_156
Male,1.024790607044072,2,136.34635,nigeria,draw_156
Female,1.0253287750018714,3,136.34635,nigeria,draw_156
Male,1.0250624099437218,3,136.34635,nigeria,draw_156
Female,1.0204411401469473,2,136.45646,nigeria,draw_156
Male,1.0251179593683941,2,136.45646,nigeria,draw_156
Female,1.0256258924107684,3,136.45646,nigeria,draw_156
Male,1.0253422668596293,3,136.45646,nigeria,draw_156
Female,1.0207185418347582,2,136.56657,nigeria,draw_156
Male,1.025444682697954,2,136.56657,nigeria,draw_156
Female,1.0259233103268552,3,136.56657,nigeria,draw_156
Male,1.0256224049689098,3,136.56657,nigeria,draw_156
Female,1.0209958000278663,2,136.67668,nigeria,draw_156
Male,1.0257714684202586,2,136.67668,nigeria,draw_156
Female,1.0262213575752646,3,136.67668,nigeria,draw_156
Male,1.0259033563289999,3,136.67668,nigeria,draw_156
Female,1.0212730617700763,2,136.78679,nigeria,draw_156
Male,1.0260986652598805,2,136.78679,nigeria,draw_156
Female,1.0265200800510956,3,136.78679,nigeria,draw_156
Male,1.0261852510648495,3,136.78679,nigeria,draw_156
Female,1.0215505027466372,2,136.8969,nigeria,draw_156
Male,1.0264249840785966,2,136.8969,nigeria,draw_156
Female,1.0268195374107123,3,136.8969,nigeria,draw_156
Male,1.0264672927255596,3,136.8969,nigeria,draw_156
Female,1.0218272061417701,2,137.00701,nigeria,draw_156
Male,1.026751158038314,2,137.00701,nigeria,draw_156
Female,1.0271190605133191,3,137.00701,nigeria,draw_156
Male,1.0267499148770733,3,137.00701,nigeria,draw_156
Female,1.0221039775062053,2,137.11712,nigeria,draw_156
Male,1.0270777346497912,2,137.11712,nigeria,draw_156
Female,1.0274192217142697,3,137.11712,nigeria,draw_156
Male,1.0270334530543608,3,137.11712,nigeria,draw_156
Female,1.022380736422221,2,137.22723,nigeria,draw_156
Male,1.0274035732253883,2,137.22723,nigeria,draw_156
Female,1.027719970226814,3,137.22723,nigeria,draw_156
Male,1.0273172531846402,3,137.22723,nigeria,draw_156
Female,1.022657056507556,2,137.33734,nigeria,draw_156
Male,1.0277299250838092,2,137.33734,nigeria,draw_156
Female,1.0280210461342354,3,137.33734,nigeria,draw_156
Male,1.027602096577143,3,137.33734,nigeria,draw_156
Female,1.022933716910689,2,137.44745,nigeria,draw_156
Male,1.0280558245692426,2,137.44745,nigeria,draw_156
Female,1.028323110066708,3,137.44745,nigeria,draw_156
Male,1.0278874775015652,3,137.44745,nigeria,draw_156
Female,1.023209825162151,2,137.55756,nigeria,draw_156
Male,1.0283816326279942,2,137.55756,nigeria,draw_156
Female,1.0286253732676374,3,137.55756,nigeria,draw_156
Male,1.028173475781242,3,137.55756,nigeria,draw_156
Female,1.0234861120496692,2,137.66767,nigeria,draw_156
Male,1.0287066932309268,2,137.66767,nigeria,draw_156
Female,1.0289283847513728,3,137.66767,nigeria,draw_156
Male,1.028459718996923,3,137.66767,nigeria,draw_156
Female,1.0237621036103408,2,137.77778,nigeria,draw_156
Male,1.0290322287923837,2,137.77778,nigeria,draw_156
Female,1.0292317481678948,3,137.77778,nigeria,draw_156
Male,1.0287469084622527,3,137.77778,nigeria,draw_156
Female,1.02403807018923,2,137.88789,nigeria,draw_156
Male,1.0293569905919846,2,137.88789,nigeria,draw_156
Female,1.029535691066128,3,137.88789,nigeria,draw_156
Male,1.0290343430374138,3,137.88789,nigeria,draw_156
Female,1.0243137038952057,2,137.998,nigeria,draw_156
Male,1.02968170131548,2,137.998,nigeria,draw_156
Female,1.029840015303134,3,137.998,nigeria,draw_156
Male,1.029322444957092,3,137.998,nigeria,draw_156
Female,1.0245894355100937,2,138.10811,nigeria,draw_156
Male,1.0300067394378083,2,138.10811,nigeria,draw_156
Female,1.0301451512824378,3,138.10811,nigeria,draw_156
Male,1.0296115735936642,3,138.10811,nigeria,draw_156
Female,1.0248646698170594,2,138.21822,nigeria,draw_156
Male,1.030330896176143,2,138.21822,nigeria,draw_156
Female,1.0304505788726928,3,138.21822,nigeria,draw_156
Male,1.0299009217728154,3,138.21822,nigeria,draw_156
Female,1.0251397744594546,2,138.32833,nigeria,draw_156
Male,1.0306549966221232,2,138.32833,nigeria,draw_156
Female,1.03075652573752,3,138.32833,nigeria,draw_156
Male,1.0301909146366528,3,138.32833,nigeria,draw_156
Female,1.0254145355698703,2,138.43844,nigeria,draw_156
Male,1.0309788111886466,2,138.43844,nigeria,draw_156
Female,1.0310628046762285,3,138.43844,nigeria,draw_156
Male,1.030481448295873,3,138.43844,nigeria,draw_156
Female,1.0256897682565072,2,138.54855,nigeria,draw_156
Male,1.0313022928690678,2,138.54855,nigeria,draw_156
Female,1.0313700287152907,3,138.54855,nigeria,draw_156
Male,1.0307724771232902,3,138.54855,nigeria,draw_156
Female,1.0259641197043872,2,138.65866,nigeria,draw_156
Male,1.0316259779452484,2,138.65866,nigeria,draw_156
Female,1.0316771866242656,3,138.65866,nigeria,draw_156
Male,1.031064331010518,3,138.65866,nigeria,draw_156
Female,1.026238729744647,2,138.76877,nigeria,draw_156
Male,1.031949598774734,2,138.76877,nigeria,draw_156
Female,1.0319851927655355,3,138.76877,nigeria,draw_156
Male,1.0313568833600844,3,138.76877,nigeria,draw_156
Female,1.0265132433825923,2,138.87888,nigeria,draw_156
Male,1.0322728995501542,2,138.87888,nigeria,draw_156
Female,1.0322938447528895,3,138.87888,nigeria,draw_156
Male,1.031650063119173,3,138.87888,nigeria,draw_156
Female,1.026787149925958,2,138.98899,nigeria,draw_156
Male,1.0325957894848088,2,138.98899,nigeria,draw_156
Female,1.032602664576972,3,138.98899,nigeria,draw_156
Male,1.031943705205316,3,138.98899,nigeria,draw_156
Female,1.0270611375687306,2,139.0991,nigeria,draw_156
Male,1.0329182462789548,2,139.0991,nigeria,draw_156
Female,1.0329121892346669,3,139.0991,nigeria,draw_156
Male,1.0322378106878163,3,139.0991,nigeria,draw_156
Female,1.027334671378815,2,139.20921,nigeria,draw_156
Male,1.0332406073275104,2,139.20921,nigeria,draw_156
Female,1.0332219648682837,3,139.20921,nigeria,draw_156
Male,1.032532565293137,3,139.20921,nigeria,draw_156
Female,1.0276083273586138,2,139.31932,nigeria,draw_156
Male,1.0335622590603697,2,139.31932,nigeria,draw_156
Female,1.0335324555565804,3,139.31932,nigeria,draw_156
Male,1.032827638800098,3,139.31932,nigeria,draw_156
Female,1.0278815255792124,2,139.42943,nigeria,draw_156
Male,1.0338837109108545,2,139.42943,nigeria,draw_156
Female,1.033843226566665,3,139.42943,nigeria,draw_156
Male,1.0331233134968874,3,139.42943,nigeria,draw_156
Female,1.0281545334197426,2,139.53954,nigeria,draw_156
Male,1.0342051884065027,2,139.53954,nigeria,draw_156
Female,1.0341546224554885,3,139.53954,nigeria,draw_156
Male,1.0334198510114267,3,139.53954,nigeria,draw_156
Female,1.0284274500144077,2,139.64965,nigeria,draw_156
Male,1.0345267206938917,2,139.64965,nigeria,draw_156
Female,1.0344666104724933,3,139.64965,nigeria,draw_156
Male,1.0337171478618035,3,139.64965,nigeria,draw_156
Female,1.0287001718427145,2,139.75976,nigeria,draw_156
Male,1.034848046473416,2,139.75976,nigeria,draw_156
Female,1.0347790741819156,3,139.75976,nigeria,draw_156
Male,1.0340150543215016,3,139.75976,nigeria,draw_156
Female,1.0289726887260568,2,139.86987,nigeria,draw_156
Male,1.0351680959465042,2,139.86987,nigeria,draw_156
Female,1.0350920068997242,3,139.86987,nigeria,draw_156
Male,1.0343129463925915,3,139.86987,nigeria,draw_156
Female,1.029245004231253,2,139.97998,nigeria,draw_156
Male,1.0354885237237874,2,139.97998,nigeria,draw_156
Female,1.035405396455092,3,139.97998,nigeria,draw_156
Male,1.034611767125641,3,139.97998,nigeria,draw_156
Female,1.0295169636065917,2,140.09009,nigeria,draw_156
Male,1.0358076925882456,2,140.09009,nigeria,draw_156
Female,1.0357191156147902,3,140.09009,nigeria,draw_156
Male,1.0349105827698302,3,140.09009,nigeria,draw_156
Female,1.029788482696157,2,140.2002,nigeria,draw_156
Male,1.0361274936518383,2,140.2002,nigeria,draw_156
Female,1.0360331607016755,3,140.2002,nigeria,draw_156
Male,1.0352105394247375,3,140.2002,nigeria,draw_156
Female,1.0300602280955056,2,140.31031,nigeria,draw_156
Male,1.03644728538313,2,140.31031,nigeria,draw_156
Female,1.0363480803303837,3,140.31031,nigeria,draw_156
Male,1.0355113134590106,3,140.31031,nigeria,draw_156
Female,1.0303318723001176,2,140.42042,nigeria,draw_156
Male,1.0367660352687973,2,140.42042,nigeria,draw_156
Female,1.0366635407198894,3,140.42042,nigeria,draw_156
Male,1.0358122100584928,3,140.42042,nigeria,draw_156
Female,1.0306032551534612,2,140.53053,nigeria,draw_156
Male,1.03708495238352,2,140.53053,nigeria,draw_156
Female,1.0369794343924061,3,140.53053,nigeria,draw_156
Male,1.0361139350286521,3,140.53053,nigeria,draw_156
Female,1.030873379453193,2,140.64064,nigeria,draw_156
Male,1.037402332560225,2,140.64064,nigeria,draw_156
Female,1.0372949735372996,3,140.64064,nigeria,draw_156
Male,1.036415495064336,3,140.64064,nigeria,draw_156
Female,1.0311441817829776,2,140.75075,nigeria,draw_156
Male,1.0377202971764998,2,140.75075,nigeria,draw_156
Female,1.0376116408133966,3,140.75075,nigeria,draw_156
Male,1.0367181146535014,3,140.75075,nigeria,draw_156
Female,1.0314142023940545,2,140.86086,nigeria,draw_156
Male,1.0380379870318073,2,140.86086,nigeria,draw_156
Female,1.0379283327863817,3,140.86086,nigeria,draw_156
Male,1.0370212860823995,3,140.86086,nigeria,draw_156
Female,1.0316843949855767,2,140.97097,nigeria,draw_156
Male,1.0383547901204697,2,140.97097,nigeria,draw_156
Female,1.0382458860326411,3,140.97097,nigeria,draw_156
Male,1.0373248016068746,3,140.97097,nigeria,draw_156
Female,1.0319544491228239,2,141.08108,nigeria,draw_156
Male,1.038671410601555,2,141.08108,nigeria,draw_156
Female,1.0385639602675791,3,141.08108,nigeria,draw_156
Male,1.0376289497103757,3,141.08108,nigeria,draw_156
Female,1.0322243379637623,2,141.19119,nigeria,draw_156
Male,1.038987973743813,2,141.19119,nigeria,draw_156
Female,1.0388824991453516,3,141.19119,nigeria,draw_156
Male,1.037933776816507,3,141.19119,nigeria,draw_156
Female,1.0324932935679687,2,141.3013,nigeria,draw_156
Male,1.0393041470936055,2,141.3013,nigeria,draw_156
Female,1.0392009182439355,3,141.3013,nigeria,draw_156
Male,1.0382390908042354,3,141.3013,nigeria,draw_156
Female,1.0327623778685764,2,141.41141,nigeria,draw_156
Male,1.0396191174580804,2,141.41141,nigeria,draw_156
Female,1.0395200483634537,3,141.41141,nigeria,draw_156
Male,1.0385444075188357,3,141.41141,nigeria,draw_156
Female,1.033031264615109,2,141.52152,nigeria,draw_156
Male,1.0399344830414239,2,141.52152,nigeria,draw_156
Female,1.0398396591278813,3,141.52152,nigeria,draw_156
Male,1.038850675062863,3,141.52152,nigeria,draw_156
Female,1.0332999909530705,2,141.63163,nigeria,draw_156
Male,1.0402494778231113,2,141.63163,nigeria,draw_156
Female,1.040159759610423,3,141.63163,nigeria,draw_156
Male,1.039157516966125,3,141.63163,nigeria,draw_156
Female,1.0335681200803584,2,141.74174,nigeria,draw_156
Male,1.0405638749000905,2,141.74174,nigeria,draw_156
Female,1.0404801115513798,3,141.74174,nigeria,draw_156
Male,1.0394648146103351,3,141.74174,nigeria,draw_156
Female,1.033836619018128,2,141.85185,nigeria,draw_156
Male,1.0408779157784895,2,141.85185,nigeria,draw_156
Female,1.0408013598983994,3,141.85185,nigeria,draw_156
Male,1.0397726168386652,3,141.85185,nigeria,draw_156
Female,1.0341036742009933,2,141.96196,nigeria,draw_156
Male,1.0411915416785247,2,141.96196,nigeria,draw_156
Female,1.0411221357754377,3,141.96196,nigeria,draw_156
Male,1.0400808910446646,3,141.96196,nigeria,draw_156
Female,1.0343710046698893,2,142.07207,nigeria,draw_156
Male,1.0415045723601508,2,142.07207,nigeria,draw_156
Female,1.041443704532218,3,142.07207,nigeria,draw_156
Male,1.0403895211372791,3,142.07207,nigeria,draw_156
Female,1.034637828124756,2,142.18218,nigeria,draw_156
Male,1.041816984662027,2,142.18218,nigeria,draw_156
Female,1.041765481699845,3,142.18218,nigeria,draw_156
Male,1.0406984818616405,3,142.18218,nigeria,draw_156
Female,1.0349049174612477,2,142.29229,nigeria,draw_156
Male,1.042129235169524,2,142.29229,nigeria,draw_156
Female,1.0420880625979536,3,142.29229,nigeria,draw_156
Male,1.041008041530505,3,142.29229,nigeria,draw_156
Female,1.0351711889484534,2,142.4024,nigeria,draw_156
Male,1.0424415500482733,2,142.4024,nigeria,draw_156
Female,1.0424107097496578,3,142.4024,nigeria,draw_156
Male,1.041318472697352,3,142.4024,nigeria,draw_156
Female,1.0354380194932329,2,142.51251,nigeria,draw_156
Male,1.0427528854497705,2,142.51251,nigeria,draw_156
Female,1.0427343423210982,3,142.51251,nigeria,draw_156
Male,1.0416290460815072,3,142.51251,nigeria,draw_156
Female,1.0357040418795451,2,142.62262,nigeria,draw_156
Male,1.0430641003856227,2,142.62262,nigeria,draw_156
Female,1.0430579955432195,3,142.62262,nigeria,draw_156
Male,1.0419402464981498,3,142.62262,nigeria,draw_156
Female,1.0359689815906457,2,142.73273,nigeria,draw_156
Male,1.0433745362441023,2,142.73273,nigeria,draw_156
Female,1.0433814755160808,3,142.73273,nigeria,draw_156
Male,1.0422516918829077,3,142.73273,nigeria,draw_156
Female,1.036234349587767,2,142.84284,nigeria,draw_156
Male,1.0436842854047863,2,142.84284,nigeria,draw_156
Female,1.043705879315895,3,142.84284,nigeria,draw_156
Male,1.042563439846315,3,142.84284,nigeria,draw_156
Female,1.036498835969716,2,142.95295,nigeria,draw_156
Male,1.0439939244301601,2,142.95295,nigeria,draw_156
Female,1.0440302197128744,3,142.95295,nigeria,draw_156
Male,1.0428758200428723,3,142.95295,nigeria,draw_156
Female,1.0367634319947805,2,143.06306,nigeria,draw_156
Male,1.0443030402137958,2,143.06306,nigeria,draw_156
Female,1.044355288509864,3,143.06306,nigeria,draw_156
Male,1.0431886543044337,3,143.06306,nigeria,draw_156
Female,1.0370269645990446,2,143.17317,nigeria,draw_156
Male,1.0446119466023223,2,143.17317,nigeria,draw_156
Female,1.0446802177382297,3,143.17317,nigeria,draw_156
Male,1.043502140505578,3,143.17317,nigeria,draw_156
Female,1.0372908005890953,2,143.28328,nigeria,draw_156
Male,1.0449199026602454,2,143.28328,nigeria,draw_156
Female,1.045005950923905,3,143.28328,nigeria,draw_156
Male,1.0438157690358962,3,143.28328,nigeria,draw_156
Female,1.03755475102651,2,143.39339,nigeria,draw_156
Male,1.045228347755768,2,143.39339,nigeria,draw_156
Female,1.0453323654056064,3,143.39339,nigeria,draw_156
Male,1.0441303528534427,3,143.39339,nigeria,draw_156
Female,1.0378173498940424,2,143.5035,nigeria,draw_156
Male,1.0455347801558124,2,143.5035,nigeria,draw_156
Female,1.0456583440183984,3,143.5035,nigeria,draw_156
Male,1.0444444693547175,3,143.5035,nigeria,draw_156
Female,1.0380799047792098,2,143.61361,nigeria,draw_156
Male,1.0458415211686203,2,143.61361,nigeria,draw_156
Female,1.0459848949052715,3,143.61361,nigeria,draw_156
Male,1.0447594329992127,3,143.61361,nigeria,draw_156
Female,1.0383423195909975,2,143.72372,nigeria,draw_156
Male,1.0461474427551385,2,143.72372,nigeria,draw_156
Female,1.0463119389016937,3,143.72372,nigeria,draw_156
Male,1.0450745825329095,3,143.72372,nigeria,draw_156
Female,1.0386040530892087,2,143.83383,nigeria,draw_156
Male,1.0464531585732506,2,143.83383,nigeria,draw_156
Female,1.0466391637838734,3,143.83383,nigeria,draw_156
Male,1.0453904316541636,3,143.83383,nigeria,draw_156
Female,1.038865998578956,2,143.94394,nigeria,draw_156
Male,1.0467579668877798,2,143.94394,nigeria,draw_156
Female,1.0469671220788597,3,143.94394,nigeria,draw_156
Male,1.0457064249360326,3,143.94394,nigeria,draw_156
Female,1.0391273085530128,2,144.05405,nigeria,draw_156
Male,1.047063183164069,2,144.05405,nigeria,draw_156
Female,1.0472951407900726,3,144.05405,nigeria,draw_156
Male,1.0460233160486963,3,144.05405,nigeria,draw_156
Female,1.0393880136865192,2,144.16416,nigeria,draw_156
Male,1.047367051324995,2,144.16416,nigeria,draw_156
Female,1.0476232659487985,3,144.16416,nigeria,draw_156
Male,1.046340109807337,3,144.16416,nigeria,draw_156
Female,1.0396483480965035,2,144.27427,nigeria,draw_156
Male,1.0476702088227234,2,144.27427,nigeria,draw_156
Female,1.0479516608818402,3,144.27427,nigeria,draw_156
Male,1.0466571566241247,3,144.27427,nigeria,draw_156
Female,1.0399084572969313,2,144.38438,nigeria,draw_156
Male,1.0479729461747682,2,144.38438,nigeria,draw_156
Female,1.0482803650263262,3,144.38438,nigeria,draw_156
Male,1.046974603841894,3,144.38438,nigeria,draw_156
Female,1.0401678086936321,2,144.49449,nigeria,draw_156
Male,1.0482757439732673,2,144.49449,nigeria,draw_156
Female,1.0486090856114407,3,144.49449,nigeria,draw_156
Male,1.0472928035963636,3,144.49449,nigeria,draw_156
Female,1.040427403029326,2,144.6046,nigeria,draw_156
Male,1.048577203466644,2,144.6046,nigeria,draw_156
Female,1.0489385833338234,3,144.6046,nigeria,draw_156
Male,1.0476109565210066,3,144.6046,nigeria,draw_156
Female,1.0406865728175088,2,144.71471,nigeria,draw_156
Male,1.0488787671033037,2,144.71471,nigeria,draw_156
Female,1.0492682993612878,3,144.71471,nigeria,draw_156
Male,1.0479297939326335,3,144.71471,nigeria,draw_156
Female,1.0409453567573637,2,144.82482,nigeria,draw_156
Male,1.0491798452682952,2,144.82482,nigeria,draw_156
Female,1.0495982494773988,3,144.82482,nigeria,draw_156
Male,1.0482489831720565,3,144.82482,nigeria,draw_156
Female,1.04120344563527,2,144.93493,nigeria,draw_156
Male,1.0494797923355825,2,144.93493,nigeria,draw_156
Female,1.0499282254017128,3,144.93493,nigeria,draw_156
Male,1.0485681519124694,3,144.93493,nigeria,draw_156
Female,1.0414606701448792,2,145.04505,nigeria,draw_156
Male,1.0497787398086371,2,145.04505,nigeria,draw_156
Female,1.0502580628748313,3,145.04505,nigeria,draw_156
Male,1.0488873879925762,3,145.04505,nigeria,draw_156
Female,1.0417180091758864,2,145.15516,nigeria,draw_156
Male,1.0500777226356481,2,145.15516,nigeria,draw_156
Female,1.0505885052084565,3,145.15516,nigeria,draw_156
Male,1.0492072720308647,3,145.15516,nigeria,draw_156
Female,1.041975087379809,2,145.26527,nigeria,draw_156
Male,1.0503762243615018,2,145.26527,nigeria,draw_156
Female,1.050919366898983,3,145.26527,nigeria,draw_156
Male,1.049527638879313,3,145.26527,nigeria,draw_156
Female,1.0422317529484648,2,145.37538,nigeria,draw_156
Male,1.0506743137993586,2,145.37538,nigeria,draw_156
Female,1.0512504500048352,3,145.37538,nigeria,draw_156
Male,1.0498483820862532,3,145.37538,nigeria,draw_156
Female,1.0424880289456704,2,145.48549,nigeria,draw_156
Male,1.0509726835105238,2,145.48549,nigeria,draw_156
Female,1.0515817300487702,3,145.48549,nigeria,draw_156
Male,1.0501698714796104,3,145.48549,nigeria,draw_156
Female,1.0427437604065368,2,145.5956,nigeria,draw_156
Male,1.0512692931721932,2,145.5956,nigeria,draw_156
Female,1.051913064948617,3,145.5956,nigeria,draw_156
Male,1.0504909721106028,3,145.5956,nigeria,draw_156
Female,1.0429989953113836,2,145.70571,nigeria,draw_156
Male,1.0515651549464924,2,145.70571,nigeria,draw_156
Female,1.0522444959812092,3,145.70571,nigeria,draw_156
Male,1.0508122591240971,3,145.70571,nigeria,draw_156
Female,1.0432535297073156,2,145.81582,nigeria,draw_156
Male,1.0518604671869067,2,145.81582,nigeria,draw_156
Female,1.0525759085068374,3,145.81582,nigeria,draw_156
Male,1.051133849255768,3,145.81582,nigeria,draw_156
Female,1.043508430284336,2,145.92593,nigeria,draw_156
Male,1.0521549214035775,2,145.92593,nigeria,draw_156
Female,1.0529081626481895,3,145.92593,nigeria,draw_156
Male,1.0514556220206226,3,145.92593,nigeria,draw_156
Female,1.0437625066454408,2,146.03604,nigeria,draw_156
Male,1.0524497166212599,2,146.03604,nigeria,draw_156
Female,1.053240358532924,3,146.03604,nigeria,draw_156
Male,1.0517782513487204,3,146.03604,nigeria,draw_156
Female,1.044016144084738,2,146.14615,nigeria,draw_156
Male,1.0527434915341156,2,146.14615,nigeria,draw_156
Female,1.0535727250259135,3,146.14615,nigeria,draw_156
Male,1.0521008941460164,3,146.14615,nigeria,draw_156
Female,1.0442693182978275,2,146.25626,nigeria,draw_156
Male,1.0530369888336604,2,146.25626,nigeria,draw_156
Female,1.0539052663477655,3,146.25626,nigeria,draw_156
Male,1.052423966564201,3,146.25626,nigeria,draw_156
Female,1.0445218137375938,2,146.36637,nigeria,draw_156
Male,1.053328933943198,2,146.36637,nigeria,draw_156
Female,1.0542377642025809,3,146.36637,nigeria,draw_156
Male,1.0527467564100998,3,146.36637,nigeria,draw_156
Female,1.0447738415936911,2,146.47648,nigeria,draw_156
Male,1.0536207545982614,2,146.47648,nigeria,draw_156
Female,1.0545704312571929,3,146.47648,nigeria,draw_156
Male,1.0530700594144327,3,146.47648,nigeria,draw_156
Female,1.0450253799708769,2,146.58659,nigeria,draw_156
Male,1.0539119524936336,2,146.58659,nigeria,draw_156
Female,1.0549032501982503,3,146.58659,nigeria,draw_156
Male,1.0533935902458826,3,146.58659,nigeria,draw_156
Female,1.0452767606727695,2,146.6967,nigeria,draw_156
Male,1.0542020461150319,2,146.6967,nigeria,draw_156
Female,1.0552365310412182,3,146.6967,nigeria,draw_156
Male,1.053717152597856,3,146.6967,nigeria,draw_156
Female,1.0455275750860384,2,146.80681,nigeria,draw_156
Male,1.0544922171162032,2,146.80681,nigeria,draw_156
Female,1.0555698262946271,3,146.80681,nigeria,draw_156
Male,1.0540413248243892,3,146.80681,nigeria,draw_156
Female,1.0457778699334228,2,146.91692,nigeria,draw_156
Male,1.0547815922116865,2,146.91692,nigeria,draw_156
Female,1.0559032265623696,3,146.91692,nigeria,draw_156
Male,1.054365607072461,3,146.91692,nigeria,draw_156
Female,1.0460276012844394,2,147.02703,nigeria,draw_156
Male,1.0550700307717316,2,147.02703,nigeria,draw_156
Female,1.0562366885474679,3,147.02703,nigeria,draw_156
Male,1.0546899073900442,3,147.02703,nigeria,draw_156
Female,1.0462765829787233,2,147.13714,nigeria,draw_156
Male,1.0553575260093955,2,147.13714,nigeria,draw_156
Female,1.0565700473284378,3,147.13714,nigeria,draw_156
Male,1.0550142238499085,3,147.13714,nigeria,draw_156
Female,1.0465251556602853,2,147.24725,nigeria,draw_156
Male,1.055644424395434,2,147.24725,nigeria,draw_156
Female,1.0569035297907834,3,147.24725,nigeria,draw_156
Male,1.055338742636654,3,147.24725,nigeria,draw_156
Female,1.0467733513846507,2,147.35736,nigeria,draw_156
Male,1.055930797794093,2,147.35736,nigeria,draw_156
Female,1.0572372308986966,3,147.35736,nigeria,draw_156
Male,1.0556635604299602,3,147.35736,nigeria,draw_156
Female,1.0470211467281576,2,147.46747,nigeria,draw_156
Male,1.056216525253966,2,147.46747,nigeria,draw_156
Female,1.0575710737865769,3,147.46747,nigeria,draw_156
Male,1.055988594568998,3,147.46747,nigeria,draw_156
Female,1.0472684260987735,2,147.57758,nigeria,draw_156
Male,1.0565013930294003,2,147.57758,nigeria,draw_156
Female,1.0579049567383847,3,147.57758,nigeria,draw_156
Male,1.0563136650573874,3,147.57758,nigeria,draw_156
Female,1.047515159766025,2,147.68769,nigeria,draw_156
Male,1.0567862576000626,2,147.68769,nigeria,draw_156
Female,1.058238859353214,3,147.68769,nigeria,draw_156
Male,1.0566392685601518,3,147.68769,nigeria,draw_156
Female,1.0477613005352946,2,147.7978,nigeria,draw_156
Male,1.057069485256887,2,147.7978,nigeria,draw_156
Female,1.0585727103505997,3,147.7978,nigeria,draw_156
Male,1.0569644700359464,3,147.7978,nigeria,draw_156
Female,1.0480067225475365,2,147.90791,nigeria,draw_156
Male,1.057351845757606,2,147.90791,nigeria,draw_156
Female,1.058906469104283,3,147.90791,nigeria,draw_156
Male,1.0572896933803477,3,147.90791,nigeria,draw_156
Female,1.0482516246231857,2,148.01802,nigeria,draw_156
Male,1.057633943649414,2,148.01802,nigeria,draw_156
Female,1.059240279452403,3,148.01802,nigeria,draw_156
Male,1.0576152876321185,3,148.01802,nigeria,draw_156
Female,1.0484961423038226,2,148.12813,nigeria,draw_156
Male,1.057915125212136,2,148.12813,nigeria,draw_156
Female,1.0595743106098572,3,148.12813,nigeria,draw_156
Male,1.0579409639283675,3,148.12813,nigeria,draw_156
Female,1.0487401421842317,2,148.23824,nigeria,draw_156
Male,1.058195806796039,2,148.23824,nigeria,draw_156
Female,1.0599083341191433,3,148.23824,nigeria,draw_156
Male,1.0582668526854746,3,148.23824,nigeria,draw_156
Female,1.048983674004042,2,148.34835,nigeria,draw_156
Male,1.0584759739779708,2,148.34835,nigeria,draw_156
Female,1.060242350344102,3,148.34835,nigeria,draw_156
Male,1.0585929308194806,3,148.34835,nigeria,draw_156
Female,1.0492261695730247,2,148.45846,nigeria,draw_156
Male,1.058755234344085,2,148.45846,nigeria,draw_156
Female,1.0605759571856146,3,148.45846,nigeria,draw_156
Male,1.0589189766901888,3,148.45846,nigeria,draw_156
Female,1.0494685768476386,2,148.56857,nigeria,draw_156
Male,1.059033306794207,2,148.56857,nigeria,draw_156
Female,1.0609098759270565,3,148.56857,nigeria,draw_156
Male,1.059244818903824,3,148.56857,nigeria,draw_156
Female,1.049710181546981,2,148.67868,nigeria,draw_156
Male,1.059310674455838,2,148.67868,nigeria,draw_156
Female,1.0612435866142966,3,148.67868,nigeria,draw_156
Male,1.0595707447680267,3,148.67868,nigeria,draw_156
Female,1.0499514363850475,2,148.78879,nigeria,draw_156
Male,1.0595874839872528,2,148.78879,nigeria,draw_156
Female,1.061577381374009,3,148.78879,nigeria,draw_156
Male,1.0598968514412346,3,148.78879,nigeria,draw_156
Female,1.0501921706178068,2,148.8989,nigeria,draw_156
Male,1.0598625839974092,2,148.8989,nigeria,draw_156
Female,1.0619111430432924,3,148.8989,nigeria,draw_156
Male,1.060222457576959,3,148.8989,nigeria,draw_156
Female,1.0504323483792861,2,149.00901,nigeria,draw_156
Male,1.0601380109368668,2,149.00901,nigeria,draw_156
Female,1.062244841275298,3,149.00901,nigeria,draw_156
Male,1.060548701733222,3,149.00901,nigeria,draw_156
Female,1.0506719668822522,2,149.11912,nigeria,draw_156
Male,1.0604124232663101,2,149.11912,nigeria,draw_156
Female,1.0625785155169647,3,149.11912,nigeria,draw_156
Male,1.060874808297879,3,149.11912,nigeria,draw_156
Female,1.0509107614910826,2,149.22923,nigeria,draw_156
Male,1.060686099436519,2,149.22923,nigeria,draw_156
Female,1.0629119353542065,3,149.22923,nigeria,draw_156
Male,1.0612009465785202,3,149.22923,nigeria,draw_156
Female,1.0511493056721952,2,149.33934,nigeria,draw_156
Male,1.060958949531785,2,149.33934,nigeria,draw_156
Female,1.0632454322430889,3,149.33934,nigeria,draw_156
Male,1.0615270541343798,3,149.33934,nigeria,draw_156
Female,1.0513867032727757,2,149.44945,nigeria,draw_156
Male,1.061230910407888,2,149.44945,nigeria,draw_156
Female,1.0635784247799478,3,149.44945,nigeria,draw_156
Male,1.0618531033753582,3,149.44945,nigeria,draw_156
Female,1.0516236083072332,2,149.55956,nigeria,draw_156
Male,1.0615019991753618,2,149.55956,nigeria,draw_156
Female,1.0639114415069375,3,149.55956,nigeria,draw_156
Male,1.0621791387126531,3,149.55956,nigeria,draw_156
Female,1.0518598973381725,2,149.66967,nigeria,draw_156
Male,1.061772404384465,2,149.66967,nigeria,draw_156
Female,1.0642443282066294,3,149.66967,nigeria,draw_156
Male,1.0625051983418892,3,149.66967,nigeria,draw_156
Female,1.052095640068048,2,149.77978,nigeria,draw_156
Male,1.0620424695861268,2,149.77978,nigeria,draw_156
Female,1.0645771059240359,3,149.77978,nigeria,draw_156
Male,1.062831491537834,3,149.77978,nigeria,draw_156
Female,1.0523307103839672,2,149.88989,nigeria,draw_156
Male,1.0623114703909473,2,149.88989,nigeria,draw_156
Female,1.0649097423114635,3,149.88989,nigeria,draw_156
Male,1.0631575687882422,3,149.88989,nigeria,draw_156
Female,1.0525654855204754,2,150.0,nigeria,draw_156
Male,1.062579635459865,2,150.0,nigeria,draw_156
Female,1.0652424582658924,3,150.0,nigeria,draw_156
Male,1.0634835711550186,3,150.0,nigeria,draw_156
Female,5.464020782697532,2,40.0,pakistan,draw_156
Male,4.902666776447394,2,40.0,pakistan,draw_156
Female,3.7465953250297668,3,40.0,pakistan,draw_156
Male,3.459139686339192,3,40.0,pakistan,draw_156
Female,5.442934665798851,2,40.11011,pakistan,draw_156
Male,4.884434014734784,2,40.11011,pakistan,draw_156
Female,3.736338368173672,3,40.11011,pakistan,draw_156
Male,3.449930176569388,3,40.11011,pakistan,draw_156
Female,5.421928447073237,2,40.22022,pakistan,draw_156
Male,4.866262973937324,2,40.22022,pakistan,draw_156
Female,3.726111249978312,3,40.22022,pakistan,draw_156
Male,3.440746966278308,3,40.22022,pakistan,draw_156
Female,5.400998182482571,2,40.33033,pakistan,draw_156
Male,4.848147263314377,2,40.33033,pakistan,draw_156
Female,3.7159126328666026,3,40.33033,pakistan,draw_156
Male,3.431588239554315,3,40.33033,pakistan,draw_156
Female,5.380143412346476,2,40.44044,pakistan,draw_156
Male,4.830092751044888,2,40.44044,pakistan,draw_156
Female,3.7057433432422635,3,40.44044,pakistan,draw_156
Male,3.4224553459351292,3,40.44044,pakistan,draw_156
Female,5.359361820196887,2,40.55055,pakistan,draw_156
Male,4.812100315683453,2,40.55055,pakistan,draw_156
Female,3.69560218295043,3,40.55055,pakistan,draw_156
Male,3.413348334006867,3,40.55055,pakistan,draw_156
Female,5.338661571821713,2,40.66066,pakistan,draw_156
Male,4.7941652059253705,2,40.66066,pakistan,draw_156
Female,3.68549208956425,3,40.66066,pakistan,draw_156
Male,3.4042663952357284,3,40.66066,pakistan,draw_156
Female,5.318037993026602,2,40.77077,pakistan,draw_156
Male,4.776289288691181,2,40.77077,pakistan,draw_156
Female,3.6754107720248608,3,40.77077,pakistan,draw_156
Male,3.395209678461588,3,40.77077,pakistan,draw_156
Female,5.297482365673277,2,40.88088,pakistan,draw_156
Male,4.758473636948812,2,40.88088,pakistan,draw_156
Female,3.665356448345904,3,40.88088,pakistan,draw_156
Male,3.3861787659084435,3,40.88088,pakistan,draw_156
Female,5.277002895768026,2,40.99099,pakistan,draw_156
Male,4.740712137787098,2,40.99099,pakistan,draw_156
Female,3.6553310126749676,3,40.99099,pakistan,draw_156
Male,3.3771724080410275,3,40.99099,pakistan,draw_156
Female,5.256591104478,2,41.1011,pakistan,draw_156
Male,4.723011582407827,2,41.1011,pakistan,draw_156
Female,3.645331677401923,3,41.1011,pakistan,draw_156
Male,3.3681914631379035,3,41.1011,pakistan,draw_156
Female,5.236255708918539,2,41.21121,pakistan,draw_156
Male,4.705369270661569,2,41.21121,pakistan,draw_156
Female,3.635361563698329,3,41.21121,pakistan,draw_156
Male,3.3592356141008093,3,41.21121,pakistan,draw_156
Female,5.215992835682114,2,41.32132,pakistan,draw_156
Male,4.687786521307908,2,41.32132,pakistan,draw_156
Female,3.6254198377537166,3,41.32132,pakistan,draw_156
Male,3.3503044320400575,3,41.32132,pakistan,draw_156
Female,5.195800152148297,2,41.43143,pakistan,draw_156
Male,4.670264128225604,2,41.43143,pakistan,draw_156
Female,3.6155042972681213,3,41.43143,pakistan,draw_156
Male,3.3413984377816393,3,41.43143,pakistan,draw_156
Female,5.175676890732022,2,41.54154,pakistan,draw_156
Male,4.652795215628648,2,41.54154,pakistan,draw_156
Female,3.6056147204607587,3,41.54154,pakistan,draw_156
Male,3.332516410863272,3,41.54154,pakistan,draw_156
Female,5.1556196717165585,2,41.65165,pakistan,draw_156
Male,4.63538449033482,2,41.65165,pakistan,draw_156
Female,3.5957505890522317,3,41.65165,pakistan,draw_156
Male,3.323659519666491,3,41.65165,pakistan,draw_156
Female,5.1356310820542115,2,41.76176,pakistan,draw_156
Male,4.618030727123827,2,41.76176,pakistan,draw_156
Female,3.585912617857735,3,41.76176,pakistan,draw_156
Male,3.3148267809877234,3,41.76176,pakistan,draw_156
Female,5.1157162928412765,2,41.87187,pakistan,draw_156
Male,4.600729061309931,2,41.87187,pakistan,draw_156
Female,3.576103420754358,3,41.87187,pakistan,draw_156
Male,3.306018983388871,3,41.87187,pakistan,draw_156
Female,5.0958701518790255,2,41.98198,pakistan,draw_156
Male,4.583480220802446,2,41.98198,pakistan,draw_156
Female,3.566320440086971,3,41.98198,pakistan,draw_156
Male,3.297235011195705,3,41.98198,pakistan,draw_156
Female,5.076095690367503,2,42.09209,pakistan,draw_156
Male,4.566291973096873,2,42.09209,pakistan,draw_156
Female,3.556565004928173,3,42.09209,pakistan,draw_156
Male,3.2884752893908837,3,42.09209,pakistan,draw_156
Female,5.056393300846136,2,42.2022,pakistan,draw_156
Male,4.549167153707656,2,42.2022,pakistan,draw_156
Female,3.5468377644031888,3,42.2022,pakistan,draw_156
Male,3.279740830570563,3,42.2022,pakistan,draw_156
Female,5.036762754129792,2,42.31231,pakistan,draw_156
Male,4.532103074915813,2,42.31231,pakistan,draw_156
Female,3.537137953166512,3,42.31231,pakistan,draw_156
Male,3.2710305269589015,3,42.31231,pakistan,draw_156
Female,5.017204165650952,2,42.42242,pakistan,draw_156
Male,4.5151003309104345,2,42.42242,pakistan,draw_156
Female,3.5274663353264653,3,42.42242,pakistan,draw_156
Male,3.2623442968894674,3,42.42242,pakistan,draw_156
Female,4.997714887715785,2,42.53253,pakistan,draw_156
Male,4.498154597053066,2,42.53253,pakistan,draw_156
Female,3.517822331633042,3,42.53253,pakistan,draw_156
Male,3.2536831162880864,3,42.53253,pakistan,draw_156
Female,4.978297863871178,2,42.64264,pakistan,draw_156
Male,4.481263046822836,2,42.64264,pakistan,draw_156
Female,3.5082058931586704,3,42.64264,pakistan,draw_156
Male,3.2450456517903445,3,42.64264,pakistan,draw_156
Female,4.95895318142654,2,42.75275,pakistan,draw_156
Male,4.4644317471245945,2,42.75275,pakistan,draw_156
Female,3.4986171147066765,3,42.75275,pakistan,draw_156
Male,3.236432450801227,3,42.75275,pakistan,draw_156
Female,4.939677263473871,2,42.86286,pakistan,draw_156
Male,4.447656609412301,2,42.86286,pakistan,draw_156
Female,3.4890554750060017,3,42.86286,pakistan,draw_156
Male,3.227843588000287,3,42.86286,pakistan,draw_156
Female,4.920475016601431,2,42.97297,pakistan,draw_156
Male,4.430939222069604,2,42.97297,pakistan,draw_156
Female,3.4795217884833165,3,42.97297,pakistan,draw_156
Male,3.219278146897871,3,42.97297,pakistan,draw_156
Female,4.901345183445292,2,43.08308,pakistan,draw_156
Male,4.414279378913185,2,43.08308,pakistan,draw_156
Female,3.4700147766227936,3,43.08308,pakistan,draw_156
Male,3.2107366811791,3,43.08308,pakistan,draw_156
Female,4.8822865661506665,2,43.19319,pakistan,draw_156
Male,4.397678399562169,2,43.19319,pakistan,draw_156
Female,3.4605344326417757,3,43.19319,pakistan,draw_156
Male,3.2022188756806247,3,43.19319,pakistan,draw_156
Female,4.863294664265697,2,43.3033,pakistan,draw_156
Male,4.381131809224378,2,43.3033,pakistan,draw_156
Female,3.451079821884755,3,43.3033,pakistan,draw_156
Male,3.1937239141964615,3,43.3033,pakistan,draw_156
Female,4.844365511094058,2,43.41341,pakistan,draw_156
Male,4.364643361763784,2,43.41341,pakistan,draw_156
Female,3.441649183705986,3,43.41341,pakistan,draw_156
Male,3.185252334010857,3,43.41341,pakistan,draw_156
Female,4.825505067748691,2,43.52352,pakistan,draw_156
Male,4.348211602282715,2,43.52352,pakistan,draw_156
Female,3.4322434520645007,3,43.52352,pakistan,draw_156
Male,3.17680390631456,3,43.52352,pakistan,draw_156
Female,4.806712488752814,2,43.63363,pakistan,draw_156
Male,4.331833355751582,2,43.63363,pakistan,draw_156
Female,3.42286400556424,3,43.63363,pakistan,draw_156
Male,3.1683792015377867,3,43.63363,pakistan,draw_156
Female,4.7879865379135405,2,43.74374,pakistan,draw_156
Male,4.3155115988550135,2,43.74374,pakistan,draw_156
Female,3.413509888136879,3,43.74374,pakistan,draw_156
Male,3.1599781971124266,3,43.74374,pakistan,draw_156
Female,4.769332722228583,2,43.85385,pakistan,draw_156
Male,4.2992554256064714,2,43.85385,pakistan,draw_156
Female,3.404182491661723,3,43.85385,pakistan,draw_156
Male,3.15160335090404,3,43.85385,pakistan,draw_156
Female,4.750749635255686,2,43.96396,pakistan,draw_156
Male,4.283070289679159,2,43.96396,pakistan,draw_156
Female,3.394882068225723,3,43.96396,pakistan,draw_156
Male,3.143255809721213,3,43.96396,pakistan,draw_156
Female,4.732231164170542,2,44.07407,pakistan,draw_156
Male,4.266953801655007,2,44.07407,pakistan,draw_156
Female,3.3856066837860688,3,44.07407,pakistan,draw_156
Male,3.134934300644615,3,44.07407,pakistan,draw_156
Female,4.713774409608476,2,44.18418,pakistan,draw_156
Male,4.250906491874171,2,44.18418,pakistan,draw_156
Female,3.376354622724731,3,44.18418,pakistan,draw_156
Male,3.126639185367768,3,44.18418,pakistan,draw_156
Female,4.695384643279563,2,44.29429,pakistan,draw_156
Male,4.234930143556341,2,44.29429,pakistan,draw_156
Female,3.367128175240285,3,44.29429,pakistan,draw_156
Male,3.118371236591088,3,44.29429,pakistan,draw_156
Female,4.67706456810086,2,44.4044,pakistan,draw_156
Male,4.2190218132211115,2,44.4044,pakistan,draw_156
Female,3.357927965871464,3,44.4044,pakistan,draw_156
Male,3.1101283326658207,3,44.4044,pakistan,draw_156
Female,4.658809342967218,2,44.51451,pakistan,draw_156
Male,4.2031821748374965,2,44.51451,pakistan,draw_156
Female,3.3487530947185813,3,44.51451,pakistan,draw_156
Male,3.101910530257549,3,44.51451,pakistan,draw_156
Female,4.6406193847419415,2,44.62462,pakistan,draw_156
Male,4.187411593553644,2,44.62462,pakistan,draw_156
Female,3.3396036957880018,3,44.62462,pakistan,draw_156
Male,3.0937182613816088,3,44.62462,pakistan,draw_156
Female,4.622494364835946,2,44.73473,pakistan,draw_156
Male,4.171707846570357,2,44.73473,pakistan,draw_156
Female,3.3304784218150245,3,44.73473,pakistan,draw_156
Male,3.0855522043350407,3,44.73473,pakistan,draw_156
Female,4.604434895794595,2,44.84484,pakistan,draw_156
Male,4.156071078873828,2,44.84484,pakistan,draw_156
Female,3.3213777544924867,3,44.84484,pakistan,draw_156
Male,3.077412448788045,3,44.84484,pakistan,draw_156
Female,4.5864432918190445,2,44.95495,pakistan,draw_156
Male,4.14050268706464,2,44.95495,pakistan,draw_156
Female,3.312302482136509,3,44.95495,pakistan,draw_156
Male,3.0692994190523017,3,44.95495,pakistan,draw_156
Female,4.568516630736149,2,45.06507,pakistan,draw_156
Male,4.124998031060643,2,45.06507,pakistan,draw_156
Female,3.3032522774132227,3,45.06507,pakistan,draw_156
Male,3.061211482654826,3,45.06507,pakistan,draw_156
Female,4.5506604005429985,2,45.17518,pakistan,draw_156
Male,4.1095598738869406,2,45.17518,pakistan,draw_156
Female,3.294229082433229,3,45.17518,pakistan,draw_156
Male,3.053150000335137,3,45.17518,pakistan,draw_156
Female,4.532873432051685,2,45.28529,pakistan,draw_156
Male,4.094186075805559,2,45.28529,pakistan,draw_156
Female,3.285232321495634,3,45.28529,pakistan,draw_156
Male,3.0451131864599157,3,45.28529,pakistan,draw_156
Female,4.51515102565201,2,45.3954,pakistan,draw_156
Male,4.078875029539569,2,45.3954,pakistan,draw_156
Female,3.276260362946626,3,45.3954,pakistan,draw_156
Male,3.0371011833852886,3,45.3954,pakistan,draw_156
Female,4.497492654556003,2,45.50551,pakistan,draw_156
Male,4.063629395668232,2,45.50551,pakistan,draw_156
Female,3.2673121939464154,3,45.50551,pakistan,draw_156
Male,3.0291149545152,3,45.50551,pakistan,draw_156
Female,4.479899260484488,2,45.61562,pakistan,draw_156
Male,4.048448675673172,2,45.61562,pakistan,draw_156
Female,3.2583885589517654,3,45.61562,pakistan,draw_156
Male,3.021153849753215,3,45.61562,pakistan,draw_156
Female,4.462370867511801,2,45.72573,pakistan,draw_156
Male,4.033336317891422,2,45.72573,pakistan,draw_156
Female,3.24948999286771,3,45.72573,pakistan,draw_156
Male,3.0132184917553886,3,45.72573,pakistan,draw_156
Female,4.44491061078755,2,45.83584,pakistan,draw_156
Male,4.01829068804741,2,45.83584,pakistan,draw_156
Female,3.2406176044950796,3,45.83584,pakistan,draw_156
Male,3.0053090237217095,3,45.83584,pakistan,draw_156
Female,4.427515092256225,2,45.94595,pakistan,draw_156
Male,4.003311886402947,2,45.94595,pakistan,draw_156
Female,3.2317700331600228,3,45.94595,pakistan,draw_156
Male,2.997425717945024,3,45.94595,pakistan,draw_156
Female,4.410183485106224,2,46.05606,pakistan,draw_156
Male,3.9884017555145683,2,46.05606,pakistan,draw_156
Female,3.2229469366947727,3,46.05606,pakistan,draw_156
Male,2.9895684825006086,3,46.05606,pakistan,draw_156
Female,4.392915338768225,2,46.16617,pakistan,draw_156
Male,3.9735607585195276,2,46.16617,pakistan,draw_156
Female,3.214147967124952,3,46.16617,pakistan,draw_156
Male,2.981737929742653,3,46.16617,pakistan,draw_156
Female,4.3757119153340405,2,46.27628,pakistan,draw_156
Male,3.9587871646132156,2,46.27628,pakistan,draw_156
Female,3.2053738372997453,3,46.27628,pakistan,draw_156
Male,2.9739331290006166,3,46.27628,pakistan,draw_156
Female,4.358571400390197,2,46.38639,pakistan,draw_156
Male,3.944082655336833,2,46.38639,pakistan,draw_156
Female,3.196624558425116,3,46.38639,pakistan,draw_156
Male,2.966154562367893,3,46.38639,pakistan,draw_156
Female,4.341493297535753,2,46.4965,pakistan,draw_156
Male,3.929445865521611,2,46.4965,pakistan,draw_156
Female,3.1878990710549906,3,46.4965,pakistan,draw_156
Male,2.9584013935149205,3,46.4965,pakistan,draw_156
Female,4.324478175088109,2,46.60661,pakistan,draw_156
Male,3.9148742443607407,2,46.60661,pakistan,draw_156
Female,3.179197052922563,3,46.60661,pakistan,draw_156
Male,2.950673065715361,3,46.60661,pakistan,draw_156
Female,4.307526631804316,2,46.71672,pakistan,draw_156
Male,3.900365316104526,2,46.71672,pakistan,draw_156
Female,3.1705190198547597,3,46.71672,pakistan,draw_156
Male,2.9429690052471122,3,46.71672,pakistan,draw_156
Female,4.290639486729458,2,46.82683,pakistan,draw_156
Male,3.8859224235583794,2,46.82683,pakistan,draw_156
Female,3.1618663684770985,3,46.82683,pakistan,draw_156
Male,2.9352898830140624,3,46.82683,pakistan,draw_156
Female,4.273814789273624,2,46.93694,pakistan,draw_156
Male,3.87154664154374,2,46.93694,pakistan,draw_156
Female,3.15323825539864,3,46.93694,pakistan,draw_156
Male,2.927636195295301,3,46.93694,pakistan,draw_156
Female,4.257055327825493,2,47.04705,pakistan,draw_156
Male,3.8572364427457555,2,47.04705,pakistan,draw_156
Female,3.144634883527548,3,47.04705,pakistan,draw_156
Male,2.9200081397426,3,47.04705,pakistan,draw_156
Female,4.240360507446315,2,47.15716,pakistan,draw_156
Male,3.842990655225176,2,47.15716,pakistan,draw_156
Female,3.1360568720939486,3,47.15716,pakistan,draw_156
Male,2.912404572004253,3,47.15716,pakistan,draw_156
Female,4.2237309682546575,2,47.26727,pakistan,draw_156
Male,3.828810613009029,2,47.26727,pakistan,draw_156
Female,3.12750370299016,3,47.26727,pakistan,draw_156
Male,2.9048264190791264,3,47.26727,pakistan,draw_156
Female,4.207167475683342,2,47.37738,pakistan,draw_156
Male,3.8146923563462187,2,47.37738,pakistan,draw_156
Female,3.1189755928882046,3,47.37738,pakistan,draw_156
Male,2.8972733792816254,3,47.37738,pakistan,draw_156
Female,4.190665841484836,2,47.48749,pakistan,draw_156
Male,3.8006380724591757,2,47.48749,pakistan,draw_156
Female,3.110470672299371,3,47.48749,pakistan,draw_156
Male,2.8897450660364368,3,47.48749,pakistan,draw_156
Female,4.174229983180895,2,47.5976,pakistan,draw_156
Male,3.7866488396967086,2,47.5976,pakistan,draw_156
Female,3.1019907398368796,3,47.5976,pakistan,draw_156
Male,2.8822417997492016,3,47.5976,pakistan,draw_156
Female,4.157868516839695,2,47.70771,pakistan,draw_156
Male,3.772722056107769,2,47.70771,pakistan,draw_156
Female,3.093538582027458,3,47.70771,pakistan,draw_156
Male,2.874763177943594,3,47.70771,pakistan,draw_156
Female,4.141579769537352,2,47.81782,pakistan,draw_156
Male,3.758860604306367,2,47.81782,pakistan,draw_156
Female,3.08511458920526,3,47.81782,pakistan,draw_156
Male,2.867310287847864,3,47.81782,pakistan,draw_156
Female,4.12536252967618,2,47.92793,pakistan,draw_156
Male,3.7450629079397277,2,47.92793,pakistan,draw_156
Female,3.076717358190584,3,47.92793,pakistan,draw_156
Male,2.8598825944733357,3,47.92793,pakistan,draw_156
Female,4.1092180715859365,2,48.03804,pakistan,draw_156
Male,3.731327162013164,2,48.03804,pakistan,draw_156
Female,3.068347923918335,3,48.03804,pakistan,draw_156
Male,2.8524792236884418,3,48.03804,pakistan,draw_156
Female,4.093145358193899,2,48.14815,pakistan,draw_156
Male,3.7176546417845953,2,48.14815,pakistan,draw_156
Female,3.0600062121172606,3,48.14815,pakistan,draw_156
Male,2.8451004466734395,3,48.14815,pakistan,draw_156
Female,4.077145266176798,2,48.25826,pakistan,draw_156
Male,3.7040467953379825,2,48.25826,pakistan,draw_156
Female,3.0516930728243254,3,48.25826,pakistan,draw_156
Male,2.8377464378229282,3,48.25826,pakistan,draw_156
Female,4.061215428327647,2,48.36837,pakistan,draw_156
Male,3.6905008561840846,2,48.36837,pakistan,draw_156
Female,3.043406993493243,3,48.36837,pakistan,draw_156
Male,2.8304161401308603,3,48.36837,pakistan,draw_156
Female,4.045357113253989,2,48.47848,pakistan,draw_156
Male,3.677017282150168,2,48.47848,pakistan,draw_156
Female,3.0351481144543584,3,48.47848,pakistan,draw_156
Male,2.8231099728055,3,48.47848,pakistan,draw_156
Female,4.029570559499652,2,48.58859,pakistan,draw_156
Male,3.663596437159742,2,48.58859,pakistan,draw_156
Female,3.0269161391788773,3,48.58859,pakistan,draw_156
Male,2.8158281081699705,3,48.58859,pakistan,draw_156
Female,4.013854411747501,2,48.6987,pakistan,draw_156
Male,3.6502388791853826,2,48.6987,pakistan,draw_156
Female,3.0187115424933797,3,48.6987,pakistan,draw_156
Male,2.80857128891818,3,48.6987,pakistan,draw_156
Female,3.99820679269055,2,48.80881,pakistan,draw_156
Male,3.636941610089753,2,48.80881,pakistan,draw_156
Female,3.0105329473074027,3,48.80881,pakistan,draw_156
Male,2.801337732745093,3,48.80881,pakistan,draw_156
Female,3.9826275487580713,2,48.91892,pakistan,draw_156
Male,3.623706623446364,2,48.91892,pakistan,draw_156
Female,3.0023804842848656,3,48.91892,pakistan,draw_156
Male,2.79412825062919,3,48.91892,pakistan,draw_156
Female,3.967119501480916,2,49.02903,pakistan,draw_156
Male,3.6105330575219123,2,49.02903,pakistan,draw_156
Female,2.994256017294559,3,49.02903,pakistan,draw_156
Male,2.786942883026128,3,49.02903,pakistan,draw_156
Female,3.9516794483220976,2,49.13914,pakistan,draw_156
Male,3.5974197364560796,2,49.13914,pakistan,draw_156
Female,2.9861587994034564,3,49.13914,pakistan,draw_156
Male,2.779781848104132,3,49.13914,pakistan,draw_156
Female,3.936307519075924,2,49.24925,pakistan,draw_156
Male,3.584367024556087,2,49.24925,pakistan,draw_156
Female,2.97808795014595,3,49.24925,pakistan,draw_156
Male,2.772645044423218,3,49.24925,pakistan,draw_156
Female,3.921005568879829,2,49.35936,pakistan,draw_156
Male,3.57137361514833,2,49.35936,pakistan,draw_156
Female,2.970044361345127,3,49.35936,pakistan,draw_156
Male,2.765531690859149,3,49.35936,pakistan,draw_156
Female,3.9057769648733838,2,49.46947,pakistan,draw_156
Male,3.5584385767981885,2,49.46947,pakistan,draw_156
Female,2.9620291352698263,3,49.46947,pakistan,draw_156
Male,2.758440778012126,3,49.46947,pakistan,draw_156
Female,3.890619556091505,2,49.57958,pakistan,draw_156
Male,3.5455631297502617,2,49.57958,pakistan,draw_156
Female,2.9540415837977845,3,49.57958,pakistan,draw_156
Male,2.751373581595831,3,49.57958,pakistan,draw_156
Female,3.8755330668817276,2,49.68969,pakistan,draw_156
Male,3.532746911655878,2,49.68969,pakistan,draw_156
Female,2.946082047849681,3,49.68969,pakistan,draw_156
Male,2.7443302789329453,3,49.68969,pakistan,draw_156
Female,3.860516898716464,2,49.7998,pakistan,draw_156
Male,3.519991495926037,2,49.7998,pakistan,draw_156
Female,2.9381493778039465,3,49.7998,pakistan,draw_156
Male,2.7373112481958883,3,49.7998,pakistan,draw_156
Female,3.845569933490989,2,49.90991,pakistan,draw_156
Male,3.5072952062100966,2,49.90991,pakistan,draw_156
Female,2.930243933221171,3,49.90991,pakistan,draw_156
Male,2.730315607561488,3,49.90991,pakistan,draw_156
Female,3.830693549847236,2,50.02002,pakistan,draw_156
Male,3.4946581433312964,2,50.02002,pakistan,draw_156
Female,2.9223659963496407,3,50.02002,pakistan,draw_156
Male,2.723343181519603,3,50.02002,pakistan,draw_156
Female,3.81588840075304,2,50.13013,pakistan,draw_156
Male,3.482080762509276,2,50.13013,pakistan,draw_156
Female,2.9145158296849454,3,50.13013,pakistan,draw_156
Male,2.7163943137507656,3,50.13013,pakistan,draw_156
Female,3.8011543099516443,2,50.24024,pakistan,draw_156
Male,3.469562146858676,2,50.24024,pakistan,draw_156
Female,2.906693039356045,3,50.24024,pakistan,draw_156
Male,2.709468721321462,3,50.24024,pakistan,draw_156
Female,3.7864896481695505,2,50.35035,pakistan,draw_156
Male,3.4571034470419395,2,50.35035,pakistan,draw_156
Female,2.8988974736615423,3,50.35035,pakistan,draw_156
Male,2.7025671818678436,3,50.35035,pakistan,draw_156
Female,3.7718956566038537,2,50.46046,pakistan,draw_156
Male,3.4447036636099133,2,50.46046,pakistan,draw_156
Female,2.8911294772919574,3,50.46046,pakistan,draw_156
Male,2.695688848403778,3,50.46046,pakistan,draw_156
Female,3.757370901520162,2,50.57057,pakistan,draw_156
Male,3.4323616021233048,2,50.57057,pakistan,draw_156
Female,2.8833886259688666,3,50.57057,pakistan,draw_156
Male,2.6888335532333403,3,50.57057,pakistan,draw_156
Female,3.742911219686407,2,50.68068,pakistan,draw_156
Male,3.4200738687719108,2,50.68068,pakistan,draw_156
Female,2.8756731001868125,3,50.68068,pakistan,draw_156
Male,2.6819999612912673,3,50.68068,pakistan,draw_156
Female,3.728518131586591,2,50.79079,pakistan,draw_156
Male,3.4078421326543586,2,50.79079,pakistan,draw_156
Female,2.867983050430667,3,50.79079,pakistan,draw_156
Male,2.675188791952293,3,50.79079,pakistan,draw_156
Female,3.7141932748879376,2,50.9009,pakistan,draw_156
Male,3.3956689403331346,2,50.9009,pakistan,draw_156
Female,2.860320245856179,3,50.9009,pakistan,draw_156
Male,2.6684006010102523,3,50.9009,pakistan,draw_156
Female,3.699938354214029,2,51.01101,pakistan,draw_156
Male,3.3835524933374885,2,51.01101,pakistan,draw_156
Female,2.8526847603416985,3,51.01101,pakistan,draw_156
Male,2.661634709912581,3,51.01101,pakistan,draw_156
Female,3.685752026995962,2,51.12112,pakistan,draw_156
Male,3.3714918578524844,2,51.12112,pakistan,draw_156
Female,2.8450764664036727,3,51.12112,pakistan,draw_156
Male,2.6548906015114837,3,51.12112,pakistan,draw_156
Female,3.6716321542729022,2,51.23123,pakistan,draw_156
Male,3.3594885761751807,2,51.23123,pakistan,draw_156
Female,2.837494393133326,3,51.23123,pakistan,draw_156
Male,2.6481690551051744,3,51.23123,pakistan,draw_156
Female,3.6575796608517543,2,51.34134,pakistan,draw_156
Male,3.3475412472940924,2,51.34134,pakistan,draw_156
Female,2.8299387836279566,3,51.34134,pakistan,draw_156
Male,2.6414691329136435,3,51.34134,pakistan,draw_156
Female,3.643592598051107,2,51.45145,pakistan,draw_156
Male,3.3356477158555062,2,51.45145,pakistan,draw_156
Female,2.8224089289725143,3,51.45145,pakistan,draw_156
Male,2.634790111730675,3,51.45145,pakistan,draw_156
Female,3.629671625509527,2,51.56156,pakistan,draw_156
Male,3.3238102691961116,2,51.56156,pakistan,draw_156
Female,2.814905265494778,3,51.56156,pakistan,draw_156
Male,2.6281335992801225,3,51.56156,pakistan,draw_156
Female,3.615815258952372,2,51.67167,pakistan,draw_156
Male,3.3120269602945975,2,51.67167,pakistan,draw_156
Female,2.8074271897781817,3,51.67167,pakistan,draw_156
Male,2.62149825999988,3,51.67167,pakistan,draw_156
Female,3.602024049289594,2,51.78178,pakistan,draw_156
Male,3.3002981908252753,2,51.78178,pakistan,draw_156
Female,2.799974357426127,3,51.78178,pakistan,draw_156
Male,2.6148847059930214,3,51.78178,pakistan,draw_156
Female,3.5882990501318783,2,51.89189,pakistan,draw_156
Male,3.2886243942554785,2,51.89189,pakistan,draw_156
Female,2.792547184042163,3,51.89189,pakistan,draw_156
Male,2.608293171760437,3,51.89189,pakistan,draw_156
Female,3.5746401895848385,2,52.002,pakistan,draw_156
Male,3.2770051049306854,2,52.002,pakistan,draw_156
Female,2.785146203217313,3,52.002,pakistan,draw_156
Male,2.6017235483184065,3,52.002,pakistan,draw_156
Female,3.5610477556561535,2,52.11211,pakistan,draw_156
Male,3.265440268225113,2,52.11211,pakistan,draw_156
Female,2.777772049798097,3,52.11211,pakistan,draw_156
Male,2.5951762473032276,3,52.11211,pakistan,draw_156
Female,3.5475202242458805,2,52.22222,pakistan,draw_156
Male,3.253927497934476,2,52.22222,pakistan,draw_156
Female,2.7704233080333167,3,52.22222,pakistan,draw_156
Male,2.5886501604828673,3,52.22222,pakistan,draw_156
Female,3.5340571156592504,2,52.33233,pakistan,draw_156
Male,3.242467455281295,2,52.33233,pakistan,draw_156
Female,2.7630997750985316,3,52.33233,pakistan,draw_156
Male,2.5821458157536195,3,52.33233,pakistan,draw_156
Female,3.5206589507647847,2,52.44244,pakistan,draw_156
Male,3.231059948803658,2,52.44244,pakistan,draw_156
Female,2.755801830832963,3,52.44244,pakistan,draw_156
Male,2.5756633041283745,3,52.44244,pakistan,draw_156
Female,3.5073253762092906,2,52.55255,pakistan,draw_156
Male,3.219706039723417,2,52.55255,pakistan,draw_156
Female,2.7485297939963944,3,52.55255,pakistan,draw_156
Male,2.5692029936525986,3,52.55255,pakistan,draw_156
Female,3.4940553131274386,2,52.66266,pakistan,draw_156
Male,3.208404453653064,2,52.66266,pakistan,draw_156
Female,2.7412834751530424,3,52.66266,pakistan,draw_156
Male,2.562764076925589,3,52.66266,pakistan,draw_156
Female,3.4808491654405156,2,52.77277,pakistan,draw_156
Male,3.197153925725999,2,52.77277,pakistan,draw_156
Female,2.7340630203050593,3,52.77277,pakistan,draw_156
Male,2.5563465330185857,3,52.77277,pakistan,draw_156
Female,3.4677045088392777,2,52.88288,pakistan,draw_156
Male,3.1859535263729413,2,52.88288,pakistan,draw_156
Female,2.7268671753871736,3,52.88288,pakistan,draw_156
Male,2.5499492732801956,3,52.88288,pakistan,draw_156
Female,3.4546201065392457,2,52.99299,pakistan,draw_156
Male,3.174804447751069,2,52.99299,pakistan,draw_156
Female,2.719694915996022,3,52.99299,pakistan,draw_156
Male,2.543572985428824,3,52.99299,pakistan,draw_156
Female,3.441596588255795,2,53.1031,pakistan,draw_156
Male,3.1637056558186347,2,53.1031,pakistan,draw_156
Female,2.7125467167351305,3,53.1031,pakistan,draw_156
Male,2.5372173249696344,3,53.1031,pakistan,draw_156
Female,3.428634439204999,2,53.21321,pakistan,draw_156
Male,3.1526584547704464,2,53.21321,pakistan,draw_156
Female,2.705422955648955,3,53.21321,pakistan,draw_156
Male,2.5308834744268593,3,53.21321,pakistan,draw_156
Female,3.415733685388314,2,53.32332,pakistan,draw_156
Male,3.1416596630441096,2,53.32332,pakistan,draw_156
Female,2.6983237657167325,3,53.32332,pakistan,draw_156
Male,2.5245696506549833,3,53.32332,pakistan,draw_156
Female,3.402893530320647,2,53.43343,pakistan,draw_156
Male,3.1307098319492717,2,53.43343,pakistan,draw_156
Female,2.6912489156746804,3,53.43343,pakistan,draw_156
Male,2.5182764007591634,3,53.43343,pakistan,draw_156
Female,3.3901163940682295,2,53.54354,pakistan,draw_156
Male,3.1198085460947715,2,53.54354,pakistan,draw_156
Female,2.684199571017897,3,53.54354,pakistan,draw_156
Male,2.5120034740513555,3,53.54354,pakistan,draw_156
Female,3.377401713605091,2,53.65365,pakistan,draw_156
Male,3.108957084929639,2,53.65365,pakistan,draw_156
Female,2.6771755440369347,3,53.65365,pakistan,draw_156
Male,2.5057510999523758,3,53.65365,pakistan,draw_156
Female,3.3647480297605084,2,53.76376,pakistan,draw_156
Male,3.0981538994015376,2,53.76376,pakistan,draw_156
Female,2.6701760562604253,3,53.76376,pakistan,draw_156
Male,2.4995187442700306,3,53.76376,pakistan,draw_156
Female,3.3521543908317533,2,53.87387,pakistan,draw_156
Male,3.087399213781061,2,53.87387,pakistan,draw_156
Female,2.6632009637090737,3,53.87387,pakistan,draw_156
Male,2.4933068540744316,3,53.87387,pakistan,draw_156
Female,3.339622075993506,2,53.98398,pakistan,draw_156
Male,3.0766939811122573,2,53.98398,pakistan,draw_156
Female,2.6562506488727333,3,53.98398,pakistan,draw_156
Male,2.4871154739185566,3,53.98398,pakistan,draw_156
Female,3.327148555988112,2,54.09409,pakistan,draw_156
Male,3.066037067991466,2,54.09409,pakistan,draw_156
Female,2.649323770935326,3,54.09409,pakistan,draw_156
Male,2.480943809515058,3,54.09409,pakistan,draw_156
Female,3.314733553173984,2,54.2042,pakistan,draw_156
Male,3.0554293949979376,2,54.2042,pakistan,draw_156
Female,2.642420399319723,3,54.2042,pakistan,draw_156
Male,2.4747925347689117,3,54.2042,pakistan,draw_156
Female,3.302378037668446,2,54.31431,pakistan,draw_156
Male,3.044869449114559,2,54.31431,pakistan,draw_156
Female,2.6355414876983883,3,54.31431,pakistan,draw_156
Male,2.468661025731203,3,54.31431,pakistan,draw_156
Female,3.2900815591535775,2,54.42442,pakistan,draw_156
Male,3.034358168911007,2,54.42442,pakistan,draw_156
Female,2.6286864786539943,3,54.42442,pakistan,draw_156
Male,2.4625499923400547,3,54.42442,pakistan,draw_156
Female,3.277842033339195,2,54.53453,pakistan,draw_156
Male,3.0238948968851935,2,54.53453,pakistan,draw_156
Female,2.6218540982431753,3,54.53453,pakistan,draw_156
Male,2.45645867274666,3,54.53453,pakistan,draw_156
Female,3.265659198733264,2,54.64464,pakistan,draw_156
Male,3.0134806050297938,2,54.64464,pakistan,draw_156
Female,2.6150448318148083,3,54.64464,pakistan,draw_156
Male,2.4503880204728756,3,54.64464,pakistan,draw_156
Female,3.253533913433923,2,54.75475,pakistan,draw_156
Male,3.003113652975588,2,54.75475,pakistan,draw_156
Female,2.6082589709151742,3,54.75475,pakistan,draw_156
Male,2.4443380201799627,3,54.75475,pakistan,draw_156
Female,3.241466926735404,2,54.86486,pakistan,draw_156
Male,2.9927908614688636,2,54.86486,pakistan,draw_156
Female,2.6014967623726575,3,54.86486,pakistan,draw_156
Male,2.438306864385298,3,54.86486,pakistan,draw_156
Female,3.229457725051161,2,54.97497,pakistan,draw_156
Male,2.9825164544028646,2,54.97497,pakistan,draw_156
Female,2.594757931016062,3,54.97497,pakistan,draw_156
Male,2.4322956399859024,3,54.97497,pakistan,draw_156
Female,3.2175057219696095,2,55.08509,pakistan,draw_156
Male,2.9722890016314354,2,55.08509,pakistan,draw_156
Female,2.588042201639103,3,55.08509,pakistan,draw_156
Male,2.426303889027823,3,55.08509,pakistan,draw_156
Female,3.2056119069123574,2,55.1952,pakistan,draw_156
Male,2.9621080923546104,2,55.1952,pakistan,draw_156
Female,2.581350306203837,3,55.1952,pakistan,draw_156
Male,2.4203317697337963,3,55.1952,pakistan,draw_156
Female,3.1937762743394993,2,55.30531,pakistan,draw_156
Male,2.9519727129656146,2,55.30531,pakistan,draw_156
Female,2.574681828260578,3,55.30531,pakistan,draw_156
Male,2.414378465786928,3,55.30531,pakistan,draw_156
Female,3.181998200088955,2,55.41542,pakistan,draw_156
Male,2.9418860870835437,2,55.41542,pakistan,draw_156
Female,2.568036347921527,3,55.41542,pakistan,draw_156
Male,2.408445186127384,3,55.41542,pakistan,draw_156
Female,3.1702757975898828,2,55.52553,pakistan,draw_156
Male,2.931844084159859,2,55.52553,pakistan,draw_156
Female,2.56141359336615,3,55.52553,pakistan,draw_156
Male,2.4025305185395944,3,55.52553,pakistan,draw_156
Female,3.1586099742598934,2,55.63564,pakistan,draw_156
Male,2.92184842990587,2,55.63564,pakistan,draw_156
Female,2.554814226794968,3,55.63564,pakistan,draw_156
Male,2.396635748215131,3,55.63564,pakistan,draw_156
Female,3.146998107107576,2,55.74575,pakistan,draw_156
Male,2.911896542206845,2,55.74575,pakistan,draw_156
Female,2.548236950217011,3,55.74575,pakistan,draw_156
Male,2.3907592929975094,3,55.74575,pakistan,draw_156
Female,3.1354387962400523,2,55.85586,pakistan,draw_156
Male,2.901992530016919,2,55.85586,pakistan,draw_156
Female,2.5416809834811662,3,55.85586,pakistan,draw_156
Male,2.384902670005201,3,55.85586,pakistan,draw_156
Female,3.123934674690688,2,55.96597,pakistan,draw_156
Male,2.8921343027627695,2,55.96597,pakistan,draw_156
Female,2.5351471800645067,3,55.96597,pakistan,draw_156
Male,2.379064705190441,3,55.96597,pakistan,draw_156
Female,3.1124842450044454,2,56.07608,pakistan,draw_156
Male,2.8823213096227565,2,56.07608,pakistan,draw_156
Female,2.5286349956234924,3,56.07608,pakistan,draw_156
Male,2.373245651638678,3,56.07608,pakistan,draw_156
Female,3.1010865324532317,2,56.18619,pakistan,draw_156
Male,2.8725527714733445,2,56.18619,pakistan,draw_156
Female,2.5221444044097447,3,56.18619,pakistan,draw_156
Male,2.3674455824458405,3,56.18619,pakistan,draw_156
Female,3.089741226012673,2,56.2963,pakistan,draw_156
Male,2.8628283168029536,2,56.2963,pakistan,draw_156
Female,2.51567472366586,3,56.2963,pakistan,draw_156
Male,2.361664857758029,3,56.2963,pakistan,draw_156
Female,3.078450418078159,2,56.40641,pakistan,draw_156
Male,2.8531482756806277,2,56.40641,pakistan,draw_156
Female,2.509226987819989,3,56.40641,pakistan,draw_156
Male,2.3559031611782655,3,56.40641,pakistan,draw_156
Female,3.0672153416681414,2,56.51652,pakistan,draw_156
Male,2.843513527438126,2,56.51652,pakistan,draw_156
Female,2.5028019568885442,3,56.51652,pakistan,draw_156
Male,2.350160385670166,3,56.51652,pakistan,draw_156
Female,3.056034605968149,2,56.62663,pakistan,draw_156
Male,2.8339229987876062,2,56.62663,pakistan,draw_156
Female,2.4963992495101732,3,56.62663,pakistan,draw_156
Male,2.3444371060389564,3,56.62663,pakistan,draw_156
Female,3.0449096854898223,2,56.73674,pakistan,draw_156
Male,2.8243748812448684,2,56.73674,pakistan,draw_156
Female,2.4900196328147914,3,56.73674,pakistan,draw_156
Male,2.33873196307372,3,56.73674,pakistan,draw_156
Female,3.0338383933552557,2,56.84685,pakistan,draw_156
Male,2.814869770540016,2,56.84685,pakistan,draw_156
Female,2.483662163284913,3,56.84685,pakistan,draw_156
Male,2.333045875817058,3,56.84685,pakistan,draw_156
Female,3.0228218677922833,2,56.95696,pakistan,draw_156
Male,2.80540853036856,2,56.95696,pakistan,draw_156
Female,2.477327315755085,3,56.95696,pakistan,draw_156
Male,2.327378261219791,3,56.95696,pakistan,draw_156
Female,3.011858051528033,2,57.06707,pakistan,draw_156
Male,2.7959900534969715,2,57.06707,pakistan,draw_156
Female,2.4710143490515173,3,57.06707,pakistan,draw_156
Male,2.3217286620531454,3,57.06707,pakistan,draw_156
Female,3.0009453706827576,2,57.17718,pakistan,draw_156
Male,2.7866147864826196,2,57.17718,pakistan,draw_156
Female,2.464722695675113,3,57.17718,pakistan,draw_156
Male,2.3160977078815086,3,57.17718,pakistan,draw_156
Female,2.990084852504376,2,57.28729,pakistan,draw_156
Male,2.7772824315807774,2,57.28729,pakistan,draw_156
Female,2.4584527644838707,3,57.28729,pakistan,draw_156
Male,2.3104851717991344,3,57.28729,pakistan,draw_156
Female,2.979275025675584,2,57.3974,pakistan,draw_156
Male,2.7679948269439993,2,57.3974,pakistan,draw_156
Female,2.4522039171755776,3,57.3974,pakistan,draw_156
Male,2.3048922315119396,3,57.3974,pakistan,draw_156
Female,2.968516909759159,2,57.50751,pakistan,draw_156
Male,2.758749120388548,2,57.50751,pakistan,draw_156
Female,2.445976335779339,3,57.50751,pakistan,draw_156
Male,2.29931785201769,3,57.50751,pakistan,draw_156
Female,2.957809898985488,2,57.61762,pakistan,draw_156
Male,2.749545443488743,2,57.61762,pakistan,draw_156
Female,2.439769829504722,3,57.61762,pakistan,draw_156
Male,2.2937620708346738,3,57.61762,pakistan,draw_156
Female,2.9471546544472496,2,57.72773,pakistan,draw_156
Male,2.740383826560278,2,57.72773,pakistan,draw_156
Female,2.4335844431383276,3,57.72773,pakistan,draw_156
Male,2.288224852617072,3,57.72773,pakistan,draw_156
Female,2.9365488581741657,2,57.83784,pakistan,draw_156
Male,2.731264226343565,2,57.83784,pakistan,draw_156
Female,2.427419452664247,3,57.83784,pakistan,draw_156
Male,2.2827055154304516,3,57.83784,pakistan,draw_156
Female,2.9259934430770427,2,57.94795,pakistan,draw_156
Male,2.722188208481589,2,57.94795,pakistan,draw_156
Female,2.421275405090598,3,57.94795,pakistan,draw_156
Male,2.277204809301654,3,57.94795,pakistan,draw_156
Female,2.9154874974350085,2,58.05806,pakistan,draw_156
Male,2.7131541317344148,2,58.05806,pakistan,draw_156
Female,2.415151861608242,3,58.05806,pakistan,draw_156
Male,2.271722019221834,3,58.05806,pakistan,draw_156
Female,2.9050301505043157,2,58.16817,pakistan,draw_156
Male,2.7041613361736667,2,58.16817,pakistan,draw_156
Female,2.4090484619254298,3,58.16817,pakistan,draw_156
Male,2.2662568788168778,3,58.16817,pakistan,draw_156
Female,2.8946226722013546,2,58.27828,pakistan,draw_156
Male,2.695211985593934,2,58.27828,pakistan,draw_156
Female,2.402966269837728,3,58.27828,pakistan,draw_156
Male,2.260810833719635,3,58.27828,pakistan,draw_156
Female,2.8842633419036887,2,58.38839,pakistan,draw_156
Male,2.686303046274788,2,58.38839,pakistan,draw_156
Female,2.3969045418626593,3,58.38839,pakistan,draw_156
Male,2.255382660810266,3,58.38839,pakistan,draw_156
Female,2.873953267758032,2,58.4985,pakistan,draw_156
Male,2.6774368515599893,2,58.4985,pakistan,draw_156
Female,2.3908636626550077,3,58.4985,pakistan,draw_156
Male,2.249973075983638,3,58.4985,pakistan,draw_156
Female,2.863691508069057,2,58.60861,pakistan,draw_156
Male,2.6686106861238006,2,58.60861,pakistan,draw_156
Female,2.384843231749173,3,58.60861,pakistan,draw_156
Male,2.2445805340517455,3,58.60861,pakistan,draw_156
Female,2.853479014655405,2,58.71872,pakistan,draw_156
Male,2.659826682742189,2,58.71872,pakistan,draw_156
Female,2.378843743926451,3,58.71872,pakistan,draw_156
Male,2.2392060676513132,3,58.71872,pakistan,draw_156
Female,2.8433141735516294,2,58.82883,pakistan,draw_156
Male,2.6510815050936305,2,58.82883,pakistan,draw_156
Female,2.3728644508464938,3,58.82883,pakistan,draw_156
Male,2.2338484048493736,3,58.82883,pakistan,draw_156
Female,2.8331969961459005,2,58.93894,pakistan,draw_156
Male,2.642376086621367,2,58.93894,pakistan,draw_156
Female,2.3669054322848693,3,58.93894,pakistan,draw_156
Male,2.228508327890384,3,58.93894,pakistan,draw_156
Female,2.8231278582510098,2,59.04905,pakistan,draw_156
Male,2.633710692827794,2,59.04905,pakistan,draw_156
Female,2.360966722362196,3,59.04905,pakistan,draw_156
Male,2.2231860408052633,3,59.04905,pakistan,draw_156
Female,2.813108370377416,2,59.15916,pakistan,draw_156
Male,2.6250837494518886,2,59.15916,pakistan,draw_156
Female,2.3550490642523068,3,59.15916,pakistan,draw_156
Male,2.2178808370336234,3,59.15916,pakistan,draw_156
Female,2.803137704606391,2,59.26927,pakistan,draw_156
Male,2.616495241403359,2,59.26927,pakistan,draw_156
Female,2.3491523425295857,3,59.26927,pakistan,draw_156
Male,2.2125927849660108,3,59.26927,pakistan,draw_156
Female,2.7932132744797786,2,59.37938,pakistan,draw_156
Male,2.6079463922175883,2,59.37938,pakistan,draw_156
Female,2.3432750411673857,3,59.37938,pakistan,draw_156
Male,2.207321897737493,3,59.37938,pakistan,draw_156
Female,2.783335778102777,2,59.48949,pakistan,draw_156
Male,2.5994374315940916,2,59.48949,pakistan,draw_156
Female,2.337416941163659,3,59.48949,pakistan,draw_156
Male,2.2020683081033923,3,59.48949,pakistan,draw_156
Female,2.7735063412089476,2,59.5996,pakistan,draw_156
Male,2.590967900343821,2,59.5996,pakistan,draw_156
Female,2.3315794965730623,3,59.5996,pakistan,draw_156
Male,2.1968321954363024,3,59.5996,pakistan,draw_156
Female,2.763724164735175,2,59.70971,pakistan,draw_156
Male,2.5825366067595117,2,59.70971,pakistan,draw_156
Female,2.3257621826373898,3,59.70971,pakistan,draw_156
Male,2.191613272044521,3,59.70971,pakistan,draw_156
Female,2.7539877913792297,2,59.81982,pakistan,draw_156
Male,2.5741459190317593,2,59.81982,pakistan,draw_156
Female,2.3199638416151416,3,59.81982,pakistan,draw_156
Male,2.1864116302339967,3,59.81982,pakistan,draw_156
Female,2.7442984018376477,2,59.92993,pakistan,draw_156
Male,2.5657932181771717,2,59.92993,pakistan,draw_156
Female,2.314185307734544,3,59.92993,pakistan,draw_156
Male,2.181226548023517,3,59.92993,pakistan,draw_156
Female,2.734654877753012,2,60.04004,pakistan,draw_156
Male,2.557479996152223,2,60.04004,pakistan,draw_156
Female,2.3084262184964315,3,60.04004,pakistan,draw_156
Male,2.176058872389295,3,60.04004,pakistan,draw_156
Female,2.7250575884053574,2,60.15015,pakistan,draw_156
Male,2.5492060246320616,2,60.15015,pakistan,draw_156
Female,2.302686584786365,3,60.15015,pakistan,draw_156
Male,2.1709083159438496,3,60.15015,pakistan,draw_156
Female,2.7155076301976346,2,60.26026,pakistan,draw_156
Male,2.540968753026164,2,60.26026,pakistan,draw_156
Female,2.2969672635393876,3,60.26026,pakistan,draw_156
Male,2.165773930984636,3,60.26026,pakistan,draw_156
Female,2.706003538596218,2,60.37037,pakistan,draw_156
Male,2.53276804700146,2,60.37037,pakistan,draw_156
Female,2.2912682187767457,3,60.37037,pakistan,draw_156
Male,2.1606561501335517,3,60.37037,pakistan,draw_156
Female,2.6965447146340757,2,60.48048,pakistan,draw_156
Male,2.5246045647025404,2,60.48048,pakistan,draw_156
Female,2.285588718879881,3,60.48048,pakistan,draw_156
Male,2.1555556796450386,3,60.48048,pakistan,draw_156
Female,2.687130380881025,2,60.59059,pakistan,draw_156
Male,2.5164782829033077,2,60.59059,pakistan,draw_156
Female,2.2799285047749667,3,60.59059,pakistan,draw_156
Male,2.1504717825606443,3,60.59059,pakistan,draw_156
Female,2.6777605607481947,2,60.7007,pakistan,draw_156
Male,2.508387604847463,2,60.7007,pakistan,draw_156
Female,2.2742882843949763,3,60.7007,pakistan,draw_156
Male,2.14540361322388,3,60.7007,pakistan,draw_156
Female,2.6684374610671506,2,60.81081,pakistan,draw_156
Male,2.5003357320154085,2,60.81081,pakistan,draw_156
Female,2.268668524327167,3,60.81081,pakistan,draw_156
Male,2.140352510851969,3,60.81081,pakistan,draw_156
Female,2.659159714911108,2,60.92092,pakistan,draw_156
Male,2.492320702969606,2,60.92092,pakistan,draw_156
Female,2.2630684056649466,3,60.92092,pakistan,draw_156
Male,2.135317758299246,3,60.92092,pakistan,draw_156
Female,2.649927077708762,2,61.03103,pakistan,draw_156
Male,2.4843419217720335,2,61.03103,pakistan,draw_156
Female,2.2574875862948165,3,61.03103,pakistan,draw_156
Male,2.1302990872296754,3,61.03103,pakistan,draw_156
Female,2.640739418215921,2,61.14114,pakistan,draw_156
Male,2.4763998327608774,2,61.14114,pakistan,draw_156
Female,2.2519263903406705,3,61.14114,pakistan,draw_156
Male,2.125296936007895,3,61.14114,pakistan,draw_156
Female,2.631595070325783,2,61.25125,pakistan,draw_156
Male,2.468494659256727,2,61.25125,pakistan,draw_156
Female,2.2463841962032736,3,61.25125,pakistan,draw_156
Male,2.1203117595324614,3,61.25125,pakistan,draw_156
Female,2.622495248647889,2,61.36136,pakistan,draw_156
Male,2.460625134780225,2,61.36136,pakistan,draw_156
Female,2.240861300051333,3,61.36136,pakistan,draw_156
Male,2.1153429171602074,3,61.36136,pakistan,draw_156
Female,2.6134400672639098,2,61.47147,pakistan,draw_156
Male,2.452793038608484,2,61.47147,pakistan,draw_156
Female,2.2353576627668947,3,61.47147,pakistan,draw_156
Male,2.110390896082471,3,61.47147,pakistan,draw_156
Female,2.6044289227823825,2,61.58158,pakistan,draw_156
Male,2.444996052294272,2,61.58158,pakistan,draw_156
Female,2.229872987116642,3,61.58158,pakistan,draw_156
Male,2.105454727080465,3,61.58158,pakistan,draw_156
Female,2.5954615934270366,2,61.69169,pakistan,draw_156
Male,2.4372356429204944,2,61.69169,pakistan,draw_156
Female,2.2244072531512464,3,61.69169,pakistan,draw_156
Male,2.1005353247708975,3,61.69169,pakistan,draw_156
Female,2.5865375086333615,2,61.8018,pakistan,draw_156
Male,2.429510602429504,2,61.8018,pakistan,draw_156
Female,2.218960296794503,3,61.8018,pakistan,draw_156
Male,2.095632054726604,3,61.8018,pakistan,draw_156
Female,2.5776577498866513,2,61.91191,pakistan,draw_156
Male,2.4218195302248615,2,61.91191,pakistan,draw_156
Female,2.2135327611640614,3,61.91191,pakistan,draw_156
Male,2.0907443280498095,3,61.91191,pakistan,draw_156
Female,2.568822194615929,2,62.02202,pakistan,draw_156
Male,2.414162743407591,2,62.02202,pakistan,draw_156
Female,2.2081242767670712,3,62.02202,pakistan,draw_156
Male,2.0858723836283097,3,62.02202,pakistan,draw_156
Female,2.5600305437286277,2,62.13213,pakistan,draw_156
Male,2.406541725346752,2,62.13213,pakistan,draw_156
Female,2.2027341563096154,3,62.13213,pakistan,draw_156
Male,2.081016561708067,3,62.13213,pakistan,draw_156
Female,2.5512823395978668,2,62.24224,pakistan,draw_156
Male,2.3989568390857774,2,62.24224,pakistan,draw_156
Female,2.197362506651241,3,62.24224,pakistan,draw_156
Male,2.076177352051748,3,62.24224,pakistan,draw_156
Female,2.542577487145565,2,62.35235,pakistan,draw_156
Male,2.3914065669135436,2,62.35235,pakistan,draw_156
Female,2.1920095885912265,3,62.35235,pakistan,draw_156
Male,2.0713536067770155,3,62.35235,pakistan,draw_156
Female,2.533913538679042,2,62.46246,pakistan,draw_156
Male,2.3838907842612667,2,62.46246,pakistan,draw_156
Female,2.1866748414947073,3,62.46246,pakistan,draw_156
Male,2.0665458626183772,3,62.46246,pakistan,draw_156
Female,2.5252902112692177,2,62.57257,pakistan,draw_156
Male,2.376410397437507,2,62.57257,pakistan,draw_156
Female,2.181357953770308,3,62.57257,pakistan,draw_156
Male,2.061754345361636,3,62.57257,pakistan,draw_156
Female,2.5167080322425672,2,62.68268,pakistan,draw_156
Male,2.3689635839656287,2,62.68268,pakistan,draw_156
Female,2.1760595618942693,3,62.68268,pakistan,draw_156
Male,2.0569777930528823,3,62.68268,pakistan,draw_156
Female,2.508166287786628,2,62.79279,pakistan,draw_156
Male,2.361550096211641,2,62.79279,pakistan,draw_156
Female,2.1707787013437625,3,62.79279,pakistan,draw_156
Male,2.0522162760251628,3,62.79279,pakistan,draw_156
Female,2.4996651854774745,2,62.9029,pakistan,draw_156
Male,2.3541710283427113,2,62.9029,pakistan,draw_156
Female,2.1655157216269547,3,62.9029,pakistan,draw_156
Male,2.047470324963686,3,62.9029,pakistan,draw_156
Female,2.4912050970846122,2,63.01301,pakistan,draw_156
Male,2.346824598542921,2,63.01301,pakistan,draw_156
Female,2.1602708953785337,3,63.01301,pakistan,draw_156
Male,2.042739219777937,3,63.01301,pakistan,draw_156
Female,2.482786609544123,2,63.12312,pakistan,draw_156
Male,2.3395122866127576,2,63.12312,pakistan,draw_156
Female,2.1550445962223237,3,63.12312,pakistan,draw_156
Male,2.03802386597795,3,63.12312,pakistan,draw_156
Female,2.474408753495495,2,63.23323,pakistan,draw_156
Male,2.3322349205719095,2,63.23323,pakistan,draw_156
Female,2.1498365462858757,3,63.23323,pakistan,draw_156
Male,2.0333247576116387,3,63.23323,pakistan,draw_156
Female,2.4660705356276535,2,63.34334,pakistan,draw_156
Male,2.3249518221577614,2,63.34334,pakistan,draw_156
Female,2.1446458035550697,3,63.34334,pakistan,draw_156
Male,2.028615857613258,3,63.34334,pakistan,draw_156
Female,2.457772912452198,2,63.45345,pakistan,draw_156
Male,2.317511716998131,2,63.45345,pakistan,draw_156
Female,2.1394729768746275,3,63.45345,pakistan,draw_156
Male,2.023798215867129,3,63.45345,pakistan,draw_156
Female,2.4495164221904835,2,63.56356,pakistan,draw_156
Male,2.3101066190384985,2,63.56356,pakistan,draw_156
Female,2.1343184392291734,3,63.56356,pakistan,draw_156
Male,2.0189969946379698,3,63.56356,pakistan,draw_156
Female,2.441298956004129,2,63.67367,pakistan,draw_156
Male,2.3027367678191775,2,63.67367,pakistan,draw_156
Female,2.1291811059299337,3,63.67367,pakistan,draw_156
Male,2.0142118043476107,3,63.67367,pakistan,draw_156
Female,2.433121225091379,2,63.78378,pakistan,draw_156
Male,2.2954024518038394,2,63.78378,pakistan,draw_156
Female,2.12406125348135,3,63.78378,pakistan,draw_156
Male,2.009442905152263,3,63.78378,pakistan,draw_156
Female,2.4249811083809867,2,63.89389,pakistan,draw_156
Male,2.2881038772611246,2,63.89389,pakistan,draw_156
Female,2.118958177372286,3,63.89389,pakistan,draw_156
Male,2.0046904044982146,3,63.89389,pakistan,draw_156
Female,2.4168815605217633,2,64.004,pakistan,draw_156
Male,2.280839959501652,2,64.004,pakistan,draw_156
Female,2.1138732696384377,3,64.004,pakistan,draw_156
Male,1.9999542415650589,3,64.004,pakistan,draw_156
Female,2.408819620864709,2,64.11411,pakistan,draw_156
Male,2.2736114082278855,2,64.11411,pakistan,draw_156
Female,2.108805139199233,3,64.11411,pakistan,draw_156
Male,1.9952341855140618,3,64.11411,pakistan,draw_156
Female,2.4007982730728785,2,64.22422,pakistan,draw_156
Male,2.26641622278072,2,64.22422,pakistan,draw_156
Female,2.1037551142608706,3,64.22422,pakistan,draw_156
Male,1.9905296383068545,3,64.22422,pakistan,draw_156
Female,2.392816421672942,2,64.33433,pakistan,draw_156
Male,2.2592551292295275,2,64.33433,pakistan,draw_156
Female,2.098722624711101,3,64.33433,pakistan,draw_156
Male,1.9858409605470553,3,64.33433,pakistan,draw_156
Female,2.3848734804344436,2,64.44444,pakistan,draw_156
Male,2.2521293540138196,2,64.44444,pakistan,draw_156
Female,2.0937076439406486,3,64.44444,pakistan,draw_156
Male,1.981168398281812,3,64.44444,pakistan,draw_156
Female,2.376968888691029,2,64.55455,pakistan,draw_156
Male,2.2450373768567915,2,64.55455,pakistan,draw_156
Female,2.088709634955194,3,64.55455,pakistan,draw_156
Male,1.9765117653848152,3,64.55455,pakistan,draw_156
Female,2.3691036310202547,2,64.66466,pakistan,draw_156
Male,2.237980124994437,2,64.66466,pakistan,draw_156
Female,2.0837292303626573,3,64.66466,pakistan,draw_156
Male,1.9718717721916867,3,64.66466,pakistan,draw_156
Female,2.361275643642147,2,64.77477,pakistan,draw_156
Male,2.2309561906721447,2,64.77477,pakistan,draw_156
Female,2.078765262242217,3,64.77477,pakistan,draw_156
Male,1.967247355479298,3,64.77477,pakistan,draw_156
Female,2.353486531041216,2,64.88488,pakistan,draw_156
Male,2.22396430864456,2,64.88488,pakistan,draw_156
Female,2.073818881653479,3,64.88488,pakistan,draw_156
Male,1.9626382581278592,3,64.88488,pakistan,draw_156
Female,2.345735498902758,2,64.99499,pakistan,draw_156
Male,2.2170057039150484,2,64.99499,pakistan,draw_156
Female,2.068889680265761,3,64.99499,pakistan,draw_156
Male,1.9580449309474417,3,64.99499,pakistan,draw_156
Female,2.338021886680937,2,65.10511,pakistan,draw_156
Male,2.210077880698045,2,65.10511,pakistan,draw_156
Female,2.0639772615137906,3,65.10511,pakistan,draw_156
Male,1.9534661206394854,3,65.10511,pakistan,draw_156
Female,2.3303463402597875,2,65.21522,pakistan,draw_156
Male,2.203184935724855,2,65.21522,pakistan,draw_156
Female,2.0590818865567377,3,65.21522,pakistan,draw_156
Male,1.9489037269068665,3,65.21522,pakistan,draw_156
Female,2.322708592390406,2,65.32533,pakistan,draw_156
Male,2.196324190186449,2,65.32533,pakistan,draw_156
Female,2.05420357818378,3,65.32533,pakistan,draw_156
Male,1.9443570941575592,3,65.32533,pakistan,draw_156
Female,2.3151083394483223,2,65.43544,pakistan,draw_156
Male,2.189496360165006,2,65.43544,pakistan,draw_156
Female,2.0493417031095507,3,65.43544,pakistan,draw_156
Male,1.9398259667736923,3,65.43544,pakistan,draw_156
Female,2.3075451734537378,2,65.54555,pakistan,draw_156
Male,2.18270085634128,2,65.54555,pakistan,draw_156
Female,2.04449615221541,3,65.54555,pakistan,draw_156
Male,1.935310495365603,3,65.54555,pakistan,draw_156
Female,2.300018192044578,2,65.65566,pakistan,draw_156
Male,2.1759385129450606,2,65.65566,pakistan,draw_156
Female,2.0396668073774715,3,65.65566,pakistan,draw_156
Male,1.9308105923127696,3,65.65566,pakistan,draw_156
Female,2.2925283182208434,2,65.76577,pakistan,draw_156
Male,2.1692085304811437,2,65.76577,pakistan,draw_156
Female,2.034854446312815,3,65.76577,pakistan,draw_156
Male,1.9263257582857098,3,65.76577,pakistan,draw_156
Female,2.285074980237275,2,65.87588,pakistan,draw_156
Male,2.1625102286907514,2,65.87588,pakistan,draw_156
Female,2.0300585720849558,3,65.87588,pakistan,draw_156
Male,1.921855670711272,3,65.87588,pakistan,draw_156
Female,2.2776592002986047,2,65.98599,pakistan,draw_156
Male,2.1558422584554773,2,65.98599,pakistan,draw_156
Female,2.0252800498701453,3,65.98599,pakistan,draw_156
Male,1.9174003301195497,3,65.98599,pakistan,draw_156
Female,2.270278888964626,2,66.0961,pakistan,draw_156
Male,2.149206557217737,2,66.0961,pakistan,draw_156
Female,2.020517734894594,3,66.0961,pakistan,draw_156
Male,1.912960176513697,3,66.0961,pakistan,draw_156
Female,2.2629342910190946,2,66.20621,pakistan,draw_156
Male,2.1426022049391524,2,66.20621,pakistan,draw_156
Female,2.0157714786756924,3,66.20621,pakistan,draw_156
Male,1.9085345956895712,3,66.20621,pakistan,draw_156
Female,2.2556228038818533,2,66.31632,pakistan,draw_156
Male,2.1360299191192484,2,66.31632,pakistan,draw_156
Female,2.01104030863485,3,66.31632,pakistan,draw_156
Male,1.9041244650301514,3,66.31632,pakistan,draw_156
Female,2.248346136207773,2,66.42643,pakistan,draw_156
Male,2.1294880153260762,2,66.42643,pakistan,draw_156
Female,2.0063249445310345,3,66.42643,pakistan,draw_156
Male,1.8997288627918185,3,66.42643,pakistan,draw_156
Female,2.241104795986708,2,66.53654,pakistan,draw_156
Male,2.1229761757661856,2,66.53654,pakistan,draw_156
Female,2.001625530233645,3,66.53654,pakistan,draw_156
Male,1.895347825303751,3,66.53654,pakistan,draw_156
Female,2.233508870132027,2,66.64665,pakistan,draw_156
Male,2.116493193864199,2,66.64665,pakistan,draw_156
Female,1.9966874589132464,3,66.64665,pakistan,draw_156
Male,1.8909807208005922,3,66.64665,pakistan,draw_156
Female,2.2257293357038055,2,66.75676,pakistan,draw_156
Male,2.110041677990785,2,66.75676,pakistan,draw_156
Female,1.9916211175786618,3,66.75676,pakistan,draw_156
Male,1.8866287640481636,3,66.75676,pakistan,draw_156
Female,2.217990934316246,2,66.86687,pakistan,draw_156
Male,2.103619727883386,2,66.86687,pakistan,draw_156
Female,1.986573500629019,3,66.86687,pakistan,draw_156
Male,1.8822908716690607,3,66.86687,pakistan,draw_156
Female,2.210293206156387,2,66.97698,pakistan,draw_156
Male,2.0972281650296627,2,66.97698,pakistan,draw_156
Female,1.9815446564027845,3,66.97698,pakistan,draw_156
Male,1.8779673927577276,3,66.97698,pakistan,draw_156
Female,2.2026347437886415,2,67.08709,pakistan,draw_156
Male,2.0908663670724246,2,67.08709,pakistan,draw_156
Female,1.9765334037594815,3,67.08709,pakistan,draw_156
Male,1.8736583624476122,3,67.08709,pakistan,draw_156
Female,2.1950171655101856,2,67.1972,pakistan,draw_156
Male,2.084533808120454,2,67.1972,pakistan,draw_156
Female,1.9715409276286204,3,67.1972,pakistan,draw_156
Male,1.8693637586961325,3,67.1972,pakistan,draw_156
Female,2.187440551416272,2,67.30731,pakistan,draw_156
Male,2.078231348282338,2,67.30731,pakistan,draw_156
Female,1.966567354454569,3,67.30731,pakistan,draw_156
Male,1.865083691571203,3,67.30731,pakistan,draw_156
Female,2.179904918941515,2,67.41742,pakistan,draw_156
Male,2.0719585501185573,2,67.41742,pakistan,draw_156
Female,1.961612393770906,3,67.41742,pakistan,draw_156
Male,1.8608178697567206,3,67.41742,pakistan,draw_156
Female,2.172409345154762,2,67.52753,pakistan,draw_156
Male,2.0657156520739206,2,67.52753,pakistan,draw_156
Female,1.9566758648297038,3,67.52753,pakistan,draw_156
Male,1.8565665334422015,3,67.52753,pakistan,draw_156
Female,2.1649532614714735,2,67.63764,pakistan,draw_156
Male,2.059502206026139,2,67.63764,pakistan,draw_156
Female,1.9517575306500692,3,67.63764,pakistan,draw_156
Male,1.8523294975002214,3,67.63764,pakistan,draw_156
Female,2.157536968138378,2,67.74775,pakistan,draw_156
Male,2.05331761375508,2,67.74775,pakistan,draw_156
Female,1.9468575792157925,3,67.74775,pakistan,draw_156
Male,1.8481065045541385,3,67.74775,pakistan,draw_156
Female,2.1501596661359357,2,67.85786,pakistan,draw_156
Male,2.047163556444399,2,67.85786,pakistan,draw_156
Female,1.9419757161901228,3,67.85786,pakistan,draw_156
Male,1.8438985258950424,3,67.85786,pakistan,draw_156
Female,2.14282154000725,2,67.96797,pakistan,draw_156
Male,2.0410384381631244,2,67.96797,pakistan,draw_156
Female,1.937111903896292,3,67.96797,pakistan,draw_156
Male,1.8397045141971686,3,67.96797,pakistan,draw_156
Female,2.13552075025294,2,68.07808,pakistan,draw_156
Male,2.0349429053634194,2,68.07808,pakistan,draw_156
Female,1.9322655239781785,3,68.07808,pakistan,draw_156
Male,1.8355245443377481,3,68.07808,pakistan,draw_156
Female,2.128258192158693,2,68.18819,pakistan,draw_156
Male,2.0288763890529355,2,68.18819,pakistan,draw_156
Female,1.9274372151409371,3,68.18819,pakistan,draw_156
Male,1.8313586121813163,3,68.18819,pakistan,draw_156
Female,2.1210314978809266,2,68.2983,pakistan,draw_156
Male,2.0228393290055813,2,68.2983,pakistan,draw_156
Female,1.9226259640914247,3,68.2983,pakistan,draw_156
Male,1.8272069333855074,3,68.2983,pakistan,draw_156
Female,2.1138430867365816,2,68.40841,pakistan,draw_156
Male,2.0168299945492945,2,68.40841,pakistan,draw_156
Female,1.9178325469972504,3,68.40841,pakistan,draw_156
Male,1.8230689922354737,3,68.40841,pakistan,draw_156
Female,2.10669373292179,2,68.51852,pakistan,draw_156
Male,2.010848750976848,2,68.51852,pakistan,draw_156
Female,1.9130569902507766,3,68.51852,pakistan,draw_156
Male,1.8189449883043598,3,68.51852,pakistan,draw_156
Female,2.099581944795608,2,68.62863,pakistan,draw_156
Male,2.0048959066427,2,68.62863,pakistan,draw_156
Female,1.9082989902890681,3,68.62863,pakistan,draw_156
Male,1.8148348581969405,3,68.62863,pakistan,draw_156
Female,2.092506983439044,2,68.73874,pakistan,draw_156
Male,1.9989700765969955,2,68.73874,pakistan,draw_156
Female,1.9035581622683393,3,68.73874,pakistan,draw_156
Male,1.8107379994217638,3,68.73874,pakistan,draw_156
Female,2.085470332386349,2,68.84885,pakistan,draw_156
Male,1.993072982315446,2,68.84885,pakistan,draw_156
Female,1.8988353222335728,3,68.84885,pakistan,draw_156
Male,1.8066552489518926,3,68.84885,pakistan,draw_156
Female,2.0784706576617507,2,68.95896,pakistan,draw_156
Male,1.9872028481012771,2,68.95896,pakistan,draw_156
Female,1.8941297511500803,3,68.95896,pakistan,draw_156
Male,1.8025862620928954,3,68.95896,pakistan,draw_156
Female,2.0715065037003395,2,69.06907,pakistan,draw_156
Male,1.9813603072529011,2,69.06907,pakistan,draw_156
Female,1.8894408112037806,3,69.06907,pakistan,draw_156
Male,1.7985313035682717,3,69.06907,pakistan,draw_156
Female,2.0645780913736607,2,69.17918,pakistan,draw_156
Male,1.9755451759979805,2,69.17918,pakistan,draw_156
Female,1.8847684986500994,3,69.17918,pakistan,draw_156
Male,1.7944898928588588,3,69.17918,pakistan,draw_156
Female,2.0576854877191186,2,69.28929,pakistan,draw_156
Male,1.9697595775872792,2,69.28929,pakistan,draw_156
Female,1.8801125293785912,3,69.28929,pakistan,draw_156
Male,1.7904628568893184,3,69.28929,pakistan,draw_156
Female,2.050830150709227,2,69.3994,pakistan,draw_156
Male,1.9640009816970365,2,69.3994,pakistan,draw_156
Female,1.8754738138483704,3,69.3994,pakistan,draw_156
Male,1.7864490102780506,3,69.3994,pakistan,draw_156
Female,2.044008686148996,2,69.50951,pakistan,draw_156
Male,1.9582694083998564,2,69.50951,pakistan,draw_156
Female,1.8708511145437,3,69.50951,pakistan,draw_156
Male,1.7824484752353815,3,69.50951,pakistan,draw_156
Female,2.0372215795427735,2,69.61962,pakistan,draw_156
Male,1.9525646720241072,2,69.61962,pakistan,draw_156
Female,1.8662446745953092,3,69.61962,pakistan,draw_156
Male,1.778461195069064,3,69.61962,pakistan,draw_156
Female,2.0304708117396824,2,69.72973,pakistan,draw_156
Male,1.946885870582646,2,69.72973,pakistan,draw_156
Female,1.8616554694693264,3,69.72973,pakistan,draw_156
Male,1.7744868137789476,3,69.72973,pakistan,draw_156
Female,2.0237542732819973,2,69.83984,pakistan,draw_156
Male,1.9412320884814553,2,69.83984,pakistan,draw_156
Female,1.8570827138800514,3,69.83984,pakistan,draw_156
Male,1.7705251124057553,3,69.83984,pakistan,draw_156
Female,2.0170728014575987,2,69.94995,pakistan,draw_156
Male,1.9356038998113732,2,69.94995,pakistan,draw_156
Female,1.8525265240799014,3,69.94995,pakistan,draw_156
Male,1.7665761973302154,3,69.94995,pakistan,draw_156
Female,2.010425490002862,2,70.06006,pakistan,draw_156
Male,1.9300005904739326,2,70.06006,pakistan,draw_156
Female,1.8479866724112757,3,70.06006,pakistan,draw_156
Male,1.7626396047427129,3,70.06006,pakistan,draw_156
Female,2.003812224208573,2,70.17017,pakistan,draw_156
Male,1.924422426304763,2,70.17017,pakistan,draw_156
Female,1.843463494539085,3,70.17017,pakistan,draw_156
Male,1.7587159137747657,3,70.17017,pakistan,draw_156
Female,1.9972330402679248,2,70.28028,pakistan,draw_156
Male,1.918870294938075,2,70.28028,pakistan,draw_156
Female,1.8389568045740199,3,70.28028,pakistan,draw_156
Male,1.7548051599019958,3,70.28028,pakistan,draw_156
Female,1.9906865909908076,2,70.39039,pakistan,draw_156
Male,1.9133436840176787,2,70.39039,pakistan,draw_156
Female,1.8344660736043719,3,70.39039,pakistan,draw_156
Male,1.7509074044070458,3,70.39039,pakistan,draw_156
Female,1.9841730426159654,2,70.5005,pakistan,draw_156
Male,1.9078429765026188,2,70.5005,pakistan,draw_156
Female,1.8299911547223773,3,70.5005,pakistan,draw_156
Male,1.7470226279814354,3,70.5005,pakistan,draw_156
Female,1.9776935196867844,2,70.61061,pakistan,draw_156
Male,1.9023677429578598,2,70.61061,pakistan,draw_156
Female,1.825532320282911,3,70.61061,pakistan,draw_156
Male,1.7431508680301249,3,70.61061,pakistan,draw_156
Female,1.9712467811040357,2,70.72072,pakistan,draw_156
Male,1.8969170554941712,2,70.72072,pakistan,draw_156
Female,1.8210889618596582,3,70.72072,pakistan,draw_156
Male,1.7392917359511797,3,70.72072,pakistan,draw_156
Female,1.9648334272700752,2,70.83083,pakistan,draw_156
Male,1.8914929625507866,2,70.83083,pakistan,draw_156
Female,1.816661131204563,3,70.83083,pakistan,draw_156
Male,1.735445703834047,3,70.83083,pakistan,draw_156
Female,1.958453927717654,2,70.94094,pakistan,draw_156
Male,1.886093063548779,2,70.94094,pakistan,draw_156
Female,1.8122490339207808,3,70.94094,pakistan,draw_156
Male,1.731611813818871,3,70.94094,pakistan,draw_156
Female,1.952107108136312,2,71.05105,pakistan,draw_156
Male,1.8807177903339862,2,71.05105,pakistan,draw_156
Female,1.8078526183408068,3,71.05105,pakistan,draw_156
Male,1.7277904922801046,3,71.05105,pakistan,draw_156
Female,1.945792219096968,2,71.16116,pakistan,draw_156
Male,1.875367712165889,2,71.16116,pakistan,draw_156
Female,1.8034717753200091,3,71.16116,pakistan,draw_156
Male,1.7239821113806408,3,71.16116,pakistan,draw_156
Female,1.9395098950583718,2,71.27127,pakistan,draw_156
Male,1.8700419078743142,2,71.27127,pakistan,draw_156
Female,1.799106549054541,3,71.27127,pakistan,draw_156
Male,1.7201860065126529,3,71.27127,pakistan,draw_156
Female,1.933261103144771,2,71.38138,pakistan,draw_156
Male,1.8647409829934591,2,71.38138,pakistan,draw_156
Female,1.7947573719681598,3,71.38138,pakistan,draw_156
Male,1.7164026806931423,3,71.38138,pakistan,draw_156
Female,1.9270451887817175,2,71.49149,pakistan,draw_156
Male,1.8594637709261177,2,71.49149,pakistan,draw_156
Female,1.7904243553932446,3,71.49149,pakistan,draw_156
Male,1.7126317169404441,3,71.49149,pakistan,draw_156
Female,1.920861796859853,2,71.6016,pakistan,draw_156
Male,1.8542116568740596,2,71.6016,pakistan,draw_156
Female,1.7861072205412194,3,71.6016,pakistan,draw_156
Male,1.7088736474188329,3,71.6016,pakistan,draw_156
Female,1.9147102035786379,2,71.71171,pakistan,draw_156
Male,1.8489844639733308,2,71.71171,pakistan,draw_156
Female,1.7818054692715974,3,71.71171,pakistan,draw_156
Male,1.705128103526586,3,71.71171,pakistan,draw_156
Female,1.908590202981323,2,71.82182,pakistan,draw_156
Male,1.8437811083399807,2,71.82182,pakistan,draw_156
Female,1.7775190439063409,3,71.82182,pakistan,draw_156
Male,1.7013944776157968,3,71.82182,pakistan,draw_156
Female,1.9025019985060139,2,71.93193,pakistan,draw_156
Male,1.838601848366451,2,71.93193,pakistan,draw_156
Female,1.7732479962359373,3,71.93193,pakistan,draw_156
Male,1.697672609624149,3,71.93193,pakistan,draw_156
Female,1.8964455637536295,2,72.04204,pakistan,draw_156
Male,1.8334467629214397,2,72.04204,pakistan,draw_156
Female,1.7689926343869378,3,72.04204,pakistan,draw_156
Male,1.693963131158269,3,72.04204,pakistan,draw_156
Female,1.8904209455852374,2,72.15215,pakistan,draw_156
Male,1.8283168475297973,2,72.15215,pakistan,draw_156
Female,1.7647528927530367,3,72.15215,pakistan,draw_156
Male,1.6902662272201703,3,72.15215,pakistan,draw_156
Female,1.8844282123214908,2,72.26226,pakistan,draw_156
Male,1.8232101217664554,2,72.26226,pakistan,draw_156
Female,1.7605289129701434,3,72.26226,pakistan,draw_156
Male,1.6865811679194225,3,72.26226,pakistan,draw_156
Female,1.8784660995667368,2,72.37237,pakistan,draw_156
Male,1.8181272788419078,2,72.37237,pakistan,draw_156
Female,1.7563196528796825,3,72.37237,pakistan,draw_156
Male,1.6829083263413356,3,72.37237,pakistan,draw_156
Female,1.872535814801095,2,72.48248,pakistan,draw_156
Male,1.8130672146377291,2,72.48248,pakistan,draw_156
Female,1.7521261095421181,3,72.48248,pakistan,draw_156
Male,1.679247195440255,3,72.48248,pakistan,draw_156
Female,1.8666369338501994,2,72.59259,pakistan,draw_156
Male,1.8080309976913127,2,72.59259,pakistan,draw_156
Female,1.7479479785369416,3,72.59259,pakistan,draw_156
Male,1.675598551394338,3,72.59259,pakistan,draw_156
Female,1.8607687322969637,2,72.7027,pakistan,draw_156
Male,1.8030177478167464,2,72.7027,pakistan,draw_156
Female,1.7437848622085068,3,72.7027,pakistan,draw_156
Male,1.6719616544499127,3,72.7027,pakistan,draw_156
Female,1.854931518211333,2,72.81281,pakistan,draw_156
Male,1.7980282949190738,2,72.81281,pakistan,draw_156
Female,1.739636977852669,3,72.81281,pakistan,draw_156
Male,1.6683369914052182,3,72.81281,pakistan,draw_156
Female,1.8491250242091126,2,72.92292,pakistan,draw_156
Male,1.7930613174005534,2,72.92292,pakistan,draw_156
Female,1.7355039859494936,3,72.92292,pakistan,draw_156
Male,1.6647239294631844,3,72.92292,pakistan,draw_156
Female,1.8433475883707846,2,73.03303,pakistan,draw_156
Male,1.788118638012192,2,73.03303,pakistan,draw_156
Female,1.7313854080965803,3,73.03303,pakistan,draw_156
Male,1.661123472887785,3,73.03303,pakistan,draw_156
Female,1.8376011984106493,2,73.14314,pakistan,draw_156
Male,1.783198912319026,2,73.14314,pakistan,draw_156
Female,1.7272822399991687,3,73.14314,pakistan,draw_156
Male,1.6575349034179483,3,73.14314,pakistan,draw_156
Female,1.831885534278849,2,73.25325,pakistan,draw_156
Male,1.7783015685617636,2,73.25325,pakistan,draw_156
Female,1.7231942299101337,3,73.25325,pakistan,draw_156
Male,1.6539580543970454,3,73.25325,pakistan,draw_156
Female,1.826199179783149,2,73.36336,pakistan,draw_156
Male,1.7734275930913839,2,73.36336,pakistan,draw_156
Female,1.7191206487543318,3,73.36336,pakistan,draw_156
Male,1.6503932585741747,3,73.36336,pakistan,draw_156
Female,1.8205432286296352,2,73.47347,pakistan,draw_156
Male,1.768576194506835,2,73.47347,pakistan,draw_156
Female,1.715061901555679,3,73.47347,pakistan,draw_156
Male,1.6468402658143408,3,73.47347,pakistan,draw_156
Female,1.8149176801518554,2,73.58358,pakistan,draw_156
Male,1.76374701467174,2,73.58358,pakistan,draw_156
Female,1.7110178278348176,3,73.58358,pakistan,draw_156
Male,1.6432989961646622,3,73.58358,pakistan,draw_156
Female,1.8093214076442568,2,73.69369,pakistan,draw_156
Male,1.7589409074795668,2,73.69369,pakistan,draw_156
Female,1.706988229516297,3,73.69369,pakistan,draw_156
Male,1.6397695069490497,3,73.69369,pakistan,draw_156
Female,1.803755115151088,2,73.8038,pakistan,draw_156
Male,1.7541560902485298,2,73.8038,pakistan,draw_156
Female,1.7029737866344024,3,73.8038,pakistan,draw_156
Male,1.6362513810336317,3,73.8038,pakistan,draw_156
Female,1.7982166085858677,2,73.91391,pakistan,draw_156
Male,1.7493923148271657,2,73.91391,pakistan,draw_156
Female,1.6989733526182973,3,73.91391,pakistan,draw_156
Male,1.6327446428454593,3,73.91391,pakistan,draw_156
Female,1.7927058362521922,2,74.02402,pakistan,draw_156
Male,1.7446512181967138,2,74.02402,pakistan,draw_156
Female,1.6949871819049065,3,74.02402,pakistan,draw_156
Male,1.6292498342117991,3,74.02402,pakistan,draw_156
Female,1.7872237715413517,2,74.13413,pakistan,draw_156
Male,1.7399327360218844,2,74.13413,pakistan,draw_156
Female,1.6910149977540125,3,74.13413,pakistan,draw_156
Male,1.6257665970734079,3,74.13413,pakistan,draw_156
Female,1.781770673366189,2,74.24424,pakistan,draw_156
Male,1.735236211677356,2,74.24424,pakistan,draw_156
Female,1.6870572689858903,3,74.24424,pakistan,draw_156
Male,1.6222945601132663,3,74.24424,pakistan,draw_156
Female,1.7763465767521167,2,74.35435,pakistan,draw_156
Male,1.7305613032970046,2,74.35435,pakistan,draw_156
Female,1.6831142045433036,3,74.35435,pakistan,draw_156
Male,1.618833987269439,3,74.35435,pakistan,draw_156
Female,1.7709492537972236,2,74.46446,pakistan,draw_156
Male,1.7259090133851371,2,74.46446,pakistan,draw_156
Female,1.6791844692222766,3,74.46446,pakistan,draw_156
Male,1.6153852874716559,3,74.46446,pakistan,draw_156
Female,1.7655804361258798,2,74.57457,pakistan,draw_156
Male,1.7212782103584416,2,74.57457,pakistan,draw_156
Female,1.6752690059596511,3,74.57457,pakistan,draw_156
Male,1.611947939493724,3,74.57457,pakistan,draw_156
Female,1.7602408566357366,2,74.68468,pakistan,draw_156
Male,1.7166674364743868,2,74.68468,pakistan,draw_156
Female,1.6713680753133622,3,74.68468,pakistan,draw_156
Male,1.6085212367569284,3,74.68468,pakistan,draw_156
Female,1.7549292811452952,2,74.79479,pakistan,draw_156
Male,1.7120791919570622,2,74.79479,pakistan,draw_156
Female,1.66748120938329,3,74.79479,pakistan,draw_156
Male,1.6051066771818978,3,74.79479,pakistan,draw_156
Female,1.749645132755929,2,74.9049,pakistan,draw_156
Male,1.7075101244557234,2,74.9049,pakistan,draw_156
Female,1.6636082039735336,3,74.9049,pakistan,draw_156
Male,1.6017022886409769,3,74.9049,pakistan,draw_156
Female,1.7443881095577922,2,75.01502,pakistan,draw_156
Male,1.7029618596765528,2,75.01502,pakistan,draw_156
Female,1.6597489583037717,3,75.01502,pakistan,draw_156
Male,1.5983092898187425,3,75.01502,pakistan,draw_156
Female,1.739159208445202,2,75.12513,pakistan,draw_156
Male,1.698434308845258,2,75.12513,pakistan,draw_156
Female,1.6559040156320353,3,75.12513,pakistan,draw_156
Male,1.5949275210165814,3,75.12513,pakistan,draw_156
Female,1.733958130126306,2,75.23524,pakistan,draw_156
Male,1.693927596237729,2,75.23524,pakistan,draw_156
Female,1.6520732573924748,3,75.23524,pakistan,draw_156
Male,1.5915566906671157,3,75.23524,pakistan,draw_156
Female,1.7287841071160104,2,75.34535,pakistan,draw_156
Male,1.6894421797540136,2,75.34535,pakistan,draw_156
Female,1.6482561974060952,3,75.34535,pakistan,draw_156
Male,1.5881971193575286,3,75.34535,pakistan,draw_156
Female,1.7236376696882143,2,75.45546,pakistan,draw_156
Male,1.684977165952937,2,75.45546,pakistan,draw_156
Female,1.6444530167611742,3,75.45546,pakistan,draw_156
Male,1.5848482219413547,3,75.45546,pakistan,draw_156
Female,1.718518649041788,2,75.56557,pakistan,draw_156
Male,1.6805325737113792,2,75.56557,pakistan,draw_156
Female,1.640663869128557,3,75.56557,pakistan,draw_156
Male,1.5815103515504065,3,75.56557,pakistan,draw_156
Female,1.7134276808559565,2,75.67568,pakistan,draw_156
Male,1.676108769215556,2,75.67568,pakistan,draw_156
Female,1.6368887153996194,3,75.67568,pakistan,draw_156
Male,1.5781837418459426,3,75.67568,pakistan,draw_156
Female,1.7083643454916473,2,75.78579,pakistan,draw_156
Male,1.6717052916924104,2,75.78579,pakistan,draw_156
Female,1.6331276184661765,3,75.78579,pakistan,draw_156
Male,1.5748682300607348,3,75.78579,pakistan,draw_156
Female,1.7033285785982113,2,75.8959,pakistan,draw_156
Male,1.6673224470242212,2,75.8959,pakistan,draw_156
Female,1.6293803121564647,3,75.8959,pakistan,draw_156
Male,1.5715635680476228,3,75.8959,pakistan,draw_156
Female,1.698318909135889,2,76.00601,pakistan,draw_156
Male,1.6629594553926175,2,76.00601,pakistan,draw_156
Female,1.6256463844577838,3,76.00601,pakistan,draw_156
Male,1.5682693856736813,3,76.00601,pakistan,draw_156
Female,1.6933349932179922,2,76.11612,pakistan,draw_156
Male,1.6586179360075,2,76.11612,pakistan,draw_156
Female,1.6219259723499224,3,76.11612,pakistan,draw_156
Male,1.5649864233445037,3,76.11612,pakistan,draw_156
Female,1.6883767704138917,2,76.22623,pakistan,draw_156
Male,1.6542953962158886,2,76.22623,pakistan,draw_156
Female,1.6182189897598216,3,76.22623,pakistan,draw_156
Male,1.5617140361533162,3,76.22623,pakistan,draw_156
Female,1.6834437643109035,2,76.33634,pakistan,draw_156
Male,1.6499924182790706,2,76.33634,pakistan,draw_156
Female,1.6145250759916443,3,76.33634,pakistan,draw_156
Male,1.5584523034437792,3,76.33634,pakistan,draw_156
Female,1.678535676714424,2,76.44645,pakistan,draw_156
Male,1.6457107497365036,2,76.44645,pakistan,draw_156
Female,1.6108440533405937,3,76.44645,pakistan,draw_156
Male,1.5552021819315294,3,76.44645,pakistan,draw_156
Female,1.6736533952602768,2,76.55656,pakistan,draw_156
Male,1.641448866995711,2,76.55656,pakistan,draw_156
Female,1.6071760518107157,3,76.55656,pakistan,draw_156
Male,1.5519626667955093,3,76.55656,pakistan,draw_156
Female,1.668796427768079,2,76.66667,pakistan,draw_156
Male,1.6372069941523462,2,76.66667,pakistan,draw_156
Female,1.603521090786026,3,76.66667,pakistan,draw_156
Male,1.5487338349205804,3,76.66667,pakistan,draw_156
Female,1.6639664744101914,2,76.77678,pakistan,draw_156
Male,1.632985391499273,2,76.77678,pakistan,draw_156
Female,1.5998799623640976,3,76.77678,pakistan,draw_156
Male,1.5455160042881628,3,76.77678,pakistan,draw_156
Female,1.6591611647855338,2,76.88689,pakistan,draw_156
Male,1.6287810901551163,2,76.88689,pakistan,draw_156
Female,1.5962512522099408,3,76.88689,pakistan,draw_156
Male,1.542308164376981,3,76.88689,pakistan,draw_156
Female,1.6543815709495726,2,76.997,pakistan,draw_156
Male,1.624596550961558,2,76.997,pakistan,draw_156
Female,1.5926360187337516,3,76.997,pakistan,draw_156
Male,1.5391106886980555,3,76.997,pakistan,draw_156
Female,1.649627041374609,2,77.10711,pakistan,draw_156
Male,1.6204312123619726,2,77.10711,pakistan,draw_156
Female,1.5890339314586042,3,77.10711,pakistan,draw_156
Male,1.5359236902809972,3,77.10711,pakistan,draw_156
Female,1.6448964358548057,2,77.21722,pakistan,draw_156
Male,1.6162844000191348,2,77.21722,pakistan,draw_156
Female,1.5854443504518911,3,77.21722,pakistan,draw_156
Male,1.532746829979489,3,77.21722,pakistan,draw_156
Female,1.6401907845575672,2,77.32733,pakistan,draw_156
Male,1.612157082403675,2,77.32733,pakistan,draw_156
Female,1.5818677358864013,3,77.32733,pakistan,draw_156
Male,1.529580360865267,3,77.32733,pakistan,draw_156
Female,1.635510550575011,2,77.43744,pakistan,draw_156
Male,1.6080481468153454,2,77.43744,pakistan,draw_156
Female,1.5783042541806256,3,77.43744,pakistan,draw_156
Male,1.5264240283827206,3,77.43744,pakistan,draw_156
Female,1.6308545020450884,2,77.54755,pakistan,draw_156
Male,1.6039589952714297,2,77.54755,pakistan,draw_156
Female,1.5747533588283003,3,77.54755,pakistan,draw_156
Male,1.523278574779186,3,77.54755,pakistan,draw_156
Female,1.6262213316669187,2,77.65766,pakistan,draw_156
Male,1.5998890572863373,2,77.65766,pakistan,draw_156
Female,1.5712143446632847,3,77.65766,pakistan,draw_156
Male,1.5201434662902615,3,77.65766,pakistan,draw_156
Female,1.621612039797817,2,77.76777,pakistan,draw_156
Male,1.5958371093664654,2,77.76777,pakistan,draw_156
Female,1.5676878283896212,3,77.76777,pakistan,draw_156
Male,1.5170181358439982,3,77.76777,pakistan,draw_156
Female,1.6170273193426417,2,77.87788,pakistan,draw_156
Male,1.5918039286707253,2,77.87788,pakistan,draw_156
Female,1.5641741368492195,3,77.87788,pakistan,draw_156
Male,1.5139032075347283,3,77.87788,pakistan,draw_156
Female,1.6124668759892735,2,77.98799,pakistan,draw_156
Male,1.5877898865812623,2,77.98799,pakistan,draw_156
Female,1.5606727186070337,3,77.98799,pakistan,draw_156
Male,1.5107988402505093,3,77.98799,pakistan,draw_156
Female,1.6079309562197246,2,78.0981,pakistan,draw_156
Male,1.583793514590227,2,78.0981,pakistan,draw_156
Female,1.5571840397630607,3,78.0981,pakistan,draw_156
Male,1.5077041179322201,3,78.0981,pakistan,draw_156
Female,1.6034189815030258,2,78.20821,pakistan,draw_156
Male,1.5798160634955307,2,78.20821,pakistan,draw_156
Female,1.5537080661582816,3,78.20821,pakistan,draw_156
Male,1.504619770917336,3,78.20821,pakistan,draw_156
Female,1.5989311105498414,2,78.31832,pakistan,draw_156
Male,1.5758574293139411,2,78.31832,pakistan,draw_156
Female,1.5502445956262827,3,78.31832,pakistan,draw_156
Male,1.5015456292826912,3,78.31832,pakistan,draw_156
Female,1.5944667579784146,2,78.42843,pakistan,draw_156
Male,1.5719165360015412,2,78.42843,pakistan,draw_156
Female,1.5467934471954334,3,78.42843,pakistan,draw_156
Male,1.4984812860016665,3,78.42843,pakistan,draw_156
Female,1.5900261634096131,2,78.53854,pakistan,draw_156
Male,1.567993326871123,2,78.53854,pakistan,draw_156
Female,1.5433547930827616,3,78.53854,pakistan,draw_156
Male,1.4954268374050677,3,78.53854,pakistan,draw_156
Female,1.58561015991333,2,78.64865,pakistan,draw_156
Male,1.5640882299552428,2,78.64865,pakistan,draw_156
Female,1.5399291545065263,3,78.64865,pakistan,draw_156
Male,1.492382376576542,3,78.64865,pakistan,draw_156
Female,1.5812180229635984,2,78.75876,pakistan,draw_156
Male,1.5602005389437303,2,78.75876,pakistan,draw_156
Female,1.536515630864977,3,78.75876,pakistan,draw_156
Male,1.4893474468586347,3,78.75876,pakistan,draw_156
Female,1.5768486463711224,2,78.86887,pakistan,draw_156
Male,1.5563307630184182,2,78.86887,pakistan,draw_156
Female,1.533113954693513,3,78.86887,pakistan,draw_156
Male,1.486322279283237,3,78.86887,pakistan,draw_156
Female,1.5725025444698248,2,78.97898,pakistan,draw_156
Male,1.5524797022615813,2,78.97898,pakistan,draw_156
Female,1.529724205639218,3,78.97898,pakistan,draw_156
Male,1.483307432326054,3,78.97898,pakistan,draw_156
Female,1.5681794804751055,2,79.08909,pakistan,draw_156
Male,1.5486450215252943,2,79.08909,pakistan,draw_156
Female,1.5263468408462508,3,79.08909,pakistan,draw_156
Male,1.4803016405419753,3,79.08909,pakistan,draw_156
Female,1.5638791682406268,2,79.1992,pakistan,draw_156
Male,1.5448288230871965,2,79.1992,pakistan,draw_156
Female,1.5229812175933362,3,79.1992,pakistan,draw_156
Male,1.4773060522157955,3,79.1992,pakistan,draw_156
Female,1.5596002579399775,2,79.30931,pakistan,draw_156
Male,1.54103048726994,2,79.30931,pakistan,draw_156
Female,1.5196265973320897,3,79.30931,pakistan,draw_156
Male,1.4743207428283696,3,79.30931,pakistan,draw_156
Female,1.5553436926936732,2,79.41942,pakistan,draw_156
Male,1.5372486906394707,2,79.41942,pakistan,draw_156
Female,1.516284046380106,3,79.41942,pakistan,draw_156
Male,1.4713445692045488,3,79.41942,pakistan,draw_156
Female,1.551108671395107,2,79.52953,pakistan,draw_156
Male,1.5334852884019172,2,79.52953,pakistan,draw_156
Female,1.5129529080784472,3,79.52953,pakistan,draw_156
Male,1.468378647158321,3,79.52953,pakistan,draw_156
Female,1.5468961926768532,2,79.63964,pakistan,draw_156
Male,1.529737935920822,2,79.63964,pakistan,draw_156
Female,1.5096337523264867,3,79.63964,pakistan,draw_156
Male,1.465421822614593,3,79.63964,pakistan,draw_156
Female,1.542704637539996,2,79.74975,pakistan,draw_156
Male,1.5260089932969134,2,79.74975,pakistan,draw_156
Female,1.5063256091977335,3,79.74975,pakistan,draw_156
Male,1.4624752125837681,3,79.74975,pakistan,draw_156
Female,1.5385340905285583,2,79.85986,pakistan,draw_156
Male,1.5222965843286151,2,79.85986,pakistan,draw_156
Female,1.5030286616062423,3,79.85986,pakistan,draw_156
Male,1.4595379568955817,3,79.85986,pakistan,draw_156
Female,1.5343852669167146,2,79.96997,pakistan,draw_156
Male,1.518600751466821,2,79.96997,pakistan,draw_156
Female,1.4997432156723218,3,79.96997,pakistan,draw_156
Male,1.4566103032492408,3,79.96997,pakistan,draw_156
Female,1.530258805446481,2,80.08008,pakistan,draw_156
Male,1.514922306668356,2,80.08008,pakistan,draw_156
Female,1.496469945051511,3,80.08008,pakistan,draw_156
Male,1.4536922766296727,3,80.08008,pakistan,draw_156
Female,1.5261544140780376,2,80.19019,pakistan,draw_156
Male,1.5112606752406563,2,80.19019,pakistan,draw_156
Female,1.4932083346293203,3,80.19019,pakistan,draw_156
Male,1.4507836681555508,3,80.19019,pakistan,draw_156
Female,1.522072087063622,2,80.3003,pakistan,draw_156
Male,1.5076155278503502,2,80.3003,pakistan,draw_156
Female,1.4899586847168886,3,80.3003,pakistan,draw_156
Male,1.447884345712428,3,80.3003,pakistan,draw_156
Female,1.518011092203041,2,80.41041,pakistan,draw_156
Male,1.5039883107200553,2,80.41041,pakistan,draw_156
Female,1.4867204817299107,3,80.41041,pakistan,draw_156
Male,1.444995178220609,3,80.41041,pakistan,draw_156
Female,1.5139711678827368,2,80.52052,pakistan,draw_156
Male,1.5003755520300508,2,80.52052,pakistan,draw_156
Female,1.4834932515311683,3,80.52052,pakistan,draw_156
Male,1.4421146742768476,3,80.52052,pakistan,draw_156
Female,1.5099523272470194,2,80.63063,pakistan,draw_156
Male,1.496780585105325,2,80.63063,pakistan,draw_156
Female,1.4802775677724496,3,80.63063,pakistan,draw_156
Male,1.4392441187876217,3,80.63063,pakistan,draw_156
Female,1.5059555788639958,2,80.74074,pakistan,draw_156
Male,1.4932025975993448,2,80.74074,pakistan,draw_156
Female,1.4770739380128042,3,80.74074,pakistan,draw_156
Male,1.4363829167671203,3,80.74074,pakistan,draw_156
Female,1.5019799681101886,2,80.85085,pakistan,draw_156
Male,1.489639978124605,2,80.85085,pakistan,draw_156
Female,1.4738815437660793,3,80.85085,pakistan,draw_156
Male,1.4335303832813213,3,80.85085,pakistan,draw_156
Female,1.498025311823291,2,80.96096,pakistan,draw_156
Male,1.4860937906197385,2,80.96096,pakistan,draw_156
Female,1.4707004923405702,3,80.96096,pakistan,draw_156
Male,1.4306871546131719,3,80.96096,pakistan,draw_156
Female,1.4940915967578794,2,81.07107,pakistan,draw_156
Male,1.4825630161029217,2,81.07107,pakistan,draw_156
Female,1.4675308100029014,3,81.07107,pakistan,draw_156
Male,1.4278528587813566,3,81.07107,pakistan,draw_156
Female,1.4901784062877323,2,81.18118,pakistan,draw_156
Male,1.4790476080394763,2,81.18118,pakistan,draw_156
Female,1.464372315922004,3,81.18118,pakistan,draw_156
Male,1.4250274226224982,3,81.18118,pakistan,draw_156
Female,1.4862856553683443,2,81.29129,pakistan,draw_156
Male,1.4755476605432167,2,81.29129,pakistan,draw_156
Female,1.4612245355693323,3,81.29129,pakistan,draw_156
Male,1.422211009108372,3,81.29129,pakistan,draw_156
Female,1.4824135011688881,2,81.4014,pakistan,draw_156
Male,1.47206424467943,2,81.4014,pakistan,draw_156
Female,1.4580878581582608,3,81.4014,pakistan,draw_156
Male,1.419404012483507,3,81.4014,pakistan,draw_156
Female,1.4785621278785523,2,81.51151,pakistan,draw_156
Male,1.4685958440123517,2,81.51151,pakistan,draw_156
Female,1.454962285834169,3,81.51151,pakistan,draw_156
Male,1.4166056286169735,3,81.51151,pakistan,draw_156
Female,1.4747309214644837,2,81.62162,pakistan,draw_156
Male,1.4651430124584515,2,81.62162,pakistan,draw_156
Female,1.451847748411476,3,81.62162,pakistan,draw_156
Male,1.4138159808174902,3,81.62162,pakistan,draw_156
Female,1.47092018424067,2,81.73173,pakistan,draw_156
Male,1.461706863089186,2,81.73173,pakistan,draw_156
Female,1.4487444547911659,3,81.73173,pakistan,draw_156
Male,1.4110358303329738,3,81.73173,pakistan,draw_156
Female,1.4671295696306839,2,81.84184,pakistan,draw_156
Male,1.458286246119988,2,81.84184,pakistan,draw_156
Female,1.4456519843301305,3,81.84184,pakistan,draw_156
Male,1.4082644589398075,3,81.84184,pakistan,draw_156
Female,1.4633595065361173,2,81.95195,pakistan,draw_156
Male,1.454881766203568,2,81.95195,pakistan,draw_156
Female,1.4425704224396383,3,81.95195,pakistan,draw_156
Male,1.4055021926267965,3,81.95195,pakistan,draw_156
Female,1.45960987703859,2,82.06206,pakistan,draw_156
Male,1.4514925789769613,2,82.06206,pakistan,draw_156
Female,1.439499642949641,3,82.06206,pakistan,draw_156
Male,1.4027488149945606,3,82.06206,pakistan,draw_156
Female,1.4558795825333777,2,82.17217,pakistan,draw_156
Male,1.4481192578863225,2,82.17217,pakistan,draw_156
Female,1.4364388533762633,3,82.17217,pakistan,draw_156
Male,1.4000046296183681,3,82.17217,pakistan,draw_156
Female,1.4521690208894287,2,82.28228,pakistan,draw_156
Male,1.444760812736252,2,82.28228,pakistan,draw_156
Female,1.433389040569776,3,82.28228,pakistan,draw_156
Male,1.3972695680634266,3,82.28228,pakistan,draw_156
Female,1.448478153577511,2,82.39239,pakistan,draw_156
Male,1.4414167971367886,2,82.39239,pakistan,draw_156
Female,1.4303502441095826,3,82.39239,pakistan,draw_156
Male,1.394543527791603,3,82.39239,pakistan,draw_156
Female,1.444807498862599,2,82.5025,pakistan,draw_156
Male,1.4380885915196568,2,82.5025,pakistan,draw_156
Female,1.427322538964035,3,82.5025,pakistan,draw_156
Male,1.3918271608529262,3,82.5025,pakistan,draw_156
Female,1.4411569318560735,2,82.61261,pakistan,draw_156
Male,1.4347747004855562,2,82.61261,pakistan,draw_156
Female,1.4243057893671611,3,82.61261,pakistan,draw_156
Male,1.3891197327986073,3,82.61261,pakistan,draw_156
Female,1.43752522309481,2,82.72272,pakistan,draw_156
Male,1.4314761833862382,2,82.72272,pakistan,draw_156
Female,1.4212996373222155,3,82.72272,pakistan,draw_156
Male,1.3864217744834506,3,82.72272,pakistan,draw_156
Female,1.4339120828058047,2,82.83283,pakistan,draw_156
Male,1.4281923590348236,2,82.83283,pakistan,draw_156
Female,1.418303857890459,3,82.83283,pakistan,draw_156
Male,1.3837329600636887,3,82.83283,pakistan,draw_156
Female,1.4303189322630083,2,82.94294,pakistan,draw_156
Male,1.4249226325847624,2,82.94294,pakistan,draw_156
Female,1.4153190658069597,3,82.94294,pakistan,draw_156
Male,1.3810530967543213,3,82.94294,pakistan,draw_156
Female,1.4267444826440547,2,83.05305,pakistan,draw_156
Male,1.4216687956990028,2,83.05305,pakistan,draw_156
Female,1.4123443385444407,3,83.05305,pakistan,draw_156
Male,1.3783826405400044,3,83.05305,pakistan,draw_156
Female,1.4231894023080724,2,83.16316,pakistan,draw_156
Male,1.4184308360544278,2,83.16316,pakistan,draw_156
Female,1.409380271113913,3,83.16316,pakistan,draw_156
Male,1.3757216663427116,3,83.16316,pakistan,draw_156
Female,1.4196536541558917,2,83.27327,pakistan,draw_156
Male,1.415207538407338,2,83.27327,pakistan,draw_156
Female,1.4064266427532823,3,83.27327,pakistan,draw_156
Male,1.3730698062626872,3,83.27327,pakistan,draw_156
Female,1.416136240748733,2,83.38338,pakistan,draw_156
Male,1.4119993872768082,2,83.38338,pakistan,draw_156
Female,1.403483157140443,3,83.38338,pakistan,draw_156
Male,1.3704271836467499,3,83.38338,pakistan,draw_156
Female,1.4126389646665607,2,83.49349,pakistan,draw_156
Male,1.4088058539644075,2,83.49349,pakistan,draw_156
Female,1.4005507106804624,3,83.49349,pakistan,draw_156
Male,1.3677933584093995,3,83.49349,pakistan,draw_156
Female,1.4091592531979034,2,83.6036,pakistan,draw_156
Male,1.4056271345817837,2,83.6036,pakistan,draw_156
Female,1.397627817229179,3,83.6036,pakistan,draw_156
Male,1.3651685360847543,3,83.6036,pakistan,draw_156
Female,1.4056980921801536,2,83.71371,pakistan,draw_156
Male,1.4024629465045957,2,83.71371,pakistan,draw_156
Female,1.3947151962566542,3,83.71371,pakistan,draw_156
Male,1.362552616563488,3,83.71371,pakistan,draw_156
Female,1.402254818863617,2,83.82382,pakistan,draw_156
Male,1.3993133454824023,2,83.82382,pakistan,draw_156
Female,1.391812753667475,3,83.82382,pakistan,draw_156
Male,1.359945641938921,3,83.82382,pakistan,draw_156
Female,1.398829739654541,2,83.93393,pakistan,draw_156
Male,1.3961783176092588,2,83.93393,pakistan,draw_156
Female,1.388921184631151,3,83.93393,pakistan,draw_156
Male,1.3573475558618,3,83.93393,pakistan,draw_156
Female,1.395422172028866,2,84.04404,pakistan,draw_156
Male,1.3930570260042447,2,84.04404,pakistan,draw_156
Female,1.3860396611474295,3,84.04404,pakistan,draw_156
Male,1.354758070525823,3,84.04404,pakistan,draw_156
Female,1.3920320969246984,2,84.15415,pakistan,draw_156
Male,1.3899502153247874,2,84.15415,pakistan,draw_156
Female,1.3831682156861376,3,84.15415,pakistan,draw_156
Male,1.3521778267208406,3,84.15415,pakistan,draw_156
Female,1.3886592311835508,2,84.26426,pakistan,draw_156
Male,1.386858073624108,2,84.26426,pakistan,draw_156
Female,1.3803069439403763,3,84.26426,pakistan,draw_156
Male,1.3496068722428776,3,84.26426,pakistan,draw_156
Female,1.3853043026812963,2,84.37437,pakistan,draw_156
Male,1.3837795422929897,2,84.37437,pakistan,draw_156
Female,1.3774560198139207,3,84.37437,pakistan,draw_156
Male,1.347044551551509,3,84.37437,pakistan,draw_156
Female,1.3819674871685699,2,84.48448,pakistan,draw_156
Male,1.3807141711999154,2,84.48448,pakistan,draw_156
Female,1.3746154094781105,3,84.48448,pakistan,draw_156
Male,1.3444908683150554,3,84.48448,pakistan,draw_156
Female,1.3786481895837424,2,84.59459,pakistan,draw_156
Male,1.377663131935854,2,84.59459,pakistan,draw_156
Female,1.3717852264458201,3,84.59459,pakistan,draw_156
Male,1.3419464252235667,3,84.59459,pakistan,draw_156
Female,1.375346852829664,2,84.7047,pakistan,draw_156
Male,1.374625680374772,2,84.7047,pakistan,draw_156
Female,1.3689656464745308,3,84.7047,pakistan,draw_156
Male,1.339410911007975,3,84.7047,pakistan,draw_156
Female,1.3720632789276255,2,84.81481,pakistan,draw_156
Male,1.3716034992653456,2,84.81481,pakistan,draw_156
Female,1.3661563428133388,3,84.81481,pakistan,draw_156
Male,1.336885413767998,3,84.81481,pakistan,draw_156
Female,1.3687979951263154,2,84.92492,pakistan,draw_156
Male,1.3685952392346044,2,84.92492,pakistan,draw_156
Female,1.3633579139443084,3,84.92492,pakistan,draw_156
Male,1.3343691417058474,3,84.92492,pakistan,draw_156
Female,1.3655505112987545,2,85.03504,pakistan,draw_156
Male,1.365601523091388,2,85.03504,pakistan,draw_156
Female,1.360570057335703,3,85.03504,pakistan,draw_156
Male,1.3318623052458798,3,85.03504,pakistan,draw_156
Female,1.3623215951301941,2,85.14515,pakistan,draw_156
Male,1.3626222245273967,2,85.14515,pakistan,draw_156
Female,1.357793482726264,3,85.14515,pakistan,draw_156
Male,1.329365022958842,3,85.14515,pakistan,draw_156
Female,1.359112270312575,2,85.25526,pakistan,draw_156
Male,1.3596577690460836,2,85.25526,pakistan,draw_156
Female,1.3550284391876048,3,85.25526,pakistan,draw_156
Male,1.3268777745271279,3,85.25526,pakistan,draw_156
Female,1.3559227603843522,2,85.36537,pakistan,draw_156
Male,1.356709491816049,2,85.36537,pakistan,draw_156
Female,1.3522751695248663,3,85.36537,pakistan,draw_156
Male,1.3244011476181066,3,85.36537,pakistan,draw_156
Female,1.3527515505564927,2,85.47548,pakistan,draw_156
Male,1.3537759003950398,2,85.47548,pakistan,draw_156
Female,1.3495328886623186,3,85.47548,pakistan,draw_156
Male,1.3219340708547278,3,85.47548,pakistan,draw_156
Female,1.3495989084302824,2,85.58559,pakistan,draw_156
Male,1.350856528649239,2,85.58559,pakistan,draw_156
Female,1.3468020827537444,3,85.58559,pakistan,draw_156
Male,1.3194765619063686,3,85.58559,pakistan,draw_156
Female,1.3464636212948649,2,85.6957,pakistan,draw_156
Male,1.3479530562798885,2,85.6957,pakistan,draw_156
Female,1.3440822063307394,3,85.6957,pakistan,draw_156
Male,1.3170295384079977,3,85.6957,pakistan,draw_156
Female,1.3433466965439331,2,85.80581,pakistan,draw_156
Male,1.345063296388675,2,85.80581,pakistan,draw_156
Female,1.341373673673088,3,85.80581,pakistan,draw_156
Male,1.3145917557023035,3,85.80581,pakistan,draw_156
Female,1.340248810444669,2,85.91592,pakistan,draw_156
Male,1.3421894611600873,2,85.91592,pakistan,draw_156
Female,1.3386773081288599,3,85.91592,pakistan,draw_156
Male,1.312164463844923,3,85.91592,pakistan,draw_156
Female,1.3371699211836232,2,86.02603,pakistan,draw_156
Male,1.3393300306855853,2,86.02603,pakistan,draw_156
Female,1.335993078957783,3,86.02603,pakistan,draw_156
Male,1.3097470618747449,3,86.02603,pakistan,draw_156
Female,1.3341102986053308,2,86.13614,pakistan,draw_156
Male,1.3364873150525582,2,86.13614,pakistan,draw_156
Female,1.3333210391066443,3,86.13614,pakistan,draw_156
Male,1.307340796326499,3,86.13614,pakistan,draw_156
Female,1.331070088551266,2,86.24625,pakistan,draw_156
Male,1.3336594807855555,2,86.24625,pakistan,draw_156
Female,1.3306616452970004,3,86.24625,pakistan,draw_156
Male,1.3049445684249494,3,86.24625,pakistan,draw_156
Female,1.328048408997402,2,86.35636,pakistan,draw_156
Male,1.3308471391311691,2,86.35636,pakistan,draw_156
Female,1.3280142726205975,3,86.35636,pakistan,draw_156
Male,1.3025590064047627,3,86.35636,pakistan,draw_156
Female,1.3250464853642285,2,86.46647,pakistan,draw_156
Male,1.3280503648968314,2,86.46647,pakistan,draw_156
Female,1.3253798101678604,3,86.46647,pakistan,draw_156
Male,1.3001843099975683,3,86.46647,pakistan,draw_156
Female,1.32206463740121,2,86.57658,pakistan,draw_156
Male,1.325270046010087,2,86.57658,pakistan,draw_156
Female,1.3227586189784666,3,86.57658,pakistan,draw_156
Male,1.2978209980326811,3,86.57658,pakistan,draw_156
Female,1.3191021289510285,2,86.68669,pakistan,draw_156
Male,1.3225050431041523,2,86.68669,pakistan,draw_156
Female,1.3201502536039202,3,86.68669,pakistan,draw_156
Male,1.2954684636907805,3,86.68669,pakistan,draw_156
Female,1.316159596901801,2,86.7968,pakistan,draw_156
Male,1.3197562623917078,2,86.7968,pakistan,draw_156
Female,1.3175555374665926,3,86.7968,pakistan,draw_156
Male,1.2931274454880894,3,86.7968,pakistan,draw_156
Female,1.3132356475027824,2,86.90691,pakistan,draw_156
Male,1.3170227272379778,2,86.90691,pakistan,draw_156
Female,1.314973482299468,3,86.90691,pakistan,draw_156
Male,1.2907973246204627,3,86.90691,pakistan,draw_156
Female,1.3103301503834304,2,87.01702,pakistan,draw_156
Male,1.3143044547250997,2,87.01702,pakistan,draw_156
Female,1.3124038534848708,3,87.01702,pakistan,draw_156
Male,1.2884779108879245,3,87.01702,pakistan,draw_156
Female,1.3074441082464618,2,87.12713,pakistan,draw_156
Male,1.311601318645946,2,87.12713,pakistan,draw_156
Female,1.3098471450033065,3,87.12713,pakistan,draw_156
Male,1.2861691797104429,3,87.12713,pakistan,draw_156
Female,1.304576408214324,2,87.23724,pakistan,draw_156
Male,1.308914101671619,2,87.23724,pakistan,draw_156
Female,1.3073027227061187,3,87.23724,pakistan,draw_156
Male,1.2838712777218355,3,87.23724,pakistan,draw_156
Female,1.3017274225574893,2,87.34735,pakistan,draw_156
Male,1.30624165608093,2,87.34735,pakistan,draw_156
Female,1.3047705586882592,3,87.34735,pakistan,draw_156
Male,1.2815837430709327,3,87.34735,pakistan,draw_156
Female,1.2988976231374678,2,87.45746,pakistan,draw_156
Male,1.3035849114819982,2,87.45746,pakistan,draw_156
Female,1.3022513590958873,3,87.45746,pakistan,draw_156
Male,1.2793074210530875,3,87.45746,pakistan,draw_156
Female,1.2960863706298256,2,87.56757,pakistan,draw_156
Male,1.3009432213196181,2,87.56757,pakistan,draw_156
Female,1.2997444938794265,3,87.56757,pakistan,draw_156
Male,1.277041993651462,3,87.56757,pakistan,draw_156
Female,1.293294126537288,2,87.67768,pakistan,draw_156
Male,1.2983167721549769,2,87.67768,pakistan,draw_156
Female,1.2972502514234763,3,87.67768,pakistan,draw_156
Male,1.274787316372904,3,87.67768,pakistan,draw_156
Female,1.2905198016264487,2,87.78779,pakistan,draw_156
Male,1.2957052258817092,2,87.78779,pakistan,draw_156
Female,1.2947679614315357,3,87.78779,pakistan,draw_156
Male,1.2725431180297206,3,87.78779,pakistan,draw_156
Female,1.2877636792435032,2,87.8979,pakistan,draw_156
Male,1.2931096402396283,2,87.8979,pakistan,draw_156
Female,1.292297935066022,3,87.8979,pakistan,draw_156
Male,1.270309932239691,3,87.8979,pakistan,draw_156
Female,1.2850257006248873,2,88.00801,pakistan,draw_156
Male,1.290528881235323,2,88.00801,pakistan,draw_156
Female,1.2898405978428975,3,88.00801,pakistan,draw_156
Male,1.2680873781278936,3,88.00801,pakistan,draw_156
Female,1.282305918584246,2,88.11812,pakistan,draw_156
Male,1.2879633982203522,2,88.11812,pakistan,draw_156
Female,1.2873960130901323,3,88.11812,pakistan,draw_156
Male,1.2658758569401576,3,88.11812,pakistan,draw_156
Female,1.2796052017681185,2,88.22823,pakistan,draw_156
Male,1.285413240355015,2,88.22823,pakistan,draw_156
Female,1.2849646927766136,3,88.22823,pakistan,draw_156
Male,1.2636757098857914,3,88.22823,pakistan,draw_156
Female,1.2769236767271872,2,88.33834,pakistan,draw_156
Male,1.2828795426682496,2,88.33834,pakistan,draw_156
Female,1.282546482108441,3,88.33834,pakistan,draw_156
Male,1.2614870343742637,3,88.33834,pakistan,draw_156
Female,1.2742601059873695,2,88.44845,pakistan,draw_156
Male,1.280360207704841,2,88.44845,pakistan,draw_156
Female,1.2801407164164509,3,88.44845,pakistan,draw_156
Male,1.2593088272402988,3,88.44845,pakistan,draw_156
Female,1.2716152133017167,2,88.55856,pakistan,draw_156
Male,1.2778564322718708,2,88.55856,pakistan,draw_156
Female,1.277748246889675,3,88.55856,pakistan,draw_156
Male,1.2571419724084383,3,88.55856,pakistan,draw_156
Female,1.268988555800116,2,88.66867,pakistan,draw_156
Male,1.2753680693402218,2,88.66867,pakistan,draw_156
Female,1.2753688444250293,3,88.66867,pakistan,draw_156
Male,1.254986469724548,3,88.66867,pakistan,draw_156
Female,1.2663828939484383,2,88.77878,pakistan,draw_156
Male,1.2728982973655922,2,88.77878,pakistan,draw_156
Female,1.273004442261912,3,88.77878,pakistan,draw_156
Male,1.2528442980952879,3,88.77878,pakistan,draw_156
Female,1.2637980036898544,2,88.88889,pakistan,draw_156
Male,1.2704462995028203,2,88.88889,pakistan,draw_156
Female,1.2706553782033814,3,88.88889,pakistan,draw_156
Male,1.2507155919390982,3,88.88889,pakistan,draw_156
Female,1.26123443103509,2,88.999,pakistan,draw_156
Male,1.2680130098103721,2,88.999,pakistan,draw_156
Female,1.2683218233446856,3,88.999,pakistan,draw_156
Male,1.2486007966426942,3,88.999,pakistan,draw_156
Female,1.2586920073951802,2,89.10911,pakistan,draw_156
Male,1.2655972139971359,2,89.10911,pakistan,draw_156
Female,1.2660041556732256,3,89.10911,pakistan,draw_156
Male,1.2464997191216012,3,89.10911,pakistan,draw_156
Female,1.2561717534951704,2,89.21922,pakistan,draw_156
Male,1.263201039030892,2,89.21922,pakistan,draw_156
Female,1.2637031454041865,3,89.21922,pakistan,draw_156
Male,1.2444136309237737,3,89.21922,pakistan,draw_156
Female,1.2536729396584563,2,89.32933,pakistan,draw_156
Male,1.2608239342930523,2,89.32933,pakistan,draw_156
Female,1.2614184067104715,3,89.32933,pakistan,draw_156
Male,1.2423421931841203,3,89.32933,pakistan,draw_156
Female,1.2511950815646147,2,89.43944,pakistan,draw_156
Male,1.2584650344619261,2,89.43944,pakistan,draw_156
Female,1.259149480035509,3,89.43944,pakistan,draw_156
Male,1.2402848388296983,3,89.43944,pakistan,draw_156
Female,1.2487393371246651,2,89.54955,pakistan,draw_156
Male,1.2561259623812837,2,89.54955,pakistan,draw_156
Female,1.2568970217788495,3,89.54955,pakistan,draw_156
Male,1.2382427218093706,3,89.54955,pakistan,draw_156
Female,1.2463077470436563,2,89.65966,pakistan,draw_156
Male,1.2538062990114247,2,89.65966,pakistan,draw_156
Female,1.2546630909141918,3,89.65966,pakistan,draw_156
Male,1.2362161009033437,3,89.65966,pakistan,draw_156
Female,1.2438966126461173,2,89.76977,pakistan,draw_156
Male,1.251505314450776,2,89.76977,pakistan,draw_156
Female,1.2524449108936906,3,89.76977,pakistan,draw_156
Male,1.2342041728819528,3,89.76977,pakistan,draw_156
Female,1.241508316805878,2,89.87988,pakistan,draw_156
Male,1.249222832856904,2,89.87988,pakistan,draw_156
Female,1.2502439263406677,3,89.87988,pakistan,draw_156
Male,1.2322068152605428,3,89.87988,pakistan,draw_156
Female,1.2391422957794247,2,89.98999,pakistan,draw_156
Male,1.2469597218161277,2,89.98999,pakistan,draw_156
Female,1.2480597819060413,3,89.98999,pakistan,draw_156
Male,1.2302244491475176,3,89.98999,pakistan,draw_156
Female,1.2367977910326313,2,90.1001,pakistan,draw_156
Male,1.2447151584488896,2,90.1001,pakistan,draw_156
Female,1.2458920512245915,3,90.1001,pakistan,draw_156
Male,1.228256790474718,3,90.1001,pakistan,draw_156
Female,1.2344746388307681,2,90.21021,pakistan,draw_156
Male,1.2424898236574722,2,90.21021,pakistan,draw_156
Female,1.2437407803279563,3,90.21021,pakistan,draw_156
Male,1.2263041917126738,3,90.21021,pakistan,draw_156
Female,1.2321749784964076,2,90.32032,pakistan,draw_156
Male,1.2402834393438915,2,90.32032,pakistan,draw_156
Female,1.2416082481058213,3,90.32032,pakistan,draw_156
Male,1.2243671966846994,3,90.32032,pakistan,draw_156
Female,1.2298962159545936,2,90.43043,pakistan,draw_156
Male,1.2380970934854993,2,90.43043,pakistan,draw_156
Female,1.2394921916518686,3,90.43043,pakistan,draw_156
Male,1.2224458658834818,3,90.43043,pakistan,draw_156
Female,1.227639818028565,2,90.54054,pakistan,draw_156
Male,1.2359293847895692,2,90.54054,pakistan,draw_156
Female,1.2373936973592188,3,90.54054,pakistan,draw_156
Male,1.2205394753336551,3,90.54054,pakistan,draw_156
Female,1.2254051195355469,2,90.65065,pakistan,draw_156
Male,1.2337808941979576,2,90.65065,pakistan,draw_156
Female,1.235312378517693,3,90.65065,pakistan,draw_156
Male,1.2186485755350764,3,90.65065,pakistan,draw_156
Female,1.2231930024699254,2,90.76076,pakistan,draw_156
Male,1.2316512426459796,2,90.76076,pakistan,draw_156
Female,1.23324871397471,3,90.76076,pakistan,draw_156
Male,1.2167728447072348,3,90.76076,pakistan,draw_156
Female,1.2210029559749866,2,90.87087,pakistan,draw_156
Male,1.2295410133308249,2,90.87087,pakistan,draw_156
Female,1.231202542060933,3,90.87087,pakistan,draw_156
Male,1.2149125557824447,3,90.87087,pakistan,draw_156
Female,1.218835578174093,2,90.98098,pakistan,draw_156
Male,1.2274505735846917,2,90.98098,pakistan,draw_156
Female,1.229174865010278,3,90.98098,pakistan,draw_156
Male,1.2130683085647422,3,90.98098,pakistan,draw_156
Female,1.2166910355763154,2,91.09109,pakistan,draw_156
Male,1.225381062164008,2,91.09109,pakistan,draw_156
Female,1.227165584657285,3,91.09109,pakistan,draw_156
Male,1.2112411541815962,3,91.09109,pakistan,draw_156
Female,1.2145680795246006,2,91.2012,pakistan,draw_156
Male,1.2233307036743772,2,91.2012,pakistan,draw_156
Female,1.2251735211664248,3,91.2012,pakistan,draw_156
Male,1.2094294619610764,3,91.2012,pakistan,draw_156
Female,1.2124658671443023,2,91.31131,pakistan,draw_156
Male,1.2212983759135314,2,91.31131,pakistan,draw_156
Female,1.2231981271458487,3,91.31131,pakistan,draw_156
Male,1.207632550984673,3,91.31131,pakistan,draw_156
Female,1.2103847460231527,2,91.42142,pakistan,draw_156
Male,1.2192855128037499,2,91.42142,pakistan,draw_156
Female,1.2212397393624257,3,91.42142,pakistan,draw_156
Male,1.20585118348652,3,91.42142,pakistan,draw_156
Female,1.2083247579958643,2,91.53153,pakistan,draw_156
Male,1.217289966613429,2,91.53153,pakistan,draw_156
Female,1.2192981712711293,3,91.53153,pakistan,draw_156
Male,1.2040842393764402,3,91.53153,pakistan,draw_156
Female,1.2062857239361413,2,91.64164,pakistan,draw_156
Male,1.2153133236155278,2,91.64164,pakistan,draw_156
Female,1.2173733609100192,3,91.64164,pakistan,draw_156
Male,1.202332520023978,3,91.64164,pakistan,draw_156
Female,1.204269464781113,2,91.75175,pakistan,draw_156
Male,1.2133563522305622,2,91.75175,pakistan,draw_156
Female,1.2154675821062213,3,91.75175,pakistan,draw_156
Male,1.2005974539441677,3,91.75175,pakistan,draw_156
Female,1.202274365456128,2,91.86186,pakistan,draw_156
Male,1.2114183581141282,2,91.86186,pakistan,draw_156
Female,1.2135793326546847,3,91.86186,pakistan,draw_156
Male,1.1988780216249018,3,91.86186,pakistan,draw_156
Female,1.200299117139819,2,91.97197,pakistan,draw_156
Male,1.2094986032926571,2,91.97197,pakistan,draw_156
Female,1.211707612932183,3,91.97197,pakistan,draw_156
Male,1.1971734957344664,3,91.97197,pakistan,draw_156
Female,1.198344682778747,2,92.08208,pakistan,draw_156
Male,1.207596396266378,2,92.08208,pakistan,draw_156
Female,1.2098531282275522,3,92.08208,pakistan,draw_156
Male,1.1954834996795616,3,92.08208,pakistan,draw_156
Female,1.1964101394371562,2,92.19219,pakistan,draw_156
Male,1.2057129858372841,2,92.19219,pakistan,draw_156
Female,1.2080151167978461,3,92.19219,pakistan,draw_156
Male,1.1938087649312104,3,92.19219,pakistan,draw_156
Female,1.1944960038817631,2,92.3023,pakistan,draw_156
Male,1.2038469184299236,2,92.3023,pakistan,draw_156
Female,1.2061940074920274,3,92.3023,pakistan,draw_156
Male,1.1921484965104927,3,92.3023,pakistan,draw_156
Female,1.192602664892007,2,92.41241,pakistan,draw_156
Male,1.2020005238905362,2,92.41241,pakistan,draw_156
Female,1.2043904159107925,3,92.41241,pakistan,draw_156
Male,1.1905043496481607,3,92.41241,pakistan,draw_156
Female,1.190730817024608,2,92.52252,pakistan,draw_156
Male,1.2001727229594974,2,92.52252,pakistan,draw_156
Female,1.2026048751397773,3,92.52252,pakistan,draw_156
Male,1.188875876306501,3,92.52252,pakistan,draw_156
Female,1.1888787564631307,2,92.63263,pakistan,draw_156
Male,1.1983630178004037,2,92.63263,pakistan,draw_156
Female,1.2008360259090125,3,92.63263,pakistan,draw_156
Male,1.1872621235725687,3,92.63263,pakistan,draw_156
Female,1.1870456941863388,2,92.74274,pakistan,draw_156
Male,1.196570502589879,2,92.74274,pakistan,draw_156
Female,1.199083189957567,3,92.74274,pakistan,draw_156
Male,1.1856626946797617,3,92.74274,pakistan,draw_156
Female,1.1852318129764714,2,92.85285,pakistan,draw_156
Male,1.1947953143873071,2,92.85285,pakistan,draw_156
Female,1.1973466096890355,3,92.85285,pakistan,draw_156
Male,1.184077690285724,3,92.85285,pakistan,draw_156
Female,1.1834368666277189,2,92.96296,pakistan,draw_156
Male,1.193036102633912,2,92.96296,pakistan,draw_156
Female,1.1956260012724782,3,92.96296,pakistan,draw_156
Male,1.1825064500887195,3,92.96296,pakistan,draw_156
Female,1.1816612507932331,2,93.07307,pakistan,draw_156
Male,1.1912941442181817,2,93.07307,pakistan,draw_156
Female,1.1939217145437298,3,93.07307,pakistan,draw_156
Male,1.1809495925984455,3,93.07307,pakistan,draw_156
Female,1.1799054429567037,2,93.18318,pakistan,draw_156
Male,1.1895714762557452,2,93.18318,pakistan,draw_156
Female,1.1922346974042313,3,93.18318,pakistan,draw_156
Male,1.1794090042697867,3,93.18318,pakistan,draw_156
Female,1.1781688845761933,2,93.29329,pakistan,draw_156
Male,1.1878656566264967,2,93.29329,pakistan,draw_156
Female,1.1905640837761495,3,93.29329,pakistan,draw_156
Male,1.1778826396007758,3,93.29329,pakistan,draw_156
Female,1.1764508262914304,2,93.4034,pakistan,draw_156
Male,1.1861759597898058,2,93.4034,pakistan,draw_156
Female,1.1889090136519391,3,93.4034,pakistan,draw_156
Male,1.176369863884372,3,93.4034,pakistan,draw_156
Female,1.1747511068268062,2,93.51351,pakistan,draw_156
Male,1.1845017679929903,2,93.51351,pakistan,draw_156
Female,1.1872693620786057,3,93.51351,pakistan,draw_156
Male,1.1748704202494504,3,93.51351,pakistan,draw_156
Female,1.1730690820652427,2,93.62362,pakistan,draw_156
Male,1.1828447493824188,2,93.62362,pakistan,draw_156
Female,1.1856449163590013,3,93.62362,pakistan,draw_156
Male,1.1733852124523456,3,93.62362,pakistan,draw_156
Female,1.1714052485490354,2,93.73373,pakistan,draw_156
Male,1.1812034814877936,2,93.73373,pakistan,draw_156
Female,1.1840359893912533,3,93.73373,pakistan,draw_156
Male,1.1719134586174067,3,93.73373,pakistan,draw_156
Female,1.169760641283353,2,93.84384,pakistan,draw_156
Male,1.1795792892765933,2,93.84384,pakistan,draw_156
Female,1.1824436362802972,3,93.84384,pakistan,draw_156
Male,1.1704561980968393,3,93.84384,pakistan,draw_156
Female,1.1681351151332244,2,93.95395,pakistan,draw_156
Male,1.1779714037172007,2,93.95395,pakistan,draw_156
Female,1.1808678422589447,3,93.95395,pakistan,draw_156
Male,1.1690130703899357,3,93.95395,pakistan,draw_156
Female,1.1665263595484023,2,94.06406,pakistan,draw_156
Male,1.1763807107960822,2,94.06406,pakistan,draw_156
Female,1.1793067778837212,3,94.06406,pakistan,draw_156
Male,1.1675840914628541,3,94.06406,pakistan,draw_156
Female,1.164934770146224,2,94.17417,pakistan,draw_156
Male,1.1748051812261928,2,94.17417,pakistan,draw_156
Female,1.177760797430029,3,94.17417,pakistan,draw_156
Male,1.1661681811569578,3,94.17417,pakistan,draw_156
Female,1.1633602377994938,2,94.28428,pakistan,draw_156
Male,1.1732450281455362,2,94.28428,pakistan,draw_156
Female,1.176229737965685,3,94.28428,pakistan,draw_156
Male,1.164765444354815,3,94.28428,pakistan,draw_156
Female,1.1618026637405034,2,94.39439,pakistan,draw_156
Male,1.1717009797403262,2,94.39439,pakistan,draw_156
Female,1.1747135425163722,3,94.39439,pakistan,draw_156
Male,1.1633762754572925,3,94.39439,pakistan,draw_156
Female,1.1602623272354775,2,94.5045,pakistan,draw_156
Male,1.170172444034661,2,94.5045,pakistan,draw_156
Female,1.173212282589792,3,94.5045,pakistan,draw_156
Male,1.1620004472451633,3,94.5045,pakistan,draw_156
Female,1.1587410132102927,2,94.61461,pakistan,draw_156
Male,1.1686614693766149,2,94.61461,pakistan,draw_156
Female,1.1717279055404928,3,94.61461,pakistan,draw_156
Male,1.1606400355070567,3,94.61461,pakistan,draw_156
Female,1.1572364974562694,2,94.72472,pakistan,draw_156
Male,1.1671656189322055,2,94.72472,pakistan,draw_156
Female,1.1702584704095516,3,94.72472,pakistan,draw_156
Male,1.1592928105738929,3,94.72472,pakistan,draw_156
Female,1.1557491954116166,2,94.83483,pakistan,draw_156
Male,1.1656857399227345,2,94.83483,pakistan,draw_156
Female,1.1688042436161599,3,94.83483,pakistan,draw_156
Male,1.1579591413936123,3,94.83483,pakistan,draw_156
Female,1.1542787281547706,2,94.94494,pakistan,draw_156
Male,1.1642207931280966,2,94.94494,pakistan,draw_156
Female,1.1673648359153763,3,94.94494,pakistan,draw_156
Male,1.156638593279558,3,94.94494,pakistan,draw_156
Female,1.1528246270062366,2,95.05506,pakistan,draw_156
Male,1.1627706482857738,2,95.05506,pakistan,draw_156
Female,1.165939958447985,3,95.05506,pakistan,draw_156
Male,1.1553310393285559,3,95.05506,pakistan,draw_156
Female,1.151387239564089,2,95.16517,pakistan,draw_156
Male,1.1613358033197825,2,95.16517,pakistan,draw_156
Female,1.1645298323334075,3,95.16517,pakistan,draw_156
Male,1.1540367419529385,3,95.16517,pakistan,draw_156
Female,1.1499669740519205,2,95.27528,pakistan,draw_156
Male,1.1599169180752376,2,95.27528,pakistan,draw_156
Female,1.1631352350050375,3,95.27528,pakistan,draw_156
Male,1.1527564628548441,3,95.27528,pakistan,draw_156
Female,1.1485646928600373,2,95.38539,pakistan,draw_156
Male,1.158513853127961,2,95.38539,pakistan,draw_156
Female,1.1617567394378465,3,95.38539,pakistan,draw_156
Male,1.151490177366681,3,95.38539,pakistan,draw_156
Female,1.1471780620595582,2,95.4955,pakistan,draw_156
Male,1.1571256129567746,2,95.4955,pakistan,draw_156
Female,1.1603922711510413,3,95.4955,pakistan,draw_156
Male,1.1502367326409095,3,95.4955,pakistan,draw_156
Female,1.14580752186351,2,95.60561,pakistan,draw_156
Male,1.1557522962935078,2,95.60561,pakistan,draw_156
Female,1.159042131416031,3,95.60561,pakistan,draw_156
Male,1.1489962349733138,3,95.60561,pakistan,draw_156
Female,1.1444528306827244,2,95.71572,pakistan,draw_156
Male,1.1543924393999896,2,95.71572,pakistan,draw_156
Female,1.157706250534158,3,95.71572,pakistan,draw_156
Male,1.1477679044058935,3,95.71572,pakistan,draw_156
Female,1.143113489931196,2,95.82583,pakistan,draw_156
Male,1.1530482044592893,2,95.82583,pakistan,draw_156
Female,1.156384359603518,3,95.82583,pakistan,draw_156
Male,1.1465529612439314,3,95.82583,pakistan,draw_156
Female,1.1417893595887283,2,95.93594,pakistan,draw_156
Male,1.151717226939219,2,95.93594,pakistan,draw_156
Female,1.1550761979828719,3,95.93594,pakistan,draw_156
Male,1.1453499776454406,3,95.93594,pakistan,draw_156
Female,1.1404831551775199,2,96.04605,pakistan,draw_156
Male,1.1504024419049053,2,96.04605,pakistan,draw_156
Female,1.153784420759701,3,96.04605,pakistan,draw_156
Male,1.144161583038836,3,96.04605,pakistan,draw_156
Female,1.1391925514366612,2,96.15616,pakistan,draw_156
Male,1.1491021327554185,2,96.15616,pakistan,draw_156
Female,1.1525066591145745,3,96.15616,pakistan,draw_156
Male,1.1429858126569745,3,96.15616,pakistan,draw_156
Female,1.137917023383331,2,96.26627,pakistan,draw_156
Male,1.1478158670158598,2,96.26627,pakistan,draw_156
Female,1.1512425436498706,3,96.26627,pakistan,draw_156
Male,1.1418224051187,3,96.26627,pakistan,draw_156
Female,1.1366561431544069,2,96.37638,pakistan,draw_156
Male,1.1465424376818443,2,96.37638,pakistan,draw_156
Female,1.1499917847021113,3,96.37638,pakistan,draw_156
Male,1.1406707231745772,3,96.37638,pakistan,draw_156
Female,1.1354104319993166,2,96.48649,pakistan,draw_156
Male,1.1452825735665233,2,96.48649,pakistan,draw_156
Female,1.1487547565699059,3,96.48649,pakistan,draw_156
Male,1.139531200367577,3,96.48649,pakistan,draw_156
Female,1.1341790195437607,2,96.5966,pakistan,draw_156
Male,1.1440373257745888,2,96.5966,pakistan,draw_156
Female,1.1475308697346922,3,96.5966,pakistan,draw_156
Male,1.138404255322046,3,96.5966,pakistan,draw_156
Female,1.1329630120233176,2,96.70671,pakistan,draw_156
Male,1.1428057209852631,2,96.70671,pakistan,draw_156
Female,1.1463213623319217,3,96.70671,pakistan,draw_156
Male,1.137289863340885,3,96.70671,pakistan,draw_156
Female,1.1317629149346753,2,96.81682,pakistan,draw_156
Male,1.1415894208986868,2,96.81682,pakistan,draw_156
Female,1.1451265591673003,3,96.81682,pakistan,draw_156
Male,1.1361888785949044,3,96.81682,pakistan,draw_156
Female,1.1305772112483314,2,96.92693,pakistan,draw_156
Male,1.1403856670656976,2,96.92693,pakistan,draw_156
Female,1.1439448736600966,3,96.92693,pakistan,draw_156
Male,1.1350992769800616,3,96.92693,pakistan,draw_156
Female,1.1294054963439173,2,97.03704,pakistan,draw_156
Male,1.139195710015179,2,97.03704,pakistan,draw_156
Female,1.1427759859971156,3,97.03704,pakistan,draw_156
Male,1.1340218115235934,3,97.03704,pakistan,draw_156
Female,1.1282479734118513,2,97.14715,pakistan,draw_156
Male,1.138018254146049,2,97.14715,pakistan,draw_156
Female,1.1416202711042787,3,97.14715,pakistan,draw_156
Male,1.1329556926903088,3,97.14715,pakistan,draw_156
Female,1.1271043166734915,2,97.25726,pakistan,draw_156
Male,1.1368543211889608,2,97.25726,pakistan,draw_156
Female,1.1404774467489496,3,97.25726,pakistan,draw_156
Male,1.1319014455238057,3,97.25726,pakistan,draw_156
Female,1.1259745497014524,2,97.36737,pakistan,draw_156
Male,1.1357035304148186,2,97.36737,pakistan,draw_156
Female,1.1393473375857113,3,97.36737,pakistan,draw_156
Male,1.1308589167033332,3,97.36737,pakistan,draw_156
Female,1.1248609999455472,2,97.47748,pakistan,draw_156
Male,1.13456684228213,2,97.47748,pakistan,draw_156
Female,1.138232452533202,3,97.47748,pakistan,draw_156
Male,1.1298294902243564,3,97.47748,pakistan,draw_156
Female,1.1237609868112164,2,97.58759,pakistan,draw_156
Male,1.1334439677038355,2,97.58759,pakistan,draw_156
Female,1.1371301969045908,3,97.58759,pakistan,draw_156
Male,1.1288120838876146,3,97.58759,pakistan,draw_156
Female,1.1226743307641727,2,97.6977,pakistan,draw_156
Male,1.132333703952611,2,97.6977,pakistan,draw_156
Female,1.1360404751314728,3,97.6977,pakistan,draw_156
Male,1.1278060358492192,3,97.6977,pakistan,draw_156
Female,1.121600585157311,2,97.80781,pakistan,draw_156
Male,1.1312350358631602,2,97.80781,pakistan,draw_156
Female,1.1349629322331019,3,97.80781,pakistan,draw_156
Male,1.1268107478126228,3,97.80781,pakistan,draw_156
Female,1.1205405189762132,2,97.91792,pakistan,draw_156
Male,1.1301497737688078,2,97.91792,pakistan,draw_156
Female,1.1338982291347686,3,97.91792,pakistan,draw_156
Male,1.125827207490973,3,97.91792,pakistan,draw_156
Female,1.119492897525927,2,98.02803,pakistan,draw_156
Male,1.1290758189280004,2,98.02803,pakistan,draw_156
Female,1.1328454851248977,3,98.02803,pakistan,draw_156
Male,1.1248541894597646,3,98.02803,pakistan,draw_156
Female,1.1184596913590894,2,98.13814,pakistan,draw_156
Male,1.1280159969204746,2,98.13814,pakistan,draw_156
Female,1.1318065546434166,3,98.13814,pakistan,draw_156
Male,1.12389378358468,3,98.13814,pakistan,draw_156
Female,1.1174402780435495,2,98.24825,pakistan,draw_156
Male,1.1269694635073668,2,98.24825,pakistan,draw_156
Female,1.1307808253030853,3,98.24825,pakistan,draw_156
Male,1.122945436745716,3,98.24825,pakistan,draw_156
Female,1.116433622787558,2,98.35836,pakistan,draw_156
Male,1.1259341869890793,2,98.35836,pakistan,draw_156
Female,1.1297670935733986,3,98.35836,pakistan,draw_156
Male,1.1220076108139272,3,98.35836,pakistan,draw_156
Female,1.1154401423631788,2,98.46847,pakistan,draw_156
Male,1.1249114281268466,2,98.46847,pakistan,draw_156
Female,1.1287657745304724,3,98.46847,pakistan,draw_156
Male,1.1210809698987076,3,98.46847,pakistan,draw_156
Female,1.114458965600786,2,98.57858,pakistan,draw_156
Male,1.1239010100459381,2,98.57858,pakistan,draw_156
Female,1.127776336107267,3,98.57858,pakistan,draw_156
Male,1.1201654070721567,3,98.57858,pakistan,draw_156
Female,1.1134902391335655,2,98.68869,pakistan,draw_156
Male,1.1229016231414668,2,98.68869,pakistan,draw_156
Female,1.1267988651960708,3,98.68869,pakistan,draw_156
Male,1.1192602113077679,3,98.68869,pakistan,draw_156
Female,1.1125338418952515,2,98.7988,pakistan,draw_156
Male,1.121913977833415,2,98.7988,pakistan,draw_156
Female,1.1258333830507827,3,98.7988,pakistan,draw_156
Male,1.1183658409233337,3,98.7988,pakistan,draw_156
Female,1.1115915649012857,2,98.90891,pakistan,draw_156
Male,1.1209402859177535,2,98.90891,pakistan,draw_156
Female,1.124881737296825,3,98.90891,pakistan,draw_156
Male,1.1174842466385653,3,98.90891,pakistan,draw_156
Female,1.1106612507613025,2,99.01902,pakistan,draw_156
Male,1.1199772639839485,2,99.01902,pakistan,draw_156
Female,1.1239416406527771,3,99.01902,pakistan,draw_156
Male,1.1166127613885002,3,99.01902,pakistan,draw_156
Female,1.1097432875088207,2,99.12913,pakistan,draw_156
Male,1.1190264770609784,2,99.12913,pakistan,draw_156
Female,1.123013425960972,3,99.12913,pakistan,draw_156
Male,1.1157522430297708,3,99.12913,pakistan,draw_156
Female,1.1088372530874424,2,99.23924,pakistan,draw_156
Male,1.1180861875467274,2,99.23924,pakistan,draw_156
Female,1.1220968043009414,3,99.23924,pakistan,draw_156
Male,1.1149015993332765,3,99.23924,pakistan,draw_156
Female,1.107942754503213,2,99.34935,pakistan,draw_156
Male,1.1171576078103294,2,99.34935,pakistan,draw_156
Female,1.1211913215863112,3,99.34935,pakistan,draw_156
Male,1.1140615704775934,3,99.34935,pakistan,draw_156
Female,1.1070603670936514,2,99.45946,pakistan,draw_156
Male,1.1162400612781955,2,99.45946,pakistan,draw_156
Female,1.1202975693785013,3,99.45946,pakistan,draw_156
Male,1.1132317272121135,3,99.45946,pakistan,draw_156
Female,1.1061905475283167,2,99.56957,pakistan,draw_156
Male,1.1153351969288872,2,99.56957,pakistan,draw_156
Female,1.1194162559298593,3,99.56957,pakistan,draw_156
Male,1.1124134987430068,3,99.56957,pakistan,draw_156
Female,1.1053334179842,2,99.67968,pakistan,draw_156
Male,1.1144415672476093,2,99.67968,pakistan,draw_156
Female,1.118547210546358,3,99.67968,pakistan,draw_156
Male,1.1116059041406878,3,99.67968,pakistan,draw_156
Female,1.1044879427458656,2,99.78979,pakistan,draw_156
Male,1.1135596346006238,2,99.78979,pakistan,draw_156
Female,1.1176895171470487,3,99.78979,pakistan,draw_156
Male,1.1108088495387332,3,99.78979,pakistan,draw_156
Female,1.1036536616526942,2,99.8999,pakistan,draw_156
Male,1.1126879197911896,2,99.8999,pakistan,draw_156
Female,1.116842888080431,3,99.8999,pakistan,draw_156
Male,1.1100214937436899,3,99.8999,pakistan,draw_156
Female,1.1028311594236484,2,100.01001,pakistan,draw_156
Male,1.111827195852542,2,100.01001,pakistan,draw_156
Female,1.1160076552380367,3,100.01001,pakistan,draw_156
Male,1.1092442645562148,3,100.01001,pakistan,draw_156
Female,1.1020194055237162,2,100.12012,pakistan,draw_156
Male,1.1109769346598086,2,100.12012,pakistan,draw_156
Female,1.1151829751082993,3,100.12012,pakistan,draw_156
Male,1.1084768336611923,3,100.12012,pakistan,draw_156
Female,1.1012186972679037,2,100.23023,pakistan,draw_156
Male,1.1101378730719267,2,100.23023,pakistan,draw_156
Female,1.1143691016204014,3,100.23023,pakistan,draw_156
Male,1.1077195486593754,3,100.23023,pakistan,draw_156
Female,1.1004289395568585,2,100.34034,pakistan,draw_156
Male,1.1093080912929496,2,100.34034,pakistan,draw_156
Female,1.1135659193724579,3,100.34034,pakistan,draw_156
Male,1.1069712042345345,3,100.34034,pakistan,draw_156
Female,1.0996477896332864,2,100.45045,pakistan,draw_156
Male,1.1084863713072424,2,100.45045,pakistan,draw_156
Female,1.1127710765736227,3,100.45045,pakistan,draw_156
Male,1.1062304016347768,3,100.45045,pakistan,draw_156
Female,1.0988748628771479,2,100.56056,pakistan,draw_156
Male,1.1076731814060434,2,100.56056,pakistan,draw_156
Female,1.111984229340184,3,100.56056,pakistan,draw_156
Male,1.10549725341045,3,100.56056,pakistan,draw_156
Female,1.0981104383831257,2,100.67067,pakistan,draw_156
Male,1.1068678650901624,2,100.67067,pakistan,draw_156
Female,1.1112055842779305,3,100.67067,pakistan,draw_156
Male,1.1047712915007353,3,100.67067,pakistan,draw_156
Female,1.0973529926253554,2,100.78078,pakistan,draw_156
Male,1.1060697488186404,2,100.78078,pakistan,draw_156
Female,1.110433778004287,3,100.78078,pakistan,draw_156
Male,1.104052017386995,3,100.78078,pakistan,draw_156
Female,1.09660387188416,2,100.89089,pakistan,draw_156
Male,1.1052787804144157,2,100.89089,pakistan,draw_156
Female,1.109669919831636,3,100.89089,pakistan,draw_156
Male,1.1033393469197714,3,100.89089,pakistan,draw_156
Female,1.0958630295955163,2,101.001,pakistan,draw_156
Male,1.1044955497519149,2,101.001,pakistan,draw_156
Female,1.1089140922081462,3,101.001,pakistan,draw_156
Male,1.102633972560758,3,101.001,pakistan,draw_156
Female,1.095130413387334,2,101.11111,pakistan,draw_156
Male,1.1037204691859188,2,101.11111,pakistan,draw_156
Female,1.1081662063082,3,101.11111,pakistan,draw_156
Male,1.1019358518874163,3,101.11111,pakistan,draw_156
Female,1.0944046067053916,2,101.22122,pakistan,draw_156
Male,1.1029525356348835,2,101.22122,pakistan,draw_156
Female,1.107424976041543,3,101.22122,pakistan,draw_156
Male,1.1012441376931674,3,101.22122,pakistan,draw_156
Female,1.0936860254799237,2,101.33133,pakistan,draw_156
Male,1.1021903357701792,2,101.33133,pakistan,draw_156
Female,1.1066906012062774,3,101.33133,pakistan,draw_156
Male,1.1005579508447616,3,101.33133,pakistan,draw_156
Female,1.0929738366872204,2,101.44144,pakistan,draw_156
Male,1.1014354519169156,2,101.44144,pakistan,draw_156
Female,1.105962477191282,3,101.44144,pakistan,draw_156
Male,1.0998780681349736,3,101.44144,pakistan,draw_156
Female,1.0922677890476848,2,101.55155,pakistan,draw_156
Male,1.1006861099884497,2,101.55155,pakistan,draw_156
Female,1.1052403599860525,3,101.55155,pakistan,draw_156
Male,1.0992034001012865,3,101.55155,pakistan,draw_156
Female,1.0915682229356871,2,101.66166,pakistan,draw_156
Male,1.099942999076778,2,101.66166,pakistan,draw_156
Female,1.1045245382901983,3,101.66166,pakistan,draw_156
Male,1.0985344170689035,3,101.66166,pakistan,draw_156
Female,1.090875711028258,2,101.77177,pakistan,draw_156
Male,1.0992060112714181,2,101.77177,pakistan,draw_156
Female,1.1038157076574702,3,101.77177,pakistan,draw_156
Male,1.0978713650223093,3,101.77177,pakistan,draw_156
Female,1.0901891045568033,2,101.88188,pakistan,draw_156
Male,1.0984761040842597,2,101.88188,pakistan,draw_156
Female,1.1031127176155577,3,101.88188,pakistan,draw_156
Male,1.0972143856527004,3,101.88188,pakistan,draw_156
Female,1.0895090896832431,2,101.99199,pakistan,draw_156
Male,1.097751763269443,2,101.99199,pakistan,draw_156
Female,1.1024160276157948,3,101.99199,pakistan,draw_156
Male,1.0965625583519982,3,101.99199,pakistan,draw_156
Female,1.0888344944974986,2,102.1021,pakistan,draw_156
Male,1.0970333306361932,2,102.1021,pakistan,draw_156
Female,1.1017246368555205,3,102.1021,pakistan,draw_156
Male,1.0959160066088718,3,102.1021,pakistan,draw_156
Female,1.088165000675243,2,102.21221,pakistan,draw_156
Male,1.0963191529373517,2,102.21221,pakistan,draw_156
Female,1.101038085994128,3,102.21221,pakistan,draw_156
Male,1.0952735511770815,3,102.21221,pakistan,draw_156
Female,1.087499780884921,2,102.32232,pakistan,draw_156
Male,1.095609768427726,2,102.32232,pakistan,draw_156
Female,1.1003554957292474,3,102.32232,pakistan,draw_156
Male,1.0946349971385996,3,102.32232,pakistan,draw_156
Female,1.0868390351997168,2,102.43243,pakistan,draw_156
Male,1.094904148914969,2,102.43243,pakistan,draw_156
Female,1.0996771061036084,3,102.43243,pakistan,draw_156
Male,1.0939999297701661,3,102.43243,pakistan,draw_156
Female,1.0861819903959808,2,102.54254,pakistan,draw_156
Male,1.0942023749252254,2,102.54254,pakistan,draw_156
Female,1.0990022886873647,3,102.54254,pakistan,draw_156
Male,1.0933683216685366,3,102.54254,pakistan,draw_156
Female,1.0855289756378965,2,102.65265,pakistan,draw_156
Male,1.0935051421557902,2,102.65265,pakistan,draw_156
Female,1.0983313229079432,3,102.65265,pakistan,draw_156
Male,1.0927404567536982,3,102.65265,pakistan,draw_156
Female,1.0848798740364394,2,102.76276,pakistan,draw_156
Male,1.0928111748352858,2,102.76276,pakistan,draw_156
Female,1.09766405407866,3,102.76276,pakistan,draw_156
Male,1.0921156213149772,3,102.76276,pakistan,draw_156
Female,1.0842350958573306,2,102.87287,pakistan,draw_156
Male,1.092121171372655,2,102.87287,pakistan,draw_156
Female,1.0970007652310365,3,102.87287,pakistan,draw_156
Male,1.091494202549573,3,102.87287,pakistan,draw_156
Female,1.0835938558147398,2,102.98298,pakistan,draw_156
Male,1.0914353918027868,2,102.98298,pakistan,draw_156
Female,1.0963408797396088,3,102.98298,pakistan,draw_156
Male,1.0908763768242038,3,102.98298,pakistan,draw_156
Female,1.0829567863227723,2,103.09309,pakistan,draw_156
Male,1.0907529444668504,2,103.09309,pakistan,draw_156
Female,1.0956848929193619,3,103.09309,pakistan,draw_156
Male,1.0902616837689219,3,103.09309,pakistan,draw_156
Female,1.0823235802001645,2,103.2032,pakistan,draw_156
Male,1.0900755542774143,2,103.2032,pakistan,draw_156
Female,1.0950326765986782,3,103.2032,pakistan,draw_156
Male,1.0896512679536257,3,103.2032,pakistan,draw_156
Female,1.0816949396344875,2,103.31331,pakistan,draw_156
Male,1.0894011923785414,2,103.31331,pakistan,draw_156
Female,1.0943846667665285,3,103.31331,pakistan,draw_156
Male,1.0890437540189668,3,103.31331,pakistan,draw_156
Female,1.0810693334663668,2,103.42342,pakistan,draw_156
Male,1.0887300304598493,2,103.42342,pakistan,draw_156
Female,1.0937395472823994,3,103.42342,pakistan,draw_156
Male,1.088439078198688,3,103.42342,pakistan,draw_156
Female,1.0804469377316048,2,103.53353,pakistan,draw_156
Male,1.0880619576385695,2,103.53353,pakistan,draw_156
Female,1.093097313825399,3,103.53353,pakistan,draw_156
Male,1.0878370029091649,3,103.53353,pakistan,draw_156
Female,1.0798275631546024,2,103.64364,pakistan,draw_156
Male,1.087397050889067,2,103.64364,pakistan,draw_156
Female,1.0924578526792736,3,103.64364,pakistan,draw_156
Male,1.087237484661445,3,103.64364,pakistan,draw_156
Female,1.079210644539635,2,103.75375,pakistan,draw_156
Male,1.086735250250876,2,103.75375,pakistan,draw_156
Female,1.091820728149541,3,103.75375,pakistan,draw_156
Male,1.0866404950811182,3,103.75375,pakistan,draw_156
Female,1.078597212738299,2,103.86386,pakistan,draw_156
Male,1.086075977212958,2,103.86386,pakistan,draw_156
Female,1.0911867229734844,3,103.86386,pakistan,draw_156
Male,1.0860458321228257,3,103.86386,pakistan,draw_156
Female,1.0779865617318454,2,103.97397,pakistan,draw_156
Male,1.085419600921797,2,103.97397,pakistan,draw_156
Female,1.0905553056181945,3,103.97397,pakistan,draw_156
Male,1.0854536431291955,3,103.97397,pakistan,draw_156
Female,1.0773786034870754,2,104.08408,pakistan,draw_156
Male,1.084766481943063,2,104.08408,pakistan,draw_156
Female,1.0899264049865978,3,104.08408,pakistan,draw_156
Male,1.0848641422491438,3,104.08408,pakistan,draw_156
Female,1.0767732660161156,2,104.19419,pakistan,draw_156
Male,1.0841151916074316,2,104.19419,pakistan,draw_156
Female,1.089299976088208,3,104.19419,pakistan,draw_156
Male,1.084276466556484,3,104.19419,pakistan,draw_156
Female,1.0761706527263715,2,104.3043,pakistan,draw_156
Male,1.0834668133195444,2,104.3043,pakistan,draw_156
Female,1.088676032205983,3,104.3043,pakistan,draw_156
Male,1.083691245033949,3,104.3043,pakistan,draw_156
Female,1.0755707683685543,2,104.41441,pakistan,draw_156
Male,1.0828217877888973,2,104.41441,pakistan,draw_156
Female,1.0880545739045726,3,104.41441,pakistan,draw_156
Male,1.0831087093412564,3,104.41441,pakistan,draw_156
Female,1.0749739653647783,2,104.52452,pakistan,draw_156
Male,1.0821791562998702,2,104.52452,pakistan,draw_156
Female,1.0874358806978492,3,104.52452,pakistan,draw_156
Male,1.082528347240737,3,104.52452,pakistan,draw_156
Female,1.0743801732158182,2,104.63463,pakistan,draw_156
Male,1.0815391864975137,2,104.63463,pakistan,draw_156
Female,1.0868199691297387,3,104.63463,pakistan,draw_156
Male,1.0819503691895531,3,104.63463,pakistan,draw_156
Female,1.073789106752176,2,104.74474,pakistan,draw_156
Male,1.0809023404899716,2,104.74474,pakistan,draw_156
Female,1.0862065080726389,3,104.74474,pakistan,draw_156
Male,1.081374908734643,3,104.74474,pakistan,draw_156
Female,1.0732005971631116,2,104.85485,pakistan,draw_156
Male,1.0802677855722882,2,104.85485,pakistan,draw_156
Female,1.0855954049824603,3,104.85485,pakistan,draw_156
Male,1.0808015291564774,3,104.85485,pakistan,draw_156
Female,1.0726150190052937,2,104.96496,pakistan,draw_156
Male,1.0796365799226921,2,104.96496,pakistan,draw_156
Female,1.084986941396751,3,104.96496,pakistan,draw_156
Male,1.080230768256687,3,104.96496,pakistan,draw_156
Female,1.0720312373198801,2,105.07508,pakistan,draw_156
Male,1.0790061203016807,2,105.07508,pakistan,draw_156
Female,1.0843800910994186,3,105.07508,pakistan,draw_156
Male,1.0796609350302466,3,105.07508,pakistan,draw_156
Female,1.071449032692618,2,105.18519,pakistan,draw_156
Male,1.0783780108757486,2,105.18519,pakistan,draw_156
Female,1.0837746395227088,3,105.18519,pakistan,draw_156
Male,1.079092818197054,3,105.18519,pakistan,draw_156
Female,1.070868799692594,2,105.2953,pakistan,draw_156
Male,1.0777514012814862,2,105.2953,pakistan,draw_156
Female,1.0831708950189542,3,105.2953,pakistan,draw_156
Male,1.078525926093388,3,105.2953,pakistan,draw_156
Female,1.0702907353416862,2,105.40541,pakistan,draw_156
Male,1.077127424408125,2,105.40541,pakistan,draw_156
Female,1.082568964273761,3,105.40541,pakistan,draw_156
Male,1.0779608479930258,3,105.40541,pakistan,draw_156
Female,1.0697135412663297,2,105.51552,pakistan,draw_156
Male,1.0765047998158375,2,105.51552,pakistan,draw_156
Female,1.0819678132155452,3,105.51552,pakistan,draw_156
Male,1.077396848836527,3,105.51552,pakistan,draw_156
Female,1.0691385158097602,2,105.62563,pakistan,draw_156
Male,1.0758831460214917,2,105.62563,pakistan,draw_156
Female,1.0813683347336986,3,105.62563,pakistan,draw_156
Male,1.076833637417487,3,105.62563,pakistan,draw_156
Female,1.0685643318694673,2,105.73574,pakistan,draw_156
Male,1.0752625855042812,2,105.73574,pakistan,draw_156
Female,1.0807694714053175,3,105.73574,pakistan,draw_156
Male,1.0762711736810504,3,105.73574,pakistan,draw_156
Female,1.0679912652678367,2,105.84585,pakistan,draw_156
Male,1.0746433465889569,2,105.84585,pakistan,draw_156
Female,1.0801713546944132,3,105.84585,pakistan,draw_156
Male,1.0757095322551329,3,105.84585,pakistan,draw_156
Female,1.0674191885922426,2,105.95596,pakistan,draw_156
Male,1.074025250656066,2,105.95596,pakistan,draw_156
Female,1.079573890196143,3,105.95596,pakistan,draw_156
Male,1.0751486014401195,3,105.95596,pakistan,draw_156
Female,1.06684857999535,2,106.06607,pakistan,draw_156
Male,1.0734084578874927,2,106.06607,pakistan,draw_156
Female,1.0789774218405845,3,106.06607,pakistan,draw_156
Male,1.0745885044845978,3,106.06607,pakistan,draw_156
Female,1.0662789741086056,2,106.17618,pakistan,draw_156
Male,1.0727924234788888,2,106.17618,pakistan,draw_156
Female,1.0783816517220282,3,106.17618,pakistan,draw_156
Male,1.0740289113835153,3,106.17618,pakistan,draw_156
Female,1.0657103431413992,2,106.28629,pakistan,draw_156
Male,1.0721777988481827,2,106.28629,pakistan,draw_156
Female,1.0777865286398771,3,106.28629,pakistan,draw_156
Male,1.0734701818781391,3,106.28629,pakistan,draw_156
Female,1.0651426572654978,2,106.3964,pakistan,draw_156
Male,1.0715638448006375,2,106.3964,pakistan,draw_156
Female,1.0771920440702865,3,106.3964,pakistan,draw_156
Male,1.0729119090442136,3,106.3964,pakistan,draw_156
Female,1.0645762640714695,2,106.50651,pakistan,draw_156
Male,1.0709512217754107,2,106.50651,pakistan,draw_156
Female,1.0765984576169307,3,106.50651,pakistan,draw_156
Male,1.0723544346428304,3,106.50651,pakistan,draw_156
Female,1.064010473163862,2,106.61662,pakistan,draw_156
Male,1.0703395972827447,2,106.61662,pakistan,draw_156
Female,1.0760052132832048,3,106.61662,pakistan,draw_156
Male,1.0717975664486066,3,106.61662,pakistan,draw_156
Female,1.0634461490006508,2,106.72673,pakistan,draw_156
Male,1.069729146617753,2,106.72673,pakistan,draw_156
Female,1.0754129622279665,3,106.72673,pakistan,draw_156
Male,1.071241443575497,3,106.72673,pakistan,draw_156
Female,1.0628824464840236,2,106.83684,pakistan,draw_156
Male,1.0691196384828008,2,106.83684,pakistan,draw_156
Female,1.0748210574024293,3,106.83684,pakistan,draw_156
Male,1.0706859282292756,3,106.83684,pakistan,draw_156
Female,1.0623203191734105,2,106.94695,pakistan,draw_156
Male,1.0685107477564122,2,106.94695,pakistan,draw_156
Female,1.0742302307026217,3,106.94695,pakistan,draw_156
Male,1.070130828721678,3,106.94695,pakistan,draw_156
Female,1.061759078847479,2,107.05706,pakistan,draw_156
Male,1.06790314804737,2,107.05706,pakistan,draw_156
Female,1.0736399250912552,3,107.05706,pakistan,draw_156
Male,1.069576551552436,3,107.05706,pakistan,draw_156
Female,1.0611987875887323,2,107.16717,pakistan,draw_156
Male,1.0672966118578902,2,107.16717,pakistan,draw_156
Female,1.0730502417071224,3,107.16717,pakistan,draw_156
Male,1.0690229564004317,3,107.16717,pakistan,draw_156
Female,1.0606396231612956,2,107.27728,pakistan,draw_156
Male,1.0666917878565287,2,107.27728,pakistan,draw_156
Female,1.0724613979732895,3,107.27728,pakistan,draw_156
Male,1.068470419431089,3,107.27728,pakistan,draw_156
Female,1.0600816511196405,2,107.38739,pakistan,draw_156
Male,1.0660871883133747,2,107.38739,pakistan,draw_156
Female,1.0718733815482941,3,107.38739,pakistan,draw_156
Male,1.067918067922218,3,107.38739,pakistan,draw_156
Female,1.059524363619621,2,107.4975,pakistan,draw_156
Male,1.065484148014102,2,107.4975,pakistan,draw_156
Female,1.0712857061980667,3,107.4975,pakistan,draw_156
Male,1.0673666882264514,3,107.4975,pakistan,draw_156
Female,1.0589684997576052,2,107.60761,pakistan,draw_156
Male,1.0648817462320053,2,107.60761,pakistan,draw_156
Female,1.0706990647624,3,107.60761,pakistan,draw_156
Male,1.0668157581185456,3,107.60761,pakistan,draw_156
Female,1.0584132518815534,2,107.71772,pakistan,draw_156
Male,1.0642806524177355,2,107.71772,pakistan,draw_156
Female,1.0701127869484417,3,107.71772,pakistan,draw_156
Male,1.0662656539886866,3,107.71772,pakistan,draw_156
Female,1.0578594725217756,2,107.82783,pakistan,draw_156
Male,1.0636802138827748,2,107.82783,pakistan,draw_156
Female,1.0695275356962075,3,107.82783,pakistan,draw_156
Male,1.0657159902230802,3,107.82783,pakistan,draw_156
Female,1.0573070033224585,2,107.93794,pakistan,draw_156
Male,1.0630813952928055,2,107.93794,pakistan,draw_156
Female,1.0689431862185579,3,107.93794,pakistan,draw_156
Male,1.065167329500536,3,107.93794,pakistan,draw_156
Female,1.0567549787705344,2,108.04805,pakistan,draw_156
Male,1.0624832632501149,2,108.04805,pakistan,draw_156
Female,1.068359100599434,3,108.04805,pakistan,draw_156
Male,1.0646191213410328,3,108.04805,pakistan,draw_156
Female,1.0562045953008419,2,108.15816,pakistan,draw_156
Male,1.0618861339051373,2,108.15816,pakistan,draw_156
Female,1.067776207195805,3,108.15816,pakistan,draw_156
Male,1.0640715501112685,3,108.15816,pakistan,draw_156
Female,1.0556548141858215,2,108.26827,pakistan,draw_156
Male,1.0612905083494675,2,108.26827,pakistan,draw_156
Female,1.067193631319135,3,108.26827,pakistan,draw_156
Male,1.0635248986411177,3,108.26827,pakistan,draw_156
Female,1.055106304893056,2,108.37838,pakistan,draw_156
Male,1.0606958313177581,2,108.37838,pakistan,draw_156
Female,1.066611942308837,3,108.37838,pakistan,draw_156
Male,1.0629788443518953,3,108.37838,pakistan,draw_156
Female,1.0545588884285138,2,108.48849,pakistan,draw_156
Male,1.0601020014557703,2,108.48849,pakistan,draw_156
Female,1.0660310133729736,3,108.48849,pakistan,draw_156
Male,1.0624333482935364,3,108.48849,pakistan,draw_156
Female,1.054011909999216,2,108.5986,pakistan,draw_156
Male,1.0595088159838535,2,108.5986,pakistan,draw_156
Female,1.0654503579321615,3,108.5986,pakistan,draw_156
Male,1.0618882927966224,3,108.5986,pakistan,draw_156
Female,1.0534665402243937,2,108.70871,pakistan,draw_156
Male,1.0589173753441101,2,108.70871,pakistan,draw_156
Female,1.0648708558832118,3,108.70871,pakistan,draw_156
Male,1.06134435474577,3,108.70871,pakistan,draw_156
Female,1.0529223246465833,2,108.81882,pakistan,draw_156
Male,1.0583264506156198,2,108.81882,pakistan,draw_156
Female,1.0642921572003627,3,108.81882,pakistan,draw_156
Male,1.0608008089194276,3,108.81882,pakistan,draw_156
Female,1.0523788847195554,2,108.92893,pakistan,draw_156
Male,1.0577367328269447,2,108.92893,pakistan,draw_156
Female,1.0637140316664138,3,108.92893,pakistan,draw_156
Male,1.060258010347167,3,108.92893,pakistan,draw_156
Female,1.0518360051843265,2,109.03904,pakistan,draw_156
Male,1.0571478958555516,2,109.03904,pakistan,draw_156
Female,1.0631363159272593,3,109.03904,pakistan,draw_156
Male,1.0597157691605816,3,109.03904,pakistan,draw_156
Female,1.0512944723123943,2,109.14915,pakistan,draw_156
Male,1.056560673303993,2,109.14915,pakistan,draw_156
Female,1.0625595690715528,3,109.14915,pakistan,draw_156
Male,1.0591745338612384,3,109.14915,pakistan,draw_156
Female,1.050754244543767,2,109.25926,pakistan,draw_156
Male,1.0559739600492168,2,109.25926,pakistan,draw_156
Female,1.061983769511974,3,109.25926,pakistan,draw_156
Male,1.058633654452443,3,109.25926,pakistan,draw_156
Female,1.0502150391341394,2,109.36937,pakistan,draw_156
Male,1.055387910522796,2,109.36937,pakistan,draw_156
Female,1.061408710500334,3,109.36937,pakistan,draw_156
Male,1.058093228729455,3,109.36937,pakistan,draw_156
Female,1.0496764367989584,2,109.47948,pakistan,draw_156
Male,1.054803893504391,2,109.47948,pakistan,draw_156
Female,1.0608340276257784,3,109.47948,pakistan,draw_156
Male,1.057554071379804,3,109.47948,pakistan,draw_156
Female,1.0491392247315467,2,109.58959,pakistan,draw_156
Male,1.054220299292229,2,109.58959,pakistan,draw_156
Female,1.0602603148868583,3,109.58959,pakistan,draw_156
Male,1.057015266775072,3,109.58959,pakistan,draw_156
Female,1.0486031943099756,2,109.6997,pakistan,draw_156
Male,1.0536380482656011,2,109.6997,pakistan,draw_156
Female,1.059687455147969,3,109.6997,pakistan,draw_156
Male,1.0564773312332985,3,109.6997,pakistan,draw_156
Female,1.0480681273741568,2,109.80981,pakistan,draw_156
Male,1.0530567395576274,2,109.80981,pakistan,draw_156
Female,1.059115252357961,3,109.80981,pakistan,draw_156
Male,1.0559400352825108,3,109.80981,pakistan,draw_156
Female,1.0475343579043355,2,109.91992,pakistan,draw_156
Male,1.052476505288623,2,109.91992,pakistan,draw_156
Female,1.058543952611123,3,109.91992,pakistan,draw_156
Male,1.0554034584376863,3,109.91992,pakistan,draw_156
Female,1.0470013617220035,2,110.03003,pakistan,draw_156
Male,1.0518972108045384,2,110.03003,pakistan,draw_156
Female,1.0579731723050252,3,110.03003,pakistan,draw_156
Male,1.0548674922572943,3,110.03003,pakistan,draw_156
Female,1.046469834787012,2,110.14014,pakistan,draw_156
Male,1.051319238768431,2,110.14014,pakistan,draw_156
Female,1.0574034723999348,3,110.14014,pakistan,draw_156
Male,1.0543324104069398,3,110.14014,pakistan,draw_156
Female,1.0459389661014358,2,110.25025,pakistan,draw_156
Male,1.0507418443731578,2,110.25025,pakistan,draw_156
Female,1.056834255170807,3,110.25025,pakistan,draw_156
Male,1.0537977798736418,3,110.25025,pakistan,draw_156
Female,1.0454092724976327,2,110.36036,pakistan,draw_156
Male,1.0501660346869794,2,110.36036,pakistan,draw_156
Female,1.056265938969537,3,110.36036,pakistan,draw_156
Male,1.053264153402083,3,110.36036,pakistan,draw_156
Female,1.0448804745916285,2,110.47047,pakistan,draw_156
Male,1.0495912141359363,2,110.47047,pakistan,draw_156
Female,1.0556982409420952,3,110.47047,pakistan,draw_156
Male,1.0527311916047035,3,110.47047,pakistan,draw_156
Female,1.044353061685959,2,110.58058,pakistan,draw_156
Male,1.0490169081165117,2,110.58058,pakistan,draw_156
Female,1.0551315833351724,3,110.58058,pakistan,draw_156
Male,1.0521986130148433,3,110.58058,pakistan,draw_156
Female,1.0438263678768795,2,110.69069,pakistan,draw_156
Male,1.0484446703635102,2,110.69069,pakistan,draw_156
Female,1.0545654652675263,3,110.69069,pakistan,draw_156
Male,1.0516673601643773,3,110.69069,pakistan,draw_156
Female,1.0433010327853227,2,110.8008,pakistan,draw_156
Male,1.0478731901579053,2,110.8008,pakistan,draw_156
Female,1.0540003486012637,3,110.8008,pakistan,draw_156
Male,1.0511366613003363,3,110.8008,pakistan,draw_156
Female,1.0427762966472844,2,110.91091,pakistan,draw_156
Male,1.0473028343911297,2,110.91091,pakistan,draw_156
Female,1.053435604861195,3,110.91091,pakistan,draw_156
Male,1.0506067249368511,3,110.91091,pakistan,draw_156
Female,1.0422533622065588,2,111.02102,pakistan,draw_156
Male,1.0467339831799507,2,111.02102,pakistan,draw_156
Female,1.052872223799738,3,111.02102,pakistan,draw_156
Male,1.0500777847813054,3,111.02102,pakistan,draw_156
Female,1.0417311668879745,2,111.13113,pakistan,draw_156
Male,1.046166318659517,2,111.13113,pakistan,draw_156
Female,1.052309373597661,3,111.13113,pakistan,draw_156
Male,1.0495496305283645,3,111.13113,pakistan,draw_156
Female,1.0412102634043876,2,111.24124,pakistan,draw_156
Male,1.0455996110809287,2,111.24124,pakistan,draw_156
Female,1.0517475166804413,3,111.24124,pakistan,draw_156
Male,1.0490221251156004,3,111.24124,pakistan,draw_156
Female,1.0406903700770034,2,111.35135,pakistan,draw_156
Male,1.045033800432157,2,111.35135,pakistan,draw_156
Female,1.051186459432043,3,111.35135,pakistan,draw_156
Male,1.048495255388157,3,111.35135,pakistan,draw_156
Female,1.0401713796537542,2,111.46146,pakistan,draw_156
Male,1.0444697216717855,2,111.46146,pakistan,draw_156
Female,1.0506261118241007,3,111.46146,pakistan,draw_156
Male,1.047969518672439,3,111.46146,pakistan,draw_156
Female,1.0396537980740146,2,111.57157,pakistan,draw_156
Male,1.043906273025918,2,111.57157,pakistan,draw_156
Female,1.0500668290802246,3,111.57157,pakistan,draw_156
Male,1.0474442585804855,3,111.57157,pakistan,draw_156
Female,1.0391371244685013,2,111.68168,pakistan,draw_156
Male,1.0433440262414768,2,111.68168,pakistan,draw_156
Female,1.0495082736038714,3,111.68168,pakistan,draw_156
Male,1.0469198045716013,3,111.68168,pakistan,draw_156
Female,1.0386213082938984,2,111.79179,pakistan,draw_156
Male,1.0427830772468565,2,111.79179,pakistan,draw_156
Female,1.0489503090944499,3,111.79179,pakistan,draw_156
Male,1.046396249554917,3,111.79179,pakistan,draw_156
Female,1.0381072783062744,2,111.9019,pakistan,draw_156
Male,1.042222700555993,2,111.9019,pakistan,draw_156
Female,1.0483936615281786,3,111.9019,pakistan,draw_156
Male,1.0458731350014483,3,111.9019,pakistan,draw_156
Female,1.037594218081104,2,112.01201,pakistan,draw_156
Male,1.0416638083467378,2,112.01201,pakistan,draw_156
Female,1.0478377383932769,3,112.01201,pakistan,draw_156
Male,1.0453510039586607,3,112.01201,pakistan,draw_156
Female,1.0370817390551894,2,112.12212,pakistan,draw_156
Male,1.041106369678354,2,112.12212,pakistan,draw_156
Female,1.047282220268085,3,112.12212,pakistan,draw_156
Male,1.0448298665756208,3,112.12212,pakistan,draw_156
Female,1.0365709669283778,2,112.23223,pakistan,draw_156
Male,1.0405501905823074,2,112.23223,pakistan,draw_156
Female,1.0467279988743947,3,112.23223,pakistan,draw_156
Male,1.0443095970969825,3,112.23223,pakistan,draw_156
Female,1.036061376017982,2,112.34234,pakistan,draw_156
Male,1.0399947986366915,2,112.34234,pakistan,draw_156
Female,1.046174703932497,3,112.34234,pakistan,draw_156
Male,1.04378990339106,3,112.34234,pakistan,draw_156
Female,1.035552622396652,2,112.45245,pakistan,draw_156
Male,1.0394407535526111,2,112.45245,pakistan,draw_156
Female,1.0456220151094977,3,112.45245,pakistan,draw_156
Male,1.0432711422875367,3,112.45245,pakistan,draw_156
Female,1.0350451657607538,2,112.56256,pakistan,draw_156
Male,1.0388874781862873,2,112.56256,pakistan,draw_156
Female,1.045070294065577,3,112.56256,pakistan,draw_156
Male,1.042752953968036,3,112.56256,pakistan,draw_156
Female,1.034538728926044,2,112.67267,pakistan,draw_156
Male,1.0383355711877946,2,112.67267,pakistan,draw_156
Female,1.0445193502170613,3,112.67267,pakistan,draw_156
Male,1.0422356907061114,3,112.67267,pakistan,draw_156
Female,1.034033344512934,2,112.78278,pakistan,draw_156
Male,1.0377846051631117,2,112.78278,pakistan,draw_156
Female,1.0439692162244427,3,112.78278,pakistan,draw_156
Male,1.041719133853014,3,112.78278,pakistan,draw_156
Female,1.033529363532836,2,112.89289,pakistan,draw_156
Male,1.037235009577777,2,112.89289,pakistan,draw_156
Female,1.0434201870736177,3,112.89289,pakistan,draw_156
Male,1.0412035197085858,3,112.89289,pakistan,draw_156
Female,1.0330263852811972,2,113.003,pakistan,draw_156
Male,1.0366869438677375,2,113.003,pakistan,draw_156
Female,1.0428718936150885,3,113.003,pakistan,draw_156
Male,1.0406889027130712,3,113.003,pakistan,draw_156
Female,1.0325246373704045,2,113.11311,pakistan,draw_156
Male,1.0361398603084815,2,113.11311,pakistan,draw_156
Female,1.042324533469069,3,113.11311,pakistan,draw_156
Male,1.0401749769403101,3,113.11311,pakistan,draw_156
Female,1.032023976335871,2,113.22322,pakistan,draw_156
Male,1.035594281034031,2,113.22322,pakistan,draw_156
Female,1.041777989964487,3,113.22322,pakistan,draw_156
Male,1.0396620822426026,3,113.22322,pakistan,draw_156
Female,1.0315244615081671,2,113.33333,pakistan,draw_156
Male,1.035049400916225,2,113.33333,pakistan,draw_156
Female,1.0412322907567768,3,113.33333,pakistan,draw_156
Male,1.03914973715935,3,113.33333,pakistan,draw_156
Female,1.0310259926097227,2,113.44344,pakistan,draw_156
Male,1.034505803496795,2,113.44344,pakistan,draw_156
Female,1.0406873779079284,3,113.44344,pakistan,draw_156
Male,1.0386383030228763,3,113.44344,pakistan,draw_156
Female,1.0305289243472293,2,113.55355,pakistan,draw_156
Male,1.033963645589059,2,113.55355,pakistan,draw_156
Female,1.040143583104605,3,113.55355,pakistan,draw_156
Male,1.0381278699472358,3,113.55355,pakistan,draw_156
Female,1.0300330250001577,2,113.66366,pakistan,draw_156
Male,1.033422973291817,2,113.66366,pakistan,draw_156
Female,1.0396007324357788,3,113.66366,pakistan,draw_156
Male,1.0376185206399962,3,113.66366,pakistan,draw_156
Female,1.0295383297326712,2,113.77377,pakistan,draw_156
Male,1.0328831059240506,2,113.77377,pakistan,draw_156
Female,1.0390588026433296,3,113.77377,pakistan,draw_156
Male,1.0371098122702498,3,113.77377,pakistan,draw_156
Female,1.0290450964764468,2,113.88388,pakistan,draw_156
Male,1.0323456808402585,2,113.88388,pakistan,draw_156
Female,1.0385180308059405,3,113.88388,pakistan,draw_156
Male,1.0366027461224865,3,113.88388,pakistan,draw_156
Female,1.0285532190495104,2,113.99399,pakistan,draw_156
Male,1.0318088811474702,2,113.99399,pakistan,draw_156
Female,1.037978378034803,3,113.99399,pakistan,draw_156
Male,1.0360962286607407,3,113.99399,pakistan,draw_156
Female,1.0280627192661573,2,114.1041,pakistan,draw_156
Male,1.0312738400890165,2,114.1041,pakistan,draw_156
Female,1.0374398004196785,3,114.1041,pakistan,draw_156
Male,1.035590941270271,3,114.1041,pakistan,draw_156
Female,1.0275733737269568,2,114.21421,pakistan,draw_156
Male,1.0307396419148045,2,114.21421,pakistan,draw_156
Female,1.0369021417828932,3,114.21421,pakistan,draw_156
Male,1.0350863282463056,3,114.21421,pakistan,draw_156
Female,1.0270856099531398,2,114.32432,pakistan,draw_156
Male,1.0302070183087957,2,114.32432,pakistan,draw_156
Female,1.0363657905493928,3,114.32432,pakistan,draw_156
Male,1.0345828538842499,3,114.32432,pakistan,draw_156
Female,1.0265987354499098,2,114.43443,pakistan,draw_156
Male,1.0296759027754618,2,114.43443,pakistan,draw_156
Female,1.0358301408420552,3,114.43443,pakistan,draw_156
Male,1.034080460413856,3,114.43443,pakistan,draw_156
Female,1.0261135949196334,2,114.54454,pakistan,draw_156
Male,1.0291462295418945,2,114.54454,pakistan,draw_156
Female,1.0352959537158524,3,114.54454,pakistan,draw_156
Male,1.0335791230334628,3,114.54454,pakistan,draw_156
Female,1.025629647984137,2,114.65465,pakistan,draw_156
Male,1.0286170472759033,2,114.65465,pakistan,draw_156
Female,1.0347627717120433,3,114.65465,pakistan,draw_156
Male,1.03307825508415,3,114.65465,pakistan,draw_156
Female,1.02514670547277,2,114.76476,pakistan,draw_156
Male,1.0280902621866848,2,114.76476,pakistan,draw_156
Female,1.0342303962440045,3,114.76476,pakistan,draw_156
Male,1.0325789820629894,3,114.76476,pakistan,draw_156
Female,1.0246656182423557,2,114.87487,pakistan,draw_156
Male,1.0275646194242802,2,114.87487,pakistan,draw_156
Female,1.033699483521332,3,114.87487,pakistan,draw_156
Male,1.03208054057364,3,114.87487,pakistan,draw_156
Female,1.0241853316442617,2,114.98498,pakistan,draw_156
Male,1.0270409645073078,2,114.98498,pakistan,draw_156
Female,1.0331691826455858,3,114.98498,pakistan,draw_156
Male,1.0315834834967244,3,114.98498,pakistan,draw_156
Female,1.0237066086753874,2,115.0951,pakistan,draw_156
Male,1.0265178963063777,2,115.0951,pakistan,draw_156
Female,1.0326401640788545,3,115.0951,pakistan,draw_156
Male,1.0310869265047178,3,115.0951,pakistan,draw_156
Female,1.023229585215001,2,115.20521,pakistan,draw_156
Male,1.0259965070688468,2,115.20521,pakistan,draw_156
Female,1.0321126155919167,3,115.20521,pakistan,draw_156
Male,1.0305915746871752,3,115.20521,pakistan,draw_156
Female,1.0227534113554304,2,115.31532,pakistan,draw_156
Male,1.0254772026373713,2,115.31532,pakistan,draw_156
Female,1.0315858187371147,3,115.31532,pakistan,draw_156
Male,1.030097698365136,3,115.31532,pakistan,draw_156
Female,1.0222788561672373,2,115.42543,pakistan,draw_156
Male,1.024959144848824,2,115.42543,pakistan,draw_156
Female,1.0310603613143803,3,115.42543,pakistan,draw_156
Male,1.0296047690443788,3,115.42543,pakistan,draw_156
Female,1.0218055877868049,2,115.53554,pakistan,draw_156
Male,1.0244425993305697,2,115.53554,pakistan,draw_156
Female,1.0305359766813087,3,115.53554,pakistan,draw_156
Male,1.0291129364208549,3,115.53554,pakistan,draw_156
Female,1.0213339818296838,2,115.64565,pakistan,draw_156
Male,1.023927299413838,2,115.64565,pakistan,draw_156
Female,1.0300129723359421,3,115.64565,pakistan,draw_156
Male,1.0286220288143835,3,115.64565,pakistan,draw_156
Female,1.0208638253240965,2,115.75576,pakistan,draw_156
Male,1.0234139385760022,2,115.75576,pakistan,draw_156
Female,1.0294911946938021,3,115.75576,pakistan,draw_156
Male,1.028132457841715,3,115.75576,pakistan,draw_156
Female,1.0203946983674537,2,115.86587,pakistan,draw_156
Male,1.022902091687126,2,115.86587,pakistan,draw_156
Female,1.0289702793094821,3,115.86587,pakistan,draw_156
Male,1.0276439841749618,3,115.86587,pakistan,draw_156
Female,1.019927200535169,2,115.97598,pakistan,draw_156
Male,1.022391837858561,2,115.97598,pakistan,draw_156
Female,1.0284507407137975,3,115.97598,pakistan,draw_156
Male,1.0271566850131266,3,115.97598,pakistan,draw_156
Female,1.0194607745966662,2,116.08609,pakistan,draw_156
Male,1.0218832344851028,2,116.08609,pakistan,draw_156
Female,1.0279322006150002,3,116.08609,pakistan,draw_156
Male,1.0266706139242712,3,116.08609,pakistan,draw_156
Female,1.0189963913060076,2,116.1962,pakistan,draw_156
Male,1.0213761808584694,2,116.1962,pakistan,draw_156
Female,1.0274153696115695,3,116.1962,pakistan,draw_156
Male,1.0261857069954112,3,116.1962,pakistan,draw_156
Female,1.0185331419350243,2,116.30631,pakistan,draw_156
Male,1.0208707238349441,2,116.30631,pakistan,draw_156
Female,1.0268995697257344,3,116.30631,pakistan,draw_156
Male,1.0257019809037413,3,116.30631,pakistan,draw_156
Female,1.0180715922578507,2,116.41642,pakistan,draw_156
Male,1.0203667018776879,2,116.41642,pakistan,draw_156
Female,1.0263852124282569,3,116.41642,pakistan,draw_156
Male,1.0252193594978858,3,116.41642,pakistan,draw_156
Female,1.0176113128516975,2,116.52653,pakistan,draw_156
Male,1.0198647715744973,2,116.52653,pakistan,draw_156
Female,1.0258719408955352,3,116.52653,pakistan,draw_156
Male,1.024738237198834,3,116.52653,pakistan,draw_156
Female,1.0171528756225179,2,116.63664,pakistan,draw_156
Male,1.0193641365141608,2,116.63664,pakistan,draw_156
Female,1.025360253406849,3,116.63664,pakistan,draw_156
Male,1.0242581549661391,3,116.63664,pakistan,draw_156
Female,1.0166956516142314,2,116.74675,pakistan,draw_156
Male,1.0188656747923144,2,116.74675,pakistan,draw_156
Female,1.0248496117030788,3,116.74675,pakistan,draw_156
Male,1.0237796690526806,3,116.74675,pakistan,draw_156
Female,1.0162398312976864,2,116.85686,pakistan,draw_156
Male,1.018368305646157,2,116.85686,pakistan,draw_156
Female,1.0243401532875909,3,116.85686,pakistan,draw_156
Male,1.0233020792021923,3,116.85686,pakistan,draw_156
Female,1.0157856447106348,2,116.96697,pakistan,draw_156
Male,1.0178729572735328,2,116.96697,pakistan,draw_156
Female,1.0238320425142875,3,116.96697,pakistan,draw_156
Male,1.0228259575886003,3,116.96697,pakistan,draw_156
Female,1.0153332202487635,2,117.07708,pakistan,draw_156
Male,1.0173788905235441,2,117.07708,pakistan,draw_156
Female,1.0233254928248905,3,117.07708,pakistan,draw_156
Male,1.0223508331713689,3,117.07708,pakistan,draw_156
Female,1.0148820491655226,2,117.18719,pakistan,draw_156
Male,1.0168863576525153,2,117.18719,pakistan,draw_156
Female,1.0228200030546246,3,117.18719,pakistan,draw_156
Male,1.0218768904311666,3,117.18719,pakistan,draw_156
Female,1.0144322847960061,2,117.2973,pakistan,draw_156
Male,1.0163957468748948,2,117.2973,pakistan,draw_156
Female,1.022315741617276,3,117.2973,pakistan,draw_156
Male,1.0214043778999313,3,117.2973,pakistan,draw_156
Female,1.0139837836780947,2,117.40741,pakistan,draw_156
Male,1.0159066450684346,2,117.40741,pakistan,draw_156
Female,1.0218125966058393,3,117.40741,pakistan,draw_156
Male,1.020933060983579,3,117.40741,pakistan,draw_156
Female,1.0135370433602713,2,117.51752,pakistan,draw_156
Male,1.0154193546614605,2,117.51752,pakistan,draw_156
Female,1.021310969150709,3,117.51752,pakistan,draw_156
Male,1.0204630969274555,3,117.51752,pakistan,draw_156
Female,1.0130919709578479,2,117.62763,pakistan,draw_156
Male,1.0149329065492194,2,117.62763,pakistan,draw_156
Female,1.0208107347750934,3,117.62763,pakistan,draw_156
Male,1.0199938885701108,3,117.62763,pakistan,draw_156
Female,1.0126482033102695,2,117.73774,pakistan,draw_156
Male,1.014448771944954,2,117.73774,pakistan,draw_156
Female,1.020311624451336,3,117.73774,pakistan,draw_156
Male,1.01952632885402,3,117.73774,pakistan,draw_156
Female,1.0122060821947099,2,117.84785,pakistan,draw_156
Male,1.0139657506174937,2,117.84785,pakistan,draw_156
Female,1.0198138958315714,3,117.84785,pakistan,draw_156
Male,1.0190596694567298,3,117.84785,pakistan,draw_156
Female,1.011765224688166,2,117.95796,pakistan,draw_156
Male,1.0134846848596362,2,117.95796,pakistan,draw_156
Female,1.0193172483195965,3,117.95796,pakistan,draw_156
Male,1.0185944227934447,3,117.95796,pakistan,draw_156
Female,1.011325837765261,2,118.06807,pakistan,draw_156
Male,1.0130050551600314,2,118.06807,pakistan,draw_156
Female,1.018821919262089,3,118.06807,pakistan,draw_156
Male,1.0181302617325425,3,118.06807,pakistan,draw_156
Female,1.010887628838999,2,118.17818,pakistan,draw_156
Male,1.0125275449632845,2,118.17818,pakistan,draw_156
Female,1.018327696553838,3,118.17818,pakistan,draw_156
Male,1.0176676597915286,3,118.17818,pakistan,draw_156
Female,1.0104510610235624,2,118.28829,pakistan,draw_156
Male,1.0120509307885395,2,118.28829,pakistan,draw_156
Female,1.0178349357780745,3,118.28829,pakistan,draw_156
Male,1.0172058411746845,3,118.28829,pakistan,draw_156
Female,1.010016376996808,2,118.3984,pakistan,draw_156
Male,1.0115767750160805,2,118.3984,pakistan,draw_156
Female,1.0173439005110203,3,118.3984,pakistan,draw_156
Male,1.016745866224508,3,118.3984,pakistan,draw_156
Female,1.0095835102515456,2,118.50851,pakistan,draw_156
Male,1.0111044602224115,2,118.50851,pakistan,draw_156
Female,1.016854579466508,3,118.50851,pakistan,draw_156
Male,1.0162874482272333,3,118.50851,pakistan,draw_156
Female,1.009152737679015,2,118.61862,pakistan,draw_156
Male,1.0106347094992045,2,118.61862,pakistan,draw_156
Female,1.0163672666951804,3,118.61862,pakistan,draw_156
Male,1.0158311106149511,3,118.61862,pakistan,draw_156
Female,1.008723779984413,2,118.72873,pakistan,draw_156
Male,1.0101669652529803,2,118.72873,pakistan,draw_156
Female,1.0158817656078336,3,118.72873,pakistan,draw_156
Male,1.0153765408857545,3,118.72873,pakistan,draw_156
Female,1.008297531567475,2,118.83884,pakistan,draw_156
Male,1.0097026801844278,2,118.83884,pakistan,draw_156
Female,1.0153989333309323,3,118.83884,pakistan,draw_156
Male,1.0149247411075089,3,118.83884,pakistan,draw_156
Female,1.007873648027302,2,118.94895,pakistan,draw_156
Male,1.009240679417418,2,118.94895,pakistan,draw_156
Female,1.014918562577344,3,118.94895,pakistan,draw_156
Male,1.0144751551062623,3,118.94895,pakistan,draw_156
Female,1.007452588865377,2,119.05906,pakistan,draw_156
Male,1.008781421981185,2,119.05906,pakistan,draw_156
Female,1.0144411484000502,3,119.05906,pakistan,draw_156
Male,1.014028143593824,3,119.05906,pakistan,draw_156
Female,1.0070349526576141,2,119.16917,pakistan,draw_156
Male,1.0083257161754104,2,119.16917,pakistan,draw_156
Female,1.0139672064554837,3,119.16917,pakistan,draw_156
Male,1.0135842637460997,3,119.16917,pakistan,draw_156
Female,1.0066200521818314,2,119.27928,pakistan,draw_156
Male,1.007873325415741,2,119.27928,pakistan,draw_156
Female,1.0134962017334512,3,119.27928,pakistan,draw_156
Male,1.0131434769806689,3,119.27928,pakistan,draw_156
Female,1.0062089905665637,2,119.38939,pakistan,draw_156
Male,1.0074251024397107,2,119.38939,pakistan,draw_156
Female,1.01302921424069,3,119.38939,pakistan,draw_156
Male,1.012706441376709,3,119.38939,pakistan,draw_156
Female,1.0058013919464266,2,119.4995,pakistan,draw_156
Male,1.0069805728164065,2,119.4995,pakistan,draw_156
Female,1.0125660658462756,3,119.4995,pakistan,draw_156
Male,1.0122730205990491,3,119.4995,pakistan,draw_156
Female,1.0053988367926525,2,119.60961,pakistan,draw_156
Male,1.006540962911829,2,119.60961,pakistan,draw_156
Female,1.0121083007086973,3,119.60961,pakistan,draw_156
Male,1.0118442714943474,3,119.60961,pakistan,draw_156
Female,1.0049997959414176,2,119.71972,pakistan,draw_156
Male,1.0061060344540604,2,119.71972,pakistan,draw_156
Female,1.0116544921081725,3,119.71972,pakistan,draw_156
Male,1.011419827122151,3,119.71972,pakistan,draw_156
Female,1.004605394926829,2,119.82983,pakistan,draw_156
Male,1.0056755373619026,2,119.82983,pakistan,draw_156
Female,1.0112056471767068,3,119.82983,pakistan,draw_156
Male,1.0109995532899922,3,119.82983,pakistan,draw_156
Female,1.004215900301928,2,119.93994,pakistan,draw_156
Male,1.0052501418690354,2,119.93994,pakistan,draw_156
Female,1.0107619616921932,3,119.93994,pakistan,draw_156
Male,1.0105839804395798,3,119.93994,pakistan,draw_156
Female,1.003831193788556,2,120.05005,pakistan,draw_156
Male,1.004830663064041,2,120.05005,pakistan,draw_156
Female,1.0103234401100507,3,120.05005,pakistan,draw_156
Male,1.0101737670761453,3,120.05005,pakistan,draw_156
Female,1.0025802123191876,2,120.16016,pakistan,draw_156
Male,1.003423554494902,2,120.16016,pakistan,draw_156
Female,1.0089561604519826,3,120.16016,pakistan,draw_156
Male,1.0088786497189295,3,120.16016,pakistan,draw_156
Female,1.0013542436476361,2,120.27027,pakistan,draw_156
Male,1.0020455266973671,2,120.27027,pakistan,draw_156
Female,1.0076132632240997,3,120.27027,pakistan,draw_156
Male,1.007607296129422,3,120.27027,pakistan,draw_156
Female,1.000154180201675,2,120.38038,pakistan,draw_156
Male,1.0006964982874897,2,120.38038,pakistan,draw_156
Female,1.006295489574571,3,120.38038,pakistan,draw_156
Male,1.0063597213594633,3,120.38038,pakistan,draw_156
Female,0.9989814653076032,2,120.49049,pakistan,draw_156
Male,0.9993781946447794,2,120.49049,pakistan,draw_156
Female,1.0050046235101726,3,120.49049,pakistan,draw_156
Male,1.0051376419349551,3,120.49049,pakistan,draw_156
Female,0.9978372956367809,2,120.6006,pakistan,draw_156
Male,0.9980924060589896,2,120.6006,pakistan,draw_156
Female,1.0037419192789996,3,120.6006,pakistan,draw_156
Male,1.0039425587911344,3,120.6006,pakistan,draw_156
Female,0.9967224601151313,2,120.71071,pakistan,draw_156
Male,0.9968411384225734,2,120.71071,pakistan,draw_156
Female,1.0025082560075083,3,120.71071,pakistan,draw_156
Male,1.0027756996096755,3,120.71071,pakistan,draw_156
Female,0.995640415482379,2,120.82082,pakistan,draw_156
Male,0.9956286174093265,2,120.82082,pakistan,draw_156
Female,1.001306822985715,3,120.82082,pakistan,draw_156
Male,1.0016396968734544,3,120.82082,pakistan,draw_156
Female,0.9945931791695015,2,120.93093,pakistan,draw_156
Male,0.9944566161057371,2,120.93093,pakistan,draw_156
Female,1.00013965609906,3,120.93093,pakistan,draw_156
Male,1.0005362175935024,3,120.93093,pakistan,draw_156
Female,0.9935826823628588,2,121.04104,pakistan,draw_156
Male,0.9933274144819896,2,121.04104,pakistan,draw_156
Female,0.9990088393136147,3,121.04104,pakistan,draw_156
Male,0.9994673503252951,3,121.04104,pakistan,draw_156
Female,0.9926061401226633,2,121.15115,pakistan,draw_156
Male,0.9922385531465954,2,121.15115,pakistan,draw_156
Female,0.9979114087495032,3,121.15115,pakistan,draw_156
Male,0.9984305923876752,3,121.15115,pakistan,draw_156
Female,0.9916639431063704,2,121.26126,pakistan,draw_156
Male,0.9911889638943463,2,121.26126,pakistan,draw_156
Female,0.9968476992654884,3,121.26126,pakistan,draw_156
Male,0.9974253998596542,3,121.26126,pakistan,draw_156
Female,0.9907551502452865,2,121.37137,pakistan,draw_156
Male,0.9901796712611575,2,121.37137,pakistan,draw_156
Female,0.9958171160844155,3,121.37137,pakistan,draw_156
Male,0.996452444277743,3,121.37137,pakistan,draw_156
Female,0.9898804895741828,2,121.48148,pakistan,draw_156
Male,0.9892104773119653,2,121.48148,pakistan,draw_156
Female,0.9948202261437472,3,121.48148,pakistan,draw_156
Male,0.9955116279274527,3,121.48148,pakistan,draw_156
Female,0.9890413718484683,2,121.59159,pakistan,draw_156
Male,0.9882835155162196,2,121.59159,pakistan,draw_156
Female,0.9938585392818104,3,121.59159,pakistan,draw_156
Male,0.99460427762574,3,121.59159,pakistan,draw_156
Female,0.988237431205184,2,121.7017,pakistan,draw_156
Male,0.9873980473478,2,121.7017,pakistan,draw_156
Female,0.9929325996554909,3,121.7017,pakistan,draw_156
Male,0.9937311285591951,3,121.7017,pakistan,draw_156
Female,0.9874666311673123,2,121.81181,pakistan,draw_156
Male,0.9865513598403827,2,121.81181,pakistan,draw_156
Female,0.9920400913789535,3,121.81181,pakistan,draw_156
Male,0.9928895765811661,3,121.81181,pakistan,draw_156
Female,0.9867275365442941,2,121.92192,pakistan,draw_156
Male,0.9857431244755505,2,121.92192,pakistan,draw_156
Female,0.9911795758155911,3,121.92192,pakistan,draw_156
Male,0.992079117201393,3,121.92192,pakistan,draw_156
Female,0.9860206715113887,2,122.03203,pakistan,draw_156
Male,0.9849724009660465,2,122.03203,pakistan,draw_156
Female,0.990351468870496,3,122.03203,pakistan,draw_156
Male,0.9912992147026184,3,122.03203,pakistan,draw_156
Female,0.9853451951182518,2,122.14214,pakistan,draw_156
Male,0.984239751373075,2,122.14214,pakistan,draw_156
Female,0.9895552054523349,3,122.14214,pakistan,draw_156
Male,0.9905501995741988,3,122.14214,pakistan,draw_156
Female,0.9847035240788046,2,122.25225,pakistan,draw_156
Male,0.9835471588936898,2,122.25225,pakistan,draw_156
Female,0.988792733461078,3,122.25225,pakistan,draw_156
Male,0.9898333240090311,3,122.25225,pakistan,draw_156
Female,0.9840955105755098,2,122.36236,pakistan,draw_156
Male,0.9828947220200582,2,122.36236,pakistan,draw_156
Female,0.9880643614142729,3,122.36236,pakistan,draw_156
Male,0.9891491165923081,3,122.36236,pakistan,draw_156
Female,0.9835208989818166,2,122.47247,pakistan,draw_156
Male,0.9822815277973225,2,122.47247,pakistan,draw_156
Female,0.9873704993866621,3,122.47247,pakistan,draw_156
Male,0.988497515283636,3,122.47247,pakistan,draw_156
Female,0.9829774042067562,2,122.58258,pakistan,draw_156
Male,0.9817047831515321,2,122.58258,pakistan,draw_156
Female,0.9867083134566158,3,122.58258,pakistan,draw_156
Male,0.9878757619147419,3,122.58258,pakistan,draw_156
Female,0.9824643004233078,2,122.69269,pakistan,draw_156
Male,0.9811649228177023,2,122.69269,pakistan,draw_156
Female,0.9860772181539932,3,122.69269,pakistan,draw_156
Male,0.9872840970066555,3,122.69269,pakistan,draw_156
Female,0.9819816182821874,2,122.8028,pakistan,draw_156
Male,0.980661634937629,2,122.8028,pakistan,draw_156
Female,0.9854772105898162,3,122.8028,pakistan,draw_156
Male,0.9867223082926623,3,122.8028,pakistan,draw_156
Female,0.9815300727174926,2,122.91291,pakistan,draw_156
Male,0.9801953493178216,2,122.91291,pakistan,draw_156
Female,0.9849088689731665,3,122.91291,pakistan,draw_156
Male,0.9861906211234278,3,122.91291,pakistan,draw_156
Female,0.9811123042413451,2,123.02302,pakistan,draw_156
Male,0.9797690968663118,2,123.02302,pakistan,draw_156
Female,0.9843745257182083,3,123.02302,pakistan,draw_156
Male,0.9856909486329599,3,123.02302,pakistan,draw_156
Female,0.9807275921220621,2,123.13313,pakistan,draw_156
Male,0.979382695498809,2,123.13313,pakistan,draw_156
Female,0.983874446610733,3,123.13313,pakistan,draw_156
Male,0.9852243197255834,3,123.13313,pakistan,draw_156
Female,0.9803731873010788,2,123.24324,pakistan,draw_156
Male,0.9790330053024803,2,123.24324,pakistan,draw_156
Female,0.9834055424631071,3,123.24324,pakistan,draw_156
Male,0.984787688886932,3,123.24324,pakistan,draw_156
Female,0.9800495571943689,2,123.35335,pakistan,draw_156
Male,0.9787195937865397,2,123.35335,pakistan,draw_156
Female,0.9829679389567599,3,123.35335,pakistan,draw_156
Male,0.9843804951695908,3,123.35335,pakistan,draw_156
Female,0.9797560030680822,2,123.46346,pakistan,draw_156
Male,0.9784425374371487,2,123.46346,pakistan,draw_156
Female,0.9825610439670007,3,123.46346,pakistan,draw_156
Male,0.9840027521218149,3,123.46346,pakistan,draw_156
Female,0.979492500909261,2,123.57357,pakistan,draw_156
Male,0.9782016484415575,2,123.57357,pakistan,draw_156
Female,0.9821848426221018,3,123.57357,pakistan,draw_156
Male,0.9836542677533074,3,123.57357,pakistan,draw_156
Female,0.9792609074133356,2,123.68368,pakistan,draw_156
Male,0.9779991472300722,2,123.68368,pakistan,draw_156
Female,0.981840733339725,3,123.68368,pakistan,draw_156
Male,0.9833363966044965,3,123.68368,pakistan,draw_156
Female,0.979062680734868,2,123.79379,pakistan,draw_156
Male,0.9778372528956905,2,123.79379,pakistan,draw_156
Female,0.9815303551728519,3,123.79379,pakistan,draw_156
Male,0.983050974193557,3,123.79379,pakistan,draw_156
Female,0.9788964868054347,2,123.9039,pakistan,draw_156
Male,0.9777136471071637,2,123.9039,pakistan,draw_156
Female,0.9812528486497862,3,123.9039,pakistan,draw_156
Male,0.982796856556844,3,123.9039,pakistan,draw_156
Female,0.9787606495808039,2,124.01401,pakistan,draw_156
Male,0.9776267008411854,2,124.01401,pakistan,draw_156
Female,0.9810059045910208,3,124.01401,pakistan,draw_156
Male,0.9825720028609448,3,124.01401,pakistan,draw_156
Female,0.9786555424312593,2,124.12412,pakistan,draw_156
Male,0.9775765094887897,2,124.12412,pakistan,draw_156
Female,0.9807898815793842,3,124.12412,pakistan,draw_156
Male,0.9823763934527295,3,124.12412,pakistan,draw_156
Female,0.9785809166808644,2,124.23423,pakistan,draw_156
Male,0.9775633341492257,2,124.23423,pakistan,draw_156
Female,0.9806043457141519,3,124.23423,pakistan,draw_156
Male,0.9822101295340194,3,124.23423,pakistan,draw_156
Female,0.9785369555049308,2,124.34434,pakistan,draw_156
Male,0.977586795773593,2,124.34434,pakistan,draw_156
Female,0.9804494249415722,3,124.34434,pakistan,draw_156
Male,0.982072817580826,3,124.34434,pakistan,draw_156
Female,0.9785256351426224,2,124.45445,pakistan,draw_156
Male,0.9776511383839697,2,124.45445,pakistan,draw_156
Female,0.9803268050555907,3,124.45445,pakistan,draw_156
Male,0.9819669344161058,3,124.45445,pakistan,draw_156
Female,0.9785489026763274,2,124.56456,pakistan,draw_156
Male,0.9777568173252241,2,124.56456,pakistan,draw_156
Female,0.9802389883276269,3,124.56456,pakistan,draw_156
Male,0.9818939080004401,3,124.56456,pakistan,draw_156
Female,0.9786034255489892,2,124.67467,pakistan,draw_156
Male,0.977901383316585,2,124.67467,pakistan,draw_156
Female,0.9801822290792992,3,124.67467,pakistan,draw_156
Male,0.9818510182400004,3,124.67467,pakistan,draw_156
Female,0.9786887520907231,2,124.78478,pakistan,draw_156
Male,0.9780831171127036,2,124.78478,pakistan,draw_156
Female,0.980155782469162,3,124.78478,pakistan,draw_156
Male,0.9818368516357098,3,124.78478,pakistan,draw_156
Female,0.9788051286019646,2,124.89489,pakistan,draw_156
Male,0.9783033903621646,2,124.89489,pakistan,draw_156
Female,0.9801597436493116,3,124.89489,pakistan,draw_156
Male,0.9818522542577413,3,124.89489,pakistan,draw_156
Female,0.9789530594261596,2,125.00501,pakistan,draw_156
Male,0.9785618597324147,2,125.00501,pakistan,draw_156
Female,0.9801945522477369,3,125.00501,pakistan,draw_156
Male,0.9818968840171919,3,125.00501,pakistan,draw_156
Female,0.9791325894477856,2,125.11512,pakistan,draw_156
Male,0.9788591309409306,2,125.11512,pakistan,draw_156
Female,0.9802599567064264,3,125.11512,pakistan,draw_156
Male,0.9819708766555517,3,125.11512,pakistan,draw_156
Female,0.9792426404046845,2,125.22523,pakistan,draw_156
Male,0.9790646166195316,2,125.22523,pakistan,draw_156
Female,0.9802716145973336,3,125.22523,pakistan,draw_156
Male,0.9819945297089214,3,125.22523,pakistan,draw_156
Female,0.9791264684870274,2,125.33534,pakistan,draw_156
Male,0.9789757843923076,2,125.33534,pakistan,draw_156
Female,0.9800985895287375,3,125.33534,pakistan,draw_156
Male,0.9818439881940728,3,125.33534,pakistan,draw_156
Female,0.9790236452113631,2,125.44545,pakistan,draw_156
Male,0.9789021150817391,2,125.44545,pakistan,draw_156
Female,0.9799410835985857,3,125.44545,pakistan,draw_156
Male,0.9817082452688771,3,125.44545,pakistan,draw_156
Female,0.9789337029289051,2,125.55556,pakistan,draw_156
Male,0.9788436100743687,2,125.55556,pakistan,draw_156
Female,0.9797986484423303,3,125.55556,pakistan,draw_156
Male,0.9815872443832534,3,125.55556,pakistan,draw_156
Female,0.9788572390551558,2,125.66567,pakistan,draw_156
Male,0.9788003268558487,2,125.66567,pakistan,draw_156
Female,0.9796718455694173,3,125.66567,pakistan,draw_156
Male,0.9814810867890915,3,125.66567,pakistan,draw_156
Female,0.9787939749557901,2,125.77578,pakistan,draw_156
Male,0.9787729427629499,2,125.77578,pakistan,draw_156
Female,0.9795606795982174,3,125.77578,pakistan,draw_156
Male,0.9813904876977247,3,125.77578,pakistan,draw_156
Female,0.9787456464811457,2,125.88589,pakistan,draw_156
Male,0.9787620703890139,2,125.88589,pakistan,draw_156
Female,0.9794670986421687,3,125.88589,pakistan,draw_156
Male,0.981316457204988,3,125.88589,pakistan,draw_156
Female,0.9787173338665814,2,125.996,pakistan,draw_156
Male,0.9787736178563495,2,125.996,pakistan,draw_156
Female,0.9793975172796229,3,125.996,pakistan,draw_156
Male,0.9812653596462716,3,125.996,pakistan,draw_156
Female,0.9787070447488755,2,126.10611,pakistan,draw_156
Male,0.978806194289507,2,126.10611,pakistan,draw_156
Female,0.9793495682782659,3,126.10611,pakistan,draw_156
Male,0.9812354178218495,3,126.10611,pakistan,draw_156
Female,0.978714633915585,2,126.21622,pakistan,draw_156
Male,0.978858553137802,2,126.21622,pakistan,draw_156
Female,0.97932300963839,3,126.21622,pakistan,draw_156
Male,0.9812257485101612,3,126.21622,pakistan,draw_156
Female,0.9787399035448014,2,126.32633,pakistan,draw_156
Male,0.9789313929592611,2,126.32633,pakistan,draw_156
Female,0.979317698208806,3,126.32633,pakistan,draw_156
Male,0.9812368011825355,3,126.32633,pakistan,draw_156
Female,0.9787821907498394,2,126.43644,pakistan,draw_156
Male,0.9790224063864127,2,126.43644,pakistan,draw_156
Female,0.9793327661496765,3,126.43644,pakistan,draw_156
Male,0.981266723050041,3,126.43644,pakistan,draw_156
Female,0.9788391991224471,2,126.54655,pakistan,draw_156
Male,0.9791314617852783,2,126.54655,pakistan,draw_156
Female,0.9793655642419997,3,126.54655,pakistan,draw_156
Male,0.9813145128163456,3,126.54655,pakistan,draw_156
Female,0.9789112161614363,2,126.65666,pakistan,draw_156
Male,0.9792568549968044,2,126.65666,pakistan,draw_156
Female,0.9794160889218717,3,126.65666,pakistan,draw_156
Male,0.9813788434337515,3,126.65666,pakistan,draw_156
Female,0.978997444143561,2,126.76677,pakistan,draw_156
Male,0.9793986693547853,2,126.76677,pakistan,draw_156
Female,0.9794836417236098,3,126.76677,pakistan,draw_156
Male,0.981459694655108,3,126.76677,pakistan,draw_156
Female,0.9790964239855681,2,126.87688,pakistan,draw_156
Male,0.9795543427939157,2,126.87688,pakistan,draw_156
Female,0.9795663161023116,3,126.87688,pakistan,draw_156
Male,0.9815546484020004,3,126.87688,pakistan,draw_156
Female,0.9792077645140238,2,126.98699,pakistan,draw_156
Male,0.9797247514109941,2,126.98699,pakistan,draw_156
Female,0.9796637890272738,3,126.98699,pakistan,draw_156
Male,0.9816642308767625,3,126.98699,pakistan,draw_156
Female,0.9793314730827075,2,127.0971,pakistan,draw_156
Male,0.9799090034717033,2,127.0971,pakistan,draw_156
Female,0.9797760714297903,3,127.0971,pakistan,draw_156
Male,0.9817878967227763,3,127.0971,pakistan,draw_156
Female,0.979467613113789,2,127.20721,pakistan,draw_156
Male,0.9801077393603543,2,127.20721,pakistan,draw_156
Female,0.979903230167013,3,127.20721,pakistan,draw_156
Male,0.9819260798892737,3,127.20721,pakistan,draw_156
Female,0.9796159004271979,2,127.31732,pakistan,draw_156
Male,0.9803199415737001,2,127.31732,pakistan,draw_156
Female,0.9800450309706183,3,127.31732,pakistan,draw_156
Male,0.9820781922738291,3,127.31732,pakistan,draw_156
Female,0.9797781726022045,2,127.42743,pakistan,draw_156
Male,0.9805472040615215,2,127.42743,pakistan,draw_156
Female,0.9802037308839667,3,127.42743,pakistan,draw_156
Male,0.9822460894078618,3,127.42743,pakistan,draw_156
Female,0.9799515116620297,2,127.53754,pakistan,draw_156
Male,0.9807865985356509,2,127.53754,pakistan,draw_156
Female,0.9803759026217742,3,127.53754,pakistan,draw_156
Male,0.982426724098713,3,127.53754,pakistan,draw_156
Female,0.9801361956366585,2,127.64765,pakistan,draw_156
Male,0.9810397977908204,2,127.64765,pakistan,draw_156
Female,0.980561926753675,3,127.64765,pakistan,draw_156
Male,0.9826213261613083,3,127.64765,pakistan,draw_156
Female,0.9803333466985829,2,127.75776,pakistan,draw_156
Male,0.9813052898929087,2,127.75776,pakistan,draw_156
Female,0.9807629498187795,3,127.75776,pakistan,draw_156
Male,0.9828292349813937,3,127.75776,pakistan,draw_156
Female,0.9805425064636956,2,127.86787,pakistan,draw_156
Male,0.9815851163719348,2,127.86787,pakistan,draw_156
Female,0.9809786784156049,3,127.86787,pakistan,draw_156
Male,0.9830517714420203,3,127.86787,pakistan,draw_156
Female,0.9807640134221385,2,127.97798,pakistan,draw_156
Male,0.9818786781000132,2,127.97798,pakistan,draw_156
Female,0.9812093052590319,3,127.97798,pakistan,draw_156
Male,0.9832884912782832,3,127.97798,pakistan,draw_156
Female,0.9809979650520761,2,128.08809,pakistan,draw_156
Male,0.9821858069220792,2,128.08809,pakistan,draw_156
Female,0.9814550440255624,3,128.08809,pakistan,draw_156
Male,0.983539469837226,3,128.08809,pakistan,draw_156
Female,0.9812443871771136,2,128.1982,pakistan,draw_156
Male,0.9825070196424691,2,128.1982,pakistan,draw_156
Female,0.9817158178476683,3,128.1982,pakistan,draw_156
Male,0.9838049119262945,3,128.1982,pakistan,draw_156
Female,0.9815020788310446,2,128.30831,pakistan,draw_156
Male,0.9828410613847068,2,128.30831,pakistan,draw_156
Female,0.9819901637733235,3,128.30831,pakistan,draw_156
Male,0.9840834557686988,3,128.30831,pakistan,draw_156
Female,0.9817703880081504,2,128.41842,pakistan,draw_156
Male,0.9831870527722077,2,128.41842,pakistan,draw_156
Female,0.9822772836253121,3,128.41842,pakistan,draw_156
Male,0.984374278161712,3,128.41842,pakistan,draw_156
Female,0.9820488282557215,2,128.52853,pakistan,draw_156
Male,0.9835436190521223,2,128.52853,pakistan,draw_156
Female,0.9825765135801534,3,128.52853,pakistan,draw_156
Male,0.984676210964842,3,128.52853,pakistan,draw_156
Female,0.9823372107632355,2,128.63864,pakistan,draw_156
Male,0.983911618909689,2,128.63864,pakistan,draw_156
Female,0.9828874876949071,3,128.63864,pakistan,draw_156
Male,0.9849895058874674,3,128.63864,pakistan,draw_156
Female,0.982634477101438,2,128.74875,pakistan,draw_156
Male,0.9842900570915537,2,128.74875,pakistan,draw_156
Female,0.9832092801635101,3,128.74875,pakistan,draw_156
Male,0.9853134896670028,3,128.74875,pakistan,draw_156
Female,0.9829431568023119,2,128.85886,pakistan,draw_156
Male,0.984681320678517,2,128.85886,pakistan,draw_156
Female,0.9835445365964223,3,128.85886,pakistan,draw_156
Male,0.9856503369393474,3,128.85886,pakistan,draw_156
Female,0.9832609504343207,2,128.96897,pakistan,draw_156
Male,0.9850823062002281,2,128.96897,pakistan,draw_156
Female,0.9838905950576305,3,128.96897,pakistan,draw_156
Male,0.9859972335425643,3,128.96897,pakistan,draw_156
Female,0.9835875973146958,2,129.07908,pakistan,draw_156
Male,0.9854938832831508,2,129.07908,pakistan,draw_156
Female,0.984247216643008,3,129.07908,pakistan,draw_156
Male,0.986354719579256,3,129.07908,pakistan,draw_156
Female,0.9839232645901187,2,129.18919,pakistan,draw_156
Male,0.9859147638372021,2,129.18919,pakistan,draw_156
Female,0.9846145712358845,3,129.18919,pakistan,draw_156
Male,0.9867220579023314,3,129.18919,pakistan,draw_156
Female,0.9842679604305973,2,129.2993,pakistan,draw_156
Male,0.9863459192540283,2,129.2993,pakistan,draw_156
Female,0.9849927116885577,3,129.2993,pakistan,draw_156
Male,0.987099838694689,3,129.2993,pakistan,draw_156
Female,0.9846219103072934,2,129.40941,pakistan,draw_156
Male,0.986787464015944,2,129.40941,pakistan,draw_156
Female,0.9853817916349639,3,129.40941,pakistan,draw_156
Male,0.9874881149558506,3,129.40941,pakistan,draw_156
Female,0.984985902458964,2,129.51952,pakistan,draw_156
Male,0.9872402404176512,2,129.51952,pakistan,draw_156
Female,0.9857828837892363,3,129.51952,pakistan,draw_156
Male,0.9878879447513687,3,129.51952,pakistan,draw_156
Female,0.985360390437391,2,129.62963,pakistan,draw_156
Male,0.9877038579976158,2,129.62963,pakistan,draw_156
Female,0.9861962966144533,3,129.62963,pakistan,draw_156
Male,0.9882990173028969,3,129.62963,pakistan,draw_156
Female,0.9857437781984097,2,129.73974,pakistan,draw_156
Male,0.9881781418385034,2,129.73974,pakistan,draw_156
Female,0.9866203748926942,3,129.73974,pakistan,draw_156
Male,0.9887208418960719,3,129.73974,pakistan,draw_156
Female,0.9861368242882559,2,129.84985,pakistan,draw_156
Male,0.9886627141581381,2,129.84985,pakistan,draw_156
Female,0.9870557571810531,3,129.84985,pakistan,draw_156
Male,0.9891532034825863,3,129.84985,pakistan,draw_156
Female,0.9865387638149417,2,129.95996,pakistan,draw_156
Male,0.9891567756503368,2,129.95996,pakistan,draw_156
Female,0.9875018482319073,3,129.95996,pakistan,draw_156
Male,0.9895956301530414,3,129.95996,pakistan,draw_156
Female,0.986950038420038,2,130.07007,pakistan,draw_156
Male,0.9896616028443908,2,130.07007,pakistan,draw_156
Female,0.9879590184879944,3,130.07007,pakistan,draw_156
Male,0.9900488985037843,3,130.07007,pakistan,draw_156
Female,0.9873707799521025,2,130.18018,pakistan,draw_156
Male,0.9901762554487259,2,130.18018,pakistan,draw_156
Female,0.9884274464958999,3,130.18018,pakistan,draw_156
Male,0.9905125578643112,3,130.18018,pakistan,draw_156
Female,0.9878028816437113,2,130.29029,pakistan,draw_156
Male,0.9907033847070703,2,130.29029,pakistan,draw_156
Female,0.9889093906611249,3,130.29029,pakistan,draw_156
Male,0.9909891484679864,3,130.29029,pakistan,draw_156
Female,0.9882441529262037,2,130.4004,pakistan,draw_156
Male,0.9912405371085465,2,130.4004,pakistan,draw_156
Female,0.9894022995989608,3,130.4004,pakistan,draw_156
Male,0.9914762313477046,3,130.4004,pakistan,draw_156
Female,0.9886951279597336,2,130.51051,pakistan,draw_156
Male,0.9917880652867604,2,130.51051,pakistan,draw_156
Female,0.989906630436254,3,130.51051,pakistan,draw_156
Male,0.9919740290318351,3,130.51051,pakistan,draw_156
Female,0.9891553295522505,2,130.62062,pakistan,draw_156
Male,0.9923454467697138,2,130.62062,pakistan,draw_156
Female,0.9904218613508493,3,130.62062,pakistan,draw_156
Male,0.9924820966345581,3,130.62062,pakistan,draw_156
Female,0.9896236576498435,2,130.73073,pakistan,draw_156
Male,0.9929117928811594,2,130.73073,pakistan,draw_156
Female,0.9909469035528953,3,130.73073,pakistan,draw_156
Male,0.9929996296925312,3,130.73073,pakistan,draw_156
Female,0.9901001200472715,2,130.84084,pakistan,draw_156
Male,0.9934862810763699,2,130.84084,pakistan,draw_156
Female,0.9914815279473734,3,130.84084,pakistan,draw_156
Male,0.9935258771564689,3,130.84084,pakistan,draw_156
Female,0.990585432210969,2,130.95095,pakistan,draw_156
Male,0.9940703883858117,2,130.95095,pakistan,draw_156
Female,0.9920266800816873,3,130.95095,pakistan,draw_156
Male,0.994062236437463,3,130.95095,pakistan,draw_156
Female,0.9910793824213474,2,131.06106,pakistan,draw_156
Male,0.9946629375596009,2,131.06106,pakistan,draw_156
Female,0.9925821548278841,3,131.06106,pakistan,draw_156
Male,0.9946079033785801,3,131.06106,pakistan,draw_156
Female,0.9915809558347467,2,131.17117,pakistan,draw_156
Male,0.9952637938763578,2,131.17117,pakistan,draw_156
Female,0.9931468639120884,3,131.17117,pakistan,draw_156
Male,0.9951624541585198,3,131.17117,pakistan,draw_156
Female,0.9920906140733088,2,131.28128,pakistan,draw_156
Male,0.9958730633080708,2,131.28128,pakistan,draw_156
Female,0.9937211418879248,3,131.28128,pakistan,draw_156
Male,0.9957259786582618,3,131.28128,pakistan,draw_156
Female,0.9926087850008546,2,131.39139,pakistan,draw_156
Male,0.9964905829546759,2,131.39139,pakistan,draw_156
Female,0.994305338054452,3,131.39139,pakistan,draw_156
Male,0.9962983979741339,3,131.39139,pakistan,draw_156
Female,0.9931344968301619,2,131.5015,pakistan,draw_156
Male,0.9971172878591646,2,131.5015,pakistan,draw_156
Female,0.994898635722521,3,131.5015,pakistan,draw_156
Male,0.9968802331382737,3,131.5015,pakistan,draw_156
Female,0.993669042968783,2,131.61161,pakistan,draw_156
Male,0.9977522258341487,2,131.61161,pakistan,draw_156
Female,0.9955022005451961,3,131.61161,pakistan,draw_156
Male,0.9974710639941222,3,131.61161,pakistan,draw_156
Female,0.9942134865003428,2,131.72172,pakistan,draw_156
Male,0.9983975384892528,2,131.72172,pakistan,draw_156
Female,0.9961174416286964,3,131.72172,pakistan,draw_156
Male,0.9980728629854773,3,131.72172,pakistan,draw_156
Female,0.9947660598134503,2,131.83183,pakistan,draw_156
Male,0.9990517691505052,2,131.83183,pakistan,draw_156
Female,0.9967423147911599,3,131.83183,pakistan,draw_156
Male,0.9986839865680368,3,131.83183,pakistan,draw_156
Female,0.995327366898216,2,131.94194,pakistan,draw_156
Male,0.9997145076151498,2,131.94194,pakistan,draw_156
Female,0.9973773209576055,3,131.94194,pakistan,draw_156
Male,0.9993042340071129,3,131.94194,pakistan,draw_156
Female,0.995896410478892,2,132.05205,pakistan,draw_156
Male,1.000385775475471,2,132.05205,pakistan,draw_156
Female,0.9980217101505183,3,132.05205,pakistan,draw_156
Male,0.9999336151356967,3,132.05205,pakistan,draw_156
Female,0.9964741652807746,2,132.16216,pakistan,draw_156
Male,1.0010655366979224,2,132.16216,pakistan,draw_156
Female,0.99867620250787,3,132.16216,pakistan,draw_156
Male,1.0005720626009547,3,132.16216,pakistan,draw_156
Female,0.9970597350976512,2,132.27227,pakistan,draw_156
Male,1.0017535474486252,2,132.27227,pakistan,draw_156
Female,0.9993397948729147,3,132.27227,pakistan,draw_156
Male,1.0012192082244278,3,132.27227,pakistan,draw_156
Female,0.9976527950062452,2,132.38238,pakistan,draw_156
Male,1.0024485004266013,2,132.38238,pakistan,draw_156
Female,1.0000120184076244,3,132.38238,pakistan,draw_156
Male,1.0018740512041127,3,132.38238,pakistan,draw_156
Female,0.998252339899918,2,132.49249,pakistan,draw_156
Male,1.0031506490632802,2,132.49249,pakistan,draw_156
Female,1.0006917743515402,3,132.49249,pakistan,draw_156
Male,1.002536237408268,3,132.49249,pakistan,draw_156
Female,0.9988576064799622,2,132.6026,pakistan,draw_156
Male,1.003858798876576,2,132.6026,pakistan,draw_156
Female,1.0013780358671849,3,132.6026,pakistan,draw_156
Male,1.0032046768595304,3,132.6026,pakistan,draw_156
Female,0.9994689513388809,2,132.71271,pakistan,draw_156
Male,1.0045726781389983,2,132.71271,pakistan,draw_156
Female,1.0020710463356906,3,132.71271,pakistan,draw_156
Male,1.0038792164350345,3,132.71271,pakistan,draw_156
Female,1.0000863817821863,2,132.82282,pakistan,draw_156
Male,1.0052922484888203,2,132.82282,pakistan,draw_156
Female,1.0027709134218534,3,132.82282,pakistan,draw_156
Male,1.0045598615944726,3,132.82282,pakistan,draw_156
Female,1.000709410743555,2,132.93293,pakistan,draw_156
Male,1.0060183385987367,2,132.93293,pakistan,draw_156
Female,1.003477267089844,3,132.93293,pakistan,draw_156
Male,1.0052471040156497,3,132.93293,pakistan,draw_156
Female,1.001338602974662,2,133.04304,pakistan,draw_156
Male,1.006749982954746,2,133.04304,pakistan,draw_156
Female,1.0041906161689789,3,133.04304,pakistan,draw_156
Male,1.005940473793727,3,133.04304,pakistan,draw_156
Female,1.0019749764009123,2,133.15315,pakistan,draw_156
Male,1.0074889323241445,2,133.15315,pakistan,draw_156
Female,1.0049121061815398,3,133.15315,pakistan,draw_156
Male,1.0066414212875345,3,133.15315,pakistan,draw_156
Female,1.0026170866948034,2,133.26326,pakistan,draw_156
Male,1.0082332885594756,2,133.26326,pakistan,draw_156
Female,1.0056401668095798,3,133.26326,pakistan,draw_156
Male,1.0073483807728987,3,133.26326,pakistan,draw_156
Female,1.0032657388203459,2,133.37337,pakistan,draw_156
Male,1.0089845816575878,2,133.37337,pakistan,draw_156
Female,1.006375408279946,3,133.37337,pakistan,draw_156
Male,1.0080622834599362,3,133.37337,pakistan,draw_156
Female,1.0039204005107139,2,133.48348,pakistan,draw_156
Male,1.009742086784459,2,133.48348,pakistan,draw_156
Female,1.007117456702198,3,133.48348,pakistan,draw_156
Male,1.0087826898620713,3,133.48348,pakistan,draw_156
Female,1.0045812872162452,2,133.59359,pakistan,draw_156
Male,1.010505236592117,2,133.59359,pakistan,draw_156
Female,1.0078664630690994,3,133.59359,pakistan,draw_156
Male,1.00950926599324,3,133.59359,pakistan,draw_156
Female,1.0052489830690428,2,133.7037,pakistan,draw_156
Male,1.011275428416601,2,133.7037,pakistan,draw_156
Female,1.0086229592879865,3,133.7037,pakistan,draw_156
Male,1.0102428471220812,3,133.7037,pakistan,draw_156
Female,1.005923450976427,2,133.81381,pakistan,draw_156
Male,1.012052146800406,2,133.81381,pakistan,draw_156
Female,1.0093872149949668,3,133.81381,pakistan,draw_156
Male,1.010983564224508,3,133.81381,pakistan,draw_156
Female,1.0066049339275531,2,133.92392,pakistan,draw_156
Male,1.0128361590975252,2,133.92392,pakistan,draw_156
Female,1.0101591399222725,3,133.92392,pakistan,draw_156
Male,1.0117316251445267,3,133.92392,pakistan,draw_156
Female,1.007292711192948,2,134.03403,pakistan,draw_156
Male,1.0136256783803141,2,134.03403,pakistan,draw_156
Female,1.0109380776925732,3,134.03403,pakistan,draw_156
Male,1.0124858492077242,3,134.03403,pakistan,draw_156
Female,1.0079877010658398,2,134.14414,pakistan,draw_156
Male,1.0144222512938925,2,134.14414,pakistan,draw_156
Female,1.011724754049824,3,134.14414,pakistan,draw_156
Male,1.013247134587852,3,134.14414,pakistan,draw_156
Female,1.0086895821912198,2,134.25425,pakistan,draw_156
Male,1.0152260203727843,2,134.25425,pakistan,draw_156
Female,1.0125189954670308,3,134.25425,pakistan,draw_156
Male,1.0140155430133053,3,134.25425,pakistan,draw_156
Female,1.009397467779659,2,134.36436,pakistan,draw_156
Male,1.0160360505273252,2,134.36436,pakistan,draw_156
Female,1.0133200606953223,3,134.36436,pakistan,draw_156
Male,1.0147905673918525,3,134.36436,pakistan,draw_156
Female,1.0101126004981145,2,134.47447,pakistan,draw_156
Male,1.0168532176841458,2,134.47447,pakistan,draw_156
Female,1.0141290449552514,3,134.47447,pakistan,draw_156
Male,1.0155728880809596,3,134.47447,pakistan,draw_156
Female,1.0108356088073462,2,134.58458,pakistan,draw_156
Male,1.0176782659663306,2,134.58458,pakistan,draw_156
Female,1.01494667081307,3,134.58458,pakistan,draw_156
Male,1.0163633612665814,3,134.58458,pakistan,draw_156
Female,1.011565246971023,2,134.69469,pakistan,draw_156
Male,1.018509754914504,2,134.69469,pakistan,draw_156
Female,1.0157715272205017,3,134.69469,pakistan,draw_156
Male,1.0171606022563866,3,134.69469,pakistan,draw_156
Female,1.0123020791634054,2,134.8048,pakistan,draw_156
Male,1.019348629636345,2,134.8048,pakistan,draw_156
Female,1.0166040944286325,3,134.8048,pakistan,draw_156
Male,1.0179651919695314,3,134.8048,pakistan,draw_156
Female,1.0130461665260349,2,134.91491,pakistan,draw_156
Male,1.020193733489505,2,134.91491,pakistan,draw_156
Female,1.0174444902451838,3,134.91491,pakistan,draw_156
Male,1.0187764653916456,3,134.91491,pakistan,draw_156
Female,1.0137972985022852,2,135.02503,pakistan,draw_156
Male,1.021046497018679,2,135.02503,pakistan,draw_156
Female,1.0182925006118984,3,135.02503,pakistan,draw_156
Male,1.0195953118912997,3,135.02503,pakistan,draw_156
Female,1.0143716033168204,2,135.13514,pakistan,draw_156
Male,1.0217129659910298,2,135.13514,pakistan,draw_156
Female,1.0189288099227591,3,135.13514,pakistan,draw_156
Male,1.0202125618626032,3,135.13514,pakistan,draw_156
Female,1.0147261729002974,2,135.24525,pakistan,draw_156
Male,1.02214544218925,2,135.24525,pakistan,draw_156
Female,1.019302333470588,3,135.24525,pakistan,draw_156
Male,1.0205779210277381,3,135.24525,pakistan,draw_156
Female,1.0150825082115345,2,135.35536,pakistan,draw_156
Male,1.0225799423134487,2,135.35536,pakistan,draw_156
Female,1.0196780094931024,3,135.35536,pakistan,draw_156
Male,1.0209454946577814,3,135.35536,pakistan,draw_156
Female,1.0154405262045512,2,135.46547,pakistan,draw_156
Male,1.0230169164472238,2,135.46547,pakistan,draw_156
Female,1.0200557446753324,3,135.46547,pakistan,draw_156
Male,1.021315470790494,3,135.46547,pakistan,draw_156
Female,1.0158005660822087,2,135.57558,pakistan,draw_156
Male,1.0234547383743169,2,135.57558,pakistan,draw_156
Female,1.0204358359505752,3,135.57558,pakistan,draw_156
Male,1.0216869399842856,3,135.57558,pakistan,draw_156
Female,1.0161624679990915,2,135.68569,pakistan,draw_156
Male,1.0238938448282133,2,135.68569,pakistan,draw_156
Female,1.0208181659370181,3,135.68569,pakistan,draw_156
Male,1.0220601672666938,3,135.68569,pakistan,draw_156
Female,1.0165256634075093,2,135.7958,pakistan,draw_156
Male,1.024333821524299,2,135.7958,pakistan,draw_156
Female,1.021202251394901,3,135.7958,pakistan,draw_156
Male,1.0224348817815547,3,135.7958,pakistan,draw_156
Female,1.0168905469672613,2,135.90591,pakistan,draw_156
Male,1.0247748774805214,2,135.90591,pakistan,draw_156
Female,1.0215884404523892,3,135.90591,pakistan,draw_156
Male,1.0228112850519546,3,135.90591,pakistan,draw_156
Female,1.017257006304526,2,136.01602,pakistan,draw_156
Male,1.0252175993236015,2,136.01602,pakistan,draw_156
Female,1.0219768011201253,3,136.01602,pakistan,draw_156
Male,1.0231898563357305,3,136.01602,pakistan,draw_156
Female,1.0176246665817845,2,136.12613,pakistan,draw_156
Male,1.0256602070549081,2,136.12613,pakistan,draw_156
Female,1.0223668626696234,3,136.12613,pakistan,draw_156
Male,1.0235693843966138,3,136.12613,pakistan,draw_156
Female,1.0179937545592732,2,136.23624,pakistan,draw_156
Male,1.0261041414558618,2,136.23624,pakistan,draw_156
Female,1.022758835650641,3,136.23624,pakistan,draw_156
Male,1.0239507072359963,3,136.23624,pakistan,draw_156
Female,1.018364532512611,2,136.34635,pakistan,draw_156
Male,1.0265486467544978,2,136.34635,pakistan,draw_156
Female,1.023152900855678,3,136.34635,pakistan,draw_156
Male,1.024333392778743,3,136.34635,pakistan,draw_156
Female,1.0187363756356338,2,136.45646,pakistan,draw_156
Male,1.02699445676033,2,136.45646,pakistan,draw_156
Female,1.0235485668490472,3,136.45646,pakistan,draw_156
Male,1.024717841351765,3,136.45646,pakistan,draw_156
Female,1.0191098090117334,2,136.56657,pakistan,draw_156
Male,1.0274406010568875,2,136.56657,pakistan,draw_156
Female,1.0239462432861461,3,136.56657,pakistan,draw_156
Male,1.0251035236102217,3,136.56657,pakistan,draw_156
Female,1.0194847823372004,2,136.67668,pakistan,draw_156
Male,1.02788803730967,2,136.67668,pakistan,draw_156
Female,1.0243460427806659,3,136.67668,pakistan,draw_156
Male,1.0254911532992517,3,136.67668,pakistan,draw_156
Female,1.0198613395414016,2,136.78679,pakistan,draw_156
Male,1.0283366846625468,2,136.78679,pakistan,draw_156
Female,1.0247479301794666,3,136.78679,pakistan,draw_156
Male,1.0258805865964085,3,136.78679,pakistan,draw_156
Female,1.0202389958906497,2,136.8969,pakistan,draw_156
Male,1.0287848504618455,2,136.8969,pakistan,draw_156
Female,1.0251514472062397,3,136.8969,pakistan,draw_156
Male,1.0262707963498285,3,136.8969,pakistan,draw_156
Female,1.02061824713522,2,137.00701,pakistan,draw_156
Male,1.0292344581896073,2,137.00701,pakistan,draw_156
Female,1.0255570087871142,3,137.00701,pakistan,draw_156
Male,1.0266628731974454,3,137.00701,pakistan,draw_156
Female,1.0209988182162395,2,137.11712,pakistan,draw_156
Male,1.0296856954155393,2,137.11712,pakistan,draw_156
Female,1.0259643773311748,3,137.11712,pakistan,draw_156
Male,1.0270569214496807,3,137.11712,pakistan,draw_156
Female,1.0213806741073261,2,137.22723,pakistan,draw_156
Male,1.0301368218163636,2,137.22723,pakistan,draw_156
Female,1.0263735229592124,3,137.22723,pakistan,draw_156
Male,1.0274519694153021,3,137.22723,pakistan,draw_156
Female,1.021764093197991,2,137.33734,pakistan,draw_156
Male,1.0305889910451014,2,137.33734,pakistan,draw_156
Female,1.0267847200159899,3,137.33734,pakistan,draw_156
Male,1.0278487356892196,3,137.33734,pakistan,draw_156
Female,1.0221496883891619,2,137.44745,pakistan,draw_156
Male,1.0310425865096648,2,137.44745,pakistan,draw_156
Female,1.0271985203578817,3,137.44745,pakistan,draw_156
Male,1.0282475338182915,3,137.44745,pakistan,draw_156
Female,1.0225361604277694,2,137.55756,pakistan,draw_156
Male,1.0314967445369334,2,137.55756,pakistan,draw_156
Female,1.0276138071855847,3,137.55756,pakistan,draw_156
Male,1.0286477180111406,3,137.55756,pakistan,draw_156
Female,1.0229240655210936,2,137.66767,pakistan,draw_156
Male,1.0319518909014824,2,137.66767,pakistan,draw_156
Female,1.028031001141807,3,137.66767,pakistan,draw_156
Male,1.0290495337135575,3,137.66767,pakistan,draw_156
Female,1.0233135602501202,2,137.77778,pakistan,draw_156
Male,1.032407590874942,2,137.77778,pakistan,draw_156
Female,1.0284502350033555,3,137.77778,pakistan,draw_156
Male,1.0294527502070123,3,137.77778,pakistan,draw_156
Female,1.0237044459962223,2,137.88789,pakistan,draw_156
Male,1.0328637863497792,2,137.88789,pakistan,draw_156
Female,1.0288713532252103,3,137.88789,pakistan,draw_156
Male,1.0298572977090181,3,137.88789,pakistan,draw_156
Female,1.0240967552927736,2,137.998,pakistan,draw_156
Male,1.033321067153881,2,137.998,pakistan,draw_156
Female,1.0292944020570498,3,137.998,pakistan,draw_156
Male,1.0302635079379552,3,137.998,pakistan,draw_156
Female,1.024490591298005,2,138.10811,pakistan,draw_156
Male,1.0337802101999807,2,138.10811,pakistan,draw_156
Female,1.0297195773241234,3,138.10811,pakistan,draw_156
Male,1.0306720435674905,3,138.10811,pakistan,draw_156
Female,1.0248862466202326,2,138.21822,pakistan,draw_156
Male,1.0342392024252307,2,138.21822,pakistan,draw_156
Female,1.0301469730544637,3,138.21822,pakistan,draw_156
Male,1.0310816309437405,3,138.21822,pakistan,draw_156
Female,1.0252832222830792,2,138.32833,pakistan,draw_156
Male,1.0346991000402093,2,138.32833,pakistan,draw_156
Female,1.0305761525960888,3,138.32833,pakistan,draw_156
Male,1.031492796215174,3,138.32833,pakistan,draw_156
Female,1.0256817728874572,2,138.43844,pakistan,draw_156
Male,1.0351602609873911,2,138.43844,pakistan,draw_156
Female,1.0310073192132747,3,138.43844,pakistan,draw_156
Male,1.0319057633750022,3,138.43844,pakistan,draw_156
Female,1.0260819588686727,2,138.54855,pakistan,draw_156
Male,1.0356215299213638,2,138.54855,pakistan,draw_156
Female,1.0314405334483026,3,138.54855,pakistan,draw_156
Male,1.0323198819608363,3,138.54855,pakistan,draw_156
Female,1.0264831473394882,2,138.65866,pakistan,draw_156
Male,1.0360842253774005,2,138.65866,pakistan,draw_156
Female,1.0318752745003592,3,138.65866,pakistan,draw_156
Male,1.0327358869384065,3,138.65866,pakistan,draw_156
Female,1.0268864862173612,2,138.76877,pakistan,draw_156
Male,1.036547604451954,2,138.76877,pakistan,draw_156
Female,1.0323125460684435,3,138.76877,pakistan,draw_156
Male,1.0331534268120768,3,138.76877,pakistan,draw_156
Female,1.027291381685705,2,138.87888,pakistan,draw_156
Male,1.0370115056202596,2,138.87888,pakistan,draw_156
Female,1.0327519271593555,3,138.87888,pakistan,draw_156
Male,1.0335725092083123,3,138.87888,pakistan,draw_156
Female,1.0276976802586846,2,138.98899,pakistan,draw_156
Male,1.0374765356178197,2,138.98899,pakistan,draw_156
Female,1.0331931854702403,3,138.98899,pakistan,draw_156
Male,1.0339933370436076,3,138.98899,pakistan,draw_156
Female,1.0281052659187357,2,139.0991,pakistan,draw_156
Male,1.0379423058557014,2,139.0991,pakistan,draw_156
Female,1.033636204408288,3,139.0991,pakistan,draw_156
Male,1.0344156897442927,3,139.0991,pakistan,draw_156
Female,1.028514593798378,2,139.20921,pakistan,draw_156
Male,1.0384085645632066,2,139.20921,pakistan,draw_156
Female,1.0340813745119732,3,139.20921,pakistan,draw_156
Male,1.0348394173790787,3,139.20921,pakistan,draw_156
Female,1.028925294264298,2,139.31932,pakistan,draw_156
Male,1.0388757778436482,2,139.31932,pakistan,draw_156
Female,1.0345284183496135,3,139.31932,pakistan,draw_156
Male,1.0352647781090434,3,139.31932,pakistan,draw_156
Female,1.0293374256330887,2,139.42943,pakistan,draw_156
Male,1.039343852156304,2,139.42943,pakistan,draw_156
Female,1.0349772905381747,3,139.42943,pakistan,draw_156
Male,1.0356917235434697,3,139.42943,pakistan,draw_156
Female,1.0297516332667402,2,139.53954,pakistan,draw_156
Male,1.0398132305795649,2,139.53954,pakistan,draw_156
Female,1.035428683484988,3,139.53954,pakistan,draw_156
Male,1.0361207027600967,3,139.53954,pakistan,draw_156
Female,1.0301672517414173,2,139.64965,pakistan,draw_156
Male,1.040283033322103,2,139.64965,pakistan,draw_156
Female,1.0358819397609287,3,139.64965,pakistan,draw_156
Male,1.0365510635375865,3,139.64965,pakistan,draw_156
Female,1.0305845423277493,2,139.75976,pakistan,draw_156
Male,1.040753241238736,2,139.75976,pakistan,draw_156
Female,1.0363372869183949,3,139.75976,pakistan,draw_156
Male,1.0369827737688648,3,139.75976,pakistan,draw_156
Female,1.0310030543150486,2,139.86987,pakistan,draw_156
Male,1.041224461219868,2,139.86987,pakistan,draw_156
Female,1.0367943394481494,3,139.86987,pakistan,draw_156
Male,1.0374161595493367,3,139.86987,pakistan,draw_156
Female,1.0314228593140677,2,139.97998,pakistan,draw_156
Male,1.0416959900441611,2,139.97998,pakistan,draw_156
Female,1.0372531454700054,3,139.97998,pakistan,draw_156
Male,1.037850838947961,3,139.97998,pakistan,draw_156
Female,1.031844485561245,2,140.09009,pakistan,draw_156
Male,1.0421691474007242,2,140.09009,pakistan,draw_156
Female,1.0377141547969637,3,140.09009,pakistan,draw_156
Male,1.0382875301740246,3,140.09009,pakistan,draw_156
Female,1.0322674496567035,2,140.2002,pakistan,draw_156
Male,1.042642300148965,2,140.2002,pakistan,draw_156
Female,1.0381770409654256,3,140.2002,pakistan,draw_156
Male,1.0387254059668514,3,140.2002,pakistan,draw_156
Female,1.0326922937269396,2,140.31031,pakistan,draw_156
Male,1.0431165710960133,2,140.31031,pakistan,draw_156
Female,1.0386422551248449,3,140.31031,pakistan,draw_156
Male,1.0391651503431476,3,140.31031,pakistan,draw_156
Female,1.033118979986323,2,140.42042,pakistan,draw_156
Male,1.0435917819127123,2,140.42042,pakistan,draw_156
Female,1.0391097014538258,3,140.42042,pakistan,draw_156
Male,1.03960651593403,3,140.42042,pakistan,draw_156
Female,1.033546828181237,2,140.53053,pakistan,draw_156
Male,1.0440675710471543,2,140.53053,pakistan,draw_156
Female,1.0395788231347467,3,140.53053,pakistan,draw_156
Male,1.040049314913191,3,140.53053,pakistan,draw_156
Female,1.0339763223798577,2,140.64064,pakistan,draw_156
Male,1.0445435816285606,2,140.64064,pakistan,draw_156
Female,1.040049979675574,3,140.64064,pakistan,draw_156
Male,1.0404933675040307,3,140.64064,pakistan,draw_156
Female,1.0344069765669939,2,140.75075,pakistan,draw_156
Male,1.0450209933478356,2,140.75075,pakistan,draw_156
Female,1.0405228153726855,3,140.75075,pakistan,draw_156
Male,1.0409392888098326,3,140.75075,pakistan,draw_156
Female,1.0348396657634882,2,140.86086,pakistan,draw_156
Male,1.0454986523989587,2,140.86086,pakistan,draw_156
Female,1.0409979991693403,3,140.86086,pakistan,draw_156
Male,1.0413864389907894,3,140.86086,pakistan,draw_156
Female,1.0352734035696893,2,140.97097,pakistan,draw_156
Male,1.0459781224984483,2,140.97097,pakistan,draw_156
Female,1.0414749145113236,3,140.97097,pakistan,draw_156
Male,1.041835898877727,3,140.97097,pakistan,draw_156
Female,1.0357098822388278,2,141.08108,pakistan,draw_156
Male,1.0464574558678148,2,141.08108,pakistan,draw_156
Female,1.0419547192789824,3,141.08108,pakistan,draw_156
Male,1.0422864253017605,3,141.08108,pakistan,draw_156
Female,1.0361471597476464,2,141.19119,pakistan,draw_156
Male,1.046938032403462,2,141.19119,pakistan,draw_156
Female,1.042435885507336,3,141.19119,pakistan,draw_156
Male,1.0427387393320358,3,141.19119,pakistan,draw_156
Female,1.0365857379045793,2,141.3013,pakistan,draw_156
Male,1.0474191631091891,2,141.3013,pakistan,draw_156
Female,1.0429188287909947,3,141.3013,pakistan,draw_156
Male,1.0431924732453177,3,141.3013,pakistan,draw_156
Female,1.0370260889344918,2,141.41141,pakistan,draw_156
Male,1.0479004348279346,2,141.41141,pakistan,draw_156
Female,1.0434039247641202,3,141.41141,pakistan,draw_156
Male,1.0436473809116806,3,141.41141,pakistan,draw_156
Female,1.0374679046602877,2,141.52152,pakistan,draw_156
Male,1.0483824381653057,2,141.52152,pakistan,draw_156
Female,1.0438908838700913,3,141.52152,pakistan,draw_156
Male,1.0441037947454157,3,141.52152,pakistan,draw_156
Female,1.0379112180970727,2,141.63163,pakistan,draw_156
Male,1.0488652186884762,2,141.63163,pakistan,draw_156
Female,1.0443797671730077,3,141.63163,pakistan,draw_156
Male,1.0445618306787474,3,141.63163,pakistan,draw_156
Female,1.038356536472344,2,141.74174,pakistan,draw_156
Male,1.0493495536899373,2,141.74174,pakistan,draw_156
Female,1.0448709934781455,3,141.74174,pakistan,draw_156
Male,1.0450219286029028,3,141.74174,pakistan,draw_156
Female,1.0388033098777996,2,141.85185,pakistan,draw_156
Male,1.0498338482796414,2,141.85185,pakistan,draw_156
Female,1.0453640639629331,3,141.85185,pakistan,draw_156
Male,1.0454830820786547,3,141.85185,pakistan,draw_156
Female,1.0392512182113418,2,141.96196,pakistan,draw_156
Male,1.0503191635961695,2,141.96196,pakistan,draw_156
Female,1.0458587551061105,3,141.96196,pakistan,draw_156
Male,1.045945883592486,3,141.96196,pakistan,draw_156
Female,1.0397010190414329,2,142.07207,pakistan,draw_156
Male,1.0508049203919814,2,142.07207,pakistan,draw_156
Female,1.0463556637448566,3,142.07207,pakistan,draw_156
Male,1.0464100098476887,3,142.07207,pakistan,draw_156
Female,1.040152148115667,2,142.18218,pakistan,draw_156
Male,1.0512903900205277,2,142.18218,pakistan,draw_156
Female,1.0468542995513797,3,142.18218,pakistan,draw_156
Male,1.046875059744298,3,142.18218,pakistan,draw_156
Female,1.0406045507142698,2,142.29229,pakistan,draw_156
Male,1.0517772727878913,2,142.29229,pakistan,draw_156
Female,1.0473546467036599,3,142.29229,pakistan,draw_156
Male,1.0473419789174863,3,142.29229,pakistan,draw_156
Female,1.0410592890626233,2,142.4024,pakistan,draw_156
Male,1.052265320660169,2,142.4024,pakistan,draw_156
Female,1.0478576617792268,3,142.4024,pakistan,draw_156
Male,1.0478108415837568,3,142.4024,pakistan,draw_156
Female,1.0415157554286485,2,142.51251,pakistan,draw_156
Male,1.0527540102031823,2,142.51251,pakistan,draw_156
Female,1.0483626962209864,3,142.51251,pakistan,draw_156
Male,1.0482811619042824,3,142.51251,pakistan,draw_156
Female,1.0419734976596888,2,142.62262,pakistan,draw_156
Male,1.0532433434916022,2,142.62262,pakistan,draw_156
Female,1.0488694463837485,3,142.62262,pakistan,draw_156
Male,1.0487529140260958,3,142.62262,pakistan,draw_156
Female,1.0424326657161203,2,142.73273,pakistan,draw_156
Male,1.05373303298086,2,142.73273,pakistan,draw_156
Female,1.049377963284236,3,142.73273,pakistan,draw_156
Male,1.0492259461677043,3,142.73273,pakistan,draw_156
Female,1.0428934086726147,2,142.84284,pakistan,draw_156
Male,1.0542228032156262,2,142.84284,pakistan,draw_156
Female,1.0498883609392105,3,142.84284,pakistan,draw_156
Male,1.0497000900172635,3,142.84284,pakistan,draw_156
Female,1.0433558523403264,2,142.95295,pakistan,draw_156
Male,1.0547139366148415,2,142.95295,pakistan,draw_156
Female,1.0504007519094878,3,142.95295,pakistan,draw_156
Male,1.0501760632269257,3,142.95295,pakistan,draw_156
Female,1.0438196481690274,2,143.06306,pakistan,draw_156
Male,1.0552058831534492,2,143.06306,pakistan,draw_156
Female,1.0509149603887298,3,143.06306,pakistan,draw_156
Male,1.0506536477245345,3,143.06306,pakistan,draw_156
Female,1.044285188689004,2,143.17317,pakistan,draw_156
Male,1.0556987458112006,2,143.17317,pakistan,draw_156
Female,1.051431263765263,3,143.17317,pakistan,draw_156
Male,1.0511329135169913,3,143.17317,pakistan,draw_156
Female,1.0447527217725272,2,143.28328,pakistan,draw_156
Male,1.0561922197698599,2,143.28328,pakistan,draw_156
Female,1.0519497339520343,3,143.28328,pakistan,draw_156
Male,1.0516135763560086,3,143.28328,pakistan,draw_156
Female,1.045221484060198,2,143.39339,pakistan,draw_156
Male,1.0566861302888029,2,143.39339,pakistan,draw_156
Female,1.0524698039724205,3,143.39339,pakistan,draw_156
Male,1.0520955444956241,3,143.39339,pakistan,draw_156
Female,1.045691658948578,2,143.5035,pakistan,draw_156
Male,1.0571810939224768,2,143.5035,pakistan,draw_156
Female,1.0529916046761294,3,143.5035,pakistan,draw_156
Male,1.052579130301175,3,143.5035,pakistan,draw_156
Female,1.046163338104573,2,143.61361,pakistan,draw_156
Male,1.057676106923559,2,143.61361,pakistan,draw_156
Female,1.0535152125963865,3,143.61361,pakistan,draw_156
Male,1.0530637786386083,3,143.61361,pakistan,draw_156
Female,1.0466365117268603,2,143.72372,pakistan,draw_156
Male,1.0581717511878181,2,143.72372,pakistan,draw_156
Female,1.054040633374579,3,143.72372,pakistan,draw_156
Male,1.053549822843087,3,143.72372,pakistan,draw_156
Female,1.0471118060740054,2,143.83383,pakistan,draw_156
Male,1.0586684895076641,2,143.83383,pakistan,draw_156
Female,1.054568509782097,3,143.83383,pakistan,draw_156
Male,1.0540377410977797,3,143.83383,pakistan,draw_156
Female,1.0475884932788633,2,143.94394,pakistan,draw_156
Male,1.059165815082787,2,143.94394,pakistan,draw_156
Female,1.0550981147993925,3,143.94394,pakistan,draw_156
Male,1.0545270124356225,3,143.94394,pakistan,draw_156
Female,1.0480666991290721,2,144.05405,pakistan,draw_156
Male,1.0596638667456142,2,144.05405,pakistan,draw_156
Female,1.0556295119126247,3,144.05405,pakistan,draw_156
Male,1.0550177224850619,3,144.05405,pakistan,draw_156
Female,1.0485462047695964,2,144.16416,pakistan,draw_156
Male,1.0601625800581715,2,144.16416,pakistan,draw_156
Female,1.0561625279371523,3,144.16416,pakistan,draw_156
Male,1.0555098251998598,3,144.16416,pakistan,draw_156
Female,1.0490272553155926,2,144.27427,pakistan,draw_156
Male,1.0606613303449046,2,144.27427,pakistan,draw_156
Female,1.0566973799037844,3,144.27427,pakistan,draw_156
Male,1.0560029895296432,3,144.27427,pakistan,draw_156
Female,1.0495096645233304,2,144.38438,pakistan,draw_156
Male,1.0611604317710979,2,144.38438,pakistan,draw_156
Female,1.0572338714142127,3,144.38438,pakistan,draw_156
Male,1.0564973826166382,3,144.38438,pakistan,draw_156
Female,1.049994438387061,2,144.49449,pakistan,draw_156
Male,1.0616611968181424,2,144.49449,pakistan,draw_156
Female,1.0577728811940776,3,144.49449,pakistan,draw_156
Male,1.0569938270048453,3,144.49449,pakistan,draw_156
Female,1.0504804273167736,2,144.6046,pakistan,draw_156
Male,1.0621622444790548,2,144.6046,pakistan,draw_156
Female,1.0583135177895635,3,144.6046,pakistan,draw_156
Male,1.0574915230191149,3,144.6046,pakistan,draw_156
Female,1.050967794897402,2,144.71471,pakistan,draw_156
Male,1.0626636185841427,2,144.71471,pakistan,draw_156
Female,1.058855768276195,3,144.71471,pakistan,draw_156
Male,1.0579904134335245,3,144.71471,pakistan,draw_156
Female,1.051457053457554,2,144.82482,pakistan,draw_156
Male,1.0631654111870195,2,144.82482,pakistan,draw_156
Female,1.059400077374841,3,144.82482,pakistan,draw_156
Male,1.0584905413098198,3,144.82482,pakistan,draw_156
Female,1.0519474512161815,2,144.93493,pakistan,draw_156
Male,1.0636680498997484,2,144.93493,pakistan,draw_156
Female,1.059945912808781,3,144.93493,pakistan,draw_156
Male,1.0589921225982921,3,144.93493,pakistan,draw_156
Female,1.0524392038203028,2,145.04505,pakistan,draw_156
Male,1.064170603912827,2,145.04505,pakistan,draw_156
Female,1.0604934116808673,3,145.04505,pakistan,draw_156
Male,1.0594946689078515,3,145.04505,pakistan,draw_156
Female,1.0529328482080669,2,145.15516,pakistan,draw_156
Male,1.0646742943592675,2,145.15516,pakistan,draw_156
Female,1.0610430005084692,3,145.15516,pakistan,draw_156
Male,1.0599988076357514,3,145.15516,pakistan,draw_156
Female,1.0534280938627718,2,145.26527,pakistan,draw_156
Male,1.0651782108501402,2,145.26527,pakistan,draw_156
Female,1.0615945833142466,3,145.26527,pakistan,draw_156
Male,1.060504225361586,3,145.26527,pakistan,draw_156
Female,1.0539245555112777,2,145.37538,pakistan,draw_156
Male,1.0656833145134736,2,145.37538,pakistan,draw_156
Female,1.062147697301972,3,145.37538,pakistan,draw_156
Male,1.0610112435977643,3,145.37538,pakistan,draw_156
Female,1.054422795309784,2,145.48549,pakistan,draw_156
Male,1.0661883849106586,2,145.48549,pakistan,draw_156
Female,1.0627027428272675,3,145.48549,pakistan,draw_156
Male,1.0615191999844769,3,145.48549,pakistan,draw_156
Female,1.0549224651110303,2,145.5956,pakistan,draw_156
Male,1.0666937642623542,2,145.5956,pakistan,draw_156
Female,1.063259406563335,3,145.5956,pakistan,draw_156
Male,1.0620282997519475,3,145.5956,pakistan,draw_156
Female,1.0554234823752378,2,145.70571,pakistan,draw_156
Male,1.0672004447177825,2,145.70571,pakistan,draw_156
Female,1.0638176534366632,3,145.70571,pakistan,draw_156
Male,1.0625390955413763,3,145.70571,pakistan,draw_156
Female,1.0559256776155495,2,145.81582,pakistan,draw_156
Male,1.0677071418399413,2,145.81582,pakistan,draw_156
Female,1.0643773970606103,3,145.81582,pakistan,draw_156
Male,1.0630508693660052,3,145.81582,pakistan,draw_156
Female,1.0564295915544466,2,145.92593,pakistan,draw_156
Male,1.0682145936038252,2,145.92593,pakistan,draw_156
Female,1.0649390725869154,3,145.92593,pakistan,draw_156
Male,1.0635641002058063,3,145.92593,pakistan,draw_156
Female,1.056935093964538,2,146.03604,pakistan,draw_156
Male,1.0687227391480993,2,146.03604,pakistan,draw_156
Female,1.0655025831876503,3,146.03604,pakistan,draw_156
Male,1.0640787250265062,3,146.03604,pakistan,draw_156
Female,1.0574424528625657,2,146.14615,pakistan,draw_156
Male,1.0692314112795887,2,146.14615,pakistan,draw_156
Female,1.066068095578186,3,146.14615,pakistan,draw_156
Male,1.0645945700493646,3,146.14615,pakistan,draw_156
Female,1.0579509295345015,2,146.25626,pakistan,draw_156
Male,1.0697404264616344,2,146.25626,pakistan,draw_156
Female,1.0666350153867539,3,146.25626,pakistan,draw_156
Male,1.0651115739468093,3,146.25626,pakistan,draw_156
Female,1.0584605517459864,2,146.36637,pakistan,draw_156
Male,1.0702498292411975,2,146.36637,pakistan,draw_156
Female,1.067203315324576,3,146.36637,pakistan,draw_156
Male,1.0656297117474172,3,146.36637,pakistan,draw_156
Female,1.0589717966935175,2,146.47648,pakistan,draw_156
Male,1.0707596696721557,2,146.47648,pakistan,draw_156
Female,1.067773320868164,3,146.47648,pakistan,draw_156
Male,1.066149003962042,3,146.47648,pakistan,draw_156
Female,1.0594848633282692,2,146.58659,pakistan,draw_156
Male,1.0712699775639307,2,146.58659,pakistan,draw_156
Female,1.0683451815813776,3,146.58659,pakistan,draw_156
Male,1.066669474059027,3,146.58659,pakistan,draw_156
Female,1.059999413776336,2,146.6967,pakistan,draw_156
Male,1.0717809271165093,2,146.6967,pakistan,draw_156
Female,1.068918797236338,3,146.6967,pakistan,draw_156
Male,1.0671913825701909,3,146.6967,pakistan,draw_156
Female,1.0605156351667329,2,146.80681,pakistan,draw_156
Male,1.0722924967772205,2,146.80681,pakistan,draw_156
Female,1.0694941271476917,3,146.80681,pakistan,draw_156
Male,1.0677145652780193,3,146.80681,pakistan,draw_156
Female,1.0610334138672595,2,146.91692,pakistan,draw_156
Male,1.072804506065946,2,146.91692,pakistan,draw_156
Female,1.0700711124621285,3,146.91692,pakistan,draw_156
Male,1.0682388771736522,3,146.91692,pakistan,draw_156
Female,1.061552589177621,2,147.02703,pakistan,draw_156
Male,1.0733169246471783,2,147.02703,pakistan,draw_156
Female,1.070649659283244,3,147.02703,pakistan,draw_156
Male,1.0687642990564508,3,147.02703,pakistan,draw_156
Female,1.0620730886280163,2,147.13714,pakistan,draw_156
Male,1.0738294044246228,2,147.13714,pakistan,draw_156
Female,1.07122968415332,3,147.13714,pakistan,draw_156
Male,1.0692906312367951,3,147.13714,pakistan,draw_156
Female,1.0625949441507927,2,147.24725,pakistan,draw_156
Male,1.074342297556912,2,147.24725,pakistan,draw_156
Female,1.071811272082414,3,147.24725,pakistan,draw_156
Male,1.0698180546816596,3,147.24725,pakistan,draw_156
Female,1.0631182386866378,2,147.35736,pakistan,draw_156
Male,1.0748558570927815,2,147.35736,pakistan,draw_156
Female,1.0723945838336897,3,147.35736,pakistan,draw_156
Male,1.0703467578977897,3,147.35736,pakistan,draw_156
Female,1.0636431165239344,2,147.46747,pakistan,draw_156
Male,1.075369918058737,2,147.46747,pakistan,draw_156
Female,1.0729795825152832,3,147.46747,pakistan,draw_156
Male,1.0708766526853923,3,147.46747,pakistan,draw_156
Female,1.0641694102441674,2,147.57758,pakistan,draw_156
Male,1.0758843777434608,2,147.57758,pakistan,draw_156
Female,1.073566082271515,3,147.57758,pakistan,draw_156
Male,1.0714076364034768,3,147.57758,pakistan,draw_156
Female,1.064697311202394,2,147.68769,pakistan,draw_156
Male,1.076399427078432,2,147.68769,pakistan,draw_156
Female,1.0741542785467435,3,147.68769,pakistan,draw_156
Male,1.071939777910196,3,147.68769,pakistan,draw_156
Female,1.0652262622332611,2,147.7978,pakistan,draw_156
Male,1.076914432449861,2,147.7978,pakistan,draw_156
Female,1.074743678876163,3,147.7978,pakistan,draw_156
Male,1.072472718418342,3,147.7978,pakistan,draw_156
Female,1.065756564624812,2,147.90791,pakistan,draw_156
Male,1.0774296995586448,2,147.90791,pakistan,draw_156
Female,1.075334509721338,3,147.90791,pakistan,draw_156
Male,1.0730066211510654,3,147.90791,pakistan,draw_156
Female,1.0662882985787707,2,148.01802,pakistan,draw_156
Male,1.0779455017908106,2,148.01802,pakistan,draw_156
Female,1.075926828661387,3,148.01802,pakistan,draw_156
Male,1.0735416347405053,3,148.01802,pakistan,draw_156
Female,1.0668222358763577,2,148.12813,pakistan,draw_156
Male,1.0784622308769056,2,148.12813,pakistan,draw_156
Female,1.0765213670521558,3,148.12813,pakistan,draw_156
Male,1.0740780794424774,3,148.12813,pakistan,draw_156
Female,1.0673572751184888,2,148.23824,pakistan,draw_156
Male,1.0789792952779402,2,148.23824,pakistan,draw_156
Female,1.0771171123085828,3,148.23824,pakistan,draw_156
Male,1.074615504948662,3,148.23824,pakistan,draw_156
Female,1.067893445041514,2,148.34835,pakistan,draw_156
Male,1.079496618129213,2,148.34835,pakistan,draw_156
Female,1.0777140699718988,3,148.34835,pakistan,draw_156
Male,1.0751538801803857,3,148.34835,pakistan,draw_156
Female,1.068431397489225,2,148.45846,pakistan,draw_156
Male,1.0800142428535928,2,148.45846,pakistan,draw_156
Female,1.0783127817299578,3,148.45846,pakistan,draw_156
Male,1.0756932220443338,3,148.45846,pakistan,draw_156
Female,1.068970203667577,2,148.56857,pakistan,draw_156
Male,1.080531718197464,2,148.56857,pakistan,draw_156
Female,1.0789124637306735,3,148.56857,pakistan,draw_156
Male,1.0762332824516794,3,148.56857,pakistan,draw_156
Female,1.0695107870429077,2,148.67868,pakistan,draw_156
Male,1.081049502273518,2,148.67868,pakistan,draw_156
Female,1.0795137989127785,3,148.67868,pakistan,draw_156
Male,1.076774278625712,3,148.67868,pakistan,draw_156
Female,1.0700526339445169,2,148.78879,pakistan,draw_156
Male,1.0815674397835966,2,148.78879,pakistan,draw_156
Female,1.0801165916077369,3,148.78879,pakistan,draw_156
Male,1.0773162173092785,3,148.78879,pakistan,draw_156
Female,1.0705959327477734,2,148.8989,pakistan,draw_156
Male,1.0820865069802839,2,148.8989,pakistan,draw_156
Female,1.0807208643008086,3,148.8989,pakistan,draw_156
Male,1.0778595948613607,3,148.8989,pakistan,draw_156
Female,1.0711409216171133,2,149.00901,pakistan,draw_156
Male,1.0826052206423096,2,149.00901,pakistan,draw_156
Female,1.0813266980313765,3,149.00901,pakistan,draw_156
Male,1.078403561290934,3,149.00901,pakistan,draw_156
Female,1.0716872983634766,2,149.11912,pakistan,draw_156
Male,1.083124832999842,2,149.11912,pakistan,draw_156
Female,1.0819338631733564,3,149.11912,pakistan,draw_156
Male,1.078948760674474,3,149.11912,pakistan,draw_156
Female,1.0722346977281594,2,149.22923,pakistan,draw_156
Male,1.083643915961177,2,149.22923,pakistan,draw_156
Female,1.0825420857082795,3,149.22923,pakistan,draw_156
Male,1.0794944060325515,3,149.22923,pakistan,draw_156
Female,1.0727829727173437,2,149.33934,pakistan,draw_156
Male,1.0841636842691174,2,149.33934,pakistan,draw_156
Female,1.083151278287294,3,149.33934,pakistan,draw_156
Male,1.0800411348958388,3,149.33934,pakistan,draw_156
Female,1.0733331861609632,2,149.44945,pakistan,draw_156
Male,1.0846831993890067,2,149.44945,pakistan,draw_156
Female,1.0837622735954229,3,149.44945,pakistan,draw_156
Male,1.0805884467006235,3,149.44945,pakistan,draw_156
Female,1.073884323693827,2,149.55956,pakistan,draw_156
Male,1.085203827360014,2,149.55956,pakistan,draw_156
Female,1.0843743542891913,3,149.55956,pakistan,draw_156
Male,1.081137185221079,3,149.55956,pakistan,draw_156
Female,1.0744371006772262,2,149.66967,pakistan,draw_156
Male,1.085724663860979,2,149.66967,pakistan,draw_156
Female,1.0849880346569796,3,149.66967,pakistan,draw_156
Male,1.0816867394248855,3,149.66967,pakistan,draw_156
Female,1.0749911531945573,2,149.77978,pakistan,draw_156
Male,1.086244915766845,2,149.77978,pakistan,draw_156
Female,1.0856029174310253,3,149.77978,pakistan,draw_156
Male,1.0822366575717464,3,149.77978,pakistan,draw_156
Female,1.075546591643696,2,149.88989,pakistan,draw_156
Male,1.0867663686848714,2,149.88989,pakistan,draw_156
Female,1.0862190722819656,3,149.88989,pakistan,draw_156
Male,1.082787879269175,3,149.88989,pakistan,draw_156
Female,1.0761031747681853,2,150.0,pakistan,draw_156
Male,1.0872872199762125,2,150.0,pakistan,draw_156
Female,1.0868363619928116,3,150.0,pakistan,draw_156
Male,1.0833394084804049,3,150.0,pakistan,draw_156
