location,age_group,maternal_hemorrhage_paf,maternal_sepsis_and_other_maternal_infections_paf,depressive_disorders_paf,draw,location_run
ethiopia,10_to_14,0.2887394718637007,0.47722491239102427,0.16932915810331123,35,ethiopia
ethiopia,15_to_19,0.2170733601302737,0.4120100824494296,0.14601659976847553,35,ethiopia
ethiopia,20_to_24,0.255907581698541,0.45428545397499753,0.16583903440506498,35,ethiopia
ethiopia,25_to_29,0.2694429814382511,0.4689287533810302,0.17359309841466003,35,ethiopia
ethiopia,30_to_34,0.2799353146766422,0.47969424335854627,0.17900049038405472,35,ethiopia
ethiopia,35_to_39,0.25904828248611983,0.4573169523304983,0.16705508401217933,35,ethiopia
ethiopia,40_to_44,0.2622542060669221,0.4560719690263297,0.1649823798948404,35,ethiopia
ethiopia,45_to_49,0.2501987254240762,0.44166452286447067,0.15877240847391633,35,ethiopia
ethiopia,50_to_54,0.30126318590080586,0.5000112489420425,0.17873920259856108,35,ethiopia
