location,age_group,maternal_hemorrhage_paf,maternal_sepsis_and_other_maternal_infections_paf,depressive_disorders_paf,draw,location_run
ethiopia,10_to_14,0.27706587084912326,0.3929227345072689,0.15225727593185204,79,ethiopia
ethiopia,15_to_19,0.24808443396744093,0.3372608210097879,0.11572361412720997,79,ethiopia
ethiopia,20_to_24,0.29389165226450903,0.38156189985546185,0.13504328168284055,79,ethiopia
ethiopia,25_to_29,0.307245459563166,0.3959445810315865,0.1423610072144688,79,ethiopia
ethiopia,30_to_34,0.31602225809046286,0.4050016701764165,0.14690394502532023,79,ethiopia
ethiopia,35_to_39,0.2799470331720957,0.382087899303637,0.14116041975294732,79,ethiopia
ethiopia,40_to_44,0.2586366527953865,0.3631252724086854,0.13311812450605268,79,ethiopia
ethiopia,45_to_49,0.2674565705001427,0.36713454945146684,0.13385409997242229,79,ethiopia
ethiopia,50_to_54,0.2640183911653051,0.3632242521356327,0.1305672746791772,79,ethiopia
