location,age_group,maternal_hemorrhage_paf,maternal_sepsis_and_other_maternal_infections_paf,depressive_disorders_paf,draw,location_run
ethiopia,10_to_14,0.2733729318096785,0.27165151768467916,0.07771565022688379,115,ethiopia
ethiopia,15_to_19,0.2274717538212043,0.23779037124957014,0.06758520647081077,115,ethiopia
ethiopia,20_to_24,0.25998663484692003,0.26155159460834687,0.07494871790572782,115,ethiopia
ethiopia,25_to_29,0.2782519234652273,0.2770383026620108,0.08009528262699954,115,ethiopia
ethiopia,30_to_34,0.29506225618549803,0.28973921974277944,0.08457513135366465,115,ethiopia
ethiopia,35_to_39,0.2677534557604452,0.2747137057021069,0.0810742352615174,115,ethiopia
ethiopia,40_to_44,0.2619312330137145,0.2721190960111374,0.08064207189706082,115,ethiopia
ethiopia,45_to_49,0.23656067810340864,0.2545343058338909,0.07410632245033508,115,ethiopia
ethiopia,50_to_54,0.31918145264307185,0.27856107457776147,0.07565572983621846,115,ethiopia
