location,age_group,maternal_hemorrhage_paf,maternal_sepsis_and_other_maternal_infections_paf,depressive_disorders_paf,draw,location_run
ethiopia,10_to_14,0.19544259036438494,0.42217534334654905,0.17034417364665833,71,ethiopia
ethiopia,15_to_19,0.12642345665838736,0.2957545414743742,0.09546469856791322,71,ethiopia
ethiopia,20_to_24,0.15536957674940893,0.34096215870082847,0.11432885578285326,71,ethiopia
ethiopia,25_to_29,0.1678856988179336,0.3589234635552979,0.12243002353417763,71,ethiopia
ethiopia,30_to_34,0.1681283501941133,0.3606586390884329,0.12418469146510429,71,ethiopia
ethiopia,35_to_39,0.15808925956183065,0.3600343128175619,0.1338934224022816,71,ethiopia
ethiopia,40_to_44,0.16136873389224546,0.3653825726401634,0.13710488015156466,71,ethiopia
ethiopia,45_to_49,0.15874766534168075,0.3561032287834522,0.12962671587423258,71,ethiopia
ethiopia,50_to_54,0.16298558365817806,0.3731383593043621,0.14403519132657328,71,ethiopia
