location,age_group,maternal_hemorrhage_paf,maternal_sepsis_and_other_maternal_infections_paf,depressive_disorders_paf,draw,location_run
ethiopia,10_to_14,0.0653345936890373,0.3736888146326534,0.1367025683385395,167,ethiopia
ethiopia,15_to_19,0.06114471805007127,0.35957935680857156,0.13222702396437094,167,ethiopia
ethiopia,20_to_24,0.07668830938344168,0.4109550676365581,0.1536722527231162,167,ethiopia
ethiopia,25_to_29,0.0882029412703477,0.44393425495441724,0.1710156989427769,167,ethiopia
ethiopia,30_to_34,0.0913581550898722,0.45273226494166663,0.17409410578750797,167,ethiopia
ethiopia,35_to_39,0.07801515274718916,0.4159599006494903,0.1551004652601289,167,ethiopia
ethiopia,40_to_44,0.0685304748414499,0.3854321675268168,0.14137895812765372,167,ethiopia
ethiopia,45_to_49,0.06495807516948889,0.3738732116345065,0.13718220703942213,167,ethiopia
ethiopia,50_to_54,0.04658182836094275,0.31182884115868753,0.11351484636498023,167,ethiopia
