location,age_group,maternal_hemorrhage_paf,maternal_sepsis_and_other_maternal_infections_paf,depressive_disorders_paf,draw,location_run
ethiopia,10_to_14,0.32321198522017747,0.14520536957081928,0.02430854986413104,170,ethiopia
ethiopia,15_to_19,0.22878722030200216,0.1289217160087094,0.02351290610547746,170,ethiopia
ethiopia,20_to_24,0.25833391295995434,0.14059927827857835,0.025489443967059242,170,ethiopia
ethiopia,25_to_29,0.2694175986580547,0.1465864648670898,0.026723277214992895,170,ethiopia
ethiopia,30_to_34,0.2920945899618575,0.15423578649963685,0.027963022101713954,170,ethiopia
ethiopia,35_to_39,0.27202388933480603,0.13849928462855565,0.024435502211894954,170,ethiopia
ethiopia,40_to_44,0.27398882047787243,0.13649484962368338,0.02387292765965156,170,ethiopia
ethiopia,45_to_49,0.2630695178172528,0.1379732947294463,0.02473860221695212,170,ethiopia
ethiopia,50_to_54,0.36574067234728636,0.16220233970635392,0.02748450240855629,170,ethiopia
