location,age_group,maternal_hemorrhage_paf,maternal_sepsis_and_other_maternal_infections_paf,depressive_disorders_paf,draw,location_run
ethiopia,10_to_14,0.24977707259070814,0.2801663675023047,0.07967979756904926,26,ethiopia
ethiopia,15_to_19,0.1969499462039084,0.23066983664850124,0.06339363299681422,26,ethiopia
ethiopia,20_to_24,0.21691755003487578,0.24900438780743175,0.06920714560690469,26,ethiopia
ethiopia,25_to_29,0.23350562057924462,0.26348412372888613,0.07380572800275809,26,ethiopia
ethiopia,30_to_34,0.23269540143091821,0.2638909887879176,0.0741546815426282,26,ethiopia
ethiopia,35_to_39,0.22022307674665872,0.2545484160290319,0.07149422547752081,26,ethiopia
ethiopia,40_to_44,0.21242555146779518,0.2479510408299946,0.06951680618741111,26,ethiopia
ethiopia,45_to_49,0.2137607835114037,0.2493811520466759,0.0698084461721277,26,ethiopia
ethiopia,50_to_54,0.22371968428185632,0.24783979195736808,0.06839670601510675,26,ethiopia
