location,age_group,maternal_hemorrhage_paf,maternal_sepsis_and_other_maternal_infections_paf,depressive_disorders_paf,draw,location_run
ethiopia,10_to_14,0.22160821082189833,0.20879911066081291,0.052089291809322945,114,ethiopia
ethiopia,15_to_19,0.1469496745899055,0.145661664134373,0.034434684615627,114,ethiopia
ethiopia,20_to_24,0.16813008336828864,0.16443654302785432,0.03971145386319805,114,ethiopia
ethiopia,25_to_29,0.182470446187142,0.17648328315941272,0.0430435657553571,114,ethiopia
ethiopia,30_to_34,0.18393286250565635,0.17794269404068186,0.043465461944386385,114,ethiopia
ethiopia,35_to_39,0.17024176453302473,0.17497361344899362,0.043991991481592635,114,ethiopia
ethiopia,40_to_44,0.17526341738300993,0.1790510117023249,0.045203058237102696,114,ethiopia
ethiopia,45_to_49,0.17416759972249954,0.17545023228385215,0.04407492571012833,114,ethiopia
ethiopia,50_to_54,0.17776201436342298,0.1725252457401844,0.04116881901652859,114,ethiopia
