location,age_group,maternal_hemorrhage_paf,maternal_sepsis_and_other_maternal_infections_paf,depressive_disorders_paf,draw,location_run
ethiopia,10_to_14,0.3432748980125915,0.46095301661226035,0.19025283724870348,79,ethiopia
ethiopia,15_to_19,0.3101943028831433,0.40271260112593915,0.14753942479288687,79,ethiopia
ethiopia,20_to_24,0.34916109191007777,0.43746353955078754,0.16423736878478307,79,ethiopia
ethiopia,25_to_29,0.36299446972561283,0.45135403696582543,0.17200763796725296,79,ethiopia
ethiopia,30_to_34,0.37225733764498964,0.46073502488349,0.1772217848872486,79,ethiopia
ethiopia,35_to_39,0.33785429506182624,0.4420500118700268,0.17363723190315966,79,ethiopia
ethiopia,40_to_44,0.3254408136837622,0.43115672012870854,0.1680970301288143,79,ethiopia
ethiopia,45_to_49,0.3205008959837784,0.42681380525557255,0.1661395301926973,79,ethiopia
ethiopia,50_to_54,0.3179705460604462,0.4255653303694409,0.16807663562396974,79,ethiopia
