location,age_group,maternal_hemorrhage_paf,maternal_sepsis_and_other_maternal_infections_paf,depressive_disorders_paf,draw,location_run
ethiopia,10_to_14,0.3009204066873872,0.4628046492643093,0.1648029746134366,22,ethiopia
ethiopia,15_to_19,0.26387216130246016,0.45907278703257454,0.18497814096087634,22,ethiopia
ethiopia,20_to_24,0.2965287003189153,0.4879592886612206,0.19671053999904795,22,ethiopia
ethiopia,25_to_29,0.3092864873082697,0.5026064304161428,0.20624852207440733,22,ethiopia
ethiopia,30_to_34,0.3260843186881425,0.5147339621960997,0.20951170753649198,22,ethiopia
ethiopia,35_to_39,0.32099815869209714,0.4966366855107014,0.18905235329946452,22,ethiopia
ethiopia,40_to_44,0.3224543661061016,0.4953959403474125,0.18663254419242023,22,ethiopia
ethiopia,45_to_49,0.3128677256948666,0.49256799399129364,0.18999874372478917,22,ethiopia
ethiopia,50_to_54,0.2680062790215166,0.42724210912794364,0.1403725073044496,22,ethiopia
