location,age_group,maternal_hemorrhage_paf,maternal_sepsis_and_other_maternal_infections_paf,depressive_disorders_paf,draw,location_run
ethiopia,10_to_14,0.20983600245637843,0.24101058549067153,0.0662220289931157,26,ethiopia
ethiopia,15_to_19,0.15622639609406508,0.18823464327413056,0.049545200737673475,26,ethiopia
ethiopia,20_to_24,0.17448133940314423,0.2059066235771214,0.054841140410755725,26,ethiopia
ethiopia,25_to_29,0.18995048386368862,0.21993663868965319,0.059069043014438584,26,ethiopia
ethiopia,30_to_34,0.18948684184218245,0.22080605388572416,0.05959970843394716,26,ethiopia
ethiopia,35_to_39,0.17772141953838858,0.21103786452913148,0.056752115668659474,26,ethiopia
ethiopia,40_to_44,0.1695669924174988,0.20451428840945982,0.05495002684044931,26,ethiopia
ethiopia,45_to_49,0.17389461138200968,0.208697133216296,0.05595425586458186,26,ethiopia
ethiopia,50_to_54,0.18382388196694013,0.20563810682366856,0.055494373722546696,26,ethiopia
