location,age_group,maternal_hemorrhage_paf,maternal_sepsis_and_other_maternal_infections_paf,depressive_disorders_paf,draw,location_run
ethiopia,10_to_14,0.15618471374412857,0.34140959625008926,0.1196047861758862,94,ethiopia
ethiopia,15_to_19,0.18658592588209755,0.37649168979549213,0.13318846071438958,94,ethiopia
ethiopia,20_to_24,0.21346830951234766,0.411017198332606,0.15010419941104644,94,ethiopia
ethiopia,25_to_29,0.23205058034401566,0.4329616560541856,0.16108784537006118,94,ethiopia
ethiopia,30_to_34,0.24086594236334108,0.44247645336069036,0.16532497294390658,94,ethiopia
ethiopia,35_to_39,0.21621487503814402,0.41426232625315945,0.15122106162368723,94,ethiopia
ethiopia,40_to_44,0.208996273853473,0.40596153594240125,0.14679194718916402,94,ethiopia
ethiopia,45_to_49,0.20418000939780592,0.4044116575713033,0.148645846838039,94,ethiopia
ethiopia,50_to_54,0.15367435601666513,0.33706002997817686,0.11061437874354646,94,ethiopia
