location,age_group,maternal_hemorrhage_paf,maternal_sepsis_and_other_maternal_infections_paf,depressive_disorders_paf,draw,location_run
ethiopia,10_to_14,0.19848274436523256,0.21264198679878019,0.05828762077224427,115,ethiopia
ethiopia,15_to_19,0.18352114402643058,0.19615875762981982,0.05346177067851768,115,ethiopia
ethiopia,20_to_24,0.21690209853838935,0.2217433574041903,0.061027559378387164,115,ethiopia
ethiopia,25_to_29,0.23464993620974298,0.2364287846893705,0.06566562708921209,115,ethiopia
ethiopia,30_to_34,0.2488499490286096,0.24654763599725565,0.06873108359880732,115,ethiopia
ethiopia,35_to_39,0.21358103346126966,0.22577666776326563,0.06350793623263261,115,ethiopia
ethiopia,40_to_44,0.19823284020733659,0.215506625682338,0.06070621137694528,115,ethiopia
ethiopia,45_to_49,0.18910814214455868,0.21004851047907008,0.059474286265193486,115,ethiopia
ethiopia,50_to_54,0.31827098441767065,0.29320587860872604,0.08438405089387506,115,ethiopia
