location,age_group,maternal_hemorrhage_paf,maternal_sepsis_and_other_maternal_infections_paf,depressive_disorders_paf,draw,location_run
ethiopia,10_to_14,0.23238139265976235,0.33593895196844686,0.11070555190537153,60,ethiopia
ethiopia,15_to_19,0.20867976718419753,0.3015056513704732,0.09315692546454991,60,ethiopia
ethiopia,20_to_24,0.23542562479510704,0.33137128940405747,0.10516694061694579,60,ethiopia
ethiopia,25_to_29,0.25271265073315574,0.34788269973382385,0.11189946873581169,60,ethiopia
ethiopia,30_to_34,0.2545872751325225,0.350969073681337,0.11346073553179292,60,ethiopia
ethiopia,35_to_39,0.23027957264455085,0.3349257074577963,0.10998202822294496,60,ethiopia
ethiopia,40_to_44,0.23333971829687278,0.3374003608436811,0.11033451038771984,60,ethiopia
ethiopia,45_to_49,0.22109149833049427,0.3246343640614766,0.10518785591803542,60,ethiopia
ethiopia,50_to_54,0.14967678737250073,0.23158680766254194,0.06725048341607395,60,ethiopia
