location,age_group,maternal_hemorrhage_paf,maternal_sepsis_and_other_maternal_infections_paf,depressive_disorders_paf,draw,location_run
ethiopia,10_to_14,0.14145402090289677,0.23353291347281593,0.06702170052892115,109,ethiopia
ethiopia,15_to_19,0.13301247444553144,0.22332252090325794,0.06375713771241835,109,ethiopia
ethiopia,20_to_24,0.15550954177458864,0.2484749338938194,0.07196124376373286,109,ethiopia
ethiopia,25_to_29,0.1644206610344207,0.25928420074199965,0.07566421508742467,109,ethiopia
ethiopia,30_to_34,0.16933307035488152,0.264843099233313,0.0776269613447759,109,ethiopia
ethiopia,35_to_39,0.15230756972085016,0.24527798923182906,0.07101771059483981,109,ethiopia
ethiopia,40_to_44,0.1500131605666118,0.24193808743199358,0.0696294352636582,109,ethiopia
ethiopia,45_to_49,0.1503733742871593,0.24319231835326308,0.0704801197963098,109,ethiopia
ethiopia,50_to_54,0.1529928883073587,0.2453598728313389,0.07026262323388827,109,ethiopia
