location,age_group,maternal_hemorrhage_paf,maternal_sepsis_and_other_maternal_infections_paf,depressive_disorders_paf,draw,location_run
ethiopia,10_to_14,0.05860453301237202,0.41780279399923037,0.17025391093715467,28,ethiopia
ethiopia,15_to_19,0.036812871428087805,0.31108674054097607,0.10889899877234446,28,ethiopia
ethiopia,20_to_24,0.04396325193367748,0.34763879483394095,0.12512692687239482,28,ethiopia
ethiopia,25_to_29,0.04894361244773422,0.37100523522544165,0.13601787816880592,28,ethiopia
ethiopia,30_to_34,0.049394400547837905,0.3732202749356249,0.13782835457913112,28,ethiopia
ethiopia,35_to_39,0.05207972261637159,0.38714572318856033,0.14971774831375148,28,ethiopia
ethiopia,40_to_44,0.04868973558426686,0.3717113174673826,0.14253071245892673,28,ethiopia
ethiopia,45_to_49,0.046991558178644685,0.3636285497631088,0.13864619669009046,28,ethiopia
ethiopia,50_to_54,0.05511899989699314,0.4023948396972963,0.15889285603422562,28,ethiopia
