location,age_group,maternal_hemorrhage_paf,maternal_sepsis_and_other_maternal_infections_paf,depressive_disorders_paf,draw,location_run
ethiopia,10_to_14,0.0406681322120156,0.333289331109796,0.1248841451709001,28,ethiopia
ethiopia,15_to_19,0.024811153436630037,0.24351252761192033,0.0785428810931928,28,ethiopia
ethiopia,20_to_24,0.030415536319355264,0.27733324812830085,0.09267893563670598,28,ethiopia
ethiopia,25_to_29,0.03472870911636475,0.30103124961206823,0.10258976973042627,28,ethiopia
ethiopia,30_to_34,0.03460286329968279,0.3007063934861344,0.10321604584525451,28,ethiopia
ethiopia,35_to_39,0.036101714213986946,0.30900409704654064,0.11074055330903569,28,ethiopia
ethiopia,40_to_44,0.03336701317134672,0.29362819981899024,0.10427732337849151,28,ethiopia
ethiopia,45_to_49,0.031641593639898,0.28399862990542724,0.10031369558179748,28,ethiopia
ethiopia,50_to_54,0.03965898264007198,0.32910715556586695,0.1206838445576458,28,ethiopia
