location,age_group,maternal_hemorrhage_paf,maternal_sepsis_and_other_maternal_infections_paf,depressive_disorders_paf,draw,location_run
ethiopia,10_to_14,0.2574967675120617,0.3802316256491101,0.14743939002466128,244,ethiopia
ethiopia,15_to_19,0.2899325154013546,0.3866785119832857,0.13726236081308174,244,ethiopia
ethiopia,20_to_24,0.35663297192397475,0.4432690293900789,0.16332144368715562,244,ethiopia
ethiopia,25_to_29,0.3737514254858378,0.4589380614894828,0.17143939544156067,244,ethiopia
ethiopia,30_to_34,0.3808815887725006,0.46608893278002617,0.17557389656865593,244,ethiopia
ethiopia,35_to_39,0.31625721879209956,0.4223939994558083,0.15962695697258478,244,ethiopia
ethiopia,40_to_44,0.2953922654976296,0.40604588900307526,0.15348212684034,244,ethiopia
ethiopia,45_to_49,0.2987432992975211,0.4078318947227043,0.1542075636925133,244,ethiopia
ethiopia,50_to_54,0.2084151188729793,0.3399060510127775,0.12943367714136284,244,ethiopia
