location,age_group,maternal_hemorrhage_paf,maternal_sepsis_and_other_maternal_infections_paf,depressive_disorders_paf,draw,location_run
ethiopia,10_to_14,0.16789471948672358,0.34268079097556625,0.12768968116100765,118,ethiopia
ethiopia,15_to_19,0.13528494894702156,0.2731612102552698,0.08663059420729237,118,ethiopia
ethiopia,20_to_24,0.1681325291673361,0.31586975898983605,0.10253728285193058,118,ethiopia
ethiopia,25_to_29,0.17032345602304322,0.32066382454226144,0.10545416834348066,118,ethiopia
ethiopia,30_to_34,0.1809438670114209,0.3347029254882278,0.11122381864903172,118,ethiopia
ethiopia,35_to_39,0.1554237811122597,0.3124913858740134,0.10836136619364489,118,ethiopia
ethiopia,40_to_44,0.15379316859951866,0.3115749255311828,0.10894357616503589,118,ethiopia
ethiopia,45_to_49,0.13694401927752214,0.2876505342962685,0.09902370208416038,118,ethiopia
ethiopia,50_to_54,0.1255217524270516,0.2860811812836495,0.10642752503987901,118,ethiopia
