location,age_group,maternal_hemorrhage_paf,maternal_sepsis_and_other_maternal_infections_paf,depressive_disorders_paf,draw,location_run
ethiopia,10_to_14,0.03923539203211786,0.1311074494726309,0.006114196004180139,178,ethiopia
ethiopia,15_to_19,0.026340016385572106,0.09310949580615722,0.00411884153982278,178,ethiopia
ethiopia,20_to_24,0.03104963506596482,0.10488907870210977,0.004647311846695779,178,ethiopia
ethiopia,25_to_29,0.032911141758781695,0.11023972744743388,0.004923653501601175,178,ethiopia
ethiopia,30_to_34,0.035630155720154405,0.11669760484583998,0.005220164088409036,178,ethiopia
ethiopia,35_to_39,0.03188898221071627,0.11063256762404908,0.00506748920657743,178,ethiopia
ethiopia,40_to_44,0.031185847395334008,0.10864576236049925,0.004969048749827967,178,ethiopia
ethiopia,45_to_49,0.029819926059081382,0.10587131004168629,0.004869745050360533,178,ethiopia
ethiopia,50_to_54,0.035761505464372255,0.12076123173334798,0.0055683289329563354,178,ethiopia
