location,age_group,maternal_hemorrhage_paf,maternal_sepsis_and_other_maternal_infections_paf,depressive_disorders_paf,draw,location_run
ethiopia,10_to_14,0.1601310864744722,0.2553225921033015,0.07493450348306872,109,ethiopia
ethiopia,15_to_19,0.15862622370026838,0.2553853228171034,0.07527703504691785,109,ethiopia
ethiopia,20_to_24,0.17984834222439852,0.27925874722912863,0.0833974061523704,109,ethiopia
ethiopia,25_to_29,0.19055670494032367,0.29133519903458216,0.08777141359710508,109,ethiopia
ethiopia,30_to_34,0.19458752514479744,0.2954521290689472,0.08912438369930815,109,ethiopia
ethiopia,35_to_39,0.17790870914493082,0.2778058066484561,0.08314506024397524,109,ethiopia
ethiopia,40_to_44,0.17721581066506326,0.27640060332913396,0.08236973781916936,109,ethiopia
ethiopia,45_to_49,0.17300057754863366,0.27444853410893444,0.08247037352110653,109,ethiopia
ethiopia,50_to_54,0.18574292978701484,0.28283787186138903,0.08299169511489213,109,ethiopia
