location,age_group,maternal_hemorrhage_paf,maternal_sepsis_and_other_maternal_infections_paf,depressive_disorders_paf,draw,location_run
ethiopia,10_to_14,0.20451786201346445,0.2697123427700135,0.08795827885913829,127,ethiopia
ethiopia,15_to_19,0.20320276625637823,0.27755414282394375,0.0936849605116873,127,ethiopia
ethiopia,20_to_24,0.24930260480387847,0.31825669698837694,0.1089442948023236,127,ethiopia
ethiopia,25_to_29,0.260348699240719,0.3303755962937318,0.11455128898596746,127,ethiopia
ethiopia,30_to_34,0.27103370994762055,0.33938204445852455,0.11779092541697707,127,ethiopia
ethiopia,35_to_39,0.23112477766270914,0.30410804478702946,0.10404506449919855,127,ethiopia
ethiopia,40_to_44,0.21900615119120279,0.2938957791413509,0.10018710816464181,127,ethiopia
ethiopia,45_to_49,0.21306384768908077,0.29053262504198735,0.10016590801833135,127,ethiopia
ethiopia,50_to_54,0.20328331980410874,0.2639633135085024,0.08069359464008319,127,ethiopia
