location,age_group,maternal_hemorrhage_paf,maternal_sepsis_and_other_maternal_infections_paf,depressive_disorders_paf,draw,location_run
ethiopia,10_to_14,0.266291844372992,0.4149429328248643,0.13716215903480494,22,ethiopia
ethiopia,15_to_19,0.20853889664564337,0.3918342714072433,0.14642247162064662,22,ethiopia
ethiopia,20_to_24,0.24422313471177806,0.42737145213020344,0.16059555278835175,22,ethiopia
ethiopia,25_to_29,0.2552188468337513,0.44152441122120856,0.16873701120269582,22,ethiopia
ethiopia,30_to_34,0.27372718673998603,0.4571535898347253,0.17358655552040614,22,ethiopia
ethiopia,35_to_39,0.2745400161488618,0.44493510266748176,0.15845588538641536,22,ethiopia
ethiopia,40_to_44,0.27536328369996943,0.44467574180936764,0.15766926255389344,22,ethiopia
ethiopia,45_to_49,0.2565346761323209,0.43130795456546556,0.15438275991216832,22,ethiopia
ethiopia,50_to_54,0.22638007311965763,0.38661244301330916,0.12031586068246108,22,ethiopia
