location,age_group,maternal_hemorrhage_paf,maternal_sepsis_and_other_maternal_infections_paf,depressive_disorders_paf,draw,location_run
ethiopia,10_to_14,0.266291844372992,0.4149429328248643,0.13716215903480494,22,ethiopia
ethiopia,15_to_19,0.20853889664564337,0.3918342714072433,0.14642247162064662,22,ethiopia
ethiopia,20_to_24,0.24424040913167078,0.4273910595939108,0.16060300084709986,22,ethiopia
ethiopia,25_to_29,0.2552223069860466,0.44153051922908493,0.16874078929480524,22,ethiopia
ethiopia,30_to_34,0.2737244017671301,0.45714957619792235,0.17358304028241459,22,ethiopia
ethiopia,35_to_39,0.2745347240850785,0.4449250894875154,0.1584468584684627,22,ethiopia
ethiopia,40_to_44,0.27524920779557344,0.4445508119212624,0.15761750168969682,22,ethiopia
ethiopia,45_to_49,0.2565346761323209,0.43130795456546556,0.15438275991216832,22,ethiopia
ethiopia,50_to_54,0.22638007311965763,0.38661244301330916,0.12031586068246108,22,ethiopia
