location,age_group,maternal_hemorrhage_paf,maternal_sepsis_and_other_maternal_infections_paf,depressive_disorders_paf,draw,location_run
ethiopia,10_to_14,0.14308434408955226,0.2706497364543401,0.08018112068461002,197,ethiopia
ethiopia,15_to_19,0.14134214193533723,0.25691939724968216,0.07252980725373544,197,ethiopia
ethiopia,20_to_24,0.16095777840250128,0.28191877681550626,0.08068491003229404,197,ethiopia
ethiopia,25_to_29,0.17183040271776095,0.2948854609868272,0.08511559347995144,197,ethiopia
ethiopia,30_to_34,0.17404963317799477,0.29849997928363353,0.08671342886143805,197,ethiopia
ethiopia,35_to_39,0.1494145062417635,0.27819483792255983,0.08257999228924456,197,ethiopia
ethiopia,40_to_44,0.15591665179686412,0.2853218852083958,0.08508598753453758,197,ethiopia
ethiopia,45_to_49,0.14221846792148085,0.26839678711220477,0.07958746342088417,197,ethiopia
ethiopia,50_to_54,0.18926091368917952,0.31756514936970176,0.09428355010156125,197,ethiopia
