location,age_group,maternal_hemorrhage_paf,maternal_sepsis_and_other_maternal_infections_paf,depressive_disorders_paf,draw,location_run
ethiopia,10_to_14,0.2721852586138146,0.2460340691325337,0.06306136345284183,114,ethiopia
ethiopia,15_to_19,0.18369520830564853,0.1783691139537588,0.043767839320924,114,ethiopia
ethiopia,20_to_24,0.20138517162843717,0.19428180505461934,0.0484710228046261,114,ethiopia
ethiopia,25_to_29,0.2178624959261542,0.2076013255646137,0.05225621754385911,114,ethiopia
ethiopia,30_to_34,0.21943368549697326,0.20969515722325863,0.05300747014267848,114,ethiopia
ethiopia,35_to_39,0.20960564664054085,0.21084018927641252,0.054811691390547417,114,ethiopia
ethiopia,40_to_44,0.21105584497477864,0.21208754149223963,0.055269544438565334,114,ethiopia
ethiopia,45_to_49,0.20782297816754472,0.20816137811233998,0.054020607093417036,114,ethiopia
ethiopia,50_to_54,0.24313266696262226,0.22241877788594094,0.055512047912285964,114,ethiopia
