location,age_group,maternal_hemorrhage_paf,maternal_sepsis_and_other_maternal_infections_paf,depressive_disorders_paf,draw,location_run
nigeria,10_to_14,0.08967481724151359,0.5241282380070552,0.22659975459039694,28,nigeria
nigeria,15_to_19,0.09275847614045568,0.5333843647186128,0.23369079680788435,28,nigeria
nigeria,20_to_24,0.09152049562992673,0.5291134399048881,0.2293980393971307,28,nigeria
nigeria,25_to_29,0.0873490253980649,0.515833407556647,0.2189850650549309,28,nigeria
nigeria,30_to_34,0.09289644201795082,0.5314311122232233,0.22772362938971202,28,nigeria
nigeria,35_to_39,0.09199504844088842,0.530043625843643,0.22896442634768402,28,nigeria
nigeria,40_to_44,0.0936352299831581,0.534631809380878,0.23214539617104332,28,nigeria
nigeria,45_to_49,0.0843708861241211,0.5082263974459125,0.21710509720595422,28,nigeria
nigeria,50_to_54,0.0818740564613825,0.4984679420001987,0.2045679774608491,28,nigeria
