location,age_group,maternal_hemorrhage_paf,maternal_sepsis_and_other_maternal_infections_paf,depressive_disorders_paf,draw,location_run
nigeria,10_to_14,0.3408764680486025,0.5598633284108288,0.24360650537400055,94,nigeria
nigeria,15_to_19,0.37321908587166464,0.5960444509051113,0.27520780147027357,94,nigeria
nigeria,20_to_24,0.4039123995550315,0.6145916700807904,0.28033651885744704,94,nigeria
nigeria,25_to_29,0.3596596963156668,0.579833823359451,0.26014008797151916,94,nigeria
nigeria,30_to_34,0.40136312368601357,0.6131543163438866,0.28011838340599,94,nigeria
nigeria,35_to_39,0.37982214766042227,0.5991414748763395,0.2748146932188913,94,nigeria
nigeria,40_to_44,0.385925501717131,0.6035897581733017,0.27699112240908647,94,nigeria
nigeria,45_to_49,0.3554801723815043,0.5762980037988749,0.2566411266693945,94,nigeria
nigeria,50_to_54,0.3603997853920497,0.5605998846742144,0.22932306499608057,94,nigeria
