location,age_group,maternal_hemorrhage_paf,maternal_sepsis_and_other_maternal_infections_paf,depressive_disorders_paf,draw,location_run
nigeria,10_to_14,0.30229902177599227,0.5149379916167447,0.2241998728317016,118,nigeria
nigeria,15_to_19,0.2856608781453418,0.4814412383210773,0.19444977307765451,118,nigeria
nigeria,20_to_24,0.2951631279428098,0.486969276382321,0.19490489443696005,118,nigeria
nigeria,25_to_29,0.27094835238110304,0.46251316690473854,0.18248815919532785,118,nigeria
nigeria,30_to_34,0.295041199230494,0.4871989149323813,0.19538697756094942,118,nigeria
nigeria,35_to_39,0.2861642791039069,0.4813695767951104,0.19400077009312827,118,nigeria
nigeria,40_to_44,0.28952710739099796,0.4864164867026284,0.19806726030210403,118,nigeria
nigeria,45_to_49,0.2648560017751951,0.4604042602173944,0.18424220414774053,118,nigeria
nigeria,50_to_54,0.28908472479187364,0.4974557417204451,0.20795165019638698,118,nigeria
