location,age_group,maternal_hemorrhage_paf,maternal_sepsis_and_other_maternal_infections_paf,depressive_disorders_paf,draw,location_run
nigeria,10_to_14,0.2469381370841667,0.35446994737134213,0.1126731040710595,109,nigeria
nigeria,15_to_19,0.25322490004894443,0.3800478820454378,0.12924669936427072,109,nigeria
nigeria,20_to_24,0.2583290748721598,0.3796825845749421,0.12743576726305733,109,nigeria
nigeria,25_to_29,0.24435498278120824,0.3661509283008857,0.12202546707817517,109,nigeria
nigeria,30_to_34,0.2604935634814936,0.38206053799773115,0.12837090285467032,109,nigeria
nigeria,35_to_39,0.2440116512167389,0.37096763015422485,0.12564473802945567,109,nigeria
nigeria,40_to_44,0.24608077158782876,0.37437867264159075,0.12767753213820432,109,nigeria
nigeria,45_to_49,0.23405070937225125,0.3571648347765138,0.11886734570745633,109,nigeria
nigeria,50_to_54,0.20479370642688138,0.310909155499665,0.09548279753855074,109,nigeria
