location,age_group,maternal_hemorrhage_paf,maternal_sepsis_and_other_maternal_infections_paf,depressive_disorders_paf,draw,location_run
nigeria,10_to_14,0.06021702526108294,0.18388268905604335,0.008978683678844239,178,nigeria
nigeria,15_to_19,0.05623326110893423,0.16883627499276427,0.007948760258144111,178,nigeria
nigeria,20_to_24,0.05700044017445225,0.16904440262557774,0.007925166707964773,178,nigeria
nigeria,25_to_29,0.053577043070128685,0.16147508982460243,0.007521711520143555,178,nigeria
nigeria,30_to_34,0.057911040139751825,0.17171865716582876,0.008086487544632487,178,nigeria
nigeria,35_to_39,0.057536706025646,0.17122979146804146,0.00806779212482787,178,nigeria
nigeria,40_to_44,0.05631765744561749,0.17007708422423698,0.008056122795682807,178,nigeria
nigeria,45_to_49,0.05183246020106854,0.16000779270247154,0.007517625367454036,178,nigeria
nigeria,50_to_54,0.058665882676397996,0.18055254253399916,0.00878153392123707,178,nigeria
