location,age_group,maternal_hemorrhage_paf,maternal_sepsis_and_other_maternal_infections_paf,depressive_disorders_paf,draw,location_run
nigeria,10_to_14,0.07682851459854184,0.22226982117302949,0.011245926809107082,178,nigeria
nigeria,15_to_19,0.07171636768396104,0.20364257274801192,0.00990175150412242,178,nigeria
nigeria,20_to_24,0.07244689523466695,0.20359178197049277,0.009855660229165373,178,nigeria
nigeria,25_to_29,0.06836875869606379,0.19524702692477322,0.009386034729367675,178,nigeria
nigeria,30_to_34,0.07318906122013251,0.20581713815261207,0.010001777731036054,178,nigeria
nigeria,35_to_39,0.07277452612102069,0.2056222105344341,0.010006601244367566,178,nigeria
nigeria,40_to_44,0.0720008882839671,0.2056182675319774,0.010053911732228141,178,nigeria
nigeria,45_to_49,0.06746458538145718,0.19573166408802622,0.009467995207246184,178,nigeria
nigeria,50_to_54,0.07164698588275517,0.20978807649577438,0.010442718545317977,178,nigeria
