location,age_group,maternal_hemorrhage_paf,maternal_sepsis_and_other_maternal_infections_paf,depressive_disorders_paf,draw,location_run
nigeria,10_to_14,0.6586302889576165,0.6700783948501109,0.3243808779163981,156,nigeria
nigeria,15_to_19,0.5483138375107433,0.6059689934459974,0.2867152585005523,156,nigeria
nigeria,20_to_24,0.5490817738064993,0.6052397627735481,0.2856362496230642,156,nigeria
nigeria,25_to_29,0.5239265698482175,0.5878453970654828,0.2751491267806093,156,nigeria
nigeria,30_to_34,0.5727601990780303,0.6125740432498026,0.28556298234556887,156,nigeria
nigeria,35_to_39,0.5647233608441243,0.6102072504803171,0.2857495197722124,156,nigeria
nigeria,40_to_44,0.5667877420560116,0.6172404124316574,0.29293896696595856,156,nigeria
nigeria,45_to_49,0.5397104730506245,0.6007100712039477,0.2839911666468636,156,nigeria
nigeria,50_to_54,0.6159993801747523,0.6551690140259167,0.32049381859992326,156,nigeria
