location,age_group,maternal_hemorrhage_paf,maternal_sepsis_and_other_maternal_infections_paf,depressive_disorders_paf,draw,location_run
nigeria,10_to_14,0.43796983234911246,0.5436741411489407,0.22025370429568328,60,nigeria
nigeria,15_to_19,0.4353622180061813,0.5490028278670301,0.22639976496466205,60,nigeria
nigeria,20_to_24,0.4412090886595981,0.5473620631396935,0.22257369832209586,60,nigeria
nigeria,25_to_29,0.4276415475709407,0.5361263031988505,0.21587816226872641,60,nigeria
nigeria,30_to_34,0.4407151703141045,0.5482358878992061,0.22374338042267922,60,nigeria
nigeria,35_to_39,0.4379430093216284,0.5478790710079581,0.22424200243013762,60,nigeria
nigeria,40_to_44,0.437221969370658,0.5478598587256279,0.22437007741470769,60,nigeria
nigeria,45_to_49,0.42199609953529554,0.5319929705073085,0.21371029781552303,60,nigeria
nigeria,50_to_54,0.43432808005187645,0.5316001749978411,0.20957195637259954,60,nigeria
