location,age_group,maternal_hemorrhage_paf,maternal_sepsis_and_other_maternal_infections_paf,depressive_disorders_paf,draw,location_run
nigeria,10_to_14,0.43744392289874456,0.5272949043042875,0.2315507397826469,127,nigeria
nigeria,15_to_19,0.48504439761885265,0.5552286899356534,0.2438663770867933,127,nigeria
nigeria,20_to_24,0.4922735273256157,0.5548437790891081,0.24057725788434645,127,nigeria
nigeria,25_to_29,0.46252701911978983,0.5339614616809479,0.2292673784592196,127,nigeria
nigeria,30_to_34,0.4875902683351949,0.5536436390341581,0.24114727708895767,127,nigeria
nigeria,35_to_39,0.4687297448920215,0.5461476478577016,0.23994143318407288,127,nigeria
nigeria,40_to_44,0.443257494119936,0.5377680630158052,0.2412098998674126,127,nigeria
nigeria,45_to_49,0.44582912725581153,0.5267982542052809,0.22773836529757496,127,nigeria
nigeria,50_to_54,0.4532113059200572,0.5140212421865936,0.21143786762173172,127,nigeria
