location,age_group,maternal_hemorrhage_paf,maternal_sepsis_and_other_maternal_infections_paf,depressive_disorders_paf,draw,location_run
nigeria,10_to_14,0.3565820721367705,0.32239431335875673,0.0892930149171463,114,nigeria
nigeria,15_to_19,0.30344989811960904,0.29886971392926936,0.08434528047099618,114,nigeria
nigeria,20_to_24,0.319053758307702,0.30122363514767336,0.08340787074925787,114,nigeria
nigeria,25_to_29,0.3031516612669331,0.2889817938788901,0.07940051845505186,114,nigeria
nigeria,30_to_34,0.32744963072009803,0.30450490785499534,0.08396194197518515,114,nigeria
nigeria,35_to_39,0.32289747411447134,0.30457160382541754,0.08455483479703166,114,nigeria
nigeria,40_to_44,0.3375749817109539,0.3108932353201366,0.08584862158643218,114,nigeria
nigeria,45_to_49,0.3134531696351968,0.2883006619576281,0.07791634533147826,114,nigeria
nigeria,50_to_54,0.3588481259762835,0.3205890045877222,0.08751942163146369,114,nigeria
