location,age_group,maternal_hemorrhage_paf,maternal_sepsis_and_other_maternal_infections_paf,depressive_disorders_paf,draw,location_run
nigeria,10_to_14,0.5003163381178276,0.5582445632991111,0.22885534088130616,146,nigeria
nigeria,15_to_19,0.5067102010116997,0.5681031044969881,0.23863275108214782,146,nigeria
nigeria,20_to_24,0.5159427121313943,0.5704392571692251,0.23816864808883692,146,nigeria
nigeria,25_to_29,0.4976634918132592,0.5551397386758449,0.2281647647857285,146,nigeria
nigeria,30_to_34,0.513842724040625,0.5696394439597164,0.23806647731938668,146,nigeria
nigeria,35_to_39,0.5062565207363997,0.5648135365282758,0.23563430005109737,146,nigeria
nigeria,40_to_44,0.5033697385148134,0.5645476114968935,0.23631563847615802,146,nigeria
nigeria,45_to_49,0.4899833606190766,0.5523075841137526,0.22700461629179355,146,nigeria
nigeria,50_to_54,0.5130104798593644,0.5594211203982218,0.22642226090658524,146,nigeria
