location,age_group,maternal_hemorrhage_paf,maternal_sepsis_and_other_maternal_infections_paf,depressive_disorders_paf,draw,location_run
nigeria,10_to_14,0.33558470440664295,0.4341916372352492,0.1762404909723971,127,nigeria
nigeria,15_to_19,0.4007643227062734,0.478078416216836,0.19479683768236766,127,nigeria
nigeria,20_to_24,0.40936874690873126,0.4805646373305358,0.19368399866368366,127,nigeria
nigeria,25_to_29,0.3748794549129849,0.4531436104668956,0.18017896427741512,127,nigeria
nigeria,30_to_34,0.40268680966209974,0.47681781115932614,0.1928755118880312,127,nigeria
nigeria,35_to_39,0.38027722358915095,0.46494368245466433,0.1893673501935769,127,nigeria
nigeria,40_to_44,0.3453045494927009,0.44580993923817924,0.18474706278196368,127,nigeria
nigeria,45_to_49,0.35059558129360296,0.4397442438277499,0.17641133724468588,127,nigeria
nigeria,50_to_54,0.3643928473892564,0.4291795102168198,0.16136872649071007,127,nigeria
