location,age_group,maternal_hemorrhage_paf,maternal_sepsis_and_other_maternal_infections_paf,depressive_disorders_paf,draw,location_run
nigeria,10_to_14,0.3804086170278327,0.5895189096272211,0.27035180343996906,118,nigeria
nigeria,15_to_19,0.35923115065912414,0.5565874941052826,0.24001442896803266,118,nigeria
nigeria,20_to_24,0.362770456226185,0.5554500668716588,0.23675581820628705,118,nigeria
nigeria,25_to_29,0.3412944275020728,0.5372604812739898,0.2267254351891056,118,nigeria
nigeria,30_to_34,0.36404081886563616,0.5570272089368937,0.23801039604885377,118,nigeria
nigeria,35_to_39,0.35850905910029457,0.5553630354647825,0.23890048654208268,118,nigeria
nigeria,40_to_44,0.3616786056046278,0.5598595492229712,0.24293859660698233,118,nigeria
nigeria,45_to_49,0.3404134282166376,0.5407617256942568,0.23151288086859442,118,nigeria
nigeria,50_to_54,0.35512119180015755,0.5602519875016879,0.24584545892608917,118,nigeria
