location,age_group,maternal_hemorrhage_paf,maternal_sepsis_and_other_maternal_infections_paf,depressive_disorders_paf,draw,location_run
nigeria,10_to_14,0.34757544565176385,0.5899097934244446,0.2673263863525577,71,nigeria
nigeria,15_to_19,0.29138508481753184,0.5299962039042497,0.2250064668774607,71,nigeria
nigeria,20_to_24,0.2960232228403977,0.5320391883756805,0.2243501617935111,71,nigeria
nigeria,25_to_29,0.2744598715526352,0.5100551848566919,0.21196009376287905,71,nigeria
nigeria,30_to_34,0.3020662767506589,0.5386017313486828,0.22840060903700754,71,nigeria
nigeria,35_to_39,0.29724144004270037,0.5360105675959456,0.2283286610567075,71,nigeria
nigeria,40_to_44,0.2973303608049543,0.5366988165459365,0.2293337852276698,71,nigeria
nigeria,45_to_49,0.2855454603046643,0.523896901282354,0.2207351520150657,71,nigeria
nigeria,50_to_54,0.31273295131960976,0.5549924414949142,0.24154534880323147,71,nigeria
