location,age_group,maternal_hemorrhage_paf,maternal_sepsis_and_other_maternal_infections_paf,depressive_disorders_paf,draw,location_run
nigeria,10_to_14,0.590025269102235,0.6165390197457742,0.2832281779976583,156,nigeria
nigeria,15_to_19,0.4526258424386457,0.5266283023275626,0.23338031483594143,156,nigeria
nigeria,20_to_24,0.45377560743679146,0.5258282780211139,0.2321982255784261,156,nigeria
nigeria,25_to_29,0.4238609878885266,0.5026087698746626,0.21937645634013697,156,nigeria
nigeria,30_to_34,0.4843610454699582,0.5394601943989151,0.23550430034119887,156,nigeria
nigeria,35_to_39,0.47244390088044963,0.5342958224157511,0.23426301001041547,156,nigeria
nigeria,40_to_44,0.4779490404390729,0.5442525305842596,0.24253489984709103,156,nigeria
nigeria,45_to_49,0.4444880338168319,0.5208260882222343,0.23064390987919678,156,nigeria
nigeria,50_to_54,0.5421246613073131,0.5939869217133094,0.2747287241317256,156,nigeria
