location,age_group,maternal_hemorrhage_paf,maternal_sepsis_and_other_maternal_infections_paf,depressive_disorders_paf,draw,location_run
nigeria,10_to_14,0.527445421452124,0.2683570265761681,0.05189996106584531,170,nigeria
nigeria,15_to_19,0.5353760530442225,0.3016809828509536,0.06205554726234089,170,nigeria
nigeria,20_to_24,0.5377702338795451,0.29654809580987296,0.06030792469756478,170,nigeria
nigeria,25_to_29,0.5247014631807702,0.28876272438400435,0.05845049554403831,170,nigeria
nigeria,30_to_34,0.5373542924986471,0.2943854929396276,0.0596752441094459,170,nigeria
nigeria,35_to_39,0.5356498646494848,0.29432745946189454,0.05971986627602271,170,nigeria
nigeria,40_to_44,0.532724109245185,0.291902054159701,0.059031538867112564,170,nigeria
nigeria,45_to_49,0.5161116264865068,0.27939324232661905,0.05582002966562467,170,nigeria
nigeria,50_to_54,0.5413120036353442,0.27226659831930294,0.05274235187474849,170,nigeria
