location,age_group,maternal_hemorrhage_paf,maternal_sepsis_and_other_maternal_infections_paf,depressive_disorders_paf,draw,location_run
nigeria,10_to_14,0.3240242958872834,0.3505017699844024,0.10630670992864924,26,nigeria
nigeria,15_to_19,0.29886062043997536,0.34410699850019777,0.10718997835021989,26,nigeria
nigeria,20_to_24,0.31177124706890813,0.3473230446658512,0.10652946660060542,26,nigeria
nigeria,25_to_29,0.292236812208076,0.33114189492525825,0.1006149427593828,26,nigeria
nigeria,30_to_34,0.31648708846360335,0.3504992602405667,0.10746748002396432,26,nigeria
nigeria,35_to_39,0.31583872769752486,0.348475564338097,0.10652290467224161,26,nigeria
nigeria,40_to_44,0.3166856936320562,0.3506070260220832,0.10747173047973903,26,nigeria
nigeria,45_to_49,0.3023487948495574,0.3363485339957424,0.10136519048582197,26,nigeria
nigeria,50_to_54,0.34262505239250884,0.3472434654810897,0.10115531208368714,26,nigeria
