location,age_group,maternal_hemorrhage_paf,maternal_sepsis_and_other_maternal_infections_paf,depressive_disorders_paf,draw,location_run
nigeria,10_to_14,0.36432129760086807,0.3493118837321107,0.1072924173399001,115,nigeria
nigeria,15_to_19,0.3590712153151277,0.3551661468040448,0.11160232997798919,115,nigeria
nigeria,20_to_24,0.37632226589964046,0.3592374911152035,0.11140252793002134,115,nigeria
nigeria,25_to_29,0.35367052033746715,0.34268981248762737,0.10521199615750933,115,nigeria
nigeria,30_to_34,0.3827277339611591,0.36174186325684354,0.1117563603749147,115,nigeria
nigeria,35_to_39,0.365754808576748,0.35308589480477504,0.10923256143590243,115,nigeria
nigeria,40_to_44,0.36672130778298323,0.3530543328548401,0.10906765163384054,115,nigeria
nigeria,45_to_49,0.337675544476315,0.32966518578423626,0.10023307886775419,115,nigeria
nigeria,50_to_54,0.3734703303343011,0.3384509969166481,0.10091715958524523,115,nigeria
