location,age_group,maternal_hemorrhage_paf,maternal_sepsis_and_other_maternal_infections_paf,depressive_disorders_paf,draw,location_run
nigeria,10_to_14,0.4170680899559361,0.5773134548439014,0.2348106439879434,22,nigeria
nigeria,15_to_19,0.43157645537380956,0.6066608675256868,0.26656989278378485,22,nigeria
nigeria,20_to_24,0.4392692859865813,0.6089262074548454,0.2647253163242511,22,nigeria
nigeria,25_to_29,0.42078646577720386,0.5944126994476612,0.2552683626768078,22,nigeria
nigeria,30_to_34,0.45044742351635086,0.6161488508145956,0.26840296358537974,22,nigeria
nigeria,35_to_39,0.435689965074088,0.6056902915910097,0.2626935753393832,22,nigeria
nigeria,40_to_44,0.4331647257085315,0.6033373687879828,0.2610595704724345,22,nigeria
nigeria,45_to_49,0.41121044786106886,0.581264160232028,0.24431717581234572,22,nigeria
nigeria,50_to_54,0.4510617807005533,0.6053800983706038,0.2505386308163431,22,nigeria
