location,age_group,maternal_hemorrhage_paf,maternal_sepsis_and_other_maternal_infections_paf,depressive_disorders_paf,draw,location_run
nigeria,10_to_14,0.45160292272250213,0.5662965777644781,0.2578535911371636,79,nigeria
nigeria,15_to_19,0.4642854123765607,0.5745317399420276,0.2627549752919912,79,nigeria
nigeria,20_to_24,0.47182656686817,0.5736872452083708,0.25827613579299724,79,nigeria
nigeria,25_to_29,0.454548681796425,0.5577126150252254,0.24701081502807473,79,nigeria
nigeria,30_to_34,0.4856144667921202,0.5780998283237502,0.2578871718400617,79,nigeria
nigeria,35_to_39,0.4709548077801487,0.5729545887701327,0.2581748724394401,79,nigeria
nigeria,40_to_44,0.4741348153939781,0.5766351599921994,0.26141670138623124,79,nigeria
nigeria,45_to_49,0.43076082771156776,0.5425923277363772,0.2414312338429152,79,nigeria
nigeria,50_to_54,0.469915602362243,0.5591826282662388,0.24580333971416304,79,nigeria
