location,age_group,maternal_hemorrhage_paf,maternal_sepsis_and_other_maternal_infections_paf,depressive_disorders_paf,draw,location_run
nigeria,10_to_14,0.4106457211214954,0.5603763310753637,0.27263110859469303,244,nigeria
nigeria,15_to_19,0.5022690027828468,0.6124399743897627,0.29205290075326046,244,nigeria
nigeria,20_to_24,0.5089051873641617,0.6124639849230882,0.28876013398847705,244,nigeria
nigeria,25_to_29,0.4729616706395832,0.5879781796091265,0.2742926189127962,244,nigeria
nigeria,30_to_34,0.5165992832581687,0.614075908881052,0.28751512097106324,244,nigeria
nigeria,35_to_39,0.47215088810018374,0.5948459710598356,0.2839540521050866,244,nigeria
nigeria,40_to_44,0.4618921355914056,0.5911797524452083,0.2848947146064914,244,nigeria
nigeria,45_to_49,0.4360262219008403,0.5639097484886935,0.2616423995901135,244,nigeria
nigeria,50_to_54,0.4310013392947716,0.5558988352349953,0.2554272367108368,244,nigeria
