location,age_group,maternal_hemorrhage_paf,maternal_sepsis_and_other_maternal_infections_paf,depressive_disorders_paf,draw,location_run
nigeria,10_to_14,0.14596721038690266,0.5734602941751431,0.2742875154127939,167,nigeria
nigeria,15_to_19,0.1568567273452008,0.5935754124533565,0.2900291322169624,167,nigeria
nigeria,20_to_24,0.16606249327960262,0.6088673346758735,0.29135233642164265,167,nigeria
nigeria,25_to_29,0.14487828684587553,0.5713569950763343,0.26948778273212975,167,nigeria
nigeria,30_to_34,0.16785470007928288,0.6118778028538214,0.2923969537554102,167,nigeria
nigeria,35_to_39,0.15684370828652408,0.5933757284418346,0.28584035363061444,167,nigeria
nigeria,40_to_44,0.15410671322236874,0.5890082480455963,0.2902761296940886,167,nigeria
nigeria,45_to_49,0.14239689085862395,0.5667408070447353,0.2702678396331621,167,nigeria
nigeria,50_to_54,0.1385540999840264,0.5590418193954441,0.2580036802455681,167,nigeria
