location,age_group,maternal_hemorrhage_paf,maternal_sepsis_and_other_maternal_infections_paf,depressive_disorders_paf,draw,location_run
nigeria,10_to_14,0.5785904666630235,0.6244608787470188,0.2782908317713382,146,nigeria
nigeria,15_to_19,0.5856229825878222,0.6353819515957938,0.2893106046456769,146,nigeria
nigeria,20_to_24,0.5922612392954724,0.6355156000388679,0.28730330327832193,146,nigeria
nigeria,25_to_29,0.576141976550658,0.6234767568580157,0.27828731325126327,146,nigeria
nigeria,30_to_34,0.5902767103060687,0.6351435322753131,0.2875679814601102,146,nigeria
nigeria,35_to_39,0.5839745950930675,0.6326028549342511,0.28686040350560116,146,nigeria
nigeria,40_to_44,0.5839267649952875,0.6339936229829076,0.28826188398239844,146,nigeria
nigeria,45_to_49,0.5712291802421151,0.6232191228326519,0.27918385211024666,146,nigeria
nigeria,50_to_54,0.5788754142362275,0.6146468552108392,0.2667272761899323,146,nigeria
