location,age_group,maternal_hemorrhage_paf,maternal_sepsis_and_other_maternal_infections_paf,depressive_disorders_paf,draw,location_run
nigeria,10_to_14,0.1966575777199862,0.6570193847773392,0.344344688076422,167,nigeria
nigeria,15_to_19,0.21229732416096064,0.6776616803899715,0.3604333118886,167,nigeria
nigeria,20_to_24,0.21885525038818185,0.6848928231010807,0.35594363609059704,167,nigeria
nigeria,25_to_29,0.19785368778275655,0.6581026272975383,0.33954040321646667,167,nigeria
nigeria,30_to_34,0.22060517522914683,0.6868790819061961,0.35645619999892186,167,nigeria
nigeria,35_to_39,0.21046241242745242,0.6750398969173399,0.35370904143208054,167,nigeria
nigeria,40_to_44,0.209382618258693,0.6740725465871736,0.36061164819894315,167,nigeria
nigeria,45_to_49,0.1962903989277799,0.656209099014633,0.34103915379110983,167,nigeria
nigeria,50_to_54,0.1880841308554393,0.644899224913153,0.32382119007914345,167,nigeria
