location,age_group,maternal_hemorrhage_paf,maternal_sepsis_and_other_maternal_infections_paf,depressive_disorders_paf,draw,location_run
nigeria,10_to_14,0.46342091768301885,0.22610397773664193,0.04193215256423044,170,nigeria
nigeria,15_to_19,0.4477965119369887,0.24226501684084328,0.047197774804136776,170,nigeria
nigeria,20_to_24,0.4532669685516595,0.2397799360907171,0.04623857261722135,170,nigeria
nigeria,25_to_29,0.43806392764806357,0.2311867530617437,0.044336012235254116,170,nigeria
nigeria,30_to_34,0.4528899083552425,0.2383255897464977,0.04581916318185364,170,nigeria
nigeria,35_to_39,0.45059411173479635,0.2370797524263694,0.04558116661462368,170,nigeria
nigeria,40_to_44,0.44908087449836775,0.23659114649101398,0.045391562559940694,170,nigeria
nigeria,45_to_49,0.4291715519495166,0.22308884149882954,0.04218342178333386,170,nigeria
nigeria,50_to_54,0.48940655670894334,0.23996893401365116,0.044767458678740005,170,nigeria
