location,age_group,maternal_hemorrhage_paf,maternal_sepsis_and_other_maternal_infections_paf,depressive_disorders_paf,draw,location_run
nigeria,10_to_14,0.23609806203186562,0.3945457995906222,0.1315372157267177,197,nigeria
nigeria,15_to_19,0.2404585580128456,0.39501979266226944,0.13056627645818547,197,nigeria
nigeria,20_to_24,0.24699700248211645,0.3970457099148458,0.12972688980927735,197,nigeria
nigeria,25_to_29,0.23633056684823736,0.3842539225749169,0.1239955094102748,197,nigeria
nigeria,30_to_34,0.24717533741071346,0.3971734710603065,0.1297899375916119,197,nigeria
nigeria,35_to_39,0.24534033980449385,0.396170815034777,0.12973269860029626,197,nigeria
nigeria,40_to_44,0.24163573797518728,0.39521712770369694,0.13014749051107827,197,nigeria
nigeria,45_to_49,0.23212044988212066,0.38097276013995235,0.12322104509782666,197,nigeria
nigeria,50_to_54,0.2261649113074581,0.3742473167990559,0.11971740208703528,197,nigeria
