location,age_group,maternal_hemorrhage_paf,maternal_sepsis_and_other_maternal_infections_paf,depressive_disorders_paf,draw,location_run
nigeria,10_to_14,0.3630661217787908,0.4725144494169505,0.17726108547719688,60,nigeria
nigeria,15_to_19,0.3508579670837658,0.4701044963507923,0.17917837618029164,60,nigeria
nigeria,20_to_24,0.36089403260177927,0.47295989676647077,0.17803989642391205,60,nigeria
nigeria,25_to_29,0.3454809335814518,0.4586635131667273,0.17065429806935525,60,nigeria
nigeria,30_to_34,0.36041143868507913,0.4736060649299124,0.17898742511999746,60,nigeria
nigeria,35_to_39,0.3543297154209152,0.4704331815499032,0.17820923400094227,60,nigeria
nigeria,40_to_44,0.35268296553293166,0.4698300816328749,0.17775385224417603,60,nigeria
nigeria,45_to_49,0.3368303692408795,0.45127936269809676,0.16712881358862414,60,nigeria
nigeria,50_to_54,0.3439063796826566,0.4394372038744694,0.15608135643296953,60,nigeria
