location,draw,sex,age_start,age_end,parameter,value
ethiopia,draw_118,Female,0.0,0.01917808,40.0,1.497284887341948
ethiopia,draw_118,Male,0.0,0.01917808,40.0,1.3590759603716578
ethiopia,draw_118,Female,0.01917808,0.07671233,40.0,1.667737231895345
ethiopia,draw_118,Male,0.01917808,0.07671233,40.0,1.6005839635348482
nigeria,draw_118,Female,0.0,0.01917808,40.0,1.3932849135844192
nigeria,draw_118,Male,0.0,0.01917808,40.0,1.4202304589928152
nigeria,draw_118,Female,0.01917808,0.07671233,40.0,1.5918761034792015
nigeria,draw_118,Male,0.01917808,0.07671233,40.0,1.642604953997711
pakistan,draw_118,Female,0.0,0.01917808,40.0,0.6028864294978628
pakistan,draw_118,Male,0.0,0.01917808,40.0,0.8075672831949893
pakistan,draw_118,Female,0.01917808,0.07671233,40.0,0.8883994220441505
pakistan,draw_118,Male,0.01917808,0.07671233,40.0,1.0896256676876195
ethiopia,draw_118,Female,0.0,0.01917808,40.11011,1.4991431082159812
ethiopia,draw_118,Male,0.0,0.01917808,40.11011,1.3610574068689296
ethiopia,draw_118,Female,0.01917808,0.07671233,40.11011,1.6690570816153443
ethiopia,draw_118,Male,0.01917808,0.07671233,40.11011,1.6021195153945265
nigeria,draw_118,Female,0.0,0.01917808,40.11011,1.3952620019452044
nigeria,draw_118,Male,0.0,0.01917808,40.11011,1.422092709399265
nigeria,draw_118,Female,0.01917808,0.07671233,40.11011,1.5933187460620457
nigeria,draw_118,Male,0.01917808,0.07671233,40.11011,1.6439963409329945
pakistan,draw_118,Female,0.0,0.01917808,40.11011,0.604900091837503
pakistan,draw_118,Male,0.0,0.01917808,40.11011,0.8098443575149965
pakistan,draw_118,Female,0.01917808,0.07671233,40.11011,0.8904096699602021
pakistan,draw_118,Male,0.01917808,0.07671233,40.11011,1.091795581927226
ethiopia,draw_118,Female,0.0,0.01917808,40.22022,1.500998610095998
ethiopia,draw_118,Male,0.0,0.01917808,40.22022,1.3630374507282481
ethiopia,draw_118,Female,0.01917808,0.07671233,40.22022,1.6703738895132252
ethiopia,draw_118,Male,0.01917808,0.07671233,40.22022,1.6036523381237298
nigeria,draw_118,Female,0.0,0.01917808,40.22022,1.3972371764318698
nigeria,draw_118,Male,0.0,0.01917808,40.22022,1.423952182990442
nigeria,draw_118,Female,0.01917808,0.07671233,40.22022,1.5947586780139194
nigeria,draw_118,Male,0.01917808,0.07671233,40.22022,1.645384157225268
pakistan,draw_118,Female,0.0,0.01917808,40.22022,0.6069200775457256
pakistan,draw_118,Male,0.0,0.01917808,40.22022,0.8121254454887772
pakistan,draw_118,Female,0.01917808,0.07671233,40.22022,0.8924227853680178
pakistan,draw_118,Male,0.01917808,0.07671233,40.22022,1.0939664148809072
ethiopia,draw_118,Female,0.0,0.01917808,40.33033,1.502851448325012
ethiopia,draw_118,Male,0.0,0.01917808,40.33033,1.3650166527154202
ethiopia,draw_118,Female,0.01917808,0.07671233,40.33033,1.67168745948471
ethiopia,draw_118,Male,0.01917808,0.07671233,40.33033,1.605182735437559
nigeria,draw_118,Female,0.0,0.01917808,40.33033,1.3992104204029845
nigeria,draw_118,Male,0.0,0.01917808,40.33033,1.4258091077025392
nigeria,draw_118,Female,0.01917808,0.07671233,40.33033,1.5961960219821465
nigeria,draw_118,Male,0.01917808,0.07671233,40.33033,1.6467686850961434
pakistan,draw_118,Female,0.0,0.01917808,40.33033,0.6089460769556094
pakistan,draw_118,Male,0.0,0.01917808,40.33033,0.8144105409939384
pakistan,draw_118,Female,0.01917808,0.07671233,40.33033,0.8944385410833855
pakistan,draw_118,Male,0.01917808,0.07671233,40.33033,1.096138381321626
ethiopia,draw_118,Female,0.0,0.01917808,40.44044,1.5047015709032134
ethiopia,draw_118,Male,0.0,0.01917808,40.44044,1.366993747175586
ethiopia,draw_118,Female,0.01917808,0.07671233,40.44044,1.6729980536274691
ethiopia,draw_118,Male,0.01917808,0.07671233,40.44044,1.6067098701529696
nigeria,draw_118,Female,0.0,0.01917808,40.44044,1.4011815033195694
nigeria,draw_118,Male,0.0,0.01917808,40.44044,1.4276638693117456
nigeria,draw_118,Female,0.01917808,0.07671233,40.44044,1.5976305195869358
nigeria,draw_118,Male,0.01917808,0.07671233,40.44044,1.6481501225458226
pakistan,draw_118,Female,0.0,0.01917808,40.44044,0.6109784664690444
pakistan,draw_118,Male,0.0,0.01917808,40.44044,0.8166993600297691
pakistan,draw_118,Female,0.01917808,0.07671233,40.44044,0.8964568379896978
pakistan,draw_118,Male,0.01917808,0.07671233,40.44044,1.0983111454944807
ethiopia,draw_118,Female,0.0,0.01917808,40.55055,1.5065485661368416
ethiopia,draw_118,Male,0.0,0.01917808,40.55055,1.3689696344925044
ethiopia,draw_118,Female,0.01917808,0.07671233,40.55055,1.6743054561598933
ethiopia,draw_118,Male,0.01917808,0.07671233,40.55055,1.6082342962410616
nigeria,draw_118,Female,0.0,0.01917808,40.55055,1.4031507173557054
nigeria,draw_118,Male,0.0,0.01917808,40.55055,1.4295158807769313
nigeria,draw_118,Female,0.01917808,0.07671233,40.55055,1.5990620473521817
nigeria,draw_118,Male,0.01917808,0.07671233,40.55055,1.649527784528218
pakistan,draw_118,Female,0.0,0.01917808,40.55055,0.613017994239024
pakistan,draw_118,Male,0.0,0.01917808,40.55055,0.8189922130881735
pakistan,draw_118,Female,0.01917808,0.07671233,40.55055,0.8984778055862719
pakistan,draw_118,Male,0.01917808,0.07671233,40.55055,1.100484810421285
ethiopia,draw_118,Female,0.0,0.01917808,40.66066,1.5083924020533557
ethiopia,draw_118,Male,0.0,0.01917808,40.66066,1.3709437861244926
ethiopia,draw_118,Female,0.01917808,0.07671233,40.66066,1.6756093867230477
ethiopia,draw_118,Male,0.01917808,0.07671233,40.66066,1.6097554986060874
nigeria,draw_118,Female,0.0,0.01917808,40.66066,1.405117210598304
nigeria,draw_118,Male,0.0,0.01917808,40.66066,1.4313651825039218
nigeria,draw_118,Female,0.01917808,0.07671233,40.66066,1.6004900971168385
nigeria,draw_118,Male,0.01917808,0.07671233,40.66066,1.6509017538542763
pakistan,draw_118,Female,0.0,0.01917808,40.66066,0.6150642217131661
pakistan,draw_118,Male,0.0,0.01917808,40.66066,0.8212884311286341
pakistan,draw_118,Female,0.01917808,0.07671233,40.66066,0.9005013809764572
pakistan,draw_118,Male,0.01917808,0.07671233,40.66066,1.1026586808130208
ethiopia,draw_118,Female,0.0,0.01917808,40.77077,1.510232920541303
ethiopia,draw_118,Male,0.0,0.01917808,40.77077,1.3729159364390506
ethiopia,draw_118,Female,0.01917808,0.07671233,40.77077,1.676909621840464
ethiopia,draw_118,Male,0.01917808,0.07671233,40.77077,1.611273200302273
nigeria,draw_118,Female,0.0,0.01917808,40.77077,1.4070817496635761
nigeria,draw_118,Male,0.0,0.01917808,40.77077,1.4332113983998929
nigeria,draw_118,Female,0.01917808,0.07671233,40.77077,1.601914962577215
nigeria,draw_118,Male,0.01917808,0.07671233,40.77077,1.6522716074137562
pakistan,draw_118,Female,0.0,0.01917808,40.77077,0.6171164652372318
pakistan,draw_118,Male,0.0,0.01917808,40.77077,0.8235879353174199
pakistan,draw_118,Female,0.01917808,0.07671233,40.77077,0.9025272681759616
pakistan,draw_118,Male,0.01917808,0.07671233,40.77077,1.1048328325787269
ethiopia,draw_118,Female,0.0,0.01917808,40.88088,1.5120706177786143
ethiopia,draw_118,Male,0.0,0.01917808,40.88088,1.3748863936374995
ethiopia,draw_118,Female,0.01917808,0.07671233,40.88088,1.6782065627100622
ethiopia,draw_118,Male,0.01917808,0.07671233,40.88088,1.6127877625272289
nigeria,draw_118,Female,0.0,0.01917808,40.88088,1.4090440165658928
nigeria,draw_118,Male,0.0,0.01917808,40.88088,1.4350560007950015
nigeria,draw_118,Female,0.01917808,0.07671233,40.88088,1.603336778236296
nigeria,draw_118,Male,0.01917808,0.07671233,40.88088,1.6536384168499858
pakistan,draw_118,Female,0.0,0.01917808,40.88088,0.619175339205627
pakistan,draw_118,Male,0.0,0.01917808,40.88088,0.8258911902931674
pakistan,draw_118,Female,0.01917808,0.07671233,40.88088,0.9045559877757696
pakistan,draw_118,Male,0.01917808,0.07671233,40.88088,1.1070074942074535
ethiopia,draw_118,Female,0.0,0.01917808,40.99099,1.5139055470684968
ethiopia,draw_118,Male,0.0,0.01917808,40.99099,1.376854793536292
ethiopia,draw_118,Female,0.01917808,0.07671233,40.99099,1.6795003110606146
ethiopia,draw_118,Male,0.01917808,0.07671233,40.99099,1.614298968296354
nigeria,draw_118,Female,0.0,0.01917808,40.99099,1.4110041511203602
nigeria,draw_118,Male,0.0,0.01917808,40.99099,1.4368977419841062
nigeria,draw_118,Female,0.01917808,0.07671233,40.99099,1.604755641678426
nigeria,draw_118,Male,0.01917808,0.07671233,40.99099,1.6550014440358845
pakistan,draw_118,Female,0.0,0.01917808,40.99099,0.6212405795782264
pakistan,draw_118,Male,0.0,0.01917808,40.99099,0.828198622000962
pakistan,draw_118,Female,0.01917808,0.07671233,40.99099,0.9065873430527129
pakistan,draw_118,Male,0.01917808,0.07671233,40.99099,1.1091830926724566
ethiopia,draw_118,Female,0.0,0.01917808,41.1011,1.5157372933070579
ethiopia,draw_118,Male,0.0,0.01917808,41.1011,1.3788214388553752
ethiopia,draw_118,Female,0.01917808,0.07671233,41.1011,1.6807906101618455
ethiopia,draw_118,Male,0.01917808,0.07671233,41.1011,1.6158069919785571
nigeria,draw_118,Female,0.0,0.01917808,41.1011,1.4129619962641626
nigeria,draw_118,Male,0.0,0.01917808,41.1011,1.4387371298322926
nigeria,draw_118,Female,0.01917808,0.07671233,41.1011,1.6061713547744252
nigeria,draw_118,Male,0.01917808,0.07671233,41.1011,1.6563610628161065
pakistan,draw_118,Female,0.0,0.01917808,41.1011,0.6233120758240044
pakistan,draw_118,Male,0.0,0.01917808,41.1011,0.8305100393664305
pakistan,draw_118,Female,0.01917808,0.07671233,41.1011,0.9086215165432164
pakistan,draw_118,Male,0.01917808,0.07671233,41.1011,1.1113594491010423
ethiopia,draw_118,Female,0.0,0.01917808,41.21121,1.5175661588149112
ethiopia,draw_118,Male,0.0,0.01917808,41.21121,1.3807857333013929
ethiopia,draw_118,Female,0.01917808,0.07671233,41.21121,1.6820776526131371
ethiopia,draw_118,Male,0.01917808,0.07671233,41.21121,1.6173115815076848
nigeria,draw_118,Female,0.0,0.01917808,41.21121,1.414917709593487
nigeria,draw_118,Male,0.0,0.01917808,41.21121,1.440574501185223
nigeria,draw_118,Female,0.01917808,0.07671233,41.21121,1.6075838309058728
nigeria,draw_118,Male,0.01917808,0.07671233,41.21121,1.657717449910725
pakistan,draw_118,Female,0.0,0.01917808,41.21121,0.6253901118263725
pakistan,draw_118,Male,0.0,0.01917808,41.21121,0.832825012316012
pakistan,draw_118,Female,0.01917808,0.07671233,41.21121,0.9106581833474657
pakistan,draw_118,Male,0.01917808,0.07671233,41.21121,1.1135362034890615
ethiopia,draw_118,Female,0.0,0.01917808,41.32132,1.5193917815365634
ethiopia,draw_118,Male,0.0,0.01917808,41.32132,1.3827482580148387
ethiopia,draw_118,Female,0.01917808,0.07671233,41.32132,1.683361077089057
ethiopia,draw_118,Male,0.01917808,0.07671233,41.32132,1.6188129699246467
nigeria,draw_118,Female,0.0,0.01917808,41.32132,1.4168706245226426
nigeria,draw_118,Male,0.0,0.01917808,41.32132,1.44240874777019
nigeria,draw_118,Female,0.01917808,0.07671233,41.32132,1.6089929946321653
nigeria,draw_118,Male,0.01917808,0.07671233,41.32132,1.6590700370105633
pakistan,draw_118,Female,0.0,0.01917808,41.32132,0.6274744295936167
pakistan,draw_118,Male,0.0,0.01917808,41.32132,0.8351435541549085
pakistan,draw_118,Female,0.01917808,0.07671233,41.32132,0.912697489223926
pakistan,draw_118,Male,0.01917808,0.07671233,41.32132,1.1157137292420154
ethiopia,draw_118,Female,0.0,0.01917808,41.43143,1.5212139416617192
ethiopia,draw_118,Male,0.0,0.01917808,41.43143,1.3847090281349843
ethiopia,draw_118,Female,0.01917808,0.07671233,41.43143,1.6846409542389043
ethiopia,draw_118,Male,0.01917808,0.07671233,41.43143,1.6203110127448357
nigeria,draw_118,Female,0.0,0.01917808,41.43143,1.4188210007221826
nigeria,draw_118,Male,0.0,0.01917808,41.43143,1.4442408777424656
nigeria,draw_118,Female,0.01917808,0.07671233,41.43143,1.6103990916922246
nigeria,draw_118,Male,0.01917808,0.07671233,41.43143,1.660419288923684
pakistan,draw_118,Female,0.0,0.01917808,41.43143,0.6295656255819053
pakistan,draw_118,Male,0.0,0.01917808,41.43143,0.8374660540510077
pakistan,draw_118,Female,0.01917808,0.07671233,41.43143,0.914739572955324
pakistan,draw_118,Male,0.01917808,0.07671233,41.43143,1.1178921958478385
ethiopia,draw_118,Female,0.0,0.01917808,41.54154,1.5230333414814912
ethiopia,draw_118,Male,0.0,0.01917808,41.54154,1.3866678614794505
ethiopia,draw_118,Female,0.01917808,0.07671233,41.54154,1.6859176117671475
ethiopia,draw_118,Male,0.01917808,0.07671233,41.54154,1.6218055989954625
nigeria,draw_118,Female,0.0,0.01917808,41.54154,1.4207689365552938
nigeria,draw_118,Male,0.0,0.01917808,41.54154,1.4460703826312244
nigeria,draw_118,Female,0.01917808,0.07671233,41.54154,1.611802122513006
nigeria,draw_118,Male,0.01917808,0.07671233,41.54154,1.6617650452491137
pakistan,draw_118,Female,0.0,0.01917808,41.54154,0.6316631800394402
pakistan,draw_118,Male,0.0,0.01917808,41.54154,0.8397921581809528
pakistan,draw_118,Female,0.01917808,0.07671233,41.54154,0.9167843641310108
pakistan,draw_118,Male,0.01917808,0.07671233,41.54154,1.1200711857772383
ethiopia,draw_118,Female,0.0,0.01917808,41.65165,1.524850282665679
ethiopia,draw_118,Male,0.0,0.01917808,41.65165,1.3886249881104318
ethiopia,draw_118,Female,0.01917808,0.07671233,41.65165,1.6871911164503863
ethiopia,draw_118,Male,0.01917808,0.07671233,41.65165,1.6232969105445287
nigeria,draw_118,Female,0.0,0.01917808,41.65165,1.4227134853608052
nigeria,draw_118,Male,0.0,0.01917808,41.65165,1.447897608167775
nigeria,draw_118,Female,0.01917808,0.07671233,41.65165,1.6132016466506356
nigeria,draw_118,Male,0.01917808,0.07671233,41.65165,1.6631073559665548
pakistan,draw_118,Female,0.0,0.01917808,41.65165,0.6337670347179406
pakistan,draw_118,Male,0.0,0.01917808,41.65165,0.8421216790652121
pakistan,draw_118,Female,0.01917808,0.07671233,41.65165,0.9188316686251585
pakistan,draw_118,Male,0.01917808,0.07671233,41.65165,1.1222503035710865
ethiopia,draw_118,Female,0.0,0.01917808,41.76176,1.5266630410240096
ethiopia,draw_118,Male,0.0,0.01917808,41.76176,1.3905799584609744
ethiopia,draw_118,Female,0.01917808,0.07671233,41.76176,1.6884603485943208
ethiopia,draw_118,Male,0.01917808,0.07671233,41.76176,1.6247846509381991
nigeria,draw_118,Female,0.0,0.01917808,41.76176,1.4246557371112123
nigeria,draw_118,Male,0.0,0.01917808,41.76176,1.449721859676415
nigeria,draw_118,Female,0.01917808,0.07671233,41.76176,1.6145976783053877
nigeria,draw_118,Male,0.01917808,0.07671233,41.76176,1.6644456923510813
pakistan,draw_118,Female,0.0,0.01917808,41.76176,0.6358775598492908
pakistan,draw_118,Male,0.0,0.01917808,41.76176,0.8444545283842024
pakistan,draw_118,Female,0.01917808,0.07671233,41.76176,0.9208814074014523
pakistan,draw_118,Male,0.01917808,0.07671233,41.76176,1.1244296880853133
ethiopia,draw_118,Female,0.0,0.01917808,41.87187,1.528473222173607
ethiopia,draw_118,Male,0.0,0.01917808,41.87187,1.3925328042274385
ethiopia,draw_118,Female,0.01917808,0.07671233,41.87187,1.6897264370962808
ethiopia,draw_118,Male,0.01917808,0.07671233,41.87187,1.6262690690468673
nigeria,draw_118,Female,0.0,0.01917808,41.87187,1.4265943384334152
nigeria,draw_118,Male,0.0,0.01917808,41.87187,1.4515441105669766
nigeria,draw_118,Female,0.01917808,0.07671233,41.87187,1.615989764677131
nigeria,draw_118,Male,0.01917808,0.07671233,41.87187,1.6657807146992687
pakistan,draw_118,Female,0.0,0.01917808,41.87187,0.6379947869433658
pakistan,draw_118,Male,0.0,0.01917808,41.87187,0.846790962498057
pakistan,draw_118,Female,0.01917808,0.07671233,41.87187,0.9229337567511277
pakistan,draw_118,Male,0.01917808,0.07671233,41.87187,1.1266095956901812
ethiopia,draw_118,Female,0.0,0.01917808,41.98198,1.5302789197767104
ethiopia,draw_118,Male,0.0,0.01917808,41.98198,1.3944835251360774
ethiopia,draw_118,Female,0.01917808,0.07671233,41.98198,1.6909884985045154
ethiopia,draw_118,Male,0.01917808,0.07671233,41.98198,1.6277501012271838
nigeria,draw_118,Female,0.0,0.01917808,41.98198,1.428531076297033
nigeria,draw_118,Male,0.0,0.01917808,41.98198,1.453363302093772
nigeria,draw_118,Female,0.01917808,0.07671233,41.98198,1.61737918275001
nigeria,draw_118,Male,0.01917808,0.07671233,41.98198,1.6671117587559503
pakistan,draw_118,Female,0.0,0.01917808,41.98198,0.6401187904357131
pakistan,draw_118,Male,0.0,0.01917808,41.98198,0.8491312516787773
pakistan,draw_118,Female,0.01917808,0.07671233,41.98198,0.9249885957365249
pakistan,draw_118,Male,0.01917808,0.07671233,41.98198,1.1287902464837172
ethiopia,draw_118,Female,0.0,0.01917808,42.09209,1.5320814481614784
ethiopia,draw_118,Male,0.0,0.01917808,42.09209,1.3964320021871206
ethiopia,draw_118,Female,0.01917808,0.07671233,42.09209,1.6922470410878618
ethiopia,draw_118,Male,0.01917808,0.07671233,42.09209,1.6292277038770384
nigeria,draw_118,Female,0.0,0.01917808,42.09209,1.4304649505197031
nigeria,draw_118,Male,0.0,0.01917808,42.09209,1.4551800076456707
nigeria,draw_118,Female,0.01917808,0.07671233,42.09209,1.6187650555654765
nigeria,draw_118,Male,0.01917808,0.07671233,42.09209,1.6684391875336895
pakistan,draw_118,Female,0.0,0.01917808,42.09209,0.6422491236607122
pakistan,draw_118,Male,0.0,0.01917808,42.09209,0.8514748232829321
pakistan,draw_118,Female,0.01917808,0.07671233,42.09209,0.9270457988197567
pakistan,draw_118,Male,0.01917808,0.07671233,42.09209,1.1309710912228723
ethiopia,draw_118,Female,0.0,0.01917808,42.2022,1.5340044099376773
ethiopia,draw_118,Male,0.0,0.01917808,42.2022,1.3983793852988249
ethiopia,draw_118,Female,0.01917808,0.07671233,42.2022,1.6936055138057369
ethiopia,draw_118,Male,0.01917808,0.07671233,42.2022,1.6307024333300115
nigeria,draw_118,Female,0.0,0.01917808,42.2022,1.432396628548279
nigeria,draw_118,Male,0.0,0.01917808,42.2022,1.4569943205637417
nigeria,draw_118,Female,0.01917808,0.07671233,42.2022,1.6201477561139872
nigeria,draw_118,Male,0.01917808,0.07671233,42.2022,1.6697629878531859
pakistan,draw_118,Female,0.0,0.01917808,42.2022,0.6443854642760241
pakistan,draw_118,Male,0.0,0.01917808,42.2022,0.853822052281693
pakistan,draw_118,Female,0.01917808,0.07671233,42.2022,0.9291055558754616
pakistan,draw_118,Male,0.01917808,0.07671233,42.2022,1.133152653491463
ethiopia,draw_118,Female,0.0,0.01917808,42.31231,1.5364940307679247
ethiopia,draw_118,Male,0.0,0.01917808,42.31231,1.4003237111748605
ethiopia,draw_118,Female,0.01917808,0.07671233,42.31231,1.6954374958373368
ethiopia,draw_118,Male,0.01917808,0.07671233,42.31231,1.6321733238946796
nigeria,draw_118,Female,0.0,0.01917808,42.31231,1.4343252215398659
nigeria,draw_118,Male,0.0,0.01917808,42.31231,1.4588057179482938
nigeria,draw_118,Female,0.01917808,0.07671233,42.31231,1.6215264203129498
nigeria,draw_118,Male,0.01917808,0.07671233,42.31231,1.6710828355603902
pakistan,draw_118,Female,0.0,0.01917808,42.31231,0.6465283070069799
pakistan,draw_118,Male,0.0,0.01917808,42.31231,0.8561726592007185
pakistan,draw_118,Female,0.01917808,0.07671233,42.31231,0.9311677719600328
pakistan,draw_118,Male,0.01917808,0.07671233,42.31231,1.135334618357654
ethiopia,draw_118,Female,0.0,0.01917808,42.42242,1.538980076706022
ethiopia,draw_118,Male,0.0,0.01917808,42.42242,1.4022654412128197
ethiopia,draw_118,Female,0.01917808,0.07671233,42.42242,1.697265555674661
ethiopia,draw_118,Male,0.01917808,0.07671233,42.42242,1.633640346525179
nigeria,draw_118,Female,0.0,0.01917808,42.42242,1.4362508330931432
nigeria,draw_118,Male,0.0,0.01917808,42.42242,1.460613990223151
nigeria,draw_118,Female,0.01917808,0.07671233,42.42242,1.6229014345352772
nigeria,draw_118,Male,0.01917808,0.07671233,42.42242,1.6723984798367149
pakistan,draw_118,Female,0.0,0.01917808,42.42242,0.6486779588835913
pakistan,draw_118,Male,0.0,0.01917808,42.42242,0.8585262373617388
pakistan,draw_118,Female,0.01917808,0.07671233,42.42242,0.9332325255486322
pakistan,draw_118,Male,0.01917808,0.07671233,42.42242,1.1375164984137947
ethiopia,draw_118,Female,0.0,0.01917808,42.53253,1.5414629891681675
ethiopia,draw_118,Male,0.0,0.01917808,42.53253,1.4042043834432076
ethiopia,draw_118,Female,0.01917808,0.07671233,42.53253,1.6990895018178906
ethiopia,draw_118,Male,0.01917808,0.07671233,42.53253,1.6351032383267066
nigeria,draw_118,Female,0.0,0.01917808,42.53253,1.4381728186413956
nigeria,draw_118,Male,0.0,0.01917808,42.53253,1.4624188272919045
nigeria,draw_118,Female,0.01917808,0.07671233,42.53253,1.6242724817738434
nigeria,draw_118,Male,0.01917808,0.07671233,42.53253,1.6737095738277243
pakistan,draw_118,Female,0.0,0.01917808,42.53253,0.6508333417576654
pakistan,draw_118,Male,0.0,0.01917808,42.53253,0.8608827250152539
pakistan,draw_118,Female,0.01917808,0.07671233,42.53253,0.9352993005656715
pakistan,draw_118,Male,0.01917808,0.07671233,42.53253,1.1396982849537365
ethiopia,draw_118,Female,0.0,0.01917808,42.64264,1.5439410333877528
ethiopia,draw_118,Male,0.0,0.01917808,42.64264,1.4061406617445973
ethiopia,draw_118,Female,0.01917808,0.07671233,42.64264,1.700909143718222
ethiopia,draw_118,Male,0.01917808,0.07671233,42.64264,1.6365622044279968
nigeria,draw_118,Female,0.0,0.01917808,42.64264,1.4400917141646665
nigeria,draw_118,Male,0.0,0.01917808,42.64264,1.4642203827225646
nigeria,draw_118,Female,0.01917808,0.07671233,42.64264,1.6256396704359026
nigeria,draw_118,Male,0.01917808,0.07671233,42.64264,1.6750162378414413
pakistan,draw_118,Female,0.0,0.01917808,42.64264,0.6529949927108808
pakistan,draw_118,Male,0.0,0.01917808,42.64264,0.8632419213194736
pakistan,draw_118,Female,0.01917808,0.07671233,42.64264,0.9373684613491637
pakistan,draw_118,Male,0.01917808,0.07671233,42.64264,1.141879808938418
ethiopia,draw_118,Female,0.0,0.01917808,42.75275,1.5464149033968106
ethiopia,draw_118,Male,0.0,0.01917808,42.75275,1.4080738699950472
ethiopia,draw_118,Female,0.01917808,0.07671233,42.75275,1.7027244666870855
ethiopia,draw_118,Male,0.01917808,0.07671233,42.75275,1.6380167533400107
nigeria,draw_118,Female,0.0,0.01917808,42.75275,1.4420063178321367
nigeria,draw_118,Male,0.0,0.01917808,42.75275,1.4660181130857033
nigeria,draw_118,Female,0.01917808,0.07671233,42.75275,1.627002060394281
nigeria,draw_118,Male,0.01917808,0.07671233,42.75275,1.6763181476638729
pakistan,draw_118,Female,0.0,0.01917808,42.75275,0.6551631603776855
pakistan,draw_118,Male,0.0,0.01917808,42.75275,0.8656038016080231
pakistan,draw_118,Female,0.01917808,0.07671233,42.75275,0.9394397248694845
pakistan,draw_118,Male,0.01917808,0.07671233,42.75275,1.144060698719009
ethiopia,draw_118,Female,0.0,0.01917808,42.86286,1.5488843921623283
ethiopia,draw_118,Male,0.0,0.01917808,42.86286,1.4100040535132583
ethiopia,draw_118,Female,0.01917808,0.07671233,42.86286,1.7045350875299101
ethiopia,draw_118,Male,0.01917808,0.07671233,42.86286,1.6394667218339636
nigeria,draw_118,Female,0.0,0.01917808,42.86286,1.443917993568146
nigeria,draw_118,Male,0.0,0.01917808,42.86286,1.467812653625573
nigeria,draw_118,Female,0.01917808,0.07671233,42.86286,1.6283602097365866
nigeria,draw_118,Male,0.01917808,0.07671233,42.86286,1.6776156613444295
pakistan,draw_118,Female,0.0,0.01917808,42.86286,0.6573374213878631
pakistan,draw_118,Male,0.0,0.01917808,42.86286,0.8679687002983953
pakistan,draw_118,Female,0.01917808,0.07671233,42.86286,0.9415129292461716
pakistan,draw_118,Male,0.01917808,0.07671233,42.86286,1.1462413498513113
ethiopia,draw_118,Female,0.0,0.01917808,42.97297,1.5513505061811437
ethiopia,draw_118,Male,0.0,0.01917808,42.97297,1.4119308787810787
ethiopia,draw_118,Female,0.01917808,0.07671233,42.97297,1.7063415666103798
ethiopia,draw_118,Male,0.01917808,0.07671233,42.97297,1.6409118714841993
nigeria,draw_118,Female,0.0,0.01917808,42.97297,1.4458258512193654
nigeria,draw_118,Male,0.0,0.01917808,42.97297,1.4696039533903917
nigeria,draw_118,Female,0.01917808,0.07671233,42.97297,1.6297139681957258
nigeria,draw_118,Male,0.01917808,0.07671233,42.97297,1.6789088460723849
pakistan,draw_118,Female,0.0,0.01917808,42.97297,0.659517689463598
pakistan,draw_118,Male,0.0,0.01917808,42.97297,0.8703369469817505
pakistan,draw_118,Female,0.01917808,0.07671233,42.97297,0.9435883464625969
pakistan,draw_118,Male,0.01917808,0.07671233,42.97297,1.1484219450342283
ethiopia,draw_118,Female,0.0,0.01917808,43.08308,1.5538112402739974
ethiopia,draw_118,Male,0.0,0.01917808,43.08308,1.4138555574687899
ethiopia,draw_118,Female,0.01917808,0.07671233,43.08308,1.7081428896793387
ethiopia,draw_118,Male,0.01917808,0.07671233,43.08308,1.6423531309758055
nigeria,draw_118,Female,0.0,0.01917808,43.08308,1.4477300325162976
nigeria,draw_118,Male,0.0,0.01917808,43.08308,1.4713916360589965
nigeria,draw_118,Female,0.01917808,0.07671233,43.08308,1.631063447473764
nigeria,draw_118,Male,0.01917808,0.07671233,43.08308,1.6801974256630947
pakistan,draw_118,Female,0.0,0.01917808,43.08308,0.6617038205993561
pakistan,draw_118,Male,0.0,0.01917808,43.08308,0.8727078791721824
pakistan,draw_118,Female,0.01917808,0.07671233,43.08308,0.9456657020165703
pakistan,draw_118,Male,0.01917808,0.07671233,43.08308,1.1506021890824
ethiopia,draw_118,Female,0.0,0.01917808,43.19319,1.5562685108070216
ethiopia,draw_118,Male,0.0,0.01917808,43.19319,1.4157772089830207
ethiopia,draw_118,Female,0.01917808,0.07671233,43.19319,1.7099401691263802
ethiopia,draw_118,Male,0.01917808,0.07671233,43.19319,1.6437901046372954
nigeria,draw_118,Female,0.0,0.01917808,43.19319,1.44963129703399
nigeria,draw_118,Male,0.0,0.01917808,43.19319,1.4731759740002368
nigeria,draw_118,Female,0.01917808,0.07671233,43.19319,1.6324089304286638
nigeria,draw_118,Male,0.01917808,0.07671233,43.19319,1.6814814180738973
pakistan,draw_118,Female,0.0,0.01917808,43.19319,0.6638960640051417
pakistan,draw_118,Male,0.0,0.01917808,43.19319,0.8750819541277876
pakistan,draw_118,Female,0.01917808,0.07671233,43.19319,0.9477451052140209
pakistan,draw_118,Male,0.01917808,0.07671233,43.19319,1.152782332483773
ethiopia,draw_118,Female,0.0,0.01917808,43.3033,1.558721841402119
ethiopia,draw_118,Male,0.0,0.01917808,43.3033,1.4176956001217484
ethiopia,draw_118,Female,0.01917808,0.07671233,43.3033,1.711733127200939
ethiopia,draw_118,Male,0.01917808,0.07671233,43.3033,1.6452226873536255
nigeria,draw_118,Female,0.0,0.01917808,43.3033,1.4515283325029444
nigeria,draw_118,Male,0.0,0.01917808,43.3033,1.474957740610922
nigeria,draw_118,Female,0.01917808,0.07671233,43.3033,1.633749860017886
nigeria,draw_118,Male,0.01917808,0.07671233,43.3033,1.6827613257561342
pakistan,draw_118,Female,0.0,0.01917808,43.3033,0.6660943322003676
pakistan,draw_118,Male,0.0,0.01917808,43.3033,0.8774591137100022
pakistan,draw_118,Female,0.01917808,0.07671233,43.3033,0.9498263257209593
pakistan,draw_118,Male,0.01917808,0.07671233,43.3033,1.15496213179968
ethiopia,draw_118,Female,0.0,0.01917808,43.41341,1.5611705318868871
ethiopia,draw_118,Male,0.0,0.01917808,43.41341,1.4196113001653168
ethiopia,draw_118,Female,0.01917808,0.07671233,43.41341,1.713521654564148
ethiopia,draw_118,Male,0.01917808,0.07671233,43.41341,1.646650994693036
nigeria,draw_118,Female,0.0,0.01917808,43.41341,1.4534216648142049
nigeria,draw_118,Male,0.0,0.01917808,43.41341,1.4767351038831453
nigeria,draw_118,Female,0.01917808,0.07671233,43.41341,1.6350864759632853
nigeria,draw_118,Male,0.01917808,0.07671233,43.41341,1.6840359908400668
pakistan,draw_118,Female,0.0,0.01917808,43.41341,0.6682991516332553
pakistan,draw_118,Male,0.0,0.01917808,43.41341,0.8798392793438473
pakistan,draw_118,Female,0.01917808,0.07671233,43.41341,0.9519098495846244
pakistan,draw_118,Male,0.01917808,0.07671233,43.41341,1.1571419385667987
ethiopia,draw_118,Female,0.0,0.01917808,43.52352,1.5636145582098706
ethiopia,draw_118,Male,0.0,0.01917808,43.52352,1.4215234389781173
ethiopia,draw_118,Female,0.01917808,0.07671233,43.52352,1.7153056355160936
ethiopia,draw_118,Male,0.01917808,0.07671233,43.52352,1.6480745450151026
nigeria,draw_118,Female,0.0,0.01917808,43.52352,1.4553115019997056
nigeria,draw_118,Male,0.0,0.01917808,43.52352,1.4785095932261476
nigeria,draw_118,Female,0.01917808,0.07671233,43.52352,1.636418941177795
nigeria,draw_118,Male,0.01917808,0.07671233,43.52352,1.6853063382977145
pakistan,draw_118,Female,0.0,0.01917808,43.52352,0.6705103228761793
pakistan,draw_118,Male,0.0,0.01917808,43.52352,0.8822224103975981
pakistan,draw_118,Female,0.01917808,0.07671233,43.52352,0.9539955615061242
pakistan,draw_118,Male,0.01917808,0.07671233,43.52352,1.1593216905649022
ethiopia,draw_118,Female,0.0,0.01917808,43.63363,1.5660547402777816
ethiopia,draw_118,Male,0.0,0.01917808,43.63363,1.423432899951098
ethiopia,draw_118,Female,0.01917808,0.07671233,43.63363,1.7170852185182293
ethiopia,draw_118,Male,0.01917808,0.07671233,43.63363,1.6494938895787867
nigeria,draw_118,Female,0.0,0.01917808,43.63363,1.4571969270688756
nigeria,draw_118,Male,0.0,0.01917808,43.63363,1.480280083712375
nigeria,draw_118,Female,0.01917808,0.07671233,43.63363,1.6377467236751413
nigeria,draw_118,Male,0.01917808,0.07671233,43.63363,1.6865718080654672
pakistan,draw_118,Female,0.0,0.01917808,43.63363,0.6727273728623503
pakistan,draw_118,Male,0.0,0.01917808,43.63363,0.8846086125388335
pakistan,draw_118,Female,0.01917808,0.07671233,43.63363,0.956083103291189
pakistan,draw_118,Male,0.01917808,0.07671233,43.63363,1.161501136126007
ethiopia,draw_118,Female,0.0,0.01917808,43.74374,1.568489672719889
ethiopia,draw_118,Male,0.0,0.01917808,43.74374,1.4253380182607946
ethiopia,draw_118,Female,0.01917808,0.07671233,43.74374,1.7188596132527578
ethiopia,draw_118,Male,0.01917808,0.07671233,43.74374,1.650907913803485
nigeria,draw_118,Female,0.0,0.01917808,43.74374,1.4590794988434415
nigeria,draw_118,Male,0.0,0.01917808,43.74374,1.4820462602699485
nigeria,draw_118,Female,0.01917808,0.07671233,43.74374,1.639070410943771
nigeria,draw_118,Male,0.01917808,0.07671233,43.74374,1.6878320275926184
pakistan,draw_118,Female,0.0,0.01917808,43.74374,0.6749508318250254
pakistan,draw_118,Male,0.0,0.01917808,43.74374,0.8869972231966284
pakistan,draw_118,Female,0.01917808,0.07671233,43.74374,0.958172195238978
pakistan,draw_118,Male,0.01917808,0.07671233,43.74374,1.1636796734237687
ethiopia,draw_118,Female,0.0,0.01917808,43.85385,1.5709202869841794
ethiopia,draw_118,Male,0.0,0.01917808,43.85385,1.4272396384412218
ethiopia,draw_118,Female,0.01917808,0.07671233,43.85385,1.7206292757570893
ethiopia,draw_118,Male,0.01917808,0.07671233,43.85385,1.65231700137909
nigeria,draw_118,Female,0.0,0.01917808,43.85385,1.4609571581143506
nigeria,draw_118,Male,0.0,0.01917808,43.85385,1.4838092696492389
nigeria,draw_118,Female,0.01917808,0.07671233,43.85385,1.6403890095750069
nigeria,draw_118,Male,0.01917808,0.07671233,43.85385,1.6890874612086124
pakistan,draw_118,Female,0.0,0.01917808,43.85385,0.6771797759691435
pakistan,draw_118,Male,0.0,0.01917808,43.85385,0.8893885936960771
pakistan,draw_118,Female,0.01917808,0.07671233,43.85385,0.9602628543986071
pakistan,draw_118,Male,0.01917808,0.07671233,43.85385,1.1658577926110896
ethiopia,draw_118,Female,0.0,0.01917808,43.96396,1.573345630098632
ethiopia,draw_118,Male,0.0,0.01917808,43.96396,1.4291377492532948
ethiopia,draw_118,Female,0.01917808,0.07671233,43.96396,1.7223939465243332
ethiopia,draw_118,Male,0.01917808,0.07671233,43.96396,1.6537212679164996
nigeria,draw_118,Female,0.0,0.01917808,43.96396,1.4628316917175472
nigeria,draw_118,Male,0.0,0.01917808,43.96396,1.4855676274626566
nigeria,draw_118,Female,0.01917808,0.07671233,43.96396,1.6417036272199108
nigeria,draw_118,Male,0.01917808,0.07671233,43.96396,1.6903375542041175
pakistan,draw_118,Female,0.0,0.01917808,43.96396,0.6794153854067035
pakistan,draw_118,Male,0.0,0.01917808,43.96396,0.8917829766348359
pakistan,draw_118,Female,0.01917808,0.07671233,43.96396,0.9623556722731674
pakistan,draw_118,Male,0.01917808,0.07671233,43.96396,1.1680356180048626
ethiopia,draw_118,Female,0.0,0.01917808,44.07407,1.5757675420122395
ethiopia,draw_118,Male,0.0,0.01917808,44.07407,1.4310332081760373
ethiopia,draw_118,Female,0.01917808,0.07671233,44.07407,1.7241545580199031
ethiopia,draw_118,Male,0.01917808,0.07671233,44.07407,1.6551212726309672
nigeria,draw_118,Female,0.0,0.01917808,44.07407,1.4647020167776643
nigeria,draw_118,Male,0.0,0.01917808,44.07407,1.4873225790228712
nigeria,draw_118,Female,0.01917808,0.07671233,44.07407,1.6430135157777914
nigeria,draw_118,Male,0.01917808,0.07671233,44.07407,1.6915830308636939
pakistan,draw_118,Female,0.0,0.01917808,44.07407,0.6816570038698262
pakistan,draw_118,Male,0.0,0.01917808,44.07407,0.8941799190469867
pakistan,draw_118,Female,0.01917808,0.07671233,44.07407,0.9644502095726325
pakistan,draw_118,Male,0.01917808,0.07671233,44.07407,1.1702128004018657
ethiopia,draw_118,Female,0.0,0.01917808,44.18418,1.57818436135902
ethiopia,draw_118,Male,0.0,0.01917808,44.18418,1.4329251188022525
ethiopia,draw_118,Female,0.01917808,0.07671233,44.18418,1.7259102932801111
ethiopia,draw_118,Male,0.01917808,0.07671233,44.18418,1.6565165017000876
nigeria,draw_118,Female,0.0,0.01917808,44.18418,1.4665681536762456
nigeria,draw_118,Male,0.0,0.01917808,44.18418,1.4890735836344051
nigeria,draw_118,Female,0.01917808,0.07671233,44.18418,1.6443187142774074
nigeria,draw_118,Male,0.01917808,0.07671233,44.18418,1.6928236309897864
pakistan,draw_118,Female,0.0,0.01917808,44.18418,0.6839048599719849
pakistan,draw_118,Male,0.0,0.01917808,44.18418,0.896579321333525
pakistan,draw_118,Female,0.01917808,0.07671233,44.18418,0.9665468407925473
pakistan,draw_118,Male,0.01917808,0.07671233,44.18418,1.1723893071084037
ethiopia,draw_118,Female,0.0,0.01917808,44.29429,1.5805972972432831
ethiopia,draw_118,Male,0.0,0.01917808,44.29429,1.434814127710062
ethiopia,draw_118,Female,0.01917808,0.07671233,44.29429,1.7276619532513209
ethiopia,draw_118,Male,0.01917808,0.07671233,44.29429,1.657907244641635
nigeria,draw_118,Female,0.0,0.01917808,44.29429,1.468429335948766
nigeria,draw_118,Male,0.0,0.01917808,44.29429,1.49082032411226
nigeria,draw_118,Female,0.01917808,0.07671233,44.29429,1.645618968537636
nigeria,draw_118,Male,0.01917808,0.07671233,44.29429,1.6940592165908739
pakistan,draw_118,Female,0.0,0.01917808,44.29429,0.6861597628795257
pakistan,draw_118,Male,0.0,0.01917808,44.29429,0.8989815602422128
pakistan,draw_118,Female,0.01917808,0.07671233,44.29429,0.9686459379257603
pakistan,draw_118,Male,0.01917808,0.07671233,44.29429,1.1745652320536244
ethiopia,draw_118,Female,0.0,0.01917808,44.4044,1.5830045177628131
ethiopia,draw_118,Male,0.0,0.01917808,44.4044,1.436700257357045
ethiopia,draw_118,Female,0.01917808,0.07671233,44.4044,1.7294083634589539
ethiopia,draw_118,Male,0.01917808,0.07671233,44.4044,1.6592934817420286
nigeria,draw_118,Female,0.0,0.01917808,44.4044,1.4702863925448628
nigeria,draw_118,Male,0.0,0.01917808,44.4044,1.4925628378406548
nigeria,draw_118,Female,0.01917808,0.07671233,44.4044,1.6469146013252547
nigeria,draw_118,Male,0.01917808,0.07671233,44.4044,1.695289708790743
pakistan,draw_118,Female,0.0,0.01917808,44.4044,0.6884217051317731
pakistan,draw_118,Male,0.0,0.01917808,44.4044,0.9013865756772733
pakistan,draw_118,Female,0.01917808,0.07671233,44.4044,0.9707471314067515
pakistan,draw_118,Male,0.01917808,0.07671233,44.4044,1.176740743845636
ethiopia,draw_118,Female,0.0,0.01917808,44.51451,1.5854072848644596
ethiopia,draw_118,Male,0.0,0.01917808,44.51451,1.4385823215518692
ethiopia,draw_118,Female,0.01917808,0.07671233,44.51451,1.7311502915341987
ethiopia,draw_118,Male,0.01917808,0.07671233,44.51451,1.6606747772304897
nigeria,draw_118,Female,0.0,0.01917808,44.51451,1.4721400851501232
nigeria,draw_118,Male,0.0,0.01917808,44.51451,1.4943010403579406
nigeria,draw_118,Female,0.01917808,0.07671233,44.51451,1.6482059800096707
nigeria,draw_118,Male,0.01917808,0.07671233,44.51451,1.6965149640962036
pakistan,draw_118,Female,0.0,0.01917808,44.51451,0.6906898116818215
pakistan,draw_118,Male,0.0,0.01917808,44.51451,0.9037943631017088
pakistan,draw_118,Female,0.01917808,0.07671233,44.51451,0.9728504670993665
pakistan,draw_118,Male,0.01917808,0.07671233,44.51451,1.1789155963217277
ethiopia,draw_118,Female,0.0,0.01917808,44.62462,1.587805152283042
ethiopia,draw_118,Male,0.0,0.01917808,44.62462,1.4404608712125204
ethiopia,draw_118,Female,0.01917808,0.07671233,44.62462,1.7328872564371944
ethiopia,draw_118,Male,0.01917808,0.07671233,44.62462,1.6620512213105452
nigeria,draw_118,Female,0.0,0.01917808,44.62462,1.473988960634942
nigeria,draw_118,Male,0.0,0.01917808,44.62462,1.496035690359837
nigeria,draw_118,Female,0.01917808,0.07671233,44.62462,1.649492393848281
nigeria,draw_118,Male,0.01917808,0.07671233,44.62462,1.6977354196223637
pakistan,draw_118,Female,0.0,0.01917808,44.62462,0.6929636001050646
pakistan,draw_118,Male,0.0,0.01917808,44.62462,0.9062052589208177
pakistan,draw_118,Female,0.01917808,0.07671233,44.62462,0.9749554294684206
pakistan,draw_118,Male,0.01917808,0.07671233,44.62462,1.1810899305534794
ethiopia,draw_118,Female,0.0,0.01917808,44.73473,1.5901982280933527
ethiopia,draw_118,Male,0.0,0.01917808,44.73473,1.4423361741542486
ethiopia,draw_118,Female,0.01917808,0.07671233,44.73473,1.734619267481843
ethiopia,draw_118,Male,0.01917808,0.07671233,44.73473,1.6634230912056946
nigeria,draw_118,Female,0.0,0.01917808,44.73473,1.475833838362448
nigeria,draw_118,Male,0.0,0.01917808,44.73473,1.49776610282015
nigeria,draw_118,Female,0.01917808,0.07671233,44.73473,1.650774127615773
nigeria,draw_118,Male,0.01917808,0.07671233,44.73473,1.6989505833122251
pakistan,draw_118,Female,0.0,0.01917808,44.73473,0.6952432312311767
pakistan,draw_118,Male,0.0,0.01917808,44.73473,0.908618592894354
pakistan,draw_118,Female,0.01917808,0.07671233,44.73473,0.9770622020356251
pakistan,draw_118,Male,0.01917808,0.07671233,44.73473,1.1832634415659102
ethiopia,draw_118,Female,0.0,0.01917808,44.84484,1.5925865490532418
ethiopia,draw_118,Male,0.0,0.01917808,44.84484,1.444207853704975
ethiopia,draw_118,Female,0.01917808,0.07671233,44.84484,1.7363460724374993
ethiopia,draw_118,Male,0.01917808,0.07671233,44.84484,1.6647898839213155
nigeria,draw_118,Female,0.0,0.01917808,44.84484,1.477674487033757
nigeria,draw_118,Male,0.0,0.01917808,44.84484,1.4994920929211086
nigeria,draw_118,Female,0.01917808,0.07671233,44.84484,1.6520509873065097
nigeria,draw_118,Male,0.01917808,0.07671233,44.84484,1.70016016795296
pakistan,draw_118,Female,0.0,0.01917808,44.84484,0.6975289131267348
pakistan,draw_118,Male,0.0,0.01917808,44.84484,0.9110343629097893
pakistan,draw_118,Female,0.01917808,0.07671233,44.84484,0.979170862690925
pakistan,draw_118,Male,0.01917808,0.07671233,44.84484,1.1854360237687038
ethiopia,draw_118,Female,0.0,0.01917808,44.95495,1.5949684942966076
ethiopia,draw_118,Male,0.0,0.01917808,44.95495,1.4460755999553276
ethiopia,draw_118,Female,0.01917808,0.07671233,44.95495,1.7380674101563587
ethiopia,draw_118,Male,0.01917808,0.07671233,44.95495,1.6661517275421656
nigeria,draw_118,Female,0.0,0.01917808,44.95495,1.4795111095159574
nigeria,draw_118,Male,0.0,0.01917808,44.95495,1.5012145100712848
nigeria,draw_118,Female,0.01917808,0.07671233,44.95495,1.6533230805277677
nigeria,draw_118,Male,0.01917808,0.07671233,44.95495,1.7013649574125063
pakistan,draw_118,Female,0.0,0.01917808,44.95495,0.6998215931982991
pakistan,draw_118,Male,0.0,0.01917808,44.95495,0.9134527019876881
pakistan,draw_118,Female,0.01917808,0.07671233,44.95495,0.9812818541537845
pakistan,draw_118,Male,0.01917808,0.07671233,44.95495,1.1876079145401515
ethiopia,draw_118,Female,0.0,0.01917808,45.06507,1.5973465232142703
ethiopia,draw_118,Male,0.0,0.01917808,45.06507,1.447939787557133
ethiopia,draw_118,Female,0.01917808,0.07671233,45.06507,1.7397842909430843
ethiopia,draw_118,Male,0.01917808,0.07671233,45.06507,1.667508793748138
nigeria,draw_118,Female,0.0,0.01917808,45.06507,1.4813443473125345
nigeria,draw_118,Male,0.0,0.01917808,45.06507,1.5029324601089946
nigeria,draw_118,Female,0.01917808,0.07671233,45.06507,1.6545910154405161
nigeria,draw_118,Male,0.01917808,0.07671233,45.06507,1.7025645819620963
pakistan,draw_118,Female,0.0,0.01917808,45.06507,0.702121196290623
pakistan,draw_118,Male,0.0,0.01917808,45.06507,0.9158735771856338
pakistan,draw_118,Female,0.01917808,0.07671233,45.06507,0.9833952182575628
pakistan,draw_118,Male,0.01917808,0.07671233,45.06507,1.189779244277867
ethiopia,draw_118,Female,0.0,0.01917808,45.17518,1.5997187259833794
ethiopia,draw_118,Male,0.0,0.01917808,45.17518,1.4497997568200145
ethiopia,draw_118,Female,0.01917808,0.07671233,45.17518,1.7414956767002605
ethiopia,draw_118,Male,0.01917808,0.07671233,45.17518,1.6688605900314561
nigeria,draw_118,Female,0.0,0.01917808,45.17518,1.4831725265236408
nigeria,draw_118,Male,0.0,0.01917808,45.17518,1.504646430772836
nigeria,draw_118,Female,0.01917808,0.07671233,45.17518,1.6558538207678304
nigeria,draw_118,Male,0.01917808,0.07671233,45.17518,1.703759308296813
pakistan,draw_118,Female,0.0,0.01917808,45.17518,0.7044271246655742
pakistan,draw_118,Male,0.0,0.01917808,45.17518,0.9182968299626268
pakistan,draw_118,Female,0.01917808,0.07671233,45.17518,0.9855105464469419
pakistan,draw_118,Male,0.01917808,0.07671233,45.17518,1.1919497263371444
ethiopia,draw_118,Female,0.0,0.01917808,45.28529,1.6020865469894252
ethiopia,draw_118,Male,0.0,0.01917808,45.28529,1.4516561154799734
ethiopia,draw_118,Female,0.01917808,0.07671233,45.28529,1.7432022153540991
ethiopia,draw_118,Male,0.01917808,0.07671233,45.28529,1.6702074700699039
nigeria,draw_118,Female,0.0,0.01917808,45.28529,1.4849968131999614
nigeria,draw_118,Male,0.0,0.01917808,45.28529,1.5063566139508537
nigeria,draw_118,Female,0.01917808,0.07671233,45.28529,1.6571123915389252
nigeria,draw_118,Male,0.01917808,0.07671233,45.28529,1.7049491572969626
pakistan,draw_118,Female,0.0,0.01917808,45.28529,0.7067388653597378
pakistan,draw_118,Male,0.0,0.01917808,45.28529,0.9207227168963701
pakistan,draw_118,Female,0.01917808,0.07671233,45.28529,0.987627647951226
pakistan,draw_118,Male,0.01917808,0.07671233,45.28529,1.1941194239526516
ethiopia,draw_118,Female,0.0,0.01917808,45.3954,1.6044494740055295
ethiopia,draw_118,Male,0.0,0.01917808,45.3954,1.4535093220158513
ethiopia,draw_118,Female,0.01917808,0.07671233,45.3954,1.7449035240223971
ethiopia,draw_118,Male,0.01917808,0.07671233,45.3954,1.67154968916789
nigeria,draw_118,Female,0.0,0.01917808,45.3954,1.4868164216114763
nigeria,draw_118,Male,0.0,0.01917808,45.3954,1.508157947282794
nigeria,draw_118,Female,0.01917808,0.07671233,45.3954,1.6583659236937622
nigeria,draw_118,Male,0.01917808,0.07671233,45.3954,1.706215320439996
pakistan,draw_118,Female,0.0,0.01917808,45.3954,0.7090568731395814
pakistan,draw_118,Male,0.0,0.01917808,45.3954,0.9231508795249493
pakistan,draw_118,Female,0.01917808,0.07671233,45.3954,0.9897467521989411
pakistan,draw_118,Male,0.01917808,0.07671233,45.3954,1.1962878602479687
ethiopia,draw_118,Female,0.0,0.01917808,45.50551,1.6068073773611362
ethiopia,draw_118,Male,0.0,0.01917808,45.50551,1.4553579326970745
ethiopia,draw_118,Female,0.01917808,0.07671233,45.50551,1.7465998973461827
ethiopia,draw_118,Male,0.01917808,0.07671233,45.50551,1.6728864180146457
nigeria,draw_118,Female,0.0,0.01917808,45.50551,1.4886313462997423
nigeria,draw_118,Male,0.0,0.01917808,45.50551,1.5105034699492328
nigeria,draw_118,Female,0.01917808,0.07671233,45.50551,1.6596144462371634
nigeria,draw_118,Male,0.01917808,0.07671233,45.50551,1.7079445808097375
pakistan,draw_118,Female,0.0,0.01917808,45.50551,0.7113814070691611
pakistan,draw_118,Male,0.0,0.01917808,45.50551,0.9255816823788788
pakistan,draw_118,Female,0.01917808,0.07671233,45.50551,0.9918677941129348
pakistan,draw_118,Male,0.01917808,0.07671233,45.50551,1.1984556271361992
ethiopia,draw_118,Female,0.0,0.01917808,45.61562,1.6091602363448982
ethiopia,draw_118,Male,0.0,0.01917808,45.61562,1.4572026289337832
ethiopia,draw_118,Female,0.01917808,0.07671233,45.61562,1.7482909767932424
ethiopia,draw_118,Male,0.01917808,0.07671233,45.61562,1.6742179810137416
nigeria,draw_118,Female,0.0,0.01917808,45.61562,1.490442748599646
nigeria,draw_118,Male,0.0,0.01917808,45.61562,1.5128449082272464
nigeria,draw_118,Female,0.01917808,0.07671233,45.61562,1.660858594647399
nigeria,draw_118,Male,0.01917808,0.07671233,45.61562,1.709668536782774
pakistan,draw_118,Female,0.0,0.01917808,45.61562,0.7137122187490561
pakistan,draw_118,Male,0.0,0.01917808,45.61562,0.9280149602998593
pakistan,draw_118,Female,0.01917808,0.07671233,45.61562,0.9939907392430577
pakistan,draw_118,Male,0.01917808,0.07671233,45.61562,1.2006225619484503
ethiopia,draw_118,Female,0.0,0.01917808,45.72573,1.611507689011377
ethiopia,draw_118,Male,0.0,0.01917808,45.72573,1.4590435360768261
ethiopia,draw_118,Female,0.01917808,0.07671233,45.72573,1.7499767489273623
ethiopia,draw_118,Male,0.01917808,0.07671233,45.72573,1.6755445876982515
nigeria,draw_118,Female,0.0,0.01917808,45.72573,1.4922485134963666
nigeria,draw_118,Male,0.0,0.01917808,45.72573,1.5151835288970155
nigeria,draw_118,Female,0.01917808,0.07671233,45.72573,1.6620972674305932
nigeria,draw_118,Male,0.01917808,0.07671233,45.72573,1.711387827038508
pakistan,draw_118,Female,0.0,0.01917808,45.72573,0.7160493113453267
pakistan,draw_118,Male,0.0,0.01917808,45.72573,0.9304503306004727
pakistan,draw_118,Female,0.01917808,0.07671233,45.72573,0.9961152286970604
pakistan,draw_118,Male,0.01917808,0.07671233,45.72573,1.2027882324353163
ethiopia,draw_118,Female,0.0,0.01917808,45.83584,1.6138487463474436
ethiopia,draw_118,Male,0.0,0.01917808,45.83584,1.460880545289989
ethiopia,draw_118,Female,0.01917808,0.07671233,45.83584,1.751656851518898
ethiopia,draw_118,Male,0.01917808,0.07671233,45.83584,1.6768659439504272
nigeria,draw_118,Female,0.0,0.01917808,45.83584,1.4940503593673484
nigeria,draw_118,Male,0.0,0.01917808,45.83584,1.5175179956838143
nigeria,draw_118,Female,0.01917808,0.07671233,45.83584,1.663331198917477
nigeria,draw_118,Male,0.01917808,0.07671233,45.83584,1.7131016868721312
pakistan,draw_118,Female,0.0,0.01917808,45.83584,0.7183930959078366
pakistan,draw_118,Male,0.0,0.01917808,45.83584,0.9328873930148655
pakistan,draw_118,Female,0.01917808,0.07671233,45.83584,0.9982412877217514
pakistan,draw_118,Male,0.01917808,0.07671233,45.83584,1.2049522921681635
ethiopia,draw_118,Female,0.0,0.01917808,45.94595,1.6161851601606376
ethiopia,draw_118,Male,0.0,0.01917808,45.94595,1.4627138058043874
ethiopia,draw_118,Female,0.01917808,0.07671233,45.94595,1.7533320082340822
ethiopia,draw_118,Male,0.01917808,0.07671233,45.94595,1.6781822246951728
nigeria,draw_118,Female,0.0,0.01917808,45.94595,1.4958471696662254
nigeria,draw_118,Male,0.0,0.01917808,45.94595,1.5198481067761933
nigeria,draw_118,Female,0.01917808,0.07671233,45.94595,1.6645599358151537
nigeria,draw_118,Male,0.01917808,0.07671233,45.94595,1.7148102543142225
pakistan,draw_118,Female,0.0,0.01917808,45.94595,0.7207429444233759
pakistan,draw_118,Male,0.0,0.01917808,45.94595,0.9353261275035809
pakistan,draw_118,Female,0.01917808,0.07671233,45.94595,1.0003687094271694
pakistan,draw_118,Male,0.01917808,0.07671233,45.94595,1.2071146277661235
ethiopia,draw_118,Female,0.0,0.01917808,46.05606,1.618515040058791
ethiopia,draw_118,Male,0.0,0.01917808,46.05606,1.4645430258752574
ethiopia,draw_118,Female,0.01917808,0.07671233,46.05606,1.7550011108761248
ethiopia,draw_118,Male,0.01917808,0.07671233,46.05606,1.6794932810912586
nigeria,draw_118,Female,0.0,0.01917808,46.05606,1.4976389303710027
nigeria,draw_118,Male,0.0,0.01917808,46.05606,1.522173427208553
nigeria,draw_118,Female,0.01917808,0.07671233,46.05606,1.6657832782695718
nigeria,draw_118,Male,0.01917808,0.07671233,46.05606,1.7165130847873642
pakistan,draw_118,Female,0.0,0.01917808,46.05606,0.7230987643995371
pakistan,draw_118,Male,0.0,0.01917808,46.05606,0.9377667901582375
pakistan,draw_118,Female,0.01917808,0.07671233,46.05606,1.0024973502012946
pakistan,draw_118,Male,0.01917808,0.07671233,46.05606,1.20927543846456
ethiopia,draw_118,Female,0.0,0.01917808,46.16617,1.6208395572310033
ethiopia,draw_118,Male,0.0,0.01917808,46.16617,1.4663684449867687
ethiopia,draw_118,Female,0.01917808,0.07671233,46.16617,1.7566649046272886
ethiopia,draw_118,Male,0.01917808,0.07671233,46.16617,1.6807991734787442
nigeria,draw_118,Female,0.0,0.01917808,46.16617,1.4994271950041498
nigeria,draw_118,Male,0.0,0.01917808,46.16617,1.5244952211413716
nigeria,draw_118,Female,0.01917808,0.07671233,46.16617,1.6670019711056243
nigeria,draw_118,Male,0.01917808,0.07671233,46.16617,1.7182107584175652
pakistan,draw_118,Female,0.0,0.01917808,46.16617,0.7254616957053416
pakistan,draw_118,Male,0.0,0.01917808,46.16617,0.9402093646099995
pakistan,draw_118,Female,0.01917808,0.07671233,46.16617,1.0046276791008177
pakistan,draw_118,Male,0.01917808,0.07671233,46.16617,1.2114345578893477
ethiopia,draw_118,Female,0.0,0.01917808,46.27628,1.6231590150178858
ethiopia,draw_118,Male,0.0,0.01917808,46.27628,1.4683222453551676
ethiopia,draw_118,Female,0.01917808,0.07671233,46.27628,1.7583235889163271
ethiopia,draw_118,Male,0.01917808,0.07671233,46.27628,1.6822158058710828
nigeria,draw_118,Female,0.0,0.01917808,46.27628,1.5012097516844167
nigeria,draw_118,Male,0.0,0.01917808,46.27628,1.52681304762657
nigeria,draw_118,Female,0.01917808,0.07671233,46.27628,1.6682151526956865
nigeria,draw_118,Male,0.01917808,0.07671233,46.27628,1.7199031201466746
pakistan,draw_118,Female,0.0,0.01917808,46.27628,0.7278306356222439
pakistan,draw_118,Male,0.0,0.01917808,46.27628,0.9426536035670646
pakistan,draw_118,Female,0.01917808,0.07671233,46.27628,1.006759450176789
pakistan,draw_118,Male,0.01917808,0.07671233,46.27628,1.2135919551905674
ethiopia,draw_118,Female,0.0,0.01917808,46.38639,1.6254726938024842
ethiopia,draw_118,Male,0.0,0.01917808,46.38639,1.4706141810851319
ethiopia,draw_118,Female,0.01917808,0.07671233,46.38639,1.759976605754962
ethiopia,draw_118,Male,0.01917808,0.07671233,46.38639,1.6839264779600154
nigeria,draw_118,Female,0.0,0.01917808,46.38639,1.5030289938692374
nigeria,draw_118,Male,0.0,0.01917808,46.38639,1.529126641317976
nigeria,draw_118,Female,0.01917808,0.07671233,46.38639,1.6694585618866158
nigeria,draw_118,Male,0.01917808,0.07671233,46.38639,1.72159011797682
pakistan,draw_118,Female,0.0,0.01917808,46.38639,0.7302058715736256
pakistan,draw_118,Male,0.0,0.01917808,46.38639,0.9450995164175914
pakistan,draw_118,Female,0.01917808,0.07671233,46.38639,1.008892863598347
pakistan,draw_118,Male,0.01917808,0.07671233,46.38639,1.21574773894137
ethiopia,draw_118,Female,0.0,0.01917808,46.4965,1.6277813343116994
ethiopia,draw_118,Male,0.0,0.01917808,46.4965,1.4729020331331513
ethiopia,draw_118,Female,0.01917808,0.07671233,46.4965,1.761624594912214
ethiopia,draw_118,Male,0.01917808,0.07671233,46.4965,1.6856319521257788
nigeria,draw_118,Female,0.0,0.01917808,46.4965,1.5054687097292228
nigeria,draw_118,Male,0.0,0.01917808,46.4965,1.5314358458227963
nigeria,draw_118,Female,0.01917808,0.07671233,46.4965,1.6712281871730599
nigeria,draw_118,Male,0.01917808,0.07671233,46.4965,1.723271462994852
pakistan,draw_118,Female,0.0,0.01917808,46.4965,0.732586879311943
pakistan,draw_118,Male,0.0,0.01917808,46.4965,0.9475469617035148
pakistan,draw_118,Female,0.01917808,0.07671233,46.4965,1.0110274234584398
pakistan,draw_118,Male,0.01917808,0.07671233,46.4965,1.2179016956397215
ethiopia,draw_118,Female,0.0,0.01917808,46.60661,1.6300840497227476
ethiopia,draw_118,Male,0.0,0.01917808,46.60661,1.475186007650948
ethiopia,draw_118,Female,0.01917808,0.07671233,46.60661,1.7632668600966488
ethiopia,draw_118,Male,0.01917808,0.07671233,46.60661,1.687332273845373
nigeria,draw_118,Female,0.0,0.01917808,46.60661,1.5079041050850424
nigeria,draw_118,Male,0.0,0.01917808,46.60661,1.5337409675840115
nigeria,draw_118,Female,0.01917808,0.07671233,46.60661,1.6729932500805613
nigeria,draw_118,Male,0.01917808,0.07671233,46.60661,1.724947368070457
pakistan,draw_118,Female,0.0,0.01917808,46.60661,0.7349736936439764
pakistan,draw_118,Male,0.0,0.01917808,46.60661,0.9499958669528662
pakistan,draw_118,Female,0.01917808,0.07671233,46.60661,1.0131630728366812
pakistan,draw_118,Male,0.01917808,0.07671233,46.60661,1.2200537397174116
ethiopia,draw_118,Female,0.0,0.01917808,46.71672,1.6323810031223676
ethiopia,draw_118,Male,0.0,0.01917808,46.71672,1.477466951999861
ethiopia,draw_118,Female,0.01917808,0.07671233,46.71672,1.7649037466796964
ethiopia,draw_118,Male,0.01917808,0.07671233,46.71672,1.689027934779141
nigeria,draw_118,Female,0.0,0.01917808,46.71672,1.510335361552836
nigeria,draw_118,Male,0.0,0.01917808,46.71672,1.5360422378090954
nigeria,draw_118,Female,0.01917808,0.07671233,46.71672,1.6747533993380976
nigeria,draw_118,Male,0.01917808,0.07671233,46.71672,1.7266180797999848
pakistan,draw_118,Female,0.0,0.01917808,46.71672,0.7373664282349542
pakistan,draw_118,Male,0.0,0.01917808,46.71672,0.9524463477390396
pakistan,draw_118,Female,0.01917808,0.07671233,46.71672,1.0152999719422207
pakistan,draw_118,Male,0.01917808,0.07671233,46.71672,1.2222038562733437
ethiopia,draw_118,Female,0.0,0.01917808,46.82683,1.6346722959429907
ethiopia,draw_118,Male,0.0,0.01917808,46.82683,1.4797434087802463
ethiopia,draw_118,Female,0.01917808,0.07671233,46.82683,1.7665348978474196
ethiopia,draw_118,Male,0.01917808,0.07671233,46.82683,1.6907178653093098
nigeria,draw_118,Female,0.0,0.01917808,46.82683,1.5127601266836828
nigeria,draw_118,Male,0.0,0.01917808,46.82683,1.538339008504738
nigeria,draw_118,Female,0.01917808,0.07671233,46.82683,1.6765074953078343
nigeria,draw_118,Male,0.01917808,0.07671233,46.82683,1.7282831234328082
pakistan,draw_118,Female,0.0,0.01917808,46.82683,0.7397653615543192
pakistan,draw_118,Male,0.0,0.01917808,46.82683,0.9548984033487632
pakistan,draw_118,Female,0.01917808,0.07671233,46.82683,1.0174381659665366
pakistan,draw_118,Male,0.01917808,0.07671233,46.82683,1.224352201918826
ethiopia,draw_118,Female,0.0,0.01917808,46.93694,1.6369574393603612
ethiopia,draw_118,Male,0.0,0.01917808,46.93694,1.482015308484931
ethiopia,draw_118,Female,0.01917808,0.07671233,46.93694,1.768160197909575
ethiopia,draw_118,Male,0.01917808,0.07671233,46.93694,1.6924020126304684
nigeria,draw_118,Female,0.0,0.01917808,46.93694,1.5151794778058694
nigeria,draw_118,Male,0.0,0.01917808,46.93694,1.5406299643156312
nigeria,draw_118,Female,0.01917808,0.07671233,46.93694,1.678256007410414
nigeria,draw_118,Male,0.01917808,0.07671233,46.93694,1.7299417222502953
pakistan,draw_118,Female,0.0,0.01917808,46.93694,0.7421705410012237
pakistan,draw_118,Male,0.0,0.01917808,46.93694,0.9573515052334309
pakistan,draw_118,Female,0.01917808,0.07671233,46.93694,1.0195775215593523
pakistan,draw_118,Male,0.01917808,0.07671233,46.93694,1.2264983328092864
ethiopia,draw_118,Female,0.0,0.01917808,47.04705,1.6392374878941116
ethiopia,draw_118,Male,0.0,0.01917808,47.04705,1.484284017921559
ethiopia,draw_118,Female,0.01917808,0.07671233,47.04705,1.7697801093950187
ethiopia,draw_118,Male,0.01917808,0.07671233,47.04705,1.6940812820685385
nigeria,draw_118,Female,0.0,0.01917808,47.04705,1.5175938956811386
nigeria,draw_118,Male,0.0,0.01917808,47.04705,1.5429170180242102
nigeria,draw_118,Female,0.01917808,0.07671233,47.04705,1.6799994856905756
nigeria,draw_118,Male,0.01917808,0.07671233,47.04705,1.7315952181109624
pakistan,draw_118,Female,0.0,0.01917808,47.04705,0.74458092937342
pakistan,draw_118,Male,0.0,0.01917808,47.04705,0.9598060138833894
pakistan,draw_118,Female,0.01917808,0.07671233,47.04705,1.0217180059620612
pakistan,draw_118,Male,0.01917808,0.07671233,47.04705,1.2286425754706036
ethiopia,draw_118,Female,0.0,0.01917808,47.15716,1.641511550555835
ethiopia,draw_118,Male,0.0,0.01917808,47.15716,1.4865485282438733
ethiopia,draw_118,Female,0.01917808,0.07671233,47.15716,1.7713941515383933
ethiopia,draw_118,Male,0.01917808,0.07671233,47.15716,1.695755007873245
nigeria,draw_118,Female,0.0,0.01917808,47.15716,1.520004318333344
nigeria,draw_118,Male,0.0,0.01917808,47.15716,1.5451992980386369
nigeria,draw_118,Female,0.01917808,0.07671233,47.15716,1.6817383259299494
nigeria,draw_118,Male,0.01917808,0.07671233,47.15716,1.7332427932402072
pakistan,draw_118,Female,0.0,0.01917808,47.15716,0.7469955521712232
pakistan,draw_118,Male,0.0,0.01917808,47.15716,0.9622617972969767
pakistan,draw_118,Female,0.01917808,0.07671233,47.15716,1.0238586474165288
pakistan,draw_118,Male,0.01917808,0.07671233,47.15716,1.2307848323060553
ethiopia,draw_118,Female,0.0,0.01917808,47.26727,1.6437795651496039
ethiopia,draw_118,Male,0.0,0.01917808,47.26727,1.488809296369651
ethiopia,draw_118,Female,0.01917808,0.07671233,47.26727,1.7730027936440889
ethiopia,draw_118,Male,0.01917808,0.07671233,47.26727,1.6974234321167407
nigeria,draw_118,Female,0.0,0.01917808,47.26727,1.5224105222256645
nigeria,draw_118,Male,0.0,0.01917808,47.26727,1.5474772889837531
nigeria,draw_118,Female,0.01917808,0.07671233,47.26727,1.6834720437963961
nigeria,draw_118,Male,0.01917808,0.07671233,47.26727,1.7348849066419725
pakistan,draw_118,Female,0.0,0.01917808,47.26727,0.7494143059373148
pakistan,draw_118,Male,0.0,0.01917808,47.26727,0.9647193105827422
pakistan,draw_118,Female,0.01917808,0.07671233,47.26727,1.0259995124803494
pakistan,draw_118,Male,0.01917808,0.07671233,47.26727,1.2329253722826807
ethiopia,draw_118,Female,0.0,0.01917808,47.37738,1.6460423253384306
ethiopia,draw_118,Male,0.0,0.01917808,47.37738,1.4910662062078153
ethiopia,draw_118,Female,0.01917808,0.07671233,47.37738,1.7746062654591879
ethiopia,draw_118,Male,0.01917808,0.07671233,47.37738,1.6990864837525386
nigeria,draw_118,Female,0.0,0.01917808,47.37738,1.5248099700347817
nigeria,draw_118,Male,0.0,0.01917808,47.37738,1.549750674519945
nigeria,draw_118,Female,0.01917808,0.07671233,47.37738,1.6851997887942127
nigeria,draw_118,Male,0.01917808,0.07671233,47.37738,1.736521283033279
pakistan,draw_118,Female,0.0,0.01917808,47.37738,0.7518369393650094
pakistan,draw_118,Male,0.0,0.01917808,47.37738,0.9671783576391265
pakistan,draw_118,Female,0.01917808,0.07671233,47.37738,1.0281405378768211
pakistan,draw_118,Male,0.01917808,0.07671233,47.37738,1.2350640916225488
ethiopia,draw_118,Female,0.0,0.01917808,47.48749,1.6482976242592398
ethiopia,draw_118,Male,0.0,0.01917808,47.48749,1.493318003113257
ethiopia,draw_118,Female,0.01917808,0.07671233,47.48749,1.7762031399174107
ethiopia,draw_118,Male,0.01917808,0.07671233,47.48749,1.7007433686873301
nigeria,draw_118,Female,0.0,0.01917808,47.48749,1.5272050466796698
nigeria,draw_118,Male,0.0,0.01917808,47.48749,1.5520198616195646
nigeria,draw_118,Female,0.01917808,0.07671233,47.48749,1.6869225388377898
nigeria,draw_118,Male,0.01917808,0.07671233,47.48749,1.7381520843711045
pakistan,draw_118,Female,0.0,0.01917808,47.48749,0.7542635753362074
pakistan,draw_118,Male,0.0,0.01917808,47.48749,0.9696385625357242
pakistan,draw_118,Female,0.01917808,0.07671233,47.48749,1.030281840446322
pakistan,draw_118,Male,0.01917808,0.07671233,47.48749,1.2372006594992693
ethiopia,draw_118,Female,0.0,0.01917808,47.5976,1.6505472898564182
ethiopia,draw_118,Male,0.0,0.01917808,47.5976,1.4955661795406263
ethiopia,draw_118,Female,0.01917808,0.07671233,47.5976,1.7777945643756123
ethiopia,draw_118,Male,0.01917808,0.07671233,47.5976,1.7023947643826853
nigeria,draw_118,Female,0.0,0.01917808,47.5976,1.5295942602027186
nigeria,draw_118,Male,0.0,0.01917808,47.5976,1.554284948698489
nigeria,draw_118,Female,0.01917808,0.07671233,47.5976,1.6886394855359133
nigeria,draw_118,Male,0.01917808,0.07671233,47.5976,1.739777428300346
pakistan,draw_118,Female,0.0,0.01917808,47.5976,0.7566942998401667
pakistan,draw_118,Male,0.0,0.01917808,47.5976,0.9721000734426725
pakistan,draw_118,Female,0.01917808,0.07671233,47.5976,1.0324230691066354
pakistan,draw_118,Male,0.01917808,0.07671233,47.5976,1.2393350666787506
ethiopia,draw_118,Female,0.0,0.01917808,47.70771,1.6527910844778935
ethiopia,draw_118,Male,0.0,0.01917808,47.70771,1.4978107666658695
ethiopia,draw_118,Female,0.01917808,0.07671233,47.70771,1.77938038458185
ethiopia,draw_118,Male,0.01917808,0.07671233,47.70771,1.7040404868111239
nigeria,draw_118,Female,0.0,0.01917808,47.70771,1.531979148540241
nigeria,draw_118,Male,0.0,0.01917808,47.70771,1.5565451366644432
nigeria,draw_118,Female,0.01917808,0.07671233,47.70771,1.6903513668463503
nigeria,draw_118,Male,0.01917808,0.07671233,47.70771,1.7413969199268287
pakistan,draw_118,Female,0.0,0.01917808,47.70771,0.7591292141820053
pakistan,draw_118,Male,0.0,0.01917808,47.70771,0.9745628593335108
pakistan,draw_118,Female,0.01917808,0.07671233,47.70771,1.0345642570458884
pakistan,draw_118,Male,0.01917808,0.07671233,47.70771,1.2414673211280103
ethiopia,draw_118,Female,0.0,0.01917808,47.81782,1.6550281356719552
ethiopia,draw_118,Male,0.0,0.01917808,47.81782,1.5000508847768592
ethiopia,draw_118,Female,0.01917808,0.07671233,47.81782,1.7809601160616115
ethiopia,draw_118,Male,0.01917808,0.07671233,47.81782,1.7056805070396357
nigeria,draw_118,Female,0.0,0.01917808,47.81782,1.534359020231467
nigeria,draw_118,Male,0.0,0.01917808,47.81782,1.558800748510241
nigeria,draw_118,Female,0.01917808,0.07671233,47.81782,1.6920577626575297
nigeria,draw_118,Male,0.01917808,0.07671233,47.81782,1.743010866989193
pakistan,draw_118,Female,0.0,0.01917808,47.81782,0.7615685167060914
pakistan,draw_118,Male,0.0,0.01917808,47.81782,0.9770269316562366
pakistan,draw_118,Female,0.01917808,0.07671233,47.81782,1.0367057102671924
pakistan,draw_118,Male,0.01917808,0.07671233,47.81782,1.2435972115891893
ethiopia,draw_118,Female,0.0,0.01917808,47.92793,1.6572586953889015
ethiopia,draw_118,Male,0.0,0.01917808,47.92793,1.5022866400913568
ethiopia,draw_118,Female,0.01917808,0.07671233,47.92793,1.7825333660895382
ethiopia,draw_118,Male,0.01917808,0.07671233,47.92793,1.7073147785457206
nigeria,draw_118,Female,0.0,0.01917808,47.92793,1.5367327140121136
nigeria,draw_118,Male,0.0,0.01917808,47.92793,1.561051627630328
nigeria,draw_118,Female,0.01917808,0.07671233,47.92793,1.6937582683469168
nigeria,draw_118,Male,0.01917808,0.07671233,47.92793,1.7446188516674532
pakistan,draw_118,Female,0.0,0.01917808,47.92793,0.7640113790257029
pakistan,draw_118,Male,0.0,0.01917808,47.92793,0.9794919086870877
pakistan,draw_118,Female,0.01917808,0.07671233,47.92793,1.0388465600626728
pakistan,draw_118,Male,0.01917808,0.07671233,47.92793,1.2457243459790037
ethiopia,draw_118,Female,0.0,0.01917808,48.03804,1.6594822538017635
ethiopia,draw_118,Male,0.0,0.01917808,48.03804,1.5045182970781412
ethiopia,draw_118,Female,0.01917808,0.07671233,48.03804,1.78410015859914
ethiopia,draw_118,Male,0.01917808,0.07671233,48.03804,1.7089436518404373
nigeria,draw_118,Female,0.0,0.01917808,48.03804,1.539100724572332
nigeria,draw_118,Male,0.0,0.01917808,48.03804,1.5632971260896058
nigeria,draw_118,Female,0.01917808,0.07671233,48.03804,1.695453402122931
nigeria,draw_118,Male,0.01917808,0.07671233,48.03804,1.7462205888010713
pakistan,draw_118,Female,0.0,0.01917808,48.03804,0.7664584651533011
pakistan,draw_118,Male,0.0,0.01917808,48.03804,0.9819581975987733
pakistan,draw_118,Female,0.01917808,0.07671233,48.03804,1.0409875532784416
pakistan,draw_118,Male,0.01917808,0.07671233,48.03804,1.2478493736714515
ethiopia,draw_118,Female,0.0,0.01917808,48.14815,1.6616995310160347
ethiopia,draw_118,Male,0.0,0.01917808,48.14815,1.5067467248103386
ethiopia,draw_118,Female,0.01917808,0.07671233,48.14815,1.7856611705681378
ethiopia,draw_118,Male,0.01917808,0.07671233,48.14815,1.7105675331796553
nigeria,draw_118,Female,0.0,0.01917808,48.14815,1.5414641146126158
nigeria,draw_118,Male,0.0,0.01917808,48.14815,1.5655390083946337
nigeria,draw_118,Female,0.01917808,0.07671233,48.14815,1.6971437115068662
nigeria,draw_118,Male,0.01917808,0.07671233,48.14815,1.7478171133977038
pakistan,draw_118,Female,0.0,0.01917808,48.14815,0.7689102534455466
pakistan,draw_118,Male,0.0,0.01917808,48.14815,0.9844254315822605
pakistan,draw_118,Female,0.01917808,0.07671233,48.14815,1.0431289917532105
pakistan,draw_118,Male,0.01917808,0.07671233,48.14815,1.249972023244331
ethiopia,draw_118,Female,0.0,0.01917808,48.25826,1.6639102776041106
ethiopia,draw_118,Male,0.0,0.01917808,48.25826,1.508970216645949
ethiopia,draw_118,Female,0.01917808,0.07671233,48.25826,1.78721595914576
ethiopia,draw_118,Male,0.01917808,0.07671233,48.25826,1.7121854008647455
nigeria,draw_118,Female,0.0,0.01917808,48.25826,1.5438221148446005
nigeria,draw_118,Male,0.0,0.01917808,48.25826,1.5677749542950747
nigeria,draw_118,Female,0.01917808,0.07671233,48.25826,1.6988283281389733
nigeria,draw_118,Male,0.01917808,0.07671233,48.25826,1.7494070482786912
pakistan,draw_118,Female,0.0,0.01917808,48.25826,0.7713661072213087
pakistan,draw_118,Male,0.0,0.01917808,48.25826,0.9868938480413919
pakistan,draw_118,Female,0.01917808,0.07671233,48.25826,1.0452703717277774
pakistan,draw_118,Male,0.01917808,0.07671233,48.25826,1.2520925881848248
ethiopia,draw_118,Female,0.0,0.01917808,48.36837,1.666115664514942
ethiopia,draw_118,Male,0.0,0.01917808,48.36837,1.5111894912813908
ethiopia,draw_118,Female,0.01917808,0.07671233,48.36837,1.7887650385426441
ethiopia,draw_118,Male,0.01917808,0.07671233,48.36837,1.713797696639957
nigeria,draw_118,Female,0.0,0.01917808,48.36837,1.5461742063601869
nigeria,draw_118,Male,0.0,0.01917808,48.36837,1.5700062908817884
nigeria,draw_118,Female,0.01917808,0.07671233,48.36837,1.7005072558758114
nigeria,draw_118,Male,0.01917808,0.07671233,48.36837,1.7509912866520982
pakistan,draw_118,Female,0.0,0.01917808,48.36837,0.7738260849702953
pakistan,draw_118,Male,0.0,0.01917808,48.36837,0.9893632345995389
pakistan,draw_118,Female,0.01917808,0.07671233,48.36837,1.0474120762199939
pakistan,draw_118,Male,0.01917808,0.07671233,48.36837,1.2542109208502668
ethiopia,draw_118,Female,0.0,0.01917808,48.47848,1.6683143432984842
ethiopia,draw_118,Male,0.0,0.01917808,48.47848,1.5134034971136212
ethiopia,draw_118,Female,0.01917808,0.07671233,48.47848,1.7903080305410066
ethiopia,draw_118,Male,0.01917808,0.07671233,48.47848,1.715403623324473
nigeria,draw_118,Female,0.0,0.01917808,48.47848,1.5485215510178014
nigeria,draw_118,Male,0.0,0.01917808,48.47848,1.5722327906302507
nigeria,draw_118,Female,0.01917808,0.07671233,48.47848,1.7021809783430042
nigeria,draw_118,Male,0.01917808,0.07671233,48.47848,1.7525696183994712
pakistan,draw_118,Female,0.0,0.01917808,48.47848,0.7762903528826908
pakistan,draw_118,Male,0.0,0.01917808,48.47848,0.991833262861337
pakistan,draw_118,Female,0.01917808,0.07671233,48.47848,1.0495537064700386
pakistan,draw_118,Male,0.01917808,0.07671233,48.47848,1.25632667905432
ethiopia,draw_118,Female,0.0,0.01917808,48.58859,1.6705066267773878
ethiopia,draw_118,Male,0.0,0.01917808,48.58859,1.5156129925135908
ethiopia,draw_118,Female,0.01917808,0.07671233,48.58859,1.7918452152345659
ethiopia,draw_118,Male,0.01917808,0.07671233,48.58859,1.7170038344359764
nigeria,draw_118,Female,0.0,0.01917808,48.58859,1.5508639217212703
nigeria,draw_118,Male,0.0,0.01917808,48.58859,1.5744545748351468
nigeria,draw_118,Female,0.01917808,0.07671233,48.58859,1.7038491304617334
nigeria,draw_118,Male,0.01917808,0.07671233,48.58859,1.7541422984936375
pakistan,draw_118,Female,0.0,0.01917808,48.58859,0.7787592623287933
pakistan,draw_118,Male,0.0,0.01917808,48.58859,0.9943045515728492
pakistan,draw_118,Female,0.01917808,0.07671233,48.58859,1.0516950078690372
pakistan,draw_118,Male,0.01917808,0.07671233,48.58859,1.2584403543523064
ethiopia,draw_118,Female,0.0,0.01917808,48.6987,1.6726930259116533
ethiopia,draw_118,Male,0.0,0.01917808,48.6987,1.517817840778777
ethiopia,draw_118,Female,0.01917808,0.07671233,48.6987,1.7933766067337127
ethiopia,draw_118,Male,0.01917808,0.07671233,48.6987,1.7185983087214045
nigeria,draw_118,Female,0.0,0.01917808,48.6987,1.5532007131126253
nigeria,draw_118,Male,0.0,0.01917808,48.6987,1.5766704704688772
nigeria,draw_118,Female,0.01917808,0.07671233,48.6987,1.7055117800374517
nigeria,draw_118,Male,0.01917808,0.07671233,48.6987,1.7557086539875029
pakistan,draw_118,Female,0.0,0.01917808,48.6987,0.7812327347937527
pakistan,draw_118,Male,0.0,0.01917808,48.6987,0.9967765929592315
pakistan,draw_118,Female,0.01917808,0.07671233,48.6987,1.053836130394727
pakistan,draw_118,Male,0.01917808,0.07671233,48.6987,1.2605515516600228
ethiopia,draw_118,Female,0.0,0.01917808,48.80881,1.67487232276125
ethiopia,draw_118,Male,0.0,0.01917808,48.80881,1.5200185240009614
ethiopia,draw_118,Female,0.01917808,0.07671233,48.80881,1.7949016060126806
ethiopia,draw_118,Male,0.01917808,0.07671233,48.80881,1.7201872250774397
nigeria,draw_118,Female,0.0,0.01917808,48.80881,1.5555329361577535
nigeria,draw_118,Male,0.0,0.01917808,48.80881,1.5788817784932099
nigeria,draw_118,Female,0.01917808,0.07671233,48.80881,1.707169101486087
nigeria,draw_118,Male,0.01917808,0.07671233,48.80881,1.7572693714274075
pakistan,draw_118,Female,0.0,0.01917808,48.80881,0.7837103724731043
pakistan,draw_118,Male,0.0,0.01917808,48.80881,0.99924963300887
pakistan,draw_118,Female,0.01917808,0.07671233,48.80881,1.0559773176796794
pakistan,draw_118,Male,0.01917808,0.07671233,48.80881,1.2626605768377295
ethiopia,draw_118,Female,0.0,0.01917808,48.91892,1.6770431953976224
ethiopia,draw_118,Male,0.0,0.01917808,48.91892,1.5222144881476456
ethiopia,draw_118,Female,0.01917808,0.07671233,48.91892,1.7964190273209315
ethiopia,draw_118,Male,0.01917808,0.07671233,48.91892,1.721769968823046
nigeria,draw_118,Female,0.0,0.01917808,48.91892,1.5578598432254434
nigeria,draw_118,Male,0.0,0.01917808,48.91892,1.581086623259363
nigeria,draw_118,Female,0.01917808,0.07671233,48.91892,1.708820233386372
nigeria,draw_118,Male,0.01917808,0.07671233,48.91892,1.758823254086139
pakistan,draw_118,Female,0.0,0.01917808,48.91892,0.7861918118183573
pakistan,draw_118,Male,0.0,0.01917808,48.91892,1.001723254355505
pakistan,draw_118,Female,0.01917808,0.07671233,48.91892,1.058118291390278
pakistan,draw_118,Male,0.01917808,0.07671233,48.91892,1.2647669929543814
ethiopia,draw_118,Female,0.0,0.01917808,49.02903,1.6792072986464917
ethiopia,draw_118,Male,0.0,0.01917808,49.02903,1.524404718177679
ethiopia,draw_118,Female,0.01917808,0.07671233,49.02903,1.797930117228833
ethiopia,draw_118,Male,0.01917808,0.07671233,49.02903,1.7233462524130725
nigeria,draw_118,Female,0.0,0.01917808,49.02903,1.5601809543913474
nigeria,draw_118,Male,0.0,0.01917808,49.02903,1.5832862481075292
nigeria,draw_118,Female,0.01917808,0.07671233,49.02903,1.7104653947455926
nigeria,draw_118,Male,0.01917808,0.07671233,49.02903,1.7603708573719927
pakistan,draw_118,Female,0.0,0.01917808,49.02903,0.7886775094484079
pakistan,draw_118,Male,0.0,0.01917808,49.02903,1.004197336086769
pakistan,draw_118,Female,0.01917808,0.07671233,49.02903,1.0602588669550925
pakistan,draw_118,Male,0.01917808,0.07671233,49.02903,1.2668705982889623
ethiopia,draw_118,Female,0.0,0.01917808,49.13914,1.6813637294736938
ethiopia,draw_118,Male,0.0,0.01917808,49.13914,1.52659046226902
ethiopia,draw_118,Female,0.01917808,0.07671233,49.13914,1.7994345611704534
ethiopia,draw_118,Male,0.01917808,0.07671233,49.13914,1.7249165332004055
nigeria,draw_118,Female,0.0,0.01917808,49.13914,1.5624964882986694
nigeria,draw_118,Male,0.0,0.01917808,49.13914,1.5854799117503524
nigeria,draw_118,Female,0.01917808,0.07671233,49.13914,1.7121048378940729
nigeria,draw_118,Male,0.01917808,0.07671233,49.13914,1.7619117895828702
pakistan,draw_118,Female,0.0,0.01917808,49.13914,0.791166957214548
pakistan,draw_118,Male,0.0,0.01917808,49.13914,1.0066719337658796
pakistan,draw_118,Female,0.01917808,0.07671233,49.13914,1.06239886334956
pakistan,draw_118,Male,0.01917808,0.07671233,49.13914,1.268971536170707
ethiopia,draw_118,Female,0.0,0.01917808,49.24925,1.683512822845218
ethiopia,draw_118,Male,0.0,0.01917808,49.24925,1.5287715183126598
ethiopia,draw_118,Female,0.01917808,0.07671233,49.24925,1.8009324332290508
ethiopia,draw_118,Male,0.01917808,0.07671233,49.24925,1.726480769418977
nigeria,draw_118,Female,0.0,0.01917808,49.24925,1.5648055134069727
nigeria,draw_118,Male,0.0,0.01917808,49.24925,1.58766805608794
nigeria,draw_118,Female,0.01917808,0.07671233,49.24925,1.7137378210335976
nigeria,draw_118,Male,0.01917808,0.07671233,49.24925,1.7634463146897497
pakistan,draw_118,Female,0.0,0.01917808,49.24925,0.7936604200006787
pakistan,draw_118,Male,0.0,0.01917808,49.24925,1.0091473974361869
pakistan,draw_118,Female,0.01917808,0.07671233,49.24925,1.0645385432797507
pakistan,draw_118,Male,0.01917808,0.07671233,49.24925,1.271070152780399
ethiopia,draw_118,Female,0.0,0.01917808,49.35936,1.6856552487778633
ethiopia,draw_118,Male,0.0,0.01917808,49.35936,1.530948230723914
ethiopia,draw_118,Female,0.01917808,0.07671233,49.35936,1.8024240242079101
ethiopia,draw_118,Male,0.01917808,0.07671233,49.35936,1.7280389650694234
nigeria,draw_118,Female,0.0,0.01917808,49.35936,1.567109061050005
nigeria,draw_118,Male,0.0,0.01917808,49.35936,1.589850547358284
nigeria,draw_118,Female,0.01917808,0.07671233,49.35936,1.7153651543852324
nigeria,draw_118,Male,0.01917808,0.07671233,49.35936,1.764974197316052
pakistan,draw_118,Female,0.0,0.01917808,49.35936,0.7961579027809778
pakistan,draw_118,Male,0.0,0.01917808,49.35936,1.0116234559466224
pakistan,draw_118,Female,0.01917808,0.07671233,49.35936,1.0666776085176661
pakistan,draw_118,Male,0.01917808,0.07671233,49.35936,1.273166118870499
ethiopia,draw_118,Female,0.0,0.01917808,49.46947,1.68779022621302
ethiopia,draw_118,Male,0.0,0.01917808,49.46947,1.5331199349415858
ethiopia,draw_118,Female,0.01917808,0.07671233,49.46947,1.8039088523592026
ethiopia,draw_118,Male,0.01917808,0.07671233,49.46947,1.729591048351492
nigeria,draw_118,Female,0.0,0.01917808,49.46947,1.5694058446380073
nigeria,draw_118,Male,0.0,0.01917808,49.46947,1.5920269457081127
nigeria,draw_118,Female,0.01917808,0.07671233,49.46947,1.716986297147755
nigeria,draw_118,Male,0.01917808,0.07671233,49.46947,1.7664954198766654
pakistan,draw_118,Female,0.0,0.01917808,49.46947,0.7986586476734845
pakistan,draw_118,Male,0.0,0.01917808,49.46947,1.0141001694320937
pakistan,draw_118,Female,0.01917808,0.07671233,49.46947,1.06881583862098
pakistan,draw_118,Male,0.01917808,0.07671233,49.46947,1.2752593251150985
ethiopia,draw_118,Female,0.0,0.01917808,49.57958,1.6899174059942996
ethiopia,draw_118,Male,0.0,0.01917808,49.57958,1.5352866694086627
ethiopia,draw_118,Female,0.01917808,0.07671233,49.57958,1.8053867752305992
ethiopia,draw_118,Male,0.01917808,0.07671233,49.57958,1.7311371011852192
nigeria,draw_118,Female,0.0,0.01917808,49.57958,1.5716961176365276
nigeria,draw_118,Male,0.0,0.01917808,49.57958,1.5941973883512721
nigeria,draw_118,Female,0.01917808,0.07671233,49.57958,1.718601222261377
nigeria,draw_118,Male,0.01917808,0.07671233,49.57958,1.768010026761318
pakistan,draw_118,Female,0.0,0.01917808,49.57958,0.8011630634963336
pakistan,draw_118,Male,0.0,0.01917808,49.57958,1.0165777198766708
pakistan,draw_118,Female,0.01917808,0.07671233,49.57958,1.070953848311141
pakistan,draw_118,Male,0.01917808,0.07671233,49.57958,1.2773499440021265
ethiopia,draw_118,Female,0.0,0.01917808,49.68969,1.69203868007848
ethiopia,draw_118,Male,0.0,0.01917808,49.68969,1.537447825853371
ethiopia,draw_118,Female,0.01917808,0.07671233,49.68969,1.8068588481144952
ethiopia,draw_118,Male,0.01917808,0.07671233,49.68969,1.7326768033405544
nigeria,draw_118,Female,0.0,0.01917808,49.68969,1.573980716064975
nigeria,draw_118,Male,0.0,0.01917808,49.68969,1.5963621754875204
nigeria,draw_118,Female,0.01917808,0.07671233,49.68969,1.720210489480738
nigeria,draw_118,Male,0.01917808,0.07671233,49.68969,1.769518012355568
pakistan,draw_118,Female,0.0,0.01917808,49.68969,0.803671288045382
pakistan,draw_118,Male,0.0,0.01917808,49.68969,1.0190553979308314
pakistan,draw_118,Female,0.01917808,0.07671233,49.68969,1.0730914462966434
pakistan,draw_118,Male,0.01917808,0.07671233,49.68969,1.2794373663522014
ethiopia,draw_118,Female,0.0,0.01917808,49.7998,1.6941518246116578
ethiopia,draw_118,Male,0.0,0.01917808,49.7998,1.539603484759343
ethiopia,draw_118,Female,0.01917808,0.07671233,49.7998,1.808324112389095
ethiopia,draw_118,Male,0.01917808,0.07671233,49.7998,1.7342101447458915
nigeria,draw_118,Female,0.0,0.01917808,49.7998,1.576258781613892
nigeria,draw_118,Male,0.0,0.01917808,49.7998,1.598519900474691
nigeria,draw_118,Female,0.01917808,0.07671233,49.7998,1.721813573123341
nigeria,draw_118,Male,0.01917808,0.07671233,49.7998,1.7710187032954257
pakistan,draw_118,Female,0.0,0.01917808,49.7998,0.8061830416782034
pakistan,draw_118,Male,0.0,0.01917808,49.7998,1.0215335675599562
pakistan,draw_118,Female,0.01917808,0.07671233,49.7998,1.075228588493541
pakistan,draw_118,Male,0.01917808,0.07671233,49.7998,1.2815220975754211
ethiopia,draw_118,Female,0.0,0.01917808,49.90991,1.6962578929665029
ethiopia,draw_118,Male,0.0,0.01917808,49.90991,1.5417536870376125
ethiopia,draw_118,Female,0.01917808,0.07671233,49.90991,1.8097826026513921
ethiopia,draw_118,Male,0.01917808,0.07671233,49.90991,1.7357371260099013
nigeria,draw_118,Female,0.0,0.01917808,49.90991,1.57853117131654
nigeria,draw_118,Male,0.0,0.01917808,49.90991,1.600671689459852
nigeria,draw_118,Female,0.01917808,0.07671233,49.90991,1.7234108969254411
nigeria,draw_118,Male,0.01917808,0.07671233,49.90991,1.772512405663522
pakistan,draw_118,Female,0.0,0.01917808,49.90991,0.8086989376931835
pakistan,draw_118,Male,0.0,0.01917808,49.90991,1.024011967823733
pakistan,draw_118,Female,0.01917808,0.07671233,49.90991,1.0773651777571869
pakistan,draw_118,Male,0.01917808,0.07671233,49.90991,1.2836039207804313
ethiopia,draw_118,Female,0.0,0.01917808,50.02002,1.6983559437887992
ethiopia,draw_118,Male,0.0,0.01917808,50.02002,1.5438985912384
ethiopia,draw_118,Female,0.01917808,0.07671233,50.02002,1.811233811362504
ethiopia,draw_118,Male,0.01917808,0.07671233,50.02002,1.7372576007688816
nigeria,draw_118,Female,0.0,0.01917808,50.02002,1.5807972512814903
nigeria,draw_118,Male,0.0,0.01917808,50.02002,1.6028170617137212
nigeria,draw_118,Female,0.01917808,0.07671233,50.02002,1.725002201058698
nigeria,draw_118,Male,0.01917808,0.07671233,50.02002,1.7739988198804737
pakistan,draw_118,Female,0.0,0.01917808,50.02002,0.811218810859988
pakistan,draw_118,Male,0.0,0.01917808,50.02002,1.026490832012326
pakistan,draw_118,Female,0.01917808,0.07671233,50.02002,1.07950117847832
pakistan,draw_118,Male,0.01917808,0.07671233,50.02002,1.2856828142806234
ethiopia,draw_118,Female,0.0,0.01917808,50.13013,1.7004476926620555
ethiopia,draw_118,Male,0.0,0.01917808,50.13013,1.5460384682338324
ethiopia,draw_118,Female,0.01917808,0.07671233,50.13013,1.8126786303435172
ethiopia,draw_118,Male,0.01917808,0.07671233,50.13013,1.7387720195187173
nigeria,draw_118,Female,0.0,0.01917808,50.13013,1.5830572750318879
nigeria,draw_118,Male,0.0,0.01917808,50.13013,1.6049569014194922
nigeria,draw_118,Female,0.01917808,0.07671233,50.13013,1.726587538386469
nigeria,draw_118,Male,0.01917808,0.07671233,50.13013,1.7754787881399983
pakistan,draw_118,Female,0.0,0.01917808,50.13013,0.8137425737485803
pakistan,draw_118,Male,0.0,0.01917808,50.13013,1.0289700644908377
pakistan,draw_118,Female,0.01917808,0.07671233,50.13013,1.0816369231003624
pakistan,draw_118,Male,0.01917808,0.07671233,50.13013,1.2877588456545768
ethiopia,draw_118,Female,0.0,0.01917808,50.24024,1.7025319056581438
ethiopia,draw_118,Male,0.0,0.01917808,50.24024,1.5481720149111489
ethiopia,draw_118,Female,0.01917808,0.07671233,50.24024,1.8141163946912724
ethiopia,draw_118,Male,0.01917808,0.07671233,50.24024,1.740279656974275
nigeria,draw_118,Female,0.0,0.01917808,50.24024,1.5853108956183597
nigeria,draw_118,Male,0.0,0.01917808,50.24024,1.6070908458511752
nigeria,draw_118,Female,0.01917808,0.07671233,50.24024,1.7281666415199484
nigeria,draw_118,Male,0.01917808,0.07671233,50.24024,1.7769520880762022
pakistan,draw_118,Female,0.0,0.01917808,50.24024,0.816269891160574
pakistan,draw_118,Male,0.0,0.01917808,50.24024,1.0314494683969018
pakistan,draw_118,Female,0.01917808,0.07671233,50.24024,1.0837723590977701
pakistan,draw_118,Male,0.01917808,0.07671233,50.24024,1.2898318247344387
ethiopia,draw_118,Female,0.0,0.01917808,50.35035,1.7046082440939858
ethiopia,draw_118,Male,0.0,0.01917808,50.35035,1.5503011813199115
ethiopia,draw_118,Female,0.01917808,0.07671233,50.35035,1.8155470194864274
ethiopia,draw_118,Male,0.01917808,0.07671233,50.35035,1.7417814247897996
nigeria,draw_118,Female,0.0,0.01917808,50.35035,1.587559184873478
nigeria,draw_118,Male,0.0,0.01917808,50.35035,1.6092183157517257
nigeria,draw_118,Female,0.01917808,0.07671233,50.35035,1.7297395835724267
nigeria,draw_118,Male,0.01917808,0.07671233,50.35035,1.7784184568809425
pakistan,draw_118,Female,0.0,0.01917808,50.35035,0.8188005349154174
pakistan,draw_118,Male,0.0,0.01917808,50.35035,1.0339288998982654
pakistan,draw_118,Female,0.01917808,0.07671233,50.35035,1.0859073801014514
pakistan,draw_118,Male,0.01917808,0.07671233,50.35035,1.291901608851251
ethiopia,draw_118,Female,0.0,0.01917808,50.46046,1.7066775381016208
ethiopia,draw_118,Male,0.0,0.01917808,50.46046,1.552425226480925
ethiopia,draw_118,Female,0.01917808,0.07671233,50.46046,1.81697125038622
ethiopia,draw_118,Male,0.01917808,0.07671233,50.46046,1.7432768837726935
nigeria,draw_118,Female,0.0,0.01917808,50.46046,1.589800580241014
nigeria,draw_118,Male,0.0,0.01917808,50.46046,1.6113399469239504
nigeria,draw_118,Female,0.01917808,0.07671233,50.46046,1.731305874568888
nigeria,draw_118,Male,0.01917808,0.07671233,50.46046,1.7798782519496519
pakistan,draw_118,Female,0.0,0.01917808,50.46046,0.8213343229922969
pakistan,draw_118,Male,0.0,0.01917808,50.46046,1.0364081555830267
pakistan,draw_118,Female,0.01917808,0.07671233,50.46046,1.0880415084948782
pakistan,draw_118,Male,0.01917808,0.07671233,50.46046,1.2939680296214406
ethiopia,draw_118,Female,0.0,0.01917808,50.57057,1.70873739730845
ethiopia,draw_118,Male,0.0,0.01917808,50.57057,1.5545439594448973
ethiopia,draw_118,Female,0.01917808,0.07671233,50.57057,1.8183876997226236
ethiopia,draw_118,Male,0.01917808,0.07671233,50.57057,1.7447660429366678
nigeria,draw_118,Female,0.0,0.01917808,50.57057,1.5920359785104967
nigeria,draw_118,Male,0.0,0.01917808,50.57057,1.613455430220243
nigeria,draw_118,Female,0.01917808,0.07671233,50.57057,1.7328657374329002
nigeria,draw_118,Male,0.01917808,0.07671233,50.57057,1.7813312982144311
pakistan,draw_118,Female,0.0,0.01917808,50.57057,0.8238713239730445
pakistan,draw_118,Male,0.0,0.01917808,50.57057,1.0388878912814798
pakistan,draw_118,Female,0.01917808,0.07671233,50.57057,1.0901747928912775
pakistan,draw_118,Male,0.01917808,0.07671233,50.57057,1.2960316247482042
ethiopia,draw_118,Female,0.0,0.01917808,50.68068,1.7107910664677104
ethiopia,draw_118,Male,0.0,0.01917808,50.68068,1.5566561619227706
ethiopia,draw_118,Female,0.01917808,0.07671233,50.68068,1.8197979940223963
ethiopia,draw_118,Male,0.01917808,0.07671233,50.68068,1.7462482500780325
nigeria,draw_118,Female,0.0,0.01917808,50.68068,1.5942640875491645
nigeria,draw_118,Male,0.0,0.01917808,50.68068,1.615564569725669
nigeria,draw_118,Female,0.01917808,0.07671233,50.68068,1.7344188486605963
nigeria,draw_118,Male,0.01917808,0.07671233,50.68068,1.7827772218072397
pakistan,draw_118,Female,0.0,0.01917808,50.68068,0.826411642621503
pakistan,draw_118,Male,0.0,0.01917808,50.68068,1.04136783740148
pakistan,draw_118,Female,0.01917808,0.07671233,50.68068,1.0923074120660083
pakistan,draw_118,Male,0.01917808,0.07671233,50.68068,1.2980920972810108
ethiopia,draw_118,Female,0.0,0.01917808,50.79079,1.7128368576162507
ethiopia,draw_118,Male,0.0,0.01917808,50.79079,1.5587640455363185
ethiopia,draw_118,Female,0.01917808,0.07671233,50.79079,1.8212014376557408
ethiopia,draw_118,Male,0.01917808,0.07671233,50.79079,1.7477245129681944
nigeria,draw_118,Female,0.0,0.01917808,50.79079,1.5964862076180046
nigeria,draw_118,Male,0.0,0.01917808,50.79079,1.6176672871334685
nigeria,draw_118,Female,0.01917808,0.07671233,50.79079,1.7359659096167477
nigeria,draw_118,Male,0.01917808,0.07671233,50.79079,1.7842161394234548
pakistan,draw_118,Female,0.0,0.01917808,50.79079,0.8289553241339249
pakistan,draw_118,Male,0.0,0.01917808,50.79079,1.0438481573862448
pakistan,draw_118,Female,0.01917808,0.07671233,50.79079,1.0944392831618308
pakistan,draw_118,Male,0.01917808,0.07671233,50.79079,1.3001496543124196
ethiopia,draw_118,Female,0.0,0.01917808,50.9009,1.7148753444178884
ethiopia,draw_118,Male,0.0,0.01917808,50.9009,1.5608656375986933
ethiopia,draw_118,Female,0.01917808,0.07671233,50.9009,1.8225981231907684
ethiopia,draw_118,Male,0.01917808,0.07671233,50.9009,1.7491938483520346
nigeria,draw_118,Female,0.0,0.01917808,50.9009,1.598702186860753
nigeria,draw_118,Male,0.0,0.01917808,50.9009,1.619763659555636
nigeria,draw_118,Female,0.01917808,0.07671233,50.9009,1.7375066360497469
nigeria,draw_118,Male,0.01917808,0.07671233,50.9009,1.7856481237092958
pakistan,draw_118,Female,0.0,0.01917808,50.9009,0.8315018455562749
pakistan,draw_118,Male,0.0,0.01917808,50.9009,1.0463286288447502
pakistan,draw_118,Female,0.01917808,0.07671233,50.9009,1.0965700635659057
pakistan,draw_118,Male,0.01917808,0.07671233,50.9009,1.302204053302696
ethiopia,draw_118,Female,0.0,0.01917808,51.01101,1.7169050231427316
ethiopia,draw_118,Male,0.0,0.01917808,51.01101,1.5629606074260751
ethiopia,draw_118,Female,0.01917808,0.07671233,51.01101,1.8239870884063056
ethiopia,draw_118,Male,0.01917808,0.07671233,51.01101,1.750655695258586
nigeria,draw_118,Female,0.0,0.01917808,51.01101,1.6009106879410848
nigeria,draw_118,Male,0.0,0.01917808,51.01101,1.6218528616314412
nigeria,draw_118,Female,0.01917808,0.07671233,51.01101,1.7390403977219782
nigeria,draw_118,Male,0.01917808,0.07671233,51.01101,1.7870723258984391
pakistan,draw_118,Female,0.0,0.01917808,51.01101,0.8340513224980873
pakistan,draw_118,Male,0.0,0.01917808,51.01101,1.0488092252427916
pakistan,draw_118,Female,0.01917808,0.07671233,51.01101,1.098699433815509
pakistan,draw_118,Male,0.01917808,0.07671233,51.01101,1.304255386696834
ethiopia,draw_118,Female,0.0,0.01917808,51.12112,1.7189266194106758
ethiopia,draw_118,Male,0.0,0.01917808,51.12112,1.5650506267845739
ethiopia,draw_118,Female,0.01917808,0.07671233,51.12112,1.82536930817216
ethiopia,draw_118,Male,0.01917808,0.07671233,51.12112,1.752111273264262
nigeria,draw_118,Female,0.0,0.01917808,51.12112,1.6031126240666431
nigeria,draw_118,Male,0.0,0.01917808,51.12112,1.6239360716743478
nigeria,draw_118,Female,0.01917808,0.07671233,51.12112,1.7405676204767522
nigeria,draw_118,Male,0.01917808,0.07671233,51.12112,1.7884897886315914
pakistan,draw_118,Female,0.0,0.01917808,51.12112,0.8366037123728424
pakistan,draw_118,Male,0.0,0.01917808,51.12112,1.0512898216785143
pakistan,draw_118,Female,0.01917808,0.07671233,51.12112,1.100827839205548
pakistan,draw_118,Male,0.01917808,0.07671233,51.12112,1.3063034388071721
ethiopia,draw_118,Female,0.0,0.01917808,51.23123,1.7209411839110251
ethiopia,draw_118,Male,0.0,0.01917808,51.23123,1.5671333182819684
ethiopia,draw_118,Female,0.01917808,0.07671233,51.23123,1.8267451355348379
ethiopia,draw_118,Male,0.01917808,0.07671233,51.23123,1.7535593998522525
nigeria,draw_118,Female,0.0,0.01917808,51.23123,1.6053065260923616
nigeria,draw_118,Male,0.0,0.01917808,51.23123,1.6260138432046891
nigeria,draw_118,Female,0.01917808,0.07671233,51.23123,1.7420878222023057
nigeria,draw_118,Male,0.01917808,0.07671233,51.23123,1.7899007024434241
pakistan,draw_118,Female,0.0,0.01917808,51.23123,0.8391596880195097
pakistan,draw_118,Male,0.0,0.01917808,51.23123,1.0537700417868163
pakistan,draw_118,Female,0.01917808,0.07671233,51.23123,1.102955477111455
pakistan,draw_118,Male,0.01917808,0.07671233,51.23123,1.3083481667613497
ethiopia,draw_118,Female,0.0,0.01917808,51.34134,1.7229477777931705
ethiopia,draw_118,Male,0.0,0.01917808,51.34134,1.5692109544019477
ethiopia,draw_118,Female,0.01917808,0.07671233,51.34134,1.8281140610246236
ethiopia,draw_118,Male,0.01917808,0.07671233,51.34134,1.7550011800166536
nigeria,draw_118,Female,0.0,0.01917808,51.34134,1.607495075685827
nigeria,draw_118,Male,0.0,0.01917808,51.34134,1.6280858518459498
nigeria,draw_118,Female,0.01917808,0.07671233,51.34134,1.7436024360940015
nigeria,draw_118,Male,0.01917808,0.07671233,51.34134,1.7913049377547583
pakistan,draw_118,Female,0.0,0.01917808,51.34134,0.841719152705683
pakistan,draw_118,Male,0.0,0.01917808,51.34134,1.0562497693815829
pakistan,draw_118,Female,0.01917808,0.07671233,51.34134,1.1050823412612323
pakistan,draw_118,Male,0.01917808,0.07671233,51.34134,1.3103895336978242
ethiopia,draw_118,Female,0.0,0.01917808,51.45145,1.7249468818866396
ethiopia,draw_118,Male,0.0,0.01917808,51.45145,1.5712834672765774
ethiopia,draw_118,Female,0.01917808,0.07671233,51.45145,1.829475991428434
ethiopia,draw_118,Male,0.01917808,0.07671233,51.45145,1.7564365716715475
nigeria,draw_118,Female,0.0,0.01917808,51.45145,1.6096763698284655
nigeria,draw_118,Male,0.0,0.01917808,51.45145,1.6301513908619076
nigeria,draw_118,Female,0.01917808,0.07671233,51.45145,1.7451100131901438
nigeria,draw_118,Male,0.01917808,0.07671233,51.45145,1.7927019704734175
pakistan,draw_118,Female,0.0,0.01917808,51.45145,0.8442817465744579
pakistan,draw_118,Male,0.0,0.01917808,51.45145,1.0587298098245095
pakistan,draw_118,Female,0.01917808,0.07671233,51.45145,1.107208163792931
pakistan,draw_118,Male,0.01917808,0.07671233,51.45145,1.3124278410869672
ethiopia,draw_118,Female,0.0,0.01917808,51.56156,1.7269388519067352
ethiopia,draw_118,Male,0.0,0.01917808,51.56156,1.57334978690519
ethiopia,draw_118,Female,0.01917808,0.07671233,51.56156,1.830831051969966
ethiopia,draw_118,Male,0.01917808,0.07671233,51.56156,1.7578650820931578
nigeria,draw_118,Female,0.0,0.01917808,51.56156,1.6118505144649105
nigeria,draw_118,Male,0.0,0.01917808,51.56156,1.6322108606146792
nigeria,draw_118,Female,0.01917808,0.07671233,51.56156,1.7466107552408756
nigeria,draw_118,Male,0.01917808,0.07671233,51.56156,1.7940923720212953
pakistan,draw_118,Female,0.0,0.01917808,51.56156,0.8468476228115835
pakistan,draw_118,Male,0.0,0.01917808,51.56156,1.061209846316245
pakistan,draw_118,Female,0.01917808,0.07671233,51.56156,1.1093329360483335
pakistan,draw_118,Male,0.01917808,0.07671233,51.56156,1.3144627734744836
ethiopia,draw_118,Female,0.0,0.01917808,51.67167,1.728922784142106
ethiopia,draw_118,Male,0.0,0.01917808,51.67167,1.5754093018289679
ethiopia,draw_118,Female,0.01917808,0.07671233,51.67167,1.8321789349128226
ethiopia,draw_118,Male,0.01917808,0.07671233,51.67167,1.7592864061275535
nigeria,draw_118,Female,0.0,0.01917808,51.67167,1.614016579372549
nigeria,draw_118,Male,0.0,0.01917808,51.67167,1.6342631829941445
nigeria,draw_118,Female,0.01917808,0.07671233,51.67167,1.7481042074791027
nigeria,draw_118,Male,0.01917808,0.07671233,51.67167,1.79547553861657
pakistan,draw_118,Female,0.0,0.01917808,51.67167,0.8494161877508967
pakistan,draw_118,Male,0.0,0.01917808,51.67167,1.0636900950421844
pakistan,draw_118,Female,0.01917808,0.07671233,51.67167,1.111456520886797
pakistan,draw_118,Male,0.01917808,0.07671233,51.67167,1.3164943947795167
ethiopia,draw_118,Female,0.0,0.01917808,51.78178,1.7308985796867493
ethiopia,draw_118,Male,0.0,0.01917808,51.78178,1.5774634991541565
ethiopia,draw_118,Female,0.01917808,0.07671233,51.78178,1.8335194610896082
ethiopia,draw_118,Male,0.01917808,0.07671233,51.78178,1.760701289640659
nigeria,draw_118,Female,0.0,0.01917808,51.78178,1.6161763195863783
nigeria,draw_118,Male,0.0,0.01917808,51.78178,1.6363089814314766
nigeria,draw_118,Female,0.01917808,0.07671233,51.78178,1.749591231949518
nigeria,draw_118,Male,0.01917808,0.07671233,51.78178,1.796851886331629
pakistan,draw_118,Female,0.0,0.01917808,51.78178,0.8519878578412328
pakistan,draw_118,Male,0.0,0.01917808,51.78178,1.066169749832781
pakistan,draw_118,Female,0.01917808,0.07671233,51.78178,1.113579014136626
pakistan,draw_118,Male,0.01917808,0.07671233,51.78178,1.3185221797773905
ethiopia,draw_118,Female,0.0,0.01917808,51.89189,1.7328664272849172
ethiopia,draw_118,Male,0.0,0.01917808,51.89189,1.579511874454768
ethiopia,draw_118,Female,0.01917808,0.07671233,51.89189,1.834852991343428
ethiopia,draw_118,Male,0.01917808,0.07671233,51.89189,1.7621091774009634
nigeria,draw_118,Female,0.0,0.01917808,51.89189,1.6183280549190153
nigeria,draw_118,Male,0.0,0.01917808,51.89189,1.6383484484952022
nigeria,draw_118,Female,0.01917808,0.07671233,51.89189,1.751070887850386
nigeria,draw_118,Male,0.01917808,0.07671233,51.89189,1.798221292064586
pakistan,draw_118,Female,0.0,0.01917808,51.89189,0.8545630488375578
pakistan,draw_118,Male,0.0,0.01917808,51.89189,1.0686492877290679
pakistan,draw_118,Female,0.01917808,0.07671233,51.89189,1.1157005694185471
pakistan,draw_118,Male,0.01917808,0.07671233,51.89189,1.3205464961273266
ethiopia,draw_118,Female,0.0,0.01917808,52.002,1.7348262318279573
ethiopia,draw_118,Male,0.0,0.01917808,52.002,1.5815541451695223
ethiopia,draw_118,Female,0.01917808,0.07671233,52.002,1.8361791301170591
ethiopia,draw_118,Male,0.01917808,0.07671233,52.002,1.7635098008617096
nigeria,draw_118,Female,0.0,0.01917808,52.002,1.620473703490983
nigeria,draw_118,Male,0.0,0.01917808,52.002,1.6403806153319875
nigeria,draw_118,Female,0.01917808,0.07671233,52.002,1.7525439471185809
nigeria,draw_118,Male,0.01917808,0.07671233,52.002,1.7995828529682014
pakistan,draw_118,Female,0.0,0.01917808,52.002,0.8571405972268629
pakistan,draw_118,Male,0.0,0.01917808,52.002,1.071128010479721
pakistan,draw_118,Female,0.01917808,0.07671233,52.002,1.1178206945889961
pakistan,draw_118,Male,0.01917808,0.07671233,52.002,1.3225667548598836
ethiopia,draw_118,Female,0.0,0.01917808,52.11211,1.736778722290922
ethiopia,draw_118,Male,0.0,0.01917808,52.11211,1.5835903291652484
ethiopia,draw_118,Female,0.01917808,0.07671233,52.11211,1.8374983377125373
ethiopia,draw_118,Male,0.01917808,0.07671233,52.11211,1.764903370446734
nigeria,draw_118,Female,0.0,0.01917808,52.11211,1.6226100062244573
nigeria,draw_118,Male,0.0,0.01917808,52.11211,1.642406919756391
nigeria,draw_118,Female,0.01917808,0.07671233,52.11211,1.754008966224016
nigeria,draw_118,Male,0.01917808,0.07671233,52.11211,1.8009377267093483
pakistan,draw_118,Female,0.0,0.01917808,52.11211,0.859720715093442
pakistan,draw_118,Male,0.0,0.01917808,52.11211,1.0736060434046473
pakistan,draw_118,Female,0.01917808,0.07671233,52.11211,1.1199395667584522
pakistan,draw_118,Male,0.01917808,0.07671233,52.11211,1.3245831634732232
ethiopia,draw_118,Female,0.0,0.01917808,52.22222,1.7387224537092163
ethiopia,draw_118,Male,0.0,0.01917808,52.22222,1.5856198102438923
ethiopia,draw_118,Female,0.01917808,0.07671233,52.22222,1.8388097497784919
ethiopia,draw_118,Male,0.01917808,0.07671233,52.22222,1.76628986536995
nigeria,draw_118,Female,0.0,0.01917808,52.22222,1.6247403817930006
nigeria,draw_118,Male,0.0,0.01917808,52.22222,1.6444257257055928
nigeria,draw_118,Female,0.01917808,0.07671233,52.22222,1.7554679915945597
nigeria,draw_118,Male,0.01917808,0.07671233,52.22222,1.8022849936719398
pakistan,draw_118,Female,0.0,0.01917808,52.22222,0.8623039607710232
pakistan,draw_118,Male,0.0,0.01917808,52.22222,1.076083086540714
pakistan,draw_118,Female,0.01917808,0.07671233,52.22222,1.122057610137956
pakistan,draw_118,Male,0.01917808,0.07671233,52.22222,1.326595646582342
ethiopia,draw_118,Female,0.0,0.01917808,52.33233,1.7406581869243818
ethiopia,draw_118,Male,0.0,0.01917808,52.33233,1.5876427479866029
ethiopia,draw_118,Female,0.01917808,0.07671233,52.33233,1.840113961273303
ethiopia,draw_118,Male,0.01917808,0.07671233,52.33233,1.7676691646718499
nigeria,draw_118,Female,0.0,0.01917808,52.33233,1.6268623514928253
nigeria,draw_118,Male,0.0,0.01917808,52.33233,1.646437344009551
nigeria,draw_118,Female,0.01917808,0.07671233,52.33233,1.756919616320959
nigeria,draw_118,Male,0.01917808,0.07671233,52.33233,1.8036246144360033
pakistan,draw_118,Female,0.0,0.01917808,52.33233,0.8648900895983335
pakistan,draw_118,Male,0.0,0.01917808,52.33233,1.0785592271717104
pakistan,draw_118,Female,0.01917808,0.07671233,52.33233,1.1241743446770454
pakistan,draw_118,Male,0.01917808,0.07671233,52.33233,1.3286042025754197
ethiopia,draw_118,Female,0.0,0.01917808,52.44244,1.742585425484219
ethiopia,draw_118,Male,0.0,0.01917808,52.44244,1.5896598406782179
ethiopia,draw_118,Female,0.01917808,0.07671233,52.44244,1.8414103293250599
ethiopia,draw_118,Male,0.01917808,0.07671233,52.44244,1.769041612926078
nigeria,draw_118,Female,0.0,0.01917808,52.44244,1.6289766457156394
nigeria,draw_118,Male,0.0,0.01917808,52.44244,1.6484419493990137
nigeria,draw_118,Female,0.01917808,0.07671233,52.44244,1.7583640721405027
nigeria,draw_118,Male,0.01917808,0.07671233,52.44244,1.8049568730808812
pakistan,draw_118,Female,0.0,0.01917808,52.44244,0.8674778917057392
pakistan,draw_118,Male,0.0,0.01917808,52.44244,1.0810344184025573
pakistan,draw_118,Female,0.01917808,0.07671233,52.44244,1.1262891787979201
pakistan,draw_118,Male,0.01917808,0.07671233,52.44244,1.330608939065401
ethiopia,draw_118,Female,0.0,0.01917808,52.55255,1.7445046822681147
ethiopia,draw_118,Male,0.0,0.01917808,52.55255,1.5916699829868226
ethiopia,draw_118,Female,0.01917808,0.07671233,52.55255,1.8426992063103125
ethiopia,draw_118,Male,0.01917808,0.07671233,52.55255,1.7704064235470287
nigeria,draw_118,Female,0.0,0.01917808,52.55255,1.631083977535699
nigeria,draw_118,Male,0.0,0.01917808,52.55255,1.6504392893531623
nigeria,draw_118,Female,0.01917808,0.07671233,52.55255,1.759801699600007
nigeria,draw_118,Male,0.01917808,0.07671233,52.55255,1.8062814283212825
pakistan,draw_118,Female,0.0,0.01917808,52.55255,0.8700669942332073
pakistan,draw_118,Male,0.0,0.01917808,52.55255,1.0835087425980119
pakistan,draw_118,Female,0.01917808,0.07671233,52.55255,1.128401827000741
pakistan,draw_118,Male,0.01917808,0.07671233,52.55255,1.3326096447713685
ethiopia,draw_118,Female,0.0,0.01917808,52.66266,1.7464144996479094
ethiopia,draw_118,Male,0.0,0.01917808,52.66266,1.5936737547686466
ethiopia,draw_118,Female,0.01917808,0.07671233,52.66266,1.843980003067651
ethiopia,draw_118,Male,0.01917808,0.07671233,52.66266,1.7717639404745151
nigeria,draw_118,Female,0.0,0.01917808,52.66266,1.6331836178341796
nigeria,draw_118,Male,0.0,0.01917808,52.66266,1.6524295149254027
nigeria,draw_118,Female,0.01917808,0.07671233,52.66266,1.7612320169726507
nigeria,draw_118,Male,0.01917808,0.07671233,52.66266,1.807598149662832
pakistan,draw_118,Female,0.0,0.01917808,52.66266,0.8726578892182023
pakistan,draw_118,Male,0.0,0.01917808,52.66266,1.085981929846952
pakistan,draw_118,Female,0.01917808,0.07671233,52.66266,1.1305123495790461
pakistan,draw_118,Male,0.01917808,0.07671233,52.66266,1.3346061622981584
ethiopia,draw_118,Female,0.0,0.01917808,52.77277,1.7483160451482345
ethiopia,draw_118,Male,0.0,0.01917808,52.77277,1.5956706035056967
ethiopia,draw_118,Female,0.01917808,0.07671233,52.77277,1.8452534081141714
ethiopia,draw_118,Male,0.01917808,0.07671233,52.77277,1.7731139608629847
nigeria,draw_118,Female,0.0,0.01917808,52.77277,1.6352754986988483
nigeria,draw_118,Male,0.0,0.01917808,52.77277,1.6544130866470497
nigeria,draw_118,Female,0.01917808,0.07671233,52.77277,1.7626552087884746
nigeria,draw_118,Male,0.01917808,0.07671233,52.77277,1.8089076622902733
pakistan,draw_118,Female,0.0,0.01917808,52.77277,0.8752502608126809
pakistan,draw_118,Male,0.0,0.01917808,52.77277,1.088454131343522
pakistan,draw_118,Female,0.01917808,0.07671233,52.77277,1.132620627294267
pakistan,draw_118,Male,0.01917808,0.07671233,52.77277,1.3365984384749419
ethiopia,draw_118,Female,0.0,0.01917808,52.88288,1.7502095270259241
ethiopia,draw_118,Male,0.0,0.01917808,52.88288,1.5976614630803387
ethiopia,draw_118,Female,0.01917808,0.07671233,52.88288,1.846519187900558
ethiopia,draw_118,Male,0.01917808,0.07671233,52.88288,1.77445712848831
nigeria,draw_118,Female,0.0,0.01917808,52.88288,1.637360244744215
nigeria,draw_118,Male,0.0,0.01917808,52.88288,1.6563893341772054
nigeria,draw_118,Female,0.01917808,0.07671233,52.88288,1.7640716098609373
nigeria,draw_118,Male,0.01917808,0.07671233,52.88288,1.8102096590737682
pakistan,draw_118,Female,0.0,0.01917808,52.88288,0.8778443566804276
pakistan,draw_118,Male,0.0,0.01917808,52.88288,1.0909251934206212
pakistan,draw_118,Female,0.01917808,0.07671233,52.88288,1.1347269088998886
pakistan,draw_118,Male,0.01917808,0.07671233,52.88288,1.338586625100793
ethiopia,draw_118,Female,0.0,0.01917808,52.99299,1.7520939112783245
ethiopia,draw_118,Male,0.0,0.01917808,52.99299,1.5996445961593784
ethiopia,draw_118,Female,0.01917808,0.07671233,52.99299,1.8477771083623968
ethiopia,draw_118,Male,0.01917808,0.07671233,52.99299,1.7757921198430386
nigeria,draw_118,Female,0.0,0.01917808,52.99299,1.6394351182612041
nigeria,draw_118,Male,0.0,0.01917808,52.99299,1.658358438493008
nigeria,draw_118,Female,0.01917808,0.07671233,52.99299,1.765479841197137
nigeria,draw_118,Male,0.01917808,0.07671233,52.99299,1.8115040275886292
pakistan,draw_118,Female,0.0,0.01917808,52.99299,0.8804396542850051
pakistan,draw_118,Male,0.0,0.01917808,52.99299,1.09339506741992
pakistan,draw_118,Female,0.01917808,0.07671233,52.99299,1.1368308878815345
pakistan,draw_118,Male,0.01917808,0.07671233,52.99299,1.340570586163782
ethiopia,draw_118,Female,0.0,0.01917808,53.1031,1.7539693936445637
ethiopia,draw_118,Male,0.0,0.01917808,53.1031,1.6016218466487129
ethiopia,draw_118,Female,0.01917808,0.07671233,53.1031,1.8490270892441605
ethiopia,draw_118,Male,0.01917808,0.07671233,53.1031,1.7771196915996317
nigeria,draw_118,Female,0.0,0.01917808,53.1031,1.6415033023930765
nigeria,draw_118,Male,0.0,0.01917808,53.1031,1.6603187460307716
nigeria,draw_118,Female,0.01917808,0.07671233,53.1031,1.766881433462718
nigeria,draw_118,Male,0.01917808,0.07671233,53.1031,1.812789766740515
pakistan,draw_118,Female,0.0,0.01917808,53.1031,0.8830360940723196
pakistan,draw_118,Male,0.0,0.01917808,53.1031,1.0958637637209032
pakistan,draw_118,Female,0.01917808,0.07671233,53.1031,1.138932298168049
pakistan,draw_118,Male,0.01917808,0.07671233,53.1031,1.342550109641669
ethiopia,draw_118,Female,0.0,0.01917808,53.21321,1.7558364834487263
ethiopia,draw_118,Male,0.0,0.01917808,53.21321,1.6035915569842483
ethiopia,draw_118,Female,0.01917808,0.07671233,53.21321,1.8502697761176345
ethiopia,draw_118,Male,0.01917808,0.07671233,53.21321,1.7784392617176474
nigeria,draw_118,Female,0.0,0.01917808,53.21321,1.6435632590057065
nigeria,draw_118,Male,0.0,0.01917808,53.21321,1.6622725572489028
nigeria,draw_118,Female,0.01917808,0.07671233,53.21321,1.768275316722313
nigeria,draw_118,Male,0.01917808,0.07671233,53.21321,1.8140683051526583
pakistan,draw_118,Female,0.0,0.01917808,53.21321,0.8856341128509131
pakistan,draw_118,Male,0.0,0.01917808,53.21321,1.098331648410526
pakistan,draw_118,Female,0.01917808,0.07671233,53.21321,1.1410312265695455
pakistan,draw_118,Male,0.01917808,0.07671233,53.21321,1.344525521160042
ethiopia,draw_118,Female,0.0,0.01917808,53.32332,1.7576931046268565
ethiopia,draw_118,Male,0.0,0.01917808,53.32332,1.605554645674928
ethiopia,draw_118,Female,0.01917808,0.07671233,53.32332,1.851504203211516
ethiopia,draw_118,Male,0.01917808,0.07671233,53.32332,1.779751474608122
nigeria,draw_118,Female,0.0,0.01917808,53.32332,1.6456165228772908
nigeria,draw_118,Male,0.0,0.01917808,53.32332,1.664219236517026
nigeria,draw_118,Female,0.01917808,0.07671233,53.32332,1.769662378771703
nigeria,draw_118,Male,0.01917808,0.07671233,53.32332,1.8153393852497963
pakistan,draw_118,Female,0.0,0.01917808,53.32332,0.8882339783363706
pakistan,draw_118,Male,0.0,0.01917808,53.32332,1.1007980128002977
pakistan,draw_118,Female,0.01917808,0.07671233,53.32332,1.143127835517508
pakistan,draw_118,Male,0.01917808,0.07671233,53.32332,1.3464961643563527
ethiopia,draw_118,Female,0.0,0.01917808,53.43343,1.7595410326796155
ethiopia,draw_118,Male,0.0,0.01917808,53.43343,1.6075104369414217
ethiopia,draw_118,Female,0.01917808,0.07671233,53.43343,1.852730801559559
ethiopia,draw_118,Male,0.01917808,0.07671233,53.43343,1.7810559335819702
nigeria,draw_118,Female,0.0,0.01917808,53.43343,1.6476619095945697
nigeria,draw_118,Male,0.0,0.01917808,53.43343,1.666157350672166
nigeria,draw_118,Female,0.01917808,0.07671233,53.43343,1.77104204305312
nigeria,draw_118,Male,0.01917808,0.07671233,53.43343,1.8166021999061213
pakistan,draw_118,Female,0.0,0.01917808,53.43343,0.8908357703665231
pakistan,draw_118,Male,0.0,0.01917808,53.43343,1.1032630596684656
pakistan,draw_118,Female,0.01917808,0.07671233,53.43343,1.1452222157959635
pakistan,draw_118,Male,0.01917808,0.07671233,53.43343,1.3484623224985306
ethiopia,draw_118,Female,0.0,0.01917808,53.54354,1.7613803171685127
ethiopia,draw_118,Male,0.0,0.01917808,53.54354,1.6094600360029618
ethiopia,draw_118,Female,0.01917808,0.07671233,53.54354,1.8539498200393552
ethiopia,draw_118,Male,0.01917808,0.07671233,53.54354,1.782353243720374
nigeria,draw_118,Female,0.0,0.01917808,53.54354,1.6496981154487933
nigeria,draw_118,Male,0.0,0.01917808,53.54354,1.668088442231337
nigeria,draw_118,Female,0.01917808,0.07671233,53.54354,1.7724134698476646
nigeria,draw_118,Male,0.01917808,0.07671233,53.54354,1.8178575089787736
pakistan,draw_118,Female,0.0,0.01917808,53.54354,0.8934389404751422
pakistan,draw_118,Male,0.0,0.01917808,53.54354,1.1057263365773011
pakistan,draw_118,Female,0.01917808,0.07671233,53.54354,1.147314367698312
pakistan,draw_118,Male,0.01917808,0.07671233,53.54354,1.3504238856418687
ethiopia,draw_118,Female,0.0,0.01917808,53.65365,1.7632108230112067
ethiopia,draw_118,Male,0.0,0.01917808,53.65365,1.6114032538490493
ethiopia,draw_118,Female,0.01917808,0.07671233,53.65365,1.8551610620827612
ethiopia,draw_118,Male,0.01917808,0.07671233,53.65365,1.7836430803563472
nigeria,draw_118,Female,0.0,0.01917808,53.65365,1.6517263503831794
nigeria,draw_118,Male,0.0,0.01917808,53.65365,1.6700108779913287
nigeria,draw_118,Female,0.01917808,0.07671233,53.65365,1.7737777051813761
nigeria,draw_118,Male,0.01917808,0.07671233,53.65365,1.819104261937846
pakistan,draw_118,Female,0.0,0.01917808,53.65365,0.8960435673659002
pakistan,draw_118,Male,0.0,0.01917808,53.65365,1.1081876723373456
pakistan,draw_118,Female,0.01917808,0.07671233,53.65365,1.149404040921682
pakistan,draw_118,Male,0.01917808,0.07671233,53.65365,1.3523805665481279
ethiopia,draw_118,Female,0.0,0.01917808,53.76376,1.765031489874247
ethiopia,draw_118,Male,0.0,0.01917808,53.76376,1.613339406715256
ethiopia,draw_118,Female,0.01917808,0.07671233,53.76376,1.8563639340172728
ethiopia,draw_118,Male,0.01917808,0.07671233,53.76376,1.7849253301612493
nigeria,draw_118,Female,0.0,0.01917808,53.76376,1.6537466805540268
nigeria,draw_118,Male,0.0,0.01917808,53.76376,1.6719251104126465
nigeria,draw_118,Female,0.01917808,0.07671233,53.76376,1.7751347547302863
nigeria,draw_118,Male,0.01917808,0.07671233,53.76376,1.820342895332403
pakistan,draw_118,Female,0.0,0.01917808,53.76376,0.8986495381685744
pakistan,draw_118,Male,0.0,0.01917808,53.76376,1.1106473433091402
pakistan,draw_118,Female,0.01917808,0.07671233,53.76376,1.1514915878836482
pakistan,draw_118,Male,0.01917808,0.07671233,53.76376,1.354332495889
ethiopia,draw_118,Female,0.0,0.01917808,53.87387,1.766843086468231
ethiopia,draw_118,Male,0.0,0.01917808,53.87387,1.6152680706107436
ethiopia,draw_118,Female,0.01917808,0.07671233,53.87387,1.8575585086101603
ethiopia,draw_118,Male,0.01917808,0.07671233,53.87387,1.7861996365202515
nigeria,draw_118,Female,0.0,0.01917808,53.87387,1.6557590074266852
nigeria,draw_118,Male,0.0,0.01917808,53.87387,1.673831958262576
nigeria,draw_118,Female,0.01917808,0.07671233,53.87387,1.776484486651036
nigeria,draw_118,Male,0.01917808,0.07671233,53.87387,1.8215738344568007
pakistan,draw_118,Female,0.0,0.01917808,53.87387,0.9012563764959808
pakistan,draw_118,Male,0.0,0.01917808,53.87387,1.1131050740726294
pakistan,draw_118,Female,0.01917808,0.07671233,53.87387,1.1535768411796556
pakistan,draw_118,Male,0.01917808,0.07671233,53.87387,1.3562795966552377
ethiopia,draw_118,Female,0.0,0.01917808,53.98398,1.7686457791558865
ethiopia,draw_118,Male,0.0,0.01917808,53.98398,1.6171902663376174
ethiopia,draw_118,Female,0.01917808,0.07671233,53.98398,1.8587450977518398
ethiopia,draw_118,Male,0.01917808,0.07671233,53.98398,1.7874663183434332
nigeria,draw_118,Female,0.0,0.01917808,53.98398,1.6577628154174402
nigeria,draw_118,Male,0.0,0.01917808,53.98398,1.6757310678157715
nigeria,draw_118,Female,0.01917808,0.07671233,53.98398,1.7778263474354326
nigeria,draw_118,Male,0.01917808,0.07671233,53.98398,1.8227967335241468
pakistan,draw_118,Female,0.0,0.01917808,53.98398,0.9038649336926624
pakistan,draw_118,Male,0.0,0.01917808,53.98398,1.1155607955940938
pakistan,draw_118,Female,0.01917808,0.07671233,53.98398,1.1556598594552407
pakistan,draw_118,Male,0.01917808,0.07671233,53.98398,1.3582216058179803
ethiopia,draw_118,Female,0.0,0.01917808,54.09409,1.7704391343857486
ethiopia,draw_118,Male,0.0,0.01917808,54.09409,1.619104071063118
ethiopia,draw_118,Female,0.01917808,0.07671233,54.09409,1.8599232230400142
ethiopia,draw_118,Male,0.01917808,0.07671233,54.09409,1.7887242375795693
nigeria,draw_118,Female,0.0,0.01917808,54.09409,1.6597570464035354
nigeria,draw_118,Male,0.0,0.01917808,54.09409,1.6776215426215813
nigeria,draw_118,Female,0.01917808,0.07671233,54.09409,1.779159639995719
nigeria,draw_118,Male,0.01917808,0.07671233,54.09409,1.8240109794880273
pakistan,draw_118,Female,0.0,0.01917808,54.09409,0.9064742606173901
pakistan,draw_118,Male,0.0,0.01917808,54.09409,1.1180142240126063
pakistan,draw_118,Female,0.01917808,0.07671233,54.09409,1.1577401299704397
pakistan,draw_118,Male,0.01917808,0.07671233,54.09409,1.3601582922201372
ethiopia,draw_118,Female,0.0,0.01917808,54.2042,1.7722220608287476
ethiopia,draw_118,Male,0.0,0.01917808,54.2042,1.6210109665212808
ethiopia,draw_118,Female,0.01917808,0.07671233,54.2042,1.8610926790617124
ethiopia,draw_118,Male,0.01917808,0.07671233,54.2042,1.7899743444877656
nigeria,draw_118,Female,0.0,0.01917808,54.2042,1.661744171990644
nigeria,draw_118,Male,0.0,0.01917808,54.2042,1.679504545008035
nigeria,draw_118,Female,0.01917808,0.07671233,54.2042,1.7804856999680332
nigeria,draw_118,Male,0.01917808,0.07671233,54.2042,1.8252173743283115
pakistan,draw_118,Female,0.0,0.01917808,54.2042,0.909085344999496
pakistan,draw_118,Male,0.0,0.01917808,54.2042,1.1204656165282119
pakistan,draw_118,Female,0.01917808,0.07671233,54.2042,1.1598181440362916
pakistan,draw_118,Male,0.01917808,0.07671233,54.2042,1.3620899250764167
ethiopia,draw_118,Female,0.0,0.01917808,54.31431,1.7739960485776096
ethiopia,draw_118,Male,0.0,0.01917808,54.31431,1.6229115588117053
ethiopia,draw_118,Female,0.01917808,0.07671233,54.31431,1.862254410029849
ethiopia,draw_118,Male,0.01917808,0.07671233,54.31431,1.791217258982974
nigeria,draw_118,Female,0.0,0.01917808,54.31431,1.6637219881918541
nigeria,draw_118,Male,0.0,0.01917808,54.31431,1.6813794315171764
nigeria,draw_118,Female,0.01917808,0.07671233,54.31431,1.781803562154556
nigeria,draw_118,Male,0.01917808,0.07671233,54.31431,1.8264156432076089
pakistan,draw_118,Female,0.0,0.01917808,54.31431,0.9116977202065086
pakistan,draw_118,Male,0.0,0.01917808,54.31431,1.1229156019510254
pakistan,draw_118,Female,0.01917808,0.07671233,54.31431,1.1618942250783066
pakistan,draw_118,Male,0.01917808,0.07671233,54.31431,1.3640170969437102
ethiopia,draw_118,Female,0.0,0.01917808,54.42442,1.7757609263650145
ethiopia,draw_118,Male,0.0,0.01917808,54.42442,1.6248044181835273
ethiopia,draw_118,Female,0.01917808,0.07671233,54.42442,1.8634083504343129
ethiopia,draw_118,Male,0.01917808,0.07671233,54.42442,1.7924522572110333
nigeria,draw_118,Female,0.0,0.01917808,54.42442,1.6656925893605907
nigeria,draw_118,Male,0.0,0.01917808,54.42442,1.6832470890048314
nigeria,draw_118,Female,0.01917808,0.07671233,54.42442,1.7831142624403744
nigeria,draw_118,Male,0.01917808,0.07671233,54.42442,1.8276061898664664
pakistan,draw_118,Female,0.0,0.01917808,54.42442,0.9143105981756737
pakistan,draw_118,Male,0.0,0.01917808,54.42442,1.1253641479320384
pakistan,draw_118,Female,0.01917808,0.07671233,54.42442,1.1639676310825886
pakistan,draw_118,Male,0.01917808,0.07671233,54.42442,1.3659397481962874
ethiopia,draw_118,Female,0.0,0.01917808,54.53453,1.7775159257447812
ethiopia,draw_118,Male,0.0,0.01917808,54.53453,1.6266900645368796
ethiopia,draw_118,Female,0.01917808,0.07671233,54.53453,1.8645539475582955
ethiopia,draw_118,Male,0.01917808,0.07671233,54.53453,1.7936796030667281
nigeria,draw_118,Female,0.0,0.01917808,54.53453,1.6676530964165408
nigeria,draw_118,Male,0.0,0.01917808,54.53453,1.685106303159391
nigeria,draw_118,Female,0.01917808,0.07671233,54.53453,1.7844166378322424
nigeria,draw_118,Male,0.01917808,0.07671233,54.53453,1.8287884216833759
pakistan,draw_118,Female,0.0,0.01917808,54.53453,0.9169243799648648
pakistan,draw_118,Male,0.0,0.01917808,54.53453,1.1278109227149764
pakistan,draw_118,Female,0.01917808,0.07671233,54.53453,1.166038503437856
pakistan,draw_118,Male,0.01917808,0.07671233,54.53453,1.3678578375807064
ethiopia,draw_118,Female,0.0,0.01917808,54.64464,1.7792605670813604
ethiopia,draw_118,Male,0.0,0.01917808,54.64464,1.6285681017223212
ethiopia,draw_118,Female,0.01917808,0.07671233,54.64464,1.8656908611342962
ethiopia,draw_118,Male,0.01917808,0.07671233,54.64464,1.794898730298836
nigeria,draw_118,Female,0.0,0.01917808,54.64464,1.6696058963788265
nigeria,draw_118,Male,0.0,0.01917808,54.64464,1.6869577705565635
nigeria,draw_118,Female,0.01917808,0.07671233,54.64464,1.785711908000726
nigeria,draw_118,Male,0.01917808,0.07671233,54.64464,1.8299627444690056
pakistan,draw_118,Female,0.0,0.01917808,54.64464,0.9195395914212435
pakistan,draw_118,Male,0.0,0.01917808,54.64464,1.1302559857769299
pakistan,draw_118,Female,0.01917808,0.07671233,54.64464,1.168107243651814
pakistan,draw_118,Male,0.01917808,0.07671233,54.64464,1.369771049720266
ethiopia,draw_118,Female,0.0,0.01917808,54.75475,1.7809950490647075
ethiopia,draw_118,Male,0.0,0.01917808,54.75475,1.6304396354098243
ethiopia,draw_118,Female,0.01917808,0.07671233,54.75475,1.8668190719479785
ethiopia,draw_118,Male,0.01917808,0.07671233,54.75475,1.7961103512122611
nigeria,draw_118,Female,0.0,0.01917808,54.75475,1.6715503763853765
nigeria,draw_118,Male,0.0,0.01917808,54.75475,1.6888014990978943
nigeria,draw_118,Female,0.01917808,0.07671233,54.75475,1.7869998315614881
nigeria,draw_118,Male,0.01917808,0.07671233,54.75475,1.8311289799879507
pakistan,draw_118,Female,0.0,0.01917808,54.75475,0.9221555355701033
pakistan,draw_118,Male,0.0,0.01917808,54.75475,1.1326992965985534
pakistan,draw_118,Female,0.01917808,0.07671233,54.75475,1.170173043998797
pakistan,draw_118,Male,0.01917808,0.07671233,54.75475,1.3716794475990741
ethiopia,draw_118,Female,0.0,0.01917808,54.86486,1.7827205193131184
ethiopia,draw_118,Male,0.0,0.01917808,54.86486,1.6323029838727834
ethiopia,draw_118,Female,0.01917808,0.07671233,54.86486,1.8679390971499865
ethiopia,draw_118,Male,0.01917808,0.07671233,54.86486,1.7973135635650797
nigeria,draw_118,Female,0.0,0.01917808,54.86486,1.6734854842849691
nigeria,draw_118,Male,0.0,0.01917808,54.86486,1.6906374078702808
nigeria,draw_118,Female,0.01917808,0.07671233,54.86486,1.7882795515833816
nigeria,draw_118,Male,0.01917808,0.07671233,54.86486,1.8322869115559257
pakistan,draw_118,Female,0.0,0.01917808,54.86486,0.9247721255266157
pakistan,draw_118,Male,0.0,0.01917808,54.86486,1.1351402201228955
pakistan,draw_118,Female,0.01917808,0.07671233,54.86486,1.1722361212631074
pakistan,draw_118,Male,0.01917808,0.07671233,54.86486,1.3735826644825022
ethiopia,draw_118,Female,0.0,0.01917808,54.97497,1.784435404378178
ethiopia,draw_118,Male,0.0,0.01917808,54.97497,1.6341602767129821
ethiopia,draw_118,Female,0.01917808,0.07671233,54.97497,1.8690505172726113
ethiopia,draw_118,Male,0.01917808,0.07671233,54.97497,1.7985093329356532
nigeria,draw_118,Female,0.0,0.01917808,54.97497,1.6754116660207847
nigeria,draw_118,Male,0.0,0.01917808,54.97497,1.6924651368323913
nigeria,draw_118,Female,0.01917808,0.07671233,54.97497,1.7895514336466074
nigeria,draw_118,Male,0.01917808,0.07671233,54.97497,1.8334367611391487
pakistan,draw_118,Female,0.0,0.01917808,54.97497,0.9273897719042627
pakistan,draw_118,Male,0.0,0.01917808,54.97497,1.1375795229028056
pakistan,draw_118,Female,0.01917808,0.07671233,54.97497,1.1742964219975254
pakistan,draw_118,Male,0.01917808,0.07671233,54.97497,1.375481117003616
ethiopia,draw_118,Female,0.0,0.01917808,55.08509,1.7861404914977084
ethiopia,draw_118,Male,0.0,0.01917808,55.08509,1.6360093983688142
ethiopia,draw_118,Female,0.01917808,0.07671233,55.08509,1.870153184989047
ethiopia,draw_118,Male,0.01917808,0.07671233,55.08509,1.7996962338417002
nigeria,draw_118,Female,0.0,0.01917808,55.08509,1.6773285121552532
nigeria,draw_118,Male,0.0,0.01917808,55.08509,1.6942846285422006
nigeria,draw_118,Female,0.01917808,0.07671233,55.08509,1.7908147453888164
nigeria,draw_118,Male,0.01917808,0.07671233,55.08509,1.8345780852832199
pakistan,draw_118,Female,0.0,0.01917808,55.08509,0.9300081913923349
pakistan,draw_118,Male,0.0,0.01917808,55.08509,1.1400165901263888
pakistan,draw_118,Female,0.01917808,0.07671233,55.08509,1.1763535345700424
pakistan,draw_118,Male,0.01917808,0.07671233,55.08509,1.3773742740288017
ethiopia,draw_118,Female,0.0,0.01917808,55.1952,1.7878352853406856
ethiopia,draw_118,Male,0.0,0.01917808,55.1952,1.6378520660000198
ethiopia,draw_118,Female,0.01917808,0.07671233,55.1952,1.8712469096672097
ethiopia,draw_118,Male,0.01917808,0.07671233,55.1952,1.800875715235574
nigeria,draw_118,Female,0.0,0.01917808,55.1952,1.6792370507085792
nigeria,draw_118,Male,0.0,0.01917808,55.1952,1.69609616965
nigeria,draw_118,Female,0.01917808,0.07671233,55.1952,1.7920703032622851
nigeria,draw_118,Male,0.01917808,0.07671233,55.1952,1.83571117298804
pakistan,draw_118,Female,0.0,0.01917808,55.1952,0.9326264605614123
pakistan,draw_118,Male,0.0,0.01917808,55.1952,1.1424511042620542
pakistan,draw_118,Female,0.01917808,0.07671233,55.1952,1.1784070621861267
pakistan,draw_118,Male,0.01917808,0.07671233,55.1952,1.3792619183130848
ethiopia,draw_118,Female,0.0,0.01917808,55.30531,1.7895205143046642
ethiopia,draw_118,Male,0.0,0.01917808,55.30531,1.6396874886444233
ethiopia,draw_118,Female,0.01917808,0.07671233,55.30531,1.8723322715466815
ethiopia,draw_118,Male,0.01917808,0.07671233,55.30531,1.8020474556372084
nigeria,draw_118,Female,0.0,0.01917808,55.30531,1.6811354113763373
nigeria,draw_118,Male,0.0,0.01917808,55.30531,1.6978987792934237
nigeria,draw_118,Female,0.01917808,0.07671233,55.30531,1.7933174441089241
nigeria,draw_118,Male,0.01917808,0.07671233,55.30531,1.8368354158619387
pakistan,draw_118,Female,0.0,0.01917808,55.30531,0.9352448933692183
pakistan,draw_118,Male,0.0,0.01917808,55.30531,1.1448830049662508
pakistan,draw_118,Female,0.01917808,0.07671233,55.30531,1.1804574715733334
pakistan,draw_118,Male,0.01917808,0.07671233,55.30531,1.3811444686170002
ethiopia,draw_118,Female,0.0,0.01917808,55.41542,1.7911943215843484
ethiopia,draw_118,Male,0.0,0.01917808,55.41542,1.6415161162605594
ethiopia,draw_118,Female,0.01917808,0.07671233,55.41542,1.8734085487013468
ethiopia,draw_118,Male,0.01917808,0.07671233,55.41542,1.8032117382737793
nigeria,draw_118,Female,0.0,0.01917808,55.41542,1.6830255600907205
nigeria,draw_118,Male,0.0,0.01917808,55.41542,1.69969310375079
nigeria,draw_118,Female,0.01917808,0.07671233,55.41542,1.794557068158075
nigeria,draw_118,Male,0.01917808,0.07671233,55.41542,1.837951121993106
pakistan,draw_118,Female,0.0,0.01917808,55.41542,0.9378636741395655
pakistan,draw_118,Male,0.0,0.01917808,55.41542,1.1473121435377875
pakistan,draw_118,Female,0.01917808,0.07671233,55.41542,1.1825051608785342
pakistan,draw_118,Male,0.01917808,0.07671233,55.41542,1.383021549331521
ethiopia,draw_118,Female,0.0,0.01917808,55.52553,1.7928589577660907
ethiopia,draw_118,Male,0.0,0.01917808,55.52553,1.6433364971797992
ethiopia,draw_118,Female,0.01917808,0.07671233,55.52553,1.8744765464903779
ethiopia,draw_118,Male,0.01917808,0.07671233,55.52553,1.8043676792154257
nigeria,draw_118,Female,0.0,0.01917808,55.52553,1.6849069772554732
nigeria,draw_118,Male,0.0,0.01917808,55.52553,1.701479173747156
nigeria,draw_118,Female,0.01917808,0.07671233,55.52553,1.7957888469556318
nigeria,draw_118,Male,0.01917808,0.07671233,55.52553,1.83905864533906
pakistan,draw_118,Female,0.0,0.01917808,55.52553,0.9404828009717706
pakistan,draw_118,Male,0.0,0.01917808,55.52553,1.149739529018397
pakistan,draw_118,Female,0.01917808,0.07671233,55.52553,1.1845499158233832
pakistan,draw_118,Male,0.01917808,0.07671233,55.52553,1.3848938649776468
ethiopia,draw_118,Female,0.0,0.01917808,55.63564,1.7945129914067801
ethiopia,draw_118,Male,0.0,0.01917808,55.63564,1.645148817206796
ethiopia,draw_118,Female,0.01917808,0.07671233,55.63564,1.8755357517906899
ethiopia,draw_118,Male,0.01917808,0.07671233,55.63564,1.8055153047414045
nigeria,draw_118,Female,0.0,0.01917808,55.63564,1.6867794646729382
nigeria,draw_118,Male,0.0,0.01917808,55.63564,1.703256350056201
nigeria,draw_118,Female,0.01917808,0.07671233,55.63564,1.7970127089188634
nigeria,draw_118,Male,0.01917808,0.07671233,55.63564,1.8401574153183553
pakistan,draw_118,Female,0.0,0.01917808,55.63564,0.9431022429744432
pakistan,draw_118,Male,0.0,0.01917808,55.63564,1.1521643381924402
pakistan,draw_118,Female,0.01917808,0.07671233,55.63564,1.1865915354368308
pakistan,draw_118,Male,0.01917808,0.07671233,55.63564,1.386760674224625
ethiopia,draw_118,Female,0.0,0.01917808,55.74575,1.7961565380479132
ethiopia,draw_118,Male,0.0,0.01917808,55.74575,1.6469533921299038
ethiopia,draw_118,Female,0.01917808,0.07671233,55.74575,1.876586147085126
ethiopia,draw_118,Male,0.01917808,0.07671233,55.74575,1.8066545629127928
nigeria,draw_118,Female,0.0,0.01917808,55.74575,1.6886419838677467
nigeria,draw_118,Male,0.0,0.01917808,55.74575,1.705026036508226
nigeria,draw_118,Female,0.01917808,0.07671233,55.74575,1.7982277820694494
nigeria,draw_118,Male,0.01917808,0.07671233,55.74575,1.8412481212168939
pakistan,draw_118,Female,0.0,0.01917808,55.74575,0.9457224964793768
pakistan,draw_118,Male,0.0,0.01917808,55.74575,1.1545876582382602
pakistan,draw_118,Female,0.01917808,0.07671233,55.74575,1.1886303976193147
pakistan,draw_118,Male,0.01917808,0.07671233,55.74575,1.388622822719853
ethiopia,draw_118,Female,0.0,0.01917808,55.85586,1.7977905546316364
ethiopia,draw_118,Male,0.0,0.01917808,55.85586,1.648751671777139
ethiopia,draw_118,Female,0.01917808,0.07671233,55.85586,1.8776280504532434
ethiopia,draw_118,Male,0.01917808,0.07671233,55.85586,1.8077858301540837
nigeria,draw_118,Female,0.0,0.01917808,55.85586,1.6904970315792658
nigeria,draw_118,Male,0.0,0.01917808,55.85586,1.7067869542562615
nigeria,draw_118,Female,0.01917808,0.07671233,55.85586,1.7994353692278422
nigeria,draw_118,Male,0.01917808,0.07671233,55.85586,1.8423304409809493
pakistan,draw_118,Female,0.0,0.01917808,55.85586,0.9483426571459531
pakistan,draw_118,Male,0.0,0.01917808,55.85586,1.1570086454619075
pakistan,draw_118,Female,0.01917808,0.07671233,55.85586,1.190666021960112
pakistan,draw_118,Male,0.01917808,0.07671233,55.85586,1.3904796855820705
ethiopia,draw_118,Female,0.0,0.01917808,55.96597,1.7994135044882724
ethiopia,draw_118,Male,0.0,0.01917808,55.96597,1.6505408568733548
ethiopia,draw_118,Female,0.01917808,0.07671233,55.96597,1.8786608978349917
ethiopia,draw_118,Male,0.01917808,0.07671233,55.96597,1.8089082468149884
nigeria,draw_118,Female,0.0,0.01917808,55.96597,1.6923422386955922
nigeria,draw_118,Male,0.0,0.01917808,55.96597,1.7085387779310723
nigeria,draw_118,Female,0.01917808,0.07671233,55.96597,1.8006345340888603
nigeria,draw_118,Male,0.01917808,0.07671233,55.96597,1.84340418081145
pakistan,draw_118,Female,0.0,0.01917808,55.96597,0.9509626084007885
pakistan,draw_118,Male,0.0,0.01917808,55.96597,1.1594269651282507
pakistan,draw_118,Female,0.01917808,0.07671233,55.96597,1.1926983916431775
pakistan,draw_118,Male,0.01917808,0.07671233,55.96597,1.392331093929707
ethiopia,draw_118,Female,0.0,0.01917808,56.07608,1.801026476535252
ethiopia,draw_118,Male,0.0,0.01917808,56.07608,1.6523235388708706
ethiopia,draw_118,Female,0.01917808,0.07671233,56.07608,1.879684894992909
ethiopia,draw_118,Male,0.01917808,0.07671233,56.07608,1.8100226905350243
nigeria,draw_118,Female,0.0,0.01917808,56.07608,1.6941777530039073
nigeria,draw_118,Male,0.0,0.01917808,56.07608,1.7102827104106484
nigeria,draw_118,Female,0.01917808,0.07671233,56.07608,1.8018249166069236
nigeria,draw_118,Male,0.01917808,0.07671233,56.07608,1.8444695670572315
pakistan,draw_118,Female,0.0,0.01917808,56.07608,0.9535820324342766
pakistan,draw_118,Male,0.0,0.01917808,56.07608,1.1618425168004
pakistan,draw_118,Female,0.01917808,0.07671233,56.07608,1.1947271522720928
pakistan,draw_118,Male,0.01917808,0.07671233,56.07608,1.3941767278570736
ethiopia,draw_118,Female,0.0,0.01917808,56.18619,1.8026297262318884
ethiopia,draw_118,Male,0.0,0.01917808,56.18619,1.6540976049022402
ethiopia,draw_118,Female,0.01917808,0.07671233,56.18619,1.8807000020162679
ethiopia,draw_118,Male,0.01917808,0.07671233,56.18619,1.8111283588627827
nigeria,draw_118,Female,0.0,0.01917808,56.18619,1.6960035291329143
nigeria,draw_118,Male,0.0,0.01917808,56.18619,1.712018225724358
nigeria,draw_118,Female,0.01917808,0.07671233,56.18619,1.8030066393382447
nigeria,draw_118,Male,0.01917808,0.07671233,56.18619,1.8455259955250847
pakistan,draw_118,Female,0.0,0.01917808,56.18619,0.9562014309384854
pakistan,draw_118,Male,0.0,0.01917808,56.18619,1.1642553873094172
pakistan,draw_118,Female,0.01917808,0.07671233,56.18619,1.196752565824858
pakistan,draw_118,Male,0.01917808,0.07671233,56.18619,1.3960167625518367
ethiopia,draw_118,Female,0.0,0.01917808,56.2963,1.804222473372996
ethiopia,draw_118,Male,0.0,0.01917808,56.2963,1.6558638325307178
ethiopia,draw_118,Female,0.01917808,0.07671233,56.2963,1.8817060499528182
ethiopia,draw_118,Male,0.01917808,0.07671233,56.2963,1.8122259586771092
nigeria,draw_118,Female,0.0,0.01917808,56.2963,1.6978189349776205
nigeria,draw_118,Male,0.0,0.01917808,56.2963,1.7137447629733435
nigeria,draw_118,Female,0.01917808,0.07671233,56.2963,1.804179379139845
nigeria,draw_118,Male,0.01917808,0.07671233,56.2963,1.8465735974640074
pakistan,draw_118,Female,0.0,0.01917808,56.2963,0.9588203149831642
pakistan,draw_118,Male,0.0,0.01917808,56.2963,1.1666654349306997
pakistan,draw_118,Female,0.01917808,0.07671233,56.2963,1.1987744969979786
pakistan,draw_118,Male,0.01917808,0.07671233,56.2963,1.3978513346692751
ethiopia,draw_118,Female,0.0,0.01917808,56.40641,1.805804926429874
ethiopia,draw_118,Male,0.0,0.01917808,56.40641,1.6576220820223004
ethiopia,draw_118,Female,0.01917808,0.07671233,56.40641,1.8827032844023348
ethiopia,draw_118,Male,0.01917808,0.07671233,56.40641,1.8133152849729197
nigeria,draw_118,Female,0.0,0.01917808,56.40641,1.6996249223592539
nigeria,draw_118,Male,0.0,0.01917808,56.40641,1.7154632465244128
nigeria,draw_118,Female,0.01917808,0.07671233,56.40641,1.8053438851880506
nigeria,draw_118,Male,0.01917808,0.07671233,56.40641,1.8476133184281511
pakistan,draw_118,Female,0.0,0.01917808,56.40641,0.9614393777598714
pakistan,draw_118,Male,0.0,0.01917808,56.40641,1.1690726579079893
pakistan,draw_118,Female,0.01917808,0.07671233,56.40641,1.2007932503036733
pakistan,draw_118,Male,0.01917808,0.07671233,56.40641,1.3996802328062108
ethiopia,draw_118,Female,0.0,0.01917808,56.51652,1.8073770351440588
ethiopia,draw_118,Male,0.0,0.01917808,56.51652,1.6593730180433537
ethiopia,draw_118,Female,0.01917808,0.07671233,56.51652,1.8836916788538667
ethiopia,draw_118,Male,0.01917808,0.07671233,56.51652,1.8143965807700186
nigeria,draw_118,Female,0.0,0.01917808,56.51652,1.7014212141044065
nigeria,draw_118,Male,0.0,0.01917808,56.51652,1.717172755788101
nigeria,draw_118,Female,0.01917808,0.07671233,56.51652,1.8064999034586415
nigeria,draw_118,Male,0.01917808,0.07671233,56.51652,1.8486446525503517
pakistan,draw_118,Female,0.0,0.01917808,56.51652,0.9640584261457352
pakistan,draw_118,Male,0.0,0.01917808,56.51652,1.1714772055984748
pakistan,draw_118,Female,0.01917808,0.07671233,56.51652,1.2028086254326518
pakistan,draw_118,Male,0.01917808,0.07671233,56.51652,1.401503688996648
ethiopia,draw_118,Female,0.0,0.01917808,56.62663,1.8089398939318937
ethiopia,draw_118,Male,0.0,0.01917808,56.62663,1.6611149460949903
ethiopia,draw_118,Female,0.01917808,0.07671233,56.62663,1.8846716579848375
ethiopia,draw_118,Male,0.01917808,0.07671233,56.62663,1.8154689141063238
nigeria,draw_118,Female,0.0,0.01917808,56.62663,1.703208200744368
nigeria,draw_118,Male,0.0,0.01917808,56.62663,1.7188724041724734
nigeria,draw_118,Female,0.01917808,0.07671233,56.62663,1.8076474463345287
nigeria,draw_118,Male,0.01917808,0.07671233,56.62663,1.8496667902050938
pakistan,draw_118,Female,0.0,0.01917808,56.62663,0.9666770788954002
pakistan,draw_118,Male,0.0,0.01917808,56.62663,1.1738791959147532
pakistan,draw_118,Female,0.01917808,0.07671233,56.62663,1.2048205503527998
pakistan,draw_118,Male,0.01917808,0.07671233,56.62663,1.4033214761579267
ethiopia,draw_118,Female,0.0,0.01917808,56.73674,1.8104930531465646
ethiopia,draw_118,Male,0.0,0.01917808,56.73674,1.6628489835247036
ethiopia,draw_118,Female,0.01917808,0.07671233,56.73674,1.8856431235166786
ethiopia,draw_118,Male,0.01917808,0.07671233,56.73674,1.8165328414616309
nigeria,draw_118,Female,0.0,0.01917808,56.73674,1.704985660932363
nigeria,draw_118,Male,0.0,0.01917808,56.73674,1.7205639672735888
nigeria,draw_118,Female,0.01917808,0.07671233,56.73674,1.8087865885853385
nigeria,draw_118,Male,0.01917808,0.07671233,56.73674,1.8506805687767471
pakistan,draw_118,Female,0.0,0.01917808,56.73674,0.9692955274206966
pakistan,draw_118,Male,0.0,0.01917808,56.73674,1.1762779753388322
pakistan,draw_118,Female,0.01917808,0.07671233,56.73674,1.2068292023037932
pakistan,draw_118,Male,0.01917808,0.07671233,56.73674,1.4051332613629433
ethiopia,draw_118,Female,0.0,0.01917808,56.84685,1.8120365629841924
ethiopia,draw_118,Male,0.0,0.01917808,56.84685,1.664573738281881
ethiopia,draw_118,Female,0.01917808,0.07671233,56.84685,1.886605903912397
ethiopia,draw_118,Male,0.01917808,0.07671233,56.84685,1.8175877500000968
nigeria,draw_118,Female,0.0,0.01917808,56.84685,1.706753150109566
nigeria,draw_118,Male,0.0,0.01917808,56.84685,1.722246253403467
nigeria,draw_118,Female,0.01917808,0.07671233,56.84685,1.809917041471915
nigeria,draw_118,Male,0.01917808,0.07671233,56.84685,1.851685431333232
pakistan,draw_118,Female,0.0,0.01917808,56.84685,0.9719138527661682
pakistan,draw_118,Male,0.0,0.01917808,56.84685,1.178673858360135
pakistan,draw_118,Female,0.01917808,0.07671233,56.84685,1.2088346752570551
pakistan,draw_118,Male,0.01917808,0.07671233,56.84685,1.4069393675452693
ethiopia,draw_118,Female,0.0,0.01917808,56.95696,1.8135682111907694
ethiopia,draw_118,Male,0.0,0.01917808,56.95696,1.6662913679947025
ethiopia,draw_118,Female,0.01917808,0.07671233,56.95696,1.8875590193713223
ethiopia,draw_118,Male,0.01917808,0.07671233,56.95696,1.818634611993055
nigeria,draw_118,Female,0.0,0.01917808,56.95696,1.7085118524207727
nigeria,draw_118,Male,0.0,0.01917808,56.95696,1.7239197017796977
nigeria,draw_118,Female,0.01917808,0.07671233,56.95696,1.8110393312549578
nigeria,draw_118,Male,0.01917808,0.07671233,56.95696,1.8526815225558164
pakistan,draw_118,Female,0.0,0.01917808,56.95696,0.9745319732445004
pakistan,draw_118,Male,0.0,0.01917808,56.95696,1.1810666296594252
pakistan,draw_118,Female,0.01917808,0.07671233,56.95696,1.210836600037089
pakistan,draw_118,Male,0.01917808,0.07671233,56.95696,1.4087397148044987
ethiopia,draw_118,Female,0.0,0.01917808,57.06707,1.8150898703299665
ethiopia,draw_118,Male,0.0,0.01917808,57.06707,1.668000376663339
ethiopia,draw_118,Female,0.01917808,0.07671233,57.06707,1.8885033626546952
ethiopia,draw_118,Male,0.01917808,0.07671233,57.06707,1.8196723879813428
nigeria,draw_118,Female,0.0,0.01917808,57.06707,1.7102605848794448
nigeria,draw_118,Male,0.0,0.01917808,57.06707,1.7255839497564163
nigeria,draw_118,Female,0.01917808,0.07671233,57.06707,1.8121525195161425
nigeria,draw_118,Male,0.01917808,0.07671233,57.06707,1.853668320132138
pakistan,draw_118,Female,0.0,0.01917808,57.06707,0.9771501757321747
pakistan,draw_118,Male,0.0,0.01917808,57.06707,1.1834564059598662
pakistan,draw_118,Female,0.01917808,0.07671233,57.06707,1.2128349687454838
pakistan,draw_118,Male,0.01917808,0.07671233,57.06707,1.4105342190612462
ethiopia,draw_118,Female,0.0,0.01917808,57.17718,1.8166001686158424
ethiopia,draw_118,Male,0.0,0.01917808,57.17718,1.6697003380403102
ethiopia,draw_118,Female,0.01917808,0.07671233,57.17718,1.8894379034326874
ethiopia,draw_118,Male,0.01917808,0.07671233,57.17718,1.8207007676286113
nigeria,draw_118,Female,0.0,0.01917808,57.17718,1.7119988178844305
nigeria,draw_118,Male,0.0,0.01917808,57.17718,1.727238792657127
nigeria,draw_118,Female,0.01917808,0.07671233,57.17718,1.8132565024421812
nigeria,draw_118,Male,0.01917808,0.07671233,57.17718,1.8546457210377725
pakistan,draw_118,Female,0.0,0.01917808,57.17718,0.9797676874405431
pakistan,draw_118,Male,0.0,0.01917808,57.17718,1.185842568881143
pakistan,draw_118,Female,0.01917808,0.07671233,57.17718,1.2148294908814306
pakistan,draw_118,Male,0.01917808,0.07671233,57.17718,1.4123223509406329
ethiopia,draw_118,Female,0.0,0.01917808,57.28729,1.8181001539879376
ethiopia,draw_118,Male,0.0,0.01917808,57.28729,1.6713922092527254
ethiopia,draw_118,Female,0.01917808,0.07671233,57.28729,1.8903633918632787
ethiopia,draw_118,Male,0.01917808,0.07671233,57.28729,1.821720833385269
nigeria,draw_118,Female,0.0,0.01917808,57.28729,1.7137274545157495
nigeria,draw_118,Male,0.0,0.01917808,57.28729,1.7288839268535734
nigeria,draw_118,Female,0.01917808,0.07671233,57.28729,1.814351837482719
nigeria,draw_118,Male,0.01917808,0.07671233,57.28729,1.8556140263979866
pakistan,draw_118,Female,0.0,0.01917808,57.28729,0.9823849829152145
pakistan,draw_118,Male,0.0,0.01917808,57.28729,1.1882257563648737
pakistan,draw_118,Female,0.01917808,0.07671233,57.28729,1.216820254340038
pakistan,draw_118,Male,0.01917808,0.07671233,57.28729,1.4141047613440574
ethiopia,draw_118,Female,0.0,0.01917808,57.3974,1.8195880325174154
ethiopia,draw_118,Male,0.0,0.01917808,57.3974,1.6730750360427145
ethiopia,draw_118,Female,0.01917808,0.07671233,57.3974,1.891279060612315
ethiopia,draw_118,Male,0.01917808,0.07671233,57.3974,1.822732093544193
nigeria,draw_118,Female,0.0,0.01917808,57.3974,1.7154462906996446
nigeria,draw_118,Male,0.0,0.01917808,57.3974,1.730519536200875
nigeria,draw_118,Female,0.01917808,0.07671233,57.3974,1.815438529493958
nigeria,draw_118,Male,0.01917808,0.07671233,57.3974,1.8565731787661792
pakistan,draw_118,Female,0.0,0.01917808,57.3974,0.9850020114274433
pakistan,draw_118,Male,0.0,0.01917808,57.3974,1.1906057317174639
pakistan,draw_118,Female,0.01917808,0.07671233,57.3974,1.21880714795292
pakistan,draw_118,Male,0.01917808,0.07671233,57.3974,1.4158812503217177
ethiopia,draw_118,Female,0.0,0.01917808,57.50751,1.8210663054210592
ethiopia,draw_118,Male,0.0,0.01917808,57.50751,1.6747503954411986
ethiopia,draw_118,Female,0.01917808,0.07671233,57.50751,1.8921860025676391
ethiopia,draw_118,Male,0.01917808,0.07671233,57.50751,1.823735187856012
nigeria,draw_118,Female,0.0,0.01917808,57.50751,1.717155354612702
nigeria,draw_118,Male,0.0,0.01917808,57.50751,1.7321458581829343
nigeria,draw_118,Female,0.01917808,0.07671233,57.50751,1.8165168556189586
nigeria,draw_118,Male,0.01917808,0.07671233,57.50751,1.8575232778204085
pakistan,draw_118,Female,0.0,0.01917808,57.50751,0.987617840389517
pakistan,draw_118,Male,0.0,0.01917808,57.50751,1.1929825601690138
pakistan,draw_118,Female,0.01917808,0.07671233,57.50751,1.2207898149286056
pakistan,draw_118,Male,0.01917808,0.07671233,57.50751,1.4176517696971354
ethiopia,draw_118,Female,0.0,0.01917808,57.61762,1.8225324077814555
ethiopia,draw_118,Male,0.0,0.01917808,57.61762,1.6764160173038454
ethiopia,draw_118,Female,0.01917808,0.07671233,57.61762,1.8930828442472514
ethiopia,draw_118,Male,0.01917808,0.07671233,57.61762,1.8247289289830781
nigeria,draw_118,Female,0.0,0.01917808,57.61762,1.7188548312421723
nigeria,draw_118,Male,0.0,0.01917808,57.61762,1.7337629880715277
nigeria,draw_118,Female,0.01917808,0.07671233,57.61762,1.817586543818532
nigeria,draw_118,Male,0.01917808,0.07671233,57.61762,1.8584643340315086
pakistan,draw_118,Female,0.0,0.01917808,57.61762,0.9902336745443783
pakistan,draw_118,Male,0.0,0.01917808,57.61762,1.1953557742106273
pakistan,draw_118,Female,0.01917808,0.07671233,57.61762,1.2227688706731434
pakistan,draw_118,Male,0.01917808,0.07671233,57.61762,1.419416144292254
ethiopia,draw_118,Female,0.0,0.01917808,57.72773,1.8239883568604212
ethiopia,draw_118,Male,0.0,0.01917808,57.72773,1.6780724835331644
ethiopia,draw_118,Female,0.01917808,0.07671233,57.72773,1.8939708661286772
ethiopia,draw_118,Male,0.01917808,0.07671233,57.72773,1.8257137334540403
nigeria,draw_118,Female,0.0,0.01917808,57.72773,1.720543554537987
nigeria,draw_118,Male,0.0,0.01917808,57.72773,1.7353704612224765
nigeria,draw_118,Female,0.01917808,0.07671233,57.72773,1.8186470491725115
nigeria,draw_118,Male,0.01917808,0.07671233,57.72773,1.8593961568475947
pakistan,draw_118,Female,0.0,0.01917808,57.72773,0.9928490502421352
pakistan,draw_118,Male,0.0,0.01917808,57.72773,1.197726102896397
pakistan,draw_118,Female,0.01917808,0.07671233,57.72773,1.2247439897640657
pakistan,draw_118,Male,0.01917808,0.07671233,57.72773,1.4211749124308037
ethiopia,draw_118,Female,0.0,0.01917808,57.83784,1.8254333390568682
ethiopia,draw_118,Male,0.0,0.01917808,57.83784,1.6797212769291299
ethiopia,draw_118,Female,0.01917808,0.07671233,57.83784,1.8948497414079182
ethiopia,draw_118,Male,0.01917808,0.07671233,57.83784,1.8266900636134826
nigeria,draw_118,Female,0.0,0.01917808,57.83784,1.7222229773253013
nigeria,draw_118,Male,0.0,0.01917808,57.83784,1.736968233023286
nigeria,draw_118,Female,0.01917808,0.07671233,57.83784,1.819699163842934
nigeria,draw_118,Male,0.01917808,0.07671233,57.83784,1.8603187473430662
pakistan,draw_118,Female,0.0,0.01917808,57.83784,0.9954634550375243
pakistan,draw_118,Male,0.0,0.01917808,57.83784,1.2000929482860923
pakistan,draw_118,Female,0.01917808,0.07671233,57.83784,1.2267149322373085
pakistan,draw_118,Male,0.01917808,0.07671233,57.83784,1.4229278019679203
ethiopia,draw_118,Female,0.0,0.01917808,57.94795,1.8268675061562138
ethiopia,draw_118,Male,0.0,0.01917808,57.94795,1.6813603763649227
ethiopia,draw_118,Female,0.01917808,0.07671233,57.94795,1.8957195086021221
ethiopia,draw_118,Male,0.01917808,0.07671233,57.94795,1.8276569895907717
nigeria,draw_118,Female,0.0,0.01917808,57.94795,1.7238918010100317
nigeria,draw_118,Male,0.0,0.01917808,57.94795,1.7385570656085656
nigeria,draw_118,Female,0.01917808,0.07671233,57.94795,1.8207423974980275
nigeria,draw_118,Male,0.01917808,0.07671233,57.94795,1.8612327251040028
pakistan,draw_118,Female,0.0,0.01917808,57.94795,0.9980771528464417
pakistan,draw_118,Male,0.0,0.01917808,57.94795,1.2024564710798287
pakistan,draw_118,Female,0.01917808,0.07671233,57.94795,1.2286818818849474
pakistan,draw_118,Male,0.01917808,0.07671233,57.94795,1.4246747654011793
ethiopia,draw_118,Female,0.0,0.01917808,58.05806,1.8282898207426177
ethiopia,draw_118,Male,0.0,0.01917808,58.05806,1.682991006200147
ethiopia,draw_118,Female,0.01917808,0.07671233,58.05806,1.8965795524103233
ethiopia,draw_118,Male,0.01917808,0.07671233,58.05806,1.8286151752894428
nigeria,draw_118,Female,0.0,0.01917808,58.05806,1.7255505811831975
nigeria,draw_118,Male,0.0,0.01917808,58.05806,1.740136455000847
nigeria,draw_118,Female,0.01917808,0.07671233,58.05806,1.821776964642064
nigeria,draw_118,Male,0.01917808,0.07671233,58.05806,1.8621375806915477
pakistan,draw_118,Female,0.0,0.01917808,58.05806,1.0006898422831103
pakistan,draw_118,Male,0.0,0.01917808,58.05806,1.2048167458883725
pakistan,draw_118,Female,0.01917808,0.07671233,58.05806,1.2306449039846368
pakistan,draw_118,Male,0.01917808,0.07671233,58.05806,1.426415798654277
ethiopia,draw_118,Female,0.0,0.01917808,58.16817,1.8297012446394771
ethiopia,draw_118,Male,0.0,0.01917808,58.16817,1.6846120015773391
ethiopia,draw_118,Female,0.01917808,0.07671233,58.16817,1.897429925006193
ethiopia,draw_118,Male,0.01917808,0.07671233,58.16817,1.829563810807612
nigeria,draw_118,Female,0.0,0.01917808,58.16817,1.7271977341184837
nigeria,draw_118,Male,0.0,0.01917808,58.16817,1.7417056745738557
nigeria,draw_118,Female,0.01917808,0.07671233,58.16817,1.822801649391226
nigeria,draw_118,Male,0.01917808,0.07671233,58.16817,1.8630325080757553
pakistan,draw_118,Female,0.0,0.01917808,58.16817,1.0033015510337502
pakistan,draw_118,Male,0.0,0.01917808,58.16817,1.2071736598854999
pakistan,draw_118,Female,0.01917808,0.07671233,58.16817,1.2326036563041731
pakistan,draw_118,Male,0.01917808,0.07671233,58.16817,1.4281508174254354
ethiopia,draw_118,Female,0.0,0.01917808,58.27828,1.8311014898397413
ethiopia,draw_118,Male,0.0,0.01917808,58.27828,1.6862238576741055
ethiopia,draw_118,Female,0.01917808,0.07671233,58.27828,1.8982708594862632
ethiopia,draw_118,Male,0.01917808,0.07671233,58.27828,1.8305033373051431
nigeria,draw_118,Female,0.0,0.01917808,58.27828,1.72883605746473
nigeria,draw_118,Male,0.0,0.01917808,58.27828,1.743264592437346
nigeria,draw_118,Female,0.01917808,0.07671233,58.27828,1.823818420132077
nigeria,draw_118,Male,0.01917808,0.07671233,58.27828,1.863917601125714
pakistan,draw_118,Female,0.0,0.01917808,58.27828,1.0059115637343063
pakistan,draw_118,Male,0.0,0.01917808,58.27828,1.209526793365896
pakistan,draw_118,Female,0.01917808,0.07671233,58.27828,1.2345578469359808
pakistan,draw_118,Male,0.01917808,0.07671233,58.27828,1.4298796264322227
ethiopia,draw_118,Female,0.0,0.01917808,58.38839,1.832489586862959
ethiopia,draw_118,Male,0.0,0.01917808,58.38839,1.6878261188128763
ethiopia,draw_118,Female,0.01917808,0.07671233,58.38839,1.8991018748084738
ethiopia,draw_118,Male,0.01917808,0.07671233,58.38839,1.8314337132735654
nigeria,draw_118,Female,0.0,0.01917808,58.38839,1.7304624849604422
nigeria,draw_118,Male,0.0,0.01917808,58.38839,1.7448142195000047
nigeria,draw_118,Female,0.01917808,0.07671233,58.38839,1.824825562078252
nigeria,draw_118,Male,0.01917808,0.07671233,58.38839,1.8647936085099166
pakistan,draw_118,Female,0.0,0.01917808,58.38839,1.0085201521839884
pakistan,draw_118,Male,0.0,0.01917808,58.38839,1.2118763650552833
pakistan,draw_118,Female,0.01917808,0.07671233,58.38839,1.236507643018464
pakistan,draw_118,Male,0.01917808,0.07671233,58.38839,1.43160210056661
ethiopia,draw_118,Female,0.0,0.01917808,58.4985,1.8338670464637499
ethiopia,draw_118,Male,0.0,0.01917808,58.4985,1.6894198648666647
ethiopia,draw_118,Female,0.01917808,0.07671233,58.4985,1.8999235133608223
ethiopia,draw_118,Male,0.01917808,0.07671233,58.4985,1.8323554557705495
nigeria,draw_118,Female,0.0,0.01917808,58.4985,1.7320790669726103
nigeria,draw_118,Male,0.0,0.01917808,58.4985,1.7463531152813787
nigeria,draw_118,Female,0.01917808,0.07671233,58.4985,1.8258240142573035
nigeria,draw_118,Male,0.01917808,0.07671233,58.4985,1.8656598766059744
pakistan,draw_118,Female,0.0,0.01917808,58.4985,1.01112749676228
pakistan,draw_118,Male,0.0,0.01917808,58.4985,1.2142226338832875
pakistan,draw_118,Female,0.01917808,0.07671233,58.4985,1.2384533676165725
pakistan,draw_118,Male,0.01917808,0.07671233,58.4985,1.433318595085111
ethiopia,draw_118,Female,0.0,0.01917808,58.60861,1.8352342471670033
ethiopia,draw_118,Male,0.0,0.01917808,58.60861,1.6910040263805495
ethiopia,draw_118,Female,0.01917808,0.07671233,58.60861,1.9007360648864156
ethiopia,draw_118,Male,0.01917808,0.07671233,58.60861,1.8332677294358866
nigeria,draw_118,Female,0.0,0.01917808,58.60861,1.733685508829379
nigeria,draw_118,Male,0.0,0.01917808,58.60861,1.7478831006052205
nigeria,draw_118,Female,0.01917808,0.07671233,58.60861,1.8268132775703587
nigeria,draw_118,Male,0.01917808,0.07671233,58.60861,1.8665171476736755
pakistan,draw_118,Female,0.0,0.01917808,58.60861,1.01373332193919
pakistan,draw_118,Male,0.0,0.01917808,58.60861,1.2165644612145765
pakistan,draw_118,Female,0.01917808,0.07671233,58.60861,1.240394757549923
pakistan,draw_118,Male,0.01917808,0.07671233,58.60861,1.4350282985989309
ethiopia,draw_118,Female,0.0,0.01917808,58.71872,1.8365902078750045
ethiopia,draw_118,Male,0.0,0.01917808,58.71872,1.6925789734875123
ethiopia,draw_118,Female,0.01917808,0.07671233,58.71872,1.9015389971270358
ethiopia,draw_118,Male,0.01917808,0.07671233,58.71872,1.8341707667216578
nigeria,draw_118,Female,0.0,0.01917808,58.71872,1.7352838538018032
nigeria,draw_118,Male,0.0,0.01917808,58.71872,1.7494025864638596
nigeria,draw_118,Female,0.01917808,0.07671233,58.71872,1.8277946243973795
nigeria,draw_118,Male,0.01917808,0.07671233,58.71872,1.8673642607423735
pakistan,draw_118,Female,0.0,0.01917808,58.71872,1.01633797259019
pakistan,draw_118,Male,0.0,0.01917808,58.71872,1.2189027465574147
pakistan,draw_118,Female,0.01917808,0.07671233,58.71872,1.2423320018952133
pakistan,draw_118,Male,0.01917808,0.07671233,58.71872,1.4367318519832133
ethiopia,draw_118,Female,0.0,0.01917808,58.82883,1.8379345718338884
ethiopia,draw_118,Male,0.0,0.01917808,58.82883,1.6941452325458253
ethiopia,draw_118,Female,0.01917808,0.07671233,58.82883,1.9023323155933751
ethiopia,draw_118,Male,0.01917808,0.07671233,58.82883,1.8350650356583311
nigeria,draw_118,Female,0.0,0.01917808,58.82883,1.736869911064881
nigeria,draw_118,Male,0.0,0.01917808,58.82883,1.750913385320592
nigeria,draw_118,Female,0.01917808,0.07671233,58.82883,1.8287657298459934
nigeria,draw_118,Male,0.01917808,0.07671233,58.82883,1.8682025042675134
pakistan,draw_118,Female,0.0,0.01917808,58.82883,1.0189418599642464
pakistan,draw_118,Male,0.0,0.01917808,58.82883,1.2212366694517238
pakistan,draw_118,Female,0.01917808,0.07671233,58.82883,1.2442652946133015
pakistan,draw_118,Male,0.01917808,0.07671233,58.82883,1.4384287953468207
ethiopia,draw_118,Female,0.0,0.01917808,58.93894,1.839269320681976
ethiopia,draw_118,Male,0.0,0.01917808,58.93894,1.6957016002262246
ethiopia,draw_118,Female,0.01917808,0.07671233,58.93894,1.90311686841785
ethiopia,draw_118,Male,0.01917808,0.07671233,58.93894,1.8359499238581631
nigeria,draw_118,Female,0.0,0.01917808,58.93894,1.7384454974500838
nigeria,draw_118,Male,0.0,0.01917808,58.93894,1.7524151025903554
nigeria,draw_118,Female,0.01917808,0.07671233,58.93894,1.8297277086914547
nigeria,draw_118,Male,0.01917808,0.07671233,58.93894,1.8690320051383593
pakistan,draw_118,Female,0.0,0.01917808,58.93894,1.0215437690725182
pakistan,draw_118,Male,0.0,0.01917808,58.93894,1.2235665327971699
pakistan,draw_118,Female,0.01917808,0.07671233,58.93894,1.2461938710561553
pakistan,draw_118,Male,0.01917808,0.07671233,58.93894,1.4401191698722016
ethiopia,draw_118,Female,0.0,0.01917808,59.04905,1.8405918879515564
ethiopia,draw_118,Male,0.0,0.01917808,59.04905,1.6972496229637064
ethiopia,draw_118,Female,0.01917808,0.07671233,59.04905,1.903891417985812
ethiopia,draw_118,Male,0.01917808,0.07671233,59.04905,1.8368263162836875
nigeria,draw_118,Female,0.0,0.01917808,59.04905,1.7400111984866355
nigeria,draw_118,Male,0.0,0.01917808,59.04905,1.7539061009093524
nigeria,draw_118,Female,0.01917808,0.07671233,59.04905,1.8306807179505478
nigeria,draw_118,Male,0.01917808,0.07671233,59.04905,1.8698518228631955
pakistan,draw_118,Female,0.0,0.01917808,59.04905,1.0241438505876106
pakistan,draw_118,Male,0.0,0.01917808,59.04905,1.22589203751362
pakistan,draw_118,Female,0.01917808,0.07671233,59.04905,1.24811784859113
pakistan,draw_118,Male,0.01917808,0.07671233,59.04905,1.4418029887201493
ethiopia,draw_118,Female,0.0,0.01917808,59.15916,1.841902024062308
ethiopia,draw_118,Male,0.0,0.01917808,59.15916,1.6987885362614743
ethiopia,draw_118,Female,0.01917808,0.07671233,59.15916,1.904655456438263
ethiopia,draw_118,Male,0.01917808,0.07671233,59.15916,1.8376933554482064
nigeria,draw_118,Female,0.0,0.01917808,59.15916,1.7415642481802587
nigeria,draw_118,Male,0.0,0.01917808,59.15916,1.7553867548616162
nigeria,draw_118,Female,0.01917808,0.07671233,59.15916,1.8316228324675474
nigeria,draw_118,Male,0.01917808,0.07671233,59.15916,1.8706618060166653
pakistan,draw_118,Female,0.0,0.01917808,59.15916,1.026742331136919
pakistan,draw_118,Male,0.0,0.01917808,59.15916,1.2282132343832775
pakistan,draw_118,Female,0.01917808,0.07671233,59.15916,1.2500373557792046
pakistan,draw_118,Male,0.01917808,0.07671233,59.15916,1.443479704966968
ethiopia,draw_118,Female,0.0,0.01917808,59.26927,1.8432018131287613
ethiopia,draw_118,Male,0.0,0.01917808,59.26927,1.700317857115562
ethiopia,draw_118,Female,0.01917808,0.07671233,59.26927,1.9054102939028492
ethiopia,draw_118,Male,0.01917808,0.07671233,59.26927,1.8385509511161229
nigeria,draw_118,Female,0.0,0.01917808,59.26927,1.7431059129814432
nigeria,draw_118,Male,0.0,0.01917808,59.26927,1.7568559761836158
nigeria,draw_118,Female,0.01917808,0.07671233,59.26927,1.8325549663533844
nigeria,draw_118,Male,0.01917808,0.07671233,59.26927,1.8714616230919219
pakistan,draw_118,Female,0.0,0.01917808,59.26927,1.0293388075771555
pakistan,draw_118,Male,0.0,0.01917808,59.26927,1.2305296546944156
pakistan,draw_118,Female,0.01917808,0.07671233,59.26927,1.251952232598445
pakistan,draw_118,Male,0.01917808,0.07671233,59.26927,1.4451492594670783
ethiopia,draw_118,Female,0.0,0.01917808,59.37938,1.8444895230443032
ethiopia,draw_118,Male,0.0,0.01917808,59.37938,1.7018378404930115
ethiopia,draw_118,Female,0.01917808,0.07671233,59.37938,1.9061549578061023
ethiopia,draw_118,Male,0.01917808,0.07671233,59.37938,1.8393994341654272
nigeria,draw_118,Female,0.0,0.01917808,59.37938,1.7446381156441921
nigeria,draw_118,Male,0.0,0.01917808,59.37938,1.758315532690772
nigeria,draw_118,Female,0.01917808,0.07671233,59.37938,1.833478652372695
nigeria,draw_118,Male,0.01917808,0.07671233,59.37938,1.872252345282412
pakistan,draw_118,Female,0.0,0.01917808,59.37938,1.0319326761274732
pakistan,draw_118,Male,0.0,0.01917808,59.37938,1.2328417197792627
pakistan,draw_118,Female,0.01917808,0.07671233,59.37938,1.253862180323303
pakistan,draw_118,Male,0.01917808,0.07671233,59.37938,1.4468120656472698
ethiopia,draw_118,Female,0.0,0.01917808,59.48949,1.8457654499331626
ethiopia,draw_118,Male,0.0,0.01917808,59.48949,1.7033492389289981
ethiopia,draw_118,Female,0.01917808,0.07671233,59.48949,1.9068897246817045
ethiopia,draw_118,Male,0.01917808,0.07671233,59.48949,1.8402392079002476
nigeria,draw_118,Female,0.0,0.01917808,59.48949,1.7461587947440422
nigeria,draw_118,Male,0.0,0.01917808,59.48949,1.759764472128826
nigeria,draw_118,Female,0.01917808,0.07671233,59.48949,1.834392450983054
nigeria,draw_118,Male,0.01917808,0.07671233,59.48949,1.8730332297980306
pakistan,draw_118,Female,0.0,0.01917808,59.48949,1.0345256086267192
pakistan,draw_118,Male,0.0,0.01917808,59.48949,1.23514899523402
pakistan,draw_118,Female,0.01917808,0.07671233,59.48949,1.2557676193020242
pakistan,draw_118,Male,0.01917808,0.07671233,59.48949,1.4484680753820784
ethiopia,draw_118,Female,0.0,0.01917808,59.5996,1.847029825804401
ethiopia,draw_118,Male,0.0,0.01917808,59.5996,1.7048503971665716
ethiopia,draw_118,Female,0.01917808,0.07671233,59.5996,1.9076148798511448
ethiopia,draw_118,Male,0.01917808,0.07671233,59.5996,1.8410694734940356
nigeria,draw_118,Female,0.0,0.01917808,59.5996,1.7476688417882424
nigeria,draw_118,Male,0.0,0.01917808,59.5996,1.7612024049518558
nigeria,draw_118,Female,0.01917808,0.07671233,59.5996,1.835296817748773
nigeria,draw_118,Male,0.01917808,0.07671233,59.5996,1.8738042381042026
pakistan,draw_118,Female,0.0,0.01917808,59.5996,1.0371174630188251
pakistan,draw_118,Male,0.0,0.01917808,59.5996,1.2374521981236506
pakistan,draw_118,Female,0.01917808,0.07671233,59.5996,1.2576686783154798
pakistan,draw_118,Male,0.01917808,0.07671233,59.5996,1.4501175586821267
ethiopia,draw_118,Female,0.0,0.01917808,59.70971,1.8482830795646008
ethiopia,draw_118,Male,0.0,0.01917808,59.70971,1.7063424967954113
ethiopia,draw_118,Female,0.01917808,0.07671233,59.70971,1.90833057065477
ethiopia,draw_118,Male,0.01917808,0.07671233,59.70971,1.8418903605087826
nigeria,draw_118,Female,0.0,0.01917808,59.70971,1.7491686312500265
nigeria,draw_118,Male,0.0,0.01917808,59.70971,1.762629386193111
nigeria,draw_118,Female,0.01917808,0.07671233,59.70971,1.8361918213302704
nigeria,draw_118,Male,0.01917808,0.07671233,59.70971,1.8745653177707762
pakistan,draw_118,Female,0.0,0.01917808,59.70971,1.0397075882245934
pakistan,draw_118,Male,0.0,0.01917808,59.70971,1.2397512019072063
pakistan,draw_118,Female,0.01917808,0.07671233,59.70971,1.2595649988749873
pakistan,draw_118,Male,0.01917808,0.07671233,59.70971,1.4517603390680232
ethiopia,draw_118,Female,0.0,0.01917808,59.81982,1.8495241662520459
ethiopia,draw_118,Male,0.0,0.01917808,59.81982,1.7078260141140023
ethiopia,draw_118,Female,0.01917808,0.07671233,59.81982,1.9090361941895366
ethiopia,draw_118,Male,0.01917808,0.07671233,59.81982,1.8427020013714535
nigeria,draw_118,Female,0.0,0.01917808,59.81982,1.7506561933947586
nigeria,draw_118,Male,0.0,0.01917808,59.81982,1.7640470059123532
nigeria,draw_118,Female,0.01917808,0.07671233,59.81982,1.8370766951726887
nigeria,draw_118,Male,0.01917808,0.07671233,59.81982,1.8753172270253635
pakistan,draw_118,Female,0.0,0.01917808,59.81982,1.0422953453285808
pakistan,draw_118,Male,0.0,0.01917808,59.81982,1.2420458377562684
pakistan,draw_118,Female,0.01917808,0.07671233,59.81982,1.2614566045970887
pakistan,draw_118,Male,0.01917808,0.07671233,59.81982,1.453396188809701
ethiopia,draw_118,Female,0.0,0.01917808,59.92993,1.8507547828718773
ethiopia,draw_118,Male,0.0,0.01917808,59.92993,1.7092994528300074
ethiopia,draw_118,Female,0.01917808,0.07671233,59.92993,1.9097324338366248
ethiopia,draw_118,Male,0.01917808,0.07671233,59.92993,1.8435037716638318
nigeria,draw_118,Female,0.0,0.01917808,59.92993,1.7521340745632505
nigeria,draw_118,Male,0.0,0.01917808,59.92993,1.765453600615264
nigeria,draw_118,Female,0.01917808,0.07671233,59.92993,1.8379529024340848
nigeria,draw_118,Male,0.01917808,0.07671233,59.92993,1.8760590666453711
pakistan,draw_118,Female,0.0,0.01917808,59.92993,1.0448807502037205
pakistan,draw_118,Male,0.0,0.01917808,59.92993,1.2443360384879982
pakistan,draw_118,Female,0.01917808,0.07671233,59.92993,1.2633435246642017
pakistan,draw_118,Male,0.01917808,0.07671233,59.92993,1.4550254323348406
ethiopia,draw_118,Female,0.0,0.01917808,60.04004,1.851973294585365
ethiopia,draw_118,Male,0.0,0.01917808,60.04004,1.7107631226787654
ethiopia,draw_118,Female,0.01917808,0.07671233,60.04004,1.9104181570150898
ethiopia,draw_118,Male,0.01917808,0.07671233,60.04004,1.8442961988115296
nigeria,draw_118,Female,0.0,0.01917808,60.04004,1.7535996290505818
nigeria,draw_118,Male,0.0,0.01917808,60.04004,1.7668507140108627
nigeria,draw_118,Female,0.01917808,0.07671233,60.04004,1.8388189532930086
nigeria,draw_118,Male,0.01917808,0.07671233,60.04004,1.876791663493255
pakistan,draw_118,Female,0.0,0.01917808,60.04004,1.0474643559471337
pakistan,draw_118,Male,0.0,0.01917808,60.04004,1.2466216444809162
pakistan,draw_118,Female,0.01917808,0.07671233,60.04004,1.265225712288853
pakistan,draw_118,Male,0.01917808,0.07671233,60.04004,1.456647910216588
ethiopia,draw_118,Female,0.0,0.01917808,60.15015,1.8531796887012952
ethiopia,draw_118,Male,0.0,0.01917808,60.15015,1.7122159544357063
ethiopia,draw_118,Female,0.01917808,0.07671233,60.15015,1.9110933739430067
ethiopia,draw_118,Male,0.01917808,0.07671233,60.15015,1.8450784246153407
nigeria,draw_118,Female,0.0,0.01917808,60.15015,1.7550549765215948
nigeria,draw_118,Male,0.0,0.01917808,60.15015,1.7682371206456526
nigeria,draw_118,Female,0.01917808,0.07671233,60.15015,1.8396757598375921
nigeria,draw_118,Male,0.01917808,0.07671233,60.15015,1.8775143781270085
pakistan,draw_118,Female,0.0,0.01917808,60.15015,1.050045593731589
pakistan,draw_118,Male,0.0,0.01917808,60.15015,1.2489022255155224
pakistan,draw_118,Female,0.01917808,0.07671233,60.15015,1.2671025763587027
pakistan,draw_118,Male,0.01917808,0.07671233,60.15015,1.4582630977445317
ethiopia,draw_118,Female,0.0,0.01917808,60.26026,1.854374780260596
ethiopia,draw_118,Male,0.0,0.01917808,60.26026,1.7136576794863256
ethiopia,draw_118,Female,0.01917808,0.07671233,60.26026,1.9117585610172168
ethiopia,draw_118,Male,0.01917808,0.07671233,60.26026,1.8458503664044361
nigeria,draw_118,Female,0.0,0.01917808,60.26026,1.756497949748417
nigeria,draw_118,Male,0.0,0.01917808,60.26026,1.7696120210141582
nigeria,draw_118,Female,0.01917808,0.07671233,60.26026,1.8405219090970626
nigeria,draw_118,Male,0.01917808,0.07671233,60.26026,1.8782265814338082
pakistan,draw_118,Female,0.0,0.01917808,60.26026,1.0526242682943856
pakistan,draw_118,Male,0.0,0.01917808,60.26026,1.2511780981401543
pakistan,draw_118,Female,0.01917808,0.07671233,60.26026,1.2689739038777113
pakistan,draw_118,Male,0.01917808,0.07671233,60.26026,1.4598711282267356
ethiopia,draw_118,Female,0.0,0.01917808,60.37037,1.8555579010022094
ethiopia,draw_118,Male,0.0,0.01917808,60.37037,1.7150907124719574
ethiopia,draw_118,Female,0.01917808,0.07671233,60.37037,1.9124137350969128
ethiopia,draw_118,Male,0.01917808,0.07671233,60.37037,1.8466131975760403
nigeria,draw_118,Female,0.0,0.01917808,60.37037,1.7579299722971602
nigeria,draw_118,Male,0.0,0.01917808,60.37037,1.7709767780130812
nigeria,draw_118,Female,0.01917808,0.07671233,60.37037,1.8413586150572554
nigeria,draw_118,Male,0.01917808,0.07671233,60.37037,1.8789291316231127
pakistan,draw_118,Female,0.0,0.01917808,60.37037,1.055199902118497
pakistan,draw_118,Male,0.0,0.01917808,60.37037,1.2534490220510972
pakistan,draw_118,Female,0.01917808,0.07671233,60.37037,1.270839695959798
pakistan,draw_118,Male,0.01917808,0.07671233,60.37037,1.4614720374829302
ethiopia,draw_118,Female,0.0,0.01917808,60.48048,1.8567284656196552
ethiopia,draw_118,Male,0.0,0.01917808,60.48048,1.7165128363582725
ethiopia,draw_118,Female,0.01917808,0.07671233,60.48048,1.9130584483135655
ethiopia,draw_118,Male,0.01917808,0.07671233,60.48048,1.8473657118366302
nigeria,draw_118,Female,0.0,0.01917808,60.48048,1.7593506996649972
nigeria,draw_118,Male,0.0,0.01917808,60.48048,1.772331021077671
nigeria,draw_118,Female,0.01917808,0.07671233,60.48048,1.8421857146835692
nigeria,draw_118,Male,0.01917808,0.07671233,60.48048,1.8796219078839635
pakistan,draw_118,Female,0.0,0.01917808,60.48048,1.0577732192608291
pakistan,draw_118,Male,0.0,0.01917808,60.48048,1.2557157780793753
pakistan,draw_118,Female,0.01917808,0.07671233,60.48048,1.272700602565176
pakistan,draw_118,Male,0.01917808,0.07671233,60.48048,1.4630662639603682
ethiopia,draw_118,Female,0.0,0.01917808,60.59059,1.8578879423662582
ethiopia,draw_118,Male,0.0,0.01917808,60.59059,1.717925195621199
ethiopia,draw_118,Female,0.01917808,0.07671233,60.59059,1.913693613059798
ethiopia,draw_118,Male,0.01917808,0.07671233,60.59059,1.8481086598274792
nigeria,draw_118,Female,0.0,0.01917808,60.59059,1.7607594986172046
nigeria,draw_118,Male,0.0,0.01917808,60.59059,1.7736749239357872
nigeria,draw_118,Female,0.01917808,0.07671233,60.59059,1.8430027242882354
nigeria,draw_118,Male,0.01917808,0.07671233,60.59059,1.8803049983089006
pakistan,draw_118,Female,0.0,0.01917808,60.59059,1.0603436461255564
pakistan,draw_118,Male,0.0,0.01917808,60.59059,1.2579776173287656
pakistan,draw_118,Female,0.01917808,0.07671233,60.59059,1.2745564478050166
pakistan,draw_118,Male,0.01917808,0.07671233,60.59059,1.4646532983319103
ethiopia,draw_118,Female,0.0,0.01917808,60.7007,1.859035657025191
ethiopia,draw_118,Male,0.0,0.01917808,60.7007,1.7193270857551268
ethiopia,draw_118,Female,0.01917808,0.07671233,60.7007,1.914319006394164
ethiopia,draw_118,Male,0.01917808,0.07671233,60.7007,1.8488416309014175
nigeria,draw_118,Female,0.0,0.01917808,60.7007,1.7621569566611381
nigeria,draw_118,Male,0.0,0.01917808,60.7007,1.7750084387453362
nigeria,draw_118,Female,0.01917808,0.07671233,60.7007,1.8438099694089083
nigeria,draw_118,Male,0.01917808,0.07671233,60.7007,1.8809785303717723
pakistan,draw_118,Female,0.0,0.01917808,60.7007,1.0629123385634276
pakistan,draw_118,Male,0.0,0.01917808,60.7007,1.260234614954806
pakistan,draw_118,Female,0.01917808,0.07671233,60.7007,1.2764072758316254
pakistan,draw_118,Male,0.01917808,0.07671233,60.7007,1.4662333350281556
ethiopia,draw_118,Female,0.0,0.01917808,60.81081,1.8601709699374747
ethiopia,draw_118,Male,0.0,0.01917808,60.81081,1.7207200877375588
ethiopia,draw_118,Female,0.01917808,0.07671233,60.81081,1.9149341432495242
ethiopia,draw_118,Male,0.01917808,0.07671233,60.81081,1.8495655817537149
nigeria,draw_118,Female,0.0,0.01917808,60.81081,1.7635422652326878
nigeria,draw_118,Male,0.0,0.01917808,60.81081,1.776331976460144
nigeria,draw_118,Female,0.01917808,0.07671233,60.81081,1.844606936366352
nigeria,draw_118,Male,0.01917808,0.07671233,60.81081,1.8816424151084499
pakistan,draw_118,Female,0.0,0.01917808,60.81081,1.0654778675264014
pakistan,draw_118,Male,0.0,0.01917808,60.81081,1.2624865209573626
pakistan,draw_118,Female,0.01917808,0.07671233,60.81081,1.2782524761013778
pakistan,draw_118,Male,0.01917808,0.07671233,60.81081,1.4678062937073364
ethiopia,draw_118,Female,0.0,0.01917808,60.92092,1.8612933358386474
ethiopia,draw_118,Male,0.0,0.01917808,60.92092,1.7221021589852556
ethiopia,draw_118,Female,0.01917808,0.07671233,60.92092,1.9155385400450908
ethiopia,draw_118,Male,0.01917808,0.07671233,60.92092,1.8502793948514564
nigeria,draw_118,Female,0.0,0.01917808,60.92092,1.7649173155043505
nigeria,draw_118,Male,0.0,0.01917808,60.92092,1.7776442748164867
nigeria,draw_118,Female,0.01917808,0.07671233,60.92092,1.8453948863191618
nigeria,draw_118,Male,0.01917808,0.07671233,60.92092,1.8822958954217899
pakistan,draw_118,Female,0.0,0.01917808,60.92092,1.0680407707000117
pakistan,draw_118,Male,0.0,0.01917808,60.92092,1.2647332595772636
pakistan,draw_118,Female,0.01917808,0.07671233,60.92092,1.2800921959588238
pakistan,draw_118,Male,0.01917808,0.07671233,60.92092,1.4693721486421367
ethiopia,draw_118,Female,0.0,0.01917808,61.03103,1.862403322340011
ethiopia,draw_118,Male,0.0,0.01917808,61.03103,1.7234740552861703
ethiopia,draw_118,Female,0.01917808,0.07671233,61.03103,1.9161324873193368
ethiopia,draw_118,Male,0.01917808,0.07671233,61.03103,1.8509834932045115
nigeria,draw_118,Female,0.0,0.01917808,61.03103,1.7662795430231975
nigeria,draw_118,Male,0.0,0.01917808,61.03103,1.7789460793969556
nigeria,draw_118,Female,0.01917808,0.07671233,61.03103,1.8461723606741232
nigeria,draw_118,Male,0.01917808,0.07671233,61.03103,1.8829395065436776
pakistan,draw_118,Female,0.0,0.01917808,61.03103,1.0706005080635774
pakistan,draw_118,Male,0.0,0.01917808,61.03103,1.266975003295782
pakistan,draw_118,Female,0.01917808,0.07671233,61.03103,1.2819262031437608
pakistan,draw_118,Male,0.01917808,0.07671233,61.03103,1.4709309111206317
ethiopia,draw_118,Female,0.0,0.01917808,61.14114,1.8635015490217848
ethiopia,draw_118,Male,0.0,0.01917808,61.14114,1.7248354648065463
ethiopia,draw_118,Female,0.01917808,0.07671233,61.14114,1.9167161101719326
ethiopia,draw_118,Male,0.01917808,0.07671233,61.14114,1.8516776752084538
nigeria,draw_118,Female,0.0,0.01917808,61.14114,1.7676308862202437
nigeria,draw_118,Male,0.0,0.01917808,61.14114,1.7802363826410579
nigeria,draw_118,Female,0.01917808,0.07671233,61.14114,1.8469402973643054
nigeria,draw_118,Male,0.01917808,0.07671233,61.14114,1.8835726672767181
pakistan,draw_118,Female,0.0,0.01917808,61.14114,1.0731568484787561
pakistan,draw_118,Male,0.0,0.01917808,61.14114,1.2692112606110253
pakistan,draw_118,Female,0.01917808,0.07671233,61.14114,1.2837547238551346
pakistan,draw_118,Male,0.01917808,0.07671233,61.14114,1.4724822023457986
ethiopia,draw_118,Female,0.0,0.01917808,61.25125,1.8645863198066783
ethiopia,draw_118,Male,0.0,0.01917808,61.25125,1.726186940613445
ethiopia,draw_118,Female,0.01917808,0.07671233,61.25125,1.9172884267725814
ethiopia,draw_118,Male,0.01917808,0.07671233,61.25125,1.852361802714896
nigeria,draw_118,Female,0.0,0.01917808,61.25125,1.768968729630947
nigeria,draw_118,Male,0.0,0.01917808,61.25125,1.7815155624815922
nigeria,draw_118,Female,0.01917808,0.07671233,61.25125,1.8476969505990377
nigeria,draw_118,Male,0.01917808,0.07671233,61.25125,1.8841950694109715
pakistan,draw_118,Female,0.0,0.01917808,61.25125,1.0757092584470473
pakistan,draw_118,Male,0.0,0.01917808,61.25125,1.2714414182542397
pakistan,draw_118,Female,0.01917808,0.07671233,61.25125,1.2855771733105332
pakistan,draw_118,Male,0.01917808,0.07671233,61.25125,1.4740254075725066
ethiopia,draw_118,Female,0.0,0.01917808,61.36136,1.8656592525775824
ethiopia,draw_118,Male,0.0,0.01917808,61.36136,1.7275273198409495
ethiopia,draw_118,Female,0.01917808,0.07671233,61.36136,1.9178506554662984
ethiopia,draw_118,Male,0.01917808,0.07671233,61.36136,1.853035668615681
nigeria,draw_118,Female,0.0,0.01917808,61.36136,1.770295783973196
nigeria,draw_118,Male,0.0,0.01917808,61.36136,1.782782870783911
nigeria,draw_118,Female,0.01917808,0.07671233,61.36136,1.848443974797566
nigeria,draw_118,Male,0.01917808,0.07671233,61.36136,1.8848069310809163
pakistan,draw_118,Female,0.0,0.01917808,61.36136,1.0782580475324515
pakistan,draw_118,Male,0.0,0.01917808,61.36136,1.2736665276445518
pakistan,draw_118,Female,0.01917808,0.07671233,61.36136,1.2873939064738134
pakistan,draw_118,Male,0.01917808,0.07671233,61.36136,1.4755614210705752
ethiopia,draw_118,Female,0.0,0.01917808,61.47147,1.8667194902855169
ethiopia,draw_118,Male,0.0,0.01917808,61.47147,1.7288571814645404
ethiopia,draw_118,Female,0.01917808,0.07671233,61.47147,1.9184022427707015
ethiopia,draw_118,Male,0.01917808,0.07671233,61.47147,1.8536995982036495
nigeria,draw_118,Female,0.0,0.01917808,61.47147,1.771610369041846
nigeria,draw_118,Male,0.0,0.01917808,61.47147,1.784039066352442
nigeria,draw_118,Female,0.01917808,0.07671233,61.47147,1.8491805956515233
nigeria,draw_118,Male,0.01917808,0.07671233,61.47147,1.8854085342258662
pakistan,draw_118,Female,0.0,0.01917808,61.47147,1.0808038188128974
pakistan,draw_118,Male,0.0,0.01917808,61.47147,1.2758864009918305
pakistan,draw_118,Female,0.01917808,0.07671233,61.47147,1.289205280398662
pakistan,draw_118,Male,0.01917808,0.07671233,61.47147,1.477090025963535
ethiopia,draw_118,Female,0.0,0.01917808,61.58158,1.8677687621921066
ethiopia,draw_118,Male,0.0,0.01917808,61.58158,1.7301773439020078
ethiopia,draw_118,Female,0.01917808,0.07671233,61.58158,1.9189440127771678
ethiopia,draw_118,Male,0.01917808,0.07671233,61.58158,1.8543541199238458
nigeria,draw_118,Female,0.0,0.01917808,61.58158,1.772911532307452
nigeria,draw_118,Male,0.0,0.01917808,61.58158,1.7852842085661302
nigeria,draw_118,Female,0.01917808,0.07671233,61.58158,1.8499063770399655
nigeria,draw_118,Male,0.01917808,0.07671233,61.58158,1.8859999285058655
pakistan,draw_118,Female,0.0,0.01917808,61.58158,1.08334616377765
pakistan,draw_118,Male,0.0,0.01917808,61.58158,1.278100489993081
pakistan,draw_118,Female,0.01917808,0.07671233,61.58158,1.2910110995104926
pakistan,draw_118,Male,0.01917808,0.07671233,61.58158,1.478610949972231
ethiopia,draw_118,Female,0.0,0.01917808,61.69169,1.868805004789581
ethiopia,draw_118,Male,0.0,0.01917808,61.69169,1.7314871048187217
ethiopia,draw_118,Female,0.01917808,0.07671233,61.69169,1.9194749528092276
ethiopia,draw_118,Male,0.01917808,0.07671233,61.69169,1.8549987386099154
nigeria,draw_118,Female,0.0,0.01917808,61.69169,1.77420062678181
nigeria,draw_118,Male,0.0,0.01917808,61.69169,1.786517889339965
nigeria,draw_118,Female,0.01917808,0.07671233,61.69169,1.8506223015574954
nigeria,draw_118,Male,0.01917808,0.07671233,61.69169,1.8865810130963105
pakistan,draw_118,Female,0.0,0.01917808,61.69169,1.0858854406734215
pakistan,draw_118,Male,0.0,0.01917808,61.69169,1.280308836289151
pakistan,draw_118,Female,0.01917808,0.07671233,61.69169,1.292811561047094
pakistan,draw_118,Male,0.01917808,0.07671233,61.69169,1.4801241854293326
ethiopia,draw_118,Female,0.0,0.01917808,61.8018,1.8698298871095282
ethiopia,draw_118,Male,0.0,0.01917808,61.8018,1.7327857519651144
ethiopia,draw_118,Female,0.01917808,0.07671233,61.8018,1.9199959564248135
ethiopia,draw_118,Male,0.01917808,0.07671233,61.8018,1.8556330459726138
nigeria,draw_118,Female,0.0,0.01917808,61.8018,1.7754777843885179
nigeria,draw_118,Male,0.0,0.01917808,61.8018,1.7877405489221598
nigeria,draw_118,Female,0.01917808,0.07671233,61.8018,1.851328464642733
nigeria,draw_118,Male,0.01917808,0.07671233,61.8018,1.8871520315587516
pakistan,draw_118,Female,0.0,0.01917808,61.8018,1.0884215546255458
pakistan,draw_118,Male,0.0,0.01917808,61.8018,1.282511937670652
pakistan,draw_118,Female,0.01917808,0.07671233,61.8018,1.294606475717379
pakistan,draw_118,Male,0.01917808,0.07671233,61.8018,1.4816300159625446
ethiopia,draw_118,Female,0.0,0.01917808,61.91191,1.87084055560952
ethiopia,draw_118,Male,0.0,0.01917808,61.91191,1.7340749107507614
ethiopia,draw_118,Female,0.01917808,0.07671233,61.91191,1.9205057778515033
ethiopia,draw_118,Male,0.01917808,0.07671233,61.91191,1.8562577675518523
nigeria,draw_118,Female,0.0,0.01917808,61.91191,1.7767438165340335
nigeria,draw_118,Male,0.0,0.01917808,61.91191,1.7889526289436188
nigeria,draw_118,Female,0.01917808,0.07671233,61.91191,1.852025020154122
nigeria,draw_118,Male,0.01917808,0.07671233,61.91191,1.8877131806316112
pakistan,draw_118,Female,0.0,0.01917808,61.91191,1.0909547516293276
pakistan,draw_118,Male,0.0,0.01917808,61.91191,1.2847101689132558
pakistan,draw_118,Female,0.01917808,0.07671233,61.91191,1.296395978202197
pakistan,draw_118,Male,0.01917808,0.07671233,61.91191,1.4831287642617563
ethiopia,draw_118,Female,0.0,0.01917808,62.02202,1.8718393775682687
ethiopia,draw_118,Male,0.0,0.01917808,62.02202,1.735352296885627
ethiopia,draw_118,Female,0.01917808,0.07671233,62.02202,1.9210054719091612
ethiopia,draw_118,Male,0.01917808,0.07671233,62.02202,1.8568718421063142
nigeria,draw_118,Female,0.0,0.01917808,62.02202,1.7779980085346436
nigeria,draw_118,Male,0.0,0.01917808,62.02202,1.7901522901685714
nigeria,draw_118,Female,0.01917808,0.07671233,62.02202,1.8527113914014037
nigeria,draw_118,Male,0.01917808,0.07671233,62.02202,1.8882632995352537
pakistan,draw_118,Female,0.0,0.01917808,62.02202,1.0934845769358383
pakistan,draw_118,Male,0.0,0.01917808,62.02202,1.2870302350875393
pakistan,draw_118,Female,0.01917808,0.07671233,62.02202,1.2981797007394649
pakistan,draw_118,Male,0.01917808,0.07671233,62.02202,1.4847307610477134
ethiopia,draw_118,Female,0.0,0.01917808,62.13213,1.872826250014436
ethiopia,draw_118,Male,0.0,0.01917808,62.13213,1.7366200238211025
ethiopia,draw_118,Female,0.01917808,0.07671233,62.13213,1.9214951281206973
ethiopia,draw_118,Male,0.01917808,0.07671233,62.13213,1.8574762532450735
nigeria,draw_118,Female,0.0,0.01917808,62.13213,1.7792398309755333
nigeria,draw_118,Male,0.0,0.01917808,62.13213,1.7913427605075964
nigeria,draw_118,Female,0.01917808,0.07671233,62.13213,1.8533876507158116
nigeria,draw_118,Male,0.01917808,0.07671233,62.13213,1.8888040205804062
pakistan,draw_118,Female,0.0,0.01917808,62.13213,1.0960119662350225
pakistan,draw_118,Male,0.0,0.01917808,62.13213,1.2893987513250755
pakistan,draw_118,Female,0.01917808,0.07671233,62.13213,1.2999580992622284
pakistan,draw_118,Male,0.01917808,0.07671233,62.13213,1.4863720377922436
ethiopia,draw_118,Female,0.0,0.01917808,62.24224,1.8737983571866852
ethiopia,draw_118,Male,0.0,0.01917808,62.24224,1.7378757356146655
ethiopia,draw_118,Female,0.01917808,0.07671233,62.24224,1.921972904155679
ethiopia,draw_118,Male,0.01917808,0.07671233,62.24224,1.8580698260491555
nigeria,draw_118,Female,0.0,0.01917808,62.24224,1.7804687256695302
nigeria,draw_118,Male,0.0,0.01917808,62.24224,1.7925214620813816
nigeria,draw_118,Female,0.01917808,0.07671233,62.24224,1.8540530444214958
nigeria,draw_118,Male,0.01917808,0.07671233,62.24224,1.889333865808471
pakistan,draw_118,Female,0.0,0.01917808,62.24224,1.0985353329365033
pakistan,draw_118,Male,0.0,0.01917808,62.24224,1.291760969503928
pakistan,draw_118,Female,0.01917808,0.07671233,62.24224,1.3017301624544384
pakistan,draw_118,Male,0.01917808,0.07671233,62.24224,1.4880048929088094
ethiopia,draw_118,Female,0.0,0.01917808,62.35235,1.8747586630909174
ethiopia,draw_118,Male,0.0,0.01917808,62.35235,1.739120775620075
ethiopia,draw_118,Female,0.01917808,0.07671233,62.35235,1.922440177731342
ethiopia,draw_118,Male,0.01917808,0.07671233,62.35235,1.8586532798283435
nigeria,draw_118,Female,0.0,0.01917808,62.35235,1.78168471952958
nigeria,draw_118,Male,0.0,0.01917808,62.35235,1.7936885915651093
nigeria,draw_118,Female,0.01917808,0.07671233,62.35235,1.8547076028256528
nigeria,draw_118,Male,0.01917808,0.07671233,62.35235,1.8898530858166882
pakistan,draw_118,Female,0.0,0.01917808,62.35235,1.1010554545563795
pakistan,draw_118,Male,0.0,0.01917808,62.35235,1.294117401063734
pakistan,draw_118,Female,0.01917808,0.07671233,62.35235,1.3034964294218083
pakistan,draw_118,Male,0.01917808,0.07671233,62.35235,1.4896299932409607
ethiopia,draw_118,Female,0.0,0.01917808,62.46246,1.8757054036211178
ethiopia,draw_118,Male,0.0,0.01917808,62.46246,1.740355704428619
ethiopia,draw_118,Female,0.01917808,0.07671233,62.46246,1.922896229703866
ethiopia,draw_118,Male,0.01917808,0.07671233,62.46246,1.8592269307635982
nigeria,draw_118,Female,0.0,0.01917808,62.46246,1.7828889945030606
nigeria,draw_118,Male,0.0,0.01917808,62.46246,1.7948444413902336
nigeria,draw_118,Female,0.01917808,0.07671233,62.46246,1.8553518911792524
nigeria,draw_118,Male,0.01917808,0.07671233,62.46246,1.8903620741728877
pakistan,draw_118,Female,0.0,0.01917808,62.46246,1.103571769894099
pakistan,draw_118,Male,0.0,0.01917808,62.46246,1.296467767746628
pakistan,draw_118,Female,0.01917808,0.07671233,62.46246,1.30525669367818
pakistan,draw_118,Male,0.01917808,0.07671233,62.46246,1.4912471723629306
ethiopia,draw_118,Female,0.0,0.01917808,62.57257,1.876639864775371
ethiopia,draw_118,Male,0.0,0.01917808,62.57257,1.7415781188268054
ethiopia,draw_118,Female,0.01917808,0.07671233,62.57257,1.9233417902363545
ethiopia,draw_118,Male,0.01917808,0.07671233,62.57257,1.8597895358190053
nigeria,draw_118,Female,0.0,0.01917808,62.57257,1.7840811400460785
nigeria,draw_118,Male,0.0,0.01917808,62.57257,1.7959891640939438
nigeria,draw_118,Female,0.01917808,0.07671233,62.57257,1.855985886454734
nigeria,draw_118,Male,0.01917808,0.07671233,62.57257,1.89086084394162
pakistan,draw_118,Female,0.0,0.01917808,62.57257,1.1060841234200676
pakistan,draw_118,Male,0.0,0.01917808,62.57257,1.2988126441086567
pakistan,draw_118,Female,0.01917808,0.07671233,62.57257,1.3070110844549099
pakistan,draw_118,Male,0.01917808,0.07671233,62.57257,1.4928569757776693
ethiopia,draw_118,Female,0.0,0.01917808,62.68268,1.8775598589482085
ethiopia,draw_118,Male,0.0,0.01917808,62.68268,1.7427909108719288
ethiopia,draw_118,Female,0.01917808,0.07671233,62.68268,1.9237758512810785
ethiopia,draw_118,Male,0.01917808,0.07671233,62.68268,1.860342428249209
nigeria,draw_118,Female,0.0,0.01917808,62.68268,1.7852603623964962
nigeria,draw_118,Male,0.0,0.01917808,62.68268,1.7971222862208442
nigeria,draw_118,Female,0.01917808,0.07671233,62.68268,1.8566092570086108
nigeria,draw_118,Male,0.01917808,0.07671233,62.68268,1.891348816792216
pakistan,draw_118,Female,0.0,0.01917808,62.68268,1.108592578410577
pakistan,draw_118,Male,0.0,0.01917808,62.68268,1.3011516442253048
pakistan,draw_118,Female,0.01917808,0.07671233,62.68268,1.308759356094548
pakistan,draw_118,Male,0.01917808,0.07671233,62.68268,1.4944590078483961
ethiopia,draw_118,Female,0.0,0.01917808,62.79279,1.8784684565065721
ethiopia,draw_118,Male,0.0,0.01917808,62.79279,1.7439925655716266
ethiopia,draw_118,Female,0.01917808,0.07671233,62.79279,1.9241999178664908
ethiopia,draw_118,Male,0.01917808,0.07671233,62.79279,1.860884946643874
nigeria,draw_118,Female,0.0,0.01917808,62.79279,1.7864282995124579
nigeria,draw_118,Male,0.0,0.01917808,62.79279,1.7982443904280891
nigeria,draw_118,Female,0.01917808,0.07671233,62.79279,1.857222963025159
nigeria,draw_118,Male,0.01917808,0.07671233,62.79279,1.8918265278997346
pakistan,draw_118,Female,0.0,0.01917808,62.79279,1.1110970056331877
pakistan,draw_118,Male,0.0,0.01917808,62.79279,1.3034850353856469
pakistan,draw_118,Female,0.01917808,0.07671233,62.79279,1.310501162414188
pakistan,draw_118,Male,0.01917808,0.07671233,62.79279,1.4960535584859647
ethiopia,draw_118,Female,0.0,0.01917808,62.9029,1.8793636587479121
ethiopia,draw_118,Male,0.0,0.01917808,62.9029,1.7451826508339081
ethiopia,draw_118,Female,0.01917808,0.07671233,62.9029,1.9246132851799809
ethiopia,draw_118,Male,0.01917808,0.07671233,62.9029,1.8614169207799387
nigeria,draw_118,Female,0.0,0.01917808,62.9029,1.7875828786883028
nigeria,draw_118,Male,0.0,0.01917808,62.9029,1.7993540926132792
nigeria,draw_118,Female,0.01917808,0.07671233,62.9029,1.8578257318411835
nigeria,draw_118,Male,0.01917808,0.07671233,62.9029,1.892293137237002
pakistan,draw_118,Female,0.0,0.01917808,62.9029,1.113596774512755
pakistan,draw_118,Male,0.0,0.01917808,62.9029,1.3058121901793818
pakistan,draw_118,Female,0.01917808,0.07671233,62.9029,1.3122361349214002
pakistan,draw_118,Male,0.01917808,0.07671233,62.9029,1.4976399514285224
ethiopia,draw_118,Female,0.0,0.01917808,63.01301,1.8802462223514
ethiopia,draw_118,Male,0.0,0.01917808,63.01301,1.7463621433768015
ethiopia,draw_118,Female,0.01917808,0.07671233,63.01301,1.9250161615508021
ethiopia,draw_118,Male,0.01917808,0.07671233,63.01301,1.8619388288596825
nigeria,draw_118,Female,0.0,0.01917808,63.01301,1.7887265734179225
nigeria,draw_118,Male,0.0,0.01917808,63.01301,1.8004528659931391
nigeria,draw_118,Female,0.01917808,0.07671233,63.01301,1.8584185727711233
nigeria,draw_118,Male,0.01917808,0.07671233,63.01301,1.8927494638534252
pakistan,draw_118,Female,0.0,0.01917808,63.01301,1.1160918891651788
pakistan,draw_118,Male,0.0,0.01917808,63.01301,1.308132620157592
pakistan,draw_118,Female,0.01917808,0.07671233,63.01301,1.313965019932366
pakistan,draw_118,Male,0.01917808,0.07671233,63.01301,1.4992178884606087
ethiopia,draw_118,Female,0.0,0.01917808,63.12312,1.8811157444201305
ethiopia,draw_118,Male,0.0,0.01917808,63.12312,1.7475303928225732
ethiopia,draw_118,Female,0.01917808,0.07671233,63.12312,1.925408286207086
ethiopia,draw_118,Male,0.01917808,0.07671233,63.12312,1.8624501530438653
nigeria,draw_118,Female,0.0,0.01917808,63.12312,1.789856169645565
nigeria,draw_118,Male,0.0,0.01917808,63.12312,1.8015399704809434
nigeria,draw_118,Female,0.01917808,0.07671233,63.12312,1.8589999408439835
nigeria,draw_118,Male,0.01917808,0.07671233,63.12312,1.8931952801451497
pakistan,draw_118,Female,0.0,0.01917808,63.12312,1.1185830486707318
pakistan,draw_118,Male,0.0,0.01917808,63.12312,1.310446513579826
pakistan,draw_118,Female,0.01917808,0.07671233,63.12312,1.315687976073437
pakistan,draw_118,Male,0.01917808,0.07671233,63.12312,1.50078781566941
ethiopia,draw_118,Female,0.0,0.01917808,63.23323,1.88197036458112
ethiopia,draw_118,Male,0.0,0.01917808,63.23323,1.7486872844796049
ethiopia,draw_118,Female,0.01917808,0.07671233,63.23323,1.92578843597714
ethiopia,draw_118,Male,0.01917808,0.07671233,63.23323,1.862950814953087
nigeria,draw_118,Female,0.0,0.01917808,63.23323,1.7909751991644767
nigeria,draw_118,Male,0.0,0.01917808,63.23323,1.8026158094810207
nigeria,draw_118,Female,0.01917808,0.07671233,63.23323,1.8595714875824658
nigeria,draw_118,Male,0.01917808,0.07671233,63.23323,1.8936305998529326
pakistan,draw_118,Female,0.0,0.01917808,63.23323,1.1210700990717244
pakistan,draw_118,Male,0.0,0.01917808,63.23323,1.312754019965556
pakistan,draw_118,Female,0.01917808,0.07671233,63.23323,1.3174044224777215
pakistan,draw_118,Male,0.01917808,0.07671233,63.23323,1.5023492444759943
ethiopia,draw_118,Female,0.0,0.01917808,63.34334,1.8828132950049623
ethiopia,draw_118,Male,0.0,0.01917808,63.34334,1.7498324606160767
ethiopia,draw_118,Female,0.01917808,0.07671233,63.34334,1.9261580566862688
ethiopia,draw_118,Male,0.01917808,0.07671233,63.34334,1.8634405446611981
nigeria,draw_118,Female,0.0,0.01917808,63.34334,1.7920795328986547
nigeria,draw_118,Male,0.0,0.01917808,63.34334,1.8036784520348312
nigeria,draw_118,Female,0.01917808,0.07671233,63.34334,1.860131314541053
nigeria,draw_118,Male,0.01917808,0.07671233,63.34334,1.8940543545622044
pakistan,draw_118,Female,0.0,0.01917808,63.34334,1.1235513139465005
pakistan,draw_118,Male,0.0,0.01917808,63.34334,1.3150546500523743
pakistan,draw_118,Female,0.01917808,0.07671233,63.34334,1.3191136317725847
pakistan,draw_118,Male,0.01917808,0.07671233,63.34334,1.5039018558628767
ethiopia,draw_118,Female,0.0,0.01917808,63.45345,1.8836434678199139
ethiopia,draw_118,Male,0.0,0.01917808,63.45345,1.750966867229998
ethiopia,draw_118,Female,0.01917808,0.07671233,63.45345,1.926516896839154
ethiopia,draw_118,Male,0.01917808,0.07671233,63.45345,1.8639200839532974
nigeria,draw_118,Female,0.0,0.01917808,63.45345,1.7931716470746148
nigeria,draw_118,Male,0.0,0.01917808,63.45345,1.8047299806201806
nigeria,draw_118,Female,0.01917808,0.07671233,63.45345,1.8606810597368055
nigeria,draw_118,Male,0.01917808,0.07671233,63.45345,1.8944677424493919
pakistan,draw_118,Female,0.0,0.01917808,63.45345,1.1260281590505152
pakistan,draw_118,Male,0.0,0.01917808,63.45345,1.3173491053123625
pakistan,draw_118,Female,0.01917808,0.07671233,63.45345,1.3208164102731117
pakistan,draw_118,Male,0.01917808,0.07671233,63.45345,1.5054463500193356
ethiopia,draw_118,Female,0.0,0.01917808,63.56356,1.8844603408627725
ethiopia,draw_118,Male,0.0,0.01917808,63.56356,1.7520885980055172
ethiopia,draw_118,Female,0.01917808,0.07671233,63.56356,1.9268647118641662
ethiopia,draw_118,Male,0.01917808,0.07671233,63.56356,1.864388525292393
nigeria,draw_118,Female,0.0,0.01917808,63.56356,1.79425027488145
nigeria,draw_118,Male,0.0,0.01917808,63.56356,1.8057693878974366
nigeria,draw_118,Female,0.01917808,0.07671233,63.56356,1.8612199124849007
nigeria,draw_118,Male,0.01917808,0.07671233,63.56356,1.8948702009455625
pakistan,draw_118,Female,0.0,0.01917808,63.56356,1.1285006714550667
pakistan,draw_118,Male,0.0,0.01917808,63.56356,1.319636557585845
pakistan,draw_118,Female,0.01917808,0.07671233,63.56356,1.322512699064428
pakistan,draw_118,Male,0.01917808,0.07671233,63.56356,1.506982226567668
ethiopia,draw_118,Female,0.0,0.01917808,63.67367,1.8852629124246687
ethiopia,draw_118,Male,0.0,0.01917808,63.67367,1.7531995319586722
ethiopia,draw_118,Female,0.01917808,0.07671233,63.67367,1.9272012190377046
ethiopia,draw_118,Male,0.01917808,0.07671233,63.67367,1.8648468260446913
nigeria,draw_118,Female,0.0,0.01917808,63.67367,1.7953171324844448
nigeria,draw_118,Male,0.0,0.01917808,63.67367,1.8067983518010358
nigeria,draw_118,Female,0.01917808,0.07671233,63.67367,1.8617484455393916
nigeria,draw_118,Male,0.01917808,0.07671233,63.67367,1.8952624792040458
pakistan,draw_118,Female,0.0,0.01917808,63.67367,1.1309681687427078
pakistan,draw_118,Male,0.0,0.01917808,63.67367,1.3219171005604688
pakistan,draw_118,Female,0.01917808,0.07671233,63.67367,1.3242022884616373
pakistan,draw_118,Male,0.01917808,0.07671233,63.67367,1.5085095676929539
ethiopia,draw_118,Female,0.0,0.01917808,63.78378,1.8860527375161062
ethiopia,draw_118,Male,0.0,0.01917808,63.78378,1.754299245158075
ethiopia,draw_118,Female,0.01917808,0.07671233,63.78378,1.927526966303747
ethiopia,draw_118,Male,0.01917808,0.07671233,63.78378,1.8652947161020663
nigeria,draw_118,Female,0.0,0.01917808,63.78378,1.7963703147407857
nigeria,draw_118,Male,0.0,0.01917808,63.78378,1.8078142503734604
nigeria,draw_118,Female,0.01917808,0.07671233,63.78378,1.8622654826920528
nigeria,draw_118,Male,0.01917808,0.07671233,63.78378,1.8956435880618674
pakistan,draw_118,Female,0.0,0.01917808,63.78378,1.1334311987263839
pakistan,draw_118,Male,0.0,0.01917808,63.78378,1.324191109896594
pakistan,draw_118,Female,0.01917808,0.07671233,63.78378,1.3258852864655832
pakistan,draw_118,Male,0.01917808,0.07671233,63.78378,1.5100285589523232
ethiopia,draw_118,Female,0.0,0.01917808,63.89389,1.8868297873591333
ethiopia,draw_118,Male,0.0,0.01917808,63.89389,1.7553873598344965
ethiopia,draw_118,Female,0.01917808,0.07671233,63.89389,1.9278417498795801
ethiopia,draw_118,Male,0.01917808,0.07671233,63.89389,1.8657318855469072
nigeria,draw_118,Female,0.0,0.01917808,63.89389,1.7974128542709098
nigeria,draw_118,Male,0.0,0.01917808,63.89389,1.8088189411640307
nigeria,draw_118,Female,0.01917808,0.07671233,63.89389,1.8627728679947702
nigeria,draw_118,Male,0.01917808,0.07671233,63.89389,1.896014329523217
pakistan,draw_118,Female,0.0,0.01917808,63.89389,1.1358894198557563
pakistan,draw_118,Male,0.0,0.01917808,63.89389,1.326458411063865
pakistan,draw_118,Female,0.01917808,0.07671233,63.89389,1.3275614715968147
pakistan,draw_118,Male,0.01917808,0.07671233,63.89389,1.51153907811777
ethiopia,draw_118,Female,0.0,0.01917808,64.004,1.8875928903412493
ethiopia,draw_118,Male,0.0,0.01917808,64.004,1.756463855502122
ethiopia,draw_118,Female,0.01917808,0.07671233,64.004,1.9281450279061907
ethiopia,draw_118,Male,0.01917808,0.07671233,64.004,1.866158189857263
nigeria,draw_118,Female,0.0,0.01917808,64.004,1.798441591346414
nigeria,draw_118,Male,0.0,0.01917808,64.004,1.809811402391455
nigeria,draw_118,Female,0.01917808,0.07671233,64.004,1.863268845246522
nigeria,draw_118,Male,0.01917808,0.07671233,64.004,1.8963739871818603
pakistan,draw_118,Female,0.0,0.01917808,64.004,1.1383422222606956
pakistan,draw_118,Male,0.0,0.01917808,64.004,1.3287192839301898
pakistan,draw_118,Female,0.01917808,0.07671233,64.004,1.3292308788086398
pakistan,draw_118,Male,0.01917808,0.07671233,64.004,1.5130414458361099
ethiopia,draw_118,Female,0.0,0.01917808,64.11411,1.8883427912720736
ethiopia,draw_118,Male,0.0,0.01917808,64.11411,1.7575287274548157
ethiopia,draw_118,Female,0.01917808,0.07671233,64.11411,1.9284371328782888
ethiopia,draw_118,Male,0.01917808,0.07671233,64.11411,1.8665738185658256
nigeria,draw_118,Female,0.0,0.01917808,64.11411,1.7994589587995122
nigeria,draw_118,Male,0.0,0.01917808,64.11411,1.810792444392727
nigeria,draw_118,Female,0.01917808,0.07671233,64.11411,1.8637548831768407
nigeria,draw_118,Male,0.01917808,0.07671233,64.11411,1.8967231191142415
pakistan,draw_118,Female,0.0,0.01917808,64.11411,1.1407899957551169
pakistan,draw_118,Male,0.0,0.01917808,64.11411,1.3309731640136637
pakistan,draw_118,Female,0.01917808,0.07671233,64.11411,1.3308935803196005
pakistan,draw_118,Male,0.01917808,0.07671233,64.11411,1.5145351205587623
ethiopia,draw_118,Female,0.0,0.01917808,64.22422,1.889078587562062
ethiopia,draw_118,Male,0.0,0.01917808,64.22422,1.758581025739196
ethiopia,draw_118,Female,0.01917808,0.07671233,64.22422,1.9287176521470686
ethiopia,draw_118,Male,0.01917808,0.07671233,64.22422,1.8669784874194324
nigeria,draw_118,Female,0.0,0.01917808,64.22422,1.8004631329966467
nigeria,draw_118,Male,0.0,0.01917808,64.22422,1.8117614212611874
nigeria,draw_118,Female,0.01917808,0.07671233,64.22422,1.8642296729413212
nigeria,draw_118,Male,0.01917808,0.07671233,64.22422,1.897061383377127
pakistan,draw_118,Female,0.0,0.01917808,64.22422,1.1432323003481641
pakistan,draw_118,Male,0.0,0.01917808,64.22422,1.3332197239295474
pakistan,draw_118,Female,0.01917808,0.07671233,64.22422,1.3325495297571628
pakistan,draw_118,Male,0.01917808,0.07671233,64.22422,1.51601987952639
ethiopia,draw_118,Female,0.0,0.01917808,64.33433,1.8897997231447239
ethiopia,draw_118,Male,0.0,0.01917808,64.33433,1.7596215995180546
ethiopia,draw_118,Female,0.01917808,0.07671233,64.33433,1.9289860067143687
ethiopia,draw_118,Male,0.01917808,0.07671233,64.33433,1.8673720261941777
nigeria,draw_118,Female,0.0,0.01917808,64.33433,1.801454722631832
nigeria,draw_118,Male,0.0,0.01917808,64.33433,1.8127165826872806
nigeria,draw_118,Female,0.01917808,0.07671233,64.33433,1.8646932188743544
nigeria,draw_118,Male,0.01917808,0.07671233,64.33433,1.8973872439780004
pakistan,draw_118,Female,0.0,0.01917808,64.33433,1.1456686603155914
pakistan,draw_118,Male,0.0,0.01917808,64.33433,1.3354592408638508
pakistan,draw_118,Female,0.01917808,0.07671233,64.33433,1.334198210857981
pakistan,draw_118,Male,0.01917808,0.07671233,64.33433,1.5174955845097033
ethiopia,draw_118,Female,0.0,0.01917808,64.44444,1.8905087850785194
ethiopia,draw_118,Male,0.0,0.01917808,64.44444,1.760650758863474
ethiopia,draw_118,Female,0.01917808,0.07671233,64.44444,1.9292439570815443
ethiopia,draw_118,Male,0.01917808,0.07671233,64.44444,1.8677549403879807
nigeria,draw_118,Female,0.0,0.01917808,64.44444,1.8024321957449982
nigeria,draw_118,Male,0.0,0.01917808,64.44444,1.8136610234556096
nigeria,draw_118,Female,0.01917808,0.07671233,64.44444,1.8651447664483738
nigeria,draw_118,Male,0.01917808,0.07671233,64.44444,1.8977030034199731
pakistan,draw_118,Female,0.0,0.01917808,64.44444,1.1480997640641661
pakistan,draw_118,Male,0.0,0.01917808,64.44444,1.3376912891060437
pakistan,draw_118,Female,0.01917808,0.07671233,64.44444,1.3358399706459914
pakistan,draw_118,Male,0.01917808,0.07671233,64.44444,1.5189622835304446
ethiopia,draw_118,Female,0.0,0.01917808,64.55455,1.8912038118826495
ethiopia,draw_118,Male,0.0,0.01917808,64.55455,1.761667271045988
ethiopia,draw_118,Female,0.01917808,0.07671233,64.55455,1.929490398622774
ethiopia,draw_118,Male,0.01917808,0.07671233,64.55455,1.8681264360454208
nigeria,draw_118,Female,0.0,0.01917808,64.55455,1.8033968513424272
nigeria,draw_118,Male,0.0,0.01917808,64.55455,1.8145930843485172
nigeria,draw_118,Female,0.01917808,0.07671233,64.55455,1.8655853420933781
nigeria,draw_118,Male,0.01917808,0.07671233,64.55455,1.898007785672778
pakistan,draw_118,Female,0.0,0.01917808,64.55455,1.1505248782001407
pakistan,draw_118,Male,0.0,0.01917808,64.55455,1.3399164571962354
pakistan,draw_118,Female,0.01917808,0.07671233,64.55455,1.3374745804400654
pakistan,draw_118,Male,0.01917808,0.07671233,64.55455,1.5204203610991165
ethiopia,draw_118,Female,0.0,0.01917808,64.66466,1.891885981231468
ethiopia,draw_118,Male,0.0,0.01917808,64.66466,1.7626730075921542
ethiopia,draw_118,Female,0.01917808,0.07671233,64.66466,1.9297258379330955
ethiopia,draw_118,Male,0.01917808,0.07671233,64.66466,1.8684876366544614
nigeria,draw_118,Female,0.0,0.01917808,64.66466,1.804348782472048
nigeria,draw_118,Male,0.0,0.01917808,64.66466,1.815512668822016
nigeria,draw_118,Female,0.01917808,0.07671233,64.66466,1.8660151851270523
nigeria,draw_118,Male,0.01917808,0.07671233,64.66466,1.898301445216262
pakistan,draw_118,Female,0.0,0.01917808,64.66466,1.1529446308066769
pakistan,draw_118,Male,0.0,0.01917808,64.66466,1.3421337259901338
pakistan,draw_118,Female,0.01917808,0.07671233,64.66466,1.3391021682479474
pakistan,draw_118,Male,0.01917808,0.07671233,64.66466,1.521869276496803
ethiopia,draw_118,Female,0.0,0.01917808,64.77477,1.8925535260129775
ethiopia,draw_118,Male,0.0,0.01917808,64.77477,1.7636656633795247
ethiopia,draw_118,Female,0.01917808,0.07671233,64.77477,1.9299492541718837
ethiopia,draw_118,Male,0.01917808,0.07671233,64.77477,1.868837436991862
nigeria,draw_118,Female,0.0,0.01917808,64.77477,1.8052862049564624
nigeria,draw_118,Male,0.0,0.01917808,64.77477,1.8164195875576756
nigeria,draw_118,Female,0.01917808,0.07671233,64.77477,1.8664332701289588
nigeria,draw_118,Male,0.01917808,0.07671233,64.77477,1.8985838787945784
pakistan,draw_118,Female,0.0,0.01917808,64.77477,1.1553591838187034
pakistan,draw_118,Male,0.0,0.01917808,64.77477,1.3443440791167358
pakistan,draw_118,Female,0.01917808,0.07671233,64.77477,1.3407227244135915
pakistan,draw_118,Male,0.01917808,0.07671233,64.77477,1.5233096615887896
ethiopia,draw_118,Female,0.0,0.01917808,64.88488,1.893207369182878
ethiopia,draw_118,Male,0.0,0.01917808,64.88488,1.7646474087567199
ethiopia,draw_118,Female,0.01917808,0.07671233,64.88488,1.930161330402081
ethiopia,draw_118,Male,0.01917808,0.07671233,64.88488,1.8691768353841882
nigeria,draw_118,Female,0.0,0.01917808,64.88488,1.806210937429079
nigeria,draw_118,Male,0.0,0.01917808,64.88488,1.8173130144646201
nigeria,draw_118,Female,0.01917808,0.07671233,64.88488,1.866840622806484
nigeria,draw_118,Male,0.01917808,0.07671233,64.88488,1.89885479624569
pakistan,draw_118,Female,0.0,0.01917808,64.88488,1.15776826953422
pakistan,draw_118,Male,0.0,0.01917808,64.88488,1.3465467399946909
pakistan,draw_118,Female,0.01917808,0.07671233,64.88488,1.3423361620417515
pakistan,draw_118,Male,0.01917808,0.07671233,64.88488,1.5247409703327013
ethiopia,draw_118,Female,0.0,0.01917808,64.99499,1.8938490290671155
ethiopia,draw_118,Male,0.0,0.01917808,64.99499,1.7656170313887312
ethiopia,draw_118,Female,0.01917808,0.07671233,64.99499,1.9303628553914283
ethiopia,draw_118,Male,0.01917808,0.07671233,64.99499,1.8695052795728144
nigeria,draw_118,Female,0.0,0.01917808,64.99499,1.8071213026234494
nigeria,draw_118,Male,0.0,0.01917808,64.99499,1.8181942380797769
nigeria,draw_118,Female,0.01917808,0.07671233,64.99499,1.8672364063023632
nigeria,draw_118,Male,0.01917808,0.07671233,64.99499,1.8991149340991087
pakistan,draw_118,Female,0.0,0.01917808,64.99499,1.1601716867286287
pakistan,draw_118,Male,0.0,0.01917808,64.99499,1.3487413938187636
pakistan,draw_118,Female,0.01917808,0.07671233,64.99499,1.3439426117250828
pakistan,draw_118,Male,0.01917808,0.07671233,64.99499,1.5261631056973917
ethiopia,draw_118,Female,0.0,0.01917808,65.10511,1.894477022652868
ethiopia,draw_118,Male,0.0,0.01917808,65.10511,1.7665741268463553
ethiopia,draw_118,Female,0.01917808,0.07671233,65.10511,1.9305530600999152
ethiopia,draw_118,Male,0.01917808,0.07671233,65.10511,1.8698223661477085
nigeria,draw_118,Female,0.0,0.01917808,65.10511,1.8080205225163382
nigeria,draw_118,Male,0.0,0.01917808,65.10511,1.8190632515637333
nigeria,draw_118,Female,0.01917808,0.07671233,65.10511,1.8676218339418853
nigeria,draw_118,Male,0.01917808,0.07671233,65.10511,1.899364268549302
pakistan,draw_118,Female,0.0,0.01917808,65.10511,1.1625700401242478
pakistan,draw_118,Male,0.0,0.01917808,65.10511,1.3509290592749303
pakistan,draw_118,Female,0.01917808,0.07671233,65.10511,1.3455422819821923
pakistan,draw_118,Male,0.01917808,0.07671233,65.10511,1.527576129881535
ethiopia,draw_118,Female,0.0,0.01917808,65.21522,1.895090123781627
ethiopia,draw_118,Male,0.0,0.01917808,65.21522,1.7675205846930762
ethiopia,draw_118,Female,0.01917808,0.07671233,65.21522,1.9307313054845874
ethiopia,draw_118,Male,0.01917808,0.07671233,65.21522,1.870129103219894
nigeria,draw_118,Female,0.0,0.01917808,65.21522,1.8089051267265948
nigeria,draw_118,Male,0.0,0.01917808,65.21522,1.8199196220571825
nigeria,draw_118,Female,0.01917808,0.07671233,65.21522,1.867995087761472
nigeria,draw_118,Male,0.01917808,0.07671233,65.21522,1.8996025147251674
pakistan,draw_118,Female,0.0,0.01917808,65.21522,1.1649626845243721
pakistan,draw_118,Male,0.0,0.01917808,65.21522,1.3531087680031422
pakistan,draw_118,Female,0.01917808,0.07671233,65.21522,1.3471346011420162
pakistan,draw_118,Male,0.01917808,0.07671233,65.21522,1.5289795483373703
ethiopia,draw_118,Female,0.0,0.01917808,65.32533,1.8956898981152692
ethiopia,draw_118,Male,0.0,0.01917808,65.32533,1.7684537006614869
ethiopia,draw_118,Female,0.01917808,0.07671233,65.32533,1.930897998681765
ethiopia,draw_118,Male,0.01917808,0.07671233,65.32533,1.8704238709133798
nigeria,draw_118,Female,0.0,0.01917808,65.32533,1.80977797114711
nigeria,draw_118,Male,0.0,0.01917808,65.32533,1.8207628589937173
nigeria,draw_118,Female,0.01917808,0.07671233,65.32533,1.8683574787174388
nigeria,draw_118,Male,0.01917808,0.07671233,65.32533,1.8998290956967927
pakistan,draw_118,Female,0.0,0.01917808,65.32533,1.1673494902172643
pakistan,draw_118,Male,0.0,0.01917808,65.32533,1.355279894239911
pakistan,draw_118,Female,0.01917808,0.07671233,65.32533,1.3487192970511859
pakistan,draw_118,Male,0.01917808,0.07671233,65.32533,1.5303729098251106
ethiopia,draw_118,Female,0.0,0.01917808,65.43544,1.8962745775014807
ethiopia,draw_118,Male,0.0,0.01917808,65.43544,1.7693749481194345
ethiopia,draw_118,Female,0.01917808,0.07671233,65.43544,1.9310522256597589
ethiopia,draw_118,Male,0.01917808,0.07671233,65.43544,1.8707073947389095
nigeria,draw_118,Female,0.0,0.01917808,65.43544,1.810635176001296
nigeria,draw_118,Male,0.0,0.01917808,65.43544,1.8215914282260957
nigeria,draw_118,Female,0.01917808,0.07671233,65.43544,1.8687072976445538
nigeria,draw_118,Male,0.01917808,0.07671233,65.43544,1.90004349326633
pakistan,draw_118,Female,0.0,0.01917808,65.43544,1.169730605072831
pakistan,draw_118,Male,0.0,0.01917808,65.43544,1.35744225158827
pakistan,draw_118,Female,0.01917808,0.07671233,65.43544,1.3502967953468286
pakistan,draw_118,Male,0.01917808,0.07671233,65.43544,1.5317564596579771
ethiopia,draw_118,Female,0.0,0.01917808,65.54555,1.896845311609234
ethiopia,draw_118,Male,0.0,0.01917808,65.54555,1.7702843348248132
ethiopia,draw_118,Female,0.01917808,0.07671233,65.54555,1.9311945944011057
ethiopia,draw_118,Male,0.01917808,0.07671233,65.54555,1.8709798137587577
nigeria,draw_118,Female,0.0,0.01917808,65.54555,1.8114802108083992
nigeria,draw_118,Male,0.0,0.01917808,65.54555,1.8224080148878072
nigeria,draw_118,Female,0.01917808,0.07671233,65.54555,1.8690464363744352
nigeria,draw_118,Male,0.01917808,0.07671233,65.54555,1.9002470096744881
pakistan,draw_118,Female,0.0,0.01917808,65.54555,1.1721056111784092
pakistan,draw_118,Male,0.0,0.01917808,65.54555,1.3595976911157248
pakistan,draw_118,Female,0.01917808,0.07671233,65.54555,1.3518667947180136
pakistan,draw_118,Male,0.01917808,0.07671233,65.54555,1.5331314747777134
ethiopia,draw_118,Female,0.0,0.01917808,65.65566,1.8974016248132815
ethiopia,draw_118,Male,0.0,0.01917808,65.65566,1.7711809960705331
ethiopia,draw_118,Female,0.01917808,0.07671233,65.65566,1.9313250134788738
ethiopia,draw_118,Male,0.01917808,0.07671233,65.65566,1.871240944439813
nigeria,draw_118,Female,0.0,0.01917808,65.65566,1.8123112623199849
nigeria,draw_118,Male,0.0,0.01917808,65.65566,1.823211150832289
nigeria,draw_118,Female,0.01917808,0.07671233,65.65566,1.869373968104636
nigeria,draw_118,Male,0.01917808,0.07671233,65.65566,1.9004389198845226
pakistan,draw_118,Female,0.0,0.01917808,65.65566,1.1744736165513987
pakistan,draw_118,Male,0.0,0.01917808,65.65566,1.361744786368325
pakistan,draw_118,Female,0.01917808,0.07671233,65.65566,1.3534287504029185
pakistan,draw_118,Male,0.01917808,0.07671233,65.65566,1.5344971269266787
ethiopia,draw_118,Female,0.0,0.01917808,65.76577,1.8979447213932816
ethiopia,draw_118,Male,0.0,0.01917808,65.76577,1.7720659352657215
ethiopia,draw_118,Female,0.01917808,0.07671233,65.76577,1.9314441360917782
ethiopia,draw_118,Male,0.01917808,0.07671233,65.76577,1.8714912195775226
nigeria,draw_118,Female,0.0,0.01917808,65.76577,1.8131287617843832
nigeria,draw_118,Male,0.0,0.01917808,65.76577,1.824000640288663
nigeria,draw_118,Female,0.01917808,0.07671233,65.76577,1.8696901077134536
nigeria,draw_118,Male,0.01917808,0.07671233,65.76577,1.9006189831089368
pakistan,draw_118,Female,0.0,0.01917808,65.76577,1.1768349017055744
pakistan,draw_118,Male,0.0,0.01917808,65.76577,1.3638838194986866
pakistan,draw_118,Female,0.01917808,0.07671233,65.76577,1.3549833417739812
pakistan,draw_118,Male,0.01917808,0.07671233,65.76577,1.5358533208903833
ethiopia,draw_118,Female,0.0,0.01917808,65.87588,1.8984735264415227
ethiopia,draw_118,Male,0.0,0.01917808,65.87588,1.7729390211469283
ethiopia,draw_118,Female,0.01917808,0.07671233,65.87588,1.9315515176738267
ethiopia,draw_118,Male,0.01917808,0.07671233,65.87588,1.8717308044283785
nigeria,draw_118,Female,0.0,0.01917808,65.87588,1.8139328144848368
nigeria,draw_118,Male,0.0,0.01917808,65.87588,1.824777988219006
nigeria,draw_118,Female,0.01917808,0.07671233,65.87588,1.8699945946064382
nigeria,draw_118,Male,0.01917808,0.07671233,65.87588,1.9007879501310092
pakistan,draw_118,Female,0.0,0.01917808,65.87588,1.1791899541259225
pakistan,draw_118,Male,0.0,0.01917808,65.87588,1.3660144809825858
pakistan,draw_118,Female,0.01917808,0.07671233,65.87588,1.3565303694948105
pakistan,draw_118,Male,0.01917808,0.07671233,65.87588,1.5372001975161302
ethiopia,draw_118,Female,0.0,0.01917808,65.98599,1.8989892172442264
ethiopia,draw_118,Male,0.0,0.01917808,65.98599,1.7737997797541942
ethiopia,draw_118,Female,0.01917808,0.07671233,65.98599,1.9316476033418155
ethiopia,draw_118,Male,0.01917808,0.07671233,65.98599,1.8719593231946885
nigeria,draw_118,Female,0.0,0.01917808,65.98599,1.8147236784666945
nigeria,draw_118,Male,0.0,0.01917808,65.98599,1.825542072427567
nigeria,draw_118,Female,0.01917808,0.07671233,65.98599,1.8702877754555853
nigeria,draw_118,Male,0.01917808,0.07671233,65.98599,1.9009453978413493
pakistan,draw_118,Female,0.0,0.01917808,65.98599,1.1815389440761266
pakistan,draw_118,Male,0.0,0.01917808,65.98599,1.3681370414028717
pakistan,draw_118,Female,0.01917808,0.07671233,65.98599,1.3580700812470392
pakistan,draw_118,Male,0.01917808,0.07671233,65.98599,1.5385377523485353
ethiopia,draw_118,Female,0.0,0.01917808,66.0961,1.8994899146954292
ethiopia,draw_118,Male,0.0,0.01917808,66.0961,1.7746477899528896
ethiopia,draw_118,Female,0.01917808,0.07671233,66.0961,1.931731413629637
ethiopia,draw_118,Male,0.01917808,0.07671233,66.0961,1.8721763294604068
nigeria,draw_118,Female,0.0,0.01917808,66.0961,1.8154997316368795
nigeria,draw_118,Male,0.0,0.01917808,66.0961,1.8262926430193633
nigeria,draw_118,Female,0.01917808,0.07671233,66.0961,1.870569064772946
nigeria,draw_118,Male,0.01917808,0.07671233,66.0961,1.9010912095774277
pakistan,draw_118,Female,0.0,0.01917808,66.0961,1.1838818061088248
pakistan,draw_118,Male,0.0,0.01917808,66.0961,1.370250369945634
pakistan,draw_118,Female,0.01917808,0.07671233,66.0961,1.3596022816052433
pakistan,draw_118,Male,0.01917808,0.07671233,66.0961,1.5398651502192857
ethiopia,draw_118,Female,0.0,0.01917808,66.20621,1.8999767632952242
ethiopia,draw_118,Male,0.0,0.01917808,66.20621,1.7754846905032262
ethiopia,draw_118,Female,0.01917808,0.07671233,66.20621,1.9318034353836218
ethiopia,draw_118,Male,0.01917808,0.07671233,66.20621,1.8723827807107682
nigeria,draw_118,Female,0.0,0.01917808,66.20621,1.8162624605208015
nigeria,draw_118,Male,0.0,0.01917808,66.20621,1.8270303411494182
nigeria,draw_118,Female,0.01917808,0.07671233,66.20621,1.8708389090016342
nigeria,draw_118,Male,0.01917808,0.07671233,66.20621,1.9012255597716252
pakistan,draw_118,Female,0.0,0.01917808,66.20621,1.1862181043855873
pakistan,draw_118,Male,0.0,0.01917808,66.20621,1.3723561424838604
pakistan,draw_118,Female,0.01917808,0.07671233,66.20621,1.3611264846278548
pakistan,draw_118,Male,0.01917808,0.07671233,66.20621,1.5411833031768682
ethiopia,draw_118,Female,0.0,0.01917808,66.31632,1.9004488707487024
ethiopia,draw_118,Male,0.0,0.01917808,66.31632,1.7763081671724927
ethiopia,draw_118,Female,0.01917808,0.07671233,66.31632,1.9318632521409393
ethiopia,draw_118,Male,0.01917808,0.07671233,66.31632,1.872577376375748
nigeria,draw_118,Female,0.0,0.01917808,66.31632,1.8170110335308818
nigeria,draw_118,Male,0.0,0.01917808,66.31632,1.8277552632087908
nigeria,draw_118,Female,0.01917808,0.07671233,66.31632,1.8710967450985858
nigeria,draw_118,Male,0.01917808,0.07671233,66.31632,1.9013484699612218
pakistan,draw_118,Female,0.0,0.01917808,66.31632,1.188547486534626
pakistan,draw_118,Male,0.0,0.01917808,66.31632,1.374452908031275
pakistan,draw_118,Female,0.01917808,0.07671233,66.31632,1.362642443125144
pakistan,draw_118,Male,0.01917808,0.07671233,66.31632,1.5424913965347793
ethiopia,draw_118,Female,0.0,0.01917808,66.42643,1.9009063349684274
ethiopia,draw_118,Male,0.0,0.01917808,66.42643,1.7771190730489868
ethiopia,draw_118,Female,0.01917808,0.07671233,66.42643,1.9319107431568816
ethiopia,draw_118,Male,0.01917808,0.07671233,66.42643,1.8727603350467554
nigeria,draw_118,Female,0.0,0.01917808,66.42643,1.8177460870769027
nigeria,draw_118,Male,0.0,0.01917808,66.42643,1.828466664284965
nigeria,draw_118,Female,0.01917808,0.07671233,66.42643,1.871343005332853
nigeria,draw_118,Male,0.01917808,0.07671233,66.42643,1.901459417009808
pakistan,draw_118,Female,0.0,0.01917808,66.42643,1.190870069856879
pakistan,draw_118,Male,0.0,0.01917808,66.42643,1.3765406878254574
pakistan,draw_118,Female,0.01917808,0.07671233,66.42643,1.3641500274491785
pakistan,draw_118,Male,0.01917808,0.07671233,66.42643,1.5437897527365894
ethiopia,draw_118,Female,0.0,0.01917808,66.53654,1.901348396497826
ethiopia,draw_118,Male,0.0,0.01917808,66.53654,1.7779183831358312
ethiopia,draw_118,Female,0.01917808,0.07671233,66.53654,1.9319457620066331
ethiopia,draw_118,Male,0.01917808,0.07671233,66.53654,1.8729323246763439
nigeria,draw_118,Female,0.0,0.01917808,66.53654,1.818465706299113
nigeria,draw_118,Male,0.0,0.01917808,66.53654,1.8291647090726328
nigeria,draw_118,Female,0.01917808,0.07671233,66.53654,1.8715767867762902
nigeria,draw_118,Male,0.01917808,0.07671233,66.53654,1.901558922137772
pakistan,draw_118,Female,0.0,0.01917808,66.53654,1.1931855604388055
pakistan,draw_118,Male,0.0,0.01917808,66.53654,1.3786197415408616
pakistan,draw_118,Female,0.01917808,0.07671233,66.53654,1.3656494823486285
pakistan,draw_118,Male,0.01917808,0.07671233,66.53654,1.5450783683804983
ethiopia,draw_118,Female,0.0,0.01917808,66.64665,1.9017770609240634
ethiopia,draw_118,Male,0.0,0.01917808,66.64665,1.7787046201357053
ethiopia,draw_118,Female,0.01917808,0.07671233,66.64665,1.931969320640099
ethiopia,draw_118,Male,0.01917808,0.07671233,66.64665,1.8730925949966688
nigeria,draw_118,Female,0.0,0.01917808,66.64665,1.8191727744363242
nigeria,draw_118,Male,0.0,0.01917808,66.64665,1.8298491696737151
nigeria,draw_118,Female,0.01917808,0.07671233,66.64665,1.8717995831347225
nigeria,draw_118,Male,0.01917808,0.07671233,66.64665,1.9016467056275923
pakistan,draw_118,Female,0.0,0.01917808,66.64665,1.1954947588121578
pakistan,draw_118,Male,0.0,0.01917808,66.64665,1.3806898595777377
pakistan,draw_118,Female,0.01917808,0.07671233,66.64665,1.3671411984625044
pakistan,draw_118,Male,0.01917808,0.07671233,66.64665,1.5463568497890796
ethiopia,draw_118,Female,0.0,0.01917808,66.75676,1.9021913571244196
ethiopia,draw_118,Male,0.0,0.01917808,66.75676,1.7794771505695155
ethiopia,draw_118,Female,0.01917808,0.07671233,66.75676,1.931981090543851
ethiopia,draw_118,Male,0.01917808,0.07671233,66.75676,1.8732408831098237
nigeria,draw_118,Female,0.0,0.01917808,66.75676,1.8198649236495215
nigeria,draw_118,Male,0.0,0.01917808,66.75676,1.8305208661433299
nigeria,draw_118,Female,0.01917808,0.07671233,66.75676,1.8720099174365594
nigeria,draw_118,Male,0.01917808,0.07671233,66.75676,1.9017230144919264
pakistan,draw_118,Female,0.0,0.01917808,66.75676,1.1977966774241366
pakistan,draw_118,Male,0.0,0.01917808,66.75676,1.3827514374973349
pakistan,draw_118,Female,0.01917808,0.07671233,66.75676,1.3686241252855937
pakistan,draw_118,Male,0.01917808,0.07671233,66.75676,1.5476257347291968
ethiopia,draw_118,Female,0.0,0.01917808,66.86687,1.9025910574527156
ethiopia,draw_118,Male,0.0,0.01917808,66.86687,1.7802381888946492
ethiopia,draw_118,Female,0.01917808,0.07671233,66.86687,1.9319807894692218
ethiopia,draw_118,Male,0.01917808,0.07671233,66.86687,1.8733784418014865
nigeria,draw_118,Female,0.0,0.01917808,66.86687,1.820543058277552
nigeria,draw_118,Male,0.0,0.01917808,66.86687,1.8311789714107487
nigeria,draw_118,Female,0.01917808,0.07671233,66.86687,1.8722084734941797
nigeria,draw_118,Male,0.01917808,0.07671233,66.86687,1.9017872087559664
pakistan,draw_118,Female,0.0,0.01917808,66.86687,1.200091273522109
pakistan,draw_118,Male,0.0,0.01917808,66.86687,1.3848039067601756
pakistan,draw_118,Female,0.01917808,0.07671233,66.86687,1.3700987967307692
pakistan,draw_118,Male,0.01917808,0.07671233,66.86687,1.5488845764649566
ethiopia,draw_118,Female,0.0,0.01917808,66.97698,1.9029771013915924
ethiopia,draw_118,Male,0.0,0.01917808,66.97698,1.7809853691480257
ethiopia,draw_118,Female,0.01917808,0.07671233,66.97698,1.9319689496944275
ethiopia,draw_118,Male,0.01917808,0.07671233,66.97698,1.8735038288218966
nigeria,draw_118,Female,0.0,0.01917808,66.97698,1.8212064325440254
nigeria,draw_118,Male,0.0,0.01917808,66.97698,1.8318225366546403
nigeria,draw_118,Female,0.01917808,0.07671233,66.97698,1.8723948053383785
nigeria,draw_118,Male,0.01917808,0.07671233,66.97698,1.901838893405592
pakistan,draw_118,Female,0.0,0.01917808,66.97698,1.2023793096199373
pakistan,draw_118,Male,0.0,0.01917808,66.97698,1.3868479150808268
pakistan,draw_118,Female,0.01917808,0.07671233,66.97698,1.3715653191340813
pakistan,draw_118,Male,0.01917808,0.07671233,66.97698,1.5501339182336094
ethiopia,draw_118,Female,0.0,0.01917808,67.08709,1.9033481931552345
ethiopia,draw_118,Male,0.0,0.01917808,67.08709,1.781721028102598
ethiopia,draw_118,Female,0.01917808,0.07671233,67.08709,1.931944485334719
ethiopia,draw_118,Male,0.01917808,0.07671233,67.08709,1.873618286612569
nigeria,draw_118,Female,0.0,0.01917808,67.08709,1.8218561709768073
nigeria,draw_118,Male,0.0,0.01917808,67.08709,1.8324537341181126
nigeria,draw_118,Female,0.01917808,0.07671233,67.08709,1.8725695912216918
nigeria,draw_118,Male,0.01917808,0.07671233,67.08709,1.9018792029247213
pakistan,draw_118,Female,0.0,0.01917808,67.08709,1.2046604650834274
pakistan,draw_118,Male,0.0,0.01917808,67.08709,1.3888823874341896
pakistan,draw_118,Female,0.01917808,0.07671233,67.08709,1.3730236725650693
pakistan,draw_118,Male,0.01917808,0.07671233,67.08709,1.5513731651036007
ethiopia,draw_118,Female,0.0,0.01917808,67.1972,1.9037068680269826
ethiopia,draw_118,Male,0.0,0.01917808,67.1972,1.7824422848636323
ethiopia,draw_118,Female,0.01917808,0.07671233,67.1972,1.931908681907072
ethiopia,draw_118,Male,0.01917808,0.07671233,67.1972,1.8737203208956157
nigeria,draw_118,Female,0.0,0.01917808,67.1972,1.8224922566928197
nigeria,draw_118,Male,0.0,0.01917808,67.1972,1.8330714196618696
nigeria,draw_118,Female,0.01917808,0.07671233,67.1972,1.8727327869983361
nigeria,draw_118,Male,0.01917808,0.07671233,67.1972,1.9019076508388186
pakistan,draw_118,Female,0.0,0.01917808,67.1972,1.2069343886238075
pakistan,draw_118,Male,0.0,0.01917808,67.1972,1.3909080896122257
pakistan,draw_118,Female,0.01917808,0.07671233,67.1972,1.3744739045576624
pakistan,draw_118,Male,0.01917808,0.07671233,67.1972,1.5526026465825782
ethiopia,draw_118,Female,0.0,0.01917808,67.30731,1.904049727282349
ethiopia,draw_118,Male,0.0,0.01917808,67.30731,1.7831513075745737
ethiopia,draw_118,Female,0.01917808,0.07671233,67.30731,1.9318598195871532
ethiopia,draw_118,Male,0.01917808,0.07671233,67.30731,1.8738110760022173
nigeria,draw_118,Female,0.0,0.01917808,67.30731,1.8231124149862918
nigeria,draw_118,Male,0.0,0.01917808,67.30731,1.8336750608416545
nigeria,draw_118,Female,0.01917808,0.07671233,67.30731,1.8728830113061405
nigeria,draw_118,Male,0.01917808,0.07671233,67.30731,1.9019238511429726
pakistan,draw_118,Female,0.0,0.01917808,67.30731,1.2092605216351011
pakistan,draw_118,Male,0.0,0.01917808,67.30731,1.3929243391439963
pakistan,draw_118,Female,0.01917808,0.07671233,67.30731,1.3759662565334099
pakistan,draw_118,Male,0.01917808,0.07671233,67.30731,1.5538220664771485
ethiopia,draw_118,Female,0.0,0.01917808,67.41742,1.9043787840437814
ethiopia,draw_118,Male,0.0,0.01917808,67.41742,1.7838476756312704
ethiopia,draw_118,Female,0.01917808,0.07671233,67.41742,1.9317986932654057
ethiopia,draw_118,Male,0.01917808,0.07671233,67.41742,1.8738898628370233
nigeria,draw_118,Female,0.0,0.01917808,67.41742,1.823718779562905
nigeria,draw_118,Male,0.0,0.01917808,67.41742,1.834264298032996
nigeria,draw_118,Female,0.01917808,0.07671233,67.41742,1.873021281015191
nigeria,draw_118,Male,0.01917808,0.07671233,67.41742,1.9019275728167782
pakistan,draw_118,Female,0.0,0.01917808,67.41742,1.2119372403376196
pakistan,draw_118,Male,0.0,0.01917808,67.41742,1.3949310237680932
pakistan,draw_118,Female,0.01917808,0.07671233,67.41742,1.3777542051604499
pakistan,draw_118,Male,0.01917808,0.07671233,67.41742,1.5550308291493866
ethiopia,draw_118,Female,0.0,0.01917808,67.52753,1.9046938411928507
ethiopia,draw_118,Male,0.0,0.01917808,67.52753,1.7845300382450338
ethiopia,draw_118,Female,0.01917808,0.07671233,67.52753,1.931725459411466
ethiopia,draw_118,Male,0.01917808,0.07671233,67.52753,1.873956595610954
nigeria,draw_118,Female,0.0,0.01917808,67.52753,1.8243117612934614
nigeria,draw_118,Male,0.0,0.01917808,67.52753,1.8348392476436468
nigeria,draw_118,Female,0.01917808,0.07671233,67.52753,1.8731482329011786
nigeria,draw_118,Male,0.01917808,0.07671233,67.52753,1.9019188934924618
pakistan,draw_118,Female,0.0,0.01917808,67.52753,1.214606338143413
pakistan,draw_118,Male,0.0,0.01917808,67.52753,1.3969278924797595
pakistan,draw_118,Female,0.01917808,0.07671233,67.52753,1.3795336570600116
pakistan,draw_118,Male,0.01917808,0.07671233,67.52753,1.5562291725122248
ethiopia,draw_118,Female,0.0,0.01917808,67.63764,1.9049932427061504
ethiopia,draw_118,Male,0.0,0.01917808,67.63764,1.7852004734236187
ethiopia,draw_118,Female,0.01917808,0.07671233,67.63764,1.9316390266356436
ethiopia,draw_118,Male,0.01917808,0.07671233,67.63764,1.8740121065586564
nigeria,draw_118,Female,0.0,0.01917808,67.63764,1.8248887369478597
nigeria,draw_118,Male,0.0,0.01917808,67.63764,1.8354011457987627
nigeria,draw_118,Female,0.01917808,0.07671233,67.63764,1.8732623504020633
nigeria,draw_118,Male,0.01917808,0.07671233,67.63764,1.9018987633557047
pakistan,draw_118,Female,0.0,0.01917808,67.63764,1.217267025267109
pakistan,draw_118,Male,0.0,0.01917808,67.63764,1.3989152028823468
pakistan,draw_118,Female,0.01917808,0.07671233,67.63764,1.381304419383925
pakistan,draw_118,Male,0.01917808,0.07671233,67.63764,1.557417178408927
ethiopia,draw_118,Female,0.0,0.01917808,67.74775,1.9052801576133285
ethiopia,draw_118,Male,0.0,0.01917808,67.74775,1.7858583951402502
ethiopia,draw_118,Female,0.01917808,0.07671233,67.74775,1.9315410499032994
ethiopia,draw_118,Male,0.01917808,0.07671233,67.74775,1.8740563545194127
nigeria,draw_118,Female,0.0,0.01917808,67.74775,1.8254526492268204
nigeria,draw_118,Male,0.0,0.01917808,67.74775,1.8359485689914716
nigeria,draw_118,Female,0.01917808,0.07671233,67.74775,1.873365260230723
nigeria,draw_118,Male,0.01917808,0.07671233,67.74775,1.9018663966427796
pakistan,draw_118,Female,0.0,0.01917808,67.74775,1.2199201064655312
pakistan,draw_118,Male,0.0,0.01917808,67.74775,1.4008932260318363
pakistan,draw_118,Female,0.01917808,0.07671233,67.74775,1.383066483093623
pakistan,draw_118,Male,0.01917808,0.07671233,67.74775,1.5585950898095584
ethiopia,draw_118,Female,0.0,0.01917808,67.85786,1.9055532002337028
ethiopia,draw_118,Male,0.0,0.01917808,67.85786,1.7865039212683878
ethiopia,draw_118,Female,0.01917808,0.07671233,67.85786,1.931431232833631
ethiopia,draw_118,Male,0.01917808,0.07671233,67.85786,1.8740891425084707
nigeria,draw_118,Female,0.0,0.01917808,67.85786,1.8260020927609228
nigeria,draw_118,Male,0.0,0.01917808,67.85786,1.8364827519774307
nigeria,draw_118,Female,0.01917808,0.07671233,67.85786,1.8734559781520312
nigeria,draw_118,Male,0.01917808,0.07671233,67.85786,1.9018223368303098
pakistan,draw_118,Female,0.0,0.01917808,67.85786,1.2225663854602469
pakistan,draw_118,Male,0.0,0.01917808,67.85786,1.4028611735687038
pakistan,draw_118,Female,0.01917808,0.07671233,67.85786,1.3848204540846685
pakistan,draw_118,Male,0.01917808,0.07671233,67.85786,1.559762403481153
ethiopia,draw_118,Female,0.0,0.01917808,67.96797,1.9058109089041548
ethiopia,draw_118,Male,0.0,0.01917808,67.96797,1.787136727779263
ethiopia,draw_118,Female,0.01917808,0.07671233,67.96797,1.9313086016054513
ethiopia,draw_118,Male,0.01917808,0.07671233,67.96797,1.8741103277438969
nigeria,draw_118,Female,0.0,0.01917808,67.96797,1.8265352562475652
nigeria,draw_118,Male,0.0,0.01917808,67.96797,1.8370037415706715
nigeria,draw_118,Female,0.01917808,0.07671233,67.96797,1.8735336214237046
nigeria,draw_118,Male,0.01917808,0.07671233,67.96797,1.9017666648478404
pakistan,draw_118,Female,0.0,0.01917808,67.96797,1.2252052932823212
pakistan,draw_118,Male,0.0,0.01917808,67.96797,1.4048196382196279
pakistan,draw_118,Female,0.01917808,0.07671233,67.96797,1.3865661288620477
pakistan,draw_118,Male,0.01917808,0.07671233,67.96797,1.56091959074436
ethiopia,draw_118,Female,0.0,0.01917808,68.07808,1.9060558032885784
ethiopia,draw_118,Male,0.0,0.01917808,68.07808,1.7877566085946568
ethiopia,draw_118,Female,0.01917808,0.07671233,68.07808,1.931174310417039
ethiopia,draw_118,Male,0.01917808,0.07671233,68.07808,1.874119788153294
nigeria,draw_118,Female,0.0,0.01917808,68.07808,1.8270551178236418
nigeria,draw_118,Male,0.0,0.01917808,68.07808,1.8375113892052466
nigeria,draw_118,Female,0.01917808,0.07671233,68.07808,1.8735999197767503
nigeria,draw_118,Male,0.01917808,0.07671233,68.07808,1.9016992585260988
pakistan,draw_118,Female,0.0,0.01917808,68.07808,1.2278373434178285
pakistan,draw_118,Male,0.0,0.01917808,68.07808,1.4067694864681952
pakistan,draw_118,Female,0.01917808,0.07671233,68.07808,1.3883038544604438
pakistan,draw_118,Male,0.01917808,0.07671233,68.07808,1.5620671850212493
ethiopia,draw_118,Female,0.0,0.01917808,68.18819,1.9062859188157393
ethiopia,draw_118,Male,0.0,0.01917808,68.18819,1.7883625635976044
ethiopia,draw_118,Female,0.01917808,0.07671233,68.18819,1.9310272874451155
ethiopia,draw_118,Male,0.01917808,0.07671233,68.18819,1.8741169770652655
nigeria,draw_118,Female,0.0,0.01917808,68.18819,1.827560760532223
nigeria,draw_118,Male,0.0,0.01917808,68.18819,1.8380047829706514
nigeria,draw_118,Female,0.01917808,0.07671233,68.18819,1.8736541341795987
nigeria,draw_118,Male,0.01917808,0.07671233,68.18819,1.9016196890314088
pakistan,draw_118,Female,0.0,0.01917808,68.18819,1.2304617414166805
pakistan,draw_118,Male,0.0,0.01917808,68.18819,1.4087097590251394
pakistan,draw_118,Female,0.01917808,0.07671233,68.18819,1.3900332044759294
pakistan,draw_118,Male,0.01917808,0.07671233,68.18819,1.5632043985106447
ethiopia,draw_118,Female,0.0,0.01917808,68.2983,1.9065018356220267
ethiopia,draw_118,Male,0.0,0.01917808,68.2983,1.7889558724772472
ethiopia,draw_118,Female,0.01917808,0.07671233,68.2983,1.9308680235116145
ethiopia,draw_118,Male,0.01917808,0.07671233,68.2983,1.874102804273189
nigeria,draw_118,Female,0.0,0.01917808,68.2983,1.8280518254518965
nigeria,draw_118,Male,0.0,0.01917808,68.2983,1.838484509031801
nigeria,draw_118,Female,0.01917808,0.07671233,68.2983,1.8736957855691543
nigeria,draw_118,Male,0.01917808,0.07671233,68.2983,1.9015281429148516
pakistan,draw_118,Female,0.0,0.01917808,68.2983,1.2330784284173435
pakistan,draw_118,Male,0.0,0.01917808,68.2983,1.4106404357845124
pakistan,draw_118,Female,0.01917808,0.07671233,68.2983,1.3917540295757245
pakistan,draw_118,Male,0.01917808,0.07671233,68.2983,1.5643314705264102
ethiopia,draw_118,Female,0.0,0.01917808,68.40841,1.9067014033264966
ethiopia,draw_118,Male,0.0,0.01917808,68.40841,1.7895346381470625
ethiopia,draw_118,Female,0.01917808,0.07671233,68.40841,1.9306952103315214
ethiopia,draw_118,Male,0.01917808,0.07671233,68.40841,1.8740757606932175
nigeria,draw_118,Female,0.0,0.01917808,68.40841,1.8285274507004414
nigeria,draw_118,Male,0.0,0.01917808,68.40841,1.8389495720059723
nigeria,draw_118,Female,0.01917808,0.07671233,68.40841,1.8737244556535817
nigeria,draw_118,Male,0.01917808,0.07671233,68.40841,1.9014238709773452
pakistan,draw_118,Female,0.0,0.01917808,68.40841,1.2356871595147156
pakistan,draw_118,Male,0.0,0.01917808,68.40841,1.4125615876030524
pakistan,draw_118,Female,0.01917808,0.07671233,68.40841,1.393465847386891
pakistan,draw_118,Male,0.01917808,0.07671233,68.40841,1.565447925104455
ethiopia,draw_118,Female,0.0,0.01917808,68.51852,1.9068861793730068
ethiopia,draw_118,Male,0.0,0.01917808,68.51852,1.790100006149004
ethiopia,draw_118,Female,0.01917808,0.07671233,68.51852,1.9305096886512998
ethiopia,draw_118,Male,0.01917808,0.07671233,68.51852,1.8740368382350696
nigeria,draw_118,Female,0.0,0.01917808,68.51852,1.8289883569151622
nigeria,draw_118,Male,0.0,0.01917808,68.51852,1.8393998061054682
nigeria,draw_118,Female,0.01917808,0.07671233,68.51852,1.8737408848659474
nigeria,draw_118,Male,0.01917808,0.07671233,68.51852,1.9013068840890626
pakistan,draw_118,Female,0.0,0.01917808,68.51852,1.2382868434204413
pakistan,draw_118,Male,0.0,0.01917808,68.51852,1.4144724168703657
pakistan,draw_118,Female,0.01917808,0.07671233,68.51852,1.3951680552515928
pakistan,draw_118,Male,0.01917808,0.07671233,68.51852,1.5665534402698107
ethiopia,draw_118,Female,0.0,0.01917808,68.62863,1.9070564556090142
ethiopia,draw_118,Male,0.0,0.01917808,68.62863,1.7906518095524864
ethiopia,draw_118,Female,0.01917808,0.07671233,68.62863,1.9303117966601704
ethiopia,draw_118,Male,0.01917808,0.07671233,68.62863,1.8739860972141227
nigeria,draw_118,Female,0.0,0.01917808,68.62863,1.8294347326518445
nigeria,draw_118,Male,0.0,0.01917808,68.62863,1.8398364421813986
nigeria,draw_118,Female,0.01917808,0.07671233,68.62863,1.8737451881960414
nigeria,draw_118,Male,0.01917808,0.07671233,68.62863,1.901178034644362
pakistan,draw_118,Female,0.0,0.01917808,68.62863,1.240878045025519
pakistan,draw_118,Male,0.0,0.01917808,68.62863,1.4163731832502235
pakistan,draw_118,Female,0.01917808,0.07671233,68.62863,1.3968612316085283
pakistan,draw_118,Male,0.01917808,0.07671233,68.62863,1.5676481476606052
ethiopia,draw_118,Female,0.0,0.01917808,68.73874,1.9072115778718437
ethiopia,draw_118,Male,0.0,0.01917808,68.73874,1.7911891237641548
ethiopia,draw_118,Female,0.01917808,0.07671233,68.73874,1.9301011212308923
ethiopia,draw_118,Male,0.01917808,0.07671233,68.73874,1.8739228465017763
nigeria,draw_118,Female,0.0,0.01917808,68.73874,1.8298645115766659
nigeria,draw_118,Male,0.0,0.01917808,68.73874,1.8402585054739653
nigeria,draw_118,Female,0.01917808,0.07671233,68.73874,1.8737361200030744
nigeria,draw_118,Male,0.01917808,0.07671233,68.73874,1.901036360806033
pakistan,draw_118,Female,0.0,0.01917808,68.73874,1.243460825045515
pakistan,draw_118,Male,0.0,0.01917808,68.73874,1.418263197246058
pakistan,draw_118,Female,0.01917808,0.07671233,68.73874,1.3985451255860648
pakistan,draw_118,Male,0.01917808,0.07671233,68.73874,1.568731770246263
ethiopia,draw_118,Female,0.0,0.01917808,68.84885,1.9073532030283782
ethiopia,draw_118,Male,0.0,0.01917808,68.84885,1.7917145516468156
ethiopia,draw_118,Female,0.01917808,0.07671233,68.84885,1.9298784507718274
ethiopia,draw_118,Male,0.01917808,0.07671233,68.84885,1.8738481722827964
nigeria,draw_118,Female,0.0,0.01917808,68.84885,1.830280067637533
nigeria,draw_118,Male,0.0,0.01917808,68.84885,1.8406663269474057
nigeria,draw_118,Female,0.01917808,0.07671233,68.84885,1.8737150806907166
nigeria,draw_118,Male,0.01917808,0.07671233,68.84885,1.9008823593090978
pakistan,draw_118,Female,0.0,0.01917808,68.84885,1.2460342941765727
pakistan,draw_118,Male,0.0,0.01917808,68.84885,1.4201428670759397
pakistan,draw_118,Female,0.01917808,0.07671233,68.84885,1.4002196634513573
pakistan,draw_118,Male,0.01917808,0.07671233,68.84885,1.5698043792800396
ethiopia,draw_118,Female,0.0,0.01917808,68.95896,1.9074786193400879
ethiopia,draw_118,Male,0.0,0.01917808,68.95896,1.7922250261816572
ethiopia,draw_118,Female,0.01917808,0.07671233,68.95896,1.929642145139117
ethiopia,draw_118,Male,0.01917808,0.07671233,68.95896,1.8737606854654136
nigeria,draw_118,Female,0.0,0.01917808,68.95896,1.8306816239778239
nigeria,draw_118,Male,0.0,0.01917808,68.95896,1.841060874694201
nigeria,draw_118,Female,0.01917808,0.07671233,68.95896,1.8736820811982742
nigeria,draw_118,Male,0.01917808,0.07671233,68.95896,1.9007164898225761
pakistan,draw_118,Female,0.0,0.01917808,68.95896,1.2485987255147224
pakistan,draw_118,Male,0.0,0.01917808,68.95896,1.4220130694985917
pakistan,draw_118,Female,0.01917808,0.07671233,68.95896,1.40188477609712
pakistan,draw_118,Male,0.01917808,0.07671233,68.95896,1.5708662586393354
ethiopia,draw_118,Female,0.0,0.01917808,69.06907,1.9075915168556743
ethiopia,draw_118,Male,0.0,0.01917808,69.06907,1.7927228988315214
ethiopia,draw_118,Female,0.01917808,0.07671233,69.06907,1.9293942096303685
ethiopia,draw_118,Male,0.01917808,0.07671233,69.06907,1.8736617160734013
nigeria,draw_118,Female,0.0,0.01917808,69.06907,1.8310685049445028
nigeria,draw_118,Male,0.0,0.01917808,69.06907,1.8414397278431065
nigeria,draw_118,Female,0.01917808,0.07671233,69.06907,1.8736366353044254
nigeria,draw_118,Male,0.01917808,0.07671233,69.06907,1.900537397092399
pakistan,draw_118,Female,0.0,0.01917808,69.06907,1.2511538233701183
pakistan,draw_118,Male,0.0,0.01917808,69.06907,1.4238734987628479
pakistan,draw_118,Female,0.01917808,0.07671233,69.06907,1.4035401981616127
pakistan,draw_118,Male,0.01917808,0.07671233,69.06907,1.5719176363016953
ethiopia,draw_118,Female,0.0,0.01917808,69.17918,1.9076883521308619
ethiopia,draw_118,Male,0.0,0.01917808,69.17918,1.7932074960903892
ethiopia,draw_118,Female,0.01917808,0.07671233,69.17918,1.9291330240069346
ethiopia,draw_118,Male,0.01917808,0.07671233,69.17918,1.8735508773547236
nigeria,draw_118,Female,0.0,0.01917808,69.17918,1.8314398455004255
nigeria,draw_118,Male,0.0,0.01917808,69.17918,1.8418053317012961
nigeria,draw_118,Female,0.01917808,0.07671233,69.17918,1.873578177283545
nigeria,draw_118,Male,0.01917808,0.07671233,69.17918,1.9003463534538152
pakistan,draw_118,Female,0.0,0.01917808,69.17918,1.2537001208377379
pakistan,draw_118,Male,0.0,0.01917808,69.17918,1.4257239051630353
pakistan,draw_118,Female,0.01917808,0.07671233,69.17918,1.4051862538980666
pakistan,draw_118,Male,0.01917808,0.07671233,69.17918,1.5729584588995111
ethiopia,draw_118,Female,0.0,0.01917808,69.28929,1.9077717430989503
ethiopia,draw_118,Male,0.0,0.01917808,69.28929,1.7936787734671298
ethiopia,draw_118,Female,0.01917808,0.07671233,69.28929,1.9288596922003072
ethiopia,draw_118,Male,0.01917808,0.07671233,69.28929,1.873428078235072
nigeria,draw_118,Female,0.0,0.01917808,69.28929,1.8317960196468595
nigeria,draw_118,Male,0.0,0.01917808,69.28929,1.8421561318335387
nigeria,draw_118,Female,0.01917808,0.07671233,69.28929,1.8735072958790508
nigeria,draw_118,Male,0.01917808,0.07671233,69.28929,1.9001426080749282
pakistan,draw_118,Female,0.0,0.01917808,69.28929,1.2562373437568253
pakistan,draw_118,Male,0.0,0.01917808,69.28929,1.4275632589565468
pakistan,draw_118,Female,0.01917808,0.07671233,69.28929,1.4068228983296864
pakistan,draw_118,Male,0.01917808,0.07671233,69.28929,1.573988050618628
ethiopia,draw_118,Female,0.0,0.01917808,69.3994,1.907839316655163
ethiopia,draw_118,Male,0.0,0.01917808,69.3994,1.794135293282524
ethiopia,draw_118,Female,0.01917808,0.07671233,69.3994,1.9285726813876727
ethiopia,draw_118,Male,0.01917808,0.07671233,69.3994,1.8732921032929957
nigeria,draw_118,Female,0.0,0.01917808,69.3994,1.8321371021694153
nigeria,draw_118,Male,0.0,0.01917808,69.3994,1.842492204831502
nigeria,draw_118,Female,0.01917808,0.07671233,69.3994,1.8734235763169638
nigeria,draw_118,Male,0.01917808,0.07671233,69.3994,1.8999262261189365
pakistan,draw_118,Female,0.0,0.01917808,69.3994,1.2587649269264896
pakistan,draw_118,Male,0.0,0.01917808,69.3994,1.4293923952763408
pakistan,draw_118,Female,0.01917808,0.07671233,69.3994,1.4084493812716552
pakistan,draw_118,Male,0.01917808,0.07671233,69.3994,1.5750065650150682
ethiopia,draw_118,Female,0.0,0.01917808,69.50951,1.907891449969875
ethiopia,draw_118,Male,0.0,0.01917808,69.50951,1.7945792132170642
ethiopia,draw_118,Female,0.01917808,0.07671233,69.50951,1.928272454081344
ethiopia,draw_118,Male,0.01917808,0.07671233,69.50951,1.8731439311528917
nigeria,draw_118,Female,0.0,0.01917808,69.50951,1.8324633722332822
nigeria,draw_118,Male,0.0,0.01917808,69.50951,1.8428129942660982
nigeria,draw_118,Female,0.01917808,0.07671233,69.50951,1.87332705871716
nigeria,draw_118,Male,0.01917808,0.07671233,69.50951,1.899696774966333
pakistan,draw_118,Female,0.0,0.01917808,69.50951,1.2612828645532714
pakistan,draw_118,Male,0.0,0.01917808,69.50951,1.431210736954309
pakistan,draw_118,Female,0.01917808,0.07671233,69.50951,1.4100658714486756
pakistan,draw_118,Male,0.01917808,0.07671233,69.50951,1.576013641978236
ethiopia,draw_118,Female,0.0,0.01917808,69.61962,1.9079277004233848
ethiopia,draw_118,Male,0.0,0.01917808,69.61962,1.7950086986872573
ethiopia,draw_118,Female,0.01917808,0.07671233,69.61962,1.9279589449963759
ethiopia,draw_118,Male,0.01917808,0.07671233,69.61962,1.8729830519311044
nigeria,draw_118,Female,0.0,0.01917808,69.61962,1.8327745610245467
nigeria,draw_118,Male,0.0,0.01917808,69.61962,1.8431197078419095
nigeria,draw_118,Female,0.01917808,0.07671233,69.61962,1.87321765953351
nigeria,draw_118,Male,0.01917808,0.07671233,69.61962,1.8994547029088975
pakistan,draw_118,Female,0.0,0.01917808,69.61962,1.2637924511461132
pakistan,draw_118,Male,0.0,0.01917808,69.61962,1.4330186484547065
pakistan,draw_118,Female,0.01917808,0.07671233,69.61962,1.4116732764872575
pakistan,draw_118,Male,0.01917808,0.07671233,69.61962,1.5770100291903903
ethiopia,draw_118,Female,0.0,0.01917808,69.72973,1.9079508937032783
ethiopia,draw_118,Male,0.0,0.01917808,69.72973,1.7954251136374675
ethiopia,draw_118,Female,0.01917808,0.07671233,69.72973,1.9276333366669356
ethiopia,draw_118,Male,0.01917808,0.07671233,69.72973,1.8728102205749837
nigeria,draw_118,Female,0.0,0.01917808,69.72973,1.8330698459000851
nigeria,draw_118,Male,0.0,0.01917808,69.72973,1.8434112633578135
nigeria,draw_118,Female,0.01917808,0.07671233,69.72973,1.8730948920455894
nigeria,draw_118,Male,0.01917808,0.07671233,69.72973,1.89919967676316
pakistan,draw_118,Female,0.0,0.01917808,69.72973,1.2662922005179782
pakistan,draw_118,Male,0.0,0.01917808,69.72973,1.4348155038435138
pakistan,draw_118,Female,0.01917808,0.07671233,69.72973,1.4132706647113182
pakistan,draw_118,Male,0.01917808,0.07671233,69.72973,1.5779954556991533
ethiopia,draw_118,Female,0.0,0.01917808,69.83984,1.90795819637859
ethiopia,draw_118,Male,0.0,0.01917808,69.83984,1.795827735454978
ethiopia,draw_118,Female,0.01917808,0.07671233,69.83984,1.9272943572236745
ethiopia,draw_118,Male,0.01917808,0.07671233,69.83984,1.87262505315161
nigeria,draw_118,Female,0.0,0.01917808,69.83984,1.8333509674421617
nigeria,draw_118,Male,0.0,0.01917808,69.83984,1.8436895188764983
nigeria,draw_118,Female,0.01917808,0.07671233,69.83984,1.87295981202103
nigeria,draw_118,Male,0.01917808,0.07671233,69.83984,1.8989326884046493
pakistan,draw_118,Female,0.0,0.01917808,69.83984,1.2687823555959572
pakistan,draw_118,Male,0.0,0.01917808,69.83984,1.4366014258532316
pakistan,draw_118,Female,0.01917808,0.07671233,69.83984,1.414858352555439
pakistan,draw_118,Male,0.01917808,0.07671233,69.83984,1.5789698100182448
ethiopia,draw_118,Female,0.0,0.01917808,69.94995,1.9079512503984002
ethiopia,draw_118,Male,0.0,0.01917808,69.94995,1.7962161066815412
ethiopia,draw_118,Female,0.01917808,0.07671233,69.94995,1.9269428929051164
ethiopia,draw_118,Male,0.01917808,0.07671233,69.94995,1.872427417189291
nigeria,draw_118,Female,0.0,0.01917808,69.94995,1.8336158273474106
nigeria,draw_118,Male,0.0,0.01917808,69.94995,1.8439516233603461
nigeria,draw_118,Female,0.01917808,0.07671233,69.94995,1.872811274777144
nigeria,draw_118,Male,0.01917808,0.07671233,69.94995,1.8986523126532477
pakistan,draw_118,Female,0.0,0.01917808,69.94995,1.271262954877291
pakistan,draw_118,Male,0.0,0.01917808,69.94995,1.438377031478242
pakistan,draw_118,Female,0.01917808,0.07671233,69.94995,1.4164359294301103
pakistan,draw_118,Male,0.01917808,0.07671233,69.94995,1.5799332697284376
ethiopia,draw_118,Female,0.0,0.01917808,70.06006,1.907928338359321
ethiopia,draw_118,Male,0.0,0.01917808,70.06006,1.7965913944197018
ethiopia,draw_118,Female,0.01917808,0.07671233,70.06006,1.9265778674117922
ethiopia,draw_118,Male,0.01917808,0.07671233,70.06006,1.8722178970327015
nigeria,draw_118,Female,0.0,0.01917808,70.06006,1.8338646389590358
nigeria,draw_118,Male,0.0,0.01917808,70.06006,1.844200628573915
nigeria,draw_118,Female,0.01917808,0.07671233,70.06006,1.8726494258812643
nigeria,draw_118,Male,0.01917808,0.07671233,70.06006,1.89836013580377
pakistan,draw_118,Female,0.0,0.01917808,70.06006,1.2737331300110266
pakistan,draw_118,Male,0.0,0.01917808,70.06006,1.4401415670708482
pakistan,draw_118,Female,0.01917808,0.07671233,70.06006,1.4180034622423643
pakistan,draw_118,Male,0.01917808,0.07671233,70.06006,1.5808854227912836
ethiopia,draw_118,Female,0.0,0.01917808,70.17017,1.9078911418476805
ethiopia,draw_118,Male,0.0,0.01917808,70.17017,1.7969511587071938
ethiopia,draw_118,Female,0.01917808,0.07671233,70.17017,1.9262001835973315
ethiopia,draw_118,Male,0.01917808,0.07671233,70.17017,1.871995206770753
nigeria,draw_118,Female,0.0,0.01917808,70.17017,1.8340989521270457
nigeria,draw_118,Male,0.0,0.01917808,70.17017,1.8444350970054224
nigeria,draw_118,Female,0.01917808,0.07671233,70.17017,1.872475475949793
nigeria,draw_118,Male,0.01917808,0.07671233,70.17017,1.8980554655744062
pakistan,draw_118,Female,0.0,0.01917808,70.17017,1.2761940636793976
pakistan,draw_118,Male,0.0,0.01917808,70.17017,1.4418949577896516
pakistan,draw_118,Female,0.01917808,0.07671233,70.17017,1.4195615610842238
pakistan,draw_118,Male,0.01917808,0.07671233,70.17017,1.5818263230550398
ethiopia,draw_118,Female,0.0,0.01917808,70.28028,1.9078378078785954
ethiopia,draw_118,Male,0.0,0.01917808,70.28028,1.7972976772747373
ethiopia,draw_118,Female,0.01917808,0.07671233,70.28028,1.9258088461404876
ethiopia,draw_118,Male,0.01917808,0.07671233,70.28028,1.8717603968796088
nigeria,draw_118,Female,0.0,0.01917808,70.28028,1.8343172486702348
nigeria,draw_118,Male,0.0,0.01917808,70.28028,1.8446536480173594
nigeria,draw_118,Female,0.01917808,0.07671233,70.28028,1.8722883102158225
nigeria,draw_118,Male,0.01917808,0.07671233,70.28028,1.8977374723620162
pakistan,draw_118,Female,0.0,0.01917808,70.28028,1.278645479969634
pakistan,draw_118,Male,0.0,0.01917808,70.28028,1.4436375042272194
pakistan,draw_118,Female,0.01917808,0.07671233,70.28028,1.421109736781337
pakistan,draw_118,Male,0.01917808,0.07671233,70.28028,1.582755842390089
ethiopia,draw_118,Female,0.0,0.01917808,70.39039,1.9077695394335634
ethiopia,draw_118,Male,0.0,0.01917808,70.39039,1.7976300646895254
ethiopia,draw_118,Female,0.01917808,0.07671233,70.39039,1.9254044284572853
ethiopia,draw_118,Male,0.01917808,0.07671233,70.39039,1.8715128000339145
nigeria,draw_118,Female,0.0,0.01917808,70.39039,1.8345215405753041
nigeria,draw_118,Male,0.0,0.01917808,70.39039,1.8448578576992318
nigeria,draw_118,Female,0.01917808,0.07671233,70.39039,1.8720891902153385
nigeria,draw_118,Male,0.01917808,0.07671233,70.39039,1.8974067351135806
pakistan,draw_118,Female,0.0,0.01917808,70.39039,1.2810865636502387
pakistan,draw_118,Male,0.0,0.01917808,70.39039,1.4453686079530357
pakistan,draw_118,Female,0.01917808,0.07671233,70.39039,1.4226480937629402
pakistan,draw_118,Male,0.01917808,0.07671233,70.39039,1.5836736998095235
ethiopia,draw_118,Female,0.0,0.01917808,70.5005,1.907686531809597
ethiopia,draw_118,Male,0.0,0.01917808,70.5005,1.7979472785412112
ethiopia,draw_118,Female,0.01917808,0.07671233,70.5005,1.92498694167498
ethiopia,draw_118,Male,0.01917808,0.07671233,70.5005,1.8712517975187342
nigeria,draw_118,Female,0.0,0.01917808,70.5005,1.8347088902293422
nigeria,draw_118,Male,0.0,0.01917808,70.5005,1.8450463011196898
nigeria,draw_118,Female,0.01917808,0.07671233,70.5005,1.8718761405297102
nigeria,draw_118,Male,0.01917808,0.07671233,70.5005,1.8970620884301164
pakistan,draw_118,Female,0.0,0.01917808,70.5005,1.2835165095336547
pakistan,draw_118,Male,0.0,0.01917808,70.5005,1.4470881627733754
pakistan,draw_118,Female,0.01917808,0.07671233,70.5005,1.4241759246863692
pakistan,draw_118,Male,0.01917808,0.07671233,70.5005,1.5845795892321446
ethiopia,draw_118,Female,0.0,0.01917808,70.61061,1.907587846558024
ethiopia,draw_118,Male,0.0,0.01917808,70.61061,1.7982499276829023
ethiopia,draw_118,Female,0.01917808,0.07671233,70.61061,1.9245563089209738
ethiopia,draw_118,Male,0.01917808,0.07671233,70.61061,1.8709778121985414
nigeria,draw_118,Female,0.0,0.01917808,70.61061,1.8348803849059816
nigeria,draw_118,Male,0.0,0.01917808,70.61061,1.845220241675649
nigeria,draw_118,Female,0.01917808,0.07671233,70.61061,1.8716500299802572
nigeria,draw_118,Male,0.01917808,0.07671233,70.61061,1.896704437371211
pakistan,draw_118,Female,0.0,0.01917808,70.61061,1.2859359307300104
pakistan,draw_118,Male,0.0,0.01917808,70.61061,1.4487964639668722
pakistan,draw_118,Female,0.01917808,0.07671233,70.61061,1.4256936086704206
pakistan,draw_118,Male,0.01917808,0.07671233,70.61061,1.5854741356641127
ethiopia,draw_118,Female,0.0,0.01917808,70.72072,1.9074740322341077
ethiopia,draw_118,Male,0.0,0.01917808,70.72072,1.7985388354905631
ethiopia,draw_118,Female,0.01917808,0.07671233,70.72072,1.9241126820229772
ethiopia,draw_118,Male,0.01917808,0.07671233,70.72072,1.8706914764900655
nigeria,draw_118,Female,0.0,0.01917808,70.72072,1.8350352168157333
nigeria,draw_118,Male,0.0,0.01917808,70.72072,1.845379428337279
nigeria,draw_118,Female,0.01917808,0.07671233,70.72072,1.8714103937788822
nigeria,draw_118,Male,0.01917808,0.07671233,70.72072,1.8963338743529792
pakistan,draw_118,Female,0.0,0.01917808,70.72072,1.2883455516181808
pakistan,draw_118,Male,0.0,0.01917808,70.72072,1.4504935041838287
pakistan,draw_118,Female,0.01917808,0.07671233,70.72072,1.4272013273352777
pakistan,draw_118,Male,0.01917808,0.07671233,70.72072,1.586357124380807
ethiopia,draw_118,Female,0.0,0.01917808,70.83083,1.9073444544468123
ethiopia,draw_118,Male,0.0,0.01917808,70.83083,1.798813472521678
ethiopia,draw_118,Female,0.01917808,0.07671233,70.83083,1.9236556152659254
ethiopia,draw_118,Male,0.01917808,0.07671233,70.83083,1.8703925855989179
nigeria,draw_118,Female,0.0,0.01917808,70.83083,1.8351756171001596
nigeria,draw_118,Male,0.0,0.01917808,70.83083,1.8455242230968016
nigeria,draw_118,Female,0.01917808,0.07671233,70.83083,1.8711585004580984
nigeria,draw_118,Male,0.01917808,0.07671233,70.83083,1.895950738465385
pakistan,draw_118,Female,0.0,0.01917808,70.83083,1.290743769646385
pakistan,draw_118,Male,0.0,0.01917808,70.83083,1.4521782751220758
pakistan,draw_118,Female,0.01917808,0.07671233,70.83083,1.428698261678054
pakistan,draw_118,Male,0.01917808,0.07671233,70.83083,1.587227994351688
ethiopia,draw_118,Female,0.0,0.01917808,70.94094,1.9071997244592176
ethiopia,draw_118,Male,0.0,0.01917808,70.94094,1.7990731847254786
ethiopia,draw_118,Female,0.01917808,0.07671233,70.94094,1.9231852351475502
ethiopia,draw_118,Male,0.01917808,0.07671233,70.94094,1.8700805535106284
nigeria,draw_118,Female,0.0,0.01917808,70.94094,1.83529985648328
nigeria,draw_118,Male,0.0,0.01917808,70.94094,1.8456535536038543
nigeria,draw_118,Female,0.01917808,0.07671233,70.94094,1.8708932381758134
nigeria,draw_118,Male,0.01917808,0.07671233,70.94094,1.8955543728891362
pakistan,draw_118,Female,0.0,0.01917808,70.94094,1.2931310481399656
pakistan,draw_118,Male,0.0,0.01917808,70.94094,1.453851975959406
pakistan,draw_118,Female,0.01917808,0.07671233,70.94094,1.4301843830666863
pakistan,draw_118,Male,0.01917808,0.07671233,70.94094,1.5880876317299086
ethiopia,draw_118,Female,0.0,0.01917808,71.05105,1.9070385959955127
ethiopia,draw_118,Male,0.0,0.01917808,71.05105,1.7993191417594212
ethiopia,draw_118,Female,0.01917808,0.07671233,71.05105,1.9227010217448675
ethiopia,draw_118,Male,0.01917808,0.07671233,71.05105,1.8697558075941672
nigeria,draw_118,Female,0.0,0.01917808,71.05105,1.8354093473480408
nigeria,draw_118,Male,0.0,0.01917808,71.05105,1.845767907541205
nigeria,draw_118,Female,0.01917808,0.07671233,71.05105,1.870614809767848
nigeria,draw_118,Male,0.01917808,0.07671233,71.05105,1.8951448977549148
pakistan,draw_118,Female,0.0,0.01917808,71.05105,1.2955085452790867
pakistan,draw_118,Male,0.0,0.01917808,71.05105,1.4555141330702495
pakistan,draw_118,Female,0.01917808,0.07671233,71.05105,1.4316606056163061
pakistan,draw_118,Male,0.01917808,0.07671233,71.05105,1.5889356942177058
ethiopia,draw_118,Female,0.0,0.01917808,71.16116,1.9068617093026914
ethiopia,draw_118,Male,0.0,0.01917808,71.16116,1.7995520113781336
ethiopia,draw_118,Female,0.01917808,0.07671233,71.16116,1.9222034082840558
ethiopia,draw_118,Male,0.01917808,0.07671233,71.16116,1.8694188057686694
nigeria,draw_118,Female,0.0,0.01917808,71.16116,1.835504347495998
nigeria,draw_118,Male,0.0,0.01917808,71.16116,1.845867833976018
nigeria,draw_118,Female,0.01917808,0.07671233,71.16116,1.8703235297202796
nigeria,draw_118,Male,0.01917808,0.07671233,71.16116,1.8947228714036637
pakistan,draw_118,Female,0.0,0.01917808,71.16116,1.2978750698348596
pakistan,draw_118,Male,0.0,0.01917808,71.16116,1.4571638034063963
pakistan,draw_118,Female,0.01917808,0.07671233,71.16116,1.4331260047520398
pakistan,draw_118,Male,0.01917808,0.07671233,71.16116,1.5897717457742582
ethiopia,draw_118,Female,0.0,0.01917808,71.27127,1.906669766831788
ethiopia,draw_118,Male,0.0,0.01917808,71.27127,1.7997702248282668
ethiopia,draw_118,Female,0.01917808,0.07671233,71.27127,1.9216929674571728
ethiopia,draw_118,Male,0.01917808,0.07671233,71.27127,1.8690690932829603
nigeria,draw_118,Female,0.0,0.01917808,71.27127,1.8355834373007562
nigeria,draw_118,Male,0.0,0.01917808,71.27127,1.8459511786091354
nigeria,draw_118,Female,0.01917808,0.07671233,71.27127,1.8700187359904774
nigeria,draw_118,Male,0.01917808,0.07671233,71.27127,1.8942869082637577
pakistan,draw_118,Female,0.0,0.01917808,71.27127,1.3002306478310701
pakistan,draw_118,Male,0.0,0.01917808,71.27127,1.4588024242718942
pakistan,draw_118,Female,0.01917808,0.07671233,71.27127,1.4345806947283344
pakistan,draw_118,Male,0.01917808,0.07671233,71.27127,1.59059636405129
ethiopia,draw_118,Female,0.0,0.01917808,71.38138,1.9064634266891602
ethiopia,draw_118,Male,0.0,0.01917808,71.38138,1.7999718185980171
ethiopia,draw_118,Female,0.01917808,0.07671233,71.38138,1.9211698036750295
ethiopia,draw_118,Male,0.01917808,0.07671233,71.38138,1.8687055614848846
nigeria,draw_118,Female,0.0,0.01917808,71.38138,1.8356473811011387
nigeria,draw_118,Male,0.0,0.01917808,71.38138,1.846021632287431
nigeria,draw_118,Female,0.01917808,0.07671233,71.38138,1.8697007162526973
nigeria,draw_118,Male,0.01917808,0.07671233,71.38138,1.8938388609285985
pakistan,draw_118,Female,0.0,0.01917808,71.38138,1.3025744606404026
pakistan,draw_118,Male,0.0,0.01917808,71.38138,1.4604294353520373
pakistan,draw_118,Female,0.01917808,0.07671233,71.38138,1.4360244945371932
pakistan,draw_118,Male,0.01917808,0.07671233,71.38138,1.5914095720202175
ethiopia,draw_118,Female,0.0,0.01917808,71.49149,1.9062404487303888
ethiopia,draw_118,Male,0.0,0.01917808,71.49149,1.8001595514904767
ethiopia,draw_118,Female,0.01917808,0.07671233,71.49149,1.9206322504971494
ethiopia,draw_118,Male,0.01917808,0.07671233,71.49149,1.8683292937287193
nigeria,draw_118,Female,0.0,0.01917808,71.49149,1.8356944192747275
nigeria,draw_118,Male,0.0,0.01917808,71.49149,1.8460755130658906
nigeria,draw_118,Female,0.01917808,0.07671233,71.49149,1.8693681477520472
nigeria,draw_118,Male,0.01917808,0.07671233,71.49149,1.893376509794669
pakistan,draw_118,Female,0.0,0.01917808,71.49149,1.3049073281685282
pakistan,draw_118,Male,0.0,0.01917808,71.49149,1.4620437329441722
pakistan,draw_118,Female,0.01917808,0.07671233,71.49149,1.4374574336766182
pakistan,draw_118,Male,0.01917808,0.07671233,71.49149,1.5922104619413817
ethiopia,draw_118,Female,0.0,0.01917808,71.6016,1.906001888321905
ethiopia,draw_118,Male,0.0,0.01917808,71.6016,1.80033147563822
ethiopia,draw_118,Female,0.01917808,0.07671233,71.6016,1.9200812834296956
ethiopia,draw_118,Male,0.01917808,0.07671233,71.6016,1.86793970851853
nigeria,draw_118,Female,0.0,0.01917808,71.6016,1.8357274181238465
nigeria,draw_118,Male,0.0,0.01917808,71.6016,1.846114344025603
nigeria,draw_118,Female,0.01917808,0.07671233,71.6016,1.869022797631745
nigeria,draw_118,Male,0.01917808,0.07671233,71.6016,1.892901001218703
pakistan,draw_118,Female,0.0,0.01917808,71.6016,1.307228166994973
pakistan,draw_118,Male,0.0,0.01917808,71.6016,1.4636462677378768
pakistan,draw_118,Female,0.01917808,0.07671233,71.6016,1.438879435791981
pakistan,draw_118,Male,0.01917808,0.07671233,71.6016,1.5929995108463397
ethiopia,draw_118,Female,0.0,0.01917808,71.71171,1.905749363104218
ethiopia,draw_118,Male,0.0,0.01917808,71.71171,1.8004895177242881
ethiopia,draw_118,Female,0.01917808,0.07671233,71.71171,1.9195178867865175
ethiopia,draw_118,Male,0.01917808,0.07671233,71.71171,1.8675376813346676
nigeria,draw_118,Female,0.0,0.01917808,71.71171,1.8357432896046937
nigeria,draw_118,Male,0.0,0.01917808,71.71171,1.8461384988419178
nigeria,draw_118,Female,0.01917808,0.07671233,71.71171,1.8686630118061553
nigeria,draw_118,Male,0.01917808,0.07671233,71.71171,1.8924127227582443
pakistan,draw_118,Female,0.0,0.01917808,71.71171,1.3095374841009464
pakistan,draw_118,Male,0.0,0.01917808,71.71171,1.4652372968726577
pakistan,draw_118,Female,0.01917808,0.07671233,71.71171,1.4402909108437314
pakistan,draw_118,Male,0.01917808,0.07671233,71.71171,1.5937769082415725
ethiopia,draw_118,Female,0.0,0.01917808,71.82182,1.90547956230157
ethiopia,draw_118,Male,0.0,0.01917808,71.82182,1.8006337269787496
ethiopia,draw_118,Female,0.01917808,0.07671233,71.82182,1.9189403860507865
ethiopia,draw_118,Male,0.01917808,0.07671233,71.82182,1.8671229942575347
nigeria,draw_118,Female,0.0,0.01917808,71.82182,1.8357452320659682
nigeria,draw_118,Male,0.0,0.01917808,71.82182,1.8461478865241734
nigeria,draw_118,Female,0.01917808,0.07671233,71.82182,1.8682904339484274
nigeria,draw_118,Male,0.01917808,0.07671233,71.82182,1.8919115547927958
pakistan,draw_118,Female,0.0,0.01917808,71.82182,1.311835482907401
pakistan,draw_118,Male,0.0,0.01917808,71.82182,1.4668156015677598
pakistan,draw_118,Female,0.01917808,0.07671233,71.82182,1.4416913319145104
pakistan,draw_118,Male,0.01917808,0.07671233,71.82182,1.5945419476553164
ethiopia,draw_118,Female,0.0,0.01917808,71.93193,1.905196044978723
ethiopia,draw_118,Male,0.0,0.01917808,71.93193,1.8007620895954504
ethiopia,draw_118,Female,0.01917808,0.07671233,71.93193,1.9183504957657125
ethiopia,draw_118,Male,0.01917808,0.07671233,71.93193,1.866694584812888
nigeria,draw_118,Female,0.0,0.01917808,71.93193,1.8357313731709337
nigeria,draw_118,Male,0.0,0.01917808,71.93193,1.846141547955452
nigeria,draw_118,Female,0.01917808,0.07671233,71.93193,1.867904105681578
nigeria,draw_118,Male,0.01917808,0.07671233,71.93193,1.8913967791134652
pakistan,draw_118,Female,0.0,0.01917808,71.93193,1.3141220623679826
pakistan,draw_118,Male,0.0,0.01917808,71.93193,1.4683812727291732
pakistan,draw_118,Female,0.01917808,0.07671233,71.93193,1.4430808000453368
pakistan,draw_118,Male,0.01917808,0.07671233,71.93193,1.5952948344239388
ethiopia,draw_118,Female,0.0,0.01917808,72.04204,1.9048963832901353
ethiopia,draw_118,Male,0.0,0.01917808,72.04204,1.800876590934471
ethiopia,draw_118,Female,0.01917808,0.07671233,72.04204,1.9177465575373966
ethiopia,draw_118,Male,0.01917808,0.07671233,72.04204,1.866253717121414
nigeria,draw_118,Female,0.0,0.01917808,72.04204,1.835702029830327
nigeria,draw_118,Male,0.0,0.01917808,72.04204,1.8461203498503889
nigeria,draw_118,Female,0.01917808,0.07671233,72.04204,1.8675042916744409
nigeria,draw_118,Male,0.01917808,0.07671233,72.04204,1.8908688248577767
pakistan,draw_118,Female,0.0,0.01917808,72.04204,1.3163966364004387
pakistan,draw_118,Male,0.0,0.01917808,72.04204,1.4699342713822365
pakistan,draw_118,Female,0.01917808,0.07671233,72.04204,1.4444590891766136
pakistan,draw_118,Male,0.01917808,0.07671233,72.04204,1.5960354759845157
ethiopia,draw_118,Female,0.0,0.01917808,72.15215,1.904581723150091
ethiopia,draw_118,Male,0.0,0.01917808,72.15215,1.8009760413955966
ethiopia,draw_118,Female,0.01917808,0.07671233,72.15215,1.9171291954640834
ethiopia,draw_118,Male,0.01917808,0.07671233,72.15215,1.8657997172772327
nigeria,draw_118,Female,0.0,0.01917808,72.15215,1.8356570491303725
nigeria,draw_118,Male,0.0,0.01917808,72.15215,1.8460838150094907
nigeria,draw_118,Female,0.01917808,0.07671233,72.15215,1.8670907658633122
nigeria,draw_118,Male,0.01917808,0.07671233,72.15215,1.8903276955130293
pakistan,draw_118,Female,0.0,0.01917808,72.15215,1.3186600566258426
pakistan,draw_118,Male,0.0,0.01917808,72.15215,1.4714742718670617
pakistan,draw_118,Female,0.01917808,0.07671233,72.15215,1.4458267966293803
pakistan,draw_118,Male,0.01917808,0.07671233,72.15215,1.5967636612634146
ethiopia,draw_118,Female,0.0,0.01917808,72.26226,1.9042504621542977
ethiopia,draw_118,Male,0.0,0.01917808,72.26226,1.8010605201984884
ethiopia,draw_118,Female,0.01917808,0.07671233,72.26226,1.916497804717977
ethiopia,draw_118,Male,0.01917808,0.07671233,72.26226,1.8653325755123542
nigeria,draw_118,Female,0.0,0.01917808,72.26226,1.8355964475896258
nigeria,draw_118,Male,0.0,0.01917808,72.26226,1.8460330985536413
nigeria,draw_118,Female,0.01917808,0.07671233,72.26226,1.8666633819845888
nigeria,draw_118,Male,0.01917808,0.07671233,72.26226,1.889773886002535
pakistan,draw_118,Female,0.0,0.01917808,72.26226,1.3209118475450679
pakistan,draw_118,Male,0.0,0.01917808,72.26226,1.473001533437081
pakistan,draw_118,Female,0.01917808,0.07671233,72.26226,1.447183069763326
pakistan,draw_118,Male,0.01917808,0.07671233,72.26226,1.5974796004292806
ethiopia,draw_118,Female,0.0,0.01917808,72.37237,1.903904306699763
ethiopia,draw_118,Male,0.0,0.01917808,72.37237,1.8011303664744662
ethiopia,draw_118,Female,0.01917808,0.07671233,72.37237,1.9158533110083544
ethiopia,draw_118,Male,0.01917808,0.07671233,72.37237,1.8648523854832117
nigeria,draw_118,Female,0.0,0.01917808,72.37237,1.835520547552822
nigeria,draw_118,Male,0.0,0.01917808,72.37237,1.8459666040361167
nigeria,draw_118,Female,0.01917808,0.07671233,72.37237,1.8662224235197145
nigeria,draw_118,Male,0.01917808,0.07671233,72.37237,1.8892065008556111
pakistan,draw_118,Female,0.0,0.01917808,72.37237,1.3231513510660102
pakistan,draw_118,Male,0.0,0.01917808,72.37237,1.4745162814190018
pakistan,draw_118,Female,0.01917808,0.07671233,72.37237,1.4485277311920246
pakistan,draw_118,Male,0.01917808,0.07671233,72.37237,1.5981832232768813
ethiopia,draw_118,Female,0.0,0.01917808,72.48248,1.9035404261537872
ethiopia,draw_118,Male,0.0,0.01917808,72.48248,1.8011854426749356
ethiopia,draw_118,Female,0.01917808,0.07671233,72.48248,1.915194003759095
ethiopia,draw_118,Male,0.01917808,0.07671233,72.48248,1.864359019149567
nigeria,draw_118,Female,0.0,0.01917808,72.48248,1.8354284831548573
nigeria,draw_118,Male,0.0,0.01917808,72.48248,1.845884395358154
nigeria,draw_118,Female,0.01917808,0.07671233,72.48248,1.8657674108444964
nigeria,draw_118,Male,0.01917808,0.07671233,72.48248,1.8886253836415896
pakistan,draw_118,Female,0.0,0.01917808,72.48248,1.3253792867481957
pakistan,draw_118,Male,0.0,0.01917808,72.48248,1.4760172365037658
pakistan,draw_118,Female,0.01917808,0.07671233,72.48248,1.4498610360791298
pakistan,draw_118,Male,0.01917808,0.07671233,72.48248,1.5988736141982725
ethiopia,draw_118,Female,0.0,0.01917808,72.59259,1.903161420750804
ethiopia,draw_118,Male,0.0,0.01917808,72.59259,1.801224442357397
ethiopia,draw_118,Female,0.01917808,0.07671233,72.59259,1.9145212423742082
ethiopia,draw_118,Male,0.01917808,0.07671233,72.59259,1.8638516654797337
nigeria,draw_118,Female,0.0,0.01917808,72.59259,1.835321647465919
nigeria,draw_118,Male,0.0,0.01917808,72.59259,1.8457866612085403
nigeria,draw_118,Female,0.01917808,0.07671233,72.59259,1.8652987001797487
nigeria,draw_118,Male,0.01917808,0.07671233,72.59259,1.888030495880913
pakistan,draw_118,Female,0.0,0.01917808,72.59259,1.3275955581265904
pakistan,draw_118,Male,0.0,0.01917808,72.59259,1.4775048908818786
pakistan,draw_118,Female,0.01917808,0.07671233,72.59259,1.4511826577599267
pakistan,draw_118,Male,0.01917808,0.07671233,72.59259,1.5995510092186371
ethiopia,draw_118,Female,0.0,0.01917808,72.7027,1.902766196559865
ethiopia,draw_118,Male,0.0,0.01917808,72.7027,1.8012481840689794
ethiopia,draw_118,Female,0.01917808,0.07671233,72.7027,1.9138347085025431
ethiopia,draw_118,Male,0.01917808,0.07671233,72.7027,1.8633310473958187
nigeria,draw_118,Female,0.0,0.01917808,72.7027,1.8351979484432606
nigeria,draw_118,Male,0.0,0.01917808,72.7027,1.8456734693325887
nigeria,draw_118,Female,0.01917808,0.07671233,72.7027,1.8648155230629373
nigeria,draw_118,Male,0.01917808,0.07671233,72.7027,1.887422205059966
pakistan,draw_118,Female,0.0,0.01917808,72.7027,1.3298005719775274
pakistan,draw_118,Male,0.0,0.01917808,72.7027,1.4789797000538085
pakistan,draw_118,Female,0.01917808,0.07671233,72.7027,1.4524932259693886
pakistan,draw_118,Male,0.01917808,0.07671233,72.7027,1.6002160279007385
ethiopia,draw_118,Female,0.0,0.01917808,72.81281,1.9023540754724073
ethiopia,draw_118,Male,0.0,0.01917808,72.81281,1.801258196310151
ethiopia,draw_118,Female,0.01917808,0.07671233,72.81281,1.9131342171593388
ethiopia,draw_118,Male,0.01917808,0.07671233,72.81281,1.86279797601426
nigeria,draw_118,Female,0.0,0.01917808,72.81281,1.835060273080362
nigeria,draw_118,Male,0.0,0.01917808,72.81281,1.845546019134779
nigeria,draw_118,Female,0.01917808,0.07671233,72.81281,1.8643193681524088
nigeria,draw_118,Male,0.01917808,0.07671233,72.81281,1.8868009806607955
pakistan,draw_118,Female,0.0,0.01917808,72.81281,1.3319932927505647
pakistan,draw_118,Male,0.0,0.01917808,72.81281,1.4804414890295583
pakistan,draw_118,Female,0.01917808,0.07671233,72.81281,1.4537921977843153
pakistan,draw_118,Male,0.01917808,0.07671233,72.81281,1.6008685716239337
ethiopia,draw_118,Female,0.0,0.01917808,72.92292,1.9019258248245159
ethiopia,draw_118,Male,0.0,0.01917808,72.92292,1.8012521812493256
ethiopia,draw_118,Female,0.01917808,0.07671233,72.92292,1.912419954253291
ethiopia,draw_118,Male,0.01917808,0.07671233,72.92292,1.86225122385552
nigeria,draw_118,Female,0.0,0.01917808,72.92292,1.8349063162724526
nigeria,draw_118,Male,0.0,0.01917808,72.92292,1.84540233934244
nigeria,draw_118,Female,0.01917808,0.07671233,72.92292,1.8638091448967278
nigeria,draw_118,Male,0.01917808,0.07671233,72.92292,1.8861659475591495
pakistan,draw_118,Female,0.0,0.01917808,72.92292,1.3341735767572367
pakistan,draw_118,Male,0.0,0.01917808,72.92292,1.481889954528804
pakistan,draw_118,Female,0.01917808,0.07671233,72.92292,1.4550793730075036
pakistan,draw_118,Male,0.01917808,0.07671233,72.92292,1.6015084453674553
ethiopia,draw_118,Female,0.0,0.01917808,73.03303,1.9014819263660772
ethiopia,draw_118,Male,0.0,0.01917808,73.03303,1.8012317862274394
ethiopia,draw_118,Female,0.01917808,0.07671233,73.03303,1.9116924563814068
ethiopia,draw_118,Male,0.01917808,0.07671233,73.03303,1.8616915533877252
nigeria,draw_118,Female,0.0,0.01917808,73.03303,1.8347357665199218
nigeria,draw_118,Male,0.0,0.01917808,73.03303,1.8452433948555975
nigeria,draw_118,Female,0.01917808,0.07671233,73.03303,1.8632849103629223
nigeria,draw_118,Male,0.01917808,0.07671233,73.03303,1.8855177282140003
pakistan,draw_118,Female,0.0,0.01917808,73.03303,1.3363415274134016
pakistan,draw_118,Male,0.0,0.01917808,73.03303,1.4833252696368142
pakistan,draw_118,Female,0.01917808,0.07671233,73.03303,1.4563550702697687
pakistan,draw_118,Male,0.01917808,0.07671233,73.03303,1.6021358944642428
ethiopia,draw_118,Female,0.0,0.01917808,73.14314,1.9010226112352773
ethiopia,draw_118,Male,0.0,0.01917808,73.14314,1.801195235777833
ethiopia,draw_118,Female,0.01917808,0.07671233,73.14314,1.9109516466560204
ethiopia,draw_118,Male,0.01917808,0.07671233,73.14314,1.8611179992078577
nigeria,draw_118,Female,0.0,0.01917808,73.14314,1.8345499189545549
nigeria,draw_118,Male,0.0,0.01917808,73.14314,1.845068131297802
nigeria,draw_118,Female,0.01917808,0.07671233,73.14314,1.8627471509264153
nigeria,draw_118,Male,0.01917808,0.07671233,73.14314,1.8848557161369337
pakistan,draw_118,Female,0.0,0.01917808,73.14314,1.338496284945899
pakistan,draw_118,Male,0.0,0.01917808,73.14314,1.4847467878249658
pakistan,draw_118,Female,0.01917808,0.07671233,73.14314,1.4576190082652818
pakistan,draw_118,Male,0.01917808,0.07671233,73.14314,1.6027506787698516
ethiopia,draw_118,Female,0.0,0.01917808,73.25325,1.9005465426138404
ethiopia,draw_118,Male,0.0,0.01917808,73.25325,1.8011451496334936
ethiopia,draw_118,Female,0.01917808,0.07671233,73.25325,1.9101966862162658
ethiopia,draw_118,Male,0.01917808,0.07671233,73.25325,1.860532092866708
nigeria,draw_118,Female,0.0,0.01917808,73.25325,1.8343493730812173
nigeria,draw_118,Male,0.0,0.01917808,73.25325,1.8448780662887332
nigeria,draw_118,Female,0.01917808,0.07671233,73.25325,1.8621960795973072
nigeria,draw_118,Male,0.01917808,0.07671233,73.25325,1.8841803431514337
pakistan,draw_118,Female,0.0,0.01917808,73.25325,1.3406375895829783
pakistan,draw_118,Male,0.0,0.01917808,73.25325,1.4861551342869768
pakistan,draw_118,Female,0.01917808,0.07671233,73.25325,1.4588711095756133
pakistan,draw_118,Male,0.01917808,0.07671233,73.25325,1.6033530338887703
ethiopia,draw_118,Female,0.0,0.01917808,73.36336,1.9000553794987656
ethiopia,draw_118,Male,0.0,0.01917808,73.36336,1.8010781227410313
ethiopia,draw_118,Female,0.01917808,0.07671233,73.36336,1.9094285712237873
ethiopia,draw_118,Male,0.01917808,0.07671233,73.36336,1.8599319620296493
nigeria,draw_118,Female,0.0,0.01917808,73.36336,1.8341310524833743
nigeria,draw_118,Male,0.0,0.01917808,73.36336,1.8446715902978
nigeria,draw_118,Female,0.01917808,0.07671233,73.36336,1.86163013127759
nigeria,draw_118,Male,0.01917808,0.07671233,73.36336,1.8834909416737857
pakistan,draw_118,Female,0.0,0.01917808,73.36336,1.3427657518783758
pakistan,draw_118,Male,0.0,0.01917808,73.36336,1.4875497459636524
pakistan,draw_118,Female,0.01917808,0.07671233,73.36336,1.4601117549029727
pakistan,draw_118,Male,0.01917808,0.07671233,73.36336,1.6039424689294342
ethiopia,draw_118,Female,0.0,0.01917808,73.47347,1.8995471094855847
ethiopia,draw_118,Male,0.0,0.01917808,73.47347,1.8009968913763414
ethiopia,draw_118,Female,0.01917808,0.07671233,73.47347,1.9086459082255438
ethiopia,draw_118,Male,0.01917808,0.07671233,73.47347,1.8593188089274038
nigeria,draw_118,Female,0.0,0.01917808,73.47347,1.833898432306533
nigeria,draw_118,Male,0.0,0.01917808,73.47347,1.8444486767083468
nigeria,draw_118,Female,0.01917808,0.07671233,73.47347,1.8610511059420836
nigeria,draw_118,Male,0.01917808,0.07671233,73.47347,1.882787386984729
pakistan,draw_118,Female,0.0,0.01917808,73.47347,1.3448809489023923
pakistan,draw_118,Male,0.0,0.01917808,73.47347,1.488930899022119
pakistan,draw_118,Female,0.01917808,0.07671233,73.47347,1.461340305069735
pakistan,draw_118,Male,0.01917808,0.07671233,73.47347,1.6045188051595987
ethiopia,draw_118,Female,0.0,0.01917808,73.58358,1.8990219826062211
ethiopia,draw_118,Male,0.0,0.01917808,73.58358,1.800898274585882
ethiopia,draw_118,Female,0.01917808,0.07671233,73.58358,1.9078484173291874
ethiopia,draw_118,Male,0.01917808,0.07671233,73.58358,1.8586907098766006
nigeria,draw_118,Female,0.0,0.01917808,73.58358,1.833648644997026
nigeria,draw_118,Male,0.0,0.01917808,73.58358,1.8442101701445346
nigeria,draw_118,Female,0.01917808,0.07671233,73.58358,1.8604570397829638
nigeria,draw_118,Male,0.01917808,0.07671233,73.58358,1.8820700702851683
pakistan,draw_118,Female,0.0,0.01917808,73.58358,1.346983073720728
pakistan,draw_118,Male,0.0,0.01917808,73.58358,1.4902971847118514
pakistan,draw_118,Female,0.01917808,0.07671233,73.58358,1.4625568005197345
pakistan,draw_118,Male,0.01917808,0.07671233,73.58358,1.6050813466912401
ethiopia,draw_118,Female,0.0,0.01917808,73.69369,1.898481318704875
ethiopia,draw_118,Male,0.0,0.01917808,73.69369,1.8007849445365234
ethiopia,draw_118,Female,0.01917808,0.07671233,73.69369,1.9070375117486322
ethiopia,draw_118,Male,0.01917808,0.07671233,73.69369,1.8580493320913145
nigeria,draw_118,Female,0.0,0.01917808,73.69369,1.8333833930808225
nigeria,draw_118,Male,0.0,0.01917808,73.69369,1.8439548061177586
nigeria,draw_118,Female,0.01917808,0.07671233,73.69369,1.8598491169380742
nigeria,draw_118,Male,0.01917808,0.07671233,73.69369,1.8813389243189016
pakistan,draw_118,Female,0.0,0.01917808,73.69369,1.3490708184904103
pakistan,draw_118,Male,0.0,0.01917808,73.69369,1.491650232741616
pakistan,draw_118,Female,0.01917808,0.07671233,73.69369,1.4637610151556446
pakistan,draw_118,Male,0.01917808,0.07671233,73.69369,1.6056313394047406
ethiopia,draw_118,Female,0.0,0.01917808,73.8038,1.8979233317550719
ethiopia,draw_118,Male,0.0,0.01917808,73.8038,1.8006546914000154
ethiopia,draw_118,Female,0.01917808,0.07671233,73.8038,1.9062119439202987
ethiopia,draw_118,Male,0.01917808,0.07671233,73.8038,1.8573936304455567
nigeria,draw_118,Female,0.0,0.01917808,73.8038,1.8331032836272199
nigeria,draw_118,Male,0.0,0.01917808,73.8038,1.843685197475579
nigeria,draw_118,Female,0.01917808,0.07671233,73.8038,1.8592277237220174
nigeria,draw_118,Male,0.01917808,0.07671233,73.8038,1.880595008605143
pakistan,draw_118,Female,0.0,0.01917808,73.8038,1.3511452251722924
pakistan,draw_118,Male,0.0,0.01917808,73.8038,1.492989261045986
pakistan,draw_118,Female,0.01917808,0.07671233,73.8038,1.4649532445889002
pakistan,draw_118,Male,0.01917808,0.07671233,73.8038,1.6061679841444512
ethiopia,draw_118,Female,0.0,0.01917808,73.91391,1.8973495408846008
ethiopia,draw_118,Male,0.0,0.01917808,73.91391,1.8005094896498905
ethiopia,draw_118,Female,0.01917808,0.07671233,73.91391,1.905372481770173
ethiopia,draw_118,Male,0.01917808,0.07671233,73.91391,1.8567245780216755
nigeria,draw_118,Female,0.0,0.01917808,73.91391,1.8328059127153968
nigeria,draw_118,Male,0.0,0.01917808,73.91391,1.8433980534159349
nigeria,draw_118,Female,0.01917808,0.07671233,73.91391,1.8585918213373254
nigeria,draw_118,Male,0.01917808,0.07671233,73.91391,1.8798364499226417
pakistan,draw_118,Female,0.0,0.01917808,73.91391,1.3532068373910429
pakistan,draw_118,Male,0.0,0.01917808,73.91391,1.4943148339409715
pakistan,draw_118,Female,0.01917808,0.07671233,73.91391,1.4661335357891816
pakistan,draw_118,Male,0.01917808,0.07671233,73.91391,1.606691541258951
ethiopia,draw_118,Female,0.0,0.01917808,74.02402,1.8967600764815764
ethiopia,draw_118,Male,0.0,0.01917808,74.02402,1.8003486224309089
ethiopia,draw_118,Female,0.01917808,0.07671233,74.02402,1.9045192271784195
ethiopia,draw_118,Male,0.01917808,0.07671233,74.02402,1.8560419067485607
nigeria,draw_118,Female,0.0,0.01917808,74.02402,1.8324938076478192
nigeria,draw_118,Male,0.0,0.01917808,74.02402,1.8430958179035288
nigeria,draw_118,Female,0.01917808,0.07671233,74.02402,1.857942726858004
nigeria,draw_118,Male,0.01917808,0.07671233,74.02402,1.8790646491421112
pakistan,draw_118,Female,0.0,0.01917808,74.02402,1.3552550906598466
pakistan,draw_118,Male,0.0,0.01917808,74.02402,1.4956263272438581
pakistan,draw_118,Female,0.01917808,0.07671233,74.02402,1.4673020066394236
pakistan,draw_118,Male,0.01917808,0.07671233,74.02402,1.607201599399429
ethiopia,draw_118,Female,0.0,0.01917808,74.13413,1.896152977777378
ethiopia,draw_118,Male,0.0,0.01917808,74.13413,1.8001721375480513
ethiopia,draw_118,Female,0.01917808,0.07671233,74.13413,1.903651245884658
ethiopia,draw_118,Male,0.01917808,0.07671233,74.13413,1.8553453490089091
nigeria,draw_118,Female,0.0,0.01917808,74.13413,1.832165333932193
nigeria,draw_118,Male,0.0,0.01917808,74.13413,1.842777650600295
nigeria,draw_118,Female,0.01917808,0.07671233,74.13413,1.8572794413476497
nigeria,draw_118,Male,0.01917808,0.07671233,74.13413,1.8782791777238177
pakistan,draw_118,Female,0.0,0.01917808,74.13413,1.3572893927012233
pakistan,draw_118,Male,0.0,0.01917808,74.13413,1.4969230515771448
pakistan,draw_118,Female,0.01917808,0.07671233,74.13413,1.4684581686599107
pakistan,draw_118,Male,0.01917808,0.07671233,74.13413,1.6076980186750367
ethiopia,draw_118,Female,0.0,0.01917808,74.24424,1.8955316375975737
ethiopia,draw_118,Male,0.0,0.01917808,74.24424,1.7999808189862059
ethiopia,draw_118,Female,0.01917808,0.07671233,74.24424,1.9027703148833504
ethiopia,draw_118,Male,0.01917808,0.07671233,74.24424,1.854635517328188
nigeria,draw_118,Female,0.0,0.01917808,74.24424,1.8318215840934395
nigeria,draw_118,Male,0.0,0.01917808,74.24424,1.8424439104020298
nigeria,draw_118,Female,0.01917808,0.07671233,74.24424,1.8566024047074547
nigeria,draw_118,Male,0.01917808,0.07671233,74.24424,1.8774802728038695
pakistan,draw_118,Female,0.0,0.01917808,74.24424,1.3593092637329247
pakistan,draw_118,Male,0.0,0.01917808,74.24424,1.4982050518283678
pakistan,draw_118,Female,0.01917808,0.07671233,74.24424,1.4696016002909003
pakistan,draw_118,Male,0.01917808,0.07671233,74.24424,1.6081809850709103
ethiopia,draw_118,Female,0.0,0.01917808,74.35435,1.8948923482896816
ethiopia,draw_118,Male,0.0,0.01917808,74.35435,1.799774747192736
ethiopia,draw_118,Female,0.01917808,0.07671233,74.35435,1.9018744326825718
ethiopia,draw_118,Male,0.01917808,0.07671233,74.35435,1.853912542392366
nigeria,draw_118,Female,0.0,0.01917808,74.35435,1.8314616555420598
nigeria,draw_118,Male,0.0,0.01917808,74.35435,1.8420929869278027
nigeria,draw_118,Female,0.01917808,0.07671233,74.35435,1.8559113123999644
nigeria,draw_118,Male,0.01917808,0.07671233,74.35435,1.8766669038257886
pakistan,draw_118,Female,0.0,0.01917808,74.35435,1.3613160208992308
pakistan,draw_118,Male,0.0,0.01917808,74.35435,1.4994732327442364
pakistan,draw_118,Female,0.01917808,0.07671233,74.35435,1.4707327597894189
pakistan,draw_118,Male,0.01917808,0.07671233,74.35435,1.6086508156786605
ethiopia,draw_118,Female,0.0,0.01917808,74.46446,1.8942375750280196
ethiopia,draw_118,Male,0.0,0.01917808,74.46446,1.7995522833985869
ethiopia,draw_118,Female,0.01917808,0.07671233,74.46446,1.9009651072583134
ethiopia,draw_118,Male,0.01917808,0.07671233,74.46446,1.8531756883547916
nigeria,draw_118,Female,0.0,0.01917808,74.46446,1.8310863159279898
nigeria,draw_118,Male,0.0,0.01917808,74.46446,1.8417257131737397
nigeria,draw_118,Female,0.01917808,0.07671233,74.46446,1.8552065433350524
nigeria,draw_118,Male,0.01917808,0.07671233,74.46446,1.8758394440812078
pakistan,draw_118,Female,0.0,0.01917808,74.46446,1.3633076549510388
pakistan,draw_118,Male,0.0,0.01917808,74.46446,1.5007273271299848
pakistan,draw_118,Female,0.01917808,0.07671233,74.46446,1.4718511583294422
pakistan,draw_118,Male,0.01917808,0.07671233,74.46446,1.6091071639383123
ethiopia,draw_118,Female,0.0,0.01917808,74.57457,1.8935645928535336
ethiopia,draw_118,Male,0.0,0.01917808,74.57457,1.799313267498752
ethiopia,draw_118,Female,0.01917808,0.07671233,74.57457,1.9000404235324238
ethiopia,draw_118,Male,0.01917808,0.07671233,74.57457,1.8524243158548166
nigeria,draw_118,Female,0.0,0.01917808,74.57457,1.8306937013783386
nigeria,draw_118,Male,0.0,0.01917808,74.57457,1.8413417230233597
nigeria,draw_118,Female,0.01917808,0.07671233,74.57457,1.8544866242486002
nigeria,draw_118,Male,0.01917808,0.07671233,74.57457,1.8749974867012331
pakistan,draw_118,Female,0.0,0.01917808,74.57457,1.3652833762417065
pakistan,draw_118,Male,0.0,0.01917808,74.57457,1.501965634866905
pakistan,draw_118,Female,0.01917808,0.07671233,74.57457,1.47295637091218
pakistan,draw_118,Male,0.01917808,0.07671233,74.57457,1.6095491457309026
ethiopia,draw_118,Female,0.0,0.01917808,74.68468,1.8928749115104113
ethiopia,draw_118,Male,0.0,0.01917808,74.68468,1.79905832106738
ethiopia,draw_118,Female,0.01917808,0.07671233,74.68468,1.8991014081110542
ethiopia,draw_118,Male,0.01917808,0.07671233,74.68468,1.8516589969264547
nigeria,draw_118,Female,0.0,0.01917808,74.68468,1.8302868599218127
nigeria,draw_118,Male,0.0,0.01917808,74.68468,1.840941813385548
nigeria,draw_118,Female,0.01917808,0.07671233,74.68468,1.8537536468818114
nigeria,draw_118,Male,0.01917808,0.07671233,74.68468,1.8741417641636107
pakistan,draw_118,Female,0.0,0.01917808,74.68468,1.3672451139293993
pakistan,draw_118,Male,0.0,0.01917808,74.68468,1.5031890936034495
pakistan,draw_118,Female,0.01917808,0.07671233,74.68468,1.4740492089792574
pakistan,draw_118,Male,0.01917808,0.07671233,74.68468,1.6099775262454585
ethiopia,draw_118,Female,0.0,0.01917808,74.79479,1.8921694853711528
ethiopia,draw_118,Male,0.0,0.01917808,74.79479,1.7987882764833145
ethiopia,draw_118,Female,0.01917808,0.07671233,74.79479,1.8981485231162205
ethiopia,draw_118,Male,0.01917808,0.07671233,74.79479,1.850880238636539
nigeria,draw_118,Female,0.0,0.01917808,74.79479,1.8298624586752217
nigeria,draw_118,Male,0.0,0.01917808,74.79479,1.840524690317634
nigeria,draw_118,Female,0.01917808,0.07671233,74.79479,1.853005855974615
nigeria,draw_118,Male,0.01917808,0.07671233,74.79479,1.8732715803170508
pakistan,draw_118,Female,0.0,0.01917808,74.79479,1.3691919327149846
pakistan,draw_118,Male,0.0,0.01917808,74.79479,1.5043969519122442
pakistan,draw_118,Female,0.01917808,0.07671233,74.79479,1.475129007335941
pakistan,draw_118,Male,0.01917808,0.07671233,74.79479,1.6103920140924541
ethiopia,draw_118,Female,0.0,0.01917808,74.9049,1.891446142922047
ethiopia,draw_118,Male,0.0,0.01917808,74.9049,1.798501343619871
ethiopia,draw_118,Female,0.01917808,0.07671233,74.9049,1.8971806097463402
ethiopia,draw_118,Male,0.01917808,0.07671233,74.9049,1.8500872439412281
nigeria,draw_118,Female,0.0,0.01917808,74.9049,1.8294226053522282
nigeria,draw_118,Male,0.0,0.01917808,74.9049,1.8400911140996512
nigeria,draw_118,Female,0.01917808,0.07671233,74.9049,1.852244272444302
nigeria,draw_118,Male,0.01917808,0.07671233,74.9049,1.8723872709244724
pakistan,draw_118,Female,0.0,0.01917808,74.9049,1.3711244396724278
pakistan,draw_118,Male,0.0,0.01917808,74.9049,1.5055904828757471
pakistan,draw_118,Female,0.01917808,0.07671233,74.9049,1.4761956230090785
pakistan,draw_118,Male,0.01917808,0.07671233,74.9049,1.6107930638752936
ethiopia,draw_118,Female,0.0,0.01917808,75.01502,1.8907058095777927
ethiopia,draw_118,Male,0.0,0.01917808,75.01502,1.7982003289143875
ethiopia,draw_118,Female,0.01917808,0.07671233,75.01502,1.896197986050235
ethiopia,draw_118,Male,0.01917808,0.07671233,75.01502,1.849281310045115
nigeria,draw_118,Female,0.0,0.01917808,75.01502,1.8289657420603278
nigeria,draw_118,Male,0.0,0.01917808,75.01502,1.8396409964231357
nigeria,draw_118,Female,0.01917808,0.07671233,75.01502,1.8514678942771308
nigeria,draw_118,Male,0.01917808,0.07671233,75.01502,1.8714889110742792
pakistan,draw_118,Female,0.0,0.01917808,75.01502,1.3730425506585502
pakistan,draw_118,Male,0.0,0.01917808,75.01502,1.5067689195667584
pakistan,draw_118,Female,0.01917808,0.07671233,75.01502,1.4772488953934617
pakistan,draw_118,Male,0.01917808,0.07671233,75.01502,1.6111802641062227
ethiopia,draw_118,Female,0.0,0.01917808,75.12513,1.889949091266795
ethiopia,draw_118,Male,0.0,0.01917808,75.12513,1.797882671942134
ethiopia,draw_118,Female,0.01917808,0.07671233,75.12513,1.8952011713902923
ethiopia,draw_118,Male,0.01917808,0.07671233,75.12513,1.8484611050257405
nigeria,draw_118,Female,0.0,0.01917808,75.12513,1.8284939455306886
nigeria,draw_118,Male,0.0,0.01917808,75.12513,1.8391757326500549
nigeria,draw_118,Female,0.01917808,0.07671233,75.12513,1.8506778646865474
nigeria,draw_118,Male,0.01917808,0.07671233,75.12513,1.8705770315858785
pakistan,draw_118,Female,0.0,0.01917808,75.12513,1.3749462506679766
pakistan,draw_118,Male,0.0,0.01917808,75.12513,1.5079326477705242
pakistan,draw_118,Female,0.01917808,0.07671233,75.12513,1.4782886186606108
pakistan,draw_118,Male,0.01917808,0.07671233,75.12513,1.6115538454323886
ethiopia,draw_118,Female,0.0,0.01917808,75.23524,1.8891767181697565
ethiopia,draw_118,Male,0.0,0.01917808,75.23524,1.797549525442903
ethiopia,draw_118,Female,0.01917808,0.07671233,75.23524,1.8941904324794667
ethiopia,draw_118,Male,0.01917808,0.07671233,75.23524,1.8476273192519943
nigeria,draw_118,Female,0.0,0.01917808,75.23524,1.828005287482457
nigeria,draw_118,Male,0.0,0.01917808,75.23524,1.83869344013066
nigeria,draw_118,Female,0.01917808,0.07671233,75.23524,1.8498732979104695
nigeria,draw_118,Male,0.01917808,0.07671233,75.23524,1.8696505974745727
pakistan,draw_118,Female,0.0,0.01917808,75.23524,1.3768350610988123
pakistan,draw_118,Male,0.0,0.01917808,75.23524,1.5090813836029793
pakistan,draw_118,Female,0.01917808,0.07671233,75.23524,1.4793149901629918
pakistan,draw_118,Male,0.01917808,0.07671233,75.23524,1.6119138386809133
ethiopia,draw_118,Female,0.0,0.01917808,75.34535,1.8883856624401645
ethiopia,draw_118,Male,0.0,0.01917808,75.34535,1.7972005964816227
ethiopia,draw_118,Female,0.01917808,0.07671233,75.34535,1.8931641612844055
ethiopia,draw_118,Male,0.01917808,0.07671233,75.34535,1.8467797257163787
nigeria,draw_118,Female,0.0,0.01917808,75.34535,1.8275006013918278
nigeria,draw_118,Male,0.0,0.01917808,75.34535,1.8381960498112393
nigeria,draw_118,Female,0.01917808,0.07671233,75.34535,1.8490544743379254
nigeria,draw_118,Male,0.01917808,0.07671233,75.34535,1.8687105182922288
pakistan,draw_118,Female,0.0,0.01917808,75.34535,1.3787081830180874
pakistan,draw_118,Male,0.0,0.01917808,75.34535,1.5102155532928592
pakistan,draw_118,Female,0.01917808,0.07671233,75.34535,1.4803280106590737
pakistan,draw_118,Male,0.01917808,0.07671233,75.34535,1.6122601755425339
ethiopia,draw_118,Female,0.0,0.01917808,75.45546,1.8875799799648971
ethiopia,draw_118,Male,0.0,0.01917808,75.45546,1.7968356140660422
ethiopia,draw_118,Female,0.01917808,0.07671233,75.45546,1.8921244931419674
ethiopia,draw_118,Male,0.01917808,0.07671233,75.45546,1.845918109297115
nigeria,draw_118,Female,0.0,0.01917808,75.45546,1.8269797938245613
nigeria,draw_118,Male,0.0,0.01917808,75.45546,1.8376817377195582
nigeria,draw_118,Female,0.01917808,0.07671233,75.45546,1.8482213072908202
nigeria,draw_118,Male,0.01917808,0.07671233,75.45546,1.8677561082507936
pakistan,draw_118,Female,0.0,0.01917808,75.45546,1.3805664057133564
pakistan,draw_118,Male,0.0,0.01917808,75.45546,1.5113332797755197
pakistan,draw_118,Female,0.01917808,0.07671233,75.45546,1.481328024493202
pakistan,draw_118,Male,0.01917808,0.07671233,75.45546,1.6125919474692259
ethiopia,draw_118,Female,0.0,0.01917808,75.56557,1.8867554474580672
ethiopia,draw_118,Male,0.0,0.01917808,75.56557,1.7964538458518666
ethiopia,draw_118,Female,0.01917808,0.07671233,75.56557,1.891068875707085
ethiopia,draw_118,Male,0.01917808,0.07671233,75.56557,1.8450418552923384
nigeria,draw_118,Female,0.0,0.01917808,75.56557,1.8264414002950895
nigeria,draw_118,Male,0.0,0.01917808,75.56557,1.837151010777357
nigeria,draw_118,Female,0.01917808,0.07671233,75.56557,1.8473727250504213
nigeria,draw_118,Male,0.01917808,0.07671233,75.56557,1.8667873284978065
pakistan,draw_118,Female,0.0,0.01917808,75.56557,1.3824079905758873
pakistan,draw_118,Male,0.0,0.01917808,75.56557,1.512435932355889
pakistan,draw_118,Female,0.01917808,0.07671233,75.56557,1.482313775160741
pakistan,draw_118,Male,0.01917808,0.07671233,75.56557,1.6129095318111666
ethiopia,draw_118,Female,0.0,0.01917808,75.67568,1.8859144552837108
ethiopia,draw_118,Male,0.0,0.01917808,75.67568,1.7960550914791538
ethiopia,draw_118,Female,0.01917808,0.07671233,75.67568,1.8899982783725442
ethiopia,draw_118,Male,0.01917808,0.07671233,75.67568,1.844150999325219
nigeria,draw_118,Female,0.0,0.01917808,75.67568,1.8258859143822346
nigeria,draw_118,Male,0.0,0.01917808,75.67568,1.8366030333950065
nigeria,draw_118,Female,0.01917808,0.07671233,75.67568,1.846509190037399
nigeria,draw_118,Male,0.01917808,0.07671233,75.67568,1.8658038300626958
pakistan,draw_118,Female,0.0,0.01917808,75.67568,1.3842341148131836
pakistan,draw_118,Male,0.0,0.01917808,75.67568,1.5135227764938348
pakistan,draw_118,Female,0.01917808,0.07671233,75.67568,1.4832857972090632
pakistan,draw_118,Male,0.01917808,0.07671233,75.67568,1.6132123855458897
ethiopia,draw_118,Female,0.0,0.01917808,75.78579,1.8850576753471764
ethiopia,draw_118,Male,0.0,0.01917808,75.78579,1.795641257638026
ethiopia,draw_118,Female,0.01917808,0.07671233,75.78579,1.8889133609166253
ethiopia,draw_118,Male,0.01917808,0.07671233,75.78579,1.8432465945390926
nigeria,draw_118,Female,0.0,0.01917808,75.78579,1.8253139728259757
nigeria,draw_118,Male,0.0,0.01917808,75.78579,1.8360389492268714
nigeria,draw_118,Female,0.01917808,0.07671233,75.78579,1.845631391402174
nigeria,draw_118,Male,0.01917808,0.07671233,75.78579,1.8648062516618213
pakistan,draw_118,Female,0.0,0.01917808,75.78579,1.3860446308697
pakistan,draw_118,Male,0.0,0.01917808,75.78579,1.5145938751311703
pakistan,draw_118,Female,0.01917808,0.07671233,75.78579,1.484244620652847
pakistan,draw_118,Male,0.01917808,0.07671233,75.78579,1.613500993821837
ethiopia,draw_118,Female,0.0,0.01917808,75.8959,1.8841834908755588
ethiopia,draw_118,Male,0.0,0.01917808,75.8959,1.795210795046572
ethiopia,draw_118,Female,0.01917808,0.07671233,75.8959,1.8878131816618733
ethiopia,draw_118,Male,0.01917808,0.07671233,75.8959,1.8423279781165136
nigeria,draw_118,Female,0.0,0.01917808,75.8959,1.8247260922835222
nigeria,draw_118,Male,0.0,0.01917808,75.8959,1.8354582404460225
nigeria,draw_118,Female,0.01917808,0.07671233,75.8959,1.8447394261683263
nigeria,draw_118,Male,0.01917808,0.07671233,75.8959,1.863794268515742
pakistan,draw_118,Female,0.0,0.01917808,75.8959,1.387839285790747
pakistan,draw_118,Male,0.0,0.01917808,75.8959,1.5156504269769082
pakistan,draw_118,Female,0.01917808,0.07671233,75.8959,1.485190014404667
pakistan,draw_118,Male,0.01917808,0.07671233,75.8959,1.6137759977340156
ethiopia,draw_118,Female,0.0,0.01917808,76.00601,1.8832927360545366
ethiopia,draw_118,Male,0.0,0.01917808,76.00601,1.7947632329576906
ethiopia,draw_118,Female,0.01917808,0.07671233,76.00601,1.8866983891935991
ethiopia,draw_118,Male,0.01917808,0.07671233,76.00601,1.8413949877112414
nigeria,draw_118,Female,0.0,0.01917808,76.00601,1.82411986666297
nigeria,draw_118,Male,0.0,0.01917808,76.00601,1.834861683984029
nigeria,draw_118,Female,0.01917808,0.07671233,76.00601,1.8438319904172227
nigeria,draw_118,Male,0.01917808,0.07671233,76.00601,1.8627682356863913
pakistan,draw_118,Female,0.0,0.01917808,76.00601,1.3896182266235075
pakistan,draw_118,Male,0.0,0.01917808,76.00601,1.5166911452489307
pakistan,draw_118,Female,0.01917808,0.07671233,76.00601,1.4861223344860763
pakistan,draw_118,Male,0.01917808,0.07671233,76.00601,1.6140366325250124
ethiopia,draw_118,Female,0.0,0.01917808,76.11612,1.8823866404973804
ethiopia,draw_118,Male,0.0,0.01917808,76.11612,1.7942997118774764
ethiopia,draw_118,Female,0.01917808,0.07671233,76.11612,1.88556940518199
ethiopia,draw_118,Male,0.01917808,0.07671233,76.11612,1.8404480218603243
nigeria,draw_118,Female,0.0,0.01917808,76.11612,1.8234980100748321
nigeria,draw_118,Male,0.0,0.01917808,76.11612,1.834248702908469
nigeria,draw_118,Female,0.01917808,0.07671233,76.11612,1.8429105940698658
nigeria,draw_118,Male,0.01917808,0.07671233,76.11612,1.861727961924841
pakistan,draw_118,Female,0.0,0.01917808,76.11612,1.3913809264499368
pakistan,draw_118,Male,0.0,0.01917808,76.11612,1.517717965298986
pakistan,draw_118,Female,0.01917808,0.07671233,76.11612,1.4870404607493268
pakistan,draw_118,Male,0.01917808,0.07671233,76.11612,1.6142840494176707
ethiopia,draw_118,Female,0.0,0.01917808,76.22623,1.8814634961004757
ethiopia,draw_118,Male,0.0,0.01917808,76.22623,1.7938200256738777
ethiopia,draw_118,Female,0.01917808,0.07671233,76.22623,1.8844254076159992
ethiopia,draw_118,Male,0.01917808,0.07671233,76.22623,1.839486885883411
nigeria,draw_118,Female,0.0,0.01917808,76.22623,1.8228588282659857
nigeria,draw_118,Male,0.0,0.01917808,76.22623,1.8336189136193242
nigeria,draw_118,Female,0.01917808,0.07671233,76.22623,1.8419740941497225
nigeria,draw_118,Male,0.01917808,0.07671233,76.22623,1.8606733927775985
pakistan,draw_118,Female,0.0,0.01917808,76.22623,1.3931275801407546
pakistan,draw_118,Male,0.0,0.01917808,76.22623,1.518728972540538
pakistan,draw_118,Female,0.01917808,0.07671233,76.22623,1.4879445048623943
pakistan,draw_118,Male,0.01917808,0.07671233,76.22623,1.6145171892045358
ethiopia,draw_118,Female,0.0,0.01917808,76.33634,1.880524049328384
ethiopia,draw_118,Male,0.0,0.01917808,76.33634,1.7933230136581593
ethiopia,draw_118,Female,0.01917808,0.07671233,76.33634,1.8832667691434763
ethiopia,draw_118,Male,0.01917808,0.07671233,76.33634,1.838511057656697
nigeria,draw_118,Female,0.0,0.01917808,76.33634,1.8222032932105185
nigeria,draw_118,Male,0.0,0.01917808,76.33634,1.8329716213479956
nigeria,draw_118,Female,0.01917808,0.07671233,76.33634,1.8410230189262178
nigeria,draw_118,Male,0.01917808,0.07671233,76.33634,1.8596040441174266
pakistan,draw_118,Female,0.0,0.01917808,76.33634,1.3948573749225233
pakistan,draw_118,Male,0.0,0.01917808,76.33634,1.51972429700042
pakistan,draw_118,Female,0.01917808,0.07671233,76.33634,1.4888340097549986
pakistan,draw_118,Male,0.01917808,0.07671233,76.33634,1.6147358707435233
ethiopia,draw_118,Female,0.0,0.01917808,76.44645,1.879566907676316
ethiopia,draw_118,Male,0.0,0.01917808,76.44645,1.7928104926680664
ethiopia,draw_118,Female,0.01917808,0.07671233,76.44645,1.8820927368302252
ethiopia,draw_118,Male,0.01917808,0.07671233,76.44645,1.8375212965645071
nigeria,draw_118,Female,0.0,0.01917808,76.44645,1.8215311849452607
nigeria,draw_118,Male,0.0,0.01917808,76.44645,1.8323077463824602
nigeria,draw_118,Female,0.01917808,0.07671233,76.44645,1.84005753390565
nigeria,draw_118,Male,0.01917808,0.07671233,76.44645,1.8585204606890038
pakistan,draw_118,Female,0.0,0.01917808,76.44645,1.3965714510472096
pakistan,draw_118,Male,0.0,0.01917808,76.44645,1.5207043042265942
pakistan,draw_118,Female,0.01917808,0.07671233,76.44645,1.4897098258114065
pakistan,draw_118,Male,0.01917808,0.07671233,76.44645,1.6149405156910408
ethiopia,draw_118,Female,0.0,0.01917808,76.55656,1.8785940744829301
ethiopia,draw_118,Male,0.0,0.01917808,76.55656,1.7922798799137987
ethiopia,draw_118,Female,0.01917808,0.07671233,76.55656,1.8809039874137041
ethiopia,draw_118,Male,0.01917808,0.07671233,76.55656,1.8365163113866272
nigeria,draw_118,Female,0.0,0.01917808,76.55656,1.820842492291093
nigeria,draw_118,Male,0.0,0.01917808,76.55656,1.8316267907974582
nigeria,draw_118,Female,0.01917808,0.07671233,76.55656,1.839077213601644
nigeria,draw_118,Male,0.01917808,0.07671233,76.55656,1.8574223033041908
pakistan,draw_118,Female,0.0,0.01917808,76.55656,1.3982692526150846
pakistan,draw_118,Male,0.0,0.01917808,76.55656,1.5216680331416441
pakistan,draw_118,Female,0.01917808,0.07671233,76.55656,1.4905716408794056
pakistan,draw_118,Male,0.01917808,0.07671233,76.55656,1.6151303341934047
ethiopia,draw_118,Female,0.0,0.01917808,76.66667,1.877602771429702
ethiopia,draw_118,Male,0.0,0.01917808,76.66667,1.7917339913763988
ethiopia,draw_118,Female,0.01917808,0.07671233,76.66667,1.8796990126204332
ethiopia,draw_118,Male,0.01917808,0.07671233,76.66667,1.835497354669125
nigeria,draw_118,Female,0.0,0.01917808,76.66667,1.8201379210646087
nigeria,draw_118,Male,0.0,0.01917808,76.66667,1.8309271206453226
nigeria,draw_118,Female,0.01917808,0.07671233,76.66667,1.8380822291443284
nigeria,draw_118,Male,0.01917808,0.07671233,76.66667,1.8563084529739986
pakistan,draw_118,Female,0.0,0.01917808,76.66667,1.3999496250805834
pakistan,draw_118,Male,0.0,0.01917808,76.66667,1.5226159198607694
pakistan,draw_118,Female,0.01917808,0.07671233,76.66667,1.4914183714057752
pakistan,draw_118,Male,0.01917808,0.07671233,76.66667,1.6153056467413378
ethiopia,draw_118,Female,0.0,0.01917808,76.77678,1.8765953959236852
ethiopia,draw_118,Male,0.0,0.01917808,76.77678,1.7911698219899261
ethiopia,draw_118,Female,0.01917808,0.07671233,76.77678,1.8784793179782213
ethiopia,draw_118,Male,0.01917808,0.07671233,76.77678,1.8344631813637031
nigeria,draw_118,Female,0.0,0.01917808,76.77678,1.8194145829505615
nigeria,draw_118,Male,0.0,0.01917808,76.77678,1.8302112901565168
nigeria,draw_118,Female,0.01917808,0.07671233,76.77678,1.8370714845877443
nigeria,draw_118,Male,0.01917808,0.07671233,76.77678,1.8551804890557824
pakistan,draw_118,Female,0.0,0.01917808,76.77678,1.4016138017724737
pakistan,draw_118,Male,0.0,0.01917808,76.77678,1.5235468513754848
pakistan,draw_118,Female,0.01917808,0.07671233,76.77678,1.4922506891753424
pakistan,draw_118,Male,0.01917808,0.07671233,76.77678,1.6154660355736334
ethiopia,draw_118,Female,0.0,0.01917808,76.88689,1.8755700192097564
ethiopia,draw_118,Male,0.0,0.01917808,76.88689,1.7905900747000842
ethiopia,draw_118,Female,0.01917808,0.07671233,76.88689,1.8772439320540417
ethiopia,draw_118,Male,0.01917808,0.07671233,76.88689,1.8334150093883004
nigeria,draw_118,Female,0.0,0.01917808,76.88689,1.8186740484393584
nigeria,draw_118,Male,0.0,0.01917808,76.88689,1.8294782671206136
nigeria,draw_118,Female,0.01917808,0.07671233,76.88689,1.836045756683756
nigeria,draw_118,Male,0.01917808,0.07671233,76.88689,1.8540378473993375
pakistan,draw_118,Female,0.0,0.01917808,76.88689,1.4032602545205044
pakistan,draw_118,Male,0.0,0.01917808,76.88689,1.5244618691836151
pakistan,draw_118,Female,0.01917808,0.07671233,76.88689,1.4930689167503126
pakistan,draw_118,Male,0.01917808,0.07671233,76.88689,1.6156118477908976
ethiopia,draw_118,Female,0.0,0.01917808,76.997,1.8745273919472873
ethiopia,draw_118,Male,0.0,0.01917808,76.997,1.789992537207599
ethiopia,draw_118,Female,0.01917808,0.07671233,76.997,1.8759933764027028
ethiopia,draw_118,Male,0.01917808,0.07671233,76.997,1.8323517324931762
nigeria,draw_118,Female,0.0,0.01917808,76.997,1.8179145349373707
nigeria,draw_118,Male,0.0,0.01917808,76.997,1.828728331958078
nigeria,draw_118,Female,0.01917808,0.07671233,76.997,1.8350041334928582
nigeria,draw_118,Male,0.01917808,0.07671233,76.997,1.852880566702119
pakistan,draw_118,Female,0.0,0.01917808,76.997,1.4048900761663101
pakistan,draw_118,Male,0.0,0.01917808,76.997,1.5253614112874572
pakistan,draw_118,Female,0.01917808,0.07671233,76.997,1.493873270162361
pakistan,draw_118,Male,0.01917808,0.07671233,76.997,1.6157432132430065
ethiopia,draw_118,Female,0.0,0.01917808,77.10711,1.8734687139893358
ethiopia,draw_118,Male,0.0,0.01917808,77.10711,1.7893788442301248
ethiopia,draw_118,Female,0.01917808,0.07671233,77.10711,1.874728262966366
ethiopia,draw_118,Male,0.01917808,0.07671233,77.10711,1.8312743443641923
nigeria,draw_118,Female,0.0,0.01917808,77.10711,1.8171394582514935
nigeria,draw_118,Male,0.0,0.01917808,77.10711,1.8279613637873962
nigeria,draw_118,Female,0.01917808,0.07671233,77.10711,1.8339482928828474
nigeria,draw_118,Male,0.01917808,0.07671233,77.10711,1.8517086791110187
pakistan,draw_118,Female,0.0,0.01917808,77.10711,1.4065027499752862
pakistan,draw_118,Male,0.0,0.01917808,77.10711,1.5262449414990418
pakistan,draw_118,Female,0.01917808,0.07671233,77.10711,1.4946633952760544
pakistan,draw_118,Male,0.01917808,0.07671233,77.10711,1.615860101729548
ethiopia,draw_118,Female,0.0,0.01917808,77.21722,1.8723924716760803
ethiopia,draw_118,Male,0.0,0.01917808,77.21722,1.7887483309695504
ethiopia,draw_118,Female,0.01917808,0.07671233,77.21722,1.8734475981629704
ethiopia,draw_118,Male,0.01917808,0.07671233,77.21722,1.8301824680567533
nigeria,draw_118,Female,0.0,0.01917808,77.21722,1.816347539260898
nigeria,draw_118,Male,0.0,0.01917808,77.21722,1.827178484907743
nigeria,draw_118,Female,0.01917808,0.07671233,77.21722,1.8328775769898873
nigeria,draw_118,Male,0.01917808,0.07671233,77.21722,1.850522654040382
pakistan,draw_118,Female,0.0,0.01917808,77.21722,1.4080990598272876
pakistan,draw_118,Male,0.0,0.01917808,77.21722,1.527112271891987
pakistan,draw_118,Female,0.01917808,0.07671233,77.21722,1.4954392316618117
pakistan,draw_118,Male,0.01917808,0.07671233,77.21722,1.6159624826901335
ethiopia,draw_118,Female,0.0,0.01917808,77.32733,1.8712980707101279
ethiopia,draw_118,Male,0.0,0.01917808,77.32733,1.7881022949225494
ethiopia,draw_118,Female,0.01917808,0.07671233,77.32733,1.872150968709609
ethiopia,draw_118,Male,0.01917808,0.07671233,77.32733,1.8290767383847786
nigeria,draw_118,Female,0.0,0.01917808,77.32733,1.8155387121822366
nigeria,draw_118,Male,0.0,0.01917808,77.32733,1.8263787021633664
nigeria,draw_118,Female,0.01917808,0.07671233,77.32733,1.831791869825473
nigeria,draw_118,Male,0.01917808,0.07671233,77.32733,1.8493220357854583
pakistan,draw_118,Female,0.0,0.01917808,77.32733,1.4096786981363505
pakistan,draw_118,Male,0.0,0.01917808,77.32733,1.5279630561810846
pakistan,draw_118,Female,0.01917808,0.07671233,77.32733,1.4962008543816758
pakistan,draw_118,Male,0.01917808,0.07671233,77.32733,1.6160498955116713
ethiopia,draw_118,Female,0.0,0.01917808,77.43744,1.8701869493395022
ethiopia,draw_118,Male,0.0,0.01917808,77.43744,1.787438239528033
ethiopia,draw_118,Female,0.01917808,0.07671233,77.43744,1.8708393424709922
ethiopia,draw_118,Male,0.01917808,0.07671233,77.43744,1.8279557496432066
nigeria,draw_118,Female,0.0,0.01917808,77.43744,1.8147115259610067
nigeria,draw_118,Male,0.0,0.01917808,77.43744,1.8255609215124309
nigeria,draw_118,Female,0.01917808,0.07671233,77.43744,1.8306904587650514
nigeria,draw_118,Male,0.01917808,0.07671233,77.43744,1.8481063321874498
pakistan,draw_118,Female,0.0,0.01917808,77.43744,1.4112410474523598
pakistan,draw_118,Male,0.0,0.01917808,77.43744,1.5287967928709845
pakistan,draw_118,Female,0.01917808,0.07671233,77.43744,1.4969476322725639
pakistan,draw_118,Male,0.01917808,0.07671233,77.43744,1.6161220114434518
ethiopia,draw_118,Female,0.0,0.01917808,77.54755,1.8690593185638589
ethiopia,draw_118,Male,0.0,0.01917808,77.54755,1.7867569469107385
ethiopia,draw_118,Female,0.01917808,0.07671233,77.54755,1.8695126172915122
ethiopia,draw_118,Male,0.01917808,0.07671233,77.54755,1.826819656572369
nigeria,draw_118,Female,0.0,0.01917808,77.54755,1.8138670026734969
nigeria,draw_118,Male,0.0,0.01917808,77.54755,1.8247263930200748
nigeria,draw_118,Female,0.01917808,0.07671233,77.54755,1.8295740950801227
nigeria,draw_118,Male,0.01917808,0.07671233,77.54755,1.8468761273335188
pakistan,draw_118,Female,0.0,0.01917808,77.54755,1.4127867183835794
pakistan,draw_118,Male,0.0,0.01917808,77.54755,1.5296138580407175
pakistan,draw_118,Female,0.01917808,0.07671233,77.54755,1.4976798352582772
pakistan,draw_118,Male,0.01917808,0.07671233,77.54755,1.616179107945986
ethiopia,draw_118,Female,0.0,0.01917808,77.65766,1.8679123196245881
ethiopia,draw_118,Male,0.0,0.01917808,77.65766,1.7860591501319394
ethiopia,draw_118,Female,0.01917808,0.07671233,77.65766,1.8681691273288483
ethiopia,draw_118,Male,0.01917808,0.07671233,77.65766,1.825668665736605
nigeria,draw_118,Female,0.0,0.01917808,77.65766,1.8130046521983105
nigeria,draw_118,Male,0.0,0.01917808,77.65766,1.8238730962799456
nigeria,draw_118,Female,0.01917808,0.07671233,77.65766,1.8284419034153634
nigeria,draw_118,Male,0.01917808,0.07671233,77.65766,1.845629810417934
pakistan,draw_118,Female,0.0,0.01917808,77.65766,1.414313174930266
pakistan,draw_118,Male,0.0,0.01917808,77.65766,1.5304149874943762
pakistan,draw_118,Female,0.01917808,0.07671233,77.65766,1.4983963063113184
pakistan,draw_118,Male,0.01917808,0.07671233,77.65766,1.6162213672821335
ethiopia,draw_118,Female,0.0,0.01917808,77.76777,1.8667486990033322
ethiopia,draw_118,Male,0.0,0.01917808,77.76777,1.7853436272438972
ethiopia,draw_118,Female,0.01917808,0.07671233,77.76777,1.866810693637266
ethiopia,draw_118,Male,0.01917808,0.07671233,77.76777,1.8245024693246126
nigeria,draw_118,Female,0.0,0.01917808,77.76777,1.8121245304372053
nigeria,draw_118,Male,0.0,0.01917808,77.76777,1.8230029158392276
nigeria,draw_118,Female,0.01917808,0.07671233,77.76777,1.8272942848646734
nigeria,draw_118,Male,0.01917808,0.07671233,77.76777,1.8443688395838571
pakistan,draw_118,Female,0.0,0.01917808,77.76777,1.4158223633325935
pakistan,draw_118,Male,0.0,0.01917808,77.76777,1.5311992931186662
pakistan,draw_118,Female,0.01917808,0.07671233,77.76777,1.4990981411318587
pakistan,draw_118,Male,0.01917808,0.07671233,77.76777,1.6162484210767538
ethiopia,draw_118,Female,0.0,0.01917808,77.87788,1.865567796870621
ethiopia,draw_118,Male,0.0,0.01917808,77.87788,1.7846111681732648
ethiopia,draw_118,Female,0.01917808,0.07671233,77.87788,1.8654368035330884
ethiopia,draw_118,Male,0.01917808,0.07671233,77.87788,1.823321458182463
nigeria,draw_118,Female,0.0,0.01917808,77.87788,1.8112266980020222
nigeria,draw_118,Male,0.0,0.01917808,77.87788,1.8221148418503177
nigeria,draw_118,Female,0.01917808,0.07671233,77.87788,1.826131407277038
nigeria,draw_118,Male,0.01917808,0.07671233,77.87788,1.843092660682051
pakistan,draw_118,Female,0.0,0.01917808,77.87788,1.4173128090370617
pakistan,draw_118,Male,0.0,0.01917808,77.87788,1.531967012892545
pakistan,draw_118,Female,0.01917808,0.07671233,77.87788,1.49978423097512
pakistan,draw_118,Male,0.01917808,0.07671233,77.87788,1.6162605027272252
ethiopia,draw_118,Female,0.0,0.01917808,77.98799,1.8643697377957456
ethiopia,draw_118,Male,0.0,0.01917808,77.98799,1.7838620214545984
ethiopia,draw_118,Female,0.01917808,0.07671233,77.98799,1.8640474885885088
ethiopia,draw_118,Male,0.01917808,0.07671233,77.98799,1.8221260016121525
nigeria,draw_118,Female,0.0,0.01917808,77.98799,1.8103113672313234
nigeria,draw_118,Male,0.0,0.01917808,77.98799,1.8212110731667885
nigeria,draw_118,Female,0.01917808,0.07671233,77.98799,1.8249533645430944
nigeria,draw_118,Male,0.01917808,0.07671233,77.98799,1.8418023435596718
pakistan,draw_118,Female,0.0,0.01917808,77.98799,1.418786028874309
pakistan,draw_118,Male,0.0,0.01917808,77.98799,1.5327175750887054
pakistan,draw_118,Female,0.01917808,0.07671233,77.98799,1.5004556006011531
pakistan,draw_118,Male,0.01917808,0.07671233,77.98799,1.6162573190482066
ethiopia,draw_118,Female,0.0,0.01917808,78.0981,1.863154093315636
ethiopia,draw_118,Male,0.0,0.01917808,78.0981,1.783095739601041
ethiopia,draw_118,Female,0.01917808,0.07671233,78.0981,1.8626426853962539
ethiopia,draw_118,Male,0.01917808,0.07671233,78.0981,1.820915634721781
nigeria,draw_118,Female,0.0,0.01917808,78.0981,1.809377773763588
nigeria,draw_118,Male,0.0,0.01917808,78.0981,1.8202892364634278
nigeria,draw_118,Female,0.01917808,0.07671233,78.0981,1.823759758631557
nigeria,draw_118,Male,0.01917808,0.07671233,78.0981,1.840496851395493
pakistan,draw_118,Female,0.0,0.01917808,78.0981,1.4202404027123154
pakistan,draw_118,Male,0.0,0.01917808,78.0981,1.5334516178200583
pakistan,draw_118,Female,0.01917808,0.07671233,78.0981,1.5011119689245338
pakistan,draw_118,Male,0.01917808,0.07671233,78.0981,1.6162393399908546
ethiopia,draw_118,Female,0.0,0.01917808,78.20821,1.861921169655268
ethiopia,draw_118,Male,0.0,0.01917808,78.20821,1.7823119770940703
ethiopia,draw_118,Female,0.01917808,0.07671233,78.20821,1.8612223799394498
ethiopia,draw_118,Male,0.01917808,0.07671233,78.20821,1.8196901591462942
nigeria,draw_118,Female,0.0,0.01917808,78.20821,1.8084265419824568
nigeria,draw_118,Male,0.0,0.01917808,78.20821,1.8193499171992504
nigeria,draw_118,Female,0.01917808,0.07671233,78.20821,1.8225504688516005
nigeria,draw_118,Male,0.01917808,0.07671233,78.20821,1.8391763259220109
pakistan,draw_118,Female,0.0,0.01917808,78.20821,1.4216759599866489
pakistan,draw_118,Male,0.0,0.01917808,78.20821,1.534167860180854
pakistan,draw_118,Female,0.01917808,0.07671233,78.20821,1.501752807584052
pakistan,draw_118,Male,0.01917808,0.07671233,78.20821,1.6162057463577413
ethiopia,draw_118,Female,0.0,0.01917808,78.31832,1.860672321459222
ethiopia,draw_118,Male,0.0,0.01917808,78.31832,1.7815118134121433
ethiopia,draw_118,Female,0.01917808,0.07671233,78.31832,1.8597874150758555
ethiopia,draw_118,Male,0.01917808,0.07671233,78.31832,1.8184502526076902
nigeria,draw_118,Female,0.0,0.01917808,78.31832,1.8074580484791865
nigeria,draw_118,Male,0.0,0.01917808,78.31832,1.8183941429894028
nigeria,draw_118,Female,0.01917808,0.07671233,78.31832,1.8213256786399699
nigeria,draw_118,Male,0.01917808,0.07671233,78.31832,1.8378412643384356
pakistan,draw_118,Female,0.0,0.01917808,78.31832,1.4230941436739741
pakistan,draw_118,Male,0.0,0.01917808,78.31832,1.534866868051888
pakistan,draw_118,Female,0.01917808,0.07671233,78.31832,1.5023789103645895
pakistan,draw_118,Male,0.01917808,0.07671233,78.31832,1.6161568960092156
ethiopia,draw_118,Female,0.0,0.01917808,78.42843,1.8594041839885516
ethiopia,draw_118,Male,0.0,0.01917808,78.42843,1.7806939469501133
ethiopia,draw_118,Female,0.01917808,0.07671233,78.42843,1.8583358314896294
ethiopia,draw_118,Male,0.01917808,0.07671233,78.42843,1.8171949985802343
nigeria,draw_118,Female,0.0,0.01917808,78.42843,1.8064714400628157
nigeria,draw_118,Male,0.0,0.01917808,78.42843,1.8174206369676633
nigeria,draw_118,Female,0.01917808,0.07671233,78.42843,1.8200852180225229
nigeria,draw_118,Male,0.01917808,0.07671233,78.42843,1.8364911350944808
pakistan,draw_118,Female,0.0,0.01917808,78.42843,1.4244943969267971
pakistan,draw_118,Male,0.0,0.01917808,78.42843,1.5355486345877358
pakistan,draw_118,Female,0.01917808,0.07671233,78.42843,1.5029898698367727
pakistan,draw_118,Male,0.01917808,0.07671233,78.42843,1.6160926875836097
ethiopia,draw_118,Female,0.0,0.01917808,78.53854,1.858120677878826
ethiopia,draw_118,Male,0.0,0.01917808,78.53854,1.7798588363617238
ethiopia,draw_118,Female,0.01917808,0.07671233,78.53854,1.8568697720708172
ethiopia,draw_118,Male,0.01917808,0.07671233,78.53854,1.8159248395210292
nigeria,draw_118,Female,0.0,0.01917808,78.53854,1.8054679008669543
nigeria,draw_118,Male,0.0,0.01917808,78.53854,1.8164291964133228
nigeria,draw_118,Female,0.01917808,0.07671233,78.53854,1.8188295919859718
nigeria,draw_118,Male,0.01917808,0.07671233,78.53854,1.8351257892628963
pakistan,draw_118,Female,0.0,0.01917808,78.53854,1.4258749213116275
pakistan,draw_118,Male,0.0,0.01917808,78.53854,1.5362124957250674
pakistan,draw_118,Female,0.01917808,0.07671233,78.53854,1.5035846318364239
pakistan,draw_118,Male,0.01917808,0.07671233,78.53854,1.6160127641249582
ethiopia,draw_118,Female,0.0,0.01917808,78.64865,1.856818990153798
ethiopia,draw_118,Male,0.0,0.01917808,78.64865,1.7790062552732782
ethiopia,draw_118,Female,0.01917808,0.07671233,78.64865,1.855387657150322
ethiopia,draw_118,Male,0.01917808,0.07671233,78.64865,1.8146393937461818
nigeria,draw_118,Female,0.0,0.01917808,78.64865,1.8044453717300506
nigeria,draw_118,Male,0.0,0.01917808,78.64865,1.8154191847278616
nigeria,draw_118,Female,0.01917808,0.07671233,78.64865,1.8175576311886052
nigeria,draw_118,Male,0.01917808,0.07671233,78.64865,1.8337443611749278
pakistan,draw_118,Female,0.0,0.01917808,78.64865,1.4272355720504333
pakistan,draw_118,Male,0.0,0.01917808,78.64865,1.5368592002667314
pakistan,draw_118,Female,0.01917808,0.07671233,78.64865,1.5041632247600374
pakistan,draw_118,Male,0.01917808,0.07671233,78.64865,1.6159175940494275
ethiopia,draw_118,Female,0.0,0.01917808,78.75876,1.8554995539746535
ethiopia,draw_118,Male,0.0,0.01917808,78.75876,1.7781361687293915
ethiopia,draw_118,Female,0.01917808,0.07671233,78.75876,1.8538896765730646
ethiopia,draw_118,Male,0.01917808,0.07671233,78.75876,1.8133385204164882
nigeria,draw_118,Female,0.0,0.01917808,78.75876,1.8034050329593765
nigeria,draw_118,Male,0.0,0.01917808,78.75876,1.8143918308789468
nigeria,draw_118,Female,0.01917808,0.07671233,78.75876,1.8162700641726803
nigeria,draw_118,Male,0.01917808,0.07671233,78.75876,1.832347644292394
pakistan,draw_118,Female,0.0,0.01917808,78.75876,1.428576828636946
pakistan,draw_118,Male,0.0,0.01917808,78.75876,1.537488057862846
pakistan,draw_118,Female,0.01917808,0.07671233,78.75876,1.5047260202404737
pakistan,draw_118,Male,0.01917808,0.07671233,78.75876,1.615806489902708
ethiopia,draw_118,Female,0.0,0.01917808,78.86887,1.8541634027485303
ethiopia,draw_118,Male,0.0,0.01917808,78.86887,1.7772479495870046
ethiopia,draw_118,Female,0.01917808,0.07671233,78.86887,1.852376651571429
ethiopia,draw_118,Male,0.01917808,0.07671233,78.86887,1.812022131548749
nigeria,draw_118,Female,0.0,0.01917808,78.86887,1.8023464277379575
nigeria,draw_118,Male,0.0,0.01917808,78.86887,1.8133470684739832
nigeria,draw_118,Female,0.01917808,0.07671233,78.86887,1.8149667917704337
nigeria,draw_118,Male,0.01917808,0.07671233,78.86887,1.8309358931505197
pakistan,draw_118,Female,0.0,0.01917808,78.86887,1.429898989453438
pakistan,draw_118,Male,0.0,0.01917808,78.86887,1.5380991866287357
pakistan,draw_118,Female,0.01917808,0.07671233,78.86887,1.5052727885020953
pakistan,draw_118,Male,0.01917808,0.07671233,78.86887,1.6156796959652406
ethiopia,draw_118,Female,0.0,0.01917808,78.97898,1.852809773859082
ethiopia,draw_118,Male,0.0,0.01917808,78.97898,1.776343121915001
ethiopia,draw_118,Female,0.01917808,0.07671233,78.97898,1.8508480151811426
ethiopia,draw_118,Male,0.01917808,0.07671233,78.97898,1.810691039611127
nigeria,draw_118,Female,0.0,0.01917808,78.97898,1.801269316540125
nigeria,draw_118,Male,0.0,0.01917808,78.97898,1.8122845121038456
nigeria,draw_118,Female,0.01917808,0.07671233,78.97898,1.8136473453790427
nigeria,draw_118,Male,0.01917808,0.07671233,78.97898,1.8295088250974954
pakistan,draw_118,Female,0.0,0.01917808,78.97898,1.4312024411881294
pakistan,draw_118,Male,0.0,0.01917808,78.97898,1.5386924189513842
pakistan,draw_118,Female,0.01917808,0.07671233,78.97898,1.505803694909102
pakistan,draw_118,Male,0.01917808,0.07671233,78.97898,1.6155371009884767
ethiopia,draw_118,Female,0.0,0.01917808,79.08909,1.8514395270199644
ethiopia,draw_118,Male,0.0,0.01917808,79.08909,1.7754218808557736
ethiopia,draw_118,Female,0.01917808,0.07671233,79.08909,1.849304220202918
ethiopia,draw_118,Male,0.01917808,0.07671233,79.08909,1.809345284311986
nigeria,draw_118,Female,0.0,0.01917808,79.08909,1.8001757419727673
nigeria,draw_118,Male,0.0,0.01917808,79.08909,1.8112037541543795
nigeria,draw_118,Female,0.01917808,0.07671233,79.08909,1.8123127745628562
nigeria,draw_118,Male,0.01917808,0.07671233,79.08909,1.8280662623698205
pakistan,draw_118,Female,0.0,0.01917808,79.08909,1.4324858967974952
pakistan,draw_118,Male,0.0,0.01917808,79.08909,1.5392688068900275
pakistan,draw_118,Female,0.01917808,0.07671233,79.08909,1.5063181053128842
pakistan,draw_118,Male,0.01917808,0.07671233,79.08909,1.6153792957422162
ethiopia,draw_118,Female,0.0,0.01917808,79.1992,1.8500518312052816
ethiopia,draw_118,Male,0.0,0.01917808,79.1992,1.7744823495485214
ethiopia,draw_118,Female,0.01917808,0.07671233,79.1992,1.8477448779761205
ethiopia,draw_118,Male,0.01917808,0.07671233,79.1992,1.8079840165596073
nigeria,draw_118,Female,0.0,0.01917808,79.1992,1.7990644588810252
nigeria,draw_118,Male,0.0,0.01917808,79.1992,1.810105616104432
nigeria,draw_118,Female,0.01917808,0.07671233,79.1992,1.8109624108561835
nigeria,draw_118,Male,0.01917808,0.07671233,79.1992,1.8266087374113558
pakistan,draw_118,Female,0.0,0.01917808,79.1992,1.4337503292784173
pakistan,draw_118,Male,0.0,0.01917808,79.1992,1.539826717099563
pakistan,draw_118,Female,0.01917808,0.07671233,79.1992,1.5068167635802345
pakistan,draw_118,Male,0.01917808,0.07671233,79.1992,1.6152053395131365
ethiopia,draw_118,Female,0.0,0.01917808,79.30931,1.8486455598118552
ethiopia,draw_118,Male,0.0,0.01917808,79.30931,1.773525091025997
ethiopia,draw_118,Female,0.01917808,0.07671233,79.30931,1.846169442582522
ethiopia,draw_118,Male,0.01917808,0.07671233,79.30931,1.8066073124320468
nigeria,draw_118,Female,0.0,0.01917808,79.30931,1.7979350470837352
nigeria,draw_118,Male,0.0,0.01917808,79.30931,1.8089896050980891
nigeria,draw_118,Female,0.01917808,0.07671233,79.30931,1.809596094758802
nigeria,draw_118,Male,0.01917808,0.07671233,79.30931,1.8251358344817321
pakistan,draw_118,Female,0.0,0.01917808,79.30931,1.4349955774833176
pakistan,draw_118,Male,0.0,0.01917808,79.30931,1.5403664395991148
pakistan,draw_118,Female,0.01917808,0.07671233,79.30931,1.5072994758906997
pakistan,draw_118,Male,0.01917808,0.07671233,79.30931,1.6150153831773182
ethiopia,draw_118,Female,0.0,0.01917808,79.41942,1.847222655080226
ethiopia,draw_118,Male,0.0,0.01917808,79.41942,1.772551342100266
ethiopia,draw_118,Female,0.01917808,0.07671233,79.41942,1.8445788099204956
ethiopia,draw_118,Male,0.01917808,0.07671233,79.41942,1.8052159344170307
nigeria,draw_118,Female,0.0,0.01917808,79.41942,1.7967867058831275
nigeria,draw_118,Male,0.0,0.01917808,79.41942,1.807855308904355
nigeria,draw_118,Female,0.01917808,0.07671233,79.41942,1.808213283173961
nigeria,draw_118,Male,0.01917808,0.07671233,79.41942,1.823647310294595
pakistan,draw_118,Female,0.0,0.01917808,79.41942,1.4362218407194915
pakistan,draw_118,Male,0.0,0.01917808,79.41942,1.540888724276591
pakistan,draw_118,Female,0.01917808,0.07671233,79.41942,1.5077661781636313
pakistan,draw_118,Male,0.01917808,0.07671233,79.41942,1.614810235021587
ethiopia,draw_118,Female,0.0,0.01917808,79.52953,1.8457828537470677
ethiopia,draw_118,Male,0.0,0.01917808,79.52953,1.7715589586628242
ethiopia,draw_118,Female,0.01917808,0.07671233,79.52953,1.842972720753113
ethiopia,draw_118,Male,0.01917808,0.07671233,79.52953,1.8038086548758754
nigeria,draw_118,Female,0.0,0.01917808,79.52953,1.7956213513955914
nigeria,draw_118,Male,0.0,0.01917808,79.52953,1.8067037110936084
nigeria,draw_118,Female,0.01917808,0.07671233,79.52953,1.8068150242733882
nigeria,draw_118,Male,0.01917808,0.07671233,79.52953,1.8221435503911823
pakistan,draw_118,Female,0.0,0.01917808,79.52953,1.4374288039754797
pakistan,draw_118,Male,0.0,0.01917808,79.52953,1.541394155676297
pakistan,draw_118,Female,0.01917808,0.07671233,79.52953,1.5082167453431656
pakistan,draw_118,Male,0.01917808,0.07671233,79.52953,1.6145899509032138
ethiopia,draw_118,Female,0.0,0.01917808,79.63964,1.8443242265457853
ethiopia,draw_118,Male,0.0,0.01917808,79.63964,1.7705477826263916
ethiopia,draw_118,Female,0.01917808,0.07671233,79.63964,1.8413501152338068
ethiopia,draw_118,Male,0.01917808,0.07671233,79.63964,1.8023852413110322
nigeria,draw_118,Female,0.0,0.01917808,79.63964,1.7944372191003408
nigeria,draw_118,Male,0.0,0.01917808,79.63964,1.805532732826607
nigeria,draw_118,Female,0.01917808,0.07671233,79.63964,1.8054001879945833
nigeria,draw_118,Male,0.01917808,0.07671233,79.63964,1.8206236886210356
pakistan,draw_118,Female,0.0,0.01917808,79.63964,1.4386160228220777
pakistan,draw_118,Male,0.0,0.01917808,79.63964,1.5418796422758732
pakistan,draw_118,Female,0.01917808,0.07671233,79.63964,1.5086510197360536
pakistan,draw_118,Male,0.01917808,0.07671233,79.63964,1.6143524260359723
ethiopia,draw_118,Female,0.0,0.01917808,79.74975,1.842848135160095
ethiopia,draw_118,Male,0.0,0.01917808,79.74975,1.7695192797123533
ethiopia,draw_118,Female,0.01917808,0.07671233,79.74975,1.8397112826755238
ethiopia,draw_118,Male,0.01917808,0.07671233,79.74975,1.8009463815615494
nigeria,draw_118,Female,0.0,0.01917808,79.74975,1.793236782318389
nigeria,draw_118,Male,0.0,0.01917808,79.74975,1.8043427848550029
nigeria,draw_118,Female,0.01917808,0.07671233,79.74975,1.8039698634483274
nigeria,draw_118,Male,0.01917808,0.07671233,79.74975,1.8190877093473343
pakistan,draw_118,Female,0.0,0.01917808,79.74975,1.4397839502516565
pakistan,draw_118,Male,0.0,0.01917808,79.74975,1.5423464976905414
pakistan,draw_118,Female,0.01917808,0.07671233,79.74975,1.5090689226586123
pakistan,draw_118,Male,0.01917808,0.07671233,79.74975,1.6140985279841582
ethiopia,draw_118,Female,0.0,0.01917808,79.85986,1.8413544135324864
ethiopia,draw_118,Male,0.0,0.01917808,79.85986,1.7684710944523379
ethiopia,draw_118,Female,0.01917808,0.07671233,79.85986,1.8380566980599569
ethiopia,draw_118,Male,0.01917808,0.07671233,79.85986,1.7994911022225477
nigeria,draw_118,Female,0.0,0.01917808,79.85986,1.7920160791567352
nigeria,draw_118,Male,0.0,0.01917808,79.85986,1.803136217032421
nigeria,draw_118,Female,0.01917808,0.07671233,79.85986,1.8025223061339302
nigeria,draw_118,Male,0.01917808,0.07671233,79.85986,1.817537059747641
pakistan,draw_118,Female,0.0,0.01917808,79.85986,1.440932914996049
pakistan,draw_118,Male,0.0,0.01917808,79.85986,1.5427951046996875
pakistan,draw_118,Female,0.01917808,0.07671233,79.85986,1.5094707181065425
pakistan,draw_118,Male,0.01917808,0.07671233,79.85986,1.6138288595216503
ethiopia,draw_118,Female,0.0,0.01917808,79.96997,1.8398435149316652
ethiopia,draw_118,Male,0.0,0.01917808,79.96997,1.7674062937741082
ethiopia,draw_118,Female,0.01917808,0.07671233,79.96997,1.8363866515169547
ethiopia,draw_118,Male,0.01917808,0.07671233,79.96997,1.7980209480580247
nigeria,draw_118,Female,0.0,0.01917808,79.96997,1.7907769957128734
nigeria,draw_118,Male,0.0,0.01917808,79.96997,1.801909926632659
nigeria,draw_118,Female,0.01917808,0.07671233,79.96997,1.8010584889190648
nigeria,draw_118,Male,0.01917808,0.07671233,79.96997,1.8159698920165273
pakistan,draw_118,Female,0.0,0.01917808,79.96997,1.442061716996064
pakistan,draw_118,Male,0.0,0.01917808,79.96997,1.543225088261587
pakistan,draw_118,Female,0.01917808,0.07671233,79.96997,1.5098560960504241
pakistan,draw_118,Male,0.01917808,0.07671233,79.96997,1.613543318168173
ethiopia,draw_118,Female,0.0,0.01917808,80.08008,1.8383148351717762
ethiopia,draw_118,Male,0.0,0.01917808,80.08008,1.7663231369840993
ethiopia,draw_118,Female,0.01917808,0.07671233,80.08008,1.8347006421803198
ethiopia,draw_118,Male,0.01917808,0.07671233,80.08008,1.7965348254184326
nigeria,draw_118,Female,0.0,0.01917808,80.08008,1.7895220971011705
nigeria,draw_118,Male,0.0,0.01917808,80.08008,1.8006666621907252
nigeria,draw_118,Female,0.01917808,0.07671233,80.08008,1.7995796732679465
nigeria,draw_118,Male,0.01917808,0.07671233,80.08008,1.8143876834715247
pakistan,draw_118,Female,0.0,0.01917808,80.08008,1.4431701134125876
pakistan,draw_118,Male,0.0,0.01917808,80.08008,1.54363677819311
pakistan,draw_118,Female,0.01917808,0.07671233,80.08008,1.5102251748347693
pakistan,draw_118,Male,0.01917808,0.07671233,80.08008,1.6132419311036827
ethiopia,draw_118,Female,0.0,0.01917808,80.19019,1.8367691016440535
ethiopia,draw_118,Male,0.0,0.01917808,80.19019,1.7652215172635468
ethiopia,draw_118,Female,0.01917808,0.07671233,80.19019,1.8329990612748102
ethiopia,draw_118,Male,0.01917808,0.07671233,80.19019,1.7950328603614325
nigeria,draw_118,Female,0.0,0.01917808,80.19019,1.7882481037798943
nigeria,draw_118,Male,0.0,0.01917808,80.19019,1.7994049956691387
nigeria,draw_118,Female,0.01917808,0.07671233,80.19019,1.7980841603312852
nigeria,draw_118,Male,0.01917808,0.07671233,80.19019,1.8127897084765787
pakistan,draw_118,Female,0.0,0.01917808,80.19019,1.4442580055885859
pakistan,draw_118,Male,0.0,0.01917808,80.19019,1.5440287222456577
pakistan,draw_118,Female,0.01917808,0.07671233,80.19019,1.5105770059972252
pakistan,draw_118,Male,0.01917808,0.07671233,80.19019,1.6129236972990502
ethiopia,draw_118,Female,0.0,0.01917808,80.3003,1.8352042695981692
ethiopia,draw_118,Male,0.0,0.01917808,80.3003,1.7641024880842642
ethiopia,draw_118,Female,0.01917808,0.07671233,80.3003,1.8312807587211595
ethiopia,draw_118,Male,0.01917808,0.07671233,80.3003,1.793515580871326
nigeria,draw_118,Female,0.0,0.01917808,80.3003,1.7869572338982407
nigeria,draw_118,Male,0.0,0.01917808,80.3003,1.7981251335449995
nigeria,draw_118,Female,0.01917808,0.07671233,80.3003,1.796572970421585
nigeria,draw_118,Male,0.01917808,0.07671233,80.3003,1.8111761793333363
pakistan,draw_118,Female,0.0,0.01917808,80.3003,1.4453269654104688
pakistan,draw_118,Male,0.0,0.01917808,80.3003,1.5444020190824284
pakistan,draw_118,Female,0.01917808,0.07671233,80.3003,1.5109126871327978
pakistan,draw_118,Male,0.01917808,0.07671233,80.3003,1.6125889752671358
ethiopia,draw_118,Female,0.0,0.01917808,80.41041,1.8336229104968997
ethiopia,draw_118,Male,0.0,0.01917808,80.41041,1.762965373687806
ethiopia,draw_118,Female,0.01917808,0.07671233,80.41041,1.8295471538037134
ethiopia,draw_118,Male,0.01917808,0.07671233,80.41041,1.7919826466420912
nigeria,draw_118,Female,0.0,0.01917808,80.41041,1.785646829662668
nigeria,draw_118,Male,0.0,0.01917808,80.41041,1.7968262812645126
nigeria,draw_118,Female,0.01917808,0.07671233,80.41041,1.7950448499253646
nigeria,draw_118,Male,0.01917808,0.07671233,80.41041,1.809546503961477
pakistan,draw_118,Female,0.0,0.01917808,80.41041,1.4463733252250133
pakistan,draw_118,Male,0.0,0.01917808,80.41041,1.5447557204865672
pakistan,draw_118,Female,0.01917808,0.07671233,80.41041,1.5112305558328882
pakistan,draw_118,Male,0.01917808,0.07671233,80.41041,1.6122373691761698
ethiopia,draw_118,Female,0.0,0.01917808,80.52052,1.8320242797338624
ethiopia,draw_118,Male,0.0,0.01917808,80.52052,1.7618115654651108
ethiopia,draw_118,Female,0.01917808,0.07671233,80.52052,1.827797900220421
ethiopia,draw_118,Male,0.01917808,0.07671233,80.52052,1.7904347019407185
nigeria,draw_118,Female,0.0,0.01917808,80.52052,1.784319371490634
nigeria,draw_118,Male,0.0,0.01917808,80.52052,1.7955090776827185
nigeria,draw_118,Female,0.01917808,0.07671233,80.52052,1.7935010789525623
nigeria,draw_118,Male,0.01917808,0.07671233,80.52052,1.8079008794641127
pakistan,draw_118,Female,0.0,0.01917808,80.52052,1.4473993514614991
pakistan,draw_118,Male,0.0,0.01917808,80.52052,1.5450896737338298
pakistan,draw_118,Female,0.01917808,0.07671233,80.52052,1.5115315154795719
pakistan,draw_118,Male,0.01917808,0.07671233,80.52052,1.6118687386665733
ethiopia,draw_118,Female,0.0,0.01917808,80.63063,1.8304084050385392
ethiopia,draw_118,Male,0.0,0.01917808,80.63063,1.7606386660635158
ethiopia,draw_118,Female,0.01917808,0.07671233,80.63063,1.826033075359749
ethiopia,draw_118,Male,0.01917808,0.07671233,80.63063,1.7888706935529215
nigeria,draw_118,Female,0.0,0.01917808,80.63063,1.7829728613955487
nigeria,draw_118,Male,0.0,0.01917808,80.63063,1.7941746802823575
nigeria,draw_118,Female,0.01917808,0.07671233,80.63063,1.7919406622668757
nigeria,draw_118,Male,0.01917808,0.07671233,80.63063,1.806240166571459
pakistan,draw_118,Female,0.0,0.01917808,80.63063,1.4484034811232893
pakistan,draw_118,Male,0.0,0.01917808,80.63063,1.5454054061575555
pakistan,draw_118,Female,0.01917808,0.07671233,80.63063,1.5118149375675902
pakistan,draw_118,Male,0.01917808,0.07671233,80.63063,1.6114838853004865
ethiopia,draw_118,Female,0.0,0.01917808,80.74074,1.8287730619695626
ethiopia,draw_118,Male,0.0,0.01917808,80.74074,1.7594475957941793
ethiopia,draw_118,Female,0.01917808,0.07671233,80.74074,1.8242507876379594
ethiopia,draw_118,Male,0.01917808,0.07671233,80.74074,1.7872905323470403
nigeria,draw_118,Female,0.0,0.01917808,80.74074,1.7816074034394254
nigeria,draw_118,Male,0.0,0.01917808,80.74074,1.792819975574578
nigeria,draw_118,Female,0.01917808,0.07671233,80.74074,1.790363092728626
nigeria,draw_118,Male,0.01917808,0.07671233,80.74074,1.8045621442625932
pakistan,draw_118,Female,0.0,0.01917808,80.74074,1.4493861322767656
pakistan,draw_118,Male,0.0,0.01917808,80.74074,1.5457018897014903
pakistan,draw_118,Female,0.01917808,0.07671233,80.74074,1.5120805651001643
pakistan,draw_118,Male,0.01917808,0.07671233,80.74074,1.6110817341485595
ethiopia,draw_118,Female,0.0,0.01917808,80.85085,1.8271207002822176
ethiopia,draw_118,Male,0.0,0.01917808,80.85085,1.7582385432551872
ethiopia,draw_118,Female,0.01917808,0.07671233,80.85085,1.8224529156539717
ethiopia,draw_118,Male,0.01917808,0.07671233,80.85085,1.7856945574422722
nigeria,draw_118,Female,0.0,0.01917808,80.85085,1.7802231418270567
nigeria,draw_118,Male,0.0,0.01917808,80.85085,1.7914474616159688
nigeria,draw_118,Female,0.01917808,0.07671233,80.85085,1.78876891974189
nigeria,draw_118,Male,0.01917808,0.07671233,80.85085,1.8028684781209134
pakistan,draw_118,Female,0.0,0.01917808,80.85085,1.4503470744984026
pakistan,draw_118,Male,0.0,0.01917808,80.85085,1.545978100225551
pakistan,draw_118,Female,0.01917808,0.07671233,80.85085,1.5123284287031036
pakistan,draw_118,Male,0.01917808,0.07671233,80.85085,1.610662170957514
ethiopia,draw_118,Female,0.0,0.01917808,80.96096,1.8254499947912768
ethiopia,draw_118,Male,0.0,0.01917808,80.96096,1.7570110349861732
ethiopia,draw_118,Female,0.01917808,0.07671233,80.96096,1.820638657676334
ethiopia,draw_118,Male,0.01917808,0.07671233,80.96096,1.7840825775944829
nigeria,draw_118,Female,0.0,0.01917808,80.96096,1.7788204688277651
nigeria,draw_118,Male,0.0,0.01917808,80.96096,1.7900565597485283
nigeria,draw_118,Female,0.01917808,0.07671233,80.96096,1.7871582104849781
nigeria,draw_118,Male,0.01917808,0.07671233,80.96096,1.8011591217028033
pakistan,draw_118,Female,0.0,0.01917808,80.96096,1.4512879473793001
pakistan,draw_118,Male,0.0,0.01917808,80.96096,1.5462351030764874
pakistan,draw_118,Female,0.01917808,0.07671233,80.96096,1.512559509228785
pakistan,draw_118,Male,0.01917808,0.07671233,80.96096,1.6102256759884448
ethiopia,draw_118,Female,0.0,0.01917808,81.07107,1.823762764755649
ethiopia,draw_118,Male,0.0,0.01917808,81.07107,1.7557651146488042
ethiopia,draw_118,Female,0.01917808,0.07671233,81.07107,1.8188090361489386
ethiopia,draw_118,Male,0.01917808,0.07671233,81.07107,1.7824547456954374
nigeria,draw_118,Female,0.0,0.01917808,81.07107,1.777399676411439
nigeria,draw_118,Male,0.0,0.01917808,81.07107,1.7886467041229868
nigeria,draw_118,Female,0.01917808,0.07671233,81.07107,1.785530994873612
nigeria,draw_118,Male,0.01917808,0.07671233,81.07107,1.7994337019205546
pakistan,draw_118,Female,0.0,0.01917808,81.07107,1.45220847619042
pakistan,draw_118,Male,0.0,0.01917808,81.07107,1.5464712921532457
pakistan,draw_118,Female,0.01917808,0.07671233,81.07107,1.5127730652519185
pakistan,draw_118,Male,0.01917808,0.07671233,81.07107,1.6097711693627463
ethiopia,draw_118,Female,0.0,0.01917808,81.18118,1.8220552739575706
ethiopia,draw_118,Male,0.0,0.01917808,81.18118,1.754501454181317
ethiopia,draw_118,Female,0.01917808,0.07671233,81.18118,1.8169618417511926
ethiopia,draw_118,Male,0.01917808,0.07671233,81.18118,1.7808115100217414
nigeria,draw_118,Female,0.0,0.01917808,81.18118,1.775960063075745
nigeria,draw_118,Male,0.0,0.01917808,81.18118,1.7872196134853335
nigeria,draw_118,Female,0.01917808,0.07671233,81.18118,1.7838871783670096
nigeria,draw_118,Male,0.01917808,0.07671233,81.18118,1.7976930669132436
pakistan,draw_118,Female,0.0,0.01917808,81.18118,1.4531082540244016
pakistan,draw_118,Male,0.0,0.01917808,81.18118,1.5466879926166124
pakistan,draw_118,Female,0.01917808,0.07671233,81.18118,1.5129693101419364
pakistan,draw_118,Male,0.01917808,0.07671233,81.18118,1.6092998610690825
ethiopia,draw_118,Female,0.0,0.01917808,81.29129,1.8203320599925692
ethiopia,draw_118,Male,0.0,0.01917808,81.29129,1.7532178977827952
ethiopia,draw_118,Female,0.01917808,0.07671233,81.29129,1.8150995302625141
ethiopia,draw_118,Male,0.01917808,0.07671233,81.29129,1.7791515301634193
nigeria,draw_118,Female,0.0,0.01917808,81.29129,1.7745020756062386
nigeria,draw_118,Male,0.0,0.01917808,81.29129,1.7857738517593589
nigeria,draw_118,Female,0.01917808,0.07671233,81.29129,1.7822269408332776
nigeria,draw_118,Male,0.01917808,0.07671233,81.29129,1.7959364660548574
pakistan,draw_118,Female,0.0,0.01917808,81.29129,1.4539876074661044
pakistan,draw_118,Male,0.0,0.01917808,81.29129,1.5468850768644005
pakistan,draw_118,Female,0.01917808,0.07671233,81.29129,1.5131487128014411
pakistan,draw_118,Male,0.01917808,0.07671233,81.29129,1.6088115889730639
ethiopia,draw_118,Female,0.0,0.01917808,81.4014,1.8185891862547745
ethiopia,draw_118,Male,0.0,0.01917808,81.4014,1.7519168387716046
ethiopia,draw_118,Female,0.01917808,0.07671233,81.4014,1.813220167816702
ethiopia,draw_118,Male,0.01917808,0.07671233,81.4014,1.777476136994934
nigeria,draw_118,Female,0.0,0.01917808,81.4014,1.7730264893988226
nigeria,draw_118,Male,0.0,0.01917808,81.4014,1.7843083829119293
nigeria,draw_118,Female,0.01917808,0.07671233,81.4014,1.7805507523541486
nigeria,draw_118,Male,0.01917808,0.07671233,81.4014,1.794163313664886
pakistan,draw_118,Female,0.0,0.01917808,81.4014,1.4548461303239888
pakistan,draw_118,Male,0.0,0.01917808,81.4014,1.5470607776767804
pakistan,draw_118,Female,0.01917808,0.07671233,81.4014,1.5133112860818503
pakistan,draw_118,Male,0.01917808,0.07671233,81.4014,1.6083053821657982
ethiopia,draw_118,Female,0.0,0.01917808,81.51151,1.8168291287656098
ethiopia,draw_118,Male,0.0,0.01917808,81.51151,1.750597735849765
ethiopia,draw_118,Female,0.01917808,0.07671233,81.51151,1.811325142786746
ethiopia,draw_118,Male,0.01917808,0.07671233,81.51151,1.7757850103473385
nigeria,draw_118,Female,0.0,0.01917808,81.51151,1.7715333935011535
nigeria,draw_118,Male,0.0,0.01917808,81.51151,1.782824940071412
nigeria,draw_118,Female,0.01917808,0.07671233,81.51151,1.778858546021421
nigeria,draw_118,Male,0.01917808,0.07671233,81.51151,1.7923744266553385
pakistan,draw_118,Female,0.0,0.01917808,81.51151,1.4556829332072267
pakistan,draw_118,Male,0.0,0.01917808,81.51151,1.5472166709738135
pakistan,draw_118,Female,0.01917808,0.07671233,81.51151,1.5134559843814717
pakistan,draw_118,Male,0.01917808,0.07671233,81.51151,1.607781821039341
ethiopia,draw_118,Female,0.0,0.01917808,81.62162,1.8150499352932152
ethiopia,draw_118,Male,0.0,0.01917808,81.62162,1.749258475692522
ethiopia,draw_118,Female,0.01917808,0.07671233,81.62162,1.8094133002122317
ethiopia,draw_118,Male,0.01917808,0.07671233,81.62162,1.7740770185082226
nigeria,draw_118,Female,0.0,0.01917808,81.62162,1.7700206899614563
nigeria,draw_118,Male,0.0,0.01917808,81.62162,1.7813221187198016
nigeria,draw_118,Female,0.01917808,0.07671233,81.62162,1.7771491363046164
nigeria,draw_118,Male,0.01917808,0.07671233,81.62162,1.7905692294250495
pakistan,draw_118,Female,0.0,0.01917808,81.62162,1.456498034665818
pakistan,draw_118,Male,0.0,0.01917808,81.62162,1.5473521909698207
pakistan,draw_118,Female,0.01917808,0.07671233,81.62162,1.5135828270756895
pakistan,draw_118,Male,0.01917808,0.07671233,81.62162,1.607240672787125
ethiopia,draw_118,Female,0.0,0.01917808,81.73173,1.8132525812631632
ethiopia,draw_118,Male,0.0,0.01917808,81.73173,1.7479004678357748
ethiopia,draw_118,Female,0.01917808,0.07671233,81.73173,1.807484780558245
ethiopia,draw_118,Male,0.01917808,0.07671233,81.73173,1.7723525447861155
nigeria,draw_118,Female,0.0,0.01917808,81.73173,1.768488159261831
nigeria,draw_118,Male,0.0,0.01917808,81.73173,1.779800823894765
nigeria,draw_118,Female,0.01917808,0.07671233,81.73173,1.7754223110577252
nigeria,draw_118,Male,0.01917808,0.07671233,81.73173,1.7887478650831519
pakistan,draw_118,Female,0.0,0.01917808,81.73173,1.4572906632306106
pakistan,draw_118,Male,0.0,0.01917808,81.73173,1.547467298146966
pakistan,draw_118,Female,0.01917808,0.07671233,81.73173,1.5136914391378857
pakistan,draw_118,Male,0.01917808,0.07671233,81.73173,1.6066818283098787
ethiopia,draw_118,Female,0.0,0.01917808,81.84184,1.8114364628314235
ethiopia,draw_118,Male,0.0,0.01917808,81.84184,1.7465243898050171
ethiopia,draw_118,Female,0.01917808,0.07671233,81.84184,1.8055393743592776
ethiopia,draw_118,Male,0.01917808,0.07671233,81.84184,1.7706118763161518
nigeria,draw_118,Female,0.0,0.01917808,81.84184,1.766939059703146
nigeria,draw_118,Male,0.0,0.01917808,81.84184,1.7782603883776638
nigeria,draw_118,Female,0.01917808,0.07671233,81.84184,1.7736797044172388
nigeria,draw_118,Male,0.01917808,0.07671233,81.84184,1.7869100670583657
pakistan,draw_118,Female,0.0,0.01917808,81.84184,1.458060264586879
pakistan,draw_118,Male,0.0,0.01917808,81.84184,1.547561962493998
pakistan,draw_118,Female,0.01917808,0.07671233,81.84184,1.5137814410426946
pakistan,draw_118,Male,0.01917808,0.07671233,81.84184,1.6061053597339534
ethiopia,draw_118,Female,0.0,0.01917808,81.95195,1.8096028524464163
ethiopia,draw_118,Male,0.0,0.01917808,81.95195,1.7451297754094857
ethiopia,draw_118,Female,0.01917808,0.07671233,81.95195,1.803578000246047
ethiopia,draw_118,Male,0.01917808,0.07671233,81.95195,1.7688550472160585
nigeria,draw_118,Female,0.0,0.01917808,81.95195,1.7653704889327135
nigeria,draw_118,Male,0.0,0.01917808,81.95195,1.7767014491395665
nigeria,draw_118,Female,0.01917808,0.07671233,81.95195,1.771919927999895
nigeria,draw_118,Male,0.01917808,0.07671233,81.95195,1.7850562876393095
pakistan,draw_118,Female,0.0,0.01917808,81.95195,1.4588088123132192
pakistan,draw_118,Male,0.0,0.01917808,81.95195,1.5476349863435719
pakistan,draw_118,Female,0.01917808,0.07671233,81.95195,1.5138539681784142
pakistan,draw_118,Male,0.01917808,0.07671233,81.95195,1.6055105421207267
ethiopia,draw_118,Female,0.0,0.01917808,82.06206,1.8077514191735629
ethiopia,draw_118,Male,0.0,0.01917808,82.06206,1.7437167276756653
ethiopia,draw_118,Female,0.01917808,0.07671233,82.06206,1.8016004494487838
ethiopia,draw_118,Male,0.01917808,0.07671233,82.06206,1.767082231514981
nigeria,draw_118,Female,0.0,0.01917808,82.06206,1.763783405199111
nigeria,draw_118,Male,0.0,0.01917808,82.06206,1.7751236524672114
nigeria,draw_118,Female,0.01917808,0.07671233,82.06206,1.770143285613503
nigeria,draw_118,Male,0.01917808,0.07671233,82.06206,1.783186413989382
pakistan,draw_118,Female,0.0,0.01917808,82.06206,1.4595355426479504
pakistan,draw_118,Male,0.0,0.01917808,82.06206,1.5476883836671056
pakistan,draw_118,Female,0.01917808,0.07671233,82.06206,1.513908483014798
pakistan,draw_118,Male,0.01917808,0.07671233,82.06206,1.6048985526561315
ethiopia,draw_118,Female,0.0,0.01917808,82.17217,1.8058824495244576
ethiopia,draw_118,Male,0.0,0.01917808,82.17217,1.7422858389324494
ethiopia,draw_118,Female,0.01917808,0.07671233,82.17217,1.7996068735469897
ethiopia,draw_118,Male,0.01917808,0.07671233,82.17217,1.765293507939487
nigeria,draw_118,Female,0.0,0.01917808,82.17217,1.7621770177299825
nigeria,draw_118,Male,0.0,0.01917808,82.17217,1.7735271157309265
nigeria,draw_118,Female,0.01917808,0.07671233,82.17217,1.7683495488405967
nigeria,draw_118,Male,0.01917808,0.07671233,82.17217,1.781300292268052
pakistan,draw_118,Female,0.0,0.01917808,82.17217,1.460240620654094
pakistan,draw_118,Male,0.0,0.01917808,82.17217,1.5477217497755649
pakistan,draw_118,Female,0.01917808,0.07671233,82.17217,1.5139449313136988
pakistan,draw_118,Male,0.01917808,0.07671233,82.17217,1.6042694122521834
ethiopia,draw_118,Female,0.0,0.01917808,82.28228,1.803995026250361
ethiopia,draw_118,Male,0.0,0.01917808,82.28228,1.7408353289000496
ethiopia,draw_118,Female,0.01917808,0.07671233,82.28228,1.7975966767381757
ethiopia,draw_118,Male,0.01917808,0.07671233,82.28228,1.7634880793284542
nigeria,draw_118,Female,0.0,0.01917808,82.28228,1.7605509584680903
nigeria,draw_118,Male,0.0,0.01917808,82.28228,1.7719128189008682
nigeria,draw_118,Female,0.01917808,0.07671233,82.28228,1.766538569109128
nigeria,draw_118,Male,0.01917808,0.07671233,82.28228,1.779398602133097
pakistan,draw_118,Female,0.0,0.01917808,82.28228,1.4609234738418484
pakistan,draw_118,Male,0.0,0.01917808,82.28228,1.5477336395529109
pakistan,draw_118,Female,0.01917808,0.07671233,82.28228,1.5139632455372705
pakistan,draw_118,Male,0.01917808,0.07671233,82.28228,1.603621959721166
ethiopia,draw_118,Female,0.0,0.01917808,82.39239,1.8020899066033018
ethiopia,draw_118,Male,0.0,0.01917808,82.39239,1.7393661375074247
ethiopia,draw_118,Female,0.01917808,0.07671233,82.39239,1.7955701848161136
ethiopia,draw_118,Male,0.01917808,0.07671233,82.39239,1.7616667479387194
nigeria,draw_118,Female,0.0,0.01917808,82.39239,1.7589065558056853
nigeria,draw_118,Male,0.0,0.01917808,82.39239,1.7702797317600942
nigeria,draw_118,Female,0.01917808,0.07671233,82.39239,1.7647109862191965
nigeria,draw_118,Male,0.01917808,0.07671233,82.39239,1.7774805610138964
pakistan,draw_118,Female,0.0,0.01917808,82.39239,1.4615847926150003
pakistan,draw_118,Male,0.0,0.01917808,82.39239,1.5477255516946318
pakistan,draw_118,Female,0.01917808,0.07671233,82.39239,1.5139638565204425
pakistan,draw_118,Male,0.01917808,0.07671233,82.39239,1.6029570941209303
ethiopia,draw_118,Female,0.0,0.01917808,82.5025,1.8001656793150276
ethiopia,draw_118,Male,0.0,0.01917808,82.5025,1.7378773958022944
ethiopia,draw_118,Female,0.01917808,0.07671233,82.5025,1.7935268389865862
ethiopia,draw_118,Male,0.01917808,0.07671233,82.5025,1.7598286429668055
nigeria,draw_118,Female,0.0,0.01917808,82.5025,1.7572444438021604
nigeria,draw_118,Male,0.0,0.01917808,82.5025,1.7686283071294475
nigeria,draw_118,Female,0.01917808,0.07671233,82.5025,1.7628671354484526
nigeria,draw_118,Male,0.01917808,0.07671233,82.5025,1.7755465024615062
pakistan,draw_118,Female,0.0,0.01917808,82.5025,1.4622242555579221
pakistan,draw_118,Male,0.0,0.01917808,82.5025,1.5476967326914497
pakistan,draw_118,Female,0.01917808,0.07671233,82.5025,1.5139464245177656
pakistan,draw_118,Male,0.01917808,0.07671233,82.5025,1.602274603179234
ethiopia,draw_118,Female,0.0,0.01917808,82.61261,1.7982241058235906
ethiopia,draw_118,Male,0.0,0.01917808,82.61261,1.736371483639503
ethiopia,draw_118,Female,0.01917808,0.07671233,82.61261,1.7914675170329706
ethiopia,draw_118,Male,0.01917808,0.07671233,82.61261,1.7579750135757848
nigeria,draw_118,Female,0.0,0.01917808,82.61261,1.7555644627171505
nigeria,draw_118,Male,0.0,0.01917808,82.61261,1.7669573040523157
nigeria,draw_118,Female,0.01917808,0.07671233,82.61261,1.761006801223664
nigeria,draw_118,Male,0.01917808,0.07671233,82.61261,1.7735957667419855
pakistan,draw_118,Female,0.0,0.01917808,82.61261,1.462840621168027
pakistan,draw_118,Male,0.0,0.01917808,82.61261,1.5476472053225876
pakistan,draw_118,Female,0.01917808,0.07671233,82.61261,1.513910303641133
pakistan,draw_118,Male,0.01917808,0.07671233,82.61261,1.6015744977763398
ethiopia,draw_118,Female,0.0,0.01917808,82.72272,1.7962634368465091
ethiopia,draw_118,Male,0.0,0.01917808,82.72272,1.7348466013166763
ethiopia,draw_118,Female,0.01917808,0.07671233,82.72272,1.7893912232662543
ethiopia,draw_118,Male,0.01917808,0.07671233,82.72272,1.7561048790355815
nigeria,draw_118,Female,0.0,0.01917808,82.72272,1.7538639693188396
nigeria,draw_118,Male,0.0,0.01917808,82.72272,1.765268266765609
nigeria,draw_118,Female,0.01917808,0.07671233,82.72272,1.7591284637318412
nigeria,draw_118,Male,0.01917808,0.07671233,82.72272,1.7716289196736823
pakistan,draw_118,Female,0.0,0.01917808,82.72272,1.4634332471210072
pakistan,draw_118,Male,0.0,0.01917808,82.72272,1.5475756612196516
pakistan,draw_118,Female,0.01917808,0.07671233,82.72272,1.5138549148661613
pakistan,draw_118,Male,0.01917808,0.07671233,82.72272,1.6008556924440025
ethiopia,draw_118,Female,0.0,0.01917808,82.83283,1.794283378926269
ethiopia,draw_118,Male,0.0,0.01917808,82.83283,1.7333022249162582
ethiopia,draw_118,Female,0.01917808,0.07671233,82.83283,1.787297663283614
ethiopia,draw_118,Male,0.01917808,0.07671233,82.83283,1.7542179791881236
nigeria,draw_118,Female,0.0,0.01917808,82.83283,1.7521443190289956
nigeria,draw_118,Male,0.0,0.01917808,82.83283,1.7635587375822999
nigeria,draw_118,Female,0.01917808,0.07671233,82.83283,1.7572327144298567
nigeria,draw_118,Male,0.01917808,0.07671233,82.83283,1.7696445566540726
pakistan,draw_118,Female,0.0,0.01917808,82.83283,1.464003877537428
pakistan,draw_118,Male,0.0,0.01917808,82.83283,1.5474831547461956
pakistan,draw_118,Female,0.01917808,0.07671233,82.83283,1.5137809926656594
pakistan,draw_118,Male,0.01917808,0.07671233,82.83283,1.6001183739260225
ethiopia,draw_118,Female,0.0,0.01917808,82.94294,1.7922849732636248
ethiopia,draw_118,Male,0.0,0.01917808,82.94294,1.7317392377094731
ethiopia,draw_118,Female,0.01917808,0.07671233,82.94294,1.7851874727681263
ethiopia,draw_118,Male,0.01917808,0.07671233,82.94294,1.7523149348199214
nigeria,draw_118,Female,0.0,0.01917808,82.94294,1.7504046701720013
nigeria,draw_118,Male,0.0,0.01917808,82.94294,1.7618317449342076
nigeria,draw_118,Female,0.01917808,0.07671233,82.94294,1.7553194707145319
nigeria,draw_118,Male,0.01917808,0.07671233,82.94294,1.7676445877354694
pakistan,draw_118,Female,0.0,0.01917808,82.94294,1.4645518029092486
pakistan,draw_118,Male,0.0,0.01917808,82.94294,1.5473691734155486
pakistan,draw_118,Female,0.01917808,0.07671233,82.94294,1.5136885493253422
pakistan,draw_118,Male,0.01917808,0.07671233,82.94294,1.5993629110285872
ethiopia,draw_118,Female,0.0,0.01917808,83.05305,1.7902686576841658
ethiopia,draw_118,Male,0.0,0.01917808,83.05305,1.730157949851056
ethiopia,draw_118,Female,0.01917808,0.07671233,83.05305,1.783061003309364
ethiopia,draw_118,Male,0.01917808,0.07671233,83.05305,1.7503955610367161
nigeria,draw_118,Female,0.0,0.01917808,83.05305,1.7486482152178495
nigeria,draw_118,Male,0.0,0.01917808,83.05305,1.7600841798212028
nigeria,draw_118,Female,0.01917808,0.07671233,83.05305,1.753390301198064
nigeria,draw_118,Male,0.01917808,0.07671233,83.05305,1.7656272696965736
pakistan,draw_118,Female,0.0,0.01917808,83.05305,1.4650763835429295
pakistan,draw_118,Male,0.0,0.01917808,83.05305,1.547233460389011
pakistan,draw_118,Female,0.01917808,0.07671233,83.05305,1.5135772563906496
pakistan,draw_118,Male,0.01917808,0.07671233,83.05305,1.5985891621358828
ethiopia,draw_118,Female,0.0,0.01917808,83.16316,1.7882325978526497
ethiopia,draw_118,Male,0.0,0.01917808,83.16316,1.7285571839577334
ethiopia,draw_118,Female,0.01917808,0.07671233,83.16316,1.7809171866112197
ethiopia,draw_118,Male,0.01917808,0.07671233,83.16316,1.7484594293086104
nigeria,draw_118,Female,0.0,0.01917808,83.16316,1.7468717962914104
nigeria,draw_118,Male,0.0,0.01917808,83.16316,1.7583196700438382
nigeria,draw_118,Female,0.01917808,0.07671233,83.16316,1.751443670746458
nigeria,draw_118,Male,0.01917808,0.07671233,83.16316,1.7635946096450565
pakistan,draw_118,Female,0.0,0.01917808,83.16316,1.4655789083067725
pakistan,draw_118,Male,0.0,0.01917808,83.16316,1.5470758920317813
pakistan,draw_118,Female,0.01917808,0.07671233,83.16316,1.5134479990819936
pakistan,draw_118,Male,0.01917808,0.07671233,83.16316,1.5977970500027883
ethiopia,draw_118,Female,0.0,0.01917808,83.27327,1.7861794343911161
ethiopia,draw_118,Male,0.0,0.01917808,83.27327,1.7269383312348077
ethiopia,draw_118,Female,0.01917808,0.07671233,83.27327,1.778757934647345
ethiopia,draw_118,Male,0.01917808,0.07671233,83.27327,1.7465078256994349
nigeria,draw_118,Female,0.0,0.01917808,83.27327,1.7450794261950255
nigeria,draw_118,Male,0.0,0.01917808,83.27327,1.7565355950502755
nigeria,draw_118,Female,0.01917808,0.07671233,83.27327,1.7494821643200211
nigeria,draw_118,Male,0.01917808,0.07671233,83.27327,1.7615457050802512
pakistan,draw_118,Female,0.0,0.01917808,83.27327,1.46605923807591
pakistan,draw_118,Male,0.0,0.01917808,83.27327,1.5468984054209352
pakistan,draw_118,Female,0.01917808,0.07671233,83.27327,1.5133005268764752
pakistan,draw_118,Male,0.01917808,0.07671233,83.27327,1.5969880690784457
ethiopia,draw_118,Female,0.0,0.01917808,83.38338,1.7841107291418041
ethiopia,draw_118,Male,0.0,0.01917808,83.38338,1.7253022589834937
ethiopia,draw_118,Female,0.01917808,0.07671233,83.38338,1.7765846370811855
ethiopia,draw_118,Male,0.01917808,0.07671233,83.38338,1.744541640502264
nigeria,draw_118,Female,0.0,0.01917808,83.38338,1.7432693776543284
nigeria,draw_118,Male,0.0,0.01917808,83.38338,1.7547357140437432
nigeria,draw_118,Female,0.01917808,0.07671233,83.38338,1.74750531664945
nigeria,draw_118,Male,0.01917808,0.07671233,83.38338,1.7594831275184353
pakistan,draw_118,Female,0.0,0.01917808,83.38338,1.4665180509684739
pakistan,draw_118,Male,0.0,0.01917808,83.38338,1.5467013831368528
pakistan,draw_118,Female,0.01917808,0.07671233,83.38338,1.5131352647561989
pakistan,draw_118,Male,0.01917808,0.07671233,83.38338,1.59616288171818
ethiopia,draw_118,Female,0.0,0.01917808,83.49349,1.782026890420617
ethiopia,draw_118,Male,0.0,0.01917808,83.49349,1.7236506495338417
ethiopia,draw_118,Female,0.01917808,0.07671233,83.49349,1.7743975887070302
ethiopia,draw_118,Male,0.01917808,0.07671233,83.49349,1.742562068058414
nigeria,draw_118,Female,0.0,0.01917808,83.49349,1.7414437378911687
nigeria,draw_118,Male,0.0,0.01917808,83.49349,1.7529203598428411
nigeria,draw_118,Female,0.01917808,0.07671233,83.49349,1.7455144890519863
nigeria,draw_118,Male,0.01917808,0.07671233,83.49349,1.757407312562253
pakistan,draw_118,Female,0.0,0.01917808,83.49349,1.4669562730095838
pakistan,draw_118,Male,0.0,0.01917808,83.49349,1.5464851409104843
pakistan,draw_118,Female,0.01917808,0.07671233,83.49349,1.512952614739268
pakistan,draw_118,Male,0.01917808,0.07671233,83.49349,1.5953218738377866
ethiopia,draw_118,Female,0.0,0.01917808,83.6036,1.7799261259388979
ethiopia,draw_118,Male,0.0,0.01917808,83.6036,1.7219824655277214
ethiopia,draw_118,Female,0.01917808,0.07671233,83.6036,1.7721958875670687
ethiopia,draw_118,Male,0.01917808,0.07671233,83.6036,1.7405685925190215
nigeria,draw_118,Female,0.0,0.01917808,83.6036,1.7396014356163694
nigeria,draw_118,Male,0.0,0.01917808,83.6036,1.7510888302017842
nigeria,draw_118,Female,0.01917808,0.07671233,83.6036,1.743509196824771
nigeria,draw_118,Male,0.01917808,0.07671233,83.6036,1.7553179520631816
pakistan,draw_118,Female,0.0,0.01917808,83.6036,1.467374134199838
pakistan,draw_118,Male,0.0,0.01917808,83.6036,1.5462496891392172
pakistan,draw_118,Female,0.01917808,0.07671233,83.6036,1.5127529616604718
pakistan,draw_118,Male,0.01917808,0.07671233,83.6036,1.5944649771862824
ethiopia,draw_118,Female,0.0,0.01917808,83.71371,1.7778105168882143
ethiopia,draw_118,Male,0.0,0.01917808,83.71371,1.7202976773301313
ethiopia,draw_118,Female,0.01917808,0.07671233,83.71371,1.7699807617717058
ethiopia,draw_118,Male,0.01917808,0.07671233,83.71371,1.7385614587701226
nigeria,draw_118,Female,0.0,0.01917808,83.71371,1.737742305266249
nigeria,draw_118,Male,0.0,0.01917808,83.71371,1.7492410361772448
nigeria,draw_118,Female,0.01917808,0.07671233,83.71371,1.7414892092563732
nigeria,draw_118,Male,0.01917808,0.07671233,83.71371,1.7532149406190212
pakistan,draw_118,Female,0.0,0.01917808,83.71371,1.467769842548505
pakistan,draw_118,Male,0.0,0.01917808,83.71371,1.5459958303883434
pakistan,draw_118,Female,0.01917808,0.07671233,83.71371,1.5125354893872942
pakistan,draw_118,Male,0.01917808,0.07671233,83.71371,1.5935927769082403
ethiopia,draw_118,Female,0.0,0.01917808,83.82382,1.7756783125619489
ethiopia,draw_118,Male,0.0,0.01917808,83.82382,1.7185959376047406
ethiopia,draw_118,Female,0.01917808,0.07671233,83.82382,1.7677509048158182
ethiopia,draw_118,Male,0.01917808,0.07671233,83.82382,1.7365399833914514
nigeria,draw_118,Female,0.0,0.01917808,83.82382,1.735865929955104
nigeria,draw_118,Male,0.0,0.01917808,83.82382,1.7473763677735654
nigeria,draw_118,Female,0.01917808,0.07671233,83.82382,1.7394540001196939
nigeria,draw_118,Male,0.01917808,0.07671233,83.82382,1.7510977107762817
pakistan,draw_118,Female,0.0,0.01917808,83.82382,1.4681445914671658
pakistan,draw_118,Male,0.0,0.01917808,83.82382,1.5457225056323118
pakistan,draw_118,Female,0.01917808,0.07671233,83.82382,1.512300335550799
pakistan,draw_118,Male,0.01917808,0.07671233,83.82382,1.5927045494166179
ethiopia,draw_118,Female,0.0,0.01917808,83.93393,1.773531153800427
ethiopia,draw_118,Male,0.0,0.01917808,83.93393,1.716878805116059
ethiopia,draw_118,Female,0.01917808,0.07671233,83.93393,1.7655075574027213
ethiopia,draw_118,Male,0.01917808,0.07671233,83.93393,1.734505161678134
nigeria,draw_118,Female,0.0,0.01917808,83.93393,1.7339737686356793
nigeria,draw_118,Male,0.0,0.01917808,83.93393,1.7454955428164647
nigeria,draw_118,Female,0.01917808,0.07671233,83.93393,1.737404660396977
nigeria,draw_118,Male,0.01917808,0.07671233,83.93393,1.748966877450107
pakistan,draw_118,Female,0.0,0.01917808,83.93393,1.4684974063052687
pakistan,draw_118,Male,0.0,0.01917808,83.93393,1.5454299868613943
pakistan,draw_118,Female,0.01917808,0.07671233,83.93393,1.5120471447521409
pakistan,draw_118,Male,0.01917808,0.07671233,83.93393,1.5918005465001939
ethiopia,draw_118,Female,0.0,0.01917808,84.04404,1.7713688590020142
ethiopia,draw_118,Male,0.0,0.01917808,84.04404,1.7151450300323812
ethiopia,draw_118,Female,0.01917808,0.07671233,84.04404,1.763250781020772
ethiopia,draw_118,Male,0.01917808,0.07671233,84.04404,1.732456579716107
nigeria,draw_118,Female,0.0,0.01917808,84.04404,1.732067336451739
nigeria,draw_118,Male,0.0,0.01917808,84.04404,1.7435976741723695
nigeria,draw_118,Female,0.01917808,0.07671233,84.04404,1.735342135514906
nigeria,draw_118,Male,0.01917808,0.07671233,84.04404,1.7468220569421844
pakistan,draw_118,Female,0.0,0.01917808,84.04404,1.468829187939894
pakistan,draw_118,Male,0.0,0.01917808,84.04404,1.5451175023475998
pakistan,draw_118,Female,0.01917808,0.07671233,84.04404,1.5117764330073187
pakistan,draw_118,Male,0.01917808,0.07671233,84.04404,1.5908804546361246
ethiopia,draw_118,Female,0.0,0.01917808,84.15415,1.7691901449277403
ethiopia,draw_118,Male,0.0,0.01917808,84.15415,1.7133950827234044
ethiopia,draw_118,Female,0.01917808,0.07671233,84.15415,1.7609797910528195
ethiopia,draw_118,Male,0.01917808,0.07671233,84.15415,1.7303945497475344
nigeria,draw_118,Female,0.0,0.01917808,84.15415,1.7301441995783107
nigeria,draw_118,Male,0.0,0.01917808,84.15415,1.74168483565373
nigeria,draw_118,Female,0.01917808,0.07671233,84.15415,1.7332652192725457
nigeria,draw_118,Male,0.01917808,0.07671233,84.15415,1.7446643778822424
pakistan,draw_118,Female,0.0,0.01917808,84.15415,1.4691395185594673
pakistan,draw_118,Male,0.0,0.01917808,84.15415,1.5447869729278367
pakistan,draw_118,Female,0.01917808,0.07671233,84.15415,1.511488097156862
pakistan,draw_118,Male,0.01917808,0.07671233,84.15415,1.5899451794351396
ethiopia,draw_118,Female,0.0,0.01917808,84.26426,1.7669953436025632
ethiopia,draw_118,Male,0.0,0.01917808,84.26426,1.71162986296397
ethiopia,draw_118,Female,0.01917808,0.07671233,84.26426,1.7586947552438073
ethiopia,draw_118,Male,0.01917808,0.07671233,84.26426,1.7283191586850537
nigeria,draw_118,Female,0.0,0.01917808,84.26426,1.728206359618436
nigeria,draw_118,Male,0.0,0.01917808,84.26426,1.7397564737903366
nigeria,draw_118,Female,0.01917808,0.07671233,84.26426,1.7311749473804448
nigeria,draw_118,Male,0.01917808,0.07671233,84.26426,1.7424935570923585
pakistan,draw_118,Female,0.0,0.01917808,84.26426,1.469429416332535
pakistan,draw_118,Male,0.0,0.01917808,84.26426,1.5444384499463784
pakistan,draw_118,Female,0.01917808,0.07671233,84.26426,1.5111828204902533
pakistan,draw_118,Male,0.01917808,0.07671233,84.26426,1.5889948775562335
ethiopia,draw_118,Female,0.0,0.01917808,84.37437,1.7647861590658154
ethiopia,draw_118,Male,0.0,0.01917808,84.37437,1.7098477317569472
ethiopia,draw_118,Female,0.01917808,0.07671233,84.37437,1.756396703429909
ethiopia,draw_118,Male,0.01917808,0.07671233,84.37437,1.7262299086454458
nigeria,draw_118,Female,0.0,0.01917808,84.37437,1.7262519424783536
nigeria,draw_118,Male,0.0,0.01917808,84.37437,1.737812163146243
nigeria,draw_118,Female,0.01917808,0.07671233,84.37437,1.7290705043213985
nigeria,draw_118,Male,0.01917808,0.07671233,84.37437,1.7403093592877878
pakistan,draw_118,Female,0.0,0.01917808,84.37437,1.4696990390339781
pakistan,draw_118,Male,0.0,0.01917808,84.37437,1.5440702661595653
pakistan,draw_118,Female,0.01917808,0.07671233,84.37437,1.5108604307006823
pakistan,draw_118,Male,0.01917808,0.07671233,84.37437,1.5880285302333952
ethiopia,draw_118,Female,0.0,0.01917808,84.48448,1.7625625015662298
ethiopia,draw_118,Male,0.0,0.01917808,84.48448,1.7080493686080391
ethiopia,draw_118,Female,0.01917808,0.07671233,84.48448,1.7540856124809399
ethiopia,draw_118,Male,0.01917808,0.07671233,84.48448,1.7241272596559303
nigeria,draw_118,Female,0.0,0.01917808,84.48448,1.724283549093079
nigeria,draw_118,Male,0.0,0.01917808,84.48448,1.7358526221159072
nigeria,draw_118,Female,0.01917808,0.07671233,84.48448,1.7269532306989281
nigeria,draw_118,Male,0.01917808,0.07671233,84.48448,1.7381121339287753
pakistan,draw_118,Female,0.0,0.01917808,84.48448,1.469947606318061
pakistan,draw_118,Male,0.0,0.01917808,84.48448,1.5436843450623534
pakistan,draw_118,Female,0.01917808,0.07671233,84.48448,1.5105203955146769
pakistan,draw_118,Male,0.01917808,0.07671233,84.48448,1.5870473059534007
ethiopia,draw_118,Female,0.0,0.01917808,84.59459,1.7603235369698627
ethiopia,draw_118,Male,0.0,0.01917808,84.59459,1.7062366115662888
ethiopia,draw_118,Female,0.01917808,0.07671233,84.59459,1.751761297460333
ethiopia,draw_118,Male,0.01917808,0.07671233,84.59459,1.722012275132825
nigeria,draw_118,Female,0.0,0.01917808,84.59459,1.72230004536768
nigeria,draw_118,Male,0.0,0.01917808,84.59459,1.7338771831588242
nigeria,draw_118,Female,0.01917808,0.07671233,84.59459,1.7248227610398712
nigeria,draw_118,Male,0.01917808,0.07671233,84.59459,1.7359018374527813
pakistan,draw_118,Female,0.0,0.01917808,84.59459,1.470175278246611
pakistan,draw_118,Male,0.0,0.01917808,84.59459,1.5432791508612547
pakistan,draw_118,Female,0.01917808,0.07671233,84.59459,1.510163294158351
pakistan,draw_118,Male,0.01917808,0.07671233,84.59459,1.5860504338763355
ethiopia,draw_118,Female,0.0,0.01917808,84.7047,1.7580699120470191
ethiopia,draw_118,Male,0.0,0.01917808,84.7047,1.704407718506341
ethiopia,draw_118,Female,0.01917808,0.07671233,84.7047,1.74942408376286
ethiopia,draw_118,Male,0.01917808,0.07671233,84.7047,1.7198839260370027
nigeria,draw_118,Female,0.0,0.01917808,84.7047,1.720301811022954
nigeria,draw_118,Male,0.0,0.01917808,84.7047,1.7318862399609156
nigeria,draw_118,Female,0.01917808,0.07671233,84.7047,1.722679321805484
nigeria,draw_118,Male,0.01917808,0.07671233,84.7047,1.733678589730941
pakistan,draw_118,Female,0.0,0.01917808,84.7047,1.4703813431540176
pakistan,draw_118,Male,0.0,0.01917808,84.7047,1.5428544153860757
pakistan,draw_118,Female,0.01917808,0.07671233,84.7047,1.5097886190514427
pakistan,draw_118,Male,0.01917808,0.07671233,84.7047,1.585037982143461
ethiopia,draw_118,Female,0.0,0.01917808,84.81481,1.7558003976448724
ethiopia,draw_118,Male,0.0,0.01917808,84.81481,1.702564114389453
ethiopia,draw_118,Female,0.01917808,0.07671233,84.81481,1.7470728651853162
ethiopia,draw_118,Male,0.01917808,0.07671233,84.81481,1.7177427431305334
nigeria,draw_118,Female,0.0,0.01917808,84.81481,1.7182874916612696
nigeria,draw_118,Male,0.0,0.01917808,84.81481,1.7298784835607601
nigeria,draw_118,Female,0.01917808,0.07671233,84.81481,1.7205218351640017
nigeria,draw_118,Male,0.01917808,0.07671233,84.81481,1.731441572947618
pakistan,draw_118,Female,0.0,0.01917808,84.81481,1.4705657237923855
pakistan,draw_118,Male,0.0,0.01917808,84.81481,1.54240999530787
pakistan,draw_118,Female,0.01917808,0.07671233,84.81481,1.5093965167342467
pakistan,draw_118,Male,0.01917808,0.07671233,84.81481,1.5840095127108065
ethiopia,draw_118,Female,0.0,0.01917808,84.92492,1.7535162208947817
ethiopia,draw_118,Male,0.0,0.01917808,84.92492,1.7007037664228808
ethiopia,draw_118,Female,0.01917808,0.07671233,84.92492,1.744708549281858
ethiopia,draw_118,Male,0.01917808,0.07671233,84.92492,1.715587896169178
nigeria,draw_118,Female,0.0,0.01917808,84.92492,1.7162582965237394
nigeria,draw_118,Male,0.0,0.01917808,84.92492,1.727855770198467
nigeria,draw_118,Female,0.01917808,0.07671233,84.92492,1.7183509017333396
nigeria,draw_118,Male,0.01917808,0.07671233,84.92492,1.7291919191793161
pakistan,draw_118,Female,0.0,0.01917808,84.92492,1.470727714167629
pakistan,draw_118,Male,0.0,0.01917808,84.92492,1.541946196806397
pakistan,draw_118,Female,0.01917808,0.07671233,84.92492,1.508986525120957
pakistan,draw_118,Male,0.01917808,0.07671233,84.92492,1.5829654795057344
ethiopia,draw_118,Female,0.0,0.01917808,85.03504,1.751216721074337
ethiopia,draw_118,Male,0.0,0.01917808,85.03504,1.698827975926902
ethiopia,draw_118,Female,0.01917808,0.07671233,85.03504,1.7423307536239536
ethiopia,draw_118,Male,0.01917808,0.07671233,85.03504,1.713419890024213
nigeria,draw_118,Female,0.0,0.01917808,85.03504,1.7142137511423308
nigeria,draw_118,Male,0.0,0.01917808,85.03504,1.7258154876203537
nigeria,draw_118,Female,0.01917808,0.07671233,85.03504,1.7161662563127131
nigeria,draw_118,Male,0.01917808,0.07671233,85.03504,1.7269280918470908
pakistan,draw_118,Female,0.0,0.01917808,85.03504,1.4708680800254836
pakistan,draw_118,Male,0.0,0.01917808,85.03504,1.541462588244844
pakistan,draw_118,Female,0.01917808,0.07671233,85.03504,1.5085587821790822
pakistan,draw_118,Male,0.01917808,0.07671233,85.03504,1.5819055354501403
ethiopia,draw_118,Female,0.0,0.01917808,85.14515,1.7489022861843009
ethiopia,draw_118,Male,0.0,0.01917808,85.14515,1.6969348619321043
ethiopia,draw_118,Female,0.01917808,0.07671233,85.14515,1.7399397486887191
ethiopia,draw_118,Male,0.01917808,0.07671233,85.14515,1.711237911643323
nigeria,draw_118,Female,0.0,0.01917808,85.14515,1.7121549637376996
nigeria,draw_118,Male,0.0,0.01917808,85.14515,1.7237609953419375
nigeria,draw_118,Female,0.01917808,0.07671233,85.14515,1.7139685840797982
nigeria,draw_118,Male,0.01917808,0.07671233,85.14515,1.7246520635744698
pakistan,draw_118,Female,0.0,0.01917808,85.14515,1.4709851105971912
pakistan,draw_118,Male,0.0,0.01917808,85.14515,1.540959312342397
pakistan,draw_118,Female,0.01917808,0.07671233,85.14515,1.508112755351147
pakistan,draw_118,Male,0.01917808,0.07671233,85.14515,1.580829638854342
ethiopia,draw_118,Female,0.0,0.01917808,85.25526,1.7465721297269505
ethiopia,draw_118,Male,0.0,0.01917808,85.25526,1.695026214660417
ethiopia,draw_118,Female,0.01917808,0.07671233,85.25526,1.7375348731020555
ethiopia,draw_118,Male,0.01917808,0.07671233,85.25526,1.7090428834026223
nigeria,draw_118,Female,0.0,0.01917808,85.25526,1.710078813116141
nigeria,draw_118,Male,0.0,0.01917808,85.25526,1.7216889089027152
nigeria,draw_118,Female,0.01917808,0.07671233,85.25526,1.7117559233749522
nigeria,draw_118,Male,0.01917808,0.07671233,85.25526,1.7223617115130065
pakistan,draw_118,Female,0.0,0.01917808,85.25526,1.471080210187635
pakistan,draw_118,Male,0.0,0.01917808,85.25526,1.540435447693055
pakistan,draw_118,Female,0.01917808,0.07671233,85.25526,1.5076487163498924
pakistan,draw_118,Male,0.01917808,0.07671233,85.25526,1.5797368997328574
ethiopia,draw_118,Female,0.0,0.01917808,85.36537,1.744226230905004
ethiopia,draw_118,Male,0.0,0.01917808,85.36537,1.6931017662042394
ethiopia,draw_118,Female,0.01917808,0.07671233,85.36537,1.735115882906781
ethiopia,draw_118,Male,0.01917808,0.07671233,85.36537,1.7068343386991378
nigeria,draw_118,Female,0.0,0.01917808,85.36537,1.707986864559351
nigeria,draw_118,Male,0.0,0.01917808,85.36537,1.7196013795726992
nigeria,draw_118,Female,0.01917808,0.07671233,85.36537,1.7095290945906936
nigeria,draw_118,Male,0.01917808,0.07671233,85.36537,1.720058021142482
pakistan,draw_118,Female,0.0,0.01917808,85.36537,1.4711523302266698
pakistan,draw_118,Male,0.0,0.01917808,85.36537,1.5398911230208507
pakistan,draw_118,Female,0.01917808,0.07671233,85.36537,1.5071659169607297
pakistan,draw_118,Male,0.01917808,0.07671233,85.36537,1.578627273665139
ethiopia,draw_118,Female,0.0,0.01917808,85.47548,1.7418660754089104
ethiopia,draw_118,Male,0.0,0.01917808,85.47548,1.6911596266412192
ethiopia,draw_118,Female,0.01917808,0.07671233,85.47548,1.7326838557038264
ethiopia,draw_118,Male,0.01917808,0.07671233,85.47548,1.7046112906958897
nigeria,draw_118,Female,0.0,0.01917808,85.47548,1.7058783270253337
nigeria,draw_118,Male,0.0,0.01917808,85.47548,1.7174985474847242
nigeria,draw_118,Female,0.01917808,0.07671233,85.47548,1.7072878754485488
nigeria,draw_118,Male,0.01917808,0.07671233,85.47548,1.7177413812122122
pakistan,draw_118,Female,0.0,0.01917808,85.47548,1.4711997494421027
pakistan,draw_118,Male,0.0,0.01917808,85.47548,1.539327049610652
pakistan,draw_118,Female,0.01917808,0.07671233,85.47548,1.506663854036466
pakistan,draw_118,Male,0.01917808,0.07671233,85.47548,1.5775013604962398
ethiopia,draw_118,Female,0.0,0.01917808,85.58559,1.7394899299764455
ethiopia,draw_118,Male,0.0,0.01917808,85.58559,1.6892024692821654
ethiopia,draw_118,Female,0.01917808,0.07671233,85.58559,1.730237935578108
ethiopia,draw_118,Male,0.01917808,0.07671233,85.58559,1.7023751280836106
nigeria,draw_118,Female,0.0,0.01917808,85.58559,1.7037545134804208
nigeria,draw_118,Male,0.0,0.01917808,85.58559,1.7153782445762566
nigeria,draw_118,Female,0.01917808,0.07671233,85.58559,1.705032789599044
nigeria,draw_118,Male,0.01917808,0.07671233,85.58559,1.715410566047781
pakistan,draw_118,Female,0.0,0.01917808,85.58559,1.47122566844131
pakistan,draw_118,Male,0.0,0.01917808,85.58559,1.5387425707968732
pakistan,draw_118,Female,0.01917808,0.07671233,85.58559,1.5061438046977744
pakistan,draw_118,Male,0.01917808,0.07671233,85.58559,1.5763588530937251
ethiopia,draw_118,Female,0.0,0.01917808,85.6957,1.7370990599527203
ethiopia,draw_118,Male,0.0,0.01917808,85.6957,1.6872284080137794
ethiopia,draw_118,Female,0.01917808,0.07671233,85.6957,1.7277786463565181
ethiopia,draw_118,Male,0.01917808,0.07671233,85.6957,1.7001249072835867
nigeria,draw_118,Female,0.0,0.01917808,85.6957,1.7016133912721352
nigeria,draw_118,Male,0.0,0.01917808,85.6957,1.7132423054837804
nigeria,draw_118,Female,0.01917808,0.07671233,85.6957,1.7027626412079293
nigeria,draw_118,Male,0.01917808,0.07671233,85.6957,1.7130664468532029
pakistan,draw_118,Female,0.0,0.01917808,85.6957,1.4712283342814565
pakistan,draw_118,Male,0.0,0.01917808,85.6957,1.5381379326996498
pakistan,draw_118,Female,0.01917808,0.07671233,85.6957,1.5056046899311892
pakistan,draw_118,Male,0.01917808,0.07671233,85.6957,1.575199635546041
ethiopia,draw_118,Female,0.0,0.01917808,85.80581,1.734692745101212
ethiopia,draw_118,Male,0.0,0.01917808,85.80581,1.6852382395268257
ethiopia,draw_118,Female,0.01917808,0.07671233,85.80581,1.725305616863288
ethiopia,draw_118,Male,0.01917808,0.07671233,85.80581,1.6978608022265989
nigeria,draw_118,Female,0.0,0.01917808,85.80581,1.6994557004302207
nigeria,draw_118,Male,0.0,0.01917808,85.80581,1.7110892195084395
nigeria,draw_118,Female,0.01917808,0.07671233,85.80581,1.7004777215645863
nigeria,draw_118,Male,0.01917808,0.07671233,85.80581,1.7107079296290173
pakistan,draw_118,Female,0.0,0.01917808,85.80581,1.4712093423588801
pakistan,draw_118,Male,0.0,0.01917808,85.80581,1.5375117700985668
pakistan,draw_118,Female,0.01917808,0.07671233,85.80581,1.5050474990426355
pakistan,draw_118,Male,0.01917808,0.07671233,85.80581,1.5740229158137675
ethiopia,draw_118,Female,0.0,0.01917808,85.91592,1.7322692408064895
ethiopia,draw_118,Male,0.0,0.01917808,85.91592,1.6832312266899638
ethiopia,draw_118,Female,0.01917808,0.07671233,85.91592,1.7228176382054399
ethiopia,draw_118,Male,0.01917808,0.07671233,85.91592,1.695582411343452
nigeria,draw_118,Female,0.0,0.01917808,85.91592,1.6972829476088143
nigeria,draw_118,Male,0.0,0.01917808,85.91592,1.7089198116562192
nigeria,draw_118,Female,0.01917808,0.07671233,85.91592,1.6981788202775854
nigeria,draw_118,Male,0.01917808,0.07671233,85.91592,1.7083355781010368
pakistan,draw_118,Female,0.0,0.01917808,85.91592,1.471165991517647
pakistan,draw_118,Male,0.0,0.01917808,85.91592,1.5368644400798104
pakistan,draw_118,Female,0.01917808,0.07671233,85.91592,1.5044705508836194
pakistan,draw_118,Male,0.01917808,0.07671233,85.91592,1.5728285093122316
ethiopia,draw_118,Female,0.0,0.01917808,86.02603,1.7298303061380418
ethiopia,draw_118,Male,0.0,0.01917808,86.02603,1.6812061737731185
ethiopia,draw_118,Female,0.01917808,0.07671233,86.02603,1.7203156200152727
ethiopia,draw_118,Male,0.01917808,0.07671233,86.02603,1.6932889250301504
nigeria,draw_118,Female,0.0,0.01917808,86.02603,1.6950926009365512
nigeria,draw_118,Male,0.0,0.01917808,86.02603,1.7067324773720915
nigeria,draw_118,Female,0.01917808,0.07671233,86.02603,1.6958645191649357
nigeria,draw_118,Male,0.01917808,0.07671233,86.02603,1.705948416654139
pakistan,draw_118,Female,0.0,0.01917808,86.02603,1.4710987154013755
pakistan,draw_118,Male,0.0,0.01917808,86.02603,1.5361957077481394
pakistan,draw_118,Female,0.01917808,0.07671233,86.02603,1.5038741283976054
pakistan,draw_118,Male,0.01917808,0.07671233,86.02603,1.5716164219923054
ethiopia,draw_118,Female,0.0,0.01917808,86.13614,1.72737555569968
ethiopia,draw_118,Male,0.0,0.01917808,86.13614,1.6791645501897485
ethiopia,draw_118,Female,0.01917808,0.07671233,86.13614,1.7177992785257976
ethiopia,draw_118,Male,0.01917808,0.07671233,86.13614,1.6909812166689744
nigeria,draw_118,Female,0.0,0.01917808,86.13614,1.6928854389983305
nigeria,draw_118,Male,0.0,0.01917808,86.13614,1.7045281142759536
nigeria,draw_118,Female,0.01917808,0.07671233,86.13614,1.6935354814968766
nigeria,draw_118,Male,0.01917808,0.07671233,86.13614,1.7035468438744243
pakistan,draw_118,Female,0.0,0.01917808,86.13614,1.4710066199704948
pakistan,draw_118,Male,0.0,0.01917808,86.13614,1.5355037767190443
pakistan,draw_118,Female,0.01917808,0.07671233,86.13614,1.503257559965587
pakistan,draw_118,Male,0.01917808,0.07671233,86.13614,1.570385633543597
ethiopia,draw_118,Female,0.0,0.01917808,86.24625,1.7249051505963269
ethiopia,draw_118,Male,0.0,0.01917808,86.24625,1.67710409970916
ethiopia,draw_118,Female,0.01917808,0.07671233,86.24625,1.7152687730932905
ethiopia,draw_118,Male,0.01917808,0.07671233,86.24625,1.6886581658281112
nigeria,draw_118,Female,0.0,0.01917808,86.24625,1.6906605544853175
nigeria,draw_118,Male,0.0,0.01917808,86.24625,1.70230627975086
nigeria,draw_118,Female,0.01917808,0.07671233,86.24625,1.6911911246226827
nigeria,draw_118,Male,0.01917808,0.07671233,86.24625,1.7011306016404957
pakistan,draw_118,Female,0.0,0.01917808,86.24625,1.4708904417767676
pakistan,draw_118,Male,0.0,0.01917808,86.24625,1.5347901746272092
pakistan,draw_118,Female,0.01917808,0.07671233,86.24625,1.5026211197692765
pakistan,draw_118,Male,0.01917808,0.07671233,86.24625,1.5691372512666162
ethiopia,draw_118,Female,0.0,0.01917808,86.35636,1.722418970808189
ethiopia,draw_118,Male,0.0,0.01917808,86.35636,1.6750280856146982
ethiopia,draw_118,Female,0.01917808,0.07671233,86.35636,1.7127238690728013
ethiopia,draw_118,Male,0.01917808,0.07671233,86.35636,1.6863213630665623
nigeria,draw_118,Female,0.0,0.01917808,86.35636,1.6884201524780584
nigeria,draw_118,Male,0.0,0.01917808,86.35636,1.7000681266474515
nigeria,draw_118,Female,0.01917808,0.07671233,86.35636,1.6888323323340277
nigeria,draw_118,Male,0.01917808,0.07671233,86.35636,1.6987003853821059
pakistan,draw_118,Female,0.0,0.01917808,86.35636,1.4707493949948511
pakistan,draw_118,Male,0.0,0.01917808,86.35636,1.534054219070428
pakistan,draw_118,Female,0.01917808,0.07671233,86.35636,1.5019640937761527
pakistan,draw_118,Male,0.01917808,0.07671233,86.35636,1.5678706363063128
ethiopia,draw_118,Female,0.0,0.01917808,86.46647,1.7199161699988006
ethiopia,draw_118,Male,0.0,0.01917808,86.46647,1.672934130075242
ethiopia,draw_118,Female,0.01917808,0.07671233,86.46647,1.7101641455005232
ethiopia,draw_118,Male,0.01917808,0.07671233,86.46647,1.6839695167959323
nigeria,draw_118,Female,0.0,0.01917808,86.46647,1.6861641762112858
nigeria,draw_118,Male,0.0,0.01917808,86.46647,1.6978118196759293
nigeria,draw_118,Female,0.01917808,0.07671233,86.46647,1.6864590472764378
nigeria,draw_118,Male,0.01917808,0.07671233,86.46647,1.696255156658537
pakistan,draw_118,Female,0.0,0.01917808,86.46647,1.4705823965568448
pakistan,draw_118,Male,0.0,0.01917808,86.46647,1.5332954992959704
pakistan,draw_118,Female,0.01917808,0.07671233,86.46647,1.501285739005599
pakistan,draw_118,Male,0.01917808,0.07671233,86.46647,1.566585527956345
ethiopia,draw_118,Female,0.0,0.01917808,86.57658,1.717397775783122
ethiopia,draw_118,Male,0.0,0.01917808,86.57658,1.6708228191734997
ethiopia,draw_118,Female,0.01917808,0.07671233,86.57658,1.7075899233317555
ethiopia,draw_118,Male,0.01917808,0.07671233,86.57658,1.6816028456835002
nigeria,draw_118,Female,0.0,0.01917808,86.57658,1.6838897064893121
nigeria,draw_118,Male,0.0,0.01917808,86.57658,1.6955386302015687
nigeria,draw_118,Female,0.01917808,0.07671233,86.57658,1.6840696085318936
nigeria,draw_118,Male,0.01917808,0.07671233,86.57658,1.6937953682567894
pakistan,draw_118,Female,0.0,0.01917808,86.57658,1.4703902384399068
pakistan,draw_118,Male,0.0,0.01917808,86.57658,1.532513370988468
pakistan,draw_118,Female,0.01917808,0.07671233,86.57658,1.500586421422759
pakistan,draw_118,Male,0.01917808,0.07671233,86.57658,1.5652815021214252
ethiopia,draw_118,Female,0.0,0.01917808,86.68669,1.7148614857231164
ethiopia,draw_118,Male,0.0,0.01917808,86.68669,1.6686939051172203
ethiopia,draw_118,Female,0.01917808,0.07671233,86.68669,1.705000028875764
ethiopia,draw_118,Male,0.01917808,0.07671233,86.68669,1.6792209365933632
nigeria,draw_118,Female,0.0,0.01917808,86.68669,1.681597351295884
nigeria,draw_118,Male,0.0,0.01917808,86.68669,1.6932473116378735
nigeria,draw_118,Female,0.01917808,0.07671233,86.68669,1.681664200599858
nigeria,draw_118,Male,0.01917808,0.07671233,86.68669,1.6913201365635135
pakistan,draw_118,Female,0.0,0.01917808,86.68669,1.4701719868996035
pakistan,draw_118,Male,0.0,0.01917808,86.68669,1.5317072541572498
pakistan,draw_118,Female,0.01917808,0.07671233,86.68669,1.4998655686315157
pakistan,draw_118,Male,0.01917808,0.07671233,86.68669,1.563958017070966
ethiopia,draw_118,Female,0.0,0.01917808,86.7968,1.7123092454340247
ethiopia,draw_118,Male,0.0,0.01917808,86.7968,1.6665459628438346
ethiopia,draw_118,Female,0.01917808,0.07671233,86.7968,1.7023952965352704
ethiopia,draw_118,Male,0.01917808,0.07671233,86.7968,1.6768229908323657
nigeria,draw_118,Female,0.0,0.01917808,86.7968,1.6792873605562186
nigeria,draw_118,Male,0.0,0.01917808,86.7968,1.6909386532618278
nigeria,draw_118,Female,0.01917808,0.07671233,86.7968,1.6792428285368066
nigeria,draw_118,Male,0.01917808,0.07671233,86.7968,1.6888298542741655
pakistan,draw_118,Female,0.0,0.01917808,86.7968,1.4699273537448756
pakistan,draw_118,Male,0.0,0.01917808,86.7968,1.53087734870209
pakistan,draw_118,Female,0.01917808,0.07671233,86.7968,1.4991226617763425
pakistan,draw_118,Male,0.01917808,0.07671233,86.7968,1.5626149107766565
ethiopia,draw_118,Female,0.0,0.01917808,86.90691,1.709740281410594
ethiopia,draw_118,Male,0.0,0.01917808,86.90691,1.6643791013526619
ethiopia,draw_118,Female,0.01917808,0.07671233,86.90691,1.6997755033506177
ethiopia,draw_118,Male,0.01917808,0.07671233,86.90691,1.6744092206392622
nigeria,draw_118,Female,0.0,0.01917808,86.90691,1.6769614262945882
nigeria,draw_118,Male,0.0,0.01917808,86.90691,1.6886118409413151
nigeria,draw_118,Female,0.01917808,0.07671233,86.90691,1.6768065155308323
nigeria,draw_118,Male,0.01917808,0.07671233,86.90691,1.686324101671766
pakistan,draw_118,Female,0.0,0.01917808,86.90691,1.4696559566885306
pakistan,draw_118,Male,0.0,0.01917808,86.90691,1.5300236920479642
pakistan,draw_118,Female,0.01917808,0.07671233,86.90691,1.4983578580418988
pakistan,draw_118,Male,0.01917808,0.07671233,86.90691,1.5612519860096339
ethiopia,draw_118,Female,0.0,0.01917808,87.01702,1.707155955685498
ethiopia,draw_118,Male,0.0,0.01917808,87.01702,1.6621961708306632
ethiopia,draw_118,Female,0.01917808,0.07671233,87.01702,1.6971418557725435
ethiopia,draw_118,Male,0.01917808,0.07671233,87.01702,1.6719815586568818
nigeria,draw_118,Female,0.0,0.01917808,87.01702,1.674616765801244
nigeria,draw_118,Male,0.0,0.01917808,87.01702,1.6862691325764747
nigeria,draw_118,Female,0.01917808,0.07671233,87.01702,1.6743542436835437
nigeria,draw_118,Male,0.01917808,0.07671233,87.01702,1.683804556883829
pakistan,draw_118,Female,0.0,0.01917808,87.01702,1.4693599943749334
pakistan,draw_118,Male,0.0,0.01917808,87.01702,1.5291468965631265
pakistan,draw_118,Female,0.01917808,0.07671233,87.01702,1.497572876525265
pakistan,draw_118,Male,0.01917808,0.07671233,87.01702,1.5598706380261231
ethiopia,draw_118,Female,0.0,0.01917808,87.12713,1.7045546434991632
ethiopia,draw_118,Male,0.0,0.01917808,87.12713,1.659996716305884
ethiopia,draw_118,Female,0.01917808,0.07671233,87.12713,1.6944936769195187
ethiopia,draw_118,Male,0.01917808,0.07671233,87.12713,1.6695399713985941
nigeria,draw_118,Female,0.0,0.01917808,87.12713,1.6722566026570562
nigeria,draw_118,Male,0.0,0.01917808,87.12713,1.6839095283140642
nigeria,draw_118,Female,0.01917808,0.07671233,87.12713,1.6718878283536605
nigeria,draw_118,Male,0.01917808,0.07671233,87.12713,1.6812710172058187
pakistan,draw_118,Female,0.0,0.01917808,87.12713,1.4690381092546343
pakistan,draw_118,Male,0.0,0.01917808,87.12713,1.5282491647231085
pakistan,draw_118,Female,0.01917808,0.07671233,87.12713,1.4967669619738486
pakistan,draw_118,Male,0.01917808,0.07671233,87.12713,1.5584721312014889
ethiopia,draw_118,Female,0.0,0.01917808,87.23724,1.7019389604948985
ethiopia,draw_118,Male,0.0,0.01917808,87.23724,1.6577816018791065
ethiopia,draw_118,Female,0.01917808,0.07671233,87.23724,1.6918322888047623
ethiopia,draw_118,Male,0.01917808,0.07671233,87.23724,1.66708497886771
nigeria,draw_118,Female,0.0,0.01917808,87.23724,1.6698808091788164
nigeria,draw_118,Male,0.0,0.01917808,87.23724,1.6815337776370665
nigeria,draw_118,Female,0.01917808,0.07671233,87.23724,1.6694074329971154
nigeria,draw_118,Male,0.01917808,0.07671233,87.23724,1.678723905392157
pakistan,draw_118,Female,0.0,0.01917808,87.23724,1.4686919581363205
pakistan,draw_118,Male,0.0,0.01917808,87.23724,1.5273298872716736
pakistan,draw_118,Female,0.01917808,0.07671233,87.23724,1.4959411177824897
pakistan,draw_118,Male,0.01917808,0.07671233,87.23724,1.5570559383411986
ethiopia,draw_118,Female,0.0,0.01917808,87.34735,1.6993090260125299
ethiopia,draw_118,Male,0.0,0.01917808,87.34735,1.6555492978312947
ethiopia,draw_118,Female,0.01917808,0.07671233,87.34735,1.6891577928975856
ethiopia,draw_118,Male,0.01917808,0.07671233,87.34735,1.6646157996296922
nigeria,draw_118,Female,0.0,0.01917808,87.34735,1.6674881728202644
nigeria,draw_118,Male,0.0,0.01917808,87.34735,1.679141251108448
nigeria,draw_118,Female,0.01917808,0.07671233,87.34735,1.6669123103051298
nigeria,draw_118,Male,0.01917808,0.07671233,87.34735,1.6761628114475084
pakistan,draw_118,Female,0.0,0.01917808,87.34735,1.4683200124174072
pakistan,draw_118,Male,0.0,0.01917808,87.34735,1.526389040230456
pakistan,draw_118,Female,0.01917808,0.07671233,87.34735,1.4950948113285036
pakistan,draw_118,Male,0.01917808,0.07671233,87.34735,1.5556220244107557
ethiopia,draw_118,Female,0.0,0.01917808,87.45746,1.6966637665830877
ethiopia,draw_118,Male,0.0,0.01917808,87.45746,1.6533004795448778
ethiopia,draw_118,Female,0.01917808,0.07671233,87.45746,1.6864694042809312
ethiopia,draw_118,Male,0.01917808,0.07671233,87.45746,1.662132601593987
nigeria,draw_118,Female,0.0,0.01917808,87.45746,1.6650793331757379
nigeria,draw_118,Male,0.0,0.01917808,87.45746,1.6767332953535863
nigeria,draw_118,Female,0.01917808,0.07671233,87.45746,1.6644028030695333
nigeria,draw_118,Male,0.01917808,0.07671233,87.45746,1.6735883414626054
pakistan,draw_118,Female,0.0,0.01917808,87.45746,1.46792257205806
pakistan,draw_118,Male,0.0,0.01917808,87.45746,1.525425309327049
pakistan,draw_118,Female,0.01917808,0.07671233,87.45746,1.494227593715742
pakistan,draw_118,Male,0.01917808,0.07671233,87.45746,1.554169558431926
ethiopia,draw_118,Female,0.0,0.01917808,87.56757,1.6940037754855723
ethiopia,draw_118,Male,0.0,0.01917808,87.56757,1.6510343482348377
ethiopia,draw_118,Female,0.01917808,0.07671233,87.56757,1.6837677446482662
ethiopia,draw_118,Male,0.01917808,0.07671233,87.56757,1.6596351667625107
nigeria,draw_118,Female,0.0,0.01917808,87.56757,1.6626554909627775
nigeria,draw_118,Male,0.0,0.01917808,87.56757,1.6743093250228294
nigeria,draw_118,Female,0.01917808,0.07671233,87.56757,1.661879567328729
nigeria,draw_118,Male,0.01917808,0.07671233,87.56757,1.6710001447744454
pakistan,draw_118,Female,0.0,0.01917808,87.56757,1.4675002080924762
pakistan,draw_118,Male,0.0,0.01917808,87.56757,1.5244387297238506
pakistan,draw_118,Female,0.01917808,0.07671233,87.56757,1.4933402217553984
pakistan,draw_118,Male,0.01917808,0.07671233,87.56757,1.5526986374105225
ethiopia,draw_118,Female,0.0,0.01917808,87.67768,1.691328367070811
ethiopia,draw_118,Male,0.0,0.01917808,87.67768,1.6487532090111823
ethiopia,draw_118,Female,0.01917808,0.07671233,87.67768,1.6810523789516383
ethiopia,draw_118,Male,0.01917808,0.07671233,87.67768,1.6571246275220968
nigeria,draw_118,Female,0.0,0.01917808,87.67768,1.6602153319202826
nigeria,draw_118,Male,0.0,0.01917808,87.67768,1.6718687882214815
nigeria,draw_118,Female,0.01917808,0.07671233,87.67768,1.6593419224296395
nigeria,draw_118,Male,0.01917808,0.07671233,87.67768,1.668398112893524
pakistan,draw_118,Female,0.0,0.01917808,87.67768,1.4670524242114475
pakistan,draw_118,Male,0.0,0.01917808,87.67768,1.5234310516076643
pakistan,draw_118,Female,0.01917808,0.07671233,87.67768,1.4924326483847168
pakistan,draw_118,Male,0.01917808,0.07671233,87.67768,1.55121039170441
ethiopia,draw_118,Female,0.0,0.01917808,87.78779,1.6886379317746076
ethiopia,draw_118,Male,0.0,0.01917808,87.78779,1.6464561145146985
ethiopia,draw_118,Female,0.01917808,0.07671233,87.78779,1.6783234192886212
ethiopia,draw_118,Male,0.01917808,0.07671233,87.78779,1.6546003281589923
nigeria,draw_118,Female,0.0,0.01917808,87.78779,1.6577600214354784
nigeria,draw_118,Male,0.0,0.01917808,87.78779,1.6694146053592385
nigeria,draw_118,Female,0.01917808,0.07671233,87.78779,1.6567904754492617
nigeria,draw_118,Male,0.01917808,0.07671233,87.78779,1.6657839168317188
pakistan,draw_118,Female,0.0,0.01917808,87.78779,1.4665794911380083
pakistan,draw_118,Male,0.0,0.01917808,87.78779,1.5224010815750677
pakistan,draw_118,Female,0.01917808,0.07671233,87.78779,1.4915048135164508
pakistan,draw_118,Male,0.01917808,0.07671233,87.78779,1.5497041526187065
ethiopia,draw_118,Female,0.0,0.01917808,87.8979,1.685932484172275
ethiopia,draw_118,Male,0.0,0.01917808,87.8979,1.6441414628156843
ethiopia,draw_118,Female,0.01917808,0.07671233,87.8979,1.6755809460106699
ethiopia,draw_118,Male,0.01917808,0.07671233,87.8979,1.652061406524472
nigeria,draw_118,Female,0.0,0.01917808,87.8979,1.6552886775288327
nigeria,draw_118,Male,0.0,0.01917808,87.8979,1.6669434413809814
nigeria,draw_118,Female,0.01917808,0.07671233,87.8979,1.6542246727947953
nigeria,draw_118,Male,0.01917808,0.07671233,87.8979,1.663155441566179
pakistan,draw_118,Female,0.0,0.01917808,87.8979,1.466082099158167
pakistan,draw_118,Male,0.0,0.01917808,87.8979,1.5213487530936516
pakistan,draw_118,Female,0.01917808,0.07671233,87.8979,1.490556934671424
pakistan,draw_118,Male,0.01917808,0.07671233,87.8979,1.5481795802664335
ethiopia,draw_118,Female,0.0,0.01917808,88.00801,1.6832121256192747
ethiopia,draw_118,Male,0.0,0.01917808,88.00801,1.6418119444133987
ethiopia,draw_118,Female,0.01917808,0.07671233,88.00801,1.67282494046253
ethiopia,draw_118,Male,0.01917808,0.07671233,88.00801,1.6495092319822375
nigeria,draw_118,Female,0.0,0.01917808,88.00801,1.652800483811085
nigeria,draw_118,Male,0.0,0.01917808,88.00801,1.6644556191557849
nigeria,draw_118,Female,0.01917808,0.07671233,88.00801,1.6516440808095172
nigeria,draw_118,Male,0.01917808,0.07671233,88.00801,1.660512871774622
pakistan,draw_118,Female,0.0,0.01917808,88.00801,1.4655588213875026
pakistan,draw_118,Male,0.0,0.01917808,88.00801,1.520273314926513
pakistan,draw_118,Female,0.01917808,0.07671233,88.00801,1.4895882139632999
pakistan,draw_118,Male,0.01917808,0.07671233,88.00801,1.5466362106354146
ethiopia,draw_118,Female,0.0,0.01917808,88.11812,1.6804764262123002
ethiopia,draw_118,Male,0.0,0.01917808,88.11812,1.6394647437350116
ethiopia,draw_118,Female,0.01917808,0.07671233,88.11812,1.6700557176485666
ethiopia,draw_118,Male,0.01917808,0.07671233,88.11812,1.6469427618855255
nigeria,draw_118,Female,0.0,0.01917808,88.11812,1.6502986778518556
nigeria,draw_118,Male,0.0,0.01917808,88.11812,1.661952097398781
nigeria,draw_118,Female,0.01917808,0.07671233,88.11812,1.6490507776839163
nigeria,draw_118,Male,0.01917808,0.07671233,88.11812,1.6578573438912756
pakistan,draw_118,Female,0.0,0.01917808,88.11812,1.4650110418764684
pakistan,draw_118,Male,0.0,0.01917808,88.11812,1.5191765456071695
pakistan,draw_118,Female,0.01917808,0.07671233,88.11812,1.4885994619304421
pakistan,draw_118,Male,0.01917808,0.07671233,88.11812,1.5450755448785725
ethiopia,draw_118,Female,0.0,0.01917808,88.22823,1.6777280910252297
ethiopia,draw_118,Male,0.0,0.01917808,88.22823,1.6371038958922448
ethiopia,draw_118,Female,0.01917808,0.07671233,88.22823,1.6672748664380213
ethiopia,draw_118,Male,0.01917808,0.07671233,88.22823,1.6443643323512704
nigeria,draw_118,Female,0.0,0.01917808,88.22823,1.6477814823072578
nigeria,draw_118,Male,0.0,0.01917808,88.22823,1.659433807537122
nigeria,draw_118,Female,0.01917808,0.07671233,88.22823,1.646444072152291
nigeria,draw_118,Male,0.01917808,0.07671233,88.22823,1.65518943199333
pakistan,draw_118,Female,0.0,0.01917808,88.22823,1.4644375770490357
pakistan,draw_118,Male,0.0,0.01917808,88.22823,1.5180585443286516
pakistan,draw_118,Female,0.01917808,0.07671233,88.22823,1.487589887675852
pakistan,draw_118,Male,0.01917808,0.07671233,88.22823,1.543497894263412
ethiopia,draw_118,Female,0.0,0.01917808,88.33834,1.6749660218370008
ethiopia,draw_118,Male,0.0,0.01917808,88.33834,1.634727754453511
ethiopia,draw_118,Female,0.01917808,0.07671233,88.33834,1.6644818855581662
ethiopia,draw_118,Male,0.01917808,0.07671233,88.33834,1.6417735130557956
nigeria,draw_118,Female,0.0,0.01917808,88.33834,1.6452510024954312
nigeria,draw_118,Male,0.0,0.01917808,88.33834,1.656901883293702
nigeria,draw_118,Female,0.01917808,0.07671233,88.33834,1.6438253687671303
nigeria,draw_118,Male,0.01917808,0.07671233,88.33834,1.6525100591150137
pakistan,draw_118,Female,0.0,0.01917808,88.33834,1.4638398343354153
pakistan,draw_118,Male,0.0,0.01917808,88.33834,1.5169190230444132
pakistan,draw_118,Female,0.01917808,0.07671233,88.33834,1.4865605339168004
pakistan,draw_118,Male,0.01917808,0.07671233,88.33834,1.5419036161354334
ethiopia,draw_118,Female,0.0,0.01917808,88.44845,1.6721923204526847
ethiopia,draw_118,Male,0.0,0.01917808,88.44845,1.6323358308745692
ethiopia,draw_118,Female,0.01917808,0.07671233,88.44845,1.6616781011183182
ethiopia,draw_118,Male,0.01917808,0.07671233,88.44845,1.6391700538148877
nigeria,draw_118,Female,0.0,0.01917808,88.44845,1.6427058925390932
nigeria,draw_118,Male,0.0,0.01917808,88.44845,1.6543556460388937
nigeria,draw_118,Female,0.01917808,0.07671233,88.44845,1.6411940040537998
nigeria,draw_118,Male,0.01917808,0.07671233,88.44845,1.6498188944557395
pakistan,draw_118,Female,0.0,0.01917808,88.44845,1.4632192804932418
pakistan,draw_118,Male,0.0,0.01917808,88.44845,1.5157574416982103
pakistan,draw_118,Female,0.01917808,0.07671233,88.44845,1.485512402310904
pakistan,draw_118,Male,0.01917808,0.07671233,88.44845,1.540292270527167
ethiopia,draw_118,Female,0.0,0.01917808,88.55856,1.6694035218555383
ethiopia,draw_118,Male,0.0,0.01917808,88.55856,1.629929968320534
ethiopia,draw_118,Female,0.01917808,0.07671233,88.55856,1.658861405273596
ethiopia,draw_118,Male,0.01917808,0.07671233,88.55856,1.6365548316799166
nigeria,draw_118,Female,0.0,0.01917808,88.55856,1.640146797199685
nigeria,draw_118,Male,0.0,0.01917808,88.55856,1.6517951146470666
nigeria,draw_118,Female,0.01917808,0.07671233,88.55856,1.6385502723357581
nigeria,draw_118,Male,0.01917808,0.07671233,88.55856,1.6471159072988495
pakistan,draw_118,Female,0.0,0.01917808,88.55856,1.4625740150517155
pakistan,draw_118,Male,0.0,0.01917808,88.55856,1.514575342043105
pakistan,draw_118,Female,0.01917808,0.07671233,88.55856,1.484444041483859
pakistan,draw_118,Male,0.01917808,0.07671233,88.55856,1.538664551875574
ethiopia,draw_118,Female,0.0,0.01917808,88.66867,1.6666028372107253
ethiopia,draw_118,Male,0.0,0.01917808,88.66867,1.6275087064364115
ethiopia,draw_118,Female,0.01917808,0.07671233,88.66867,1.6560334489910218
ethiopia,draw_118,Male,0.01917808,0.07671233,88.66867,1.6339268035376329
nigeria,draw_118,Female,0.0,0.01917808,88.66867,1.6375739504430267
nigeria,draw_118,Male,0.0,0.01917808,88.66867,1.6492193763562764
nigeria,draw_118,Female,0.01917808,0.07671233,88.66867,1.6358940704297906
nigeria,draw_118,Male,0.01917808,0.07671233,88.66867,1.6444004791060947
pakistan,draw_118,Female,0.0,0.01917808,88.66867,1.4619031558159898
pakistan,draw_118,Male,0.0,0.01917808,88.66867,1.5133706410859669
pakistan,draw_118,Female,0.01917808,0.07671233,88.66867,1.4833546504622799
pakistan,draw_118,Male,0.01917808,0.07671233,88.66867,1.5370188961469995
ethiopia,draw_118,Female,0.0,0.01917808,88.77878,1.6637882610229804
ethiopia,draw_118,Male,0.0,0.01917808,88.77878,1.6250727731812917
ethiopia,draw_118,Female,0.01917808,0.07671233,88.77878,1.6531928616636247
ethiopia,draw_118,Male,0.01917808,0.07671233,88.77878,1.6312860548242827
nigeria,draw_118,Female,0.0,0.01917808,88.77878,1.6349849342000238
nigeria,draw_118,Male,0.0,0.01917808,88.77878,1.6466274699459915
nigeria,draw_118,Female,0.01917808,0.07671233,88.77878,1.633223745011844
nigeria,draw_118,Male,0.01917808,0.07671233,88.77878,1.6416716463609555
pakistan,draw_118,Female,0.0,0.01917808,88.77878,1.4612070910043684
pakistan,draw_118,Male,0.0,0.01917808,88.77878,1.5121440872447947
pakistan,draw_118,Female,0.01917808,0.07671233,88.77878,1.482243796385074
pakistan,draw_118,Male,0.01917808,0.07671233,88.77878,1.535355324756002
ethiopia,draw_118,Female,0.0,0.01917808,88.88889,1.660957538612428
ethiopia,draw_118,Male,0.0,0.01917808,88.88889,1.622618153345019
ethiopia,draw_118,Female,0.01917808,0.07671233,88.88889,1.6503378517357155
ethiopia,draw_118,Male,0.01917808,0.07671233,88.88889,1.628629960134465
nigeria,draw_118,Female,0.0,0.01917808,88.88889,1.6323814189025192
nigeria,draw_118,Male,0.0,0.01917808,88.88889,1.6440194534571089
nigeria,draw_118,Female,0.01917808,0.07671233,88.88889,1.6305397262980246
nigeria,draw_118,Male,0.01917808,0.07671233,88.88889,1.6389290186825025
pakistan,draw_118,Female,0.0,0.01917808,88.88889,1.4604821065827758
pakistan,draw_118,Male,0.0,0.01917808,88.88889,1.5108929296797715
pakistan,draw_118,Female,0.01917808,0.07671233,88.88889,1.4811089385643357
pakistan,draw_118,Male,0.01917808,0.07671233,88.88889,1.5336717908366038
ethiopia,draw_118,Female,0.0,0.01917808,88.999,1.658112639188639
ethiopia,draw_118,Male,0.0,0.01917808,88.999,1.6201478606139015
ethiopia,draw_118,Female,0.01917808,0.07671233,88.999,1.6474696930783717
ethiopia,draw_118,Male,0.01917808,0.07671233,88.999,1.6259601945838775
nigeria,draw_118,Female,0.0,0.01917808,88.999,1.6297601866708267
nigeria,draw_118,Male,0.0,0.01917808,88.999,1.6413940748480904
nigeria,draw_118,Female,0.01917808,0.07671233,88.999,1.6278403762669509
nigeria,draw_118,Male,0.01917808,0.07671233,88.999,1.6361720325466722
pakistan,draw_118,Female,0.0,0.01917808,88.999,1.4597287823268872
pakistan,draw_118,Male,0.0,0.01917808,88.999,1.5096166659782173
pakistan,draw_118,Female,0.01917808,0.07671233,88.999,1.4799505292882618
pakistan,draw_118,Male,0.01917808,0.07671233,88.999,1.5319683196567349
ethiopia,draw_118,Female,0.0,0.01917808,89.10911,1.6552532911400952
ethiopia,draw_118,Male,0.0,0.01917808,89.10911,1.6176604066051379
ethiopia,draw_118,Female,0.01917808,0.07671233,89.10911,1.644588130235384
ethiopia,draw_118,Male,0.01917808,0.07671233,89.10911,1.6232760570226639
nigeria,draw_118,Female,0.0,0.01917808,89.10911,1.62712424146516
nigeria,draw_118,Male,0.0,0.01917808,89.10911,1.6387524696294
nigeria,draw_118,Female,0.01917808,0.07671233,89.10911,1.625127327731603
nigeria,draw_118,Male,0.01917808,0.07671233,89.10911,1.6334013683086153
pakistan,draw_118,Female,0.0,0.01917808,89.10911,1.4589466123882666
pakistan,draw_118,Male,0.0,0.01917808,89.10911,1.50831640746
pakistan,draw_118,Female,0.01917808,0.07671233,89.10911,1.4787679668166536
pakistan,draw_118,Male,0.01917808,0.07671233,89.10911,1.5302453504432345
ethiopia,draw_118,Female,0.0,0.01917808,89.21922,1.6523787337086637
ethiopia,draw_118,Male,0.0,0.01917808,89.21922,1.6151566599899378
ethiopia,draw_118,Female,0.01917808,0.07671233,89.21922,1.641692715803621
ethiopia,draw_118,Male,0.01917808,0.07671233,89.21922,1.6205778659371604
nigeria,draw_118,Female,0.0,0.01917808,89.21922,1.6244734888052406
nigeria,draw_118,Male,0.0,0.01917808,89.21922,1.6360939104968584
nigeria,draw_118,Female,0.01917808,0.07671233,89.21922,1.6224004247033277
nigeria,draw_118,Male,0.01917808,0.07671233,89.21922,1.6306164149616527
pakistan,draw_118,Female,0.0,0.01917808,89.21922,1.458135776104842
pakistan,draw_118,Male,0.0,0.01917808,89.21922,1.5069907483428706
pakistan,draw_118,Female,0.01917808,0.07671233,89.21922,1.4775613062497948
pakistan,draw_118,Male,0.01917808,0.07671233,89.21922,1.5285017451452267
ethiopia,draw_118,Female,0.0,0.01917808,89.32933,1.6494887788981942
ethiopia,draw_118,Male,0.0,0.01917808,89.32933,1.6126348599392142
ethiopia,draw_118,Female,0.01917808,0.07671233,89.32933,1.6387834870247324
ethiopia,draw_118,Male,0.01917808,0.07671233,89.32933,1.6178646455782562
nigeria,draw_118,Female,0.0,0.01917808,89.32933,1.6218051790479433
nigeria,draw_118,Male,0.0,0.01917808,89.32933,1.6334186752022912
nigeria,draw_118,Female,0.01917808,0.07671233,89.32933,1.6196581343922527
nigeria,draw_118,Male,0.01917808,0.07671233,89.32933,1.6278173796406725
pakistan,draw_118,Female,0.0,0.01917808,89.32933,1.4572957699056641
pakistan,draw_118,Male,0.0,0.01917808,89.32933,1.5056402537515032
pakistan,draw_118,Female,0.01917808,0.07671233,89.32933,1.476330338746307
pakistan,draw_118,Male,0.01917808,0.07671233,89.32933,1.5267379080282102
ethiopia,draw_118,Female,0.0,0.01917808,89.43944,1.646584783512398
ethiopia,draw_118,Male,0.0,0.01917808,89.43944,1.610096761425791
ethiopia,draw_118,Female,0.01917808,0.07671233,89.43944,1.6358611896671493
ethiopia,draw_118,Male,0.01917808,0.07671233,89.43944,1.6151374567054897
nigeria,draw_118,Female,0.0,0.01917808,89.43944,1.619120545250091
nigeria,draw_118,Male,0.0,0.01917808,89.43944,1.6307268356678812
nigeria,draw_118,Female,0.01917808,0.07671233,89.43944,1.6169010370651378
nigeria,draw_118,Male,0.01917808,0.07671233,89.43944,1.6250041871141754
pakistan,draw_118,Female,0.0,0.01917808,89.43944,1.456426801452523
pakistan,draw_118,Male,0.0,0.01917808,89.43944,1.5042645350076684
pakistan,draw_118,Female,0.01917808,0.07671233,89.43944,1.4750752635927198
pakistan,draw_118,Male,0.01917808,0.07671233,89.43944,1.5249535651144792
ethiopia,draw_118,Female,0.0,0.01917808,89.54955,1.643665338202205
ethiopia,draw_118,Male,0.0,0.01917808,89.54955,1.6075417678063055
ethiopia,draw_118,Female,0.01917808,0.07671233,89.54955,1.6329247587940954
ethiopia,draw_118,Male,0.01917808,0.07671233,89.54955,1.6123955312859255
nigeria,draw_118,Female,0.0,0.01917808,89.54955,1.6164196946063165
nigeria,draw_118,Male,0.0,0.01917808,89.54955,1.6280196292627536
nigeria,draw_118,Female,0.01917808,0.07671233,89.54955,1.6141291437494494
nigeria,draw_118,Male,0.01917808,0.07671233,89.54955,1.6221773274997615
pakistan,draw_118,Female,0.0,0.01917808,89.54955,1.4555282441279815
pakistan,draw_118,Male,0.0,0.01917808,89.54955,1.5028638933513654
pakistan,draw_118,Female,0.01917808,0.07671233,89.54955,1.4737955341869373
pakistan,draw_118,Male,0.01917808,0.07671233,89.54955,1.5231486392734837
ethiopia,draw_118,Female,0.0,0.01917808,89.65966,1.6407301756470227
ethiopia,draw_118,Male,0.0,0.01917808,89.65966,1.6049694103109793
ethiopia,draw_118,Female,0.01917808,0.07671233,89.65966,1.6299737395058607
ethiopia,draw_118,Male,0.01917808,0.07671233,89.65966,1.6096383828228933
nigeria,draw_118,Female,0.0,0.01917808,89.65966,1.613703312559134
nigeria,draw_118,Male,0.0,0.01917808,89.65966,1.6252942819290086
nigeria,draw_118,Female,0.01917808,0.07671233,89.65966,1.6113425310846599
nigeria,draw_118,Male,0.01917808,0.07671233,89.65966,1.6193348451133733
pakistan,draw_118,Female,0.0,0.01917808,89.65966,1.454599577290784
pakistan,draw_118,Male,0.0,0.01917808,89.65966,1.5014358029060964
pakistan,draw_118,Female,0.01917808,0.07671233,89.65966,1.4724903302237176
pakistan,draw_118,Male,0.01917808,0.07671233,89.65966,1.521321483210899
ethiopia,draw_118,Female,0.0,0.01917808,89.76977,1.6377801404035606
ethiopia,draw_118,Male,0.0,0.01917808,89.76977,1.6023798867511085
ethiopia,draw_118,Female,0.01917808,0.07671233,89.76977,1.6270091723347275
ethiopia,draw_118,Male,0.01917808,0.07671233,89.76977,1.6068667657847941
nigeria,draw_118,Female,0.0,0.01917808,89.76977,1.6109720051174274
nigeria,draw_118,Male,0.0,0.01917808,89.76977,1.6225536844117405
nigeria,draw_118,Female,0.01917808,0.07671233,89.76977,1.6085421702560332
nigeria,draw_118,Male,0.01917808,0.07671233,89.76977,1.6164788828784973
pakistan,draw_118,Female,0.0,0.01917808,89.76977,1.453641936195735
pakistan,draw_118,Male,0.0,0.01917808,89.76977,1.4999836804136093
pakistan,draw_118,Female,0.01917808,0.07671233,89.76977,1.471160824273246
pakistan,draw_118,Male,0.01917808,0.07671233,89.76977,1.5194746290565062
ethiopia,draw_118,Female,0.0,0.01917808,89.87988,1.6348163110566385
ethiopia,draw_118,Male,0.0,0.01917808,89.87988,1.5997730764871978
ethiopia,draw_118,Female,0.01917808,0.07671233,89.87988,1.6240316950556808
ethiopia,draw_118,Male,0.01917808,0.07671233,89.87988,1.6040808251458045
nigeria,draw_118,Female,0.0,0.01917808,89.87988,1.6082233168010458
nigeria,draw_118,Male,0.0,0.01917808,89.87988,1.6197968347027945
nigeria,draw_118,Female,0.01917808,0.07671233,89.87988,1.605726659554417
nigeria,draw_118,Male,0.01917808,0.07671233,89.87988,1.6136091186651704
pakistan,draw_118,Female,0.0,0.01917808,89.87988,1.4526545500097616
pakistan,draw_118,Male,0.0,0.01917808,89.87988,1.4985066975495709
pakistan,draw_118,Female,0.01917808,0.07671233,89.87988,1.4698064954512409
pakistan,draw_118,Male,0.01917808,0.07671233,89.87988,1.5176073821551375
ethiopia,draw_118,Female,0.0,0.01917808,89.98999,1.6318380197283946
ethiopia,draw_118,Male,0.0,0.01917808,89.98999,1.597150221720994
ethiopia,draw_118,Female,0.01917808,0.07671233,89.98999,1.6210410064141725
ethiopia,draw_118,Male,0.01917808,0.07671233,89.98999,1.6012813041530483
nigeria,draw_118,Female,0.0,0.01917808,89.98999,1.6054619699524848
nigeria,draw_118,Male,0.0,0.01917808,89.98999,1.61702497467296
nigeria,draw_118,Female,0.01917808,0.07671233,89.98999,1.6028985802712767
nigeria,draw_118,Male,0.01917808,0.07671233,89.98999,1.6107262123530748
pakistan,draw_118,Female,0.0,0.01917808,89.98999,1.451638776285201
pakistan,draw_118,Male,0.0,0.01917808,89.98999,1.4970046414182026
pakistan,draw_118,Female,0.01917808,0.07671233,89.98999,1.468427997082597
pakistan,draw_118,Male,0.01917808,0.07671233,89.98999,1.5157198864831551
ethiopia,draw_118,Female,0.0,0.01917808,90.1001,1.6288472661920605
ethiopia,draw_118,Male,0.0,0.01917808,90.1001,1.5945117655191798
ethiopia,draw_118,Female,0.01917808,0.07671233,90.1001,1.618038141580754
ethiopia,draw_118,Male,0.01917808,0.07671233,90.1001,1.5984683193658906
nigeria,draw_118,Female,0.0,0.01917808,90.1001,1.60268472613066
nigeria,draw_118,Male,0.0,0.01917808,90.1001,1.6142381320002208
nigeria,draw_118,Female,0.01917808,0.07671233,90.1001,1.600056272770518
nigeria,draw_118,Male,0.01917808,0.07671233,90.1001,1.6078300066185989
pakistan,draw_118,Female,0.0,0.01917808,90.1001,1.450593672008039
pakistan,draw_118,Male,0.0,0.01917808,90.1001,1.495477745671127
pakistan,draw_118,Female,0.01917808,0.07671233,90.1001,1.4670249992018636
pakistan,draw_118,Male,0.01917808,0.07671233,90.1001,1.5138123262772576
ethiopia,draw_118,Female,0.0,0.01917808,90.21021,1.6258413417239401
ethiopia,draw_118,Male,0.0,0.01917808,90.21021,1.5918567797826713
ethiopia,draw_118,Female,0.01917808,0.07671233,90.21021,1.6150216093490584
ethiopia,draw_118,Male,0.01917808,0.07671233,90.21021,1.5956415114924434
nigeria,draw_118,Female,0.0,0.01917808,90.21021,1.599892064035142
nigeria,draw_118,Male,0.0,0.01917808,90.21021,1.6114360614687835
nigeria,draw_118,Female,0.01917808,0.07671233,90.21021,1.5972000617518252
nigeria,draw_118,Male,0.01917808,0.07671233,90.21021,1.6049205651949534
pakistan,draw_118,Female,0.0,0.01917808,90.21021,1.4495191147247204
pakistan,draw_118,Male,0.0,0.01917808,90.21021,1.4939267195925345
pakistan,draw_118,Female,0.01917808,0.07671233,90.21021,1.46559733443679
pakistan,draw_118,Male,0.01917808,0.07671233,90.21021,1.5118850652165878
ethiopia,draw_118,Female,0.0,0.01917808,90.32032,1.6228204449010917
ethiopia,draw_118,Male,0.0,0.01917808,90.32032,1.5891843776388859
ethiopia,draw_118,Female,0.01917808,0.07671233,90.32032,1.6119910882782056
ethiopia,draw_118,Male,0.01917808,0.07671233,90.32032,1.5927997957505908
nigeria,draw_118,Female,0.0,0.01917808,90.32032,1.5970833803511328
nigeria,draw_118,Male,0.0,0.01917808,90.32032,1.6086169053339296
nigeria,draw_118,Female,0.01917808,0.07671233,90.32032,1.5943291377062394
nigeria,draw_118,Male,0.01917808,0.07671233,90.32032,1.601996539511527
pakistan,draw_118,Female,0.0,0.01917808,90.32032,1.4484145988042103
pakistan,draw_118,Male,0.0,0.01917808,90.32032,1.4923487529625932
pakistan,draw_118,Female,0.01917808,0.07671233,90.32032,1.4641438362409436
pakistan,draw_118,Male,0.01917808,0.07671233,90.32032,1.5099358992142338
ethiopia,draw_118,Female,0.0,0.01917808,90.43043,1.6197862762642163
ethiopia,draw_118,Male,0.0,0.01917808,90.43043,1.5864950741942239
ethiopia,draw_118,Female,0.01917808,0.07671233,90.43043,1.6089477501005884
ethiopia,draw_118,Male,0.01917808,0.07671233,90.43043,1.5899437608555929
nigeria,draw_118,Female,0.0,0.01917808,90.43043,1.5942608658105055
nigeria,draw_118,Male,0.0,0.01917808,90.43043,1.605780965765542
nigeria,draw_118,Female,0.01917808,0.07671233,90.43043,1.5914449461956532
nigeria,draw_118,Male,0.01917808,0.07671233,90.43043,1.5990582307005978
pakistan,draw_118,Female,0.0,0.01917808,90.43043,1.4472807868269122
pakistan,draw_118,Male,0.0,0.01917808,90.43043,1.4907452290845864
pakistan,draw_118,Female,0.01917808,0.07671233,90.43043,1.4626654913489099
pakistan,draw_118,Male,0.01917808,0.07671233,90.43043,1.5079658441072537
ethiopia,draw_118,Female,0.0,0.01917808,90.54054,1.616736582435945
ethiopia,draw_118,Male,0.0,0.01917808,90.54054,1.5837901316005485
ethiopia,draw_118,Female,0.01917808,0.07671233,90.54054,1.6058903502117428
ethiopia,draw_118,Male,0.01917808,0.07671233,90.54054,1.5870739613372118
nigeria,draw_118,Female,0.0,0.01917808,90.54054,1.5914211162276297
nigeria,draw_118,Male,0.0,0.01917808,90.54054,1.602930242878795
nigeria,draw_118,Female,0.01917808,0.07671233,90.54054,1.5885455403734547
nigeria,draw_118,Male,0.01917808,0.07671233,90.54054,1.5961067784656335
pakistan,draw_118,Female,0.0,0.01917808,90.54054,1.4461177519303092
pakistan,draw_118,Male,0.0,0.01917808,90.54054,1.4891162152072295
pakistan,draw_118,Female,0.01917808,0.07671233,90.54054,1.4611621127857533
pakistan,draw_118,Male,0.01917808,0.07671233,90.54054,1.5059746593722463
ethiopia,draw_118,Female,0.0,0.01917808,90.65065,1.6136729389042843
ethiopia,draw_118,Male,0.0,0.01917808,90.65065,1.581068593468724
ethiopia,draw_118,Female,0.01917808,0.07671233,90.65065,1.602819573377646
ethiopia,draw_118,Male,0.01917808,0.07671233,90.65065,1.5841899148549003
nigeria,draw_118,Female,0.0,0.01917808,90.65065,1.5885662483224354
nigeria,draw_118,Male,0.0,0.01917808,90.65065,1.60006235429578
nigeria,draw_118,Female,0.01917808,0.07671233,90.65065,1.5856318488362577
nigeria,draw_118,Male,0.01917808,0.07671233,90.65065,1.5931407304140661
pakistan,draw_118,Female,0.0,0.01917808,90.65065,1.444924174304674
pakistan,draw_118,Male,0.0,0.01917808,90.65065,1.487461320263078
pakistan,draw_118,Female,0.01917808,0.07671233,90.65065,1.4596331909701383
pakistan,draw_118,Male,0.01917808,0.07671233,90.65065,1.50396222987101
ethiopia,draw_118,Female,0.0,0.01917808,90.76076,1.6105958400178102
ethiopia,draw_118,Male,0.0,0.01917808,90.76076,1.5783303534538466
ethiopia,draw_118,Female,0.01917808,0.07671233,90.76076,1.5997356661925648
ethiopia,draw_118,Male,0.01917808,0.07671233,90.76076,1.5812915259744966
nigeria,draw_118,Female,0.0,0.01917808,90.76076,1.5856966303104147
nigeria,draw_118,Male,0.0,0.01917808,90.76076,1.597180218973877
nigeria,draw_118,Female,0.01917808,0.07671233,90.76076,1.5827041791709762
nigeria,draw_118,Male,0.01917808,0.07671233,90.76076,1.5901616569374613
pakistan,draw_118,Female,0.0,0.01917808,90.76076,1.4437009532474094
pakistan,draw_118,Male,0.0,0.01917808,90.76076,1.485780823072255
pakistan,draw_118,Female,0.01917808,0.07671233,90.76076,1.4580789158755256
pakistan,draw_118,Male,0.01917808,0.07671233,90.76076,1.5019286136934802
ethiopia,draw_118,Female,0.0,0.01917808,90.87087,1.6075031618262379
ethiopia,draw_118,Male,0.0,0.01917808,90.87087,1.5755759539808791
ethiopia,draw_118,Female,0.01917808,0.07671233,90.87087,1.5966376579319084
ethiopia,draw_118,Male,0.01917808,0.07671233,90.87087,1.5783790688646686
nigeria,draw_118,Female,0.0,0.01917808,90.87087,1.5828116566178552
nigeria,draw_118,Male,0.0,0.01917808,90.87087,1.5942814172188355
nigeria,draw_118,Female,0.01917808,0.07671233,90.87087,1.5797619660331508
nigeria,draw_118,Male,0.01917808,0.07671233,90.87087,1.587168226862297
pakistan,draw_118,Female,0.0,0.01917808,90.87087,1.4424477380267646
pakistan,draw_118,Male,0.0,0.01917808,90.87087,1.4840748873546608
pakistan,draw_118,Female,0.01917808,0.07671233,90.87087,1.456499212870882
pakistan,draw_118,Male,0.01917808,0.07671233,90.87087,1.4998739802968137
ethiopia,draw_118,Female,0.0,0.01917808,90.98098,1.6043980853846298
ethiopia,draw_118,Male,0.0,0.01917808,90.98098,1.5728051266425023
ethiopia,draw_118,Female,0.01917808,0.07671233,90.98098,1.5935274416968512
ethiopia,draw_118,Male,0.01917808,0.07671233,90.98098,1.5754525170012934
nigeria,draw_118,Female,0.0,0.01917808,90.98098,1.579911850988428
nigeria,draw_118,Male,0.0,0.01917808,90.98098,1.5913666579034462
nigeria,draw_118,Female,0.01917808,0.07671233,90.98098,1.576805878721066
nigeria,draw_118,Male,0.01917808,0.07671233,90.98098,1.584161163164111
pakistan,draw_118,Female,0.0,0.01917808,90.98098,1.4411644079416206
pakistan,draw_118,Male,0.0,0.01917808,90.98098,1.4823424475392266
pakistan,draw_118,Female,0.01917808,0.07671233,90.98098,1.4548940300175395
pakistan,draw_118,Male,0.01917808,0.07671233,90.98098,1.4977977010633945
ethiopia,draw_118,Female,0.0,0.01917808,91.09109,1.6012791388133132
ethiopia,draw_118,Male,0.0,0.01917808,91.09109,1.5700185281522343
ethiopia,draw_118,Female,0.01917808,0.07671233,91.09109,1.5904044000353892
ethiopia,draw_118,Male,0.01917808,0.07671233,91.09109,1.5725124021333863
nigeria,draw_118,Female,0.0,0.01917808,91.09109,1.5769971296216265
nigeria,draw_118,Male,0.0,0.01917808,91.09109,1.5884363303788676
nigeria,draw_118,Female,0.01917808,0.07671233,91.09109,1.573836094002357
nigeria,draw_118,Male,0.01917808,0.07671233,91.09109,1.581140685258713
pakistan,draw_118,Female,0.0,0.01917808,91.09109,1.439851746444941
pakistan,draw_118,Male,0.0,0.01917808,91.09109,1.480584095807011
pakistan,draw_118,Female,0.01917808,0.07671233,91.09109,1.4532636543941435
pakistan,draw_118,Male,0.01917808,0.07671233,91.09109,1.4957001733631323
ethiopia,draw_118,Female,0.0,0.01917808,91.2012,1.598148902679788
ethiopia,draw_118,Male,0.0,0.01917808,91.2012,1.5672177145755084
ethiopia,draw_118,Female,0.01917808,0.07671233,91.2012,1.5872706367186564
ethiopia,draw_118,Male,0.01917808,0.07671233,91.2012,1.569560452948501
nigeria,draw_118,Female,0.0,0.01917808,91.2012,1.5740705307159517
nigeria,draw_118,Male,0.0,0.01917808,91.2012,1.5854932903045027
nigeria,draw_118,Female,0.01917808,0.07671233,91.2012,1.5708549829158498
nigeria,draw_118,Male,0.01917808,0.07671233,91.2012,1.5781090044556834
pakistan,draw_118,Female,0.0,0.01917808,91.2012,1.4385113255414084
pakistan,draw_118,Male,0.0,0.01917808,91.2012,1.4788024631465333
pakistan,draw_118,Female,0.01917808,0.07671233,91.2012,1.4516101520818732
pakistan,draw_118,Male,0.01917808,0.07671233,91.2012,1.4935839047826474
ethiopia,draw_118,Female,0.0,0.01917808,91.31131,1.595007781232852
ethiopia,draw_118,Male,0.0,0.01917808,91.31131,1.5644048618426016
ethiopia,draw_118,Female,0.01917808,0.07671233,91.31131,1.5841269530787627
ethiopia,draw_118,Male,0.01917808,0.07671233,91.31131,1.5665981794573556
nigeria,draw_118,Female,0.0,0.01917808,91.31131,1.5711317563120624
nigeria,draw_118,Male,0.0,0.01917808,91.31131,1.5825370053529062
nigeria,draw_118,Female,0.01917808,0.07671233,91.31131,1.5678628233947638
nigeria,draw_118,Male,0.01917808,0.07671233,91.31131,1.5750663668876712
pakistan,draw_118,Female,0.0,0.01917808,91.31131,1.437145620609614
pakistan,draw_118,Male,0.0,0.01917808,91.31131,1.4769981594825345
pakistan,draw_118,Female,0.01917808,0.07671233,91.31131,1.4499352648420591
pakistan,draw_118,Male,0.01917808,0.07671233,91.31131,1.4914497659483221
ethiopia,draw_118,Female,0.0,0.01917808,91.42142,1.591857209422419
ethiopia,draw_118,Male,0.0,0.01917808,91.42142,1.5615794386695965
ethiopia,draw_118,Female,0.01917808,0.07671233,91.42142,1.580974388380494
ethiopia,draw_118,Male,0.01917808,0.07671233,91.42142,1.5636254718546345
nigeria,draw_118,Female,0.0,0.01917808,91.42142,1.5681823398255719
nigeria,draw_118,Male,0.0,0.01917808,91.42142,1.57957006760726
nigeria,draw_118,Female,0.01917808,0.07671233,91.42142,1.5648606682399664
nigeria,draw_118,Male,0.01917808,0.07671233,91.42142,1.5720146225839957
pakistan,draw_118,Female,0.0,0.01917808,91.42142,1.435753237035081
pakistan,draw_118,Male,0.0,0.01917808,91.42142,1.475173540913766
pakistan,draw_118,Female,0.01917808,0.07671233,91.42142,1.4482383431609762
pakistan,draw_118,Male,0.01917808,0.07671233,91.42142,1.4892989428239438
ethiopia,draw_118,Female,0.0,0.01917808,91.53153,1.588695744671208
ethiopia,draw_118,Male,0.0,0.01917808,91.53153,1.5587414808702835
ethiopia,draw_118,Female,0.01917808,0.07671233,91.53153,1.577812113102388
ethiopia,draw_118,Male,0.01917808,0.07671233,91.53153,1.5606424537156216
nigeria,draw_118,Female,0.0,0.01917808,91.53153,1.5652221127514836
nigeria,draw_118,Male,0.0,0.01917808,91.53153,1.5765905100903173
nigeria,draw_118,Female,0.01917808,0.07671233,91.53153,1.5618485200478436
nigeria,draw_118,Male,0.01917808,0.07671233,91.53153,1.5689525868371275
pakistan,draw_118,Female,0.0,0.01917808,91.53153,1.4343354232723586
pakistan,draw_118,Male,0.0,0.01917808,91.53153,1.4733264584440646
pakistan,draw_118,Female,0.01917808,0.07671233,91.53153,1.4465200364250452
pakistan,draw_118,Male,0.01917808,0.07671233,91.53153,1.4871303633605975
ethiopia,draw_118,Female,0.0,0.01917808,91.64164,1.5855254367892817
ethiopia,draw_118,Male,0.0,0.01917808,91.64164,1.5558922065796799
ethiopia,draw_118,Female,0.01917808,0.07671233,91.64164,1.5746413655747298
ethiopia,draw_118,Male,0.01917808,0.07671233,91.64164,1.5576496895406229
nigeria,draw_118,Female,0.0,0.01917808,91.64164,1.5622503115388697
nigeria,draw_118,Male,0.0,0.01917808,91.64164,1.5735992606001614
nigeria,draw_118,Female,0.01917808,0.07671233,91.64164,1.5588259527389268
nigeria,draw_118,Male,0.01917808,0.07671233,91.64164,1.565880713557789
pakistan,draw_118,Female,0.0,0.01917808,91.64164,1.4328905905963116
pakistan,draw_118,Male,0.0,0.01917808,91.64164,1.4714588650239866
pakistan,draw_118,Female,0.01917808,0.07671233,91.64164,1.4447796987803758
pakistan,draw_118,Male,0.01917808,0.07671233,91.64164,1.484945255389171
ethiopia,draw_118,Female,0.0,0.01917808,91.75175,1.582343116619597
ethiopia,draw_118,Male,0.0,0.01917808,91.75175,1.5530288534333632
ethiopia,draw_118,Female,0.01917808,0.07671233,91.75175,1.571459552939014
ethiopia,draw_118,Male,0.01917808,0.07671233,91.75175,1.554644944774023
nigeria,draw_118,Female,0.0,0.01917808,91.75175,1.559267446581184
nigeria,draw_118,Male,0.0,0.01917808,91.75175,1.5705956010496656
nigeria,draw_118,Female,0.01917808,0.07671233,91.75175,1.5557925171034115
nigeria,draw_118,Male,0.01917808,0.07671233,91.75175,1.5627980013762417
pakistan,draw_118,Female,0.0,0.01917808,91.75175,1.4314175855764317
pakistan,draw_118,Male,0.0,0.01917808,91.75175,1.4695660247209807
pakistan,draw_118,Female,0.01917808,0.07671233,91.75175,1.4430154081608197
pakistan,draw_118,Male,0.01917808,0.07671233,91.75175,1.48274004525805
ethiopia,draw_118,Female,0.0,0.01917808,91.86186,1.5791511415977662
ethiopia,draw_118,Male,0.0,0.01917808,91.86186,1.55015194939182
ethiopia,draw_118,Female,0.01917808,0.07671233,91.86186,1.5682685129185918
ethiopia,draw_118,Male,0.01917808,0.07671233,91.86186,1.5516293182675855
nigeria,draw_118,Female,0.0,0.01917808,91.86186,1.5562724000150112
nigeria,draw_118,Male,0.0,0.01917808,91.86186,1.5675800063857876
nigeria,draw_118,Female,0.01917808,0.07671233,91.86186,1.5527481936003757
nigeria,draw_118,Male,0.01917808,0.07671233,91.86186,1.5597052365024928
pakistan,draw_118,Female,0.0,0.01917808,91.86186,1.4299183275250087
pakistan,draw_118,Male,0.0,0.01917808,91.86186,1.467652517820661
pakistan,draw_118,Female,0.01917808,0.07671233,91.86186,1.4412290809538095
pakistan,draw_118,Male,0.01917808,0.07671233,91.86186,1.4805179264084452
ethiopia,draw_118,Female,0.0,0.01917808,91.97197,1.5759511237205883
ethiopia,draw_118,Male,0.0,0.01917808,91.97197,1.5472637696986873
ethiopia,draw_118,Female,0.01917808,0.07671233,91.97197,1.5650695207721472
ethiopia,draw_118,Male,0.01917808,0.07671233,91.97197,1.5486043071943227
nigeria,draw_118,Female,0.0,0.01917808,91.97197,1.5532669370988228
nigeria,draw_118,Male,0.0,0.01917808,91.97197,1.5645531573559128
nigeria,draw_118,Female,0.01917808,0.07671233,91.97197,1.5496943357242494
nigeria,draw_118,Male,0.01917808,0.07671233,91.97197,1.556603065016657
pakistan,draw_118,Female,0.0,0.01917808,91.97197,1.4283935110721633
pakistan,draw_118,Male,0.0,0.01917808,91.97197,1.4657184281279891
pakistan,draw_118,Female,0.01917808,0.07671233,91.97197,1.4394215008363047
pakistan,draw_118,Male,0.01917808,0.07671233,91.97197,1.4782792702917158
ethiopia,draw_118,Female,0.0,0.01917808,92.08208,1.5727409931359335
ethiopia,draw_118,Male,0.0,0.01917808,92.08208,1.5443644235356846
ethiopia,draw_118,Female,0.01917808,0.07671233,92.08208,1.5618613229527645
ethiopia,draw_118,Male,0.01917808,0.07671233,92.08208,1.5455697039997125
nigeria,draw_118,Female,0.0,0.01917808,92.08208,1.5502515391803686
nigeria,draw_118,Male,0.0,0.01917808,92.08208,1.5615159664649256
nigeria,draw_118,Female,0.01917808,0.07671233,92.08208,1.5466312382793974
nigeria,draw_118,Male,0.01917808,0.07671233,92.08208,1.5534919820911304
pakistan,draw_118,Female,0.0,0.01917808,92.08208,1.4268432479289817
pakistan,draw_118,Male,0.0,0.01917808,92.08208,1.4637628374659308
pakistan,draw_118,Female,0.01917808,0.07671233,92.08208,1.4375928582682809
pakistan,draw_118,Male,0.01917808,0.07671233,92.08208,1.4760235831743287
ethiopia,draw_118,Female,0.0,0.01917808,92.19219,1.5695222112153895
ethiopia,draw_118,Male,0.0,0.01917808,92.19219,1.541453053654358
ethiopia,draw_118,Female,0.01917808,0.07671233,92.19219,1.558644763299522
ethiopia,draw_118,Male,0.01917808,0.07671233,92.19219,1.5425252235204772
nigeria,draw_118,Female,0.0,0.01917808,92.19219,1.5472257907656746
nigeria,draw_118,Male,0.0,0.01917808,92.19219,1.5584678457495262
nigeria,draw_118,Female,0.01917808,0.07671233,92.19219,1.5435584965109364
nigeria,draw_118,Male,0.01917808,0.07671233,92.19219,1.5503716027548995
pakistan,draw_118,Female,0.0,0.01917808,92.19219,1.4252681230509037
pakistan,draw_118,Male,0.0,0.01917808,92.19219,1.4617875227886576
pakistan,draw_118,Female,0.01917808,0.07671233,92.19219,1.4357431669320002
pakistan,draw_118,Male,0.01917808,0.07671233,92.19219,1.4737516997838007
ethiopia,draw_118,Female,0.0,0.01917808,92.3023,1.5662960294811001
ethiopia,draw_118,Male,0.0,0.01917808,92.3023,1.538532009380491
ethiopia,draw_118,Female,0.01917808,0.07671233,92.3023,1.5554210175309766
ethiopia,draw_118,Male,0.01917808,0.07671233,92.3023,1.5394726035887156
nigeria,draw_118,Female,0.0,0.01917808,92.3023,1.5441904200346084
nigeria,draw_118,Male,0.0,0.01917808,92.3023,1.5554096909934667
nigeria,draw_118,Female,0.01917808,0.07671233,92.3023,1.5404770831094194
nigeria,draw_118,Male,0.01917808,0.07671233,92.3023,1.5472428570036654
pakistan,draw_118,Female,0.0,0.01917808,92.3023,1.4236683203369684
pakistan,draw_118,Male,0.0,0.01917808,92.3023,1.4597923475742127
pakistan,draw_118,Female,0.01917808,0.07671233,92.3023,1.4338731808481504
pakistan,draw_118,Male,0.01917808,0.07671233,92.3023,1.4714641360755278
ethiopia,draw_118,Female,0.0,0.01917808,92.41241,1.5630614631590904
ethiopia,draw_118,Male,0.0,0.01917808,92.41241,1.5355998023552548
ethiopia,draw_118,Female,0.01917808,0.07671233,92.41241,1.5521898294344096
ethiopia,draw_118,Male,0.01917808,0.07671233,92.41241,1.536411160422369
nigeria,draw_118,Female,0.0,0.01917808,92.41241,1.541146227318484
nigeria,draw_118,Male,0.0,0.01917808,92.41241,1.552343836174914
nigeria,draw_118,Female,0.01917808,0.07671233,92.41241,1.5373874600620996
nigeria,draw_118,Male,0.01917808,0.07671233,92.41241,1.5441072956139132
pakistan,draw_118,Female,0.0,0.01917808,92.41241,1.4220449253937615
pakistan,draw_118,Male,0.0,0.01917808,92.41241,1.4577775563713513
pakistan,draw_118,Female,0.01917808,0.07671233,92.41241,1.4319833266343132
pakistan,draw_118,Male,0.01917808,0.07671233,92.41241,1.4691610451077166
ethiopia,draw_118,Female,0.0,0.01917808,92.52252,1.5598201296428664
ethiopia,draw_118,Male,0.0,0.01917808,92.52252,1.5326588880465266
ethiopia,draw_118,Female,0.01917808,0.07671233,92.52252,1.5489519479488512
ethiopia,draw_118,Male,0.01917808,0.07671233,92.52252,1.5333421033319696
nigeria,draw_118,Female,0.0,0.01917808,92.52252,1.5380935059611318
nigeria,draw_118,Male,0.0,0.01917808,92.52252,1.549267800290796
nigeria,draw_118,Female,0.01917808,0.07671233,92.52252,1.5342897802173532
nigeria,draw_118,Male,0.01917808,0.07671233,92.52252,1.5409633604109776
pakistan,draw_118,Female,0.0,0.01917808,92.52252,1.4203964665396163
pakistan,draw_118,Male,0.0,0.01917808,92.52252,1.4557423133312581
pakistan,draw_118,Female,0.01917808,0.07671233,92.52252,1.4300725706081894
pakistan,draw_118,Male,0.01917808,0.07671233,92.52252,1.466841903948964
ethiopia,draw_118,Female,0.0,0.01917808,92.63263,1.5565725780922666
ethiopia,draw_118,Male,0.0,0.01917808,92.63263,1.5297086028605218
ethiopia,draw_118,Female,0.01917808,0.07671233,92.63263,1.545708291821769
ethiopia,draw_118,Male,0.01917808,0.07671233,92.63263,1.530265786471042
nigeria,draw_118,Female,0.0,0.01917808,92.63263,1.5350324967372029
nigeria,draw_118,Male,0.0,0.01917808,92.63263,1.5461825783755747
nigeria,draw_118,Female,0.01917808,0.07671233,92.63263,1.5311847285865448
nigeria,draw_118,Male,0.01917808,0.07671233,92.63263,1.5378121208792437
pakistan,draw_118,Female,0.0,0.01917808,92.63263,1.4187254011297104
pakistan,draw_118,Male,0.0,0.01917808,92.63263,1.4536890757431953
pakistan,draw_118,Female,0.01917808,0.07671233,92.63263,1.4281432595985226
pakistan,draw_118,Male,0.01917808,0.07671233,92.63263,1.4645087544818907
ethiopia,draw_118,Female,0.0,0.01917808,92.74274,1.5533186818317863
ethiopia,draw_118,Male,0.0,0.01917808,92.74274,1.5267497025686196
ethiopia,draw_118,Female,0.01917808,0.07671233,92.74274,1.5424589439616547
ethiopia,draw_118,Male,0.01917808,0.07671233,92.74274,1.5271827955440047
nigeria,draw_118,Female,0.0,0.01917808,92.74274,1.5319644607742278
nigeria,draw_118,Male,0.0,0.01917808,92.74274,1.5430906452641897
nigeria,draw_118,Female,0.01917808,0.07671233,92.74274,1.5280733075346855
nigeria,draw_118,Male,0.01917808,0.07671233,92.74274,1.5346552288372006
pakistan,draw_118,Female,0.0,0.01917808,92.74274,1.4170322295365945
pakistan,draw_118,Male,0.0,0.01917808,92.74274,1.4516184370827014
pakistan,draw_118,Female,0.01917808,0.07671233,92.74274,1.4261959440086363
pakistan,draw_118,Male,0.01917808,0.07671233,92.74274,1.4621620784157492
ethiopia,draw_118,Female,0.0,0.01917808,92.85285,1.550060332686616
ethiopia,draw_118,Male,0.0,0.01917808,92.85285,1.5237846240923272
ethiopia,draw_118,Female,0.01917808,0.07671233,92.85285,1.5392052891472001
ethiopia,draw_118,Male,0.01917808,0.07671233,92.85285,1.524094754496053
nigeria,draw_118,Female,0.0,0.01917808,92.85285,1.5288905242580548
nigeria,draw_118,Male,0.0,0.01917808,92.85285,1.5399921243950923
nigeria,draw_118,Female,0.01917808,0.07671233,92.85285,1.5249565276896115
nigeria,draw_118,Male,0.01917808,0.07671233,92.85285,1.5314932085305986
pakistan,draw_118,Female,0.0,0.01917808,92.85285,1.415319010742579
pakistan,draw_118,Male,0.0,0.01917808,92.85285,1.4495314062503366
pakistan,draw_118,Female,0.01917808,0.07671233,92.85285,1.4242320500642536
pakistan,draw_118,Male,0.01917808,0.07671233,92.85285,1.459802845916976
ethiopia,draw_118,Female,0.0,0.01917808,92.96296,1.5467976320123746
ethiopia,draw_118,Male,0.0,0.01917808,92.96296,1.5208115976243455
ethiopia,draw_118,Female,0.01917808,0.07671233,92.96296,1.5359476663032487
ethiopia,draw_118,Male,0.01917808,0.07671233,92.96296,1.5210009745588058
nigeria,draw_118,Female,0.0,0.01917808,92.96296,1.5258106853650422
nigeria,draw_118,Male,0.0,0.01917808,92.96296,1.5368879389295527
nigeria,draw_118,Female,0.01917808,0.07671233,92.96296,1.5218345989269921
nigeria,draw_118,Male,0.01917808,0.07671233,92.96296,1.5283268347613572
pakistan,draw_118,Female,0.0,0.01917808,92.96296,1.4135854625016835
pakistan,draw_118,Male,0.0,0.01917808,92.96296,1.447427922686099
pakistan,draw_118,Female,0.01917808,0.07671233,92.96296,1.4222516154676133
pakistan,draw_118,Male,0.01917808,0.07671233,92.96296,1.4574311715718302
ethiopia,draw_118,Female,0.0,0.01917808,93.07307,1.5435308674520152
ethiopia,draw_118,Male,0.0,0.01917808,93.07307,1.517833597087793
ethiopia,draw_118,Female,0.01917808,0.07671233,93.07307,1.5326866137164241
ethiopia,draw_118,Male,0.01917808,0.07671233,93.07307,1.5179035677827417
nigeria,draw_118,Female,0.0,0.01917808,93.07307,1.5227268913952523
nigeria,draw_118,Male,0.0,0.01917808,93.07307,1.533778058369408
nigeria,draw_118,Female,0.01917808,0.07671233,93.07307,1.5187090409898782
nigeria,draw_118,Male,0.01917808,0.07671233,93.07307,1.5251565182048141
pakistan,draw_118,Female,0.0,0.01917808,93.07307,1.411831856992235
pakistan,draw_118,Male,0.0,0.01917808,93.07307,1.4453096869871278
pakistan,draw_118,Female,0.01917808,0.07671233,93.07307,1.4202552356033697
pakistan,draw_118,Male,0.01917808,0.07671233,93.07307,1.455048479459615
ethiopia,draw_118,Female,0.0,0.01917808,93.18318,1.5402590739358846
ethiopia,draw_118,Male,0.0,0.01917808,93.18318,1.5148472385646836
ethiopia,draw_118,Female,0.01917808,0.07671233,93.18318,1.5294204848048367
ethiopia,draw_118,Male,0.01917808,0.07671233,93.18318,1.5147994642355211
nigeria,draw_118,Female,0.0,0.01917808,93.18318,1.519635149192979
nigeria,draw_118,Male,0.0,0.01917808,93.18318,1.5306607810468622
nigeria,draw_118,Female,0.01917808,0.07671233,93.18318,1.5155763124127273
nigeria,draw_118,Male,0.01917808,0.07671233,93.18318,1.521980089517605
pakistan,draw_118,Female,0.0,0.01917808,93.18318,1.4100558404870267
pakistan,draw_118,Male,0.0,0.01917808,93.18318,1.4431732499389855
pakistan,draw_118,Female,0.01917808,0.07671233,93.18318,1.4182401642835054
pakistan,draw_118,Male,0.01917808,0.07671233,93.18318,1.45265132203436
ethiopia,draw_118,Female,0.0,0.01917808,93.29329,1.5369823025820917
ethiopia,draw_118,Male,0.0,0.01917808,93.29329,1.5118535701295595
ethiopia,draw_118,Female,0.01917808,0.07671233,93.29329,1.5261499026599792
ethiopia,draw_118,Male,0.01917808,0.07671233,93.29329,1.511689816038853
nigeria,draw_118,Female,0.0,0.01917808,93.29329,1.5165392021890332
nigeria,draw_118,Male,0.0,0.01917808,93.29329,1.5275370650892162
nigeria,draw_118,Female,0.01917808,0.07671233,93.29329,1.5124394468649718
nigeria,draw_118,Male,0.01917808,0.07671233,93.29329,1.5187987533424188
pakistan,draw_118,Female,0.0,0.01917808,93.29329,1.4082601458531863
pakistan,draw_118,Male,0.0,0.01917808,93.29329,1.441020961529748
pakistan,draw_118,Female,0.01917808,0.07671233,93.29329,1.4162088208615744
pakistan,draw_118,Male,0.01917808,0.07671233,93.29329,1.4502419576066672
ethiopia,draw_118,Female,0.0,0.01917808,93.4034,1.533701941086736
ethiopia,draw_118,Male,0.0,0.01917808,93.4034,1.5088539869021595
ethiopia,draw_118,Female,0.01917808,0.07671233,93.4034,1.5228759741717188
ethiopia,draw_118,Male,0.01917808,0.07671233,93.4034,1.508575591707
nigeria,draw_118,Female,0.0,0.01917808,93.4034,1.5134363150781494
nigeria,draw_118,Male,0.0,0.01917808,93.4034,1.5244078606388143
nigeria,draw_118,Female,0.01917808,0.07671233,93.4034,1.509296983296807
nigeria,draw_118,Male,0.01917808,0.07671233,93.4034,1.51561317075432
pakistan,draw_118,Female,0.0,0.01917808,93.4034,1.406443847966203
pakistan,draw_118,Male,0.0,0.01917808,93.4034,1.4388530399652855
pakistan,draw_118,Female,0.01917808,0.07671233,93.4034,1.4141609651690688
pakistan,draw_118,Male,0.01917808,0.07671233,93.4034,1.4478206015620474
ethiopia,draw_118,Female,0.0,0.01917808,93.51351,1.5304186813999063
ethiopia,draw_118,Male,0.0,0.01917808,93.51351,1.5058487070384927
ethiopia,draw_118,Female,0.01917808,0.07671233,93.51351,1.5195992172788642
ethiopia,draw_118,Male,0.01917808,0.07671233,93.51351,1.5054571068883849
nigeria,draw_118,Female,0.0,0.01917808,93.51351,1.5103299375775585
nigeria,draw_118,Male,0.0,0.01917808,93.51351,1.5212739019185262
nigeria,draw_118,Female,0.01917808,0.07671233,93.51351,1.5061509226784857
nigeria,draw_118,Male,0.01917808,0.07671233,93.51351,1.5124238884905654
pakistan,draw_118,Female,0.0,0.01917808,93.51351,1.4046096416962608
pakistan,draw_118,Male,0.0,0.01917808,93.51351,1.4366703625569217
pakistan,draw_118,Female,0.01917808,0.07671233,93.51351,1.4120982418720418
pakistan,draw_118,Male,0.01917808,0.07671233,93.51351,1.445387885729686
ethiopia,draw_118,Female,0.0,0.01917808,93.62362,1.527132781420461
ethiopia,draw_118,Male,0.0,0.01917808,93.62362,1.5028374415847852
ethiopia,draw_118,Female,0.01917808,0.07671233,93.62362,1.5163200628789093
ethiopia,draw_118,Male,0.01917808,0.07671233,93.62362,1.5023344717150944
nigeria,draw_118,Female,0.0,0.01917808,93.62362,1.5072187422628724
nigeria,draw_118,Male,0.0,0.01917808,93.62362,1.5181361670765583
nigeria,draw_118,Female,0.01917808,0.07671233,93.62362,1.5030008674972803
nigeria,draw_118,Male,0.01917808,0.07671233,93.62362,1.5092317816793657
pakistan,draw_118,Female,0.0,0.01917808,93.62362,1.4027568570164501
pakistan,draw_118,Male,0.0,0.01917808,93.62362,1.4344734787938145
pakistan,draw_118,Female,0.01917808,0.07671233,93.62362,1.410020795846042
pakistan,draw_118,Male,0.01917808,0.07671233,93.62362,1.442944510164997
ethiopia,draw_118,Female,0.0,0.01917808,93.73373,1.523843766912203
ethiopia,draw_118,Male,0.0,0.01917808,93.73373,1.4998231273212441
ethiopia,draw_118,Female,0.01917808,0.07671233,93.73373,1.5130385470556613
ethiopia,draw_118,Male,0.01917808,0.07671233,93.73373,1.4992097444224977
nigeria,draw_118,Female,0.0,0.01917808,93.73373,1.5041057922580465
nigeria,draw_118,Male,0.0,0.01917808,93.73373,1.5149931764149394
nigeria,draw_118,Female,0.01917808,0.07671233,93.73373,1.4998489681838718
nigeria,draw_118,Male,0.01917808,0.07671233,93.73373,1.5060363966307166
pakistan,draw_118,Female,0.0,0.01917808,93.73373,1.4008873680277831
pakistan,draw_118,Male,0.0,0.01917808,93.73373,1.4322634058734263
pakistan,draw_118,Female,0.01917808,0.07671233,93.73373,1.407929995870729
pakistan,draw_118,Male,0.01917808,0.07671233,93.73373,1.4404914197217653
ethiopia,draw_118,Female,0.0,0.01917808,93.84384,1.5205545239517677
ethiopia,draw_118,Male,0.0,0.01917808,93.84384,1.4968034036977214
ethiopia,draw_118,Female,0.01917808,0.07671233,93.84384,1.5097563419368005
ethiopia,draw_118,Male,0.01917808,0.07671233,93.84384,1.496081563782361
nigeria,draw_118,Female,0.0,0.01917808,93.84384,1.5009899241294373
nigeria,draw_118,Male,0.0,0.01917808,93.84384,1.511847943425378
nigeria,draw_118,Female,0.01917808,0.07671233,93.84384,1.496694460555354
nigeria,draw_118,Male,0.01917808,0.07671233,93.84384,1.5028392201970826
pakistan,draw_118,Female,0.0,0.01917808,93.84384,1.3989990320688073
pakistan,draw_118,Male,0.0,0.01917808,93.84384,1.4300386801725604
pakistan,draw_118,Female,0.01917808,0.07671233,93.84384,1.4058242290758773
pakistan,draw_118,Male,0.01917808,0.07671233,93.84384,1.4380276181251685
ethiopia,draw_118,Female,0.0,0.01917808,93.95395,1.5172631351852253
ethiopia,draw_118,Male,0.0,0.01917808,93.95395,1.493779045129172
ethiopia,draw_118,Female,0.01917808,0.07671233,93.95395,1.5064723006976946
ethiopia,draw_118,Male,0.01917808,0.07671233,93.95395,1.4929502457238066
nigeria,draw_118,Female,0.0,0.01917808,93.95395,1.4978691001272462
nigeria,draw_118,Male,0.0,0.01917808,93.95395,1.5086984135683497
nigeria,draw_118,Female,0.01917808,0.07671233,93.95395,1.4935362228353983
nigeria,draw_118,Male,0.01917808,0.07671233,93.95395,1.499639163482169
pakistan,draw_118,Female,0.0,0.01917808,93.95395,1.3970929995616053
pakistan,draw_118,Male,0.0,0.01917808,93.95395,1.4278003637254215
pakistan,draw_118,Female,0.01917808,0.07671233,93.95395,1.403704136607282
pakistan,draw_118,Male,0.01917808,0.07671233,93.95395,1.4355536632652477
ethiopia,draw_118,Female,0.0,0.01917808,94.06406,1.5139718196716685
ethiopia,draw_118,Male,0.0,0.01917808,94.06406,1.4907530282601396
ethiopia,draw_118,Female,0.01917808,0.07671233,94.06406,1.5031888293510034
ethiopia,draw_118,Male,0.01917808,0.07671233,94.06406,1.4898186269789508
nigeria,draw_118,Female,0.0,0.01917808,94.06406,1.4947483491666278
nigeria,draw_118,Male,0.0,0.01917808,94.06406,1.5055478173388361
nigeria,draw_118,Female,0.01917808,0.07671233,94.06406,1.490378124618458
nigeria,draw_118,Male,0.01917808,0.07671233,94.06406,1.4964391419890626
pakistan,draw_118,Female,0.0,0.01917808,94.06406,1.3951726191124934
pakistan,draw_118,Male,0.0,0.01917808,94.06406,1.425550704305155
pakistan,draw_118,Female,0.01917808,0.07671233,94.06406,1.4015731506504745
pakistan,draw_118,Male,0.01917808,0.07671233,94.06406,1.43307223275202
ethiopia,draw_118,Female,0.0,0.01917808,94.17417,1.5106799325284004
ethiopia,draw_118,Male,0.0,0.01917808,94.17417,1.4877242860643618
ethiopia,draw_118,Female,0.01917808,0.07671233,94.17417,1.4999050534062557
ethiopia,draw_118,Male,0.01917808,0.07671233,94.17417,1.4866856161529298
nigeria,draw_118,Female,0.0,0.01917808,94.17417,1.4916258061818792
nigeria,draw_118,Male,0.0,0.01917808,94.17417,1.502395820155878
nigeria,draw_118,Female,0.01917808,0.07671233,94.17417,1.4872187194114295
nigeria,draw_118,Male,0.01917808,0.07671233,94.17417,1.4932384510374164
pakistan,draw_118,Female,0.0,0.01917808,94.17417,1.3932358186204699
pakistan,draw_118,Male,0.0,0.01917808,94.17417,1.423289990921882
pakistan,draw_118,Female,0.01917808,0.07671233,94.17417,1.3994294942190058
pakistan,draw_118,Male,0.01917808,0.07671233,94.17417,1.4305829195756867
ethiopia,draw_118,Female,0.0,0.01917808,94.28428,1.5073873632131374
ethiopia,draw_118,Male,0.0,0.01917808,94.28428,1.4846918808114187
ethiopia,draw_118,Female,0.01917808,0.07671233,94.28428,1.4966207933052844
ethiopia,draw_118,Male,0.01917808,0.07671233,94.28428,1.4835506168723194
nigeria,draw_118,Female,0.0,0.01917808,94.28428,1.48850129865156
nigeria,draw_118,Male,0.0,0.01917808,94.28428,1.4992411822253346
nigeria,draw_118,Female,0.01917808,0.07671233,94.28428,1.4840578146673429
nigeria,draw_118,Male,0.01917808,0.07671233,94.28428,1.490036373665733
pakistan,draw_118,Female,0.0,0.01917808,94.28428,1.3912833160345055
pakistan,draw_118,Male,0.0,0.01917808,94.28428,1.4210172999852277
pakistan,draw_118,Female,0.01917808,0.07671233,94.28428,1.3972733479911075
pakistan,draw_118,Male,0.01917808,0.07671233,94.28428,1.4280850532173925
ethiopia,draw_118,Female,0.0,0.01917808,94.39439,1.5040945795873302
ethiopia,draw_118,Male,0.0,0.01917808,94.39439,1.4816559233075977
ethiopia,draw_118,Female,0.01917808,0.07671233,94.39439,1.4933363819907821
ethiopia,draw_118,Male,0.01917808,0.07671233,94.39439,1.4804137267792807
nigeria,draw_118,Female,0.0,0.01917808,94.39439,1.485374992492578
nigeria,draw_118,Male,0.0,0.01917808,94.39439,1.4960849146802861
nigeria,draw_118,Female,0.01917808,0.07671233,94.39439,1.4808955454333337
nigeria,draw_118,Male,0.01917808,0.07671233,94.39439,1.4868334399828795
pakistan,draw_118,Female,0.0,0.01917808,94.39439,1.3893152247834553
pakistan,draw_118,Male,0.0,0.01917808,94.39439,1.4187316883756487
pakistan,draw_118,Female,0.01917808,0.07671233,94.39439,1.395104934703301
pakistan,draw_118,Male,0.01917808,0.07671233,94.39439,1.4255780917912186
ethiopia,draw_118,Female,0.0,0.01917808,94.5045,1.500801350518135
ethiopia,draw_118,Male,0.0,0.01917808,94.5045,1.4786172266375042
ethiopia,draw_118,Female,0.01917808,0.07671233,94.5045,1.4900517018943888
ethiopia,draw_118,Male,0.01917808,0.07671233,94.5045,1.4772753696335819
nigeria,draw_118,Female,0.0,0.01917808,94.5045,1.482247575688378
nigeria,draw_118,Male,0.0,0.01917808,94.5045,1.49292603864742
nigeria,draw_118,Female,0.01917808,0.07671233,94.5045,1.4777322575229561
nigeria,draw_118,Male,0.01917808,0.07671233,94.5045,1.4836292003924707
pakistan,draw_118,Female,0.0,0.01917808,94.5045,1.3873317291761535
pakistan,draw_118,Male,0.0,0.01917808,94.5045,1.4164357391337317
pakistan,draw_118,Female,0.01917808,0.07671233,94.5045,1.3929243847959976
pakistan,draw_118,Male,0.01917808,0.07671233,94.5045,1.4230635022767406
ethiopia,draw_118,Female,0.0,0.01917808,94.61461,1.4975060607677464
ethiopia,draw_118,Male,0.0,0.01917808,94.61461,1.475574955277798
ethiopia,draw_118,Female,0.01917808,0.07671233,94.61461,1.4867651476867776
ethiopia,draw_118,Male,0.01917808,0.07671233,94.61461,1.4741342442751653
nigeria,draw_118,Female,0.0,0.01917808,94.61461,1.479115918095517
nigeria,draw_118,Male,0.0,0.01917808,94.61461,1.4897644750781516
nigeria,draw_118,Female,0.01917808,0.07671233,94.61461,1.4745654564381632
nigeria,draw_118,Male,0.01917808,0.07671233,94.61461,1.4804228917139302
pakistan,draw_118,Female,0.0,0.01917808,94.61461,1.385329829719629
pakistan,draw_118,Male,0.0,0.01917808,94.61461,1.4141250258480604
pakistan,draw_118,Female,0.01917808,0.07671233,94.61461,1.3907287972167635
pakistan,draw_118,Male,0.01917808,0.07671233,94.61461,1.420537694494695
ethiopia,draw_118,Female,0.0,0.01917808,94.72472,1.4942103882306341
ethiopia,draw_118,Male,0.0,0.01917808,94.72472,1.4725293137823305
ethiopia,draw_118,Female,0.01917808,0.07671233,94.72472,1.483478372532084
ethiopia,draw_118,Male,0.01917808,0.07671233,94.72472,1.47099125810989
nigeria,draw_118,Female,0.0,0.01917808,94.72472,1.4759829044071426
nigeria,draw_118,Male,0.0,0.01917808,94.72472,1.4865996826596535
nigeria,draw_118,Female,0.01917808,0.07671233,94.72472,1.4713975542271056
nigeria,draw_118,Male,0.01917808,0.07671233,94.72472,1.477214849719954
pakistan,draw_118,Female,0.0,0.01917808,94.72472,1.3833127604127464
pakistan,draw_118,Male,0.0,0.01917808,94.72472,1.4118034233361478
pakistan,draw_118,Female,0.01917808,0.07671233,94.72472,1.3885211622802491
pakistan,draw_118,Male,0.01917808,0.07671233,94.72472,1.4180038544683728
ethiopia,draw_118,Female,0.0,0.01917808,94.83483,1.4909143945921424
ethiopia,draw_118,Male,0.0,0.01917808,94.83483,1.4694809234093793
ethiopia,draw_118,Female,0.01917808,0.07671233,94.83483,1.4801915097997453
ethiopia,draw_118,Male,0.01917808,0.07671233,94.83483,1.467846885202494
nigeria,draw_118,Female,0.0,0.01917808,94.83483,1.472848962065862
nigeria,draw_118,Male,0.0,0.01917808,94.83483,1.48343418500064
nigeria,draw_118,Female,0.01917808,0.07671233,94.83483,1.4682288331459472
nigeria,draw_118,Male,0.01917808,0.07671233,94.83483,1.4740066725422534
pakistan,draw_118,Female,0.0,0.01917808,94.83483,1.3812805239077264
pakistan,draw_118,Male,0.0,0.01917808,94.83483,1.4094703310588872
pakistan,draw_118,Female,0.01917808,0.07671233,94.83483,1.3863014784514944
pakistan,draw_118,Male,0.01917808,0.07671233,94.83483,1.4154618701604913
ethiopia,draw_118,Female,0.0,0.01917808,94.94494,1.4876186936510258
ethiopia,draw_118,Male,0.0,0.01917808,94.94494,1.4664301571449505
ethiopia,draw_118,Female,0.01917808,0.07671233,94.94494,1.4769049037869184
ethiopia,draw_118,Male,0.01917808,0.07671233,94.94494,1.4647014307567081
nigeria,draw_118,Female,0.0,0.01917808,94.94494,1.4697134521045123
nigeria,draw_118,Male,0.0,0.01917808,94.94494,1.4802669311200194
nigeria,draw_118,Female,0.01917808,0.07671233,94.94494,1.465059010454799
nigeria,draw_118,Male,0.01917808,0.07671233,94.94494,1.4707977846078366
pakistan,draw_118,Female,0.0,0.01917808,94.94494,1.3792334764669574
pakistan,draw_118,Male,0.0,0.01917808,94.94494,1.4071259338376563
pakistan,draw_118,Female,0.01917808,0.07671233,94.94494,1.384070003711018
pakistan,draw_118,Male,0.01917808,0.07671233,94.94494,1.4129118015527318
ethiopia,draw_118,Female,0.0,0.01917808,95.05506,1.484324067537747
ethiopia,draw_118,Male,0.0,0.01917808,95.05506,1.463378643422365
ethiopia,draw_118,Female,0.01917808,0.07671233,95.05506,1.4736195529179634
ethiopia,draw_118,Male,0.01917808,0.07671233,95.05506,1.4615562970826173
nigeria,draw_118,Female,0.0,0.01917808,95.05506,1.466577879259585
nigeria,draw_118,Male,0.0,0.01917808,95.05506,1.4771005227722733
nigeria,draw_118,Female,0.01917808,0.07671233,95.05506,1.4618894697395683
nigeria,draw_118,Male,0.01917808,0.07671233,95.05506,1.4675901608083408
pakistan,draw_118,Female,0.0,0.01917808,95.05506,1.3771733584587689
pakistan,draw_118,Male,0.0,0.01917808,95.05506,1.4047722460974825
pakistan,draw_118,Female,0.01917808,0.07671233,95.05506,1.3818283415211774
pakistan,draw_118,Male,0.01917808,0.07671233,95.05506,1.4103554099466633
ethiopia,draw_118,Female,0.0,0.01917808,95.16517,1.4810311333782182
ethiopia,draw_118,Male,0.0,0.01917808,95.16517,1.4603263898929972
ethiopia,draw_118,Female,0.01917808,0.07671233,95.16517,1.4703360631026547
ethiopia,draw_118,Male,0.01917808,0.07671233,95.16517,1.458411709729639
nigeria,draw_118,Female,0.0,0.01917808,95.16517,1.463444015116199
nigeria,draw_118,Male,0.0,0.01917808,95.16517,1.4739330950745326
nigeria,draw_118,Female,0.01917808,0.07671233,95.16517,1.4587215058460845
nigeria,draw_118,Male,0.01917808,0.07671233,95.16517,1.4643831030279502
pakistan,draw_118,Female,0.0,0.01917808,95.16517,1.375099552682185
pakistan,draw_118,Male,0.0,0.01917808,95.16517,1.4024090915680114
pakistan,draw_118,Female,0.01917808,0.07671233,95.16517,1.3795762973486683
pakistan,draw_118,Male,0.01917808,0.07671233,95.16517,1.4077928540672784
ethiopia,draw_118,Female,0.0,0.01917808,95.27528,1.4777391441438523
ethiopia,draw_118,Male,0.0,0.01917808,95.27528,1.457272456432274
ethiopia,draw_118,Female,0.01917808,0.07671233,95.27528,1.4670531873799728
ethiopia,draw_118,Male,0.01917808,0.07671233,95.27528,1.4552662824591494
nigeria,draw_118,Female,0.0,0.01917808,95.27528,1.4603083442698503
nigeria,draw_118,Male,0.0,0.01917808,95.27528,1.4707645196670653
nigeria,draw_118,Female,0.01917808,0.07671233,95.27528,1.4555523286891585
nigeria,draw_118,Male,0.01917808,0.07671233,95.27528,1.46117569951704
pakistan,draw_118,Female,0.0,0.01917808,95.27528,1.3730112341186744
pakistan,draw_118,Male,0.0,0.01917808,95.27528,1.4000348035153223
pakistan,draw_118,Female,0.01917808,0.07671233,95.27528,1.377312412736281
pakistan,draw_118,Male,0.01917808,0.07671233,95.27528,1.405222127833047
ethiopia,draw_118,Female,0.0,0.01917808,95.38539,1.474447287057069
ethiopia,draw_118,Male,0.0,0.01917808,95.38539,1.4542158805658623
ethiopia,draw_118,Female,0.01917808,0.07671233,95.38539,1.463770544608799
ethiopia,draw_118,Male,0.01917808,0.07671233,95.38539,1.4521196592377172
nigeria,draw_118,Female,0.0,0.01917808,95.38539,1.457172882636215
nigeria,draw_118,Male,0.0,0.01917808,95.38539,1.4675948500424172
nigeria,draw_118,Female,0.01917808,0.07671233,95.38539,1.4523831731659775
nigeria,draw_118,Male,0.01917808,0.07671233,95.38539,1.4579680123049497
pakistan,draw_118,Female,0.0,0.01917808,95.38539,1.370907938262731
pakistan,draw_118,Male,0.0,0.01917808,95.38539,1.3976495590961822
pakistan,draw_118,Female,0.01917808,0.07671233,95.38539,1.3750365013670527
pakistan,draw_118,Male,0.01917808,0.07671233,95.38539,1.4026433702185443
ethiopia,draw_118,Female,0.0,0.01917808,95.4955,1.4711567786530444
ethiopia,draw_118,Male,0.0,0.01917808,95.4955,1.4511586687833489
ethiopia,draw_118,Female,0.01917808,0.07671233,95.4955,1.4604893643483745
ethiopia,draw_118,Male,0.01917808,0.07671233,95.4955,1.4489734707741513
nigeria,draw_118,Female,0.0,0.01917808,95.4955,1.4540366065915042
nigeria,draw_118,Male,0.0,0.01917808,95.4955,1.464425533760545
nigeria,draw_118,Female,0.01917808,0.07671233,95.4955,1.4492139947056601
nigeria,draw_118,Male,0.01917808,0.07671233,95.4955,1.454761361993671
pakistan,draw_118,Female,0.0,0.01917808,95.4955,1.3687918093386502
pakistan,draw_118,Male,0.0,0.01917808,95.4955,1.3952552867348003
pakistan,draw_118,Female,0.01917808,0.07671233,95.4955,1.3727505404861398
pakistan,draw_118,Male,0.01917808,0.07671233,95.4955,1.4000584108659604
ethiopia,draw_118,Female,0.0,0.01917808,95.60561,1.4678684287679504
ethiopia,draw_118,Male,0.0,0.01917808,95.60561,1.4481014062556103
ethiopia,draw_118,Female,0.01917808,0.07671233,95.60561,1.4572102146523538
ethiopia,draw_118,Male,0.01917808,0.07671233,95.60561,1.4458281034426403
nigeria,draw_118,Female,0.0,0.01917808,95.60561,1.4509009977608476
nigeria,draw_118,Male,0.0,0.01917808,95.60561,1.461255900723405
nigeria,draw_118,Female,0.01917808,0.07671233,95.60561,1.4460457624026686
nigeria,draw_118,Male,0.01917808,0.07671233,95.60561,1.451555384062498
pakistan,draw_118,Female,0.0,0.01917808,95.60561,1.366663543897719
pakistan,draw_118,Male,0.0,0.01917808,95.60561,1.392851624415788
pakistan,draw_118,Female,0.01917808,0.07671233,95.60561,1.3704549671242523
pakistan,draw_118,Male,0.01917808,0.07671233,95.60561,1.3974671729088057
ethiopia,draw_118,Female,0.0,0.01917808,95.71572,1.4645821584163625
ethiopia,draw_118,Male,0.0,0.01917808,95.71572,1.4450436877697068
ethiopia,draw_118,Female,0.01917808,0.07671233,95.71572,1.4539331095436525
ethiopia,draw_118,Male,0.01917808,0.07671233,95.71572,1.4426834556769332
nigeria,draw_118,Female,0.0,0.01917808,95.71572,1.4477668708377553
nigeria,draw_118,Male,0.0,0.01917808,95.71572,1.458087492557915
nigeria,draw_118,Female,0.01917808,0.07671233,95.71572,1.442878902628191
nigeria,draw_118,Male,0.01917808,0.07671233,95.71572,1.4483510931652854
pakistan,draw_118,Female,0.0,0.01917808,95.71572,1.3645235181172115
pakistan,draw_118,Male,0.0,0.01917808,95.71572,1.3904397239262143
pakistan,draw_118,Female,0.01917808,0.07671233,95.71572,1.368150132241636
pakistan,draw_118,Male,0.01917808,0.07671233,95.71572,1.3948703162557037
ethiopia,draw_118,Female,0.0,0.01917808,95.82583,1.4612981629247903
ethiopia,draw_118,Male,0.0,0.01917808,95.82583,1.4419848323999949
ethiopia,draw_118,Female,0.01917808,0.07671233,95.82583,1.4506582538527206
ethiopia,draw_118,Male,0.01917808,0.07671233,95.82583,1.4395392025924927
nigeria,draw_118,Female,0.0,0.01917808,95.82583,1.4446329763883872
nigeria,draw_118,Male,0.0,0.01917808,95.82583,1.4549190226240445
nigeria,draw_118,Female,0.01917808,0.07671233,95.82583,1.4397127460040444
nigeria,draw_118,Male,0.01917808,0.07671233,95.82583,1.4451478277262915
pakistan,draw_118,Female,0.0,0.01917808,95.82583,1.3623721850306787
pakistan,draw_118,Male,0.0,0.01917808,95.82583,1.3880185611549356
pakistan,draw_118,Female,0.01917808,0.07671233,95.82583,1.365836343776656
pakistan,draw_118,Male,0.01917808,0.07671233,95.82583,1.3922672637943612
ethiopia,draw_118,Female,0.0,0.01917808,95.93594,1.4580162118799884
ethiopia,draw_118,Male,0.0,0.01917808,95.93594,1.4389268837913127
ethiopia,draw_118,Female,0.01917808,0.07671233,95.93594,1.447385510116197
ethiopia,draw_118,Male,0.01917808,0.07671233,95.93594,1.4363964951723305
nigeria,draw_118,Female,0.0,0.01917808,95.93594,1.4415001052871286
nigeria,draw_118,Male,0.0,0.01917808,95.93594,1.4517506569213918
nigeria,draw_118,Female,0.01917808,0.07671233,95.93594,1.4365477758982017
nigeria,draw_118,Male,0.01917808,0.07671233,95.93594,1.4419457376412899
pakistan,draw_118,Female,0.0,0.01917808,95.93594,1.3602085606793648
pakistan,draw_118,Male,0.0,0.01917808,95.93594,1.3855899851147373
pakistan,draw_118,Female,0.01917808,0.07671233,95.93594,1.36351302078832
pakistan,draw_118,Male,0.01917808,0.07671233,95.93594,1.3896590322283218
ethiopia,draw_118,Female,0.0,0.01917808,96.04605,1.4547345284258935
ethiopia,draw_118,Male,0.0,0.01917808,96.04605,1.4358676523935108
ethiopia,draw_118,Female,0.01917808,0.07671233,96.04605,1.4441132916902137
ethiopia,draw_118,Male,0.01917808,0.07671233,96.04605,1.4332535834687923
nigeria,draw_118,Female,0.0,0.01917808,96.04605,1.4383683422916844
nigeria,draw_118,Male,0.0,0.01917808,96.04605,1.4485828754824317
nigeria,draw_118,Female,0.01917808,0.07671233,96.04605,1.433383470403683
nigeria,draw_118,Male,0.01917808,0.07671233,96.04605,1.4387445446195035
pakistan,draw_118,Female,0.0,0.01917808,96.04605,1.3580317685620942
pakistan,draw_118,Male,0.0,0.01917808,96.04605,1.38315110809317
pakistan,draw_118,Female,0.01917808,0.07671233,96.04605,1.3611788177030058
pakistan,draw_118,Male,0.01917808,0.07671233,96.04605,1.3870433179480839
ethiopia,draw_118,Female,0.0,0.01917808,96.15616,1.4514571539976235
ethiopia,draw_118,Male,0.0,0.01917808,96.15616,1.432809796938144
ethiopia,draw_118,Female,0.01917808,0.07671233,96.15616,1.4408451700666864
ethiopia,draw_118,Male,0.01917808,0.07671233,96.15616,1.4301132230101585
nigeria,draw_118,Female,0.0,0.01917808,96.15616,1.4352381347196608
nigeria,draw_118,Male,0.0,0.01917808,96.15616,1.445417120804111
nigeria,draw_118,Female,0.01917808,0.07671233,96.15616,1.4302213989244452
nigeria,draw_118,Male,0.01917808,0.07671233,96.15616,1.4355463268914879
pakistan,draw_118,Female,0.0,0.01917808,96.15616,1.3558442301089848
pakistan,draw_118,Male,0.0,0.01917808,96.15616,1.380705840156622
pakistan,draw_118,Female,0.01917808,0.07671233,96.15616,1.3588369024689182
pakistan,draw_118,Male,0.01917808,0.07671233,96.15616,1.3844239186816933
ethiopia,draw_118,Female,0.0,0.01917808,96.26627,1.4481827209948672
ethiopia,draw_118,Male,0.0,0.01917808,96.26627,1.429751895906685
ethiopia,draw_118,Female,0.01917808,0.07671233,96.26627,1.4375797562745676
ethiopia,draw_118,Male,0.01917808,0.07671233,96.26627,1.4269739346918944
nigeria,draw_118,Female,0.0,0.01917808,96.26627,1.4321098499043163
nigeria,draw_118,Male,0.0,0.01917808,96.26627,1.4422520378740302
nigeria,draw_118,Female,0.01917808,0.07671233,96.26627,1.4270611729812335
nigeria,draw_118,Male,0.01917808,0.07671233,96.26627,1.432349713981717
pakistan,draw_118,Female,0.0,0.01917808,96.26627,1.3536466280874333
pakistan,draw_118,Male,0.0,0.01917808,96.26627,1.3782525600257738
pakistan,draw_118,Female,0.01917808,0.07671233,96.26627,1.356487037374485
pakistan,draw_118,Male,0.01917808,0.07671233,96.26627,1.3817993832379574
ethiopia,draw_118,Female,0.0,0.01917808,96.37638,1.4449103649423005
ethiopia,draw_118,Male,0.0,0.01917808,96.37638,1.4266943020047205
ethiopia,draw_118,Female,0.01917808,0.07671233,96.37638,1.434316567549567
ethiopia,draw_118,Male,0.01917808,0.07671233,96.37638,1.4238360020934677
nigeria,draw_118,Female,0.0,0.01917808,96.37638,1.428984014244743
nigeria,draw_118,Male,0.0,0.01917808,96.37638,1.4390876348957342
nigeria,draw_118,Female,0.01917808,0.07671233,96.37638,1.4239031371309814
nigeria,draw_118,Male,0.01917808,0.07671233,96.37638,1.4291547587814055
pakistan,draw_118,Female,0.0,0.01917808,96.37638,1.351437787752455
pakistan,draw_118,Male,0.0,0.01917808,96.37638,1.3757917477913617
pakistan,draw_118,Female,0.01917808,0.07671233,96.37638,1.3541285552364775
pakistan,draw_118,Male,0.01917808,0.07671233,96.37638,1.3791699812922473
ethiopia,draw_118,Female,0.0,0.01917808,96.48649,1.441641289631048
ethiopia,draw_118,Male,0.0,0.01917808,96.48649,1.4236379014558358
ethiopia,draw_118,Female,0.01917808,0.07671233,96.48649,1.431056350286111
ethiopia,draw_118,Male,0.01917808,0.07671233,96.48649,1.420699890113447
nigeria,draw_118,Female,0.0,0.01917808,96.48649,1.425858613077576
nigeria,draw_118,Male,0.0,0.01917808,96.48649,1.4359244334718988
nigeria,draw_118,Female,0.01917808,0.07671233,96.48649,1.4207461364157656
nigeria,draw_118,Male,0.01917808,0.07671233,96.48649,1.425961808017253
pakistan,draw_118,Female,0.0,0.01917808,96.48649,1.349218145888863
pakistan,draw_118,Male,0.0,0.01917808,96.48649,1.373324202815263
pakistan,draw_118,Female,0.01917808,0.07671233,96.48649,1.351761782818173
pakistan,draw_118,Male,0.01917808,0.07671233,96.48649,1.3765361127439
ethiopia,draw_118,Female,0.0,0.01917808,96.5966,1.438374834036592
ethiopia,draw_118,Male,0.0,0.01917808,96.5966,1.4205824051632334
ethiopia,draw_118,Female,0.01917808,0.07671233,96.5966,1.4277988128990493
ethiopia,draw_118,Male,0.01917808,0.07671233,96.5966,1.4175655259855653
nigeria,draw_118,Female,0.0,0.01917808,96.5966,1.4227353665833082
nigeria,draw_118,Male,0.0,0.01917808,96.5966,1.4327630924779677
nigeria,draw_118,Female,0.01917808,0.07671233,96.5966,1.4175911739575886
nigeria,draw_118,Male,0.01917808,0.07671233,96.5966,1.422771212769882
pakistan,draw_118,Female,0.0,0.01917808,96.5966,1.3469884155892324
pakistan,draw_118,Male,0.0,0.01917808,96.5966,1.370849098434349
pakistan,draw_118,Female,0.01917808,0.07671233,96.5966,1.349387076688824
pakistan,draw_118,Male,0.01917808,0.07671233,96.5966,1.3738974159913826
ethiopia,draw_118,Female,0.0,0.01917808,96.70671,1.4351105157629687
ethiopia,draw_118,Male,0.0,0.01917808,96.70671,1.4175265110621655
ethiopia,draw_118,Female,0.01917808,0.07671233,96.70671,1.424543387032966
ethiopia,draw_118,Male,0.01917808,0.07671233,96.70671,1.4144317983730068
nigeria,draw_118,Female,0.0,0.01917808,96.70671,1.4196129555678378
nigeria,draw_118,Male,0.0,0.01917808,96.70671,1.4296021349541634
nigeria,draw_118,Female,0.01917808,0.07671233,96.70671,1.4144372463691206
nigeria,draw_118,Male,0.01917808,0.07671233,96.70671,1.419581786097413
pakistan,draw_118,Female,0.0,0.01917808,96.70671,1.34474664919308
pakistan,draw_118,Male,0.0,0.01917808,96.70671,1.3683663017970922
pakistan,draw_118,Female,0.01917808,0.07671233,96.70671,1.3470029156498213
pakistan,draw_118,Male,0.01917808,0.07671233,96.70671,1.3712533288856603
ethiopia,draw_118,Female,0.0,0.01917808,96.81682,1.4318480816325894
ethiopia,draw_118,Male,0.0,0.01917808,96.81682,1.4144712273790945
ethiopia,draw_118,Female,0.01917808,0.07671233,96.81682,1.4212898998264551
ethiopia,draw_118,Male,0.01917808,0.07671233,96.81682,1.41129933099673
nigeria,draw_118,Female,0.0,0.01917808,96.81682,1.416492306163671
nigeria,draw_118,Male,0.0,0.01917808,96.81682,1.4264422472929803
nigeria,draw_118,Female,0.01917808,0.07671233,96.81682,1.4112848825298907
nigeria,draw_118,Male,0.01917808,0.07671233,96.81682,1.4163939832550618
pakistan,draw_118,Female,0.0,0.01917808,96.81682,1.342493713169485
pakistan,draw_118,Male,0.0,0.01917808,96.81682,1.3658752283370772
pakistan,draw_118,Female,0.01917808,0.07671233,96.81682,1.3446097875468483
pakistan,draw_118,Male,0.01917808,0.07671233,96.81682,1.3686035375488501
ethiopia,draw_118,Female,0.0,0.01917808,96.92693,1.4285898158396537
ethiopia,draw_118,Male,0.0,0.01917808,96.92693,1.4114158218734816
ethiopia,draw_118,Female,0.01917808,0.07671233,96.92693,1.4180400711943553
ethiopia,draw_118,Male,0.01917808,0.07671233,96.92693,1.40816812151541
nigeria,draw_118,Female,0.0,0.01917808,96.92693,1.4133737858759474
nigeria,draw_118,Male,0.0,0.01917808,96.92693,1.4232835673693585
nigeria,draw_118,Female,0.01917808,0.07671233,96.92693,1.4081347386689222
nigeria,draw_118,Male,0.01917808,0.07671233,96.92693,1.4132081408973332
pakistan,draw_118,Female,0.0,0.01917808,96.92693,1.3402304991217224
pakistan,draw_118,Male,0.0,0.01917808,96.92693,1.363378552698202
pakistan,draw_118,Female,0.01917808,0.07671233,96.92693,1.342208853826896
pakistan,draw_118,Male,0.01917808,0.07671233,96.92693,1.3659501324598524
ethiopia,draw_118,Female,0.0,0.01917808,97.03704,1.425334044561825
ethiopia,draw_118,Male,0.0,0.01917808,97.03704,1.4083630445167887
ethiopia,draw_118,Female,0.01917808,0.07671233,97.03704,1.4147929690055143
ethiopia,draw_118,Male,0.01917808,0.07671233,97.03704,1.4050397730203588
nigeria,draw_118,Female,0.0,0.01917808,97.03704,1.410256868541572
nigeria,draw_118,Male,0.0,0.01917808,97.03704,1.4201264794710102
nigeria,draw_118,Female,0.01917808,0.07671233,97.03704,1.4049865656700447
nigeria,draw_118,Male,0.01917808,0.07671233,97.03704,1.4100246056245278
pakistan,draw_118,Female,0.0,0.01917808,97.03704,1.337958730136814
pakistan,draw_118,Male,0.0,0.01917808,97.03704,1.3608746650934749
pakistan,draw_118,Female,0.01917808,0.07671233,97.03704,1.339801107561978
pakistan,draw_118,Male,0.01917808,0.07671233,97.03704,1.3632923001223802
ethiopia,draw_118,Female,0.0,0.01917808,97.14715,1.4220840267222215
ethiopia,draw_118,Male,0.0,0.01917808,97.14715,1.4053127402052166
ethiopia,draw_118,Female,0.01917808,0.07671233,97.14715,1.4115513121827337
ethiopia,draw_118,Male,0.01917808,0.07671233,97.14715,1.401914983762558
nigeria,draw_118,Female,0.0,0.01917808,97.14715,1.4071444340826902
nigeria,draw_118,Male,0.0,0.01917808,97.14715,1.4169736971913856
nigeria,draw_118,Female,0.01917808,0.07671233,97.14715,1.4018427019654098
nigeria,draw_118,Male,0.01917808,0.07671233,97.14715,1.4068457280973656
pakistan,draw_118,Female,0.0,0.01917808,97.14715,1.3356783144434072
pakistan,draw_118,Male,0.0,0.01917808,97.14715,1.358367289471902
pakistan,draw_118,Female,0.01917808,0.07671233,97.14715,1.337387292013974
pakistan,draw_118,Male,0.01917808,0.07671233,97.14715,1.3606329296177682
ethiopia,draw_118,Female,0.0,0.01917808,97.25726,1.4188368967575642
ethiopia,draw_118,Male,0.0,0.01917808,97.25726,1.4022637507130868
ethiopia,draw_118,Female,0.01917808,0.07671233,97.25726,1.4083127688171506
ethiopia,draw_118,Male,0.01917808,0.07671233,97.25726,1.398792478832997
nigeria,draw_118,Female,0.0,0.01917808,97.25726,1.4040335206317947
nigeria,draw_118,Male,0.0,0.01917808,97.25726,1.4138228003836475
nigeria,draw_118,Female,0.01917808,0.07671233,97.25726,1.3987008978845645
nigeria,draw_118,Male,0.01917808,0.07671233,97.25726,1.4036694263731662
pakistan,draw_118,Female,0.0,0.01917808,97.25726,1.3333899732208008
pakistan,draw_118,Male,0.0,0.01917808,97.25726,1.3558528317808523
pakistan,draw_118,Female,0.01917808,0.07671233,97.25726,1.334967258849329
pakistan,draw_118,Male,0.01917808,0.07671233,97.25726,1.3579692887265535
ethiopia,draw_118,Female,0.0,0.01917808,97.36737,1.415594253045424
ethiopia,draw_118,Male,0.0,0.01917808,97.36737,1.399216253279735
ethiopia,draw_118,Female,0.01917808,0.07671233,97.36737,1.40507821571414
ethiopia,draw_118,Male,0.01917808,0.07671233,97.36737,1.395672303720147
nigeria,draw_118,Female,0.0,0.01917808,97.36737,1.4009258901391222
nigeria,draw_118,Male,0.0,0.01917808,97.36737,1.4106738086275772
nigeria,draw_118,Female,0.01917808,0.07671233,97.36737,1.39556203088805
nigeria,draw_118,Male,0.01917808,0.07671233,97.36737,1.4004956761910663
pakistan,draw_118,Female,0.0,0.01917808,97.36737,1.3310920844491114
pakistan,draw_118,Male,0.0,0.01917808,97.36737,1.3533332682092198
pakistan,draw_118,Female,0.01917808,0.07671233,97.36737,1.3325400161623493
pakistan,draw_118,Male,0.01917808,0.07671233,97.36737,1.3553024741244335
ethiopia,draw_118,Female,0.0,0.01917808,97.47748,1.4123533404782054
ethiopia,draw_118,Male,0.0,0.01917808,97.47748,1.396169150770019
ethiopia,draw_118,Female,0.01917808,0.07671233,97.47748,1.401845418109001
ethiopia,draw_118,Male,0.01917808,0.07671233,97.47748,1.3925531183142394
nigeria,draw_118,Female,0.0,0.01917808,97.47748,1.3978200755884358
nigeria,draw_118,Male,0.0,0.01917808,97.47748,1.4075258241766069
nigeria,draw_118,Female,0.01917808,0.07671233,97.47748,1.3924245331019576
nigeria,draw_118,Male,0.01917808,0.07671233,97.47748,1.397323276377402
pakistan,draw_118,Female,0.0,0.01917808,97.47748,1.3287831178878875
pakistan,draw_118,Male,0.0,0.01917808,97.47748,1.3508055365307508
pakistan,draw_118,Female,0.01917808,0.07671233,97.47748,1.3301035927825877
pakistan,draw_118,Male,0.01917808,0.07671233,97.47748,1.3526298533151069
ethiopia,draw_118,Female,0.0,0.01917808,97.58759,1.4091153751541352
ethiopia,draw_118,Male,0.0,0.01917808,97.58759,1.3931243897805112
ethiopia,draw_118,Female,0.01917808,0.07671233,97.58759,1.3986157827947796
ethiopia,draw_118,Male,0.01917808,0.07671233,97.58759,1.3894367561747099
nigeria,draw_118,Female,0.0,0.01917808,97.58759,1.3947154291739488
nigeria,draw_118,Male,0.0,0.01917808,97.58759,1.404379992745976
nigeria,draw_118,Female,0.01917808,0.07671233,97.58759,1.389288931705078
nigeria,draw_118,Male,0.01917808,0.07671233,97.58759,1.3941536241748285
pakistan,draw_118,Female,0.0,0.01917808,97.58759,1.326466081405586
pakistan,draw_118,Male,0.0,0.01917808,97.58759,1.3482723418220104
pakistan,draw_118,Female,0.01917808,0.07671233,97.58759,1.3276609197356635
pakistan,draw_118,Male,0.01917808,0.07671233,97.58759,1.349953966012731
ethiopia,draw_118,Female,0.0,0.01917808,97.6977,1.4058817723564947
ethiopia,draw_118,Male,0.0,0.01917808,97.6977,1.390080543046166
ethiopia,draw_118,Female,0.01917808,0.07671233,97.6977,1.395390182471533
ethiopia,draw_118,Male,0.01917808,0.07671233,97.6977,1.3863224904363183
nigeria,draw_118,Female,0.0,0.01917808,97.6977,1.3916138450988527
nigeria,draw_118,Male,0.0,0.01917808,97.6977,1.4012376676686515
nigeria,draw_118,Female,0.01917808,0.07671233,97.6977,1.3861563057986033
nigeria,draw_118,Male,0.01917808,0.07671233,97.6977,1.3909874991473135
pakistan,draw_118,Female,0.0,0.01917808,97.6977,1.3241404722505261
pakistan,draw_118,Male,0.0,0.01917808,97.6977,1.3457340659622696
pakistan,draw_118,Female,0.01917808,0.07671233,97.6977,1.3252118630560203
pakistan,draw_118,Male,0.01917808,0.07671233,97.6977,1.347275054311853
ethiopia,draw_118,Female,0.0,0.01917808,97.80781,1.4026524898806727
ethiopia,draw_118,Male,0.0,0.01917808,97.80781,1.3870389493227326
ethiopia,draw_118,Female,0.01917808,0.07671233,97.80781,1.3921686106747604
ethiopia,draw_118,Male,0.01917808,0.07671233,97.80781,1.3832110468269692
nigeria,draw_118,Female,0.0,0.01917808,97.80781,1.3885154056485463
nigeria,draw_118,Male,0.0,0.01917808,97.80781,1.39809752595863
nigeria,draw_118,Female,0.01917808,0.07671233,97.80781,1.3830267761149861
nigeria,draw_118,Male,0.01917808,0.07671233,97.80781,1.3878242359313617
pakistan,draw_118,Female,0.0,0.01917808,97.80781,1.3218066787317844
pakistan,draw_118,Male,0.0,0.01917808,97.80781,1.343190678493985
pakistan,draw_118,Female,0.01917808,0.07671233,97.80781,1.322756564468811
pakistan,draw_118,Male,0.01917808,0.07671233,97.80781,1.3445931226907515
ethiopia,draw_118,Female,0.0,0.01917808,97.91792,1.399426949986445
ethiopia,draw_118,Male,0.0,0.01917808,97.91792,1.3839996752877446
ethiopia,draw_118,Female,0.01917808,0.07671233,97.91792,1.3889507181065692
ethiopia,draw_118,Male,0.01917808,0.07671233,97.91792,1.380102472503385
nigeria,draw_118,Female,0.0,0.01917808,97.91792,1.385420300663917
nigeria,draw_118,Male,0.0,0.01917808,97.91792,1.394959766591554
nigeria,draw_118,Female,0.01917808,0.07671233,97.91792,1.3799004332468672
nigeria,draw_118,Male,0.01917808,0.07671233,97.91792,1.384663995446516
pakistan,draw_118,Female,0.0,0.01917808,97.91792,1.3194653358892978
pakistan,draw_118,Male,0.0,0.01917808,97.91792,1.3406429999904406
pakistan,draw_118,Female,0.01917808,0.07671233,97.91792,1.3202954096359807
pakistan,draw_118,Male,0.01917808,0.07671233,97.91792,1.341908698802382
ethiopia,draw_118,Female,0.0,0.01917808,98.02803,1.3962050803035169
ethiopia,draw_118,Male,0.0,0.01917808,98.02803,1.380962682494919
ethiopia,draw_118,Female,0.01917808,0.07671233,98.02803,1.3857364949787787
ethiopia,draw_118,Male,0.01917808,0.07671233,98.02803,1.376996846619115
nigeria,draw_118,Female,0.0,0.01917808,98.02803,1.3823287358561391
nigeria,draw_118,Male,0.0,0.01917808,98.02803,1.391825609206487
nigeria,draw_118,Female,0.01917808,0.07671233,98.02803,1.376777428346287
nigeria,draw_118,Male,0.01917808,0.07671233,98.02803,1.3815075190835366
pakistan,draw_118,Female,0.0,0.01917808,98.02803,1.3171154468164985
pakistan,draw_118,Male,0.0,0.01917808,98.02803,1.3380899428877269
pakistan,draw_118,Female,0.01917808,0.07671233,98.02803,1.3178278808690078
pakistan,draw_118,Male,0.01917808,0.07671233,98.02803,1.3392211843320707
ethiopia,draw_118,Female,0.0,0.01917808,98.13814,1.3929890405726741
ethiopia,draw_118,Male,0.0,0.01917808,98.13814,1.3779281801992522
ethiopia,draw_118,Female,0.01917808,0.07671233,98.13814,1.3825273797320192
ethiopia,draw_118,Male,0.01917808,0.07671233,98.13814,1.3738943733952662
nigeria,draw_118,Female,0.0,0.01917808,98.13814,1.3792400954259794
nigeria,draw_118,Male,0.0,0.01917808,98.13814,1.3886940354112907
nigeria,draw_118,Female,0.01917808,0.07671233,98.13814,1.3736575837623277
nigeria,draw_118,Male,0.01917808,0.07671233,98.13814,1.3783543305119403
pakistan,draw_118,Female,0.0,0.01917808,98.13814,1.314758719642506
pakistan,draw_118,Male,0.0,0.01917808,98.13814,1.3355316983238659
pakistan,draw_118,Female,0.01917808,0.07671233,98.13814,1.315354879665053
pakistan,draw_118,Male,0.01917808,0.07671233,98.13814,1.3365306980113438
ethiopia,draw_118,Female,0.0,0.01917808,98.24825,1.3897762682653485
ethiopia,draw_118,Male,0.0,0.01917808,98.24825,1.3748953295819923
ethiopia,draw_118,Female,0.01917808,0.07671233,98.24825,1.3793218446488533
ethiopia,draw_118,Male,0.01917808,0.07671233,98.24825,1.3707946183003243
nigeria,draw_118,Female,0.0,0.01917808,98.24825,1.376154792642311
nigeria,draw_118,Male,0.0,0.01917808,98.24825,1.3855659120090307
nigeria,draw_118,Female,0.01917808,0.07671233,98.24825,1.3705411384232438
nigeria,draw_118,Male,0.01917808,0.07671233,98.24825,1.3752049039643597
pakistan,draw_118,Female,0.0,0.01917808,98.24825,1.3123929900137004
pakistan,draw_118,Male,0.0,0.01917808,98.24825,1.3329693152097026
pakistan,draw_118,Female,0.01917808,0.07671233,98.24825,1.3128752510774468
pakistan,draw_118,Male,0.01917808,0.07671233,98.24825,1.3338378145107102
ethiopia,draw_118,Female,0.0,0.01917808,98.35836,1.386568967221082
ethiopia,draw_118,Male,0.0,0.01917808,98.35836,1.371866274621744
ethiopia,draw_118,Female,0.01917808,0.07671233,98.35836,1.3761211272752998
ethiopia,draw_118,Male,0.01917808,0.07671233,98.35836,1.3676987722979048
nigeria,draw_118,Female,0.0,0.01917808,98.35836,1.3730729331433327
nigeria,draw_118,Male,0.0,0.01917808,98.35836,1.3824408787926907
nigeria,draw_118,Female,0.01917808,0.07671233,98.35836,1.3674281111514641
nigeria,draw_118,Male,0.01917808,0.07671233,98.35836,1.3720590240261201
pakistan,draw_118,Female,0.0,0.01917808,98.35836,1.3100210030025383
pakistan,draw_118,Male,0.0,0.01917808,98.35836,1.3304019199917605
pakistan,draw_118,Female,0.01917808,0.07671233,98.35836,1.3103908251109666
pakistan,draw_118,Male,0.01917808,0.07671233,98.35836,1.3311422156086463
ethiopia,draw_118,Female,0.0,0.01917808,98.46847,1.3833663984589761
ethiopia,draw_118,Male,0.0,0.01917808,98.46847,1.3688390476160188
ethiopia,draw_118,Female,0.01917808,0.07671233,98.46847,1.3729248685652695
ethiopia,draw_118,Male,0.01917808,0.07671233,98.46847,1.364605807676941
nigeria,draw_118,Female,0.0,0.01917808,98.46847,1.3699943937228034
nigeria,draw_118,Male,0.0,0.01917808,98.46847,1.3793191548375885
nigeria,draw_118,Female,0.01917808,0.07671233,98.46847,1.364318413976239
nigeria,draw_118,Male,0.01917808,0.07671233,98.46847,1.3689168696557776
pakistan,draw_118,Female,0.0,0.01917808,98.46847,1.3076419432036561
pakistan,draw_118,Male,0.0,0.01917808,98.46847,1.3278311402445948
pakistan,draw_118,Female,0.01917808,0.07671233,98.46847,1.3079012107530976
pakistan,draw_118,Male,0.01917808,0.07671233,98.46847,1.3284448182855362
ethiopia,draw_118,Female,0.0,0.01917808,98.57858,1.3801680495741437
ethiopia,draw_118,Male,0.0,0.01917808,98.57858,1.3658144574479132
ethiopia,draw_118,Female,0.01917808,0.07671233,98.57858,1.3697328424494706
ethiopia,draw_118,Male,0.01917808,0.07671233,98.57858,1.3615162114662647
nigeria,draw_118,Female,0.0,0.01917808,98.57858,1.3669197076708974
nigeria,draw_118,Male,0.0,0.01917808,98.57858,1.3762002108070865
nigeria,draw_118,Female,0.01917808,0.07671233,98.57858,1.361212524666204
nigeria,draw_118,Male,0.01917808,0.07671233,98.57858,1.365778161626106
pakistan,draw_118,Female,0.0,0.01917808,98.57858,1.3052562844775446
pakistan,draw_118,Male,0.0,0.01917808,98.57858,1.3252560044466197
pakistan,draw_118,Female,0.01917808,0.07671233,98.57858,1.3054066931151789
pakistan,draw_118,Male,0.01917808,0.07671233,98.57858,1.3257450989883475
ethiopia,draw_118,Female,0.0,0.01917808,98.68869,1.3769746860041043
ethiopia,draw_118,Male,0.0,0.01917808,98.68869,1.362793276342037
ethiopia,draw_118,Female,0.01917808,0.07671233,98.68869,1.36654558277873
ethiopia,draw_118,Male,0.01917808,0.07671233,98.68869,1.358430484842171
nigeria,draw_118,Female,0.0,0.01917808,98.68869,1.3638498740675673
nigeria,draw_118,Male,0.0,0.01917808,98.68869,1.3730863161056948
nigeria,draw_118,Female,0.01917808,0.07671233,98.68869,1.3581110825521447
nigeria,draw_118,Male,0.01917808,0.07671233,98.68869,1.3626442493770152
pakistan,draw_118,Female,0.0,0.01917808,98.68869,1.3028641789277788
pakistan,draw_118,Male,0.0,0.01917808,98.68869,1.322677325901532
pakistan,draw_118,Female,0.01917808,0.07671233,98.68869,1.3029074738055573
pakistan,draw_118,Male,0.01917808,0.07671233,98.68869,1.323043629357058
ethiopia,draw_118,Female,0.0,0.01917808,98.7988,1.3737862732930655
ethiopia,draw_118,Male,0.0,0.01917808,98.7988,1.359774148290076
ethiopia,draw_118,Female,0.01917808,0.07671233,98.7988,1.3633630465643443
ethiopia,draw_118,Male,0.01917808,0.07671233,98.7988,1.355347934686406
nigeria,draw_118,Female,0.0,0.01917808,98.7988,1.3607829692915456
nigeria,draw_118,Male,0.0,0.01917808,98.7988,1.369975188768784
nigeria,draw_118,Female,0.01917808,0.07671233,98.7988,1.3550130195332086
nigeria,draw_118,Male,0.01917808,0.07671233,98.7988,1.3595138676516842
pakistan,draw_118,Female,0.0,0.01917808,98.7988,1.3004665508539057
pakistan,draw_118,Male,0.0,0.01917808,98.7988,1.3200956253773555
pakistan,draw_118,Female,0.01917808,0.07671233,98.7988,1.3004040474656409
pakistan,draw_118,Male,0.01917808,0.07671233,98.7988,1.3203407320737544
ethiopia,draw_118,Female,0.0,0.01917808,98.90891,1.370601544634511
ethiopia,draw_118,Male,0.0,0.01917808,98.90891,1.356758069372252
ethiopia,draw_118,Female,0.01917808,0.07671233,98.90891,1.360183995314654
ethiopia,draw_118,Male,0.01917808,0.07671233,98.90891,1.3522684947043617
nigeria,draw_118,Female,0.0,0.01917808,98.90891,1.35771917777874
nigeria,draw_118,Male,0.0,0.01917808,98.90891,1.366867136326531
nigeria,draw_118,Female,0.01917808,0.07671233,98.90891,1.3519178410102897
nigeria,draw_118,Male,0.01917808,0.07671233,98.90891,1.3563866404797749
pakistan,draw_118,Female,0.0,0.01917808,98.90891,1.2980595694524264
pakistan,draw_118,Male,0.0,0.01917808,98.90891,1.3175076189158106
pakistan,draw_118,Female,0.01917808,0.07671233,98.90891,1.2978933242816806
pakistan,draw_118,Male,0.01917808,0.07671233,98.90891,1.317633743620629
ethiopia,draw_118,Female,0.0,0.01917808,99.01902,1.3674222927332613
ethiopia,draw_118,Male,0.0,0.01917808,99.01902,1.3537444894311388
ethiopia,draw_118,Female,0.01917808,0.07671233,99.01902,1.3570100450502134
ethiopia,draw_118,Male,0.01917808,0.07671233,99.01902,1.3491925412059769
nigeria,draw_118,Female,0.0,0.01917808,99.01902,1.354659344922706
nigeria,draw_118,Male,0.0,0.01917808,99.01902,1.3637625157589979
nigeria,draw_118,Female,0.01917808,0.07671233,99.01902,1.3488267466460924
nigeria,draw_118,Male,0.01917808,0.07671233,99.01902,1.3532634164866144
pakistan,draw_118,Female,0.0,0.01917808,99.01902,1.295648090604607
pakistan,draw_118,Male,0.0,0.01917808,99.01902,1.3149168848222619
pakistan,draw_118,Female,0.01917808,0.07671233,99.01902,1.2953792325915234
pakistan,draw_118,Male,0.01917808,0.07671233,99.01902,1.3149256529747229
ethiopia,draw_118,Female,0.0,0.01917808,99.12913,1.3642493087614869
ethiopia,draw_118,Male,0.0,0.01917808,99.12913,1.3507351060562636
ethiopia,draw_118,Female,0.01917808,0.07671233,99.12913,1.3538420716482262
ethiopia,draw_118,Male,0.01917808,0.07671233,99.12913,1.3461214202648717
nigeria,draw_118,Female,0.0,0.01917808,99.12913,1.3516047360092474
nigeria,draw_118,Male,0.0,0.01917808,99.12913,1.3606632236020335
nigeria,draw_118,Female,0.01917808,0.07671233,99.12913,1.3457408364590602
nigeria,draw_118,Male,0.01917808,0.07671233,99.12913,1.3501456202129742
pakistan,draw_118,Female,0.0,0.01917808,99.12913,1.2932308748937924
pakistan,draw_118,Male,0.0,0.01917808,99.12913,1.312324654610681
pakistan,draw_118,Female,0.01917808,0.07671233,99.12913,1.2928614212737861
pakistan,draw_118,Male,0.01917808,0.07671233,99.12913,1.3122175468479977
ethiopia,draw_118,Female,0.0,0.01917808,99.23924,1.3610833783314593
ethiopia,draw_118,Male,0.0,0.01917808,99.23924,1.3477309741375652
ethiopia,draw_118,Female,0.01917808,0.07671233,99.23924,1.3506810756555505
ethiopia,draw_118,Male,0.01917808,0.07671233,99.23924,1.3430562907034813
nigeria,draw_118,Female,0.0,0.01917808,99.23924,1.3485574904882593
nigeria,draw_118,Male,0.0,0.01917808,99.23924,1.3575707190662092
nigeria,draw_118,Female,0.01917808,0.07671233,99.23924,1.3426618626859053
nigeria,draw_118,Male,0.01917808,0.07671233,99.23924,1.3470346985338724
pakistan,draw_118,Female,0.0,0.01917808,99.23924,1.2908111960431046
pakistan,draw_118,Male,0.0,0.01917808,99.23924,1.309731915527268
pakistan,draw_118,Female,0.01917808,0.07671233,99.23924,1.290342308137262
pakistan,draw_118,Male,0.01917808,0.07671233,99.23924,1.3095105351456473
ethiopia,draw_118,Female,0.0,0.01917808,99.34935,1.3579239833887
ethiopia,draw_118,Male,0.0,0.01917808,99.34935,1.3447319450433186
ethiopia,draw_118,Female,0.01917808,0.07671233,99.34935,1.347526198240982
ethiopia,draw_118,Male,0.01917808,0.07671233,99.34935,1.3399964516919127
nigeria,draw_118,Female,0.0,0.01917808,99.34935,1.3455138803798279
nigeria,draw_118,Male,0.0,0.01917808,99.34935,1.3544831942760598
nigeria,draw_118,Female,0.01917808,0.07671233,99.34935,1.339587112657997
nigeria,draw_118,Male,0.01917808,0.07671233,99.34935,1.343928959306126
pakistan,draw_118,Female,0.0,0.01917808,99.34935,1.2883863286463322
pakistan,draw_118,Male,0.0,0.01917808,99.34935,1.3071365180460748
pakistan,draw_118,Female,0.01917808,0.07671233,99.34935,1.2878196901650512
pakistan,draw_118,Male,0.01917808,0.07671233,99.34935,1.3068027557102764
ethiopia,draw_118,Female,0.0,0.01917808,99.45946,1.3547704030979397
ethiopia,draw_118,Male,0.0,0.01917808,99.45946,1.341737380653931
ethiopia,draw_118,Female,0.01917808,0.07671233,99.45946,1.3443770309465128
ethiopia,draw_118,Male,0.01917808,0.07671233,99.45946,1.3369415175337505
nigeria,draw_118,Female,0.0,0.01917808,99.45946,1.342476548850282
nigeria,draw_118,Male,0.0,0.01917808,99.45946,1.3514001543346137
nigeria,draw_118,Female,0.01917808,0.07671233,99.45946,1.3365180821485554
nigeria,draw_118,Male,0.01917808,0.07671233,99.45946,1.3408281465040075
pakistan,draw_118,Female,0.0,0.01917808,99.45946,1.285956913556434
pakistan,draw_118,Male,0.0,0.01917808,99.45946,1.3045397327812471
pakistan,draw_118,Female,0.01917808,0.07671233,99.45946,1.2852939426916334
pakistan,draw_118,Male,0.01917808,0.07671233,99.45946,1.3040950219950427
ethiopia,draw_118,Female,0.0,0.01917808,99.56957,1.3516231650796957
ethiopia,draw_118,Male,0.0,0.01917808,99.56957,1.3387455578873033
ethiopia,draw_118,Female,0.01917808,0.07671233,99.56957,1.3412335454086575
ethiopia,draw_118,Male,0.01917808,0.07671233,99.56957,1.3338901612745728
nigeria,draw_118,Female,0.0,0.01917808,99.56957,1.339443064967095
nigeria,draw_118,Male,0.0,0.01917808,99.56957,1.3483223321600006
nigeria,draw_118,Female,0.01917808,0.07671233,99.56957,1.3334530830053306
nigeria,draw_118,Male,0.01917808,0.07671233,99.56957,1.3377323148431344
pakistan,draw_118,Female,0.0,0.01917808,99.56957,1.2835223528248334
pakistan,draw_118,Male,0.0,0.01917808,99.56957,1.3019396759801785
pakistan,draw_118,Female,0.01917808,0.07671233,99.56957,1.2827642008363913
pakistan,draw_118,Male,0.01917808,0.07671233,99.56957,1.3013857543835778
ethiopia,draw_118,Female,0.0,0.01917808,99.67968,1.3484810313936828
ethiopia,draw_118,Male,0.0,0.01917808,99.67968,1.3357583794353631
ethiopia,draw_118,Female,0.01917808,0.07671233,99.67968,1.3380951892404016
ethiopia,draw_118,Male,0.01917808,0.07671233,99.67968,1.3308436197906073
nigeria,draw_118,Female,0.0,0.01917808,99.67968,1.3364144069875217
nigeria,draw_118,Male,0.0,0.01917808,99.67968,1.3452483161940716
nigeria,draw_118,Female,0.01917808,0.07671233,99.67968,1.330392863841396
nigeria,draw_118,Male,0.01917808,0.07671233,99.67968,1.3346408224283388
pakistan,draw_118,Female,0.0,0.01917808,99.67968,1.2810830556722426
pakistan,draw_118,Male,0.0,0.01917808,99.67968,1.299336967370232
pakistan,draw_118,Female,0.01917808,0.07671233,99.67968,1.2802310212585846
pakistan,draw_118,Male,0.01917808,0.07671233,99.67968,1.2986754909117415
ethiopia,draw_118,Female,0.0,0.01917808,99.78979,1.3453459131344034
ethiopia,draw_118,Male,0.0,0.01917808,99.78979,1.3327760732990945
ethiopia,draw_118,Female,0.01917808,0.07671233,99.78979,1.3349633647504004
ethiopia,draw_118,Male,0.01917808,0.07671233,99.78979,1.327802335557329
nigeria,draw_118,Female,0.0,0.01917808,99.78979,1.333391179845418
nigeria,draw_118,Male,0.0,0.01917808,99.78979,1.3421790647947247
nigeria,draw_118,Female,0.01917808,0.07671233,99.78979,1.3273380219189634
nigeria,draw_118,Male,0.01917808,0.07671233,99.78979,1.3315545080167641
pakistan,draw_118,Female,0.0,0.01917808,99.78979,1.2786398260043703
pakistan,draw_118,Male,0.0,0.01917808,99.78979,1.2967329681360786
pakistan,draw_118,Female,0.01917808,0.07671233,99.78979,1.2776953424315356
pakistan,draw_118,Male,0.01917808,0.07671233,99.78979,1.2959653941429516
ethiopia,draw_118,Female,0.0,0.01917808,99.8999,1.3422163123805637
ethiopia,draw_118,Male,0.0,0.01917808,99.8999,1.3297974168970181
ethiopia,draw_118,Female,0.01917808,0.07671233,99.8999,1.331837209219344
ethiopia,draw_118,Male,0.01917808,0.07671233,99.8999,1.3247656633902962
nigeria,draw_118,Female,0.0,0.01917808,99.8999,1.3303736271164714
nigeria,draw_118,Male,0.0,0.01917808,99.8999,1.339116269013295
nigeria,draw_118,Female,0.01917808,0.07671233,99.8999,1.3242887180135763
nigeria,draw_118,Male,0.01917808,0.07671233,99.8999,1.328474414861567
pakistan,draw_118,Female,0.0,0.01917808,99.8999,1.2761924402540512
pakistan,draw_118,Male,0.0,0.01917808,99.8999,1.2941274088454593
pakistan,draw_118,Female,0.01917808,0.07671233,99.8999,1.2751570673303954
pakistan,draw_118,Male,0.01917808,0.07671233,99.8999,1.2932553936307591
ethiopia,draw_118,Female,0.0,0.01917808,100.01001,1.3390937157037235
ethiopia,draw_118,Male,0.0,0.01917808,100.01001,1.3268247683972354
ethiopia,draw_118,Female,0.01917808,0.07671233,100.01001,1.3287176154801061
ethiopia,draw_118,Male,0.01917808,0.07671233,100.01001,1.3217349443537298
nigeria,draw_118,Female,0.0,0.01917808,100.01001,1.3273614524229014
nigeria,draw_118,Male,0.0,0.01917808,100.01001,1.3360578291047245
nigeria,draw_118,Female,0.01917808,0.07671233,100.01001,1.3212448178590224
nigeria,draw_118,Male,0.01917808,0.07671233,100.01001,1.3253993693976371
pakistan,draw_118,Female,0.0,0.01917808,100.01001,1.2737418778054725
pakistan,draw_118,Male,0.0,0.01917808,100.01001,1.2915209439644957
pakistan,draw_118,Female,0.01917808,0.07671233,100.01001,1.2726168251252772
pakistan,draw_118,Male,0.01917808,0.07671233,100.01001,1.290545885862513
ethiopia,draw_118,Female,0.0,0.01917808,100.12012,1.3359782754461318
ethiopia,draw_118,Male,0.0,0.01917808,100.12012,1.323856629398262
ethiopia,draw_118,Female,0.01917808,0.07671233,100.12012,1.3256047110377858
ethiopia,draw_118,Male,0.01917808,0.07671233,100.12012,1.3187093865536494
nigeria,draw_118,Female,0.0,0.01917808,100.12012,1.3243551693553817
nigeria,draw_118,Male,0.0,0.01917808,100.12012,1.333005988236482
nigeria,draw_118,Female,0.01917808,0.07671233,100.12012,1.3182066792832134
nigeria,draw_118,Male,0.01917808,0.07671233,100.12012,1.3223307482303812
pakistan,draw_118,Female,0.0,0.01917808,100.12012,1.2712882504564131
pakistan,draw_118,Male,0.0,0.01917808,100.12012,1.2889128677977895
pakistan,draw_118,Female,0.01917808,0.07671233,100.12012,1.270074734956915
pakistan,draw_118,Male,0.01917808,0.07671233,100.12012,1.2878365615578566
ethiopia,draw_118,Female,0.0,0.01917808,100.23023,1.3328715170479573
ethiopia,draw_118,Male,0.0,0.01917808,100.23023,1.3208946762948013
ethiopia,draw_118,Female,0.01917808,0.07671233,100.23023,1.322500276345273
ethiopia,draw_118,Male,0.01917808,0.07671233,100.23023,1.315690904175786
nigeria,draw_118,Female,0.0,0.01917808,100.23023,1.3213574872339207
nigeria,draw_118,Male,0.0,0.01917808,100.23023,1.329961431433591
nigeria,draw_118,Female,0.01917808,0.07671233,100.23023,1.3151767410037698
nigeria,draw_118,Male,0.01917808,0.07671233,100.23023,1.319269835168163
pakistan,draw_118,Female,0.0,0.01917808,100.23023,1.2688330239283137
pakistan,draw_118,Male,0.0,0.01917808,100.23023,1.2863068843272116
pakistan,draw_118,Female,0.01917808,0.07671233,100.23023,1.267532550873702
pakistan,draw_118,Male,0.01917808,0.07671233,100.23023,1.2851304620899935
ethiopia,draw_118,Female,0.0,0.01917808,100.34034,1.3297712224664997
ethiopia,draw_118,Male,0.0,0.01917808,100.34034,1.3179389234148404
ethiopia,draw_118,Female,0.01917808,0.07671233,100.34034,1.3194023132586599
ethiopia,draw_118,Male,0.01917808,0.07671233,100.34034,1.31267881022461
nigeria,draw_118,Female,0.0,0.01917808,100.34034,1.3183647521257498
nigeria,draw_118,Male,0.0,0.01917808,100.34034,1.326923043717577
nigeria,draw_118,Female,0.01917808,0.07671233,100.34034,1.312152249353325
nigeria,draw_118,Male,0.01917808,0.07671233,100.34034,1.3162152587187148
pakistan,draw_118,Female,0.0,0.01917808,100.34034,1.2663762937689642
pakistan,draw_118,Male,0.0,0.01917808,100.34034,1.2837005656265097
pakistan,draw_118,Female,0.01917808,0.07671233,100.34034,1.2649896778071459
pakistan,draw_118,Male,0.01917808,0.07671233,100.34034,1.2824255584600803
ethiopia,draw_118,Female,0.0,0.01917808,100.45045,1.32668065035105
ethiopia,draw_118,Male,0.0,0.01917808,100.45045,1.314990456959471
ethiopia,draw_118,Female,0.01917808,0.07671233,100.45045,1.3163134334355355
ethiopia,draw_118,Male,0.01917808,0.07671233,100.45045,1.309674423679581
nigeria,draw_118,Female,0.0,0.01917808,100.45045,1.3153799555130914
nigeria,draw_118,Male,0.0,0.01917808,100.45045,1.3238924432524328
nigeria,draw_118,Female,0.01917808,0.07671233,100.45045,1.309135606339841
nigeria,draw_118,Male,0.01917808,0.07671233,100.45045,1.3131686261881805
pakistan,draw_118,Female,0.0,0.01917808,100.45045,1.2639191371940401
pakistan,draw_118,Male,0.0,0.01917808,100.45045,1.2810967840264056
pakistan,draw_118,Female,0.01917808,0.07671233,100.45045,1.2624478302534756
pakistan,draw_118,Male,0.01917808,0.07671233,100.45045,1.279724406607972
ethiopia,draw_118,Female,0.0,0.01917808,100.56056,1.3235986727203264
ethiopia,draw_118,Male,0.0,0.01917808,100.56056,1.3120486209190487
ethiopia,draw_118,Female,0.01917808,0.07671233,100.56056,1.313233160134615
ethiopia,draw_118,Male,0.01917808,0.07671233,100.56056,1.30667755673451
nigeria,draw_118,Female,0.0,0.01917808,100.56056,1.3124046533283718
nigeria,draw_118,Male,0.0,0.01917808,100.56056,1.3208704396468278
nigeria,draw_118,Female,0.01917808,0.07671233,100.56056,1.3061279769569394
nigeria,draw_118,Male,0.01917808,0.07671233,100.56056,1.3101306199532208
pakistan,draw_118,Female,0.0,0.01917808,100.56056,1.2614637363293146
pakistan,draw_118,Male,0.0,0.01917808,100.56056,1.2784959522844939
pakistan,draw_118,Female,0.01917808,0.07671233,100.56056,1.2599084738090376
pakistan,draw_118,Male,0.01917808,0.07671233,100.56056,1.2770274455569561
ethiopia,draw_118,Female,0.0,0.01917808,100.67067,1.3205253986675567
ethiopia,draw_118,Male,0.0,0.01917808,100.67067,1.30911517025544
ethiopia,draw_118,Female,0.01917808,0.07671233,100.67067,1.3101616924178026
ethiopia,draw_118,Male,0.01917808,0.07671233,100.67067,1.3036892944043783
nigeria,draw_118,Female,0.0,0.01917808,100.67067,1.3094358295010575
nigeria,draw_118,Male,0.0,0.01917808,100.67067,1.3178556966465778
nigeria,draw_118,Female,0.01917808,0.07671233,100.67067,1.303127794751821
nigeria,draw_118,Male,0.01917808,0.07671233,100.67067,1.3071005754244465
pakistan,draw_118,Female,0.0,0.01917808,100.67067,1.2590097648400043
pakistan,draw_118,Male,0.0,0.01917808,100.67067,1.2758984339270714
pakistan,draw_118,Female,0.01917808,0.07671233,100.67067,1.2573716949194376
pakistan,draw_118,Male,0.01917808,0.07671233,100.67067,1.27433504354148
ethiopia,draw_118,Female,0.0,0.01917808,100.78078,1.3174620121692704
ethiopia,draw_118,Male,0.0,0.01917808,100.78078,1.306189862975268
ethiopia,draw_118,Female,0.01917808,0.07671233,100.78078,1.3070998103780331
ethiopia,draw_118,Male,0.01917808,0.07671233,100.78078,1.3007096184393925
nigeria,draw_118,Female,0.0,0.01917808,100.78078,1.3064772099492812
nigeria,draw_118,Male,0.0,0.01917808,100.78078,1.3148502104218251
nigeria,draw_118,Female,0.01917808,0.07671233,100.78078,1.300137210509597
nigeria,draw_118,Male,0.01917808,0.07671233,100.78078,1.3040797312639612
pakistan,draw_118,Female,0.0,0.01917808,100.78078,1.2565573422045655
pakistan,draw_118,Male,0.0,0.01917808,100.78078,1.2733047666867596
pakistan,draw_118,Female,0.01917808,0.07671233,100.78078,1.2548376817109577
pakistan,draw_118,Male,0.01917808,0.07671233,100.78078,1.2716476711407734
ethiopia,draw_118,Female,0.0,0.01917808,100.89089,1.3144084456147132
ethiopia,draw_118,Male,0.0,0.01917808,100.89089,1.3032724885452744
ethiopia,draw_118,Female,0.01917808,0.07671233,100.89089,1.3040475156292706
ethiopia,draw_118,Male,0.01917808,0.07671233,100.89089,1.2977384286905134
nigeria,draw_118,Female,0.0,0.01917808,100.89089,1.303527217196427
nigeria,draw_118,Male,0.0,0.01917808,100.89089,1.3118538867149432
nigeria,draw_118,Female,0.01917808,0.07671233,100.89089,1.2971553617568308
nigeria,draw_118,Male,0.01917808,0.07671233,100.89089,1.3010681148584289
pakistan,draw_118,Female,0.0,0.01917808,100.89089,1.2541074747523167
pakistan,draw_118,Male,0.0,0.01917808,100.89089,1.2707147370661314
pakistan,draw_118,Female,0.01917808,0.07671233,100.89089,1.2523069994865648
pakistan,draw_118,Male,0.01917808,0.07671233,100.89089,1.2689652701353666
ethiopia,draw_118,Female,0.0,0.01917808,101.001,1.3113639302741167
ethiopia,draw_118,Male,0.0,0.01917808,101.001,1.300363173685458
ethiopia,draw_118,Female,0.01917808,0.07671233,101.001,1.3010041509625423
ethiopia,draw_118,Male,0.01917808,0.07671233,101.001,1.2947755433916004
nigeria,draw_118,Female,0.0,0.01917808,101.001,1.3005851682915435
nigeria,draw_118,Male,0.0,0.01917808,101.001,1.308865646405671
nigeria,draw_118,Female,0.01917808,0.07671233,101.001,1.2941815804500985
nigeria,draw_118,Male,0.01917808,0.07671233,101.001,1.298064859442028
pakistan,draw_118,Female,0.0,0.01917808,101.001,1.2516588258050247
pakistan,draw_118,Male,0.0,0.01917808,101.001,1.2681277621733713
pakistan,draw_118,Female,0.01917808,0.07671233,101.001,1.2497785635793734
pakistan,draw_118,Male,0.01917808,0.07671233,101.001,1.2662871288526258
ethiopia,draw_118,Female,0.0,0.01917808,101.11111,1.3083284399759334
ethiopia,draw_118,Male,0.0,0.01917808,101.11111,1.2974616319103551
ethiopia,draw_118,Female,0.01917808,0.07671233,101.11111,1.2979698591003626
ethiopia,draw_118,Male,0.01917808,0.07671233,101.11111,1.2918210812011561
nigeria,draw_118,Female,0.0,0.01917808,101.11111,1.2976518178158771
nigeria,draw_118,Male,0.0,0.01917808,101.11111,1.3058858657881582
nigeria,draw_118,Female,0.01917808,0.07671233,101.11111,1.2912165595417282
nigeria,draw_118,Male,0.01917808,0.07671233,101.11111,1.295070380743131
pakistan,draw_118,Female,0.0,0.01917808,101.11111,1.2492126376170374
pakistan,draw_118,Male,0.0,0.01917808,101.11111,1.2655454936864845
pakistan,draw_118,Female,0.01917808,0.07671233,101.11111,1.2472533863903783
pakistan,draw_118,Male,0.01917808,0.07671233,101.11111,1.2636144833305605
ethiopia,draw_118,Female,0.0,0.01917808,101.22122,1.3053046509906332
ethiopia,draw_118,Male,0.0,0.01917808,101.22122,1.2945701886436067
ethiopia,draw_118,Female,0.01917808,0.07671233,101.22122,1.294947022955974
ethiopia,draw_118,Male,0.01917808,0.07671233,101.22122,1.2888771568479644
nigeria,draw_118,Female,0.0,0.01917808,101.22122,1.2947292678998257
nigeria,draw_118,Male,0.0,0.01917808,101.22122,1.3029166136874877
nigeria,draw_118,Female,0.01917808,0.07671233,101.22122,1.2882623261241553
nigeria,draw_118,Male,0.01917808,0.07671233,101.22122,1.2920866576630567
pakistan,draw_118,Female,0.0,0.01917808,101.22122,1.2467700131154773
pakistan,draw_118,Male,0.0,0.01917808,101.22122,1.2629689132030941
pakistan,draw_118,Female,0.01917808,0.07671233,101.22122,1.2447330966059746
pakistan,draw_118,Male,0.01917808,0.07671233,101.22122,1.2609487928541343
ethiopia,draw_118,Female,0.0,0.01917808,101.33133,1.302291877766362
ethiopia,draw_118,Male,0.0,0.01917808,101.33133,1.291688688624994
ethiopia,draw_118,Female,0.01917808,0.07671233,101.33133,1.2919350684018052
ethiopia,draw_118,Male,0.01917808,0.07671233,101.33133,1.2859435465727005
nigeria,draw_118,Female,0.0,0.01917808,101.33133,1.2918162041007921
nigeria,draw_118,Male,0.0,0.01917808,101.33133,1.2999576019140116
nigeria,draw_118,Female,0.01917808,0.07671233,101.33133,1.285317959129613
nigeria,draw_118,Male,0.01917808,0.07671233,101.33133,1.2891133443939051
pakistan,draw_118,Female,0.0,0.01917808,101.33133,1.2443321372078762
pakistan,draw_118,Male,0.0,0.01917808,101.33133,1.2603972587627874
pakistan,draw_118,Female,0.01917808,0.07671233,101.33133,1.2422182362410747
pakistan,draw_118,Male,0.01917808,0.07671233,101.33133,1.2582894440430672
ethiopia,draw_118,Female,0.0,0.01917808,101.44144,1.2992897836998059
ethiopia,draw_118,Male,0.0,0.01917808,101.44144,1.288815705878797
ethiopia,draw_118,Female,0.01917808,0.07671233,101.44144,1.2889335263940815
ethiopia,draw_118,Male,0.01917808,0.07671233,101.44144,1.2830191439843066
nigeria,draw_118,Female,0.0,0.01917808,101.44144,1.2889130881129132
nigeria,draw_118,Male,0.0,0.01917808,101.44144,1.2970084446108423
nigeria,draw_118,Female,0.01917808,0.07671233,101.44144,1.2823834932057951
nigeria,draw_118,Male,0.01917808,0.07671233,101.44144,1.2861499881588225
pakistan,draw_118,Female,0.0,0.01917808,101.44144,1.2418976942210533
pakistan,draw_118,Male,0.0,0.01917808,101.44144,1.2578316435004138
pakistan,draw_118,Female,0.01917808,0.07671233,101.44144,1.239707904549184
pakistan,draw_118,Male,0.01917808,0.07671233,101.44144,1.2556368898613453
ethiopia,draw_118,Female,0.0,0.01917808,101.55155,1.2962976246100382
ethiopia,draw_118,Male,0.0,0.01917808,101.55155,1.285951531776011
ethiopia,draw_118,Female,0.01917808,0.07671233,101.55155,1.2859421264957456
ethiopia,draw_118,Male,0.01917808,0.07671233,101.55155,1.280104254863168
nigeria,draw_118,Female,0.0,0.01917808,101.55155,1.2860197695051407
nigeria,draw_118,Male,0.0,0.01917808,101.55155,1.2940692961578186
nigeria,draw_118,Female,0.01917808,0.07671233,101.55155,1.2794589500931433
nigeria,draw_118,Male,0.01917808,0.07671233,101.55155,1.2831967884953857
pakistan,draw_118,Female,0.0,0.01917808,101.55155,1.2394678263452747
pakistan,draw_118,Male,0.0,0.01917808,101.55155,1.2552707829399017
pakistan,draw_118,Female,0.01917808,0.07671233,101.55155,1.2372029162843587
pakistan,draw_118,Male,0.01917808,0.07671233,101.55155,1.2529905138807607
ethiopia,draw_118,Female,0.0,0.01917808,101.66166,1.2933163421188931
ethiopia,draw_118,Male,0.0,0.01917808,101.66166,1.283097310746584
ethiopia,draw_118,Female,0.01917808,0.07671233,101.66166,1.2829614319484237
ethiopia,draw_118,Male,0.01917808,0.07671233,101.66166,1.2771995291012646
nigeria,draw_118,Female,0.0,0.01917808,101.66166,1.2831370839040128
nigeria,draw_118,Male,0.0,0.01917808,101.66166,1.291139645466224
nigeria,draw_118,Female,0.01917808,0.07671233,101.66166,1.276544779186886
nigeria,draw_118,Male,0.01917808,0.07671233,101.66166,1.2802534392649971
pakistan,draw_118,Female,0.0,0.01917808,101.66166,1.2370417092842894
pakistan,draw_118,Male,0.0,0.01917808,101.66166,1.252716577307437
pakistan,draw_118,Female,0.01917808,0.07671233,101.66166,1.234702721311687
pakistan,draw_118,Male,0.01917808,0.07671233,101.66166,1.2503514229570158
ethiopia,draw_118,Female,0.0,0.01917808,101.77177,1.2903457230984887
ethiopia,draw_118,Male,0.0,0.01917808,101.77177,1.2802521640829534
ethiopia,draw_118,Female,0.01917808,0.07671233,101.77177,1.2799910929183733
ethiopia,draw_118,Male,0.01917808,0.07671233,101.77177,1.2743042327906249
nigeria,draw_118,Female,0.0,0.01917808,101.77177,1.2802625775129022
nigeria,draw_118,Male,0.0,0.01917808,101.77177,1.2882189158124444
nigeria,draw_118,Female,0.01917808,0.07671233,101.77177,1.2736393906772043
nigeria,draw_118,Male,0.01917808,0.07671233,101.77177,1.2773193896802773
pakistan,draw_118,Female,0.0,0.01917808,101.77177,1.2346190718622236
pakistan,draw_118,Male,0.0,0.01917808,101.77177,1.2501674335887285
pakistan,draw_118,Female,0.01917808,0.07671233,101.77177,1.2322068335412688
pakistan,draw_118,Male,0.01917808,0.07671233,101.77177,1.2477184036203666
ethiopia,draw_118,Female,0.0,0.01917808,101.88188,1.2873852876785419
ethiopia,draw_118,Male,0.0,0.01917808,101.88188,1.2774158483456357
ethiopia,draw_118,Female,0.01917808,0.07671233,101.88188,1.2770311000132841
ethiopia,draw_118,Male,0.01917808,0.07671233,101.88188,1.2714185036707035
nigeria,draw_118,Female,0.0,0.01917808,101.88188,1.2773990290343797
nigeria,draw_118,Male,0.0,0.01917808,101.88188,1.2853089422698392
nigeria,draw_118,Female,0.01917808,0.07671233,101.88188,1.2707446973689729
nigeria,draw_118,Male,0.01917808,0.07671233,101.88188,1.2743960307189042
pakistan,draw_118,Female,0.0,0.01917808,101.88188,1.2322014329253728
pakistan,draw_118,Male,0.0,0.01917808,101.88188,1.247624069884289
pakistan,draw_118,Female,0.01917808,0.07671233,101.88188,1.2297166462067106
pakistan,draw_118,Male,0.01917808,0.07671233,101.88188,1.2450922837947551
ethiopia,draw_118,Female,0.0,0.01917808,101.99199,1.2844354989904248
ethiopia,draw_118,Male,0.0,0.01917808,101.99199,1.2745897210364776
ethiopia,draw_118,Female,0.01917808,0.07671233,101.99199,1.2740817392945722
ethiopia,draw_118,Male,0.01917808,0.07671233,101.99199,1.2685431373441662
nigeria,draw_118,Female,0.0,0.01917808,101.99199,1.2745449951364713
nigeria,draw_118,Male,0.0,0.01917808,101.99199,1.2824090394293683
nigeria,draw_118,Female,0.01917808,0.07671233,101.99199,1.2678599269320139
nigeria,draw_118,Male,0.01917808,0.07671233,101.99199,1.2714830156063877
pakistan,draw_118,Female,0.0,0.01917808,101.99199,1.2297875234407785
pakistan,draw_118,Male,0.0,0.01917808,101.99199,1.2450864679776
pakistan,draw_118,Female,0.01917808,0.07671233,101.99199,1.2272314674655742
pakistan,draw_118,Male,0.01917808,0.07671233,101.99199,1.242473061689174
ethiopia,draw_118,Female,0.0,0.01917808,102.1021,1.2814971148217624
ethiopia,draw_118,Male,0.0,0.01917808,102.1021,1.271773617487858
ethiopia,draw_118,Female,0.01917808,0.07671233,102.1021,1.271143553569178
ethiopia,draw_118,Male,0.01917808,0.07671233,102.1021,1.2656781813150881
nigeria,draw_118,Female,0.0,0.01917808,102.1021,1.2717012814271313
nigeria,draw_118,Male,0.0,0.01917808,102.1021,1.279519183659799
nigeria,draw_118,Female,0.01917808,0.07671233,102.1021,1.26498563973667
nigeria,draw_118,Male,0.01917808,0.07671233,102.1021,1.26858042362058
pakistan,draw_118,Female,0.0,0.01917808,102.1021,1.2273792428467982
pakistan,draw_118,Male,0.0,0.01917808,102.1021,1.2425557569516577
pakistan,draw_118,Female,0.01917808,0.07671233,102.1021,1.2247525364003586
pakistan,draw_118,Male,0.01917808,0.07671233,102.1021,1.2398615594218105
ethiopia,draw_118,Female,0.0,0.01917808,102.21221,1.278570719944304
ethiopia,draw_118,Male,0.0,0.01917808,102.21221,1.2689681903343142
ethiopia,draw_118,Female,0.01917808,0.07671233,102.21221,1.268217354241317
ethiopia,draw_118,Male,0.01917808,0.07671233,102.21221,1.2628245509312448
nigeria,draw_118,Female,0.0,0.01917808,102.21221,1.2688693772076656
nigeria,draw_118,Male,0.0,0.01917808,102.21221,1.276641392365581
nigeria,draw_118,Female,0.01917808,0.07671233,102.21221,1.2621231625187566
nigeria,draw_118,Male,0.01917808,0.07671233,102.21221,1.2656899042050422
pakistan,draw_118,Female,0.0,0.01917808,102.21221,1.2249783861890329
pakistan,draw_118,Male,0.0,0.01917808,102.21221,1.2400331031209495
pakistan,draw_118,Female,0.01917808,0.07671233,102.21221,1.2222815202645212
pakistan,draw_118,Male,0.01917808,0.07671233,102.21221,1.2372590481899446
ethiopia,draw_118,Female,0.0,0.01917808,102.32232,1.2756582389452118
ethiopia,draw_118,Male,0.0,0.01917808,102.32232,1.2661750915306602
ethiopia,draw_118,Female,0.01917808,0.07671233,102.32232,1.265304963458541
ethiopia,draw_118,Male,0.01917808,0.07671233,102.32232,1.2599838354703292
nigeria,draw_118,Female,0.0,0.01917808,102.32232,1.2660498774633238
nigeria,draw_118,Male,0.0,0.01917808,102.32232,1.2737765001689083
nigeria,draw_118,Female,0.01917808,0.07671233,102.32232,1.2592735077332133
nigeria,draw_118,Male,0.01917808,0.07671233,102.32232,1.2628126021202633
pakistan,draw_118,Female,0.0,0.01917808,102.32232,1.2225861398231286
pakistan,draw_118,Male,0.0,0.01917808,102.32232,1.2375200749934872
pakistan,draw_118,Female,0.01917808,0.07671233,102.32232,1.2198199802969834
pakistan,draw_118,Male,0.01917808,0.07671233,102.32232,1.2346671774973206
ethiopia,draw_118,Female,0.0,0.01917808,102.43243,1.2727573054600545
ethiopia,draw_118,Male,0.0,0.01917808,102.43243,1.2633932832404688
ethiopia,draw_118,Female,0.01917808,0.07671233,102.43243,1.2624042923341097
ethiopia,draw_118,Male,0.01917808,0.07671233,102.43243,1.2571547295846814
nigeria,draw_118,Female,0.0,0.01917808,102.43243,1.263242799842284
nigeria,draw_118,Male,0.0,0.01917808,102.43243,1.2709222644178837
nigeria,draw_118,Female,0.01917808,0.07671233,102.43243,1.2564359874627482
nigeria,draw_118,Male,0.01917808,0.07671233,102.43243,1.2599464906365176
pakistan,draw_118,Female,0.0,0.01917808,102.43243,1.2202003524832674
pakistan,draw_118,Male,0.0,0.01917808,102.43243,1.2350151892262995
pakistan,draw_118,Female,0.01917808,0.07671233,102.43243,1.2173659185262329
pakistan,draw_118,Male,0.01917808,0.07671233,102.43243,1.2320843529960588
ethiopia,draw_118,Female,0.0,0.01917808,102.54254,1.269867995828552
ethiopia,draw_118,Male,0.0,0.01917808,102.54254,1.2606227454447827
ethiopia,draw_118,Female,0.01917808,0.07671233,102.54254,1.2595154399577397
ethiopia,draw_118,Male,0.01917808,0.07671233,102.54254,1.254337263536154
nigeria,draw_118,Female,0.0,0.01917808,102.54254,1.2604460516356484
nigeria,draw_118,Male,0.0,0.01917808,102.54254,1.26808046346341
nigeria,draw_118,Female,0.01917808,0.07671233,102.54254,1.2536095025703047
nigeria,draw_118,Male,0.01917808,0.07671233,102.54254,1.257092708447372
pakistan,draw_118,Female,0.0,0.01917808,102.54254,1.2178229494184212
pakistan,draw_118,Male,0.0,0.01917808,102.54254,1.2325188573855959
pakistan,draw_118,Female,0.01917808,0.07671233,102.54254,1.214920559573443
pakistan,draw_118,Male,0.01917808,0.07671233,102.54254,1.2295109221710125
ethiopia,draw_118,Female,0.0,0.01917808,102.65265,1.266991227831061
ethiopia,draw_118,Male,0.0,0.01917808,102.65265,1.2578634553371542
ethiopia,draw_118,Female,0.01917808,0.07671233,102.65265,1.2566390265829088
ethiopia,draw_118,Male,0.01917808,0.07671233,102.65265,1.251531483531071
nigeria,draw_118,Female,0.0,0.01917808,102.65265,1.2576609385457476
nigeria,draw_118,Male,0.0,0.01917808,102.65265,1.265249956591578
nigeria,draw_118,Female,0.01917808,0.07671233,102.65265,1.2507948309748316
nigeria,draw_118,Male,0.01917808,0.07671233,102.65265,1.254250645931351
pakistan,draw_118,Female,0.0,0.01917808,102.65265,1.2154526924746947
pakistan,draw_118,Male,0.0,0.01917808,102.65265,1.2300314767953555
pakistan,draw_118,Female,0.01917808,0.07671233,102.65265,1.2124833431837674
pakistan,draw_118,Male,0.01917808,0.07671233,102.65265,1.2269472011101494
ethiopia,draw_118,Female,0.0,0.01917808,102.76276,1.2641263282436188
ethiopia,draw_118,Male,0.0,0.01917808,102.76276,1.2551143510748424
ethiopia,draw_118,Female,0.01917808,0.07671233,102.76276,1.2537746560524452
ethiopia,draw_118,Male,0.01917808,0.07671233,102.76276,1.248736790001418
nigeria,draw_118,Female,0.0,0.01917808,102.76276,1.2548872042468588
nigeria,draw_118,Male,0.0,0.01917808,102.76276,1.26243091147502
nigeria,draw_118,Female,0.01917808,0.07671233,102.76276,1.2479918592063028
nigeria,draw_118,Male,0.01917808,0.07671233,102.76276,1.25142036887393
pakistan,draw_118,Female,0.0,0.01917808,102.76276,1.213090308177921
pakistan,draw_118,Male,0.0,0.01917808,102.76276,1.2275529552940168
pakistan,draw_118,Female,0.01917808,0.07671233,102.76276,1.210054686971921
pakistan,draw_118,Male,0.01917808,0.07671233,102.76276,1.2243931203582261
ethiopia,draw_118,Female,0.0,0.01917808,102.87287,1.2612743010407483
ethiopia,draw_118,Male,0.0,0.01917808,102.87287,1.2523776510866447
ethiopia,draw_118,Female,0.01917808,0.07671233,102.87287,1.2509229326810045
ethiopia,draw_118,Male,0.01917808,0.07671233,102.87287,1.2459544604373674
nigeria,draw_118,Female,0.0,0.01917808,102.87287,1.2521255186949003
nigeria,draw_118,Male,0.0,0.01917808,102.87287,1.2596240478466543
nigeria,draw_118,Female,0.01917808,0.07671233,102.87287,1.2452009746717627
nigeria,draw_118,Male,0.01917808,0.07671233,102.87287,1.2486023378833448
pakistan,draw_118,Female,0.0,0.01917808,102.87287,1.2107353131815675
pakistan,draw_118,Male,0.0,0.01917808,102.87287,1.2250827433414606
pakistan,draw_118,Female,0.01917808,0.07671233,102.87287,1.2076343511752168
pakistan,draw_118,Male,0.01917808,0.07671233,102.87287,1.221848396292824
ethiopia,draw_118,Female,0.0,0.01917808,102.98298,1.2584344009349795
ethiopia,draw_118,Male,0.0,0.01917808,102.98298,1.2496517452674032
ethiopia,draw_118,Female,0.01917808,0.07671233,102.98298,1.248083411453556
ethiopia,draw_118,Male,0.01917808,0.07671233,102.98298,1.243183583211702
nigeria,draw_118,Female,0.0,0.01917808,102.98298,1.2493755987145236
nigeria,draw_118,Male,0.0,0.01917808,102.98298,1.25682837204545
nigeria,draw_118,Female,0.01917808,0.07671233,102.98298,1.2424220001637685
nigeria,draw_118,Male,0.01917808,0.07671233,102.98298,1.2457959470328952
pakistan,draw_118,Female,0.0,0.01917808,102.98298,1.2083887449272956
pakistan,draw_118,Male,0.0,0.01917808,102.98298,1.2226214921510452
pakistan,draw_118,Female,0.01917808,0.07671233,102.98298,1.2052229082031083
pakistan,draw_118,Male,0.01917808,0.07671233,102.98298,1.2193134019996703
ethiopia,draw_118,Female,0.0,0.01917808,103.09309,1.2556061267223249
ethiopia,draw_118,Male,0.0,0.01917808,103.09309,1.2469378324693543
ethiopia,draw_118,Female,0.01917808,0.07671233,103.09309,1.2452557806636848
ethiopia,draw_118,Male,0.01917808,0.07671233,103.09309,1.240424831916938
nigeria,draw_118,Female,0.0,0.01917808,103.09309,1.2466366260439818
nigeria,draw_118,Male,0.0,0.01917808,103.09309,1.254045260609253
nigeria,draw_118,Female,0.01917808,0.07671233,103.09309,1.2396544398412408
nigeria,draw_118,Male,0.01917808,0.07671233,103.09309,1.2430020179418446
pakistan,draw_118,Female,0.0,0.01917808,103.09309,1.206049584204115
pakistan,draw_118,Male,0.0,0.01917808,103.09309,1.2201694066394702
pakistan,draw_118,Female,0.01917808,0.07671233,103.09309,1.2028197829082707
pakistan,draw_118,Male,0.01917808,0.07671233,103.09309,1.2167882232194789
ethiopia,draw_118,Female,0.0,0.01917808,103.2032,1.2527902060860354
ethiopia,draw_118,Male,0.0,0.01917808,103.2032,1.2442346309119896
ethiopia,draw_118,Female,0.01917808,0.07671233,103.2032,1.2424403971245648
ethiopia,draw_118,Male,0.01917808,0.07671233,103.2032,1.2376773503971077
nigeria,draw_118,Female,0.0,0.01917808,103.2032,1.2439090818322214
nigeria,draw_118,Male,0.0,0.01917808,103.2032,1.2512734707701538
nigeria,draw_118,Female,0.01917808,0.07671233,103.2032,1.236898482689251
nigeria,draw_118,Male,0.01917808,0.07671233,103.2032,1.2402197075000125
pakistan,draw_118,Female,0.0,0.01917808,103.2032,1.203716933416495
pakistan,draw_118,Male,0.0,0.01917808,103.2032,1.2177258082673614
pakistan,draw_118,Female,0.01917808,0.07671233,103.2032,1.2004242505219054
pakistan,draw_118,Male,0.01917808,0.07671233,103.2032,1.2142723369945765
ethiopia,draw_118,Female,0.0,0.01917808,103.31331,1.2499885267255824
ethiopia,draw_118,Male,0.0,0.01917808,103.31331,1.2415450362180973
ethiopia,draw_118,Female,0.01917808,0.07671233,103.31331,1.239639439248803
ethiopia,draw_118,Male,0.01917808,0.07671233,103.31331,1.23494395526729
nigeria,draw_118,Female,0.0,0.01917808,103.31331,1.2411961528263002
nigeria,draw_118,Male,0.0,0.01917808,103.31331,1.2485158524507995
nigeria,draw_118,Female,0.01917808,0.07671233,103.31331,1.2341570799686583
nigeria,draw_118,Male,0.01917808,0.07671233,103.31331,1.2374517561333065
pakistan,draw_118,Female,0.0,0.01917808,103.31331,1.2013955803366616
pakistan,draw_118,Male,0.0,0.01917808,103.31331,1.215293465290674
pakistan,draw_118,Female,0.01917808,0.07671233,103.31331,1.1980402540033852
pakistan,draw_118,Male,0.01917808,0.07671233,103.31331,1.211768462701556
ethiopia,draw_118,Female,0.0,0.01917808,103.42342,1.2472002912468367
ethiopia,draw_118,Male,0.0,0.01917808,103.42342,1.2388675478476872
ethiopia,draw_118,Female,0.01917808,0.07671233,103.42342,1.2368516192005008
ethiopia,draw_118,Male,0.01917808,0.07671233,103.42342,1.2322229309033093
nigeria,draw_118,Female,0.0,0.01917808,103.42342,1.2384954885075805
nigeria,draw_118,Male,0.0,0.01917808,103.42342,1.2457699955027197
nigeria,draw_118,Female,0.01917808,0.07671233,103.42342,1.2314280759915335
nigeria,draw_118,Male,0.01917808,0.07671233,103.42342,1.234695970807463
pakistan,draw_118,Female,0.0,0.01917808,103.42342,1.1990826260296845
pakistan,draw_118,Male,0.0,0.01917808,103.42342,1.2128702286286244
pakistan,draw_118,Female,0.01917808,0.07671233,103.42342,1.195665400620455
pakistan,draw_118,Male,0.01917808,0.07671233,103.42342,1.2092746215309398
ethiopia,draw_118,Female,0.0,0.01917808,103.53353,1.2444238882842007
ethiopia,draw_118,Male,0.0,0.01917808,103.53353,1.2362018457580422
ethiopia,draw_118,Female,0.01917808,0.07671233,103.53353,1.2340761001322722
ethiopia,draw_118,Male,0.01917808,0.07671233,103.53353,1.2295142122401226
nigeria,draw_118,Female,0.0,0.01917808,103.53353,1.2358065588463178
nigeria,draw_118,Male,0.0,0.01917808,103.53353,1.243036803337845
nigeria,draw_118,Female,0.01917808,0.07671233,103.53353,1.22871130164825
nigeria,draw_118,Male,0.01917808,0.07671233,103.53353,1.2319530324327128
pakistan,draw_118,Female,0.0,0.01917808,103.53353,1.1967783574166917
pakistan,draw_118,Male,0.0,0.01917808,103.53353,1.2104573152909384
pakistan,draw_118,Female,0.01917808,0.07671233,103.53353,1.1933000550960897
pakistan,draw_118,Male,0.01917808,0.07671233,103.53353,1.206791672981656
ethiopia,draw_118,Female,0.0,0.01917808,103.64364,1.2416617842106208
ethiopia,draw_118,Male,0.0,0.01917808,103.64364,1.2335488666832664
ethiopia,draw_118,Female,0.01917808,0.07671233,103.64364,1.2313144357323849
ethiopia,draw_118,Male,0.01917808,0.07671233,103.64364,1.2268184611851052
nigeria,draw_118,Female,0.0,0.01917808,103.64364,1.2331292053889749
nigeria,draw_118,Male,0.0,0.01917808,103.64364,1.24031585618283
nigeria,draw_118,Female,0.01917808,0.07671233,103.64364,1.2260067267107186
nigeria,draw_118,Male,0.01917808,0.07671233,103.64364,1.229222718023211
pakistan,draw_118,Female,0.0,0.01917808,103.64364,1.194483504948167
pakistan,draw_118,Male,0.0,0.01917808,103.64364,1.2080547047559007
pakistan,draw_118,Female,0.01917808,0.07671233,103.64364,1.1909447884181656
pakistan,draw_118,Male,0.01917808,0.07671233,103.64364,1.204319745042651
ethiopia,draw_118,Female,0.0,0.01917808,103.75375,1.2389118152828067
ethiopia,draw_118,Male,0.0,0.01917808,103.75375,1.2309082480531939
ethiopia,draw_118,Female,0.01917808,0.07671233,103.75375,1.228565330739697
ethiopia,draw_118,Male,0.01917808,0.07671233,103.75375,1.2241355001210843
nigeria,draw_118,Female,0.0,0.01917808,103.75375,1.230465915600214
nigeria,draw_118,Male,0.0,0.01917808,103.75375,1.2376083694471682
nigeria,draw_118,Female,0.01917808,0.07671233,103.75375,1.2233158308990413
nigeria,draw_118,Male,0.01917808,0.07671233,103.75375,1.2265057832144606
pakistan,draw_118,Female,0.0,0.01917808,103.75375,1.1921984139223698
pakistan,draw_118,Male,0.0,0.01917808,103.75375,1.2056614088218223
pakistan,draw_118,Female,0.01917808,0.07671233,103.75375,1.1885997975539027
pakistan,draw_118,Male,0.01917808,0.07671233,103.75375,1.201858271309238
ethiopia,draw_118,Female,0.0,0.01917808,103.86386,1.236175450574185
ethiopia,draw_118,Male,0.0,0.01917808,103.86386,1.2282787433350555
ethiopia,draw_118,Female,0.01917808,0.07671233,103.86386,1.2258295788626121
ethiopia,draw_118,Male,0.01917808,0.07671233,103.86386,1.2214645167600502
nigeria,draw_118,Female,0.0,0.01917808,103.86386,1.2278139865451763
nigeria,draw_118,Male,0.0,0.01917808,103.86386,1.2349128476378635
nigeria,draw_118,Female,0.01917808,0.07671233,103.86386,1.2206369622314441
nigeria,draw_118,Male,0.01917808,0.07671233,103.86386,1.2238012358551331
pakistan,draw_118,Female,0.0,0.01917808,103.86386,1.1899222176334334
pakistan,draw_118,Male,0.0,0.01917808,103.86386,1.2032792860650194
pakistan,draw_118,Female,0.01917808,0.07671233,103.86386,1.1862644361739685
pakistan,draw_118,Male,0.01917808,0.07671233,103.86386,1.199408239489004
ethiopia,draw_118,Female,0.0,0.01917808,103.97397,1.2334515755535755
ethiopia,draw_118,Male,0.0,0.01917808,103.97397,1.2256620050965905
ethiopia,draw_118,Female,0.01917808,0.07671233,103.97397,1.2231065687327909
ethiopia,draw_118,Male,0.01917808,0.07671233,103.97397,1.2188064808522119
nigeria,draw_118,Female,0.0,0.01917808,103.97397,1.225175135871638
nigeria,draw_118,Male,0.0,0.01917808,103.97397,1.2322303913995074
nigeria,draw_118,Female,0.01917808,0.07671233,103.97397,1.217971149125587
nigeria,draw_118,Male,0.01917808,0.07671233,103.97397,1.2211098183179159
pakistan,draw_118,Female,0.0,0.01917808,103.97397,1.187655488397767
pakistan,draw_118,Male,0.0,0.01917808,103.97397,1.2009070746740518
pakistan,draw_118,Female,0.01917808,0.07671233,103.97397,1.1839391741061067
pakistan,draw_118,Male,0.01917808,0.07671233,103.97397,1.19696897462404
ethiopia,draw_118,Female,0.0,0.01917808,104.08408,1.2307414666774692
ethiopia,draw_118,Male,0.0,0.01917808,104.08408,1.223057303486532
ethiopia,draw_118,Female,0.01917808,0.07671233,104.08408,1.2203971158213403
ethiopia,draw_118,Male,0.01917808,0.07671233,104.08408,1.2161610259055453
nigeria,draw_118,Female,0.0,0.01917808,104.08408,1.2225479694476702
nigeria,draw_118,Male,0.0,0.01917808,104.08408,1.2295601843758945
nigeria,draw_118,Female,0.01917808,0.07671233,104.08408,1.2153176452100583
nigeria,draw_118,Male,0.01917808,0.07671233,104.08408,1.2184310861859324
pakistan,draw_118,Female,0.0,0.01917808,104.08408,1.1853987120589535
pakistan,draw_118,Male,0.0,0.01917808,104.08408,1.198545310106803
pakistan,draw_118,Female,0.01917808,0.07671233,104.08408,1.181624341246248
pakistan,draw_118,Male,0.01917808,0.07671233,104.08408,1.1945408303478953
ethiopia,draw_118,Female,0.0,0.01917808,104.19419,1.2280440514158546
ethiopia,draw_118,Male,0.0,0.01917808,104.19419,1.2204655786836673
ethiopia,draw_118,Female,0.01917808,0.07671233,104.19419,1.2177005874816023
ethiopia,draw_118,Male,0.01917808,0.07671233,104.19419,1.2135286687391524
nigeria,draw_118,Female,0.0,0.01917808,104.19419,1.2199337995818609
nigeria,draw_118,Male,0.0,0.01917808,104.19419,1.2269025283652537
nigeria,draw_118,Female,0.01917808,0.07671233,104.19419,1.2126771961638956
nigeria,draw_118,Male,0.01917808,0.07671233,104.19419,1.2157652220899924
pakistan,draw_118,Female,0.0,0.01917808,104.19419,1.1831510699888725
pakistan,draw_118,Male,0.0,0.01917808,104.19419,1.1961939031250077
pakistan,draw_118,Female,0.01917808,0.07671233,104.19419,1.179319494362577
pakistan,draw_118,Male,0.01917808,0.07671233,104.19419,1.1921237628869668
ethiopia,draw_118,Female,0.0,0.01917808,104.3043,1.2253609199173245
ethiopia,draw_118,Male,0.0,0.01917808,104.3043,1.2178871607076607
ethiopia,draw_118,Female,0.01917808,0.07671233,104.3043,1.215018549343252
ethiopia,draw_118,Male,0.01917808,0.07671233,104.3043,1.2109102428606973
nigeria,draw_118,Female,0.0,0.01917808,104.3043,1.2173341068478087
nigeria,draw_118,Male,0.0,0.01917808,104.3043,1.2242596549583937
nigeria,draw_118,Female,0.01917808,0.07671233,104.3043,1.2100513034712599
nigeria,draw_118,Male,0.01917808,0.07671233,104.3043,1.2131142062319948
pakistan,draw_118,Female,0.0,0.01917808,104.3043,1.180914654699211
pakistan,draw_118,Male,0.0,0.01917808,104.3043,1.1938547331420986
pakistan,draw_118,Female,0.01917808,0.07671233,104.3043,1.1770264325674635
pakistan,draw_118,Male,0.01917808,0.07671233,104.3043,1.189719521038387
ethiopia,draw_118,Female,0.0,0.01917808,104.41441,1.2226926625499934
ethiopia,draw_118,Male,0.0,0.01917808,104.41441,1.2153223414828196
ethiopia,draw_118,Female,0.01917808,0.07671233,104.41441,1.2123510297184048
ethiopia,draw_118,Male,0.01917808,0.07671233,104.41441,1.208305625218796
nigeria,draw_118,Female,0.0,0.01917808,104.41441,1.2147480289938892
nigeria,draw_118,Male,0.0,0.01917808,104.41441,1.2216305473064575
nigeria,draw_118,Female,0.01917808,0.07671233,104.41441,1.2074391633772006
nigeria,draw_118,Male,0.01917808,0.07671233,104.41441,1.2104770600186359
pakistan,draw_118,Female,0.0,0.01917808,104.41441,1.1786889680498416
pakistan,draw_118,Male,0.0,0.01917808,104.41441,1.191526936935541
pakistan,draw_118,Female,0.01917808,0.07671233,104.41441,1.174744553100855
pakistan,draw_118,Male,0.01917808,0.07671233,104.41441,1.18732726629057
ethiopia,draw_118,Female,0.0,0.01917808,104.52452,1.2200371837607908
ethiopia,draw_118,Male,0.0,0.01917808,104.52452,1.212769757137399
ethiopia,draw_118,Female,0.01917808,0.07671233,104.52452,1.209696460293042
ethiopia,draw_118,Male,0.01917808,0.07671233,104.52452,1.2057136630219571
nigeria,draw_118,Female,0.0,0.01917808,104.52452,1.2121741568309468
nigeria,draw_118,Male,0.0,0.01917808,104.52452,1.2190140671069591
nigeria,draw_118,Female,0.01917808,0.07671233,104.52452,1.204839609303641
nigeria,draw_118,Male,0.01917808,0.07671233,104.52452,1.2078527913078783
pakistan,draw_118,Female,0.0,0.01917808,104.52452,1.1764723967692952
pakistan,draw_118,Male,0.0,0.01917808,104.52452,1.1892089258161658
pakistan,draw_118,Female,0.01917808,0.07671233,104.52452,1.1724726388296376
pakistan,draw_118,Male,0.01917808,0.07671233,104.52452,1.1849457636331462
ethiopia,draw_118,Female,0.0,0.01917808,104.63463,1.2173944073024103
ethiopia,draw_118,Male,0.0,0.01917808,104.63463,1.2102292815179607
ethiopia,draw_118,Female,0.01917808,0.07671233,104.63463,1.2070547596329477
ethiopia,draw_118,Male,0.01917808,0.07671233,104.63463,1.203134289094876
nigeria,draw_118,Female,0.0,0.01917808,104.63463,1.2096125124671526
nigeria,draw_118,Male,0.0,0.01917808,104.63463,1.2164097341380502
nigeria,draw_118,Female,0.01917808,0.07671233,104.63463,1.202252585025883
nigeria,draw_118,Male,0.01917808,0.07671233,104.63463,1.2052410555053013
pakistan,draw_118,Female,0.0,0.01917808,104.63463,1.1742653840178552
pakistan,draw_118,Male,0.0,0.01917808,104.63463,1.1869018178407413
pakistan,draw_118,Female,0.01917808,0.07671233,104.63463,1.1702108254874792
pakistan,draw_118,Male,0.01917808,0.07671233,104.63463,1.182575592914752
ethiopia,draw_118,Female,0.0,0.01917808,104.74474,1.2147654628639801
ethiopia,draw_118,Male,0.0,0.01917808,104.74474,1.2077019451694786
ethiopia,draw_118,Female,0.01917808,0.07671233,104.74474,1.2044266855069732
ethiopia,draw_118,Male,0.01917808,0.07671233,104.74474,1.200568172209008
nigeria,draw_118,Female,0.0,0.01917808,104.74474,1.2070642625633252
nigeria,draw_118,Male,0.0,0.01917808,104.74474,1.2138187099017896
nigeria,draw_118,Female,0.01917808,0.07671233,104.74474,1.1996789090965307
nigeria,draw_118,Male,0.01917808,0.07671233,104.74474,1.202642692760872
pakistan,draw_118,Female,0.0,0.01917808,104.74474,1.1720686285260011
pakistan,draw_118,Male,0.0,0.01917808,104.74474,1.1846051953937797
pakistan,draw_118,Female,0.01917808,0.07671233,104.74474,1.1679596575151023
pakistan,draw_118,Male,0.01917808,0.07671233,104.74474,1.1802166308839446
ethiopia,draw_118,Female,0.0,0.01917808,104.85485,1.2121490956438563
ethiopia,draw_118,Male,0.0,0.01917808,104.85485,1.2051859911389446
ethiopia,draw_118,Female,0.01917808,0.07671233,104.85485,1.2018115248541759
ethiopia,draw_118,Male,0.01917808,0.07671233,104.85485,1.1980142860724212
nigeria,draw_118,Female,0.0,0.01917808,104.85485,1.204528623889608
nigeria,draw_118,Male,0.0,0.01917808,104.85485,1.2112405216750752
nigeria,draw_118,Female,0.01917808,0.07671233,104.85485,1.197118156617197
nigeria,draw_118,Male,0.01917808,0.07671233,104.85485,1.2000573783316517
pakistan,draw_118,Female,0.0,0.01917808,104.85485,1.169882039861327
pakistan,draw_118,Male,0.0,0.01917808,104.85485,1.1823197427454541
pakistan,draw_118,Female,0.01917808,0.07671233,104.85485,1.1657191522949524
pakistan,draw_118,Male,0.01917808,0.07671233,104.85485,1.1778693327442291
ethiopia,draw_118,Female,0.0,0.01917808,104.96496,1.2095470292880461
ethiopia,draw_118,Male,0.0,0.01917808,104.96496,1.2026840076769936
ethiopia,draw_118,Female,0.01917808,0.07671233,104.96496,1.1992103817599038
ethiopia,draw_118,Male,0.01917808,0.07671233,104.96496,1.1954742367302225
nigeria,draw_118,Female,0.0,0.01917808,104.96496,1.202006076424602
nigeria,draw_118,Male,0.0,0.01917808,104.96496,1.2086751454282176
nigeria,draw_118,Female,0.01917808,0.07671233,104.96496,1.1945706362070112
nigeria,draw_118,Male,0.01917808,0.07671233,104.96496,1.1974851557782538
pakistan,draw_118,Female,0.0,0.01917808,104.96496,1.1677053105834356
pakistan,draw_118,Male,0.0,0.01917808,104.96496,1.1800446620242477
pakistan,draw_118,Female,0.01917808,0.07671233,104.96496,1.1634892105109116
pakistan,draw_118,Male,0.01917808,0.07671233,104.96496,1.1755332743673677
ethiopia,draw_118,Female,0.0,0.01917808,105.07508,1.206957604760802
ethiopia,draw_118,Male,0.0,0.01917808,105.07508,1.2001940865515734
ethiopia,draw_118,Female,0.01917808,0.07671233,105.07508,1.196622285727532
ethiopia,draw_118,Male,0.01917808,0.07671233,105.07508,1.1929469206003134
nigeria,draw_118,Female,0.0,0.01917808,105.07508,1.199495761354832
nigeria,draw_118,Male,0.0,0.01917808,105.07508,1.206123534767185
nigeria,draw_118,Female,0.01917808,0.07671233,105.07508,1.1920358619679652
nigeria,draw_118,Male,0.01917808,0.07671233,105.07508,1.1949266214338667
pakistan,draw_118,Female,0.0,0.01917808,105.07508,1.1655383551749225
pakistan,draw_118,Male,0.0,0.01917808,105.07508,1.1777806302157732
pakistan,draw_118,Female,0.01917808,0.07671233,105.07508,1.1612699078600253
pakistan,draw_118,Male,0.01917808,0.07671233,105.07508,1.1732088840947
ethiopia,draw_118,Female,0.0,0.01917808,105.18519,1.2043823117432682
ethiopia,draw_118,Male,0.0,0.01917808,105.18519,1.197717757708209
ethiopia,draw_118,Female,0.01917808,0.07671233,105.18519,1.1940484284507167
ethiopia,draw_118,Male,0.01917808,0.07671233,105.18519,1.190433508096444
nigeria,draw_118,Female,0.0,0.01917808,105.18519,1.1969993973854947
nigeria,draw_118,Male,0.0,0.01917808,105.18519,1.2035847686201089
nigeria,draw_118,Female,0.01917808,0.07671233,105.18519,1.189515157946921
nigeria,draw_118,Male,0.01917808,0.07671233,105.18519,1.1923815013203019
pakistan,draw_118,Female,0.0,0.01917808,105.18519,1.1633835188198567
pakistan,draw_118,Male,0.0,0.01917808,105.18519,1.175529115233856
pakistan,draw_118,Female,0.01917808,0.07671233,105.18519,1.15906290294684
pakistan,draw_118,Male,0.01917808,0.07671233,105.18519,1.1708974628091466
ethiopia,draw_118,Female,0.0,0.01917808,105.2953,1.2018221982774864
ethiopia,draw_118,Male,0.0,0.01917808,105.2953,1.1952550786243354
ethiopia,draw_118,Female,0.01917808,0.07671233,105.2953,1.191489663340715
ethiopia,draw_118,Male,0.01917808,0.07671233,105.2953,1.1879343118955559
nigeria,draw_118,Female,0.0,0.01917808,105.2953,1.1945174109996948
nigeria,draw_118,Male,0.0,0.01917808,105.2953,1.2010611932104776
nigeria,draw_118,Female,0.01917808,0.07671233,105.2953,1.187009028731752
nigeria,draw_118,Male,0.01917808,0.07671233,105.2953,1.189851440155517
pakistan,draw_118,Female,0.0,0.01917808,105.2953,1.161240873267827
pakistan,draw_118,Male,0.0,0.01917808,105.2953,1.173289316197731
pakistan,draw_118,Female,0.01917808,0.07671233,105.2953,1.156868525673307
pakistan,draw_118,Male,0.01917808,0.07671233,105.2953,1.1685987370896276
ethiopia,draw_118,Female,0.0,0.01917808,105.40541,1.1992762694072256
ethiopia,draw_118,Male,0.0,0.01917808,105.40541,1.1928080702242354
ethiopia,draw_118,Female,0.01917808,0.07671233,105.40541,1.1889456736551027
ethiopia,draw_118,Male,0.01917808,0.07671233,105.40541,1.1854508172303622
nigeria,draw_118,Female,0.0,0.01917808,105.40541,1.1920503489068617
nigeria,draw_118,Male,0.0,0.01917808,105.40541,1.1985520296765364
nigeria,draw_118,Female,0.01917808,0.07671233,105.40541,1.1845180628680865
nigeria,draw_118,Male,0.01917808,0.07671233,105.40541,1.1873362579239393
pakistan,draw_118,Female,0.0,0.01917808,105.40541,1.1591104275962871
pakistan,draw_118,Male,0.0,0.01917808,105.40541,1.171063848814847
pakistan,draw_118,Female,0.01917808,0.07671233,105.40541,1.1546871276539694
pakistan,draw_118,Male,0.01917808,0.07671233,105.40541,1.1663145241203166
ethiopia,draw_118,Female,0.0,0.01917808,105.51552,1.1967454346691384
ethiopia,draw_118,Male,0.0,0.01917808,105.51552,1.1903729532927463
ethiopia,draw_118,Female,0.01917808,0.07671233,105.51552,1.1864164353334528
ethiopia,draw_118,Male,0.01917808,0.07671233,105.51552,1.182980234149899
nigeria,draw_118,Female,0.0,0.01917808,105.51552,1.189596016326766
nigeria,draw_118,Male,0.0,0.01917808,105.51552,1.196057451448173
nigeria,draw_118,Female,0.01917808,0.07671233,105.51552,1.182040438286018
nigeria,draw_118,Male,0.01917808,0.07671233,105.51552,1.1848355395425842
pakistan,draw_118,Female,0.0,0.01917808,105.51552,1.1569916611720932
pakistan,draw_118,Male,0.0,0.01917808,105.51552,1.1688499285274963
pakistan,draw_118,Female,0.01917808,0.07671233,105.51552,1.1525178336188935
pakistan,draw_118,Male,0.01917808,0.07671233,105.51552,1.1640426023820427
ethiopia,draw_118,Female,0.0,0.01917808,105.62563,1.194228093523743
ethiopia,draw_118,Male,0.0,0.01917808,105.62563,1.187951867200805
ethiopia,draw_118,Female,0.01917808,0.07671233,105.62563,1.1839010467039064
ethiopia,draw_118,Male,0.01917808,0.07671233,105.62563,1.180523898645408
nigeria,draw_118,Female,0.0,0.01917808,105.62563,1.187156111542322
nigeria,draw_118,Male,0.0,0.01917808,105.62563,1.1935762297805552
nigeria,draw_118,Female,0.01917808,0.07671233,105.62563,1.1795772027954154
nigeria,draw_118,Male,0.01917808,0.07671233,105.62563,1.1823485915746552
pakistan,draw_118,Female,0.0,0.01917808,105.62563,1.1548844659399145
pakistan,draw_118,Male,0.0,0.01917808,105.62563,1.166648584430577
pakistan,draw_118,Female,0.01917808,0.07671233,105.62563,1.1503606971684834
pakistan,draw_118,Male,0.01917808,0.07671233,105.62563,1.1617837172844496
ethiopia,draw_118,Female,0.0,0.01917808,105.73574,1.1917244578854842
ethiopia,draw_118,Male,0.0,0.01917808,105.73574,1.1855451102524417
ethiopia,draw_118,Female,0.01917808,0.07671233,105.73574,1.1813997142095058
ethiopia,draw_118,Male,0.01917808,0.07671233,105.73574,1.1780820608947191
nigeria,draw_118,Female,0.0,0.01917808,105.73574,1.184729948419769
nigeria,draw_118,Male,0.0,0.01917808,105.73574,1.1911086847272665
nigeria,draw_118,Female,0.01917808,0.07671233,105.73574,1.1771280200104597
nigeria,draw_118,Male,0.01917808,0.07671233,105.73574,1.179875710853593
pakistan,draw_118,Female,0.0,0.01917808,105.73574,1.1527893009078463
pakistan,draw_118,Male,0.0,0.01917808,105.73574,1.1644596444430368
pakistan,draw_118,Female,0.01917808,0.07671233,105.73574,1.148216084242408
pakistan,draw_118,Male,0.01917808,0.07671233,105.73574,1.1595378780575427
ethiopia,draw_118,Female,0.0,0.01917808,105.84585,1.18923612550268
ethiopia,draw_118,Male,0.0,0.01917808,105.84585,1.183151712833253
ethiopia,draw_118,Female,0.01917808,0.07671233,105.84585,1.1789134219624988
ethiopia,draw_118,Male,0.01917808,0.07671233,105.84585,1.1756541810572498
nigeria,draw_118,Female,0.0,0.01917808,105.84585,1.1823171719025118
nigeria,draw_118,Male,0.0,0.01917808,105.84585,1.1886556633488556
nigeria,draw_118,Female,0.01917808,0.07671233,105.84585,1.1746927473575057
nigeria,draw_118,Male,0.01917808,0.07671233,105.84585,1.1774174335830192
pakistan,draw_118,Female,0.0,0.01917808,105.84585,1.1507054779493835
pakistan,draw_118,Male,0.0,0.01917808,105.84585,1.1622833384195679
pakistan,draw_118,Female,0.01917808,0.07671233,105.84585,1.1460837030697897
pakistan,draw_118,Male,0.01917808,0.07671233,105.84585,1.1573052450462435
ethiopia,draw_118,Female,0.0,0.01917808,105.95596,1.1867614274334655
ethiopia,draw_118,Male,0.0,0.01917808,105.95596,1.1807716129874672
ethiopia,draw_118,Female,0.01917808,0.07671233,105.95596,1.1764411519652636
ethiopia,draw_118,Male,0.01917808,0.07671233,105.95596,1.1732401707944575
nigeria,draw_118,Female,0.0,0.01917808,105.95596,1.179918086706478
nigeria,draw_118,Male,0.0,0.01917808,105.95596,1.1862166451010256
nigeria,draw_118,Female,0.01917808,0.07671233,105.95596,1.172271553370608
nigeria,draw_118,Male,0.01917808,0.07671233,105.95596,1.1749733963460713
pakistan,draw_118,Female,0.0,0.01917808,105.95596,1.148634432557734
pakistan,draw_118,Male,0.0,0.01917808,105.95596,1.1601194880899233
pakistan,draw_118,Female,0.01917808,0.07671233,105.95596,1.143964351535491
pakistan,draw_118,Male,0.01917808,0.07671233,105.95596,1.155085693695458
ethiopia,draw_118,Female,0.0,0.01917808,106.06607,1.1843017400541367
ethiopia,draw_118,Male,0.0,0.01917808,106.06607,1.178405590344221
ethiopia,draw_118,Female,0.01917808,0.07671233,106.06607,1.173983730083802
ethiopia,draw_118,Male,0.01917808,0.07671233,106.06607,1.1708405001622348
nigeria,draw_118,Female,0.0,0.01917808,106.06607,1.177534361452789
nigeria,draw_118,Male,0.0,0.01917808,106.06607,1.1837918543044348
nigeria,draw_118,Female,0.01917808,0.07671233,106.06607,1.1698653867203954
nigeria,draw_118,Male,0.01917808,0.07671233,106.06607,1.172543758031032
pakistan,draw_118,Female,0.0,0.01917808,106.06607,1.146575871287679
pakistan,draw_118,Male,0.0,0.01917808,106.06607,1.1579686792459387
pakistan,draw_118,Female,0.01917808,0.07671233,106.06607,1.1418578543859077
pakistan,draw_118,Male,0.01917808,0.07671233,106.06607,1.1528795571150126
ethiopia,draw_118,Female,0.0,0.01917808,106.17618,1.181855877700623
ethiopia,draw_118,Male,0.0,0.01917808,106.17618,1.1760540090836118
ethiopia,draw_118,Female,0.01917808,0.07671233,106.17618,1.1715404922804147
ethiopia,draw_118,Male,0.01917808,0.07671233,106.17618,1.1684553820758694
nigeria,draw_118,Female,0.0,0.01917808,106.17618,1.1751627963052436
nigeria,draw_118,Male,0.0,0.01917808,106.17618,1.1813808154950318
nigeria,draw_118,Female,0.01917808,0.07671233,106.17618,1.1674724369206169
nigeria,draw_118,Male,0.01917808,0.07671233,106.17618,1.170128238857422
pakistan,draw_118,Female,0.0,0.01917808,106.17618,1.1445294971355646
pakistan,draw_118,Male,0.0,0.01917808,106.17618,1.155830357411561
pakistan,draw_118,Female,0.01917808,0.07671233,106.17618,1.139764035872323
pakistan,draw_118,Male,0.01917808,0.07671233,106.17618,1.1506865491200917
ethiopia,draw_118,Female,0.0,0.01917808,106.28629,1.1794250662215318
ethiopia,draw_118,Male,0.0,0.01917808,106.28629,1.1737156546555665
ethiopia,draw_118,Female,0.01917808,0.07671233,106.28629,1.169112204227157
ethiopia,draw_118,Male,0.01917808,0.07671233,106.28629,1.1660841539346636
nigeria,draw_118,Female,0.0,0.01917808,106.28629,1.1728062104158532
nigeria,draw_118,Male,0.0,0.01917808,106.28629,1.178984082171421
nigeria,draw_118,Female,0.01917808,0.07671233,106.28629,1.1650943820445125
nigeria,draw_118,Male,0.01917808,0.07671233,106.28629,1.167727245684037
pakistan,draw_118,Female,0.0,0.01917808,106.28629,1.1424953474141422
pakistan,draw_118,Male,0.0,0.01917808,106.28629,1.1537054334786314
pakistan,draw_118,Female,0.01917808,0.07671233,106.28629,1.1376829967879742
pakistan,draw_118,Male,0.01917808,0.07671233,106.28629,1.148507278435924
ethiopia,draw_118,Female,0.0,0.01917808,106.3964,1.1770104992961918
ethiopia,draw_118,Male,0.0,0.01917808,106.3964,1.1713938230837442
ethiopia,draw_118,Female,0.01917808,0.07671233,106.3964,1.1667003855266322
ethiopia,draw_118,Male,0.01917808,0.07671233,106.3964,1.1637296134120365
nigeria,draw_118,Female,0.0,0.01917808,106.3964,1.1704654631810418
nigeria,draw_118,Male,0.0,0.01917808,106.3964,1.1766041237365343
nigeria,draw_118,Female,0.01917808,0.07671233,106.3964,1.162732557403874
nigeria,draw_118,Male,0.01917808,0.07671233,106.3964,1.1653430678634313
pakistan,draw_118,Female,0.0,0.01917808,106.3964,1.1404754596731335
pakistan,draw_118,Male,0.0,0.01917808,106.3964,1.1515951952889991
pakistan,draw_118,Female,0.01917808,0.07671233,106.3964,1.135616790702843
pakistan,draw_118,Male,0.01917808,0.07671233,106.3964,1.146343302314208
ethiopia,draw_118,Female,0.0,0.01917808,106.50651,1.1746095007990702
ethiopia,draw_118,Male,0.0,0.01917808,106.50651,1.1690862612132953
ethiopia,draw_118,Female,0.01917808,0.07671233,106.50651,1.1643026029118064
ethiopia,draw_118,Male,0.01917808,0.07671233,106.50651,1.1613895671650023
nigeria,draw_118,Female,0.0,0.01917808,106.50651,1.168138662971876
nigeria,draw_118,Male,0.0,0.01917808,106.50651,1.174238109408339
nigeria,draw_118,Female,0.01917808,0.07671233,106.50651,1.160384971976364
nigeria,draw_118,Male,0.01917808,0.07671233,106.50651,1.1629731730901953
pakistan,draw_118,Female,0.0,0.01917808,106.50651,1.1384679917895937
pakistan,draw_118,Male,0.0,0.01917808,106.50651,1.1494983710280198
pakistan,draw_118,Female,0.01917808,0.07671233,106.50651,1.1335634766006712
pakistan,draw_118,Male,0.01917808,0.07671233,106.50651,1.1441930272701677
ethiopia,draw_118,Female,0.0,0.01917808,106.61662,1.1722238023196678
ethiopia,draw_118,Male,0.0,0.01917808,106.61662,1.166791998185801
ethiopia,draw_118,Female,0.01917808,0.07671233,106.61662,1.161919898852601
ethiopia,draw_118,Male,0.01917808,0.07671233,106.61662,1.1590634614118127
nigeria,draw_118,Female,0.0,0.01917808,106.61662,1.1658261599111257
nigeria,draw_118,Male,0.0,0.01917808,106.61662,1.1718866490310638
nigeria,draw_118,Female,0.01917808,0.07671233,106.61662,1.1580518311586505
nigeria,draw_118,Male,0.01917808,0.07671233,106.61662,1.1606179175883862
pakistan,draw_118,Female,0.0,0.01917808,106.61662,1.136473085439173
pakistan,draw_118,Male,0.0,0.01917808,106.61662,1.1474138696715166
pakistan,draw_118,Female,0.01917808,0.07671233,106.61662,1.1315231455734631
pakistan,draw_118,Male,0.01917808,0.07671233,106.61662,1.142055827255076
ethiopia,draw_118,Female,0.0,0.01917808,106.72673,1.1698528065508171
ethiopia,draw_118,Male,0.0,0.01917808,106.72673,1.1645124772462696
ethiopia,draw_118,Female,0.01917808,0.07671233,106.72673,1.1595519050541034
ethiopia,draw_118,Male,0.01917808,0.07671233,106.72673,1.1567521268135554
nigeria,draw_118,Female,0.0,0.01917808,106.72673,1.1635269234212458
nigeria,draw_118,Male,0.0,0.01917808,106.72673,1.1695488157756595
nigeria,draw_118,Female,0.01917808,0.07671233,106.72673,1.1557325387238626
nigeria,draw_118,Male,0.01917808,0.07671233,106.72673,1.158276743908289
pakistan,draw_118,Female,0.0,0.01917808,106.72673,1.1344901810142076
pakistan,draw_118,Male,0.0,0.01917808,106.72673,1.1453422883506121
pakistan,draw_118,Female,0.01917808,0.07671233,106.72673,1.1294954892070541
pakistan,draw_118,Male,0.01917808,0.07671233,106.72673,1.1399320873283998
ethiopia,draw_118,Female,0.0,0.01917808,106.83684,1.1674961372923582
ethiopia,draw_118,Male,0.0,0.01917808,106.83684,1.1622462199884438
ethiopia,draw_118,Female,0.01917808,0.07671233,106.83684,1.157198406621903
ethiopia,draw_118,Male,0.01917808,0.07671233,106.83684,1.1544547319911924
nigeria,draw_118,Female,0.0,0.01917808,106.83684,1.1612428934317887
nigeria,draw_118,Male,0.0,0.01917808,106.83684,1.1672257598512468
nigeria,draw_118,Female,0.01917808,0.07671233,106.83684,1.1534282403932483
nigeria,draw_118,Male,0.01917808,0.07671233,106.83684,1.1559503624884646
pakistan,draw_118,Female,0.0,0.01917808,106.83684,1.1325195969975113
pakistan,draw_118,Male,0.0,0.01917808,106.83684,1.1432839042677614
pakistan,draw_118,Female,0.01917808,0.07671233,106.83684,1.127480701567162
pakistan,draw_118,Male,0.01917808,0.07671233,106.83684,1.1378219487207557
ethiopia,draw_118,Female,0.0,0.01917808,106.94695,1.1651535854171016
ethiopia,draw_118,Male,0.0,0.01917808,106.94695,1.1599942662537315
ethiopia,draw_118,Female,0.01917808,0.07671233,106.94695,1.1548592958036092
ethiopia,draw_118,Male,0.01917808,0.07671233,106.94695,1.152171878585617
nigeria,draw_118,Female,0.0,0.01917808,106.94695,1.1589722061644447
nigeria,draw_118,Male,0.0,0.01917808,106.94695,1.1649173957901469
nigeria,draw_118,Female,0.01917808,0.07671233,106.94695,1.1511378761937223
nigeria,draw_118,Male,0.01917808,0.07671233,106.94695,1.1536387173312201
pakistan,draw_118,Female,0.0,0.01917808,106.94695,1.1305616327765216
pakistan,draw_118,Male,0.0,0.01917808,106.94695,1.1412383158450259
pakistan,draw_118,Female,0.01917808,0.07671233,106.94695,1.1254789250952564
pakistan,draw_118,Male,0.01917808,0.07671233,106.94695,1.135725189636421
ethiopia,draw_118,Female,0.0,0.01917808,107.05706,1.1628251173043742
ethiopia,draw_118,Male,0.0,0.01917808,107.05706,1.157756374431702
ethiopia,draw_118,Female,0.01917808,0.07671233,107.05706,1.152534537061195
ethiopia,draw_118,Male,0.01917808,0.07671233,107.05706,1.1499034458424093
nigeria,draw_118,Female,0.0,0.01917808,107.05706,1.1567157157717252
nigeria,draw_118,Male,0.0,0.01917808,107.05706,1.1626227966432636
nigeria,draw_118,Female,0.01917808,0.07671233,107.05706,1.1488619074448634
nigeria,draw_118,Male,0.01917808,0.07671233,107.05706,1.151341264353942
pakistan,draw_118,Female,0.0,0.01917808,107.05706,1.128616321191232
pakistan,draw_118,Male,0.0,0.01917808,107.05706,1.1392057867870606
pakistan,draw_118,Female,0.01917808,0.07671233,107.05706,1.1234902070278814
pakistan,draw_118,Male,0.01917808,0.07671233,107.05706,1.1336419742825334
ethiopia,draw_118,Female,0.0,0.01917808,107.16717,1.160512069500445
ethiopia,draw_118,Male,0.0,0.01917808,107.16717,1.1555329181025031
ethiopia,draw_118,Female,0.01917808,0.07671233,107.16717,1.1502249388751613
ethiopia,draw_118,Male,0.01917808,0.07671233,107.16717,1.1476496635565188
nigeria,draw_118,Female,0.0,0.01917808,107.16717,1.154473300055263
nigeria,draw_118,Male,0.0,0.01917808,107.16717,1.1603426541892592
nigeria,draw_118,Female,0.01917808,0.07671233,107.16717,1.1466003227368609
nigeria,draw_118,Male,0.01917808,0.07671233,107.16717,1.1490584038039044
pakistan,draw_118,Female,0.0,0.01917808,107.16717,1.1266831107227164
pakistan,draw_118,Male,0.0,0.01917808,107.16717,1.1371865819897742
pakistan,draw_118,Female,0.01917808,0.07671233,107.16717,1.1215142520298842
pakistan,draw_118,Male,0.01917808,0.07671233,107.16717,1.1315724616305909
ethiopia,draw_118,Female,0.0,0.01917808,107.27728,1.1582134157209418
ethiopia,draw_118,Male,0.0,0.01917808,107.27728,1.1533227660395062
ethiopia,draw_118,Female,0.01917808,0.07671233,107.27728,1.1479298885345361
ethiopia,draw_118,Male,0.01917808,0.07671233,107.27728,1.1454098400377901
nigeria,draw_118,Female,0.0,0.01917808,107.27728,1.1522444354429215
nigeria,draw_118,Male,0.0,0.01917808,107.27728,1.1580770591558498
nigeria,draw_118,Female,0.01917808,0.07671233,107.27728,1.144352806102744
nigeria,draw_118,Male,0.01917808,0.07671233,107.27728,1.1467901935356974
pakistan,draw_118,Female,0.0,0.01917808,107.27728,1.1247626662397623
pakistan,draw_118,Male,0.0,0.01917808,107.27728,1.1351802813952434
pakistan,draw_118,Female,0.01917808,0.07671233,107.27728,1.1195514437981835
pakistan,draw_118,Male,0.01917808,0.07671233,107.27728,1.1295163918060032
ethiopia,draw_118,Female,0.0,0.01917808,107.38739,1.15593053816734
ethiopia,draw_118,Male,0.0,0.01917808,107.38739,1.1511286146726278
ethiopia,draw_118,Female,0.01917808,0.07671233,107.38739,1.1456508760889328
ethiopia,draw_118,Male,0.01917808,0.07671233,107.38739,1.1431862434229279
nigeria,draw_118,Female,0.0,0.01917808,107.38739,1.1500322617291512
nigeria,draw_118,Male,0.0,0.01917808,107.38739,1.1558270232916679
nigeria,draw_118,Female,0.01917808,0.07671233,107.38739,1.1421218605026502
nigeria,draw_118,Male,0.01917808,0.07671233,107.38739,1.1445378912024142
pakistan,draw_118,Female,0.0,0.01917808,107.38739,1.1228563435126901
pakistan,draw_118,Male,0.0,0.01917808,107.38739,1.133188149038837
pakistan,draw_118,Female,0.01917808,0.07671233,107.38739,1.1176032450450026
pakistan,draw_118,Male,0.01917808,0.07671233,107.38739,1.127475174461167
ethiopia,draw_118,Female,0.0,0.01917808,107.4975,1.1536626955040181
ethiopia,draw_118,Male,0.0,0.01917808,107.4975,1.1489488639277001
ethiopia,draw_118,Female,0.01917808,0.07671233,107.4975,1.143387040564689
ethiopia,draw_118,Male,0.01917808,0.07671233,107.4975,1.1409775190583702
nigeria,draw_118,Female,0.0,0.01917808,107.4975,1.1478346151280727
nigeria,draw_118,Male,0.0,0.01917808,107.4975,1.1535920800536363
nigeria,draw_118,Female,0.01917808,0.07671233,107.4975,1.139905801755232
nigeria,draw_118,Male,0.01917808,0.07671233,107.4975,1.1423008096322687
pakistan,draw_118,Female,0.0,0.01917808,107.4975,1.120963361523501
pakistan,draw_118,Male,0.0,0.01917808,107.4975,1.1312100928745346
pakistan,draw_118,Female,0.01917808,0.07671233,107.4975,1.1156687688318982
pakistan,draw_118,Male,0.01917808,0.07671233,107.4975,1.125448391133445
ethiopia,draw_118,Female,0.0,0.01917808,107.60761,1.151409995164247
ethiopia,draw_118,Male,0.0,0.01917808,107.60761,1.146784187307812
ethiopia,draw_118,Female,0.01917808,0.07671233,107.60761,1.1411382267412413
ethiopia,draw_118,Male,0.01917808,0.07671233,107.60761,1.1387837987127751
nigeria,draw_118,Female,0.0,0.01917808,107.60761,1.1456513602681864
nigeria,draw_118,Male,0.0,0.01917808,107.60761,1.1513719671064482
nigeria,draw_118,Female,0.01917808,0.07671233,107.60761,1.1377042837315452
nigeria,draw_118,Male,0.01917808,0.07671233,107.60761,1.1400785355292953
pakistan,draw_118,Female,0.0,0.01917808,107.60761,1.119082451405573
pakistan,draw_118,Male,0.0,0.01917808,107.60761,1.1292453719633444
pakistan,draw_118,Female,0.01917808,0.07671233,107.60761,1.113747037434178
pakistan,draw_118,Male,0.01917808,0.07671233,107.60761,1.1234353565408535
ethiopia,draw_118,Female,0.0,0.01917808,107.71772,1.149171229989348
ethiopia,draw_118,Male,0.0,0.01917808,107.71772,1.144632469166123
ethiopia,draw_118,Female,0.01917808,0.07671233,107.71772,1.1389037074552415
ethiopia,draw_118,Male,0.01917808,0.07671233,107.71772,1.1366038197950796
nigeria,draw_118,Female,0.0,0.01917808,107.71772,1.1434819068235342
nigeria,draw_118,Male,0.0,0.01917808,107.71772,1.1491660244554573
nigeria,draw_118,Female,0.01917808,0.07671233,107.71772,1.1355169931079538
nigeria,draw_118,Male,0.01917808,0.07671233,107.71772,1.1378706808676722
pakistan,draw_118,Female,0.0,0.01917808,107.71772,1.1172145922136254
pakistan,draw_118,Male,0.0,0.01917808,107.71772,1.1272929480850722
pakistan,draw_118,Female,0.01917808,0.07671233,107.71772,1.1118386456935772
pakistan,draw_118,Male,0.01917808,0.07671233,107.71772,1.1214354446436559
ethiopia,draw_118,Female,0.0,0.01917808,107.82783,1.1469472555412041
ethiopia,draw_118,Male,0.0,0.01917808,107.82783,1.1424957499833754
ethiopia,draw_118,Female,0.01917808,0.07671233,107.82783,1.1366839736655325
ethiopia,draw_118,Male,0.01917808,0.07671233,107.82783,1.134438804265931
nigeria,draw_118,Female,0.0,0.01917808,107.82783,1.1413269542557782
nigeria,draw_118,Male,0.0,0.01917808,107.82783,1.1469742555723055
nigeria,draw_118,Female,0.01917808,0.07671233,107.82783,1.1333443353608046
nigeria,draw_118,Male,0.01917808,0.07671233,107.82783,1.1356772655174643
pakistan,draw_118,Female,0.0,0.01917808,107.82783,1.1153591441682342
pakistan,draw_118,Male,0.0,0.01917808,107.82783,1.1253540776926951
pakistan,draw_118,Female,0.01917808,0.07671233,107.82783,1.1099432191785819
pakistan,draw_118,Male,0.01917808,0.07671233,107.82783,1.1194494295209179
ethiopia,draw_118,Female,0.0,0.01917808,107.93794,1.1447383073748327
ethiopia,draw_118,Male,0.0,0.01917808,107.93794,1.1403726360331208
ethiopia,draw_118,Female,0.01917808,0.07671233,107.93794,1.1344791913294585
ethiopia,draw_118,Male,0.01917808,0.07671233,107.93794,1.1322879390402927
nigeria,draw_118,Female,0.0,0.01917808,107.93794,1.1391857403462708
nigeria,draw_118,Male,0.0,0.01917808,107.93794,1.1447967811845348
nigeria,draw_118,Female,0.01917808,0.07671233,107.93794,1.131185839244435
nigeria,draw_118,Male,0.01917808,0.07671233,107.93794,1.13349835162588
pakistan,draw_118,Female,0.0,0.01917808,107.93794,1.1135164485694222
pakistan,draw_118,Male,0.0,0.01917808,107.93794,1.1234286254087769
pakistan,draw_118,Female,0.01917808,0.07671233,107.93794,1.1080609692469716
pakistan,draw_118,Male,0.01917808,0.07671233,107.93794,1.1174772098896137
ethiopia,draw_118,Female,0.0,0.01917808,108.04805,1.1425436367627202
ethiopia,draw_118,Male,0.0,0.01917808,108.04805,1.1382635258542417
ethiopia,draw_118,Female,0.01917808,0.07671233,108.04805,1.1322889243656171
ethiopia,draw_118,Male,0.01917808,0.07671233,108.04805,1.130151496265119
nigeria,draw_118,Female,0.0,0.01917808,108.04805,1.1370587270824009
nigeria,draw_118,Male,0.0,0.01917808,108.04805,1.14263430657605
nigeria,draw_118,Female,0.01917808,0.07671233,108.04805,1.1290418238484554
nigeria,draw_118,Male,0.01917808,0.07671233,108.04805,1.1313344100043121
pakistan,draw_118,Female,0.0,0.01917808,108.04805,1.1116864638402513
pakistan,draw_118,Male,0.0,0.01917808,108.04805,1.1215158350937902
pakistan,draw_118,Female,0.01917808,0.07671233,108.04805,1.1061918871595442
pakistan,draw_118,Male,0.01917808,0.07671233,108.04805,1.1155183305460266
ethiopia,draw_118,Female,0.0,0.01917808,108.15816,1.1403633463605127
ethiopia,draw_118,Male,0.0,0.01917808,108.15816,1.1361688366645781
ethiopia,draw_118,Female,0.01917808,0.07671233,108.15816,1.1301132415281498
ethiopia,draw_118,Male,0.01917808,0.07671233,108.15816,1.1280297012722242
nigeria,draw_118,Female,0.0,0.01917808,108.15816,1.134946645834987
nigeria,draw_118,Male,0.0,0.01917808,108.15816,1.1404862326148153
nigeria,draw_118,Female,0.01917808,0.07671233,108.15816,1.126912724427774
nigeria,draw_118,Male,0.01917808,0.07671233,108.15816,1.1291850829483412
pakistan,draw_118,Female,0.0,0.01917808,108.15816,1.109869292840328
pakistan,draw_118,Male,0.0,0.01917808,108.15816,1.11961670726322
pakistan,draw_118,Female,0.01917808,0.07671233,108.15816,1.1043360520627534
pakistan,draw_118,Male,0.01917808,0.07671233,108.15816,1.1135734253159515
ethiopia,draw_118,Female,0.0,0.01917808,108.26827,1.138198217858237
ethiopia,draw_118,Male,0.0,0.01917808,108.26827,1.1340884575382886
ethiopia,draw_118,Female,0.01917808,0.07671233,108.26827,1.127952628702502
ethiopia,draw_118,Male,0.01917808,0.07671233,108.26827,1.1259224813993964
nigeria,draw_118,Female,0.0,0.01917808,108.26827,1.1328483823891573
nigeria,draw_118,Male,0.0,0.01917808,108.26827,1.1383521998114663
nigeria,draw_118,Female,0.01917808,0.07671233,108.26827,1.1247978641542835
nigeria,draw_118,Male,0.01917808,0.07671233,108.26827,1.1270501584877906
pakistan,draw_118,Female,0.0,0.01917808,108.26827,1.1080646208507834
pakistan,draw_118,Male,0.0,0.01917808,108.26827,1.117730150735319
pakistan,draw_118,Female,0.01917808,0.07671233,108.26827,1.1024932766390914
pakistan,draw_118,Male,0.01917808,0.07671233,108.26827,1.1116418244736301
ethiopia,draw_118,Female,0.0,0.01917808,108.37838,1.1360486434453483
ethiopia,draw_118,Male,0.0,0.01917808,108.37838,1.132023071800773
ethiopia,draw_118,Female,0.01917808,0.07671233,108.37838,1.1258076541153759
ethiopia,draw_118,Male,0.01917808,0.07671233,108.37838,1.1238306449673825
nigeria,draw_118,Female,0.0,0.01917808,108.37838,1.130765259786755
nigeria,draw_118,Male,0.0,0.01917808,108.37838,1.1362339434636508
nigeria,draw_118,Female,0.01917808,0.07671233,108.37838,1.1226984132702893
nigeria,draw_118,Male,0.01917808,0.07671233,108.37838,1.1249310416523384
pakistan,draw_118,Female,0.0,0.01917808,108.37838,1.106273446101949
pakistan,draw_118,Male,0.0,0.01917808,108.37838,1.115858402949582
pakistan,draw_118,Female,0.01917808,0.07671233,108.37838,1.1006644674795467
pakistan,draw_118,Male,0.01917808,0.07671233,108.37838,1.1097252082602793
ethiopia,draw_118,Female,0.0,0.01917808,108.48849,1.133914604814818
ethiopia,draw_118,Male,0.0,0.01917808,108.48849,1.1299733652165045
ethiopia,draw_118,Female,0.01917808,0.07671233,108.48849,1.1236785019863669
ethiopia,draw_118,Male,0.01917808,0.07671233,108.48849,1.121754723915633
nigeria,draw_118,Female,0.0,0.01917808,108.48849,1.1286981474415423
nigeria,draw_118,Male,0.0,0.01917808,108.48849,1.1341310977305092
nigeria,draw_118,Female,0.01917808,0.07671233,108.48849,1.120615041566559
nigeria,draw_118,Male,0.01917808,0.07671233,108.48849,1.1228276494439116
pakistan,draw_118,Female,0.0,0.01917808,108.48849,1.1044969530812396
pakistan,draw_118,Male,0.0,0.01917808,108.48849,1.1140007531811436
pakistan,draw_118,Female,0.01917808,0.07671233,108.48849,1.098850494945084
pakistan,draw_118,Male,0.01917808,0.07671233,108.48849,1.1078232983230372
ethiopia,draw_118,Female,0.0,0.01917808,108.5986,1.131795668875134
ethiopia,draw_118,Male,0.0,0.01917808,108.5986,1.1279378731943066
ethiopia,draw_118,Female,0.01917808,0.07671233,108.5986,1.1215643875766426
ethiopia,draw_118,Male,0.01917808,0.07671233,108.5986,1.1196933518366208
nigeria,draw_118,Female,0.0,0.01917808,108.5986,1.1266450077287256
nigeria,draw_118,Male,0.0,0.01917808,108.5986,1.1320435001524733
nigeria,draw_118,Female,0.01917808,0.07671233,108.5986,1.1185460082215968
nigeria,draw_118,Male,0.01917808,0.07671233,108.5986,1.120739370281122
pakistan,draw_118,Female,0.0,0.01917808,108.5986,1.1027330690671266
pakistan,draw_118,Male,0.0,0.01917808,108.5986,1.11215646533874
pakistan,draw_118,Female,0.01917808,0.07671233,108.5986,1.097049670271801
pakistan,draw_118,Male,0.01917808,0.07671233,108.5986,1.1059351720971258
ethiopia,draw_118,Female,0.0,0.01917808,108.70871,1.1296911705659127
ethiopia,draw_118,Male,0.0,0.01917808,108.70871,1.1259170487920245
ethiopia,draw_118,Female,0.01917808,0.07671233,108.70871,1.119464902359187
ethiopia,draw_118,Male,0.01917808,0.07671233,108.70871,1.1176467895643685
nigeria,draw_118,Female,0.0,0.01917808,108.70871,1.124606679197973
nigeria,draw_118,Male,0.0,0.01917808,108.70871,1.1299697158237672
nigeria,draw_118,Female,0.01917808,0.07671233,108.70871,1.1164917932484293
nigeria,draw_118,Male,0.01917808,0.07671233,108.70871,1.1186653138228275
pakistan,draw_118,Female,0.0,0.01917808,108.70871,1.1009821606769155
pakistan,draw_118,Male,0.0,0.01917808,108.70871,1.1103260985751717
pakistan,draw_118,Female,0.01917808,0.07671233,108.70871,1.0952621953588284
pakistan,draw_118,Male,0.01917808,0.07671233,108.70871,1.1040611743521407
ethiopia,draw_118,Female,0.0,0.01917808,108.81882,1.1276013879115365
ethiopia,draw_118,Male,0.0,0.01917808,108.81882,1.1239101721667166
ethiopia,draw_118,Female,0.01917808,0.07671233,108.81882,1.1173802135889732
ethiopia,draw_118,Male,0.01917808,0.07671233,108.81882,1.115614608587385
nigeria,draw_118,Female,0.0,0.01917808,108.81882,1.1225823269795392
nigeria,draw_118,Male,0.0,0.01917808,108.81882,1.1279108943071459
nigeria,draw_118,Female,0.01917808,0.07671233,108.81882,1.114451904749593
nigeria,draw_118,Male,0.01917808,0.07671233,108.81882,1.1166062066433817
pakistan,draw_118,Female,0.0,0.01917808,108.81882,1.0992436057315285
pakistan,draw_118,Male,0.0,0.01917808,108.81882,1.108508666440559
pakistan,draw_118,Female,0.01917808,0.07671233,108.81882,1.0934877356858819
pakistan,draw_118,Male,0.01917808,0.07671233,108.81882,1.1022007207037472
ethiopia,draw_118,Female,0.0,0.01917808,108.92893,1.1255263190015847
ethiopia,draw_118,Male,0.0,0.01917808,108.92893,1.1219171238401036
ethiopia,draw_118,Female,0.01917808,0.07671233,108.92893,1.1153103531821456
ethiopia,draw_118,Male,0.01917808,0.07671233,108.92893,1.1135967442401031
nigeria,draw_118,Female,0.0,0.01917808,108.92893,1.1205726168420989
nigeria,draw_118,Male,0.0,0.01917808,108.92893,1.1258663533895938
nigeria,draw_118,Female,0.01917808,0.07671233,108.92893,1.1124267769707687
nigeria,draw_118,Male,0.01917808,0.07671233,108.92893,1.114561651648313
pakistan,draw_118,Female,0.0,0.01917808,108.92893,1.0975185147137088
pakistan,draw_118,Male,0.0,0.01917808,108.92893,1.1067045990765145
pakistan,draw_118,Female,0.01917808,0.07671233,108.92893,1.0917269275061636
pakistan,draw_118,Male,0.01917808,0.07671233,108.92893,1.1003540691366152
ethiopia,draw_118,Female,0.0,0.01917808,109.03904,1.1234659867815828
ethiopia,draw_118,Male,0.0,0.01917808,109.03904,1.1199394821799749
ethiopia,draw_118,Female,0.01917808,0.07671233,109.03904,1.1132553314248104
ethiopia,draw_118,Male,0.01917808,0.07671233,109.03904,1.111594140405179
nigeria,draw_118,Female,0.0,0.01917808,109.03904,1.1185773564011454
nigeria,draw_118,Male,0.0,0.01917808,109.03904,1.123836658846036
nigeria,draw_118,Female,0.01917808,0.07671233,109.03904,1.1104163060940966
nigeria,draw_118,Male,0.01917808,0.07671233,109.03904,1.1125319818380395
pakistan,draw_118,Female,0.0,0.01917808,109.03904,1.095806296038513
pakistan,draw_118,Male,0.0,0.01917808,109.03904,1.10491381453409
pakistan,draw_118,Female,0.01917808,0.07671233,109.03904,1.0899794231160584
pakistan,draw_118,Male,0.01917808,0.07671233,109.03904,1.0985211687485952
ethiopia,draw_118,Female,0.0,0.01917808,109.14915,1.121420164026033
ethiopia,draw_118,Male,0.0,0.01917808,109.14915,1.1179751948203356
ethiopia,draw_118,Female,0.01917808,0.07671233,109.14915,1.1112149926186192
ethiopia,draw_118,Male,0.01917808,0.07671233,109.14915,1.109605557991577
nigeria,draw_118,Female,0.0,0.01917808,109.14915,1.116596112309377
nigeria,draw_118,Male,0.0,0.01917808,109.14915,1.1218212767872187
nigeria,draw_118,Female,0.01917808,0.07671233,109.14915,1.108420207700753
nigeria,draw_118,Male,0.01917808,0.07671233,109.14915,1.1105168583225151
pakistan,draw_118,Female,0.0,0.01917808,109.14915,1.094107016484289
pakistan,draw_118,Male,0.0,0.01917808,109.14915,1.1031367698491532
pakistan,draw_118,Female,0.01917808,0.07671233,109.14915,1.088245277445386
pakistan,draw_118,Male,0.01917808,0.07671233,109.14915,1.0967023171153651
ethiopia,draw_118,Female,0.0,0.01917808,109.25926,1.119389307773149
ethiopia,draw_118,Male,0.0,0.01917808,109.25926,1.1160258781785732
ethiopia,draw_118,Female,0.01917808,0.07671233,109.25926,1.1091896200618938
ethiopia,draw_118,Male,0.01917808,0.07671233,109.25926,1.1076319736186837
nigeria,draw_118,Female,0.0,0.01917808,109.25926,1.114628994072568
nigeria,draw_118,Male,0.0,0.01917808,109.25926,1.1198208636692766
nigeria,draw_118,Female,0.01917808,0.07671233,109.25926,1.1064385779636552
nigeria,draw_118,Male,0.01917808,0.07671233,109.25926,1.108516706638311
pakistan,draw_118,Female,0.0,0.01917808,109.25926,1.0924203754073574
pakistan,draw_118,Male,0.0,0.01917808,109.25926,1.1013731985511837
pakistan,draw_118,Female,0.01917808,0.07671233,109.25926,1.086524323872868
pakistan,draw_118,Male,0.01917808,0.07671233,109.25926,1.094897357127434
ethiopia,draw_118,Female,0.0,0.01917808,109.36937,1.1173736689642555
ethiopia,draw_118,Male,0.0,0.01917808,109.36937,1.1140905065744178
ethiopia,draw_118,Female,0.01917808,0.07671233,109.36937,1.1071794467019858
ethiopia,draw_118,Male,0.01917808,0.07671233,109.36937,1.105672908073438
nigeria,draw_118,Female,0.0,0.01917808,109.36937,1.112677286693384
nigeria,draw_118,Male,0.0,0.01917808,109.36937,1.1178354599245661
nigeria,draw_118,Female,0.01917808,0.07671233,109.36937,1.104472257000265
nigeria,draw_118,Male,0.01917808,0.07671233,109.36937,1.1065316593170578
pakistan,draw_118,Female,0.0,0.01917808,109.36937,1.0907472128264633
pakistan,draw_118,Male,0.0,0.01917808,109.36937,1.0996229781382956
pakistan,draw_118,Female,0.01917808,0.07671233,109.36937,1.084817160656175
pakistan,draw_118,Male,0.01917808,0.07671233,109.36937,1.093106302693672
ethiopia,draw_118,Female,0.0,0.01917808,109.47948,1.1153748216588628
ethiopia,draw_118,Male,0.0,0.01917808,109.47948,1.1121724771651271
ethiopia,draw_118,Female,0.01917808,0.07671233,109.47948,1.1051861394997742
ethiopia,draw_118,Male,0.01917808,0.07671233,109.47948,1.1037310682328956
nigeria,draw_118,Female,0.0,0.01917808,109.47948,1.1107412017729241
nigeria,draw_118,Male,0.0,0.01917808,109.47948,1.115866169926857
nigeria,draw_118,Female,0.01917808,0.07671233,109.47948,1.102522121410587
nigeria,draw_118,Male,0.01917808,0.07671233,109.47948,1.1045630509985163
pakistan,draw_118,Female,0.0,0.01917808,109.47948,1.0890889507486095
pakistan,draw_118,Male,0.0,0.01917808,109.47948,1.0978884000229667
pakistan,draw_118,Female,0.01917808,0.07671233,109.47948,1.083125317227175
pakistan,draw_118,Male,0.01917808,0.07671233,109.47948,1.0913312553683725
ethiopia,draw_118,Female,0.0,0.01917808,109.58959,1.1133901486962612
ethiopia,draw_118,Male,0.0,0.01917808,109.58959,1.1102681940834027
ethiopia,draw_118,Female,0.01917808,0.07671233,109.58959,1.103207318326574
ethiopia,draw_118,Male,0.01917808,0.07671233,109.58959,1.1018035210874173
nigeria,draw_118,Female,0.0,0.01917808,109.58959,1.1088196443306753
nigeria,draw_118,Male,0.0,0.01917808,109.58959,1.1139118889629198
nigeria,draw_118,Female,0.01917808,0.07671233,109.58959,1.1005866779901974
nigeria,draw_118,Male,0.01917808,0.07671233,109.58959,1.102609427988302
pakistan,draw_118,Female,0.0,0.01917808,109.58959,1.0874432103961091
pakistan,draw_118,Male,0.0,0.01917808,109.58959,1.0961669718643032
pakistan,draw_118,Female,0.01917808,0.07671233,109.58959,1.0814465916689955
pakistan,draw_118,Male,0.01917808,0.07671233,109.58959,1.0895699270763968
ethiopia,draw_118,Female,0.0,0.01917808,109.6997,1.1114208956861202
ethiopia,draw_118,Male,0.0,0.01917808,109.6997,1.1083777257347893
ethiopia,draw_118,Female,0.01917808,0.07671233,109.6997,1.101243742605658
ethiopia,draw_118,Male,0.01917808,0.07671233,109.6997,1.0998903174618821
nigeria,draw_118,Female,0.0,0.01917808,109.6997,1.106912970924077
nigeria,draw_118,Male,0.0,0.01917808,109.6997,1.1119724685254675
nigeria,draw_118,Female,0.01917808,0.07671233,109.6997,1.0986661572092362
nigeria,draw_118,Male,0.01917808,0.07671233,109.6997,1.100670728608723
pakistan,draw_118,Female,0.0,0.01917808,109.6997,1.0858111394099628
pakistan,draw_118,Male,0.0,0.01917808,109.6997,1.094459142028682
pakistan,draw_118,Female,0.01917808,0.07671233,109.6997,1.0797816581399766
pakistan,draw_118,Male,0.01917808,0.07671233,109.6997,1.0878225699731343
ethiopia,draw_118,Female,0.0,0.01917808,109.80981,1.1094666063924066
ethiopia,draw_118,Male,0.0,0.01917808,109.80981,1.1065023973594625
ethiopia,draw_118,Female,0.01917808,0.07671233,109.80981,1.099295151467263
ethiopia,draw_118,Male,0.01917808,0.07671233,109.80981,1.0979922168234657
nigeria,draw_118,Female,0.0,0.01917808,109.80981,1.1050204752979886
nigeria,draw_118,Male,0.0,0.01917808,109.80981,1.110047458400286
nigeria,draw_118,Female,0.01917808,0.07671233,109.80981,1.096760114089593
nigeria,draw_118,Male,0.01917808,0.07671233,109.80981,1.0987466875117553
pakistan,draw_118,Female,0.0,0.01917808,109.80981,1.0841921397912742
pakistan,draw_118,Male,0.0,0.01917808,109.80981,1.0927652245278177
pakistan,draw_118,Female,0.01917808,0.07671233,109.80981,1.0781302006533695
pakistan,draw_118,Male,0.01917808,0.07671233,109.80981,1.0860894069328089
ethiopia,draw_118,Female,0.0,0.01917808,109.91992,1.1075268507504261
ethiopia,draw_118,Male,0.0,0.01917808,109.91992,1.1046412008516744
ethiopia,draw_118,Female,0.01917808,0.07671233,109.91992,1.09736125682797
ethiopia,draw_118,Male,0.01917808,0.07671233,109.91992,1.096108625270419
nigeria,draw_118,Female,0.0,0.01917808,109.91992,1.1031429561391108
nigeria,draw_118,Male,0.0,0.01917808,109.91992,1.1081373626771471
nigeria,draw_118,Female,0.01917808,0.07671233,109.91992,1.0948690158187468
nigeria,draw_118,Male,0.01917808,0.07671233,109.91992,1.0968376240478468
pakistan,draw_118,Female,0.0,0.01917808,109.91992,1.0825862216917084
pakistan,draw_118,Male,0.0,0.01917808,109.91992,1.0910842144519104
pakistan,draw_118,Female,0.01917808,0.07671233,109.91992,1.0764922193349193
pakistan,draw_118,Male,0.01917808,0.07671233,109.91992,1.0843698276759675
ethiopia,draw_118,Female,0.0,0.01917808,110.03003,1.10560198722702
ethiopia,draw_118,Male,0.0,0.01917808,110.03003,1.1027950064649839
ethiopia,draw_118,Female,0.01917808,0.07671233,110.03003,1.0954423100624564
ethiopia,draw_118,Male,0.01917808,0.07671233,110.03003,1.0942400342607914
nigeria,draw_118,Female,0.0,0.01917808,110.03003,1.1012791875433012
nigeria,draw_118,Male,0.0,0.01917808,110.03003,1.106241683063748
nigeria,draw_118,Female,0.01917808,0.07671233,110.03003,1.0929921586693836
nigeria,draw_118,Male,0.01917808,0.07671233,110.03003,1.094943241904964
pakistan,draw_118,Female,0.0,0.01917808,110.03003,1.0809935099083
pakistan,draw_118,Male,0.0,0.01917808,110.03003,1.0894175678511593
pakistan,draw_118,Female,0.01917808,0.07671233,110.03003,1.0748677797102715
pakistan,draw_118,Male,0.01917808,0.07671233,110.03003,1.082664713922406
ethiopia,draw_118,Female,0.0,0.01917808,110.14014,1.1036912386010371
ethiopia,draw_118,Male,0.0,0.01917808,110.14014,1.1009626190510573
ethiopia,draw_118,Female,0.01917808,0.07671233,110.14014,1.0935378446528874
ethiopia,draw_118,Male,0.01917808,0.07671233,110.14014,1.092385761256852
nigeria,draw_118,Female,0.0,0.01917808,110.14014,1.0994301333678813
nigeria,draw_118,Male,0.0,0.01917808,110.14014,1.1043610225832012
nigeria,draw_118,Female,0.01917808,0.07671233,110.14014,1.0911301072468766
nigeria,draw_118,Male,0.01917808,0.07671233,110.14014,1.0930638667509416
pakistan,draw_118,Female,0.0,0.01917808,110.14014,1.0794138692808026
pakistan,draw_118,Male,0.0,0.01917808,110.14014,1.087764198783535
pakistan,draw_118,Female,0.01917808,0.07671233,110.14014,1.0732568291247984
pakistan,draw_118,Male,0.01917808,0.07671233,110.14014,1.0809733764382683
ethiopia,draw_118,Female,0.0,0.01917808,110.25025,1.1017963750879318
ethiopia,draw_118,Male,0.0,0.01917808,110.25025,1.0991449199367378
ethiopia,draw_118,Female,0.01917808,0.07671233,110.25025,1.0916489179670903
ethiopia,draw_118,Male,0.01917808,0.07671233,110.25025,1.0905463514503433
nigeria,draw_118,Female,0.0,0.01917808,110.25025,1.0975959243793312
nigeria,draw_118,Male,0.0,0.01917808,110.25025,1.1024946680880703
nigeria,draw_118,Female,0.01917808,0.07671233,110.25025,1.0892829558820545
nigeria,draw_118,Male,0.01917808,0.07671233,110.25025,1.0911990613537144
pakistan,draw_118,Female,0.0,0.01917808,110.25025,1.0778467553510924
pakistan,draw_118,Male,0.0,0.01917808,110.25025,1.0861243618951872
pakistan,draw_118,Female,0.01917808,0.07671233,110.25025,1.0716590708767968
pakistan,draw_118,Male,0.01917808,0.07671233,110.25025,1.0792959961288635
ethiopia,draw_118,Female,0.0,0.01917808,110.36036,1.099915870954093
ethiopia,draw_118,Male,0.0,0.01917808,110.36036,1.097341885427055
ethiopia,draw_118,Female,0.01917808,0.07671233,110.36036,1.089774618544562
ethiopia,draw_118,Male,0.01917808,0.07671233,110.36036,1.088721767773252
nigeria,draw_118,Female,0.0,0.01917808,110.36036,1.0957761690012646
nigeria,draw_118,Male,0.0,0.01917808,110.36036,1.100643404596712
nigeria,draw_118,Female,0.01917808,0.07671233,110.36036,1.0874504744530624
nigeria,draw_118,Male,0.01917808,0.07671233,110.36036,1.0893493794007105
pakistan,draw_118,Female,0.0,0.01917808,110.36036,1.0762935424626587
pakistan,draw_118,Male,0.0,0.01917808,110.36036,1.0844978434374373
pakistan,draw_118,Female,0.01917808,0.07671233,110.36036,1.0700752601562353
pakistan,draw_118,Male,0.01917808,0.07671233,110.36036,1.0776324658950676
ethiopia,draw_118,Female,0.0,0.01917808,110.47047,1.0980521056604349
ethiopia,draw_118,Male,0.0,0.01917808,110.47047,1.0955553440465036
ethiopia,draw_118,Female,0.01917808,0.07671233,110.47047,1.0879170570779555
ethiopia,draw_118,Male,0.01917808,0.07671233,110.47047,1.0869138231378013
nigeria,draw_118,Female,0.0,0.01917808,110.47047,1.093972827127119
nigeria,draw_118,Male,0.0,0.01917808,110.47047,1.098808269091639
nigeria,draw_118,Female,0.01917808,0.07671233,110.47047,1.0856345240610827
nigeria,draw_118,Male,0.01917808,0.07671233,110.47047,1.08751608835074
pakistan,draw_118,Female,0.0,0.01917808,110.47047,1.0747553236778964
pakistan,draw_118,Male,0.0,0.01917808,110.47047,1.0828873526376552
pakistan,draw_118,Female,0.01917808,0.07671233,110.47047,1.068506772357514
pakistan,draw_118,Male,0.01917808,0.07671233,110.47047,1.0759851072408348
ethiopia,draw_118,Female,0.0,0.01917808,110.58058,1.0962038165287165
ethiopia,draw_118,Male,0.0,0.01917808,110.58058,1.0937834644821278
ethiopia,draw_118,Female,0.01917808,0.07671233,110.58058,1.0860750012296283
ethiopia,draw_118,Male,0.01917808,0.07671233,110.58058,1.0851209319093174
nigeria,draw_118,Female,0.0,0.01917808,110.58058,1.0921836191854988
nigeria,draw_118,Male,0.0,0.01917808,110.58058,1.0969883161207463
nigeria,draw_118,Female,0.01917808,0.07671233,110.58058,1.0838332416953642
nigeria,draw_118,Male,0.01917808,0.07671233,110.58058,1.0856981294358676
pakistan,draw_118,Female,0.0,0.01917808,110.58058,1.0732303017554958
pakistan,draw_118,Male,0.0,0.01917808,110.58058,1.0812903587556864
pakistan,draw_118,Female,0.01917808,0.07671233,110.58058,1.0669520720353067
pakistan,draw_118,Male,0.01917808,0.07671233,110.58058,1.0743518804195689
ethiopia,draw_118,Female,0.0,0.01917808,110.69069,1.094370341286681
ethiopia,draw_118,Male,0.0,0.01917808,110.69069,1.0920260122305812
ethiopia,draw_118,Female,0.01917808,0.07671233,110.69069,1.0842478625927798
ethiopia,draw_118,Male,0.01917808,0.07671233,110.69069,1.0833427363550858
nigeria,draw_118,Female,0.0,0.01917808,110.69069,1.0904100407921804
nigeria,draw_118,Male,0.0,0.01917808,110.69069,1.095183233987481
nigeria,draw_118,Female,0.01917808,0.07671233,110.69069,1.0820473523895975
nigeria,draw_118,Male,0.01917808,0.07671233,110.69069,1.0838950970344507
pakistan,draw_118,Female,0.0,0.01917808,110.69069,1.071718845415008
pakistan,draw_118,Male,0.0,0.01917808,110.69069,1.0797068785533153
pakistan,draw_118,Female,0.01917808,0.07671233,110.69069,1.0654111607976375
pakistan,draw_118,Male,0.01917808,0.07671233,110.69069,1.07273260702401
ethiopia,draw_118,Female,0.0,0.01917808,110.8008,1.092551136317648
ethiopia,draw_118,Male,0.0,0.01917808,110.8008,1.0902830627207323
ethiopia,draw_118,Female,0.01917808,0.07671233,110.8008,1.0824353249756018
ethiopia,draw_118,Male,0.01917808,0.07671233,110.8008,1.0815793038281185
nigeria,draw_118,Female,0.0,0.01917808,110.8008,1.088650749467196
nigeria,draw_118,Male,0.0,0.01917808,110.8008,1.0933932148680467
nigeria,draw_118,Female,0.01917808,0.07671233,110.8008,1.0802760556367808
nigeria,draw_118,Male,0.01917808,0.07671233,110.8008,1.082107149323145
pakistan,draw_118,Female,0.0,0.01917808,110.8008,1.0702205834554843
pakistan,draw_118,Male,0.0,0.01917808,110.8008,1.0781377859081018
pakistan,draw_118,Female,0.01917808,0.07671233,110.8008,1.0638838391516814
pakistan,draw_118,Male,0.01917808,0.07671233,110.8008,1.0711278450316548
ethiopia,draw_118,Female,0.0,0.01917808,110.91091,1.0907473375021064
ethiopia,draw_118,Male,0.0,0.01917808,110.91091,1.088555346282027
ethiopia,draw_118,Female,0.01917808,0.07671233,110.91091,1.0806380451979176
ethiopia,draw_118,Male,0.01917808,0.07671233,110.91091,1.0798310764077037
nigeria,draw_118,Female,0.0,0.01917808,110.91091,1.0869059898740867
nigeria,draw_118,Male,0.0,0.01917808,110.91091,1.0916175583319578
nigeria,draw_118,Female,0.01917808,0.07671233,110.91091,1.078519492620108
nigeria,draw_118,Male,0.01917808,0.07671233,110.91091,1.0803338607824557
pakistan,draw_118,Female,0.0,0.01917808,110.91091,1.0687357820362335
pakistan,draw_118,Male,0.0,0.01917808,110.91091,1.0765818949429131
pakistan,draw_118,Female,0.01917808,0.07671233,110.91091,1.062370253342582
pakistan,draw_118,Male,0.01917808,0.07671233,110.91091,1.069536801416819
ethiopia,draw_118,Female,0.0,0.01917808,111.02102,1.0889584889295827
ethiopia,draw_118,Male,0.0,0.01917808,111.02102,1.086841453623911
ethiopia,draw_118,Female,0.01917808,0.07671233,111.02102,1.0788557436250523
ethiopia,draw_118,Male,0.01917808,0.07671233,111.02102,1.0780972022805062
nigeria,draw_118,Female,0.0,0.01917808,111.02102,1.0851758685655963
nigeria,draw_118,Male,0.0,0.01917808,111.02102,1.089857311580812
nigeria,draw_118,Female,0.01917808,0.07671233,111.02102,1.0767777273411068
nigeria,draw_118,Male,0.01917808,0.07671233,111.02102,1.0785758597598423
pakistan,draw_118,Female,0.0,0.01917808,111.02102,1.0672639871882974
pakistan,draw_118,Male,0.0,0.01917808,111.02102,1.075039808547905
pakistan,draw_118,Female,0.01917808,0.07671233,111.02102,1.0608701322715257
pakistan,draw_118,Male,0.01917808,0.07671233,111.02102,1.067959913996106
ethiopia,draw_118,Female,0.0,0.01917808,111.13113,1.0871844867721225
ethiopia,draw_118,Male,0.0,0.01917808,111.13113,1.0851425042736988
ethiopia,draw_118,Female,0.01917808,0.07671233,111.13113,1.077088363017681
ethiopia,draw_118,Male,0.01917808,0.07671233,111.13113,1.0763783752272595
nigeria,draw_118,Female,0.0,0.01917808,111.13113,1.0834603856394995
nigeria,draw_118,Male,0.0,0.01917808,111.13113,1.0881110872854012
nigeria,draw_118,Female,0.01917808,0.07671233,111.13113,1.0750507388164632
nigeria,draw_118,Male,0.01917808,0.07671233,111.13113,1.0768322781238633
pakistan,draw_118,Female,0.0,0.01917808,111.13113,1.0658053364550804
pakistan,draw_118,Male,0.0,0.01917808,111.13113,1.073511203076518
pakistan,draw_118,Female,0.01917808,0.07671233,111.13113,1.0593835800432243
pakistan,draw_118,Male,0.01917808,0.07671233,111.13113,1.0663969592503197
ethiopia,draw_118,Female,0.0,0.01917808,111.24124,1.0854249897574602
ethiopia,draw_118,Male,0.0,0.01917808,111.24124,1.0834577454208858
ethiopia,draw_118,Female,0.01917808,0.07671233,111.24124,1.0753357163559947
ethiopia,draw_118,Male,0.01917808,0.07671233,111.24124,1.0746741260252843
nigeria,draw_118,Female,0.0,0.01917808,111.24124,1.0817596283054276
nigeria,draw_118,Male,0.0,0.01917808,111.24124,1.0863792193709598
nigeria,draw_118,Female,0.01917808,0.07671233,111.24124,1.0733386003572187
nigeria,draw_118,Male,0.01917808,0.07671233,111.24124,1.0751033381660051
pakistan,draw_118,Female,0.0,0.01917808,111.24124,1.0643600576237378
pakistan,draw_118,Male,0.0,0.01917808,111.24124,1.0719966460689556
pakistan,draw_118,Female,0.01917808,0.07671233,111.24124,1.0579107339447227
pakistan,draw_118,Male,0.01917808,0.07671233,111.24124,1.0648482999263107
ethiopia,draw_118,Female,0.0,0.01917808,111.35135,1.0836811289420576
ethiopia,draw_118,Male,0.0,0.01917808,111.35135,1.0817875287938092
ethiopia,draw_118,Female,0.01917808,0.07671233,111.35135,1.0735984830164849
ethiopia,draw_118,Male,0.01917808,0.07671233,111.35135,1.072984677920058
nigeria,draw_118,Female,0.0,0.01917808,111.35135,1.0800729306375627
nigeria,draw_118,Male,0.0,0.01917808,111.35135,1.0846628324875154
nigeria,draw_118,Female,0.01917808,0.07671233,111.35135,1.0716409400054077
nigeria,draw_118,Male,0.01917808,0.07671233,111.35135,1.0733897633426461
pakistan,draw_118,Female,0.0,0.01917808,111.35135,1.0629282745904116
pakistan,draw_118,Male,0.0,0.01917808,111.35135,1.0704954485309612
pakistan,draw_118,Female,0.01917808,0.07671233,111.35135,1.0564516859984074
pakistan,draw_118,Male,0.01917808,0.07671233,111.35135,1.063313499387011
ethiopia,draw_118,Female,0.0,0.01917808,111.46146,1.081952869523819
ethiopia,draw_118,Male,0.0,0.01917808,111.46146,1.080133401521696
ethiopia,draw_118,Female,0.01917808,0.07671233,111.46146,1.0718770694940791
ethiopia,draw_118,Male,0.01917808,0.07671233,111.46146,1.0713113625326434
nigeria,draw_118,Female,0.0,0.01917808,111.46146,1.0784025524331897
nigeria,draw_118,Male,0.0,0.01917808,111.46146,1.082962536525356
nigeria,draw_118,Female,0.01917808,0.07671233,111.46146,1.0699595046434727
nigeria,draw_118,Male,0.01917808,0.07671233,111.46146,1.0716923140538255
pakistan,draw_118,Female,0.0,0.01917808,111.46146,1.0615107353410311
pakistan,draw_118,Male,0.0,0.01917808,111.46146,1.0690096790687644
pakistan,draw_118,Female,0.01917808,0.07671233,111.46146,1.0550073182883206
pakistan,draw_118,Male,0.01917808,0.07671233,111.46146,1.0617942577052435
ethiopia,draw_118,Female,0.0,0.01917808,111.57157,1.0802405365052674
ethiopia,draw_118,Male,0.0,0.01917808,111.57157,1.0784947538712786
ethiopia,draw_118,Female,0.01917808,0.07671233,111.57157,1.0701717291022153
ethiopia,draw_118,Male,0.01917808,0.07671233,111.57157,1.0696538932131487
nigeria,draw_118,Female,0.0,0.01917808,111.57157,1.0767474603337894
nigeria,draw_118,Male,0.0,0.01917808,111.57157,1.0812773847238173
nigeria,draw_118,Female,0.01917808,0.07671233,111.57157,1.0682937866528692
nigeria,draw_118,Male,0.01917808,0.07671233,111.57157,1.0700104372987924
pakistan,draw_118,Female,0.0,0.01917808,111.57157,1.060108486859775
pakistan,draw_118,Male,0.0,0.01917808,111.57157,1.0675382600054928
pakistan,draw_118,Female,0.01917808,0.07671233,111.57157,1.0535783035959647
pakistan,draw_118,Male,0.01917808,0.07671233,111.57157,1.0602899746932841
ethiopia,draw_118,Female,0.0,0.01917808,111.68168,1.0785432912856998
ethiopia,draw_118,Male,0.0,0.01917808,111.68168,1.0768702946749469
ethiopia,draw_118,Female,0.01917808,0.07671233,111.68168,1.0684814783905379
ethiopia,draw_118,Male,0.01917808,0.07671233,111.68168,1.0680109922439456
nigeria,draw_118,Female,0.0,0.01917808,111.68168,1.0751071045144938
nigeria,draw_118,Male,0.0,0.01917808,111.68168,1.0796079644286585
nigeria,draw_118,Female,0.01917808,0.07671233,111.68168,1.0666429518875369
nigeria,draw_118,Male,0.01917808,0.07671233,111.68168,1.0683440550279641
pakistan,draw_118,Female,0.0,0.01917808,111.68168,1.058719266296243
pakistan,draw_118,Male,0.0,0.01917808,111.68168,1.066081448217869
pakistan,draw_118,Female,0.01917808,0.07671233,111.68168,1.0521628535671759
pakistan,draw_118,Male,0.01917808,0.07671233,111.68168,1.0588003607093959
ethiopia,draw_118,Female,0.0,0.01917808,111.79179,1.076861610908286
ethiopia,draw_118,Male,0.0,0.01917808,111.79179,1.075261296115199
ethiopia,draw_118,Female,0.01917808,0.07671233,111.79179,1.0668066047124363
ethiopia,draw_118,Male,0.01917808,0.07671233,111.79179,1.0663834333762674
nigeria,draw_118,Female,0.0,0.01917808,111.79179,1.0734813877676428
nigeria,draw_118,Male,0.0,0.01917808,111.79179,1.0779528892216992
nigeria,draw_118,Female,0.01917808,0.07671233,111.79179,1.0650069576055432
nigeria,draw_118,Male,0.01917808,0.07671233,111.79179,1.0666923067170464
pakistan,draw_118,Female,0.0,0.01917808,111.79179,1.0573430025410813
pakistan,draw_118,Male,0.0,0.01917808,111.79179,1.0646380469534154
pakistan,draw_118,Female,0.01917808,0.07671233,111.79179,1.0507608827259827
pakistan,draw_118,Male,0.01917808,0.07671233,111.79179,1.0573246746018046
ethiopia,draw_118,Female,0.0,0.01917808,111.9019,1.075194294637907
ethiopia,draw_118,Male,0.0,0.01917808,111.9019,1.0736661591147152
ethiopia,draw_118,Female,0.01917808,0.07671233,111.9019,1.0651463896000404
ethiopia,draw_118,Male,0.01917808,0.07671233,111.9019,1.0647702823066927
nigeria,draw_118,Female,0.0,0.01917808,111.9019,1.0718708630563543
nigeria,draw_118,Male,0.0,0.01917808,111.9019,1.076313310389651
nigeria,draw_118,Female,0.01917808,0.07671233,111.9019,1.0633861336495203
nigeria,draw_118,Male,0.01917808,0.07671233,111.9019,1.0650559070179404
pakistan,draw_118,Female,0.0,0.01917808,111.9019,1.0559804226114777
pakistan,draw_118,Male,0.0,0.01917808,111.9019,1.0632083542391983
pakistan,draw_118,Female,0.01917808,0.07671233,111.9019,1.0493728247035838
pakistan,draw_118,Male,0.01917808,0.07671233,111.9019,1.0558631387389652
ethiopia,draw_118,Female,0.0,0.01917808,112.01201,1.0735423071092487
ethiopia,draw_118,Male,0.0,0.01917808,112.01201,1.0720865460868005
ethiopia,draw_118,Female,0.01917808,0.07671233,112.01201,1.0635014402614407
ethiopia,draw_118,Male,0.01917808,0.07671233,112.01201,1.0631725458455084
nigeria,draw_118,Female,0.0,0.01917808,112.01201,1.0702748518651741
nigeria,draw_118,Male,0.0,0.01917808,112.01201,1.074688114178535
nigeria,draw_118,Female,0.01917808,0.07671233,112.01201,1.0617800856733082
nigeria,draw_118,Male,0.01917808,0.07671233,112.01201,1.063434171767255
pakistan,draw_118,Female,0.0,0.01917808,112.01201,1.0546316864950864
pakistan,draw_118,Male,0.0,0.01917808,112.01201,1.061793094298463
pakistan,draw_118,Female,0.01917808,0.07671233,112.01201,1.0479988315704711
pakistan,draw_118,Male,0.01917808,0.07671233,112.01201,1.0544161800793423
ethiopia,draw_118,Female,0.0,0.01917808,112.12212,1.0719047000992634
ethiopia,draw_118,Male,0.0,0.01917808,112.12212,1.0705212833012023
ethiopia,draw_118,Female,0.01917808,0.07671233,112.12212,1.0618711926459727
ethiopia,draw_118,Male,0.01917808,0.07671233,112.12212,1.0615894885587878
nigeria,draw_118,Female,0.0,0.01917808,112.12212,1.068692858648224
nigeria,draw_118,Male,0.0,0.01917808,112.12212,1.0730778052804226
nigeria,draw_118,Female,0.01917808,0.07671233,112.12212,1.0601885081633269
nigeria,draw_118,Male,0.01917808,0.07671233,112.12212,1.0618274310519433
pakistan,draw_118,Female,0.0,0.01917808,112.12212,1.0532959587170594
pakistan,draw_118,Male,0.0,0.01917808,112.12212,1.0603913754828196
pakistan,draw_118,Female,0.01917808,0.07671233,112.12212,1.0466384029295168
pakistan,draw_118,Male,0.01917808,0.07671233,112.12212,1.0529832753496062
ethiopia,draw_118,Female,0.0,0.01917808,112.23223,1.070282574530724
ethiopia,draw_118,Male,0.0,0.01917808,112.23223,1.068970283922063
ethiopia,draw_118,Female,0.01917808,0.07671233,112.23223,1.0602563232998687
ethiopia,draw_118,Male,0.01917808,0.07671233,112.23223,1.0600211106143758
nigeria,draw_118,Female,0.0,0.01917808,112.23223,1.0671263610694626
nigeria,draw_118,Male,0.0,0.01917808,112.23223,1.07148276416686
nigeria,draw_118,Female,0.01917808,0.07671233,112.23223,1.058612243353982
nigeria,draw_118,Male,0.01917808,0.07671233,112.23223,1.0602359122414737
pakistan,draw_118,Female,0.0,0.01917808,112.23223,1.051973802645037
pakistan,draw_118,Male,0.0,0.01917808,112.23223,1.0590035207086705
pakistan,draw_118,Female,0.01917808,0.07671233,112.23223,1.0452918719790298
pakistan,draw_118,Male,0.01917808,0.07671233,112.23223,1.051564632559937
ethiopia,draw_118,Female,0.0,0.01917808,112.34234,1.068675589821829
ethiopia,draw_118,Male,0.0,0.01917808,112.34234,1.0674345811530075
ethiopia,draw_118,Female,0.01917808,0.07671233,112.34234,1.058656607450143
ethiopia,draw_118,Male,0.01917808,0.07671233,112.34234,1.058468032874676
nigeria,draw_118,Female,0.0,0.01917808,112.34234,1.0655744337684836
nigeria,draw_118,Male,0.0,0.01917808,112.34234,1.0699023590262398
nigeria,draw_118,Female,0.01917808,0.07671233,112.34234,1.0570507535838978
nigeria,draw_118,Male,0.01917808,0.07671233,112.34234,1.058659241448247
pakistan,draw_118,Female,0.0,0.01917808,112.34234,1.0506655714246234
pakistan,draw_118,Male,0.0,0.01917808,112.34234,1.0576299879264301
pakistan,draw_118,Female,0.01917808,0.07671233,112.34234,1.0439594310501088
pakistan,draw_118,Male,0.01917808,0.07671233,112.34234,1.0501605263705978
ethiopia,draw_118,Female,0.0,0.01917808,112.45245,1.0670836992877604
ethiopia,draw_118,Male,0.0,0.01917808,112.45245,1.065913204294609
ethiopia,draw_118,Female,0.01917808,0.07671233,112.45245,1.0570721619186656
ethiopia,draw_118,Male,0.01917808,0.07671233,112.45245,1.056929797959789
nigeria,draw_118,Female,0.0,0.01917808,112.45245,1.0640380797848616
nigeria,draw_118,Male,0.0,0.01917808,112.45245,1.0683376112935568
nigeria,draw_118,Female,0.01917808,0.07671233,112.45245,1.0555047920159022
nigeria,draw_118,Male,0.01917808,0.07671233,112.45245,1.0570981887296536
pakistan,draw_118,Female,0.0,0.01917808,112.45245,1.0493711751319097
pakistan,draw_118,Male,0.0,0.01917808,112.45245,1.0562698889010518
pakistan,draw_118,Female,0.01917808,0.07671233,112.45245,1.0426411578316852
pakistan,draw_118,Male,0.01917808,0.07671233,112.45245,1.0487705041656683
ethiopia,draw_118,Female,0.0,0.01917808,112.56256,1.065509077279935
ethiopia,draw_118,Male,0.0,0.01917808,112.56256,1.0644091427814124
ethiopia,draw_118,Female,0.01917808,0.07671233,112.56256,1.0555049213806222
ethiopia,draw_118,Male,0.01917808,0.07671233,112.56256,1.0554088260756433
nigeria,draw_118,Female,0.0,0.01917808,112.56256,1.0625181434426716
nigeria,draw_118,Male,0.0,0.01917808,112.56256,1.0667895553091082
nigeria,draw_118,Female,0.01917808,0.07671233,112.56256,1.0539755372026378
nigeria,draw_118,Male,0.01917808,0.07671233,112.56256,1.0555540079275634
pakistan,draw_118,Female,0.0,0.01917808,112.56256,1.0480915722878192
pakistan,draw_118,Male,0.0,0.01917808,112.56256,1.0549265497185325
pakistan,draw_118,Female,0.01917808,0.07671233,112.56256,1.0413382771328423
pakistan,draw_118,Male,0.01917808,0.07671233,112.56256,1.0473972553179245
ethiopia,draw_118,Female,0.0,0.01917808,112.67267,1.0639493159448667
ethiopia,draw_118,Male,0.0,0.01917808,112.67267,1.0629197410144975
ethiopia,draw_118,Female,0.01917808,0.07671233,112.67267,1.0539526720227808
ethiopia,draw_118,Male,0.01917808,0.07671233,112.67267,1.0539027570812298
nigeria,draw_118,Female,0.0,0.01917808,112.67267,1.0610124812110584
nigeria,draw_118,Male,0.0,0.01917808,112.67267,1.0652562603529212
nigeria,draw_118,Female,0.01917808,0.07671233,112.67267,1.052460932267296
nigeria,draw_118,Male,0.01917808,0.07671233,112.67267,1.0540247380313976
pakistan,draw_118,Female,0.0,0.01917808,112.67267,1.0468265484483472
pakistan,draw_118,Male,0.0,0.01917808,112.67267,1.0535970886386306
pakistan,draw_118,Female,0.01917808,0.07671233,112.67267,1.0400498889031131
pakistan,draw_118,Male,0.01917808,0.07671233,112.67267,1.0460382532610497
ethiopia,draw_118,Female,0.0,0.01917808,112.78278,1.0624046618459608
ethiopia,draw_118,Male,0.0,0.01917808,112.78278,1.0614449684661023
ethiopia,draw_118,Female,0.01917808,0.07671233,112.78278,1.052415570362658
ethiopia,draw_118,Male,0.01917808,0.07671233,112.78278,1.052411571795751
nigeria,draw_118,Female,0.0,0.01917808,112.78278,1.0595221123992467
nigeria,draw_118,Male,0.0,0.01917808,112.78278,1.0637377221477369
nigeria,draw_118,Female,0.01917808,0.07671233,112.78278,1.0509615525662368
nigeria,draw_118,Male,0.01917808,0.07671233,112.78278,1.0525103805810607
pakistan,draw_118,Female,0.0,0.01917808,112.78278,1.045574769689966
pakistan,draw_118,Male,0.0,0.01917808,112.78278,1.0522816612435701
pakistan,draw_118,Female,0.01917808,0.07671233,112.78278,1.0387752497386014
pakistan,draw_118,Male,0.01917808,0.07671233,112.78278,1.0446936055533236
ethiopia,draw_118,Female,0.0,0.01917808,112.89289,1.0608750189625773
ethiopia,draw_118,Male,0.0,0.01917808,112.89289,1.0599847654082963
ethiopia,draw_118,Female,0.01917808,0.07671233,112.89289,1.050893553869392
ethiopia,draw_118,Male,0.01917808,0.07671233,112.89289,1.0509352465348483
nigeria,draw_118,Female,0.0,0.01917808,112.89289,1.0580459821076387
nigeria,draw_118,Male,0.0,0.01917808,112.89289,1.0622348248852407
nigeria,draw_118,Female,0.01917808,0.07671233,112.89289,1.0494767969467962
nigeria,draw_118,Male,0.01917808,0.07671233,112.89289,1.0510115175272083
pakistan,draw_118,Female,0.0,0.01917808,112.89289,1.044336675732042
pakistan,draw_118,Male,0.0,0.01917808,112.89289,1.0509802470009093
pakistan,draw_118,Female,0.01917808,0.07671233,112.89289,1.0375146085446458
pakistan,draw_118,Male,0.01917808,0.07671233,112.89289,1.0433633099440849
ethiopia,draw_118,Female,0.0,0.01917808,113.003,1.0593603375233929
ethiopia,draw_118,Male,0.0,0.01917808,113.003,1.058539519684295
ethiopia,draw_118,Female,0.01917808,0.07671233,113.003,1.0493865925680836
ethiopia,draw_118,Male,0.01917808,0.07671233,113.003,1.049473995029824
nigeria,draw_118,Female,0.0,0.01917808,113.003,1.0565849770385534
nigeria,draw_118,Male,0.0,0.01917808,113.003,1.0607466234069463
nigeria,draw_118,Female,0.01917808,0.07671233,113.003,1.0480071926304007
nigeria,draw_118,Male,0.01917808,0.07671233,113.003,1.049527551510721
pakistan,draw_118,Female,0.0,0.01917808,113.003,1.0431119778297315
pakistan,draw_118,Male,0.0,0.01917808,113.003,1.0496930349878364
pakistan,draw_118,Female,0.01917808,0.07671233,113.003,1.036267785806816
pakistan,draw_118,Male,0.01917808,0.07671233,113.003,1.0420474748153314
ethiopia,draw_118,Female,0.0,0.01917808,113.11311,1.0578610644069646
ethiopia,draw_118,Male,0.0,0.01917808,113.11311,1.0571092029221982
ethiopia,draw_118,Female,0.01917808,0.07671233,113.11311,1.0478949364582568
ethiopia,draw_118,Male,0.01917808,0.07671233,113.11311,1.048027813430664
nigeria,draw_118,Female,0.0,0.01917808,113.11311,1.0551394253390203
nigeria,draw_118,Male,0.0,0.01917808,113.11311,1.0592732349273832
nigeria,draw_118,Female,0.01917808,0.07671233,113.11311,1.0465529319456361
nigeria,draw_118,Male,0.01917808,0.07671233,113.11311,1.0480585515650525
pakistan,draw_118,Female,0.0,0.01917808,113.11311,1.0419016004289858
pakistan,draw_118,Male,0.0,0.01917808,113.11311,1.048419591681659
pakistan,draw_118,Female,0.01917808,0.07671233,113.11311,1.035035338867304
pakistan,draw_118,Male,0.01917808,0.07671233,113.11311,1.0407458354859678
ethiopia,draw_118,Female,0.0,0.01917808,113.22322,1.0563771991763307
ethiopia,draw_118,Male,0.0,0.01917808,113.22322,1.0556937491144103
ethiopia,draw_118,Female,0.01917808,0.07671233,113.22322,1.0464186074749098
ethiopia,draw_118,Male,0.01917808,0.07671233,113.22322,1.0465966811055167
nigeria,draw_118,Female,0.0,0.01917808,113.22322,1.0537078657995689
nigeria,draw_118,Male,0.0,0.01917808,113.22322,1.057814936630321
nigeria,draw_118,Female,0.01917808,0.07671233,113.22322,1.0451131508557934
nigeria,draw_118,Male,0.01917808,0.07671233,113.22322,1.046604721856838
pakistan,draw_118,Female,0.0,0.01917808,113.22322,1.040705127241115
pakistan,draw_118,Male,0.0,0.01917808,113.22322,1.047160703543931
pakistan,draw_118,Female,0.01917808,0.07671233,113.22322,1.0338170596604572
pakistan,draw_118,Male,0.01917808,0.07671233,113.22322,1.0394588902190869
ethiopia,draw_118,Female,0.0,0.01917808,113.33333,1.0549084630407193
ethiopia,draw_118,Male,0.0,0.01917808,113.33333,1.0542934618611282
ethiopia,draw_118,Female,0.01917808,0.07671233,113.33333,1.0449574398573325
ethiopia,draw_118,Male,0.01917808,0.07671233,113.33333,1.0451807891761888
nigeria,draw_118,Female,0.0,0.01917808,113.33333,1.052291586658521
nigeria,draw_118,Male,0.0,0.01917808,113.33333,1.056371648212199
nigeria,draw_118,Female,0.01917808,0.07671233,113.33333,1.0436886444576468
nigeria,draw_118,Male,0.01917808,0.07671233,113.33333,1.045166008982833
pakistan,draw_118,Female,0.0,0.01917808,113.33333,1.0395221905403544
pakistan,draw_118,Male,0.0,0.01917808,113.33333,1.0459164736092392
pakistan,draw_118,Female,0.01917808,0.07671233,113.33333,1.0326127606320363
pakistan,draw_118,Male,0.01917808,0.07671233,113.33333,1.0381867128035263
ethiopia,draw_118,Female,0.0,0.01917808,113.44344,1.0534540253911444
ethiopia,draw_118,Male,0.0,0.01917808,113.44344,1.052907275987936
ethiopia,draw_118,Female,0.01917808,0.07671233,113.44344,1.0435109416070882
ethiopia,draw_118,Male,0.01917808,0.07671233,113.44344,1.0437794617733573
nigeria,draw_118,Female,0.0,0.01917808,113.44344,1.050889784972383
nigeria,draw_118,Male,0.0,0.01917808,113.44344,1.0549436357913644
nigeria,draw_118,Female,0.01917808,0.07671233,113.44344,1.0422789236037575
nigeria,draw_118,Male,0.01917808,0.07671233,113.44344,1.0437425826338633
pakistan,draw_118,Female,0.0,0.01917808,113.44344,1.0383527017502248
pakistan,draw_118,Male,0.0,0.01917808,113.44344,1.0446859147455902
pakistan,draw_118,Female,0.01917808,0.07671233,113.44344,1.0314223702628376
pakistan,draw_118,Male,0.01917808,0.07671233,113.44344,1.036928710908473
ethiopia,draw_118,Female,0.0,0.01917808,113.55355,1.0520174460494953
ethiopia,draw_118,Male,0.0,0.01917808,113.55355,1.0515384086616488
ethiopia,draw_118,Female,0.01917808,0.07671233,113.55355,1.0420819770515282
ethiopia,draw_118,Male,0.01917808,0.07671233,113.55355,1.0423953963641097
nigeria,draw_118,Female,0.0,0.01917808,113.55355,1.0495048523190027
nigeria,draw_118,Male,0.0,0.01917808,113.55355,1.0535326529326166
nigeria,draw_118,Female,0.01917808,0.07671233,113.55355,1.0408861138706937
nigeria,draw_118,Male,0.01917808,0.07671233,113.55355,1.0423361953542976
pakistan,draw_118,Female,0.0,0.01917808,113.55355,1.037199462233235
pakistan,draw_118,Male,0.0,0.01917808,113.55355,1.0434712121307375
pakistan,draw_118,Female,0.01917808,0.07671233,113.55355,1.0302482426640587
pakistan,draw_118,Male,0.01917808,0.07671233,113.55355,1.0356869352676885
ethiopia,draw_118,Female,0.0,0.01917808,113.66366,1.0505961458840054
ethiopia,draw_118,Male,0.0,0.01917808,113.66366,1.0501847354937723
ethiopia,draw_118,Female,0.01917808,0.07671233,113.66366,1.0406684128441184
ethiopia,draw_118,Male,0.01917808,0.07671233,113.66366,1.0410267205511288
nigeria,draw_118,Female,0.0,0.01917808,113.66366,1.0481353064679724
nigeria,draw_118,Male,0.0,0.01917808,113.66366,1.0521363677786635
nigeria,draw_118,Female,0.01917808,0.07671233,113.66366,1.03950873575179
nigeria,draw_118,Male,0.01917808,0.07671233,113.66366,1.0409448290968306
pakistan,draw_118,Female,0.0,0.01917808,113.66366,1.036059616544784
pakistan,draw_118,Male,0.0,0.01917808,113.66366,1.0422707798699065
pakistan,draw_118,Female,0.01917808,0.07671233,113.66366,1.0290880945427985
pakistan,draw_118,Male,0.01917808,0.07671233,113.66366,1.0344598283775617
ethiopia,draw_118,Female,0.0,0.01917808,113.77377,1.0491893763461413
ethiopia,draw_118,Male,0.0,0.01917808,113.77377,1.0488453955188544
ethiopia,draw_118,Female,0.01917808,0.07671233,113.77377,1.0392696293985269
ethiopia,draw_118,Male,0.01917808,0.07671233,113.77377,1.039672751177442
nigeria,draw_118,Female,0.0,0.01917808,113.77377,1.046780157602634
nigeria,draw_118,Male,0.0,0.01917808,113.77377,1.0507558303013462
nigeria,draw_118,Female,0.01917808,0.07671233,113.77377,1.0381460651165975
nigeria,draw_118,Male,0.01917808,0.07671233,113.77377,1.0395689866987723
pakistan,draw_118,Female,0.0,0.01917808,113.77377,1.0349345013364208
pakistan,draw_118,Male,0.0,0.01917808,113.77377,1.0410843631220896
pakistan,draw_118,Female,0.01917808,0.07671233,113.77377,1.0279425898716124
pakistan,draw_118,Male,0.01917808,0.07671233,113.77377,1.033247089472706
ethiopia,draw_118,Female,0.0,0.01917808,113.88388,1.0477985307961983
ethiopia,draw_118,Male,0.0,0.01917808,113.88388,1.0475212729776213
ethiopia,draw_118,Female,0.01917808,0.07671233,113.88388,1.0378864690112273
ethiopia,draw_118,Male,0.01917808,0.07671233,113.88388,1.038333997950125
nigeria,draw_118,Female,0.0,0.01917808,113.88388,1.0454401335699168
nigeria,draw_118,Male,0.0,0.01917808,113.88388,1.0493899972437826
nigeria,draw_118,Female,0.01917808,0.07671233,113.88388,1.0367985387344496
nigeria,draw_118,Male,0.01917808,0.07671233,113.88388,1.0382080074340123
pakistan,draw_118,Female,0.0,0.01917808,113.88388,1.0338221217831907
pakistan,draw_118,Male,0.0,0.01917808,113.88388,1.0399123535130543
pakistan,draw_118,Female,0.01917808,0.07671233,113.88388,1.0268105541915276
pakistan,draw_118,Male,0.01917808,0.07671233,113.88388,1.0320489333790406
ethiopia,draw_118,Female,0.0,0.01917808,113.99399,1.0464221116197128
ethiopia,draw_118,Male,0.0,0.01917808,113.99399,1.046211906103159
ethiopia,draw_118,Female,0.01917808,0.07671233,113.99399,1.0365180291420768
ethiopia,draw_118,Male,0.01917808,0.07671233,113.99399,1.037010248930054
nigeria,draw_118,Female,0.0,0.01917808,113.99399,1.0441153124750362
nigeria,draw_118,Male,0.0,0.01917808,113.99399,1.0480391345389868
nigeria,draw_118,Female,0.01917808,0.07671233,113.99399,1.0354662373901895
nigeria,draw_118,Male,0.01917808,0.07671233,113.99399,1.0368620966731317
pakistan,draw_118,Female,0.0,0.01917808,113.99399,1.032724179471047
pakistan,draw_118,Male,0.0,0.01917808,113.99399,1.0387544996170721
pakistan,draw_118,Female,0.01917808,0.07671233,113.99399,1.0256930014845236
pakistan,draw_118,Male,0.01917808,0.07671233,113.99399,1.0308652501824447
ethiopia,draw_118,Female,0.0,0.01917808,114.1041,1.0450615078973695
ethiopia,draw_118,Male,0.0,0.01917808,114.1041,1.0449167262099752
ethiopia,draw_118,Female,0.01917808,0.07671233,114.1041,1.035165183541017
ethiopia,draw_118,Male,0.01917808,0.07671233,114.1041,1.0357011336795485
nigeria,draw_118,Female,0.0,0.01917808,114.1041,1.042804545074226
nigeria,draw_118,Male,0.0,0.01917808,114.1041,1.0467035741778647
nigeria,draw_118,Female,0.01917808,0.07671233,114.1041,1.034148435141842
nigeria,draw_118,Male,0.01917808,0.07671233,114.1041,1.0355314693911735
pakistan,draw_118,Female,0.0,0.01917808,114.1041,1.03163925553318
pakistan,draw_118,Male,0.0,0.01917808,114.1041,1.037610593185315
pakistan,draw_118,Female,0.01917808,0.07671233,114.1041,1.0245890710461671
pakistan,draw_118,Male,0.01917808,0.07671233,114.1041,1.0296958999898425
ethiopia,draw_118,Female,0.0,0.01917808,114.21421,1.0437150172715564
ethiopia,draw_118,Male,0.0,0.01917808,114.21421,1.043636824297212
ethiopia,draw_118,Female,0.01917808,0.07671233,114.21421,1.0338268922196985
ethiopia,draw_118,Male,0.01917808,0.07671233,114.21421,1.0344073301319514
nigeria,draw_118,Female,0.0,0.01917808,114.21421,1.0415092708400542
nigeria,draw_118,Male,0.0,0.01917808,114.21421,1.0453826039882939
nigeria,draw_118,Female,0.01917808,0.07671233,114.21421,1.0328460113944782
nigeria,draw_118,Male,0.01917808,0.07671233,114.21421,1.0342156803112847
pakistan,draw_118,Female,0.0,0.01917808,114.21421,1.0305687482595876
pakistan,draw_118,Male,0.0,0.01917808,114.21421,1.0364805103107468
pakistan,draw_118,Female,0.01917808,0.07671233,114.21421,1.0234996192209311
pakistan,draw_118,Male,0.01917808,0.07671233,114.21421,1.0285408223234573
ethiopia,draw_118,Female,0.0,0.01917808,114.32432,1.0423847539417535
ethiopia,draw_118,Male,0.0,0.01917808,114.32432,1.0423720735627524
ethiopia,draw_118,Female,0.01917808,0.07671233,114.32432,1.0325044443273044
ethiopia,draw_118,Male,0.01917808,0.07671233,114.32432,1.033128757625608
nigeria,draw_118,Female,0.0,0.01917808,114.32432,1.0402281978988113
nigeria,draw_118,Male,0.0,0.01917808,114.32432,1.044076872493364
nigeria,draw_118,Female,0.01917808,0.07671233,114.32432,1.0315582317698737
nigeria,draw_118,Male,0.01917808,0.07671233,114.32432,1.0329151324039152
pakistan,draw_118,Female,0.0,0.01917808,114.32432,1.0295116719402584
pakistan,draw_118,Male,0.0,0.01917808,114.32432,1.035364781126934
pakistan,draw_118,Female,0.01917808,0.07671233,114.32432,1.0224240701751381
pakistan,draw_118,Male,0.01917808,0.07671233,114.32432,1.02740035631833
ethiopia,draw_118,Female,0.0,0.01917808,114.43443,1.0410689532600241
ethiopia,draw_118,Male,0.0,0.01917808,114.43443,1.0411212465296884
ethiopia,draw_118,Female,0.01917808,0.07671233,114.43443,1.0311967770592445
ethiopia,draw_118,Male,0.01917808,0.07671233,114.43443,1.0318646768026944
nigeria,draw_118,Female,0.0,0.01917808,114.43443,1.0389627983963985
nigeria,draw_118,Male,0.0,0.01917808,114.43443,1.0427860541173508
nigeria,draw_118,Female,0.01917808,0.07671233,114.43443,1.0302859629014414
nigeria,draw_118,Male,0.01917808,0.07671233,114.43443,1.031629628646691
pakistan,draw_118,Female,0.0,0.01917808,114.43443,1.0284682449909417
pakistan,draw_118,Male,0.0,0.01917808,114.43443,1.034263520692227
pakistan,draw_118,Female,0.01917808,0.07671233,114.43443,1.0213625347708246
pakistan,draw_118,Male,0.01917808,0.07671233,114.43443,1.0262745814043304
ethiopia,draw_118,Female,0.0,0.01917808,114.54454,1.0397697793328073
ethiopia,draw_118,Male,0.0,0.01917808,114.54454,1.0398868574552715
ethiopia,draw_118,Female,0.01917808,0.07671233,114.54454,1.029905648646656
ethiopia,draw_118,Male,0.01917808,0.07671233,114.54454,1.0306170657310647
nigeria,draw_118,Female,0.0,0.01917808,114.54454,1.0377125588063647
nigeria,draw_118,Male,0.0,0.01917808,114.54454,1.0415120435581873
nigeria,draw_118,Female,0.01917808,0.07671233,114.54454,1.029029359812446
nigeria,draw_118,Male,0.01917808,0.07671233,114.54454,1.03036079441691
pakistan,draw_118,Female,0.0,0.01917808,114.54454,1.027440007235218
pakistan,draw_118,Male,0.0,0.01917808,114.54454,1.0331776128443415
pakistan,draw_118,Female,0.01917808,0.07671233,114.54454,1.0203163661583499
pakistan,draw_118,Male,0.01917808,0.07671233,114.54454,1.025164448735598
ethiopia,draw_118,Female,0.0,0.01917808,114.65465,1.03848662065131
ethiopia,draw_118,Male,0.0,0.01917808,114.65465,1.038669114067123
ethiopia,draw_118,Female,0.01917808,0.07671233,114.65465,1.028630674590673
ethiopia,draw_118,Male,0.01917808,0.07671233,114.65465,1.0293860088311646
nigeria,draw_118,Female,0.0,0.01917808,114.65465,1.0364788824959137
nigeria,draw_118,Male,0.0,0.01917808,114.65465,1.0402536083607734
nigeria,draw_118,Female,0.01917808,0.07671233,114.65465,1.0277892377017115
nigeria,draw_118,Male,0.01917808,0.07671233,114.65465,1.0291077948775074
pakistan,draw_118,Female,0.0,0.01917808,114.65465,1.0264265118786229
pakistan,draw_118,Male,0.0,0.01917808,114.65465,1.0321067749891377
pakistan,draw_118,Female,0.01917808,0.07671233,114.65465,1.0192853276511478
pakistan,draw_118,Male,0.01917808,0.07671233,114.65465,1.0240697968839274
ethiopia,draw_118,Female,0.0,0.01917808,114.76476,1.0372184994971494
ethiopia,draw_118,Male,0.0,0.01917808,114.76476,1.0374649524104205
ethiopia,draw_118,Female,0.01917808,0.07671233,114.76476,1.0273708645944055
ethiopia,draw_118,Male,0.01917808,0.07671233,114.76476,1.0281692348608522
nigeria,draw_118,Female,0.0,0.01917808,114.76476,1.035260452372244
nigeria,draw_118,Male,0.0,0.01917808,114.76476,1.0390105254684712
nigeria,draw_118,Female,0.01917808,0.07671233,114.76476,1.026564386531156
nigeria,draw_118,Male,0.01917808,0.07671233,114.76476,1.027870115416638
pakistan,draw_118,Female,0.0,0.01917808,114.76476,1.0254276303567136
pakistan,draw_118,Male,0.0,0.01917808,114.76476,1.031049974381152
pakistan,draw_118,Female,0.01917808,0.07671233,114.76476,1.018268891918704
pakistan,draw_118,Male,0.01917808,0.07671233,114.76476,1.022989560082261
ethiopia,draw_118,Female,0.0,0.01917808,114.87487,1.035965612777843
ethiopia,draw_118,Male,0.0,0.01917808,114.87487,1.0362760750135498
ethiopia,draw_118,Female,0.01917808,0.07671233,114.87487,1.0261263176854654
ethiopia,draw_118,Male,0.01917808,0.07671233,114.87487,1.0269677803571127
nigeria,draw_118,Female,0.0,0.01917808,114.87487,1.0340557436892237
nigeria,draw_118,Male,0.0,0.01917808,114.87487,1.0377822917819068
nigeria,draw_118,Female,0.01917808,0.07671233,114.87487,1.025353882058139
nigeria,draw_118,Male,0.01917808,0.07671233,114.87487,1.0266474536287928
pakistan,draw_118,Female,0.0,0.01917808,114.87487,1.024441552576874
pakistan,draw_118,Male,0.0,0.01917808,114.87487,1.0300075001501334
pakistan,draw_118,Female,0.01917808,0.07671233,114.87487,1.017266023310213
pakistan,draw_118,Male,0.01917808,0.07671233,114.87487,1.0219239204492483
ethiopia,draw_118,Female,0.0,0.01917808,114.98498,1.0347275400806824
ethiopia,draw_118,Male,0.0,0.01917808,114.98498,1.03510204295714
ethiopia,draw_118,Female,0.01917808,0.07671233,114.98498,1.024896797624724
ethiopia,draw_118,Male,0.01917808,0.07671233,114.98498,1.0257814084784678
nigeria,draw_118,Female,0.0,0.01917808,114.98498,1.0328661081519575
nigeria,draw_118,Male,0.0,0.01917808,114.98498,1.0365688578164804
nigeria,draw_118,Female,0.01917808,0.07671233,114.98498,1.0241585540355336
nigeria,draw_118,Male,0.01917808,0.07671233,114.98498,1.0254397935519828
pakistan,draw_118,Female,0.0,0.01917808,114.98498,1.0234696236986778
pakistan,draw_118,Male,0.0,0.01917808,114.98498,1.0289795769491223
pakistan,draw_118,Female,0.01917808,0.07671233,114.98498,1.016277548585679
pakistan,draw_118,Male,0.01917808,0.07671233,114.98498,1.0208730538862494
ethiopia,draw_118,Female,0.0,0.01917808,115.0951,1.0335048613245388
ethiopia,draw_118,Male,0.0,0.01917808,115.0951,1.033942237512911
ethiopia,draw_118,Female,0.01917808,0.07671233,115.0951,1.0236826071378136
ethiopia,draw_118,Male,0.01917808,0.07671233,115.0951,1.0246096686223245
nigeria,draw_118,Female,0.0,0.01917808,115.0951,1.0316911284329564
nigeria,draw_118,Male,0.0,0.01917808,115.0951,1.0353703060178507
nigeria,draw_118,Female,0.01917808,0.07671233,115.0951,1.0229781125612505
nigeria,draw_118,Male,0.01917808,0.07671233,115.0951,1.0242471183748973
pakistan,draw_118,Female,0.0,0.01917808,115.0951,1.0225114962652495
pakistan,draw_118,Male,0.0,0.01917808,115.0951,1.0279649372602282
pakistan,draw_118,Female,0.01917808,0.07671233,115.0951,1.0153032299515927
pakistan,draw_118,Male,0.01917808,0.07671233,115.0951,1.0198361157820945
ethiopia,draw_118,Female,0.0,0.01917808,115.20521,1.0322970777330924
ethiopia,draw_118,Male,0.0,0.01917808,115.20521,1.0327981234506012
ethiopia,draw_118,Female,0.01917808,0.07671233,115.20521,1.0224835210846057
ethiopia,draw_118,Male,0.01917808,0.07671233,115.20521,1.0234535550031314
nigeria,draw_118,Female,0.0,0.01917808,115.20521,1.0305311508114372
nigeria,draw_118,Male,0.0,0.01917808,115.20521,1.0341870603520777
nigeria,draw_118,Female,0.01917808,0.07671233,115.20521,1.0218128522049181
nigeria,draw_118,Male,0.01917808,0.07671233,115.20521,1.0230698004925578
pakistan,draw_118,Female,0.0,0.01917808,115.20521,1.0215672479246727
pakistan,draw_118,Male,0.0,0.01917808,115.20521,1.0269653981791402
pakistan,draw_118,Female,0.01917808,0.07671233,115.20521,1.0143431791680253
pakistan,draw_118,Male,0.01917808,0.07671233,115.20521,1.018814312480881
ethiopia,draw_118,Female,0.0,0.01917808,115.31532,1.0311046323092112
ethiopia,draw_118,Male,0.0,0.01917808,115.31532,1.0316677546884558
ethiopia,draw_118,Female,0.01917808,0.07671233,115.31532,1.0212997691525914
ethiopia,draw_118,Male,0.01917808,0.07671233,115.31532,1.0223118441750976
nigeria,draw_118,Female,0.0,0.01917808,115.31532,1.0293859935642038
nigeria,draw_118,Male,0.0,0.01917808,115.31532,1.0330192541268037
nigeria,draw_118,Female,0.01917808,0.07671233,115.31532,1.02066258856067
nigeria,draw_118,Male,0.01917808,0.07671233,115.31532,1.0219078828920503
pakistan,draw_118,Female,0.0,0.01917808,115.31532,1.0206369403385678
pakistan,draw_118,Male,0.0,0.01917808,115.31532,1.0259793430929778
pakistan,draw_118,Female,0.01917808,0.07671233,115.31532,1.013397367367075
pakistan,draw_118,Male,0.01917808,0.07671233,115.31532,1.017806574437742
ethiopia,draw_118,Female,0.0,0.01917808,115.42543,1.0299266866034544
ethiopia,draw_118,Male,0.0,0.01917808,115.42543,1.030552954172892
ethiopia,draw_118,Female,0.01917808,0.07671233,115.42543,1.0201308617665932
ethiopia,draw_118,Male,0.01917808,0.07671233,115.42543,1.0211856513724324
nigeria,draw_118,Female,0.0,0.01917808,115.42543,1.0282560395116063
nigeria,draw_118,Male,0.0,0.01917808,115.42543,1.0318662724365861
nigeria,draw_118,Female,0.01917808,0.07671233,115.42543,1.0195275602490006
nigeria,draw_118,Male,0.01917808,0.07671233,115.42543,1.0207609773191724
pakistan,draw_118,Female,0.0,0.01917808,115.42543,1.0197208302498697
pakistan,draw_118,Male,0.0,0.01917808,115.42543,1.0250081267048976
pakistan,draw_118,Female,0.01917808,0.07671233,115.42543,1.0124659505682463
pakistan,draw_118,Male,0.01917808,0.07671233,115.42543,1.0168137910335684
ethiopia,draw_118,Female,0.0,0.01917808,115.53554,1.0287647737071206
ethiopia,draw_118,Male,0.0,0.01917808,115.53554,1.0294536546600175
ethiopia,draw_118,Female,0.01917808,0.07671233,115.53554,1.0189779027070716
ethiopia,draw_118,Male,0.01917808,0.07671233,115.53554,1.020075130930607
nigeria,draw_118,Female,0.0,0.01917808,115.53554,1.0271405364705561
nigeria,draw_118,Male,0.0,0.01917808,115.53554,1.030728707430694
nigeria,draw_118,Female,0.01917808,0.07671233,115.53554,1.0184075220121227
nigeria,draw_118,Male,0.01917808,0.07671233,115.53554,1.019629623455049
pakistan,draw_118,Female,0.0,0.01917808,115.53554,1.0188188168807348
pakistan,draw_118,Male,0.0,0.01917808,115.53554,1.0240514833548908
pakistan,draw_118,Female,0.01917808,0.07671233,115.53554,1.0115490893137786
pakistan,draw_118,Male,0.01917808,0.07671233,115.53554,1.0158359600459073
ethiopia,draw_118,Female,0.0,0.01917808,115.64565,1.02761965933386
ethiopia,draw_118,Male,0.0,0.01917808,115.64565,1.0283701892561337
ethiopia,draw_118,Female,0.01917808,0.07671233,115.64565,1.0178419018770701
ethiopia,draw_118,Male,0.01917808,0.07671233,115.64565,1.0189809914446872
nigeria,draw_118,Female,0.0,0.01917808,115.64565,1.0260425417639742
nigeria,draw_118,Male,0.0,0.01917808,115.64565,1.0296075176294286
nigeria,draw_118,Female,0.01917808,0.07671233,115.64565,1.017304848094747
nigeria,draw_118,Male,0.01917808,0.07671233,115.64565,1.018514921141893
pakistan,draw_118,Female,0.0,0.01917808,115.64565,1.0179328501297948
pakistan,draw_118,Male,0.0,0.01917808,115.64565,1.0231109135897503
pakistan,draw_118,Female,0.01917808,0.07671233,115.64565,1.0106484788155667
pakistan,draw_118,Male,0.01917808,0.07671233,115.64565,1.0148745121787237
ethiopia,draw_118,Female,0.0,0.01917808,115.75576,1.0264897504778445
ethiopia,draw_118,Male,0.0,0.01917808,115.75576,1.0273020227416716
ethiopia,draw_118,Female,0.01917808,0.07671233,115.75576,1.016721177274976
ethiopia,draw_118,Male,0.01917808,0.07671233,115.75576,1.0179021956196832
nigeria,draw_118,Female,0.0,0.01917808,115.75576,1.0249591647089495
nigeria,draw_118,Male,0.0,0.01917808,115.75576,1.0285025495943236
nigeria,draw_118,Female,0.01917808,0.07671233,115.75576,1.016217105996654
nigeria,draw_118,Male,0.01917808,0.07671233,115.75576,1.0174161646353834
pakistan,draw_118,Female,0.0,0.01917808,115.75576,1.017060907166375
pakistan,draw_118,Male,0.0,0.01917808,115.75576,1.0221846384127977
pakistan,draw_118,Female,0.01917808,0.07671233,115.75576,1.0097622281409855
pakistan,draw_118,Male,0.01917808,0.07671233,115.75576,1.0139276761632632
ethiopia,draw_118,Female,0.0,0.01917808,115.86587,1.0253748855875136
ethiopia,draw_118,Male,0.0,0.01917808,115.86587,1.0262491629720791
ethiopia,draw_118,Female,0.01917808,0.07671233,115.86587,1.0156156374750682
ethiopia,draw_118,Male,0.01917808,0.07671233,115.86587,1.016838759381754
nigeria,draw_118,Female,0.0,0.01917808,115.86587,1.0238906376474342
nigeria,draw_118,Male,0.0,0.01917808,115.86587,1.0274124545922234
nigeria,draw_118,Female,0.01917808,0.07671233,115.86587,1.0151444385258852
nigeria,draw_118,Male,0.01917808,0.07671233,115.86587,1.0163324739881183
pakistan,draw_118,Female,0.0,0.01917808,115.86587,1.0162029319715624
pakistan,draw_118,Male,0.0,0.01917808,115.86587,1.0212730438478133
pakistan,draw_118,Female,0.01917808,0.07671233,115.86587,1.008890314947501
pakistan,draw_118,Male,0.01917808,0.07671233,115.86587,1.012995704130201
ethiopia,draw_118,Female,0.0,0.01917808,115.97598,1.024275010800531
ethiopia,draw_118,Male,0.0,0.01917808,115.97598,1.0252104108873308
ethiopia,draw_118,Female,0.01917808,0.07671233,115.97598,1.014525240357786
ethiopia,draw_118,Male,0.01917808,0.07671233,115.97598,1.0157899358583258
nigeria,draw_118,Female,0.0,0.01917808,115.97598,1.0228367016276048
nigeria,draw_118,Male,0.0,0.01917808,115.97598,1.0263367818754567
nigeria,draw_118,Female,0.01917808,0.07671233,115.97598,1.014086661855755
nigeria,draw_118,Male,0.01917808,0.07671233,115.97598,1.0152635670966728
pakistan,draw_118,Female,0.0,0.01917808,115.97598,1.01535900859737
pakistan,draw_118,Male,0.0,0.01917808,115.97598,1.0203753477747466
pakistan,draw_118,Female,0.01917808,0.07671233,115.97598,1.0080327481627076
pakistan,draw_118,Male,0.01917808,0.07671233,115.97598,1.0120780789220722
ethiopia,draw_118,Female,0.0,0.01917808,116.08609,1.0231907151923008
ethiopia,draw_118,Male,0.0,0.01917808,116.08609,1.0241873271991235
ethiopia,draw_118,Female,0.01917808,0.07671233,116.08609,1.013450310528311
ethiopia,draw_118,Male,0.01917808,0.07671233,116.08609,1.0147566884941273
nigeria,draw_118,Female,0.0,0.01917808,116.08609,1.0217980052747822
nigeria,draw_118,Male,0.0,0.01917808,116.08609,1.0252763356724477
nigeria,draw_118,Female,0.01917808,0.07671233,116.08609,1.013044139311712
nigeria,draw_118,Male,0.01917808,0.07671233,116.08609,1.014209920437809
pakistan,draw_118,Female,0.0,0.01917808,116.08609,1.0145290048038609
pakistan,draw_118,Male,0.0,0.01917808,116.08609,1.0194923382144816
pakistan,draw_118,Female,0.01917808,0.07671233,116.08609,1.007189384589185
pakistan,draw_118,Male,0.01917808,0.07671233,116.08609,1.011175278257621
ethiopia,draw_118,Female,0.0,0.01917808,116.1962,1.0221212976541278
ethiopia,draw_118,Male,0.0,0.01917808,116.1962,1.0231784587674493
ethiopia,draw_118,Female,0.01917808,0.07671233,116.1962,1.012390435135681
ethiopia,draw_118,Male,0.01917808,0.07671233,116.1962,1.0137381489715032
nigeria,draw_118,Female,0.0,0.01917808,116.1962,1.0207744317605034
nigeria,draw_118,Male,0.0,0.01917808,116.1962,1.0242311978760024
nigeria,draw_118,Female,0.01917808,0.07671233,116.1962,1.01201680449013
nigeria,draw_118,Male,0.01917808,0.07671233,116.1962,1.0131715810132362
pakistan,draw_118,Female,0.0,0.01917808,116.1962,1.0137134481487948
pakistan,draw_118,Male,0.0,0.01917808,116.1962,1.0186235147394787
pakistan,draw_118,Female,0.01917808,0.07671233,116.1962,1.0063605783150695
pakistan,draw_118,Male,0.01917808,0.07671233,116.1962,1.0102870263125425
ethiopia,draw_118,Female,0.0,0.01917808,116.30631,1.021066804807698
ethiopia,draw_118,Male,0.0,0.01917808,116.30631,1.0221840123729535
ethiopia,draw_118,Female,0.01917808,0.07671233,116.30631,1.011345640989242
ethiopia,draw_118,Male,0.01917808,0.07671233,116.30631,1.0127344228595392
nigeria,draw_118,Female,0.0,0.01917808,116.30631,1.0197647816034334
nigeria,draw_118,Male,0.0,0.01917808,116.30631,1.023201735816246
nigeria,draw_118,Female,0.01917808,0.07671233,116.30631,1.0110039626816893
nigeria,draw_118,Male,0.01917808,0.07671233,116.30631,1.0121487794249389
pakistan,draw_118,Female,0.0,0.01917808,116.30631,1.0129117171408688
pakistan,draw_118,Male,0.0,0.01917808,116.30631,1.01776866993751
pakistan,draw_118,Female,0.01917808,0.07671233,116.30631,1.0055459739734411
pakistan,draw_118,Male,0.01917808,0.07671233,116.30631,1.0094131835596913
ethiopia,draw_118,Female,0.0,0.01917808,116.41642,1.0200283560028716
ethiopia,draw_118,Male,0.0,0.01917808,116.41642,1.0212053224168816
ethiopia,draw_118,Female,0.01917808,0.07671233,116.41642,1.0103166309073257
ethiopia,draw_118,Male,0.01917808,0.07671233,116.41642,1.0117463171727985
nigeria,draw_118,Female,0.0,0.01917808,116.41642,1.0187706478360041
nigeria,draw_118,Male,0.0,0.01917808,116.41642,1.0221866095444332
nigeria,draw_118,Female,0.01917808,0.07671233,116.41642,1.0100065809051968
nigeria,draw_118,Male,0.01917808,0.07671233,116.41642,1.0111406671483818
pakistan,draw_118,Female,0.0,0.01917808,116.41642,1.0121239134926212
pakistan,draw_118,Male,0.0,0.01917808,116.41642,1.0169288043035778
pakistan,draw_118,Female,0.01917808,0.07671233,116.41642,1.0047456500436553
pakistan,draw_118,Male,0.01917808,0.07671233,116.41642,1.0085543746558006
ethiopia,draw_118,Female,0.0,0.01917808,116.52653,1.0190046369141734
ethiopia,draw_118,Male,0.0,0.01917808,116.52653,1.0202411598521997
ethiopia,draw_118,Female,0.01917808,0.07671233,116.52653,1.0093025957262047
ethiopia,draw_118,Male,0.01917808,0.07671233,116.52653,1.0107731035436238
nigeria,draw_118,Female,0.0,0.01917808,116.52653,1.0177913365640485
nigeria,draw_118,Male,0.0,0.01917808,116.52653,1.0211869007359962
nigeria,draw_118,Female,0.01917808,0.07671233,116.52653,1.0090242238282332
nigeria,draw_118,Male,0.01917808,0.07671233,116.52653,1.010147976964281
pakistan,draw_118,Female,0.0,0.01917808,116.52653,1.0113499805916992
pakistan,draw_118,Male,0.0,0.01917808,116.52653,1.0161026765392178
pakistan,draw_118,Female,0.01917808,0.07671233,116.52653,1.0039595744190293
pakistan,draw_118,Male,0.01917808,0.07671233,116.52653,1.0077098218752227
ethiopia,draw_118,Female,0.0,0.01917808,116.63664,1.0179978979371815
ethiopia,draw_118,Male,0.0,0.01917808,116.63664,1.0192945753692664
ethiopia,draw_118,Female,0.01917808,0.07671233,116.63664,1.0083056722980883
ethiopia,draw_118,Male,0.01917808,0.07671233,116.63664,1.0098174016081947
nigeria,draw_118,Female,0.0,0.01917808,116.63664,1.016829408414672
nigeria,draw_118,Male,0.0,0.01917808,116.63664,1.0202039775179528
nigeria,draw_118,Female,0.01917808,0.07671233,116.63664,1.0080592345469759
nigeria,draw_118,Male,0.01917808,0.07671233,116.63664,1.0091722464170303
pakistan,draw_118,Female,0.0,0.01917808,116.63664,1.0105923164936133
pakistan,draw_118,Male,0.0,0.01917808,116.63664,1.015293150490481
pakistan,draw_118,Female,0.01917808,0.07671233,116.63664,1.0031899591088826
pakistan,draw_118,Male,0.01917808,0.07671233,116.63664,1.0068820727167107
ethiopia,draw_118,Female,0.0,0.01917808,116.74675,1.0170067678655486
ethiopia,draw_118,Male,0.0,0.01917808,116.74675,1.018362603448003
ethiopia,draw_118,Female,0.01917808,0.07671233,116.74675,1.007324352151261
ethiopia,draw_118,Male,0.01917808,0.07671233,116.74675,1.0088767169198525
nigeria,draw_118,Female,0.0,0.01917808,116.74675,1.0158821364481483
nigeria,draw_118,Male,0.0,0.01917808,116.74675,1.0192368561385732
nigeria,draw_118,Female,0.01917808,0.07671233,116.74675,1.0071092767849028
nigeria,draw_118,Male,0.01917808,0.07671233,116.74675,1.0082122472448172
pakistan,draw_118,Female,0.0,0.01917808,116.74675,1.0098489090688463
pakistan,draw_118,Male,0.0,0.01917808,116.74675,1.0144988879596
pakistan,draw_118,Female,0.01917808,0.07671233,116.74675,1.0024348699277195
pakistan,draw_118,Male,0.01917808,0.07671233,116.74675,1.0060696355270404
ethiopia,draw_118,Female,0.0,0.01917808,116.85686,1.0160309983090925
ethiopia,draw_118,Male,0.0,0.01917808,116.85686,1.0174452696557474
ethiopia,draw_118,Female,0.01917808,0.07671233,116.85686,1.0063584304514013
ethiopia,draw_118,Male,0.01917808,0.07671233,116.85686,1.007950980083197
nigeria,draw_118,Female,0.0,0.01917808,116.85686,1.0149500444191468
nigeria,draw_118,Male,0.0,0.01917808,116.85686,1.0182849555871916
nigeria,draw_118,Female,0.01917808,0.07671233,116.85686,1.006174577188448
nigeria,draw_118,Male,0.01917808,0.07671233,116.85686,1.0072675516820473
pakistan,draw_118,Female,0.0,0.01917808,116.85686,1.0091202431157167
pakistan,draw_118,Male,0.0,0.01917808,116.85686,1.0137179867178776
pakistan,draw_118,Female,0.01917808,0.07671233,116.85686,1.0016945826735477
pakistan,draw_118,Male,0.01917808,0.07671233,116.85686,1.005271244151812
ethiopia,draw_118,Female,0.0,0.01917808,116.96697,1.0150701275757548
ethiopia,draw_118,Male,0.0,0.01917808,116.96697,1.0165441288662669
ethiopia,draw_118,Female,0.01917808,0.07671233,116.96697,1.0054076051599103
ethiopia,draw_118,Male,0.01917808,0.07671233,116.96697,1.0070411832890152
nigeria,draw_118,Female,0.0,0.01917808,116.96697,1.0140326420445924
nigeria,draw_118,Male,0.0,0.01917808,116.96697,1.017348094725196
nigeria,draw_118,Female,0.01917808,0.07671233,116.96697,1.0052548447870153
nigeria,draw_118,Male,0.01917808,0.07671233,116.96697,1.006338033029637
pakistan,draw_118,Female,0.0,0.01917808,116.96697,1.0084052950057083
pakistan,draw_118,Male,0.0,0.01917808,116.96697,1.0129526105871822
pakistan,draw_118,Female,0.01917808,0.07671233,116.96697,1.000968475943227
pakistan,draw_118,Male,0.01917808,0.07671233,116.96697,1.0044882722317778
ethiopia,draw_118,Female,0.0,0.01917808,117.07708,1.0141250899543952
ethiopia,draw_118,Male,0.0,0.01917808,117.07708,1.0156566692539446
ethiopia,draw_118,Female,0.01917808,0.07671233,117.07708,1.0044724658661568
ethiopia,draw_118,Male,0.01917808,0.07671233,117.07708,1.00614577229934
nigeria,draw_118,Female,0.0,0.01917808,117.07708,1.01313095251873
nigeria,draw_118,Male,0.0,0.01917808,117.07708,1.0164265975011777
nigeria,draw_118,Female,0.01917808,0.07671233,117.07708,1.004350709187401
nigeria,draw_118,Male,0.01917808,0.07671233,117.07708,1.0054238920106546
pakistan,draw_118,Female,0.0,0.01917808,117.07708,1.007703950823615
pakistan,draw_118,Male,0.0,0.01917808,117.07708,1.0122010497796634
pakistan,draw_118,Female,0.01917808,0.07671233,117.07708,1.0002565225623727
pakistan,draw_118,Male,0.01917808,0.07671233,117.07708,1.0037196268388775
ethiopia,draw_118,Female,0.0,0.01917808,117.18719,1.0131952210070645
ethiopia,draw_118,Male,0.0,0.01917808,117.18719,1.01478514655589
ethiopia,draw_118,Female,0.01917808,0.07671233,117.18719,1.003552620767186
ethiopia,draw_118,Male,0.01917808,0.07671233,117.18719,1.0052661337258568
nigeria,draw_118,Female,0.0,0.01917808,117.18719,1.0122435738904183
nigeria,draw_118,Male,0.0,0.01917808,117.18719,1.015520009209283
nigeria,draw_118,Female,0.01917808,0.07671233,117.18719,1.0034613291791779
nigeria,draw_118,Male,0.01917808,0.07671233,117.18719,1.004524835346073
pakistan,draw_118,Female,0.0,0.01917808,117.18719,1.007017295172064
pakistan,draw_118,Male,0.0,0.01917808,117.18719,1.0114643963864618
pakistan,draw_118,Female,0.01917808,0.07671233,117.18719,0.9995593560691708
pakistan,draw_118,Male,0.01917808,0.07671233,117.18719,1.0029660089440064
ethiopia,draw_118,Female,0.0,0.01917808,117.2973,1.01228045802914
ethiopia,draw_118,Male,0.0,0.01917808,117.2973,1.013928441535692
ethiopia,draw_118,Female,0.01917808,0.07671233,117.2973,1.0026480212501683
ethiopia,draw_118,Male,0.01917808,0.07671233,117.2973,1.0044015713841858
nigeria,draw_118,Female,0.0,0.01917808,117.2973,1.0113714935717038
nigeria,draw_118,Male,0.0,0.01917808,117.2973,1.014629237003221
nigeria,draw_118,Female,0.01917808,0.07671233,117.2973,1.002587298941594
nigeria,draw_118,Male,0.01917808,0.07671233,117.2973,1.0036414819199428
pakistan,draw_118,Female,0.0,0.01917808,117.2973,1.0063449928653891
pakistan,draw_118,Male,0.0,0.01917808,117.2973,1.0107419567661278
pakistan,draw_118,Female,0.01917808,0.07671233,117.2973,0.9988767870184715
pakistan,draw_118,Male,0.01917808,0.07671233,117.2973,1.0022270184880093
ethiopia,draw_118,Female,0.0,0.01917808,117.40741,1.0113809899216508
ethiopia,draw_118,Male,0.0,0.01917808,117.40741,1.0130868442987917
ethiopia,draw_118,Female,0.01917808,0.07671233,117.40741,1.001758755196108
ethiopia,draw_118,Male,0.01917808,0.07671233,117.40741,1.0035522404733845
nigeria,draw_118,Female,0.0,0.01917808,117.40741,1.0105146969125578
nigeria,draw_118,Male,0.0,0.01917808,117.40741,1.013752904032834
nigeria,draw_118,Female,0.01917808,0.07671233,117.40741,1.0017286018253677
nigeria,draw_118,Male,0.01917808,0.07671233,117.40741,1.0027728877005735
pakistan,draw_118,Female,0.0,0.01917808,117.40741,1.0056863777959104
pakistan,draw_118,Male,0.0,0.01917808,117.40741,1.0100342864833647
pakistan,draw_118,Female,0.01917808,0.07671233,117.40741,0.9982084214742865
pakistan,draw_118,Male,0.01917808,0.07671233,117.40741,1.0015029602547458
ethiopia,draw_118,Female,0.0,0.01917808,117.51752,1.0104972112717712
ethiopia,draw_118,Male,0.0,0.01917808,117.51752,1.0122598870207282
ethiopia,draw_118,Female,0.01917808,0.07671233,117.51752,1.0008850825237792
ethiopia,draw_118,Male,0.01917808,0.07671233,117.51752,1.002717896165748
nigeria,draw_118,Female,0.0,0.01917808,117.51752,1.009672696297134
nigeria,draw_118,Male,0.0,0.01917808,117.51752,1.0128921833156552
nigeria,draw_118,Female,0.01917808,0.07671233,117.51752,1.0008849478500716
nigeria,draw_118,Male,0.01917808,0.07671233,117.51752,1.001919839590165
pakistan,draw_118,Female,0.0,0.01917808,117.51752,1.005042190499568
pakistan,draw_118,Male,0.0,0.01917808,117.51752,1.0093411660273515
pakistan,draw_118,Female,0.01917808,0.07671233,117.51752,0.9975546910243656
pakistan,draw_118,Male,0.01917808,0.07671233,117.51752,1.000793736974416
ethiopia,draw_118,Female,0.0,0.01917808,117.62763,1.0096293850085545
ethiopia,draw_118,Male,0.0,0.01917808,117.62763,1.0114498932332523
ethiopia,draw_118,Female,0.01917808,0.07671233,117.62763,1.0000276453584427
ethiopia,draw_118,Male,0.01917808,0.07671233,117.62763,1.0019004424465336
nigeria,draw_118,Female,0.0,0.01917808,117.62763,1.0088473757899938
nigeria,draw_118,Male,0.0,0.01917808,117.62763,1.0120482899352896
nigeria,draw_118,Female,0.01917808,0.07671233,117.62763,1.000057979781431
nigeria,draw_118,Male,0.01917808,0.07671233,117.62763,1.001083583524631
pakistan,draw_118,Female,0.0,0.01917808,117.62763,1.0044139655055528
pakistan,draw_118,Male,0.0,0.01917808,117.62763,1.0086636782175398
pakistan,draw_118,Female,0.01917808,0.07671233,117.62763,0.9969170533285265
pakistan,draw_118,Male,0.01917808,0.07671233,117.62763,1.000100491797352
ethiopia,draw_118,Female,0.0,0.01917808,117.73774,1.0087784515123643
ethiopia,draw_118,Male,0.0,0.01917808,117.73774,1.0106554247769857
ethiopia,draw_118,Female,0.01917808,0.07671233,117.73774,0.9991869362802669
ethiopia,draw_118,Male,0.01917808,0.07671233,117.73774,1.001098884323988
nigeria,draw_118,Female,0.0,0.01917808,117.73774,1.0080382112494342
nigeria,draw_118,Male,0.0,0.01917808,117.73774,1.0112201336749511
nigeria,draw_118,Female,0.01917808,0.07671233,117.73774,0.9992472811740247
nigeria,draw_118,Male,0.01917808,0.07671233,117.73774,1.0002633085087898
pakistan,draw_118,Female,0.0,0.01917808,117.73774,1.003800709121508
pakistan,draw_118,Male,0.0,0.01917808,117.73774,1.0080016683659554
pakistan,draw_118,Female,0.01917808,0.07671233,117.73774,0.9962948030815275
pakistan,draw_118,Male,0.01917808,0.07671233,117.73774,0.9994230275762571
ethiopia,draw_118,Female,0.0,0.01917808,117.84785,1.007942749402331
ethiopia,draw_118,Male,0.0,0.01917808,117.84785,1.009876475122068
ethiopia,draw_118,Female,0.01917808,0.07671233,117.84785,0.9983615703608902
ethiopia,draw_118,Male,0.01917808,0.07671233,117.84785,1.0003128667077914
nigeria,draw_118,Female,0.0,0.01917808,117.84785,1.0072442320186905
nigeria,draw_118,Male,0.0,0.01917808,117.84785,1.0104078458094234
nigeria,draw_118,Female,0.01917808,0.07671233,117.84785,0.9984518871416311
nigeria,draw_118,Male,0.01917808,0.07671233,117.84785,0.99945879758733
pakistan,draw_118,Female,0.0,0.01917808,117.84785,1.0032015711998468
pakistan,draw_118,Male,0.0,0.01917808,117.84785,1.0073549208752786
pakistan,draw_118,Female,0.01917808,0.07671233,117.84785,0.9956870164290439
pakistan,draw_118,Male,0.01917808,0.07671233,117.84785,0.9987608548801674
ethiopia,draw_118,Female,0.0,0.01917808,117.95796,1.0071230364886827
ethiopia,draw_118,Male,0.0,0.01917808,117.95796,1.0091122561733452
ethiopia,draw_118,Female,0.01917808,0.07671233,117.95796,0.9975520082703266
ethiopia,draw_118,Male,0.01917808,0.07671233,117.95796,0.999541898353013
nigeria,draw_118,Female,0.0,0.01917808,117.95796,1.0064650916426776
nigeria,draw_118,Male,0.0,0.01917808,117.95796,1.0096105335538736
nigeria,draw_118,Female,0.01917808,0.07671233,117.95796,0.9976715842431726
nigeria,draw_118,Male,0.01917808,0.07671233,117.95796,0.9986694198565164
pakistan,draw_118,Female,0.0,0.01917808,117.95796,1.0026172177180603
pakistan,draw_118,Male,0.0,0.01917808,117.95796,1.0067223308455926
pakistan,draw_118,Female,0.01917808,0.07671233,117.95796,0.9950941063145042
pakistan,draw_118,Male,0.01917808,0.07671233,117.95796,0.9981132799954803
ethiopia,draw_118,Female,0.0,0.01917808,118.06807,1.006318163192216
ethiopia,draw_118,Male,0.0,0.01917808,118.06807,1.00836350084983
ethiopia,draw_118,Female,0.01917808,0.07671233,118.06807,0.9967575394772363
ethiopia,draw_118,Male,0.01917808,0.07671233,118.06807,0.9987864363837095
nigeria,draw_118,Female,0.0,0.01917808,118.06807,1.005700965678661
nigeria,draw_118,Male,0.0,0.01917808,118.06807,1.0088291072003226
nigeria,draw_118,Female,0.01917808,0.07671233,118.06807,0.9969064804898761
nigeria,draw_118,Male,0.01917808,0.07671233,118.06807,0.9978958005677193
pakistan,draw_118,Female,0.0,0.01917808,118.06807,1.0020471144611953
pakistan,draw_118,Male,0.0,0.01917808,118.06807,1.0061046444413113
pakistan,draw_118,Female,0.01917808,0.07671233,118.06807,0.9945157460936817
pakistan,draw_118,Male,0.01917808,0.07671233,118.06807,0.997480777337829
ethiopia,draw_118,Female,0.0,0.01917808,118.17818,1.0055285563399328
ethiopia,draw_118,Male,0.0,0.01917808,118.17818,1.0076300571078114
ethiopia,draw_118,Female,0.01917808,0.07671233,118.17818,0.9959784280230888
ethiopia,draw_118,Male,0.01917808,0.07671233,118.17818,0.9980463723848972
nigeria,draw_118,Female,0.0,0.01917808,118.17818,1.0049524154215026
nigeria,draw_118,Male,0.0,0.01917808,118.17818,1.008062665201384
nigeria,draw_118,Female,0.01917808,0.07671233,118.17818,0.9961568890678606
nigeria,draw_118,Male,0.01917808,0.07671233,118.17818,0.9971373377215966
pakistan,draw_118,Female,0.0,0.01917808,118.17818,1.001491793164419
pakistan,draw_118,Male,0.0,0.01917808,118.17818,1.0055013986576065
pakistan,draw_118,Female,0.01917808,0.07671233,118.17818,0.9939522177642969
pakistan,draw_118,Male,0.01917808,0.07671233,118.17818,0.9968630411494731
ethiopia,draw_118,Female,0.0,0.01917808,118.28829,1.004754354406738
ethiopia,draw_118,Male,0.0,0.01917808,118.28829,1.0069118276633415
ethiopia,draw_118,Female,0.01917808,0.07671233,118.28829,0.9952147878242589
ethiopia,draw_118,Male,0.01917808,0.07671233,118.28829,0.997321647902796
nigeria,draw_118,Female,0.0,0.01917808,118.28829,1.0042192941222143
nigeria,draw_118,Male,0.0,0.01917808,118.28829,1.0073113648774306
nigeria,draw_118,Female,0.01917808,0.07671233,118.28829,0.9954227335776423
nigeria,draw_118,Male,0.01917808,0.07671233,118.28829,0.996394129134773
pakistan,draw_118,Female,0.0,0.01917808,118.28829,1.0009501692183211
pakistan,draw_118,Male,0.0,0.01917808,118.28829,1.0049132935408964
pakistan,draw_118,Female,0.01917808,0.07671233,118.28829,0.9934029306820843
pakistan,draw_118,Male,0.01917808,0.07671233,118.28829,0.9962605504335135
ethiopia,draw_118,Female,0.0,0.01917808,118.3984,1.0039958450425723
ethiopia,draw_118,Male,0.0,0.01917808,118.3984,1.0062084783756717
ethiopia,draw_118,Female,0.01917808,0.07671233,118.3984,0.9944667027338433
ethiopia,draw_118,Male,0.01917808,0.07671233,118.3984,0.996612003007574
nigeria,draw_118,Female,0.0,0.01917808,118.3984,1.0035005184045782
nigeria,draw_118,Male,0.0,0.01917808,118.3984,1.0065754574013013
nigeria,draw_118,Female,0.01917808,0.07671233,118.3984,0.9947033225016059
nigeria,draw_118,Male,0.01917808,0.07671233,118.3984,0.9956662982330402
pakistan,draw_118,Female,0.0,0.01917808,118.3984,1.0004234024051195
pakistan,draw_118,Male,0.0,0.01917808,118.3984,1.0043394328778241
pakistan,draw_118,Female,0.01917808,0.07671233,118.3984,0.9928684632995145
pakistan,draw_118,Male,0.01917808,0.07671233,118.3984,0.9956726506951785
ethiopia,draw_118,Female,0.0,0.01917808,118.50851,1.0032520664601736
ethiopia,draw_118,Male,0.0,0.01917808,118.50851,1.0055202197544286
ethiopia,draw_118,Female,0.01917808,0.07671233,118.50851,0.9937335152067659
ethiopia,draw_118,Male,0.01917808,0.07671233,118.50851,0.995917536247813
nigeria,draw_118,Female,0.0,0.01917808,118.50851,1.002796921226069
nigeria,draw_118,Male,0.0,0.01917808,118.50851,1.0058545871942033
nigeria,draw_118,Female,0.01917808,0.07671233,118.50851,0.9939991098167299
nigeria,draw_118,Male,0.01917808,0.07671233,118.50851,0.9949535617947372
pakistan,draw_118,Female,0.0,0.01917808,118.50851,0.999910426850009
pakistan,draw_118,Male,0.0,0.01917808,118.50851,1.0037798532021698
pakistan,draw_118,Female,0.01917808,0.07671233,118.50851,0.9923481193075294
pakistan,draw_118,Male,0.01917808,0.07671233,118.50851,0.9950992894325679
ethiopia,draw_118,Female,0.0,0.01917808,118.61862,1.0025241210585245
ethiopia,draw_118,Male,0.0,0.01917808,118.61862,1.0048468914839246
ethiopia,draw_118,Female,0.01917808,0.07671233,118.61862,0.993016098131101
ethiopia,draw_118,Male,0.01917808,0.07671233,118.61862,0.9952382983863621
nigeria,draw_118,Female,0.0,0.01917808,118.61862,1.002109069816108
nigeria,draw_118,Male,0.0,0.01917808,118.61862,1.0051492952204406
nigeria,draw_118,Female,0.01917808,0.07671233,118.61862,0.993310601215243
nigeria,draw_118,Male,0.01917808,0.07671233,118.61862,0.9942564093996114
pakistan,draw_118,Female,0.0,0.01917808,118.61862,0.9994112609362593
pakistan,draw_118,Male,0.0,0.01917808,118.61862,1.0032345739776702
pakistan,draw_118,Female,0.01917808,0.07671233,118.61862,0.9918420812192401
pakistan,draw_118,Male,0.01917808,0.07671233,118.61862,0.9945405932250986
ethiopia,draw_118,Female,0.0,0.01917808,118.72873,1.0018126455279992
ethiopia,draw_118,Male,0.0,0.01917808,118.72873,1.0041901289783988
ethiopia,draw_118,Female,0.01917808,0.07671233,118.72873,0.9923152431506836
ethiopia,draw_118,Male,0.01917808,0.07671233,118.72873,0.9945757227387891
nigeria,draw_118,Female,0.0,0.01917808,118.72873,1.0014369951344266
nigeria,draw_118,Male,0.0,0.01917808,118.72873,1.004460872408792
nigeria,draw_118,Female,0.01917808,0.07671233,118.72873,0.9926382527927559
nigeria,draw_118,Male,0.01917808,0.07671233,118.72873,0.9935760642746334
pakistan,draw_118,Female,0.0,0.01917808,118.72873,0.9989277998708311
pakistan,draw_118,Male,0.0,0.01917808,118.72873,1.0027057492535645
pakistan,draw_118,Female,0.01917808,0.07671233,118.72873,0.9913518779264692
pakistan,draw_118,Male,0.01917808,0.07671233,118.72873,0.9939983302229496
ethiopia,draw_118,Female,0.0,0.01917808,118.83884,1.0011164875542473
ethiopia,draw_118,Male,0.0,0.01917808,118.83884,1.0035474569585068
ethiopia,draw_118,Female,0.01917808,0.07671233,118.83884,0.9916295521081202
ethiopia,draw_118,Male,0.01917808,0.07671233,118.83884,0.9939276020106205
nigeria,draw_118,Female,0.0,0.01917808,118.83884,1.0007799517797402
nigeria,draw_118,Male,0.0,0.01917808,118.83884,1.0037866707057965
nigeria,draw_118,Female,0.01917808,0.07671233,118.83884,0.9919808856955097
nigeria,draw_118,Male,0.01917808,0.07671233,118.83884,0.9929101514389066
pakistan,draw_118,Female,0.0,0.01917808,118.83884,0.99845790399533
pakistan,draw_118,Male,0.0,0.01917808,118.83884,1.0021902130669362
pakistan,draw_118,Female,0.01917808,0.07671233,118.83884,0.9908754540743882
pakistan,draw_118,Male,0.01917808,0.07671233,118.83884,0.9934697905849511
ethiopia,draw_118,Female,0.0,0.01917808,118.94895,1.0004344911600398
ethiopia,draw_118,Male,0.0,0.01917808,118.94895,1.0029199879493025
ethiopia,draw_118,Female,0.01917808,0.07671233,118.94895,0.9909582054529649
ethiopia,draw_118,Male,0.01917808,0.07671233,118.94895,0.993294524651252
nigeria,draw_118,Female,0.0,0.01917808,118.94895,1.0001370150924476
nigeria,draw_118,Male,0.0,0.01917808,118.94895,1.0031281187799594
nigeria,draw_118,Female,0.01917808,0.07671233,118.94895,0.9913378259508009
nigeria,draw_118,Male,0.01917808,0.07671233,118.94895,0.9922595386085681
pakistan,draw_118,Female,0.0,0.01917808,118.94895,0.9980015992597555
pakistan,draw_118,Male,0.0,0.01917808,118.94895,1.0016882502787423
pakistan,draw_118,Female,0.01917808,0.07671233,118.94895,0.9904126858371889
pakistan,draw_118,Male,0.01917808,0.07671233,118.94895,0.992955028788882
ethiopia,draw_118,Female,0.0,0.01917808,119.05906,0.9997682135565616
ethiopia,draw_118,Male,0.0,0.01917808,119.05906,1.002306911165777
ethiopia,draw_118,Female,0.01917808,0.07671233,119.05906,0.9903021183062625
ethiopia,draw_118,Male,0.01917808,0.07671233,119.05906,0.9926759013548647
nigeria,draw_118,Female,0.0,0.01917808,119.05906,0.9995088520479484
nigeria,draw_118,Male,0.0,0.01917808,119.05906,1.0024836902555656
nigeria,draw_118,Female,0.01917808,0.07671233,119.05906,0.9907094189313075
nigeria,draw_118,Male,0.01917808,0.07671233,119.05906,0.9916231819784211
pakistan,draw_118,Female,0.0,0.01917808,119.05906,0.9975575928492444
pakistan,draw_118,Male,0.0,0.01917808,119.05906,1.0011997749503465
pakistan,draw_118,Female,0.01917808,0.07671233,119.05906,0.9899626453286705
pakistan,draw_118,Male,0.01917808,0.07671233,119.05906,0.9924539197934308
ethiopia,draw_118,Female,0.0,0.01917808,119.16917,0.9991154414118124
ethiopia,draw_118,Male,0.0,0.01917808,119.16917,1.0017074895716245
ethiopia,draw_118,Female,0.01917808,0.07671233,119.16917,0.9896598777479663
ethiopia,draw_118,Male,0.01917808,0.07671233,119.16917,0.9920712456494464
nigeria,draw_118,Female,0.0,0.01917808,119.16917,0.9988951725588853
nigeria,draw_118,Male,0.0,0.01917808,119.16917,1.0018536779703935
nigeria,draw_118,Female,0.01917808,0.07671233,119.16917,0.9900954444117329
nigeria,draw_118,Male,0.01917808,0.07671233,119.16917,0.9910012298283855
pakistan,draw_118,Female,0.0,0.01917808,119.16917,0.9971268147911998
pakistan,draw_118,Male,0.0,0.01917808,119.16917,1.0007247657980696
pakistan,draw_118,Female,0.01917808,0.07671233,119.16917,0.9895258574117924
pakistan,draw_118,Male,0.01917808,0.07671233,119.16917,0.9919664009008754
ethiopia,draw_118,Female,0.0,0.01917808,119.27928,0.998478115050453
ethiopia,draw_118,Male,0.0,0.01917808,119.27928,1.0011226523453773
ethiopia,draw_118,Female,0.01917808,0.07671233,119.27928,0.9890326531274762
ethiopia,draw_118,Male,0.01917808,0.07671233,119.27928,0.9914810899769733
nigeria,draw_118,Female,0.0,0.01917808,119.27928,0.9982954843133037
nigeria,draw_118,Male,0.0,0.01917808,119.27928,1.0012378161412436
nigeria,draw_118,Female,0.01917808,0.07671233,119.27928,0.9894955484597758
nigeria,draw_118,Male,0.01917808,0.07671233,119.27928,0.9903934537097907
pakistan,draw_118,Female,0.0,0.01917808,119.27928,0.9967081409019085
pakistan,draw_118,Male,0.0,0.01917808,119.27928,1.0002627403104438
pakistan,draw_118,Female,0.01917808,0.07671233,119.27928,0.9891015346457228
pakistan,draw_118,Male,0.01917808,0.07671233,119.27928,0.9914920960600956
ethiopia,draw_118,Female,0.0,0.01917808,119.38939,0.9978541392176579
ethiopia,draw_118,Male,0.0,0.01917808,119.38939,1.0005514850448354
ethiopia,draw_118,Female,0.01917808,0.07671233,119.38939,0.9884190449816126
ethiopia,draw_118,Male,0.01917808,0.07671233,119.38939,0.9909047556328826
nigeria,draw_118,Female,0.0,0.01917808,119.38939,0.997710167134677
nigeria,draw_118,Male,0.0,0.01917808,119.38939,1.0006363987976046
nigeria,draw_118,Female,0.01917808,0.07671233,119.38939,0.9889098707613713
nigeria,draw_118,Male,0.01917808,0.07671233,119.38939,0.9897999483257278
pakistan,draw_118,Female,0.0,0.01917808,119.38939,0.9963021975696276
pakistan,draw_118,Male,0.0,0.01917808,119.38939,0.9998133476610427
pakistan,draw_118,Female,0.01917808,0.07671233,119.38939,0.9886898909920503
pakistan,draw_118,Male,0.01917808,0.07671233,119.38939,0.9910306885685831
ethiopia,draw_118,Female,0.0,0.01917808,119.4995,0.9972453013734145
ethiopia,draw_118,Male,0.0,0.01917808,119.4995,0.999993809250706
ethiopia,draw_118,Female,0.01917808,0.07671233,119.4995,0.9878200766467429
ethiopia,draw_118,Male,0.01917808,0.07671233,119.4995,0.9903420394889426
nigeria,draw_118,Female,0.0,0.01917808,119.4995,0.9971380448137326
nigeria,draw_118,Male,0.0,0.01917808,119.4995,1.000049004135487
nigeria,draw_118,Female,0.01917808,0.07671233,119.4995,0.9883375929020082
nigeria,draw_118,Male,0.01917808,0.07671233,119.4995,0.9892203564046307
pakistan,draw_118,Female,0.0,0.01917808,119.4995,0.9959077246874887
pakistan,draw_118,Male,0.0,0.01917808,119.4995,0.9993766953181512
pakistan,draw_118,Female,0.01917808,0.07671233,119.4995,0.9882900494513727
pakistan,draw_118,Male,0.01917808,0.07671233,119.4995,0.9905820989692768
ethiopia,draw_118,Female,0.0,0.01917808,119.60961,0.9966502327337728
ethiopia,draw_118,Male,0.0,0.01917808,119.60961,0.9994499603658689
ethiopia,draw_118,Female,0.01917808,0.07671233,119.60961,0.9872347199443877
ethiopia,draw_118,Male,0.01917808,0.07671233,119.60961,0.9897929487671917
nigeria,draw_118,Female,0.0,0.01917808,119.60961,0.9965800449708548
nigeria,draw_118,Male,0.0,0.01917808,119.60961,0.9994751265297458
nigeria,draw_118,Female,0.01917808,0.07671233,119.60961,0.9877791156412901
nigeria,draw_118,Male,0.01917808,0.07671233,119.60961,0.9886541821731464
pakistan,draw_118,Female,0.0,0.01917808,119.60961,0.9955250124022198
pakistan,draw_118,Male,0.0,0.01917808,119.60961,0.9989516212943589
pakistan,draw_118,Female,0.01917808,0.07671233,119.60961,0.9879018550300893
pakistan,draw_118,Male,0.01917808,0.07671233,119.60961,0.9901453429002088
ethiopia,draw_118,Female,0.0,0.01917808,119.71972,0.996071151724496
ethiopia,draw_118,Male,0.0,0.01917808,119.71972,0.9989214565981428
ethiopia,draw_118,Female,0.01917808,0.07671233,119.71972,0.9866652717973999
ethiopia,draw_118,Male,0.01917808,0.07671233,119.71972,0.9892593510054823
nigeria,draw_118,Female,0.0,0.01917808,119.71972,0.9960370335746549
nigeria,draw_118,Male,0.0,0.01917808,119.71972,0.9989169295192913
nigeria,draw_118,Female,0.01917808,0.07671233,119.71972,0.9872359322358584
nigeria,draw_118,Male,0.01917808,0.07671233,119.71972,0.9881036696671678
pakistan,draw_118,Female,0.0,0.01917808,119.71972,0.9951554173417381
pakistan,draw_118,Male,0.0,0.01917808,119.71972,0.9985406756947648
pakistan,draw_118,Female,0.01917808,0.07671233,119.71972,0.9875271941426507
pakistan,draw_118,Male,0.01917808,0.07671233,119.71972,0.9897229600880467
ethiopia,draw_118,Female,0.0,0.01917808,119.82983,0.9955054284077133
ethiopia,draw_118,Male,0.0,0.01917808,119.82983,0.9984061527018271
ethiopia,draw_118,Female,0.01917808,0.07671233,119.82983,0.9861093700973304
ethiopia,draw_118,Male,0.01917808,0.07671233,119.82983,0.9887391798460204
nigeria,draw_118,Female,0.0,0.01917808,119.82983,0.9955083462055502
nigeria,draw_118,Male,0.0,0.01917808,119.82983,0.9983727569895845
nigeria,draw_118,Female,0.01917808,0.07671233,119.82983,0.9867068638239469
nigeria,draw_118,Male,0.01917808,0.07671233,119.82983,0.9875670857600121
pakistan,draw_118,Female,0.0,0.01917808,119.82983,0.9947975807680125
pakistan,draw_118,Male,0.0,0.01917808,119.82983,0.9981417330805077
pakistan,draw_118,Female,0.01917808,0.07671233,119.82983,0.9871644859568637
pakistan,draw_118,Male,0.01917808,0.07671233,119.82983,0.9893129085734745
ethiopia,draw_118,Female,0.0,0.01917808,119.93994,0.9949534431731375
ethiopia,draw_118,Male,0.0,0.01917808,119.93994,0.9979039419361072
ethiopia,draw_118,Female,0.01917808,0.07671233,119.93994,0.9855671239488561
ethiopia,draw_118,Male,0.01917808,0.07671233,119.93994,0.9882322340269899
nigeria,draw_118,Female,0.0,0.01917808,119.93994,0.9949921559895503
nigeria,draw_118,Male,0.0,0.01917808,119.93994,0.9978418403709362
nigeria,draw_118,Female,0.01917808,0.07671233,119.93994,0.9861906681720224
nigeria,draw_118,Male,0.01917808,0.07671233,119.93994,0.9870437976417094
pakistan,draw_118,Female,0.0,0.01917808,119.93994,0.9944507499678549
pakistan,draw_118,Male,0.0,0.01917808,119.93994,0.997754406590815
pakistan,draw_118,Female,0.01917808,0.07671233,119.93994,0.9868130833321838
pakistan,draw_118,Male,0.01917808,0.07671233,119.93994,0.9889147783170529
ethiopia,draw_118,Female,0.0,0.01917808,120.05005,0.9944154205421656
ethiopia,draw_118,Male,0.0,0.01917808,120.05005,0.9974146080288427
ethiopia,draw_118,Female,0.01917808,0.07671233,120.05005,0.9850385822600854
ethiopia,draw_118,Male,0.01917808,0.07671233,120.05005,0.9877383032390437
nigeria,draw_118,Female,0.0,0.01917808,120.05005,0.9944889344224284
nigeria,draw_118,Male,0.0,0.01917808,120.05005,0.9973237095548025
nigeria,draw_118,Female,0.01917808,0.07671233,120.05005,0.9856875161266532
nigeria,draw_118,Male,0.01917808,0.07671233,120.05005,0.9865334069464422
pakistan,draw_118,Female,0.0,0.01917808,120.05005,0.9941142887002287
pakistan,draw_118,Male,0.0,0.01917808,120.05005,0.9973785523979375
pakistan,draw_118,Female,0.01917808,0.07671233,120.05005,0.9864724397707455
pakistan,draw_118,Male,0.01917808,0.07671233,120.05005,0.9885283528402397
ethiopia,draw_118,Female,0.0,0.01917808,120.16016,0.9950178807545315
ethiopia,draw_118,Male,0.0,0.01917808,120.16016,0.9980662050719601
ethiopia,draw_118,Female,0.01917808,0.07671233,120.16016,0.9856203101910995
ethiopia,draw_118,Male,0.01917808,0.07671233,120.16016,0.988303810660503
nigeria,draw_118,Female,0.0,0.01917808,120.16016,0.995150601584963
nigeria,draw_118,Male,0.0,0.01917808,120.16016,0.997937953085486
nigeria,draw_118,Female,0.01917808,0.07671233,120.16016,0.9862752209474455
nigeria,draw_118,Male,0.01917808,0.07671233,120.16016,0.9871162104811887
pakistan,draw_118,Female,0.0,0.01917808,120.16016,0.9947681465005017
pakistan,draw_118,Male,0.0,0.01917808,120.16016,0.9980364770894551
pakistan,draw_118,Female,0.01917808,0.07671233,120.16016,0.9869831581725527
pakistan,draw_118,Male,0.01917808,0.07671233,120.16016,0.9890629234966081
ethiopia,draw_118,Female,0.0,0.01917808,120.27027,0.995609956379119
ethiopia,draw_118,Male,0.0,0.01917808,120.27027,0.9987059991559706
ethiopia,draw_118,Female,0.01917808,0.07671233,120.27027,0.9861952637917332
ethiopia,draw_118,Male,0.01917808,0.07671233,120.27027,0.9888627561271894
nigeria,draw_118,Female,0.0,0.01917808,120.27027,0.9958011569031886
nigeria,draw_118,Male,0.0,0.01917808,120.27027,0.9985417148284251
nigeria,draw_118,Female,0.01917808,0.07671233,120.27027,0.9868561871670448
nigeria,draw_118,Male,0.01917808,0.07671233,120.27027,0.987692823988031
pakistan,draw_118,Female,0.0,0.01917808,120.27027,0.9954108215836212
pakistan,draw_118,Male,0.0,0.01917808,120.27027,0.998683849275035
pakistan,draw_118,Female,0.01917808,0.07671233,120.27027,0.9874880129209068
pakistan,draw_118,Male,0.01917808,0.07671233,120.27027,0.98959209874428
ethiopia,draw_118,Female,0.0,0.01917808,120.38038,0.9961907154533443
ethiopia,draw_118,Male,0.0,0.01917808,120.38038,0.9993351663391992
ethiopia,draw_118,Female,0.01917808,0.07671233,120.38038,0.9867630021352456
ethiopia,draw_118,Male,0.01917808,0.07671233,120.38038,0.989415870470168
nigeria,draw_118,Female,0.0,0.01917808,120.38038,0.9964399292560959
nigeria,draw_118,Male,0.0,0.01917808,120.38038,0.9991351523433182
nigeria,draw_118,Female,0.01917808,0.07671233,120.38038,0.987429967908166
nigeria,draw_118,Male,0.01917808,0.07671233,120.38038,0.9882629188835473
pakistan,draw_118,Female,0.0,0.01917808,120.38038,0.9960422324111173
pakistan,draw_118,Male,0.0,0.01917808,120.38038,0.9993207719880752
pakistan,draw_118,Female,0.01917808,0.07671233,120.38038,0.9879869437974951
pakistan,draw_118,Male,0.01917808,0.07671233,120.38038,0.990115998510315
ethiopia,draw_118,Female,0.0,0.01917808,120.49049,0.9967586186142643
ethiopia,draw_118,Male,0.0,0.01917808,120.49049,0.9999502499827361
ethiopia,draw_118,Female,0.01917808,0.07671233,120.49049,0.9873215569895193
ethiopia,draw_118,Male,0.01917808,0.07671233,120.49049,0.9899603398654456
nigeria,draw_118,Female,0.0,0.01917808,120.49049,0.9970632877032541
nigeria,draw_118,Male,0.0,0.01917808,120.49049,0.9997159854844662
nigeria,draw_118,Female,0.01917808,0.07671233,120.49049,0.9879936583721425
nigeria,draw_118,Male,0.01917808,0.07671233,120.49049,0.9888245271431589
pakistan,draw_118,Female,0.0,0.01917808,120.49049,0.9966610818826042
pakistan,draw_118,Male,0.0,0.01917808,120.49049,0.9999448252744064
pakistan,draw_118,Female,0.01917808,0.07671233,120.49049,0.9884786372544331
pakistan,draw_118,Male,0.01917808,0.07671233,120.49049,0.9906324456925482
ethiopia,draw_118,Female,0.0,0.01917808,120.6006,0.9973116821474388
ethiopia,draw_118,Male,0.0,0.01917808,120.6006,1.0005493166269583
ethiopia,draw_118,Female,0.01917808,0.07671233,120.6006,0.9878692184530545
ethiopia,draw_118,Male,0.01917808,0.07671233,120.6006,0.9904946869172235
nigeria,draw_118,Female,0.0,0.01917808,120.6006,0.9976704115402137
nigeria,draw_118,Male,0.0,0.01917808,120.6006,1.000282065314647
nigeria,draw_118,Female,0.01917808,0.07671233,120.6006,0.9885460831021402
nigeria,draw_118,Male,0.01917808,0.07671233,120.6006,0.9893759010166906
pakistan,draw_118,Female,0.0,0.01917808,120.6006,0.9972640695645106
pakistan,draw_118,Male,0.0,0.01917808,120.6006,1.000553745966195
pakistan,draw_118,Female,0.01917808,0.07671233,120.6006,0.9889607772885324
pakistan,draw_118,Male,0.01917808,0.07671233,120.6006,0.9911395772597118
ethiopia,draw_118,Female,0.0,0.01917808,120.71071,0.9978488237183929
ethiopia,draw_118,Male,0.0,0.01917808,120.71071,1.0011327581412863
ethiopia,draw_118,Female,0.01917808,0.07671233,120.71071,0.9884059585723582
ethiopia,draw_118,Male,0.01917808,0.07671233,120.71071,0.9910194646503111
nigeria,draw_118,Female,0.0,0.01917808,120.71071,0.9982616840716686
nigeria,draw_118,Male,0.0,0.01917808,120.71071,1.0008336034348846
nigeria,draw_118,Female,0.01917808,0.07671233,120.71071,0.989088001079007
nigeria,draw_118,Male,0.01917808,0.07671233,120.71071,0.9899174898451412
pakistan,draw_118,Female,0.0,0.01917808,120.71071,0.9978517861743388
pakistan,draw_118,Male,0.0,0.01917808,120.71071,1.0011483283210996
pakistan,draw_118,Female,0.01917808,0.07671233,120.71071,0.9894341714450212
pakistan,draw_118,Male,0.01917808,0.07671233,120.71071,0.9916383757844277
ethiopia,draw_118,Female,0.0,0.01917808,120.82082,0.9983668264850581
ethiopia,draw_118,Male,0.0,0.01917808,120.82082,1.001696209825791
ethiopia,draw_118,Female,0.01917808,0.07671233,120.82082,0.9889294766260183
ethiopia,draw_118,Male,0.01917808,0.07671233,120.82082,0.9915315420617472
nigeria,draw_118,Female,0.0,0.01917808,120.82082,0.9988302076912025
nigeria,draw_118,Male,0.0,0.01917808,120.82082,1.0013661912507203
nigeria,draw_118,Female,0.01917808,0.07671233,120.82082,0.9896151957067667
nigeria,draw_118,Male,0.01917808,0.07671233,120.82082,0.9904459707955362
pakistan,draw_118,Female,0.0,0.01917808,120.82082,0.9984191734268442
pakistan,draw_118,Male,0.0,0.01917808,120.82082,1.0017241923434983
pakistan,draw_118,Female,0.01917808,0.07671233,120.82082,0.9898954664671643
pakistan,draw_118,Male,0.01917808,0.07671233,120.82082,0.9921257284166534
ethiopia,draw_118,Female,0.0,0.01917808,120.93093,0.9988619197972056
ethiopia,draw_118,Male,0.0,0.01917808,120.93093,1.0022346310665904
ethiopia,draw_118,Female,0.01917808,0.07671233,120.93093,0.9894364511075638
ethiopia,draw_118,Male,0.01917808,0.07671233,120.93093,0.9920267607248736
nigeria,draw_118,Female,0.0,0.01917808,120.93093,0.9993725952588883
nigeria,draw_118,Male,0.0,0.01917808,120.93093,1.0018768123219206
nigeria,draw_118,Female,0.01917808,0.07671233,120.93093,0.9901245998607956
nigeria,draw_118,Male,0.01917808,0.07671233,120.93093,0.9909585744971598
pakistan,draw_118,Female,0.0,0.01917808,120.93093,0.998963133323668
pakistan,draw_118,Male,0.0,0.01917808,120.93093,1.0022776659553165
pakistan,draw_118,Female,0.01917808,0.07671233,120.93093,0.9903421486513457
pakistan,draw_118,Male,0.01917808,0.07671233,120.93093,0.9925983711103308
ethiopia,draw_118,Female,0.0,0.01917808,121.04104,0.9993311173359765
ethiopia,draw_118,Male,0.0,0.01917808,121.04104,1.002747623937537
ethiopia,draw_118,Female,0.01917808,0.07671233,121.04104,0.9899241658431246
ethiopia,draw_118,Male,0.01917808,0.07671233,121.04104,0.9925040848087906
nigeria,draw_118,Female,0.0,0.01917808,121.04104,0.9998859560116431
nigeria,draw_118,Male,0.0,0.01917808,121.04104,1.002362744546623
nigeria,draw_118,Female,0.01917808,0.07671233,121.04104,0.9906135539628302
nigeria,draw_118,Male,0.01917808,0.07671233,121.04104,0.9914527278250567
pakistan,draw_118,Female,0.0,0.01917808,121.04104,0.9994796523655827
pakistan,draw_118,Male,0.0,0.01917808,121.04104,1.0028062074841333
pakistan,draw_118,Female,0.01917808,0.07671233,121.04104,0.9907711531785193
pakistan,draw_118,Male,0.01917808,0.07671233,121.04104,0.9930538708478022
ethiopia,draw_118,Female,0.0,0.01917808,121.15115,0.999777231232541
ethiopia,draw_118,Male,0.0,0.01917808,121.15115,1.003235550480323
ethiopia,draw_118,Female,0.01917808,0.07671233,121.15115,0.9903955947096191
ethiopia,draw_118,Male,0.01917808,0.07671233,121.15115,0.9929649611828675
nigeria,draw_118,Female,0.0,0.01917808,121.15115,1.0003724733171584
nigeria,draw_118,Male,0.0,0.01917808,121.15115,1.0028264478648532
nigeria,draw_118,Female,0.01917808,0.07671233,121.15115,0.9910847072125295
nigeria,draw_118,Male,0.01917808,0.07671233,121.15115,0.9919310891844383
pakistan,draw_118,Female,0.0,0.01917808,121.15115,0.9999726596966266
pakistan,draw_118,Male,0.0,0.01917808,121.15115,1.0033128285945125
pakistan,draw_118,Female,0.01917808,0.07671233,121.15115,0.9911857854999007
pakistan,draw_118,Male,0.01917808,0.07671233,121.15115,0.993495135507897
ethiopia,draw_118,Female,0.0,0.01917808,121.26126,1.0002007485917073
ethiopia,draw_118,Male,0.0,0.01917808,121.26126,1.0036998146017568
ethiopia,draw_118,Female,0.01917808,0.07671233,121.26126,0.9908511136754102
ethiopia,draw_118,Male,0.01917808,0.07671233,121.26126,0.9934101055671256
nigeria,draw_118,Female,0.0,0.01917808,121.26126,1.0008321975426473
nigeria,draw_118,Male,0.0,0.01917808,121.26126,1.0032685353890294
nigeria,draw_118,Female,0.01917808,0.07671233,121.26126,0.9915380379446429
nigeria,draw_118,Male,0.01917808,0.07671233,121.26126,0.9923939862490248
pakistan,draw_118,Female,0.0,0.01917808,121.26126,1.000442165879522
pakistan,draw_118,Male,0.0,0.01917808,121.26126,1.0037973949974714
pakistan,draw_118,Female,0.01917808,0.07671233,121.26126,0.9915859989446185
pakistan,draw_118,Male,0.01917808,0.07671233,121.26126,0.993921955334672
ethiopia,draw_118,Female,0.0,0.01917808,121.37137,1.0006019341158965
ethiopia,draw_118,Male,0.0,0.01917808,121.37137,1.004140478518752
ethiopia,draw_118,Female,0.01917808,0.07671233,121.37137,0.9912907062991542
ethiopia,draw_118,Male,0.01917808,0.07671233,121.37137,0.9938393447332509
nigeria,draw_118,Female,0.0,0.01917808,121.37137,1.0012663692510144
nigeria,draw_118,Male,0.0,0.01917808,121.37137,1.0036893575460786
nigeria,draw_118,Female,0.01917808,0.07671233,121.37137,0.9919743231712053
nigeria,draw_118,Male,0.01917808,0.07671233,121.37137,0.9928414534378667
pakistan,draw_118,Female,0.0,0.01917808,121.37137,1.0008879397035833
pakistan,draw_118,Male,0.0,0.01917808,121.37137,1.0042600411257956
pakistan,draw_118,Female,0.01917808,0.07671233,121.37137,0.9919717389859368
pakistan,draw_118,Male,0.01917808,0.07671233,121.37137,0.9943344355057953
ethiopia,draw_118,Female,0.0,0.01917808,121.48148,1.0009790931316573
ethiopia,draw_118,Male,0.0,0.01917808,121.48148,1.0045565016609326
ethiopia,draw_118,Female,0.01917808,0.07671233,121.48148,0.9917133959374276
ethiopia,draw_118,Male,0.01917808,0.07671233,121.48148,0.9942520688520848
nigeria,draw_118,Female,0.0,0.01917808,121.48148,1.00167196198341
nigeria,draw_118,Male,0.0,0.01917808,121.48148,1.004088058132674
nigeria,draw_118,Female,0.01917808,0.07671233,121.48148,0.9923917353488156
nigeria,draw_118,Male,0.01917808,0.07671233,121.48148,0.9932728523157561
pakistan,draw_118,Female,0.0,0.01917808,121.48148,1.00130899761797
pakistan,draw_118,Male,0.0,0.01917808,121.48148,1.004699829818391
pakistan,draw_118,Female,0.01917808,0.07671233,121.48148,0.9923423421246754
pakistan,draw_118,Male,0.01917808,0.07671233,121.48148,0.9947319052060931
ethiopia,draw_118,Female,0.0,0.01917808,121.59159,1.0013304258044646
ethiopia,draw_118,Male,0.0,0.01917808,121.59159,1.0049448587338095
ethiopia,draw_118,Female,0.01917808,0.07671233,121.59159,0.9921180092056554
ethiopia,draw_118,Male,0.01917808,0.07671233,121.59159,0.9946463296687046
nigeria,draw_118,Female,0.0,0.01917808,121.59159,1.002047752327874
nigeria,draw_118,Male,0.0,0.01917808,121.59159,1.004461949180074
nigeria,draw_118,Female,0.01917808,0.07671233,121.59159,0.9927893868436716
nigeria,draw_118,Male,0.01917808,0.07671233,121.59159,0.9936862920912509
pakistan,draw_118,Female,0.0,0.01917808,121.59159,1.0017030131172238
pakistan,draw_118,Male,0.0,0.01917808,121.59159,1.0051145751566117
pakistan,draw_118,Female,0.01917808,0.07671233,121.59159,0.992696412481688
pakistan,draw_118,Male,0.01917808,0.07671233,121.59159,0.995112771005418
ethiopia,draw_118,Female,0.0,0.01917808,121.7017,1.0016578561205476
ethiopia,draw_118,Male,0.0,0.01917808,121.7017,1.005308312026965
ethiopia,draw_118,Female,0.01917808,0.07671233,121.7017,0.9925045639563027
ethiopia,draw_118,Male,0.01917808,0.07671233,121.7017,0.9950227959787058
nigeria,draw_118,Female,0.0,0.01917808,121.7017,1.0023961644158161
nigeria,draw_118,Male,0.0,0.01917808,121.7017,1.0048135622473389
nigeria,draw_118,Female,0.01917808,0.07671233,121.7017,0.9931676856149239
nigeria,draw_118,Male,0.01917808,0.07671233,121.7017,0.9940825395042021
pakistan,draw_118,Female,0.0,0.01917808,121.7017,1.002072576253447
pakistan,draw_118,Male,0.0,0.01917808,121.7017,1.0055064797442985
pakistan,draw_118,Female,0.01917808,0.07671233,121.7017,0.9930345022157647
pakistan,draw_118,Male,0.01917808,0.07671233,121.7017,0.9954775644158744
ethiopia,draw_118,Female,0.0,0.01917808,121.81181,1.0019642874406676
ethiopia,draw_118,Male,0.0,0.01917808,121.81181,1.005650222050106
ethiopia,draw_118,Female,0.01917808,0.07671233,121.81181,0.992876122885952
ethiopia,draw_118,Male,0.01917808,0.07671233,121.81181,0.9953848043746799
nigeria,draw_118,Female,0.0,0.01917808,121.81181,1.002720660230183
nigeria,draw_118,Male,0.0,0.01917808,121.81181,1.0051446913415623
nigeria,draw_118,Female,0.01917808,0.07671233,121.81181,0.9935300056565486
nigeria,draw_118,Male,0.01917808,0.07671233,121.81181,0.9944640210188719
pakistan,draw_118,Female,0.0,0.01917808,121.81181,1.0024197762575178
pakistan,draw_118,Male,0.0,0.01917808,121.81181,1.005878087165637
pakistan,draw_118,Female,0.01917808,0.07671233,121.81181,0.9933591066918663
pakistan,draw_118,Male,0.01917808,0.07671233,121.81181,0.9958289878545983
ethiopia,draw_118,Female,0.0,0.01917808,121.92192,1.0022493090347413
ethiopia,draw_118,Male,0.0,0.01917808,121.92192,1.0059696070130972
ethiopia,draw_118,Female,0.01917808,0.07671233,121.92192,0.9932323113961512
ethiopia,draw_118,Male,0.01917808,0.07671233,121.92192,0.9957314636024087
nigeria,draw_118,Female,0.0,0.01917808,121.92192,1.0030194620670951
nigeria,draw_118,Male,0.0,0.01917808,121.92192,1.0054553482220785
nigeria,draw_118,Female,0.01917808,0.07671233,121.92192,0.9938750054366293
nigeria,draw_118,Male,0.01917808,0.07671233,121.92192,0.9948303146780967
pakistan,draw_118,Female,0.0,0.01917808,121.92192,1.002744978792617
pakistan,draw_118,Male,0.0,0.01917808,121.92192,1.0062290609536182
pakistan,draw_118,Female,0.01917808,0.07671233,121.92192,0.9936701301977428
pakistan,draw_118,Male,0.01917808,0.07671233,121.92192,0.9961665200102402
ethiopia,draw_118,Female,0.0,0.01917808,122.03203,1.0025129719169752
ethiopia,draw_118,Male,0.0,0.01917808,122.03203,1.0062653851390173
ethiopia,draw_118,Female,0.01917808,0.07671233,122.03203,0.9935730826706483
ethiopia,draw_118,Male,0.01917808,0.07671233,122.03203,0.9960620543127754
nigeria,draw_118,Female,0.0,0.01917808,122.03203,1.0032937734846654
nigeria,draw_118,Male,0.0,0.01917808,122.03203,1.0057461434669197
nigeria,draw_118,Female,0.01917808,0.07671233,122.03203,0.9942034906937626
nigeria,draw_118,Male,0.01917808,0.07671233,122.03203,0.9951817477061422
pakistan,draw_118,Female,0.0,0.01917808,122.03203,1.0030480417493541
pakistan,draw_118,Male,0.0,0.01917808,122.03203,1.0065596991925356
pakistan,draw_118,Female,0.01917808,0.07671233,122.03203,0.993967453230415
pakistan,draw_118,Male,0.01917808,0.07671233,122.03203,0.9964903165225995
ethiopia,draw_118,Female,0.0,0.01917808,122.14214,1.0027553548661847
ethiopia,draw_118,Male,0.0,0.01917808,122.14214,1.006539775329064
ethiopia,draw_118,Female,0.01917808,0.07671233,122.14214,0.9938985301774619
ethiopia,draw_118,Male,0.01917808,0.07671233,122.14214,0.9963780011915324
nigeria,draw_118,Female,0.0,0.01917808,122.14214,1.003543037665834
nigeria,draw_118,Male,0.0,0.01917808,122.14214,1.0060167549946912
nigeria,draw_118,Female,0.01917808,0.07671233,122.14214,0.9945150672769664
nigeria,draw_118,Male,0.01917808,0.07671233,122.14214,0.9955180977488484
pakistan,draw_118,Female,0.0,0.01917808,122.14214,1.0033286041815292
pakistan,draw_118,Male,0.0,0.01917808,122.14214,1.00686958248055
pakistan,draw_118,Female,0.01917808,0.07671233,122.14214,0.9942508416860713
pakistan,draw_118,Male,0.01917808,0.07671233,122.14214,0.9968001828609712
ethiopia,draw_118,Female,0.0,0.01917808,122.25225,1.0029733506940242
ethiopia,draw_118,Male,0.0,0.01917808,122.25225,1.006789508235888
ethiopia,draw_118,Female,0.01917808,0.07671233,122.25225,0.9942065358768735
ethiopia,draw_118,Male,0.01917808,0.07671233,122.25225,0.9966770928954346
nigeria,draw_118,Female,0.0,0.01917808,122.25225,1.0037643582012026
nigeria,draw_118,Male,0.0,0.01917808,122.25225,1.0062656358025637
nigeria,draw_118,Female,0.01917808,0.07671233,122.25225,0.9948079153461827
nigeria,draw_118,Male,0.01917808,0.07671233,122.25225,0.9958382488453874
pakistan,draw_118,Female,0.0,0.01917808,122.25225,1.0035847635829063
pakistan,draw_118,Male,0.0,0.01917808,122.25225,1.0071569293953828
pakistan,draw_118,Female,0.01917808,0.07671233,122.25225,0.9945190982918746
pakistan,draw_118,Male,0.01917808,0.07671233,122.25225,0.997094868600136
ethiopia,draw_118,Female,0.0,0.01917808,122.36236,1.003167841325318
ethiopia,draw_118,Male,0.0,0.01917808,122.36236,1.0070134970086855
ethiopia,draw_118,Female,0.01917808,0.07671233,122.36236,0.994497103657543
ethiopia,draw_118,Male,0.01917808,0.07671233,122.36236,0.9969581277804566
nigeria,draw_118,Female,0.0,0.01917808,122.36236,1.0039579440164281
nigeria,draw_118,Male,0.0,0.01917808,122.36236,1.0064916576152627
nigeria,draw_118,Female,0.01917808,0.07671233,122.36236,0.9950816105682739
nigeria,draw_118,Male,0.01917808,0.07671233,122.36236,0.996140862665184
pakistan,draw_118,Female,0.0,0.01917808,122.36236,1.0038157223813589
pakistan,draw_118,Male,0.0,0.01917808,122.36236,1.0074210882266297
pakistan,draw_118,Female,0.01917808,0.07671233,122.36236,0.9947712508831305
pakistan,draw_118,Male,0.01917808,0.07671233,122.36236,0.9973734267697874
ethiopia,draw_118,Female,0.0,0.01917808,122.47247,1.0033402664025663
ethiopia,draw_118,Male,0.0,0.01917808,122.47247,1.0072137504654417
ethiopia,draw_118,Female,0.01917808,0.07671233,122.47247,0.994770487095163
ethiopia,draw_118,Male,0.01917808,0.07671233,122.47247,0.997221753808484
nigeria,draw_118,Female,0.0,0.01917808,122.47247,1.0041247644939453
nigeria,draw_118,Male,0.0,0.01917808,122.47247,1.0066955382647635
nigeria,draw_118,Female,0.01917808,0.07671233,122.47247,0.9953360654616591
nigeria,draw_118,Male,0.01917808,0.07671233,122.47247,0.996426025952058
pakistan,draw_118,Female,0.0,0.01917808,122.47247,1.0040226065255684
pakistan,draw_118,Male,0.0,0.01917808,122.47247,1.0076630176043262
pakistan,draw_118,Female,0.01917808,0.07671233,122.47247,0.995007429427027
pakistan,draw_118,Male,0.01917808,0.07671233,122.47247,0.997636052901665
ethiopia,draw_118,Female,0.0,0.01917808,122.58258,1.0034918535211252
ethiopia,draw_118,Male,0.0,0.01917808,122.58258,1.0073917990175092
ethiopia,draw_118,Female,0.01917808,0.07671233,122.58258,0.9950287025299714
ethiopia,draw_118,Male,0.01917808,0.07671233,122.58258,0.9974700973616616
nigeria,draw_118,Female,0.0,0.01917808,122.58258,1.0042680665488213
nigeria,draw_118,Male,0.0,0.01917808,122.58258,1.0068797275074095
nigeria,draw_118,Female,0.01917808,0.07671233,122.58258,0.9955744943627988
nigeria,draw_118,Male,0.01917808,0.07671233,122.58258,0.9966964037382258
pakistan,draw_118,Female,0.0,0.01917808,122.58258,1.0042076948977008
pakistan,draw_118,Male,0.0,0.01917808,122.58258,1.0078848328812717
pakistan,draw_118,Female,0.01917808,0.07671233,122.58258,0.9952300670481221
pakistan,draw_118,Male,0.01917808,0.07671233,122.58258,0.9978850286476398
ethiopia,draw_118,Female,0.0,0.01917808,122.69269,1.0036229040317546
ethiopia,draw_118,Male,0.0,0.01917808,122.69269,1.0075480928405918
ethiopia,draw_118,Female,0.01917808,0.07671233,122.69269,0.9952719760552664
ethiopia,draw_118,Male,0.01917808,0.07671233,122.69269,0.9977033520183436
nigeria,draw_118,Female,0.0,0.01917808,122.69269,1.0043872160898648
nigeria,draw_118,Male,0.0,0.01917808,122.69269,1.0070452270836459
nigeria,draw_118,Female,0.01917808,0.07671233,122.69269,0.9957965117803318
nigeria,draw_118,Male,0.01917808,0.07671233,122.69269,0.9969526006116214
pakistan,draw_118,Female,0.0,0.01917808,122.69269,1.0043710608676744
pakistan,draw_118,Male,0.0,0.01917808,122.69269,1.0080869864445536
pakistan,draw_118,Female,0.01917808,0.07671233,122.69269,0.9954391731537101
pakistan,draw_118,Male,0.01917808,0.07671233,122.69269,0.9981206550116541
ethiopia,draw_118,Female,0.0,0.01917808,122.8028,1.003735542583081
ethiopia,draw_118,Male,0.0,0.01917808,122.8028,1.0076850406605706
ethiopia,draw_118,Female,0.01917808,0.07671233,122.8028,0.9955024426303145
ethiopia,draw_118,Male,0.01917808,0.07671233,122.8028,0.9979238658861206
nigeria,draw_118,Female,0.0,0.01917808,122.8028,1.004484137750626
nigeria,draw_118,Male,0.0,0.01917808,122.8028,1.0071941543065008
nigeria,draw_118,Female,0.01917808,0.07671233,122.8028,0.9960041377010619
nigeria,draw_118,Male,0.01917808,0.07671233,122.8028,0.9971967483438949
pakistan,draw_118,Female,0.0,0.01917808,122.8028,1.0045151199646698
pakistan,draw_118,Male,0.0,0.01917808,122.8028,1.0082712335695696
pakistan,draw_118,Female,0.01917808,0.07671233,122.8028,0.9956370786676877
pakistan,draw_118,Male,0.01917808,0.07671233,122.8028,0.9983448169200398
ethiopia,draw_118,Female,0.0,0.01917808,122.91291,1.0038269902898935
ethiopia,draw_118,Male,0.0,0.01917808,122.91291,1.0077995855991047
ethiopia,draw_118,Female,0.01917808,0.07671233,122.91291,0.9957173908086215
ethiopia,draw_118,Male,0.01917808,0.07671233,122.91291,0.9981288281737767
nigeria,draw_118,Female,0.0,0.01917808,122.91291,1.004557516780205
nigeria,draw_118,Male,0.0,0.01917808,122.91291,1.007322929481004
nigeria,draw_118,Female,0.01917808,0.07671233,122.91291,0.9961956114920716
nigeria,draw_118,Male,0.01917808,0.07671233,122.91291,0.9974256455400425
pakistan,draw_118,Female,0.0,0.01917808,122.91291,1.0046375830051184
pakistan,draw_118,Male,0.0,0.01917808,122.91291,1.008435548880615
pakistan,draw_118,Female,0.01917808,0.07671233,122.91291,0.995821421593297
pakistan,draw_118,Male,0.01917808,0.07671233,122.91291,0.9985553077919688
ethiopia,draw_118,Female,0.0,0.01917808,123.02302,1.0038937639377514
ethiopia,draw_118,Male,0.0,0.01917808,123.02302,1.0078881591946
ethiopia,draw_118,Female,0.01917808,0.07671233,123.02302,0.9959145721225305
ethiopia,draw_118,Male,0.01917808,0.07671233,123.02302,0.9983158781916235
nigeria,draw_118,Female,0.0,0.01917808,123.02302,1.0046007038503493
nigeria,draw_118,Male,0.0,0.01917808,123.02302,1.0074280828889537
nigeria,draw_118,Female,0.01917808,0.07671233,123.02302,0.9963667971231
nigeria,draw_118,Male,0.01917808,0.07671233,123.02302,0.9976369000177236
pakistan,draw_118,Female,0.0,0.01917808,123.02302,1.0047327271273991
pakistan,draw_118,Male,0.0,0.01917808,123.02302,1.0085752039254776
pakistan,draw_118,Female,0.01917808,0.07671233,123.02302,0.9959886756501098
pakistan,draw_118,Male,0.01917808,0.07671233,123.02302,0.9987489995461518
ethiopia,draw_118,Female,0.0,0.01917808,123.13313,1.003936292916098
ethiopia,draw_118,Male,0.0,0.01917808,123.13313,1.0079510744310554
ethiopia,draw_118,Female,0.01917808,0.07671233,123.13313,0.9960928093941819
ethiopia,draw_118,Male,0.01917808,0.07671233,123.13313,0.9984840251421334
nigeria,draw_118,Female,0.0,0.01917808,123.13313,1.0046168224845575
nigeria,draw_118,Male,0.0,0.01917808,123.13313,1.0075105763135026
nigeria,draw_118,Female,0.01917808,0.07671233,123.13313,0.996518209257569
nigeria,draw_118,Male,0.01917808,0.07671233,123.13313,0.9978299476188668
pakistan,draw_118,Female,0.0,0.01917808,123.13313,1.0048029479586402
pakistan,draw_118,Male,0.0,0.01917808,123.13313,1.0086916015573448
pakistan,draw_118,Female,0.01917808,0.07671233,123.13313,0.9961390527212978
pakistan,draw_118,Male,0.01917808,0.07671233,123.13313,0.9989257298375677
ethiopia,draw_118,Female,0.0,0.01917808,123.24324,1.0039582929570638
ethiopia,draw_118,Male,0.0,0.01917808,123.24324,1.0079917556452693
ethiopia,draw_118,Female,0.01917808,0.07671233,123.24324,0.9962557281141965
ethiopia,draw_118,Male,0.01917808,0.07671233,123.24324,0.9986365384488699
nigeria,draw_118,Female,0.0,0.01917808,123.24324,1.0046083352198734
nigeria,draw_118,Male,0.0,0.01917808,123.24324,1.0075731232225564
nigeria,draw_118,Female,0.01917808,0.07671233,123.24324,0.9966525682652144
nigeria,draw_118,Male,0.01917808,0.07671233,123.24324,0.9980076365408744
pakistan,draw_118,Female,0.0,0.01917808,123.24324,1.0048510044404548
pakistan,draw_118,Male,0.0,0.01917808,123.24324,1.0087872650973142
pakistan,draw_118,Female,0.01917808,0.07671233,123.24324,0.99627527102055
pakistan,draw_118,Male,0.01917808,0.07671233,123.24324,0.9990881438085083
ethiopia,draw_118,Female,0.0,0.01917808,123.35335,1.0039593924577923
ethiopia,draw_118,Male,0.0,0.01917808,123.35335,1.0080105647818378
ethiopia,draw_118,Female,0.01917808,0.07671233,123.35335,0.9964033834419039
ethiopia,draw_118,Male,0.01917808,0.07671233,123.35335,0.9987739287392323
nigeria,draw_118,Female,0.0,0.01917808,123.35335,1.0045746487669356
nigeria,draw_118,Male,0.0,0.01917808,123.35335,1.0076156410735413
nigeria,draw_118,Female,0.01917808,0.07671233,123.35335,0.9967697575301611
nigeria,draw_118,Male,0.01917808,0.07671233,123.35335,0.9981702201124533
pakistan,draw_118,Female,0.0,0.01917808,123.35335,1.0048762576647712
pakistan,draw_118,Male,0.0,0.01917808,123.35335,1.0088627928249096
pakistan,draw_118,Female,0.01917808,0.07671233,123.35335,0.9963972628432867
pakistan,draw_118,Male,0.01917808,0.07671233,123.35335,0.9992369089093679
ethiopia,draw_118,Female,0.0,0.01917808,123.46346,1.003940345320618
ethiopia,draw_118,Male,0.0,0.01917808,123.46346,1.0080068784191856
ethiopia,draw_118,Female,0.01917808,0.07671233,123.46346,0.9965362536578427
ethiopia,draw_118,Male,0.01917808,0.07671233,123.46346,0.9988959133590087
nigeria,draw_118,Female,0.0,0.01917808,123.46346,1.0045170822967167
nigeria,draw_118,Male,0.0,0.01917808,123.46346,1.007639256519796
nigeria,draw_118,Female,0.01917808,0.07671233,123.46346,0.9968706551587039
nigeria,draw_118,Male,0.01917808,0.07671233,123.46346,0.9983184971748877
pakistan,draw_118,Female,0.0,0.01917808,123.46346,1.0048797423807547
pakistan,draw_118,Male,0.0,0.01917808,123.46346,1.0089180054680429
pakistan,draw_118,Female,0.01917808,0.07671233,123.46346,0.9965056951787281
pakistan,draw_118,Male,0.01917808,0.07671233,123.46346,0.9993719208226342
ethiopia,draw_118,Female,0.0,0.01917808,123.57357,1.0039001411296928
ethiopia,draw_118,Male,0.0,0.01917808,123.57357,1.0079812470090546
ethiopia,draw_118,Female,0.01917808,0.07671233,123.57357,0.9966538158199233
ethiopia,draw_118,Male,0.01917808,0.07671233,123.57357,0.9990028870370465
nigeria,draw_118,Female,0.0,0.01917808,123.57357,1.00443535435161
nigeria,draw_118,Male,0.0,0.01917808,123.57357,1.007642904414487
nigeria,draw_118,Female,0.01917808,0.07671233,123.57357,0.9969551445174668
nigeria,draw_118,Male,0.01917808,0.07671233,123.57357,0.9984518277754767
pakistan,draw_118,Female,0.0,0.01917808,123.57357,1.0048615786916941
pakistan,draw_118,Male,0.0,0.01917808,123.57357,1.0089528325859207
pakistan,draw_118,Female,0.01917808,0.07671233,123.57357,0.99660061197838
pakistan,draw_118,Male,0.01917808,0.07671233,123.57357,0.9994932380382247
ethiopia,draw_118,Female,0.0,0.01917808,123.68368,1.0038381905260807
ethiopia,draw_118,Male,0.0,0.01917808,123.68368,1.0079311809053713
ethiopia,draw_118,Female,0.01917808,0.07671233,123.68368,0.9967556532588159
ethiopia,draw_118,Male,0.01917808,0.07671233,123.68368,0.9990932758118791
nigeria,draw_118,Female,0.0,0.01917808,123.68368,1.0043260597937707
nigeria,draw_118,Male,0.0,0.01917808,123.68368,1.0076249517123803
nigeria,draw_118,Female,0.01917808,0.07671233,123.68368,0.997021156566786
nigeria,draw_118,Male,0.01917808,0.07671233,123.68368,0.9985692234064292
pakistan,draw_118,Female,0.0,0.01917808,123.68368,1.0048191712469516
pakistan,draw_118,Male,0.0,0.01917808,123.68368,1.0089654131514891
pakistan,draw_118,Female,0.01917808,0.07671233,123.68368,0.9966804872140563
pakistan,draw_118,Male,0.01917808,0.07671233,123.68368,0.999599665776015
ethiopia,draw_118,Female,0.0,0.01917808,123.79379,1.0037518657266162
ethiopia,draw_118,Male,0.0,0.01917808,123.79379,1.0078564963420351
ethiopia,draw_118,Female,0.01917808,0.07671233,123.79379,0.9968401062560382
ethiopia,draw_118,Male,0.01917808,0.07671233,123.79379,0.9991670032541802
nigeria,draw_118,Female,0.0,0.01917808,123.79379,1.004189459827589
nigeria,draw_118,Male,0.0,0.01917808,123.79379,1.0075852285552653
nigeria,draw_118,Female,0.01917808,0.07671233,123.79379,0.9970688392451903
nigeria,draw_118,Male,0.01917808,0.07671233,123.79379,0.9986704706178327
pakistan,draw_118,Female,0.0,0.01917808,123.79379,1.0047518794628132
pakistan,draw_118,Male,0.0,0.01917808,123.79379,1.0089553935126025
pakistan,draw_118,Female,0.01917808,0.07671233,123.79379,0.996745039618262
pakistan,draw_118,Male,0.01917808,0.07671233,123.79379,0.9996910337398895
ethiopia,draw_118,Female,0.0,0.01917808,123.9039,1.0036439968610313
ethiopia,draw_118,Male,0.0,0.01917808,123.9039,1.0077576682772849
ethiopia,draw_118,Female,0.01917808,0.07671233,123.9039,0.9969083591611335
ethiopia,draw_118,Male,0.01917808,0.07671233,123.9039,0.9992237897047247
nigeria,draw_118,Female,0.0,0.01917808,123.9039,1.004026793298565
nigeria,draw_118,Male,0.0,0.01917808,123.9039,1.0075239452949984
nigeria,draw_118,Female,0.01917808,0.07671233,123.9039,0.9970982996892301
nigeria,draw_118,Male,0.01917808,0.07671233,123.9039,0.9987550783158171
pakistan,draw_118,Female,0.0,0.01917808,123.9039,1.0046603749125804
pakistan,draw_118,Male,0.0,0.01917808,123.9039,1.0089232972347777
pakistan,draw_118,Female,0.01917808,0.07671233,123.9039,0.9967940533713909
pakistan,draw_118,Male,0.01917808,0.07671233,123.9039,0.9997671770532942
ethiopia,draw_118,Female,0.0,0.01917808,124.01401,1.0035155988037736
ethiopia,draw_118,Male,0.0,0.01917808,124.01401,1.0076368355596703
ethiopia,draw_118,Female,0.01917808,0.07671233,124.01401,0.9969618475551332
ethiopia,draw_118,Male,0.01917808,0.07671233,124.01401,0.99926574299653
nigeria,draw_118,Female,0.0,0.01917808,124.01401,1.0038394483115054
nigeria,draw_118,Male,0.0,0.01917808,124.01401,1.0074432064342254
nigeria,draw_118,Female,0.01917808,0.07671233,124.01401,0.9971112398005775
nigeria,draw_118,Male,0.01917808,0.07671233,124.01401,0.9988253661957025
pakistan,draw_118,Female,0.0,0.01917808,124.01401,1.0045466964402476
pakistan,draw_118,Male,0.0,0.01917808,124.01401,1.0088701521743166
pakistan,draw_118,Female,0.01917808,0.07671233,124.01401,0.9968294510706265
pakistan,draw_118,Male,0.01917808,0.07671233,124.01401,0.9998295125278708
ethiopia,draw_118,Female,0.0,0.01917808,124.12412,1.0033663894950542
ethiopia,draw_118,Male,0.0,0.01917808,124.12412,1.0074932540334347
ethiopia,draw_118,Female,0.01917808,0.07671233,124.12412,0.997000336208297
ethiopia,draw_118,Male,0.01917808,0.07671233,124.12412,0.9992924425981277
nigeria,draw_118,Female,0.0,0.01917808,124.12412,1.0036258389303094
nigeria,draw_118,Male,0.0,0.01917808,124.12412,1.007342607860238
nigeria,draw_118,Female,0.01917808,0.07671233,124.12412,0.9971066957879238
nigeria,draw_118,Male,0.01917808,0.07671233,124.12412,0.9988810362188534
pakistan,draw_118,Female,0.0,0.01917808,124.12412,1.0044106942153896
pakistan,draw_118,Male,0.0,0.01917808,124.12412,1.0087964336359099
pakistan,draw_118,Female,0.01917808,0.07671233,124.12412,0.9968511586831954
pakistan,draw_118,Male,0.01917808,0.07671233,124.12412,0.9998784162078249
ethiopia,draw_118,Female,0.0,0.01917808,124.23423,1.0031941939707398
ethiopia,draw_118,Male,0.0,0.01917808,124.23423,1.0073251504009486
ethiopia,draw_118,Female,0.01917808,0.07671233,124.23423,0.9970220247129128
ethiopia,draw_118,Male,0.01917808,0.07671233,124.23423,0.9993023044002279
nigeria,draw_118,Female,0.0,0.01917808,124.23423,1.0033863760073698
nigeria,draw_118,Male,0.0,0.01917808,124.23423,1.0072198857540442
nigeria,draw_118,Female,0.01917808,0.07671233,124.23423,0.9970844068323721
nigeria,draw_118,Male,0.01917808,0.07671233,124.23423,0.9989202051135142
pakistan,draw_118,Female,0.0,0.01917808,124.23423,1.0042498013415588
pakistan,draw_118,Male,0.0,0.01917808,124.23423,1.0086998797890476
pakistan,draw_118,Female,0.01917808,0.07671233,124.23423,0.9968570348290108
pakistan,draw_118,Male,0.01917808,0.07671233,124.23423,0.9999118893434438
ethiopia,draw_118,Female,0.0,0.01917808,124.34434,1.0029980166012678
ethiopia,draw_118,Male,0.0,0.01917808,124.34434,1.0071306091533303
ethiopia,draw_118,Female,0.01917808,0.07671233,124.34434,0.9970256155522749
ethiopia,draw_118,Male,0.01917808,0.07671233,124.34434,0.9992936076924259
nigeria,draw_118,Female,0.0,0.01917808,124.34434,1.0031179545987536
nigeria,draw_118,Male,0.0,0.01917808,124.34434,1.0070734582197232
nigeria,draw_118,Female,0.01917808,0.07671233,124.34434,0.9970418196965425
nigeria,draw_118,Male,0.01917808,0.07671233,124.34434,0.9989412628503582
pakistan,draw_118,Female,0.0,0.01917808,124.34434,1.0040625507738459
pakistan,draw_118,Male,0.0,0.01917808,124.34434,1.0085784073298687
pakistan,draw_118,Female,0.01917808,0.07671233,124.34434,0.9968455571532452
pakistan,draw_118,Male,0.01917808,0.07671233,124.34434,0.9999280910359579
ethiopia,draw_118,Female,0.0,0.01917808,124.45445,1.0027725555936677
ethiopia,draw_118,Male,0.0,0.01917808,124.45445,1.0069046991859858
ethiopia,draw_118,Female,0.01917808,0.07671233,124.45445,0.9970073219814375
ethiopia,draw_118,Male,0.01917808,0.07671233,124.45445,0.9992628211901513
nigeria,draw_118,Female,0.0,0.01917808,124.45445,1.0028159933846832
nigeria,draw_118,Male,0.0,0.01917808,124.45445,1.0068992005060768
nigeria,draw_118,Female,0.01917808,0.07671233,124.45445,0.9969756306710978
nigeria,draw_118,Male,0.01917808,0.07671233,124.45445,0.9989411845172057
pakistan,draw_118,Female,0.0,0.01917808,124.45445,1.0038439898065032
pakistan,draw_118,Male,0.0,0.01917808,124.45445,1.0084282751836031
pakistan,draw_118,Female,0.01917808,0.07671233,124.45445,0.9968134735351051
pakistan,draw_118,Male,0.01917808,0.07671233,124.45445,0.9999243731358114
ethiopia,draw_118,Female,0.0,0.01917808,124.56456,1.0025161944350358
ethiopia,draw_118,Male,0.0,0.01917808,124.56456,1.0066456031592323
ethiopia,draw_118,Female,0.01917808,0.07671233,124.56456,0.9969643795727763
ethiopia,draw_118,Male,0.01917808,0.07671233,124.56456,0.9992071974467789
nigeria,draw_118,Female,0.0,0.01917808,124.56456,1.0024780429582125
nigeria,draw_118,Male,0.0,0.01917808,124.56456,1.006694877713172
nigeria,draw_118,Female,0.01917808,0.07671233,124.56456,0.9968825299990747
nigeria,draw_118,Male,0.01917808,0.07671233,124.56456,0.9989168359107374
pakistan,draw_118,Female,0.0,0.01917808,124.56456,1.0035919494746561
pakistan,draw_118,Male,0.0,0.01917808,124.56456,1.0082463165870652
pakistan,draw_118,Female,0.01917808,0.07671233,124.56456,0.9967577709873375
pakistan,draw_118,Male,0.01917808,0.07671233,124.56456,0.999897182758169
ethiopia,draw_118,Female,0.0,0.01917808,124.67467,1.0022296812981708
ethiopia,draw_118,Male,0.0,0.01917808,124.67467,1.00635513764724
ethiopia,draw_118,Female,0.01917808,0.07671233,124.67467,0.9968980347651565
ethiopia,draw_118,Male,0.01917808,0.07671233,124.67467,0.9991284249458829
nigeria,draw_118,Female,0.0,0.01917808,124.67467,1.002106562533057
nigeria,draw_118,Male,0.0,0.01917808,124.67467,1.0064613315069366
nigeria,draw_118,Female,0.01917808,0.07671233,124.67467,0.9967647133219414
nigeria,draw_118,Male,0.01917808,0.07671233,124.67467,0.9988695711183398
pakistan,draw_118,Female,0.0,0.01917808,124.67467,1.0033085479785038
pakistan,draw_118,Male,0.0,0.01917808,124.67467,1.0080337565384812
pakistan,draw_118,Female,0.01917808,0.07671233,124.67467,0.9966800077659416
pakistan,draw_118,Male,0.01917808,0.07671233,124.67467,0.9998478641655922
ethiopia,draw_118,Female,0.0,0.01917808,124.78478,1.001914210285808
ethiopia,draw_118,Male,0.0,0.01917808,124.78478,1.0060335349139238
ethiopia,draw_118,Female,0.01917808,0.07671233,124.78478,0.9968091734431503
ethiopia,draw_118,Male,0.01917808,0.07671233,124.78478,0.9990268552170107
nigeria,draw_118,Female,0.0,0.01917808,124.78478,1.001701516903029
nigeria,draw_118,Male,0.0,0.01917808,124.78478,1.0061992147756507
nigeria,draw_118,Female,0.01917808,0.07671233,124.78478,0.9966221585581657
nigeria,draw_118,Male,0.01917808,0.07671233,124.78478,0.9988000080051579
pakistan,draw_118,Female,0.0,0.01917808,124.78478,1.0029932308304788
pakistan,draw_118,Male,0.0,0.01917808,124.78478,1.0077919093839183
pakistan,draw_118,Female,0.01917808,0.07671233,124.78478,0.9965799324023082
pakistan,draw_118,Male,0.01917808,0.07671233,124.78478,0.9997773978329872
ethiopia,draw_118,Female,0.0,0.01917808,124.89489,1.0015680314184283
ethiopia,draw_118,Male,0.0,0.01917808,124.89489,1.0056790351316551
ethiopia,draw_118,Female,0.01917808,0.07671233,124.89489,0.9966964518801024
ethiopia,draw_118,Male,0.01917808,0.07671233,124.89489,0.9989017053334063
nigeria,draw_118,Female,0.0,0.01917808,124.89489,1.001262463866573
nigeria,draw_118,Male,0.0,0.01917808,124.89489,1.0059075566395563
nigeria,draw_118,Female,0.01917808,0.07671233,124.89489,0.9964544594704166
nigeria,draw_118,Male,0.01917808,0.07671233,124.89489,0.9987075594987664
pakistan,draw_118,Female,0.0,0.01917808,124.89489,1.0026461704194924
pakistan,draw_118,Male,0.0,0.01917808,124.89489,1.0075194977121993
pakistan,draw_118,Female,0.01917808,0.07671233,124.89489,0.9964577388303297
pakistan,draw_118,Male,0.01917808,0.07671233,124.89489,0.9996849425318098
ethiopia,draw_118,Female,0.0,0.01917808,125.00501,1.0011899464288339
ethiopia,draw_118,Male,0.0,0.01917808,125.00501,1.0052902934709869
ethiopia,draw_118,Female,0.01917808,0.07671233,125.00501,0.9965587496941118
ethiopia,draw_118,Male,0.01917808,0.07671233,125.00501,0.9987515707155101
nigeria,draw_118,Female,0.0,0.01917808,125.00501,1.0007876910630742
nigeria,draw_118,Male,0.0,0.01917808,125.00501,1.0055844960339249
nigeria,draw_118,Female,0.01917808,0.07671233,125.00501,0.9962602772689959
nigeria,draw_118,Male,0.01917808,0.07671233,125.00501,0.9985905285932365
pakistan,draw_118,Female,0.0,0.01917808,125.00501,1.0022643745236635
pakistan,draw_118,Male,0.0,0.01917808,125.00501,1.0072141312740674
pakistan,draw_118,Female,0.01917808,0.07671233,125.00501,0.9963110575866898
pakistan,draw_118,Male,0.01917808,0.07671233,125.00501,0.9995686101630822
ethiopia,draw_118,Female,0.0,0.01917808,125.11512,1.000778070325745
ethiopia,draw_118,Male,0.0,0.01917808,125.11512,1.0048653674659833
ethiopia,draw_118,Female,0.01917808,0.07671233,125.11512,0.9963951196648461
ethiopia,draw_118,Male,0.01917808,0.07671233,125.11512,0.9985751931402377
nigeria,draw_118,Female,0.0,0.01917808,125.11512,1.000274834208163
nigeria,draw_118,Male,0.0,0.01917808,125.11512,1.0052289644536483
nigeria,draw_118,Female,0.01917808,0.07671233,125.11512,0.9960380270282471
nigeria,draw_118,Male,0.01917808,0.07671233,125.11512,0.998448175285356
pakistan,draw_118,Female,0.0,0.01917808,125.11512,1.0018478769440837
pakistan,draw_118,Male,0.0,0.01917808,125.11512,1.0068745880217302
pakistan,draw_118,Female,0.01917808,0.07671233,125.11512,0.99613963240283
pakistan,draw_118,Male,0.01917808,0.07671233,125.11512,0.9994277193058928
ethiopia,draw_118,Female,0.0,0.01917808,125.22523,1.0004769750175402
ethiopia,draw_118,Male,0.0,0.01917808,125.22523,1.004550662296602
ethiopia,draw_118,Female,0.01917808,0.07671233,125.22523,0.9962963476123144
ethiopia,draw_118,Male,0.01917808,0.07671233,125.22523,0.998463378834609
nigeria,draw_118,Female,0.0,0.01917808,125.22523,0.9998907415844481
nigeria,draw_118,Male,0.0,0.01917808,125.22523,1.0049719818646257
nigeria,draw_118,Female,0.01917808,0.07671233,125.22523,0.9958899430090661
nigeria,draw_118,Male,0.01917808,0.07671233,125.22523,0.9983662922944391
pakistan,draw_118,Female,0.0,0.01917808,125.22523,1.0015438787193682
pakistan,draw_118,Male,0.0,0.01917808,125.22523,1.0066317312894433
pakistan,draw_118,Female,0.01917808,0.07671233,125.22523,0.9960315757958961
pakistan,draw_118,Male,0.01917808,0.07671233,125.22523,0.9993450008435735
ethiopia,draw_118,Female,0.0,0.01917808,125.33534,1.0005034867121847
ethiopia,draw_118,Male,0.0,0.01917808,125.33534,1.0045677658124725
ethiopia,draw_118,Female,0.01917808,0.07671233,125.33534,0.9963997806960192
ethiopia,draw_118,Male,0.01917808,0.07671233,125.33534,0.9985539048206205
nigeria,draw_118,Female,0.0,0.01917808,125.33534,0.999886965260373
nigeria,draw_118,Male,0.0,0.01917808,125.33534,1.0050146505757558
nigeria,draw_118,Female,0.01917808,0.07671233,125.33534,0.9959712684377543
nigeria,draw_118,Male,0.01917808,0.07671233,125.33534,0.9984762829529246
pakistan,draw_118,Female,0.0,0.01917808,125.33534,1.0015787088814894
pakistan,draw_118,Male,0.0,0.01917808,125.33534,1.0066837477235187
pakistan,draw_118,Female,0.01917808,0.07671233,125.33534,0.9961233261358162
pakistan,draw_118,Male,0.01917808,0.07671233,125.33534,0.9994462135730983
ethiopia,draw_118,Female,0.0,0.01917808,125.44545,1.0005193850827607
ethiopia,draw_118,Male,0.0,0.01917808,125.44545,1.0045729626665816
ethiopia,draw_118,Female,0.01917808,0.07671233,125.44545,0.9964913682083387
ethiopia,draw_118,Male,0.01917808,0.07671233,125.44545,0.9986323440698227
nigeria,draw_118,Female,0.0,0.01917808,125.44545,0.9998715261802237
nigeria,draw_118,Male,0.0,0.01917808,125.44545,1.0050457526660226
nigeria,draw_118,Female,0.01917808,0.07671233,125.44545,0.9960404694925777
nigeria,draw_118,Male,0.01917808,0.07671233,125.44545,0.9985739007724648
pakistan,draw_118,Female,0.0,0.01917808,125.44545,1.0016023576002322
pakistan,draw_118,Male,0.0,0.01917808,125.44545,1.0067231084532444
pakistan,draw_118,Female,0.01917808,0.07671233,125.44545,0.9962041376153914
pakistan,draw_118,Male,0.01917808,0.07671233,125.44545,0.9995353700502364
ethiopia,draw_118,Female,0.0,0.01917808,125.55556,1.0005248563936715
ethiopia,draw_118,Male,0.0,0.01917808,125.55556,1.0045659170134011
ethiopia,draw_118,Female,0.01917808,0.07671233,125.55556,0.996571100931493
ethiopia,draw_118,Male,0.01917808,0.07671233,125.55556,0.9986983420761792
nigeria,draw_118,Female,0.0,0.01917808,125.55556,0.9998448198842111
nigeria,draw_118,Male,0.0,0.01917808,125.55556,1.0050654797155127
nigeria,draw_118,Female,0.01917808,0.07671233,125.55556,0.9960976304939863
nigeria,draw_118,Male,0.01917808,0.07671233,125.55556,0.9986591472621684
pakistan,draw_118,Female,0.0,0.01917808,125.55556,1.0016139922260463
pakistan,draw_118,Male,0.0,0.01917808,125.55556,1.0067499772522426
pakistan,draw_118,Female,0.01917808,0.07671233,125.55556,0.9962733693967221
pakistan,draw_118,Male,0.01917808,0.07671233,125.55556,0.9996124482314149
ethiopia,draw_118,Female,0.0,0.01917808,125.66567,1.000518927244501
ethiopia,draw_118,Male,0.0,0.01917808,125.66567,1.0045468909124333
ethiopia,draw_118,Female,0.01917808,0.07671233,125.66567,0.9966381798609987
ethiopia,draw_118,Male,0.01917808,0.07671233,125.66567,0.9987518659835686
nigeria,draw_118,Female,0.0,0.01917808,125.66567,0.999806672498028
nigeria,draw_118,Male,0.0,0.01917808,125.66567,1.0050731124739491
nigeria,draw_118,Female,0.01917808,0.07671233,125.66567,0.9961424905749174
nigeria,draw_118,Male,0.01917808,0.07671233,125.66567,0.9987313624584725
pakistan,draw_118,Female,0.0,0.01917808,125.66567,1.001613587259318
pakistan,draw_118,Male,0.0,0.01917808,125.66567,1.0067641123536843
pakistan,draw_118,Female,0.01917808,0.07671233,125.66567,0.996330807554935
pakistan,draw_118,Male,0.01917808,0.07671233,125.66567,0.9996771334466256
ethiopia,draw_118,Female,0.0,0.01917808,125.77578,1.000501667847158
ethiopia,draw_118,Male,0.0,0.01917808,125.77578,1.0045141053514595
ethiopia,draw_118,Female,0.01917808,0.07671233,125.77578,0.9966922995457993
ethiopia,draw_118,Male,0.01917808,0.07671233,125.77578,0.9987914361873733
nigeria,draw_118,Female,0.0,0.01917808,125.77578,0.9997553749953126
nigeria,draw_118,Male,0.0,0.01917808,125.77578,1.005068816699625
nigeria,draw_118,Female,0.01917808,0.07671233,125.77578,0.9961736260069957
nigeria,draw_118,Male,0.01917808,0.07671233,125.77578,0.9987903066526188
pakistan,draw_118,Female,0.0,0.01917808,125.77578,1.0016003516087173
pakistan,draw_118,Male,0.0,0.01917808,125.77578,1.0067648479421956
pakistan,draw_118,Female,0.01917808,0.07671233,125.77578,0.9963756507051548
pakistan,draw_118,Male,0.01917808,0.07671233,125.77578,0.9997286702729602
ethiopia,draw_118,Female,0.0,0.01917808,125.88589,1.000471653017439
ethiopia,draw_118,Male,0.0,0.01917808,125.88589,1.004467492295386
ethiopia,draw_118,Female,0.01917808,0.07671233,125.88589,0.9967319519015009
ethiopia,draw_118,Male,0.01917808,0.07671233,125.88589,0.9988164881455132
nigeria,draw_118,Female,0.0,0.01917808,125.88589,0.9996903495969003
nigeria,draw_118,Male,0.0,0.01917808,125.88589,1.0050502368721794
nigeria,draw_118,Female,0.01917808,0.07671233,125.88589,0.9961900900553412
nigeria,draw_118,Male,0.01917808,0.07671233,125.88589,0.9988338809307202
pakistan,draw_118,Female,0.0,0.01917808,125.88589,1.0015733485568181
pakistan,draw_118,Male,0.0,0.01917808,125.88589,1.006750496138972
pakistan,draw_118,Female,0.01917808,0.07671233,125.88589,0.9964068664303708
pakistan,draw_118,Male,0.01917808,0.07671233,125.88589,0.9997655181714633
ethiopia,draw_118,Female,0.0,0.01917808,125.996,1.0004226774629683
ethiopia,draw_118,Male,0.0,0.01917808,125.996,1.0044011209195893
ethiopia,draw_118,Female,0.01917808,0.07671233,125.996,0.996749918680914
ethiopia,draw_118,Male,0.01917808,0.07671233,125.996,0.9988201975505855
nigeria,draw_118,Female,0.0,0.01917808,125.996,0.9996073968806835
nigeria,draw_118,Male,0.0,0.01917808,125.996,1.005012767186592
nigeria,draw_118,Female,0.01917808,0.07671233,125.996,0.9961860429049884
nigeria,draw_118,Male,0.01917808,0.07671233,125.996,0.998855952212513
pakistan,draw_118,Female,0.0,0.01917808,125.996,1.0015268097388763
pakistan,draw_118,Male,0.0,0.01917808,125.996,1.0067149589992999
pakistan,draw_118,Female,0.01917808,0.07671233,125.996,0.996418045982204
pakistan,draw_118,Male,0.01917808,0.07671233,125.996,0.999781044895951
ethiopia,draw_118,Female,0.0,0.01917808,126.10611,1.0003581652491793
ethiopia,draw_118,Male,0.0,0.01917808,126.10611,1.0043160884476399
ethiopia,draw_118,Female,0.01917808,0.07671233,126.10611,0.9967493963469927
ethiopia,draw_118,Male,0.01917808,0.07671233,126.10611,0.9988042513137723
nigeria,draw_118,Female,0.0,0.01917808,126.10611,0.9995069287375035
nigeria,draw_118,Male,0.0,0.01917808,126.10611,1.0049575029876106
nigeria,draw_118,Female,0.01917808,0.07671233,126.10611,0.9961627647791248
nigeria,draw_118,Male,0.01917808,0.07671233,126.10611,0.9988582232311579
pakistan,draw_118,Female,0.0,0.01917808,126.10611,1.0014620878554181
pakistan,draw_118,Male,0.0,0.01917808,126.10611,1.0066606549519597
pakistan,draw_118,Female,0.01917808,0.07671233,126.10611,0.996410922552064
pakistan,draw_118,Male,0.01917808,0.07671233,126.10611,0.9997776317785683
ethiopia,draw_118,Female,0.0,0.01917808,126.21622,1.0002780162261222
ethiopia,draw_118,Male,0.0,0.01917808,126.21622,1.0042143348251262
ethiopia,draw_118,Female,0.01917808,0.07671233,126.21622,0.996730486011085
ethiopia,draw_118,Male,0.01917808,0.07671233,126.21622,0.9987699930673138
nigeria,draw_118,Female,0.0,0.01917808,126.21622,0.9993901149238644
nigeria,draw_118,Male,0.0,0.01917808,126.21622,1.0048853002722022
nigeria,draw_118,Female,0.01917808,0.07671233,126.21622,0.996121117409046
nigeria,draw_118,Male,0.01917808,0.07671233,126.21622,0.998841399478793
pakistan,draw_118,Female,0.0,0.01917808,126.21622,1.0013801270017553
pakistan,draw_118,Male,0.0,0.01917808,126.21622,1.0065876078785416
pakistan,draw_118,Female,0.01917808,0.07671233,126.21622,0.996386203538575
pakistan,draw_118,Male,0.01917808,0.07671233,126.21622,0.9997554154756594
ethiopia,draw_118,Female,0.0,0.01917808,126.32633,1.0001812412931015
ethiopia,draw_118,Male,0.0,0.01917808,126.32633,1.0040943229749146
ethiopia,draw_118,Female,0.01917808,0.07671233,126.32633,0.996692533298903
ethiopia,draw_118,Male,0.01917808,0.07671233,126.32633,0.9987164569107283
nigeria,draw_118,Female,0.0,0.01917808,126.32633,0.9992566366912399
nigeria,draw_118,Male,0.0,0.01917808,126.32633,1.0047964904653217
nigeria,draw_118,Female,0.01917808,0.07671233,126.32633,0.9960609031959738
nigeria,draw_118,Male,0.01917808,0.07671233,126.32633,0.9988056454175155
pakistan,draw_118,Female,0.0,0.01917808,126.32633,1.0012810347272767
pakistan,draw_118,Male,0.0,0.01917808,126.32633,1.0064961466785771
pakistan,draw_118,Female,0.01917808,0.07671233,126.32633,0.99634392595268
pakistan,draw_118,Male,0.01917808,0.07671233,126.32633,0.9997145915252699
ethiopia,draw_118,Female,0.0,0.01917808,126.43644,1.0000700293381966
ethiopia,draw_118,Male,0.0,0.01917808,126.43644,1.0039581085941889
ethiopia,draw_118,Female,0.01917808,0.07671233,126.43644,0.9966373756003887
ethiopia,draw_118,Male,0.01917808,0.07671233,126.43644,0.9986453495615776
nigeria,draw_118,Female,0.0,0.01917808,126.43644,0.999108125073589
nigeria,draw_118,Male,0.0,0.01917808,126.43644,1.0046909064167224
nigeria,draw_118,Female,0.01917808,0.07671233,126.43644,0.9959835952899615
nigeria,draw_118,Male,0.01917808,0.07671233,126.43644,0.9987513037001082
pakistan,draw_118,Female,0.0,0.01917808,126.43644,1.0011651927685887
pakistan,draw_118,Male,0.0,0.01917808,126.43644,1.0063869082746413
pakistan,draw_118,Female,0.01917808,0.07671233,126.43644,0.9962847482678883
pakistan,draw_118,Male,0.01917808,0.07671233,126.43644,0.9996559549016433
ethiopia,draw_118,Female,0.0,0.01917808,126.54655,0.999945613738432
ethiopia,draw_118,Male,0.0,0.01917808,126.54655,1.0038070286420921
ethiopia,draw_118,Female,0.01917808,0.07671233,126.54655,0.9965668533037776
ethiopia,draw_118,Male,0.01917808,0.07671233,126.54655,0.9985585009943112
nigeria,draw_118,Female,0.0,0.01917808,126.54655,0.9989456670837529
nigeria,draw_118,Male,0.0,0.01917808,126.54655,1.0045718568677158
nigeria,draw_118,Female,0.01917808,0.07671233,126.54655,0.9958908749195649
nigeria,draw_118,Male,0.01917808,0.07671233,126.54655,0.9986815293689192
pakistan,draw_118,Female,0.0,0.01917808,126.54655,1.0010351850249888
pakistan,draw_118,Male,0.0,0.01917808,126.54655,1.0062631019623578
pakistan,draw_118,Female,0.01917808,0.07671233,126.54655,0.9962111335652329
pakistan,draw_118,Male,0.01917808,0.07671233,126.54655,0.9995824354464905
ethiopia,draw_118,Female,0.0,0.01917808,126.65666,0.9998085634619183
ethiopia,draw_118,Male,0.0,0.01917808,126.65666,1.0036416590424886
ethiopia,draw_118,Female,0.01917808,0.07671233,126.65666,0.9964816869333997
ethiopia,draw_118,Male,0.01917808,0.07671233,126.65666,0.9984566032343167
nigeria,draw_118,Female,0.0,0.01917808,126.65666,0.9987700337069022
nigeria,draw_118,Male,0.0,0.01917808,126.65666,1.0044395189192385
nigeria,draw_118,Female,0.01917808,0.07671233,126.65666,0.9957835839119353
nigeria,draw_118,Male,0.01917808,0.07671233,126.65666,0.9985967972953191
pakistan,draw_118,Female,0.0,0.01917808,126.65666,1.000891591874279
pakistan,draw_118,Male,0.0,0.01917808,126.65666,1.0061242033186937
pakistan,draw_118,Female,0.01917808,0.07671233,126.65666,0.996123729534978
pakistan,draw_118,Male,0.01917808,0.07671233,126.65666,0.9994940140491186
ethiopia,draw_118,Female,0.0,0.01917808,126.76677,0.9996593153619896
ethiopia,draw_118,Male,0.0,0.01917808,126.76677,1.0034631891453047
ethiopia,draw_118,Female,0.01917808,0.07671233,126.76677,0.9963822353031488
ethiopia,draw_118,Male,0.01917808,0.07671233,126.76677,0.9983404331590353
nigeria,draw_118,Female,0.0,0.01917808,126.76677,0.9985809476480105
nigeria,draw_118,Male,0.0,0.01917808,126.76677,1.0042937355670885
nigeria,draw_118,Female,0.01917808,0.07671233,126.76677,0.9956615850022678
nigeria,draw_118,Male,0.01917808,0.07671233,126.76677,0.9984970465121031
pakistan,draw_118,Female,0.0,0.01917808,126.76677,1.0007342144746223
pakistan,draw_118,Male,0.0,0.01917808,126.76677,1.005970817959257
pakistan,draw_118,Female,0.01917808,0.07671233,126.76677,0.996022475667272
pakistan,draw_118,Male,0.01917808,0.07671233,126.76677,0.9993911071490182
ethiopia,draw_118,Female,0.0,0.01917808,126.87688,0.9994992584469822
ethiopia,draw_118,Male,0.0,0.01917808,126.87688,1.0032726505657898
ethiopia,draw_118,Female,0.01917808,0.07671233,126.87688,0.9962702898776781
ethiopia,draw_118,Male,0.01917808,0.07671233,126.87688,0.998211511740265
nigeria,draw_118,Female,0.0,0.01917808,126.87688,0.9983817639403322
nigeria,draw_118,Male,0.0,0.01917808,126.87688,1.0041363622740573
nigeria,draw_118,Female,0.01917808,0.07671233,126.87688,0.9955278459154099
nigeria,draw_118,Male,0.01917808,0.07671233,126.87688,0.9983843673005107
pakistan,draw_118,Female,0.0,0.01917808,126.87688,1.0005658644295472
pakistan,draw_118,Male,0.0,0.01917808,126.87688,1.005805064143155
pakistan,draw_118,Female,0.01917808,0.07671233,126.87688,0.9959098524145686
pakistan,draw_118,Male,0.01917808,0.07671233,126.87688,0.9992758216448733
ethiopia,draw_118,Female,0.0,0.01917808,126.98699,0.9993276147299727
ethiopia,draw_118,Male,0.0,0.01917808,126.98699,1.003070176564052
ethiopia,draw_118,Female,0.01917808,0.07671233,126.98699,0.9961451358612818
ethiopia,draw_118,Male,0.01917808,0.07671233,126.98699,0.9980696584969169
nigeria,draw_118,Female,0.0,0.01917808,126.98699,0.9981703140256645
nigeria,draw_118,Male,0.0,0.01917808,126.98699,1.0039675026562078
nigeria,draw_118,Female,0.01917808,0.07671233,126.98699,0.9953807869212982
nigeria,draw_118,Male,0.01917808,0.07671233,126.98699,0.9982586055017043
pakistan,draw_118,Female,0.0,0.01917808,126.98699,1.0003850398548033
pakistan,draw_118,Male,0.0,0.01917808,126.98699,1.0056261641864463
pakistan,draw_118,Female,0.01917808,0.07671233,126.98699,0.9957847035745135
pakistan,draw_118,Male,0.01917808,0.07671233,126.98699,0.999147439434796
ethiopia,draw_118,Female,0.0,0.01917808,127.0971,0.9991454622384786
ethiopia,draw_118,Male,0.0,0.01917808,127.0971,1.0028551970742796
ethiopia,draw_118,Female,0.01917808,0.07671233,127.0971,0.9960074210367834
ethiopia,draw_118,Male,0.01917808,0.07671233,127.0971,0.9979145005659111
nigeria,draw_118,Female,0.0,0.01917808,127.0971,0.9979474534990421
nigeria,draw_118,Male,0.0,0.01917808,127.0971,1.003785987914454
nigeria,draw_118,Female,0.01917808,0.07671233,127.0971,0.9952209095207069
nigeria,draw_118,Male,0.01917808,0.07671233,127.0971,0.9981189996454992
pakistan,draw_118,Female,0.0,0.01917808,127.0971,1.0001920059307234
pakistan,draw_118,Male,0.0,0.01917808,127.0971,1.0054341652094223
pakistan,draw_118,Female,0.01917808,0.07671233,127.0971,0.9956471779245153
pakistan,draw_118,Male,0.01917808,0.07671233,127.0971,0.9990059506250963
ethiopia,draw_118,Female,0.0,0.01917808,127.20721,0.9989523268314208
ethiopia,draw_118,Male,0.0,0.01917808,127.20721,1.002627930542381
ethiopia,draw_118,Female,0.01917808,0.07671233,127.20721,0.9958568074753754
ethiopia,draw_118,Male,0.01917808,0.07671233,127.20721,0.9977461566117606
nigeria,draw_118,Female,0.0,0.01917808,127.20721,0.9977133062099505
nigeria,draw_118,Male,0.0,0.01917808,127.20721,1.00359337416873
nigeria,draw_118,Female,0.01917808,0.07671233,127.20721,0.9950482960863825
nigeria,draw_118,Male,0.01917808,0.07671233,127.20721,0.9979665285234085
pakistan,draw_118,Female,0.0,0.01917808,127.20721,0.99998634065746
pakistan,draw_118,Male,0.0,0.01917808,127.20721,1.0052295668530682
pakistan,draw_118,Female,0.01917808,0.07671233,127.20721,0.9954969873443534
pakistan,draw_118,Male,0.01917808,0.07671233,127.20721,0.998851669539317
ethiopia,draw_118,Female,0.0,0.01917808,127.31732,0.998747706882161
ethiopia,draw_118,Male,0.0,0.01917808,127.31732,1.0023890338018655
ethiopia,draw_118,Female,0.01917808,0.07671233,127.31732,0.9956929828392512
ethiopia,draw_118,Male,0.01917808,0.07671233,127.31732,0.9975650460346576
nigeria,draw_118,Female,0.0,0.01917808,127.31732,0.9974682704533776
nigeria,draw_118,Male,0.0,0.01917808,127.31732,1.0033889162002518
nigeria,draw_118,Female,0.01917808,0.07671233,127.31732,0.9948631675651093
nigeria,draw_118,Male,0.01917808,0.07671233,127.31732,0.9978006906840451
pakistan,draw_118,Female,0.0,0.01917808,127.31732,0.9997695103278669
pakistan,draw_118,Male,0.0,0.01917808,127.31732,1.0050122241249038
pakistan,draw_118,Female,0.01917808,0.07671233,127.31732,0.9953349972659253
pakistan,draw_118,Male,0.01917808,0.07671233,127.31732,0.9986844833696327
ethiopia,draw_118,Female,0.0,0.01917808,127.42743,0.9985310555487587
ethiopia,draw_118,Male,0.0,0.01917808,127.42743,1.0021368090213605
ethiopia,draw_118,Female,0.01917808,0.07671233,127.42743,0.9955145832678093
ethiopia,draw_118,Male,0.01917808,0.07671233,127.42743,0.9973691162419325
nigeria,draw_118,Female,0.0,0.01917808,127.42743,0.9972102266896112
nigeria,draw_118,Male,0.0,0.01917808,127.42743,1.0031710727495569
nigeria,draw_118,Female,0.01917808,0.07671233,127.42743,0.9946631911345654
nigeria,draw_118,Male,0.01917808,0.07671233,127.42743,0.997619503791678
pakistan,draw_118,Female,0.0,0.01917808,127.42743,0.9995390820530863
pakistan,draw_118,Male,0.0,0.01917808,127.42743,1.0047805690033544
pakistan,draw_118,Female,0.01917808,0.07671233,127.42743,0.9951588468422009
pakistan,draw_118,Male,0.01917808,0.07671233,127.42743,0.9985025243651504
ethiopia,draw_118,Female,0.0,0.01917808,127.53754,0.9983049495074456
ethiopia,draw_118,Male,0.0,0.01917808,127.53754,1.0018734151096016
ethiopia,draw_118,Female,0.01917808,0.07671233,127.53754,0.9953246746062618
ethiopia,draw_118,Male,0.01917808,0.07671233,127.53754,0.9971611143677119
nigeria,draw_118,Female,0.0,0.01917808,127.53754,0.9969431946568544
nigeria,draw_118,Male,0.0,0.01917808,127.53754,1.002943210806939
nigeria,draw_118,Female,0.01917808,0.07671233,127.53754,0.9944522628200074
nigeria,draw_118,Male,0.01917808,0.07671233,127.53754,0.9974265234886929
pakistan,draw_118,Female,0.0,0.01917808,127.53754,0.9992986640068184
pakistan,draw_118,Male,0.0,0.01917808,127.53754,1.0045374207146112
pakistan,draw_118,Female,0.01917808,0.07671233,127.53754,0.9949719553704703
pakistan,draw_118,Male,0.01917808,0.07671233,127.53754,0.998308786649607
ethiopia,draw_118,Female,0.0,0.01917808,127.64765,0.9980685362201058
ethiopia,draw_118,Male,0.0,0.01917808,127.64765,1.0015994532187877
ethiopia,draw_118,Female,0.01917808,0.07671233,127.64765,0.9951224954487532
ethiopia,draw_118,Male,0.01917808,0.07671233,127.64765,0.9969411808629632
nigeria,draw_118,Female,0.0,0.01917808,127.64765,0.9966655680741954
nigeria,draw_118,Male,0.0,0.01917808,127.64765,1.0027039750226003
nigeria,draw_118,Female,0.01917808,0.07671233,127.64765,0.994229154181925
nigeria,draw_118,Male,0.01917808,0.07671233,127.64765,0.9972206686390529
pakistan,draw_118,Female,0.0,0.01917808,127.64765,0.9990469788511159
pakistan,draw_118,Male,0.0,0.01917808,127.64765,1.0042821789833254
pakistan,draw_118,Female,0.01917808,0.07671233,127.64765,0.9947733728249166
pakistan,draw_118,Male,0.01917808,0.07671233,127.64765,0.9981027141847207
ethiopia,draw_118,Female,0.0,0.01917808,127.75776,0.997821804294132
ethiopia,draw_118,Male,0.0,0.01917808,127.75776,1.0013141377994341
ethiopia,draw_118,Female,0.01917808,0.07671233,127.75776,0.994907773146327
ethiopia,draw_118,Male,0.01917808,0.07671233,127.75776,0.9967085554724556
nigeria,draw_118,Female,0.0,0.01917808,127.75776,0.9963769183306278
nigeria,draw_118,Male,0.0,0.01917808,127.75776,1.002453969851476
nigeria,draw_118,Female,0.01917808,0.07671233,127.75776,0.9939933799936145
nigeria,draw_118,Male,0.01917808,0.07671233,127.75776,0.997002073021219
pakistan,draw_118,Female,0.0,0.01917808,127.75776,0.9987835694255273
pakistan,draw_118,Male,0.0,0.01917808,127.75776,1.0040153155857792
pakistan,draw_118,Female,0.01917808,0.07671233,127.75776,0.994562592581321
pakistan,draw_118,Male,0.01917808,0.07671233,127.75776,0.9978843772829395
ethiopia,draw_118,Female,0.0,0.01917808,127.86787,0.9975650001757208
ethiopia,draw_118,Male,0.0,0.01917808,127.86787,1.0010171607802587
ethiopia,draw_118,Female,0.01917808,0.07671233,127.86787,0.9946805425428472
ethiopia,draw_118,Male,0.01917808,0.07671233,127.86787,0.9964629632859154
nigeria,draw_118,Female,0.0,0.01917808,127.86787,0.9960782448726863
nigeria,draw_118,Male,0.0,0.01917808,127.86787,1.0021922498873388
nigeria,draw_118,Female,0.01917808,0.07671233,127.86787,0.9937454629705494
nigeria,draw_118,Male,0.01917808,0.07671233,127.86787,0.996770065640841
pakistan,draw_118,Female,0.0,0.01917808,127.86787,0.9985089544396745
pakistan,draw_118,Male,0.0,0.01917808,127.86787,1.0037358885466048
pakistan,draw_118,Female,0.01917808,0.07671233,127.86787,0.9943398665952076
pakistan,draw_118,Male,0.01917808,0.07671233,127.86787,0.9976531025394856
ethiopia,draw_118,Female,0.0,0.01917808,127.97798,0.9972965190436568
ethiopia,draw_118,Male,0.0,0.01917808,127.97798,1.0007091945070579
ethiopia,draw_118,Female,0.01917808,0.07671233,127.97798,0.9944398157372577
ethiopia,draw_118,Male,0.01917808,0.07671233,127.97798,0.996204804367189
nigeria,draw_118,Female,0.0,0.01917808,127.97798,0.9957686044823759
nigeria,draw_118,Male,0.0,0.01917808,127.97798,1.0019192038501574
nigeria,draw_118,Female,0.01917808,0.07671233,127.97798,0.9934848262511671
nigeria,draw_118,Male,0.01917808,0.07671233,127.97798,0.9965248999389642
pakistan,draw_118,Female,0.0,0.01917808,127.97798,0.9982223652835329
pakistan,draw_118,Male,0.0,0.01917808,127.97798,1.0034433643287137
pakistan,draw_118,Female,0.01917808,0.07671233,127.97798,0.9941047051186784
pakistan,draw_118,Male,0.01917808,0.07671233,127.97798,0.9974085534895656
ethiopia,draw_118,Female,0.0,0.01917808,128.08809,0.9970166365615675
ethiopia,draw_118,Male,0.0,0.01917808,128.08809,1.0003877708493523
ethiopia,draw_118,Female,0.01917808,0.07671233,128.08809,0.9941853766542237
ethiopia,draw_118,Male,0.01917808,0.07671233,128.08809,0.9959322320845453
nigeria,draw_118,Female,0.0,0.01917808,128.08809,0.9954467724962527
nigeria,draw_118,Male,0.0,0.01917808,128.08809,1.001633429129114
nigeria,draw_118,Female,0.01917808,0.07671233,128.08809,0.9932103061651809
nigeria,draw_118,Male,0.01917808,0.07671233,128.08809,0.9962652729347258
pakistan,draw_118,Female,0.0,0.01917808,128.08809,0.9979236670038997
pakistan,draw_118,Male,0.0,0.01917808,128.08809,1.0031376691142113
pakistan,draw_118,Female,0.01917808,0.07671233,128.08809,0.993856632586834
pakistan,draw_118,Male,0.01917808,0.07671233,128.08809,0.9971503269867219
ethiopia,draw_118,Female,0.0,0.01917808,128.1982,0.996724986168018
ethiopia,draw_118,Male,0.0,0.01917808,128.1982,1.0000536299081468
ethiopia,draw_118,Female,0.01917808,0.07671233,128.1982,0.9939170750409259
ethiopia,draw_118,Male,0.01917808,0.07671233,128.1982,0.9956457674681962
nigeria,draw_118,Female,0.0,0.01917808,128.1982,0.9951134328383899
nigeria,draw_118,Male,0.0,0.01917808,128.1982,1.0013353698721283
nigeria,draw_118,Female,0.01917808,0.07671233,128.1982,0.9929223731125281
nigeria,draw_118,Male,0.01917808,0.07671233,128.1982,0.9959915754555188
pakistan,draw_118,Female,0.0,0.01917808,128.1982,0.9976116383639673
pakistan,draw_118,Male,0.0,0.01917808,128.1982,1.0028188460646243
pakistan,draw_118,Female,0.01917808,0.07671233,128.1982,0.9935949468271051
pakistan,draw_118,Male,0.01917808,0.07671233,128.1982,0.9968785162318796
ethiopia,draw_118,Female,0.0,0.01917808,128.30831,0.996423259438086
ethiopia,draw_118,Male,0.0,0.01917808,128.30831,0.9997083533582941
ethiopia,draw_118,Female,0.01917808,0.07671233,128.30831,0.9936366433177025
ethiopia,draw_118,Male,0.01917808,0.07671233,128.30831,0.9953470120267321
nigeria,draw_118,Female,0.0,0.01917808,128.30831,0.9947690471444123
nigeria,draw_118,Male,0.0,0.01917808,128.30831,1.0010258646322412
nigeria,draw_118,Female,0.01917808,0.07671233,128.30831,0.9926220247936044
nigeria,draw_118,Male,0.01917808,0.07671233,128.30831,0.9957049849060727
pakistan,draw_118,Female,0.0,0.01917808,128.30831,0.997288405560272
pakistan,draw_118,Male,0.0,0.01917808,128.30831,1.0024871707946206
pakistan,draw_118,Female,0.01917808,0.07671233,128.30831,0.9933215428975293
pakistan,draw_118,Male,0.01917808,0.07671233,128.30831,0.9965938808233392
ethiopia,draw_118,Female,0.0,0.01917808,128.41842,0.9961111316922941
ethiopia,draw_118,Male,0.0,0.01917808,128.41842,0.999352199578216
ethiopia,draw_118,Female,0.01917808,0.07671233,128.41842,0.9933442574046685
ethiopia,draw_118,Male,0.01917808,0.07671233,128.41842,0.9950364680503623
nigeria,draw_118,Female,0.0,0.01917808,128.41842,0.9944151881421652
nigeria,draw_118,Male,0.0,0.01917808,128.41842,1.0007058639204112
nigeria,draw_118,Female,0.01917808,0.07671233,128.41842,0.992310581260317
nigeria,draw_118,Male,0.01917808,0.07671233,128.41842,0.9954064942301011
pakistan,draw_118,Female,0.0,0.01917808,128.41842,0.9969551275371371
pakistan,draw_118,Male,0.0,0.01917808,128.41842,1.0021441851853499
pakistan,draw_118,Female,0.01917808,0.07671233,128.41842,0.9930374594260558
pakistan,draw_118,Male,0.01917808,0.07671233,128.41842,0.9962977008653059
ethiopia,draw_118,Female,0.0,0.01917808,128.52853,0.9957901026164954
ethiopia,draw_118,Male,0.0,0.01917808,128.52853,0.9989863287497271
ethiopia,draw_118,Female,0.01917808,0.07671233,128.52853,0.9930412525868381
ethiopia,draw_118,Male,0.01917808,0.07671233,128.52853,0.9947152979216137
nigeria,draw_118,Female,0.0,0.01917808,128.52853,0.9940511997697287
nigeria,draw_118,Male,0.0,0.01917808,128.52853,1.00037594534789
nigeria,draw_118,Female,0.01917808,0.07671233,128.52853,0.9919880255054888
nigeria,draw_118,Male,0.01917808,0.07671233,128.52853,0.9950968620088617
pakistan,draw_118,Female,0.0,0.01917808,128.52853,0.9966116617211003
pakistan,draw_118,Male,0.0,0.01917808,128.52853,1.0017905133606415
pakistan,draw_118,Female,0.01917808,0.07671233,128.52853,0.9927429619983956
pakistan,draw_118,Male,0.01917808,0.07671233,128.52853,0.995990697267419
ethiopia,draw_118,Female,0.0,0.01917808,128.63864,0.9954601124962238
ethiopia,draw_118,Male,0.0,0.01917808,128.63864,0.9986100015972046
ethiopia,draw_118,Female,0.01917808,0.07671233,128.63864,0.9927279210836054
ethiopia,draw_118,Male,0.01917808,0.07671233,128.63864,0.9943832960627725
nigeria,draw_118,Female,0.0,0.01917808,128.63864,0.9936788215283877
nigeria,draw_118,Male,0.0,0.01917808,128.63864,1.0000368115696312
nigeria,draw_118,Female,0.01917808,0.07671233,128.63864,0.9916557251272266
nigeria,draw_118,Male,0.01917808,0.07671233,128.63864,0.994776831576562
pakistan,draw_118,Female,0.0,0.01917808,128.63864,0.996258634008416
pakistan,draw_118,Male,0.0,0.01917808,128.63864,1.0014269273870609
pakistan,draw_118,Female,0.01917808,0.07671233,128.63864,0.9924387064256838
pakistan,draw_118,Male,0.01917808,0.07671233,128.63864,0.9956736340393633
ethiopia,draw_118,Female,0.0,0.01917808,128.74875,0.9951217288927897
ethiopia,draw_118,Male,0.0,0.01917808,128.74875,0.9982253072169637
ethiopia,draw_118,Female,0.01917808,0.07671233,128.74875,0.9924047150525656
ethiopia,draw_118,Male,0.01917808,0.07671233,128.74875,0.9940418117649019
nigeria,draw_118,Female,0.0,0.01917808,128.74875,0.9932980078463773
nigeria,draw_118,Male,0.0,0.01917808,128.74875,0.9996883720134334
nigeria,draw_118,Female,0.01917808,0.07671233,128.74875,0.9913137518620418
nigeria,draw_118,Male,0.01917808,0.07671233,128.74875,0.9944464078474321
pakistan,draw_118,Female,0.0,0.01917808,128.74875,0.9958961445175044
pakistan,draw_118,Male,0.0,0.01917808,128.74875,1.0010535925838822
pakistan,draw_118,Female,0.01917808,0.07671233,128.74875,0.9921248102378917
pakistan,draw_118,Male,0.01917808,0.07671233,128.74875,0.9953466622766866
ethiopia,draw_118,Female,0.0,0.01917808,128.85886,0.9947728884123557
ethiopia,draw_118,Male,0.0,0.01917808,128.85886,0.9978286775477678
ethiopia,draw_118,Female,0.01917808,0.07671233,128.85886,0.9920695166233241
ethiopia,draw_118,Male,0.01917808,0.07671233,128.85886,0.9936878941859827
nigeria,draw_118,Female,0.0,0.01917808,128.85886,0.9929057336199943
nigeria,draw_118,Male,0.0,0.01917808,128.85886,0.9993286850143323
nigeria,draw_118,Female,0.01917808,0.07671233,128.85886,0.9909594823254332
nigeria,draw_118,Male,0.01917808,0.07671233,128.85886,0.994103561111844
pakistan,draw_118,Female,0.0,0.01917808,128.85886,0.9955228508405853
pakistan,draw_118,Male,0.0,0.01917808,128.85886,1.0006682069370385
pakistan,draw_118,Female,0.01917808,0.07671233,128.85886,0.9917997635083536
pakistan,draw_118,Male,0.01917808,0.07671233,128.85886,0.9950076787046296
ethiopia,draw_118,Female,0.0,0.01917808,128.96897,0.9944159108860303
ethiopia,draw_118,Male,0.0,0.01917808,128.96897,0.9974242208390355
ethiopia,draw_118,Female,0.01917808,0.07671233,128.96897,0.9917248742863545
ethiopia,draw_118,Male,0.01917808,0.07671233,128.96897,0.9933251296096337
nigeria,draw_118,Female,0.0,0.01917808,128.96897,0.9925062290791231
nigeria,draw_118,Male,0.0,0.01917808,128.96897,0.998961092781245
nigeria,draw_118,Female,0.01917808,0.07671233,128.96897,0.9905965673742556
nigeria,draw_118,Male,0.01917808,0.07671233,128.96897,0.9937515239494263
pakistan,draw_118,Female,0.0,0.01917808,128.96897,0.9951408610701565
pakistan,draw_118,Male,0.0,0.01917808,128.96897,1.0002735519465562
pakistan,draw_118,Female,0.01917808,0.07671233,128.96897,0.9914657621734991
pakistan,draw_118,Male,0.01917808,0.07671233,128.96897,0.994659339679335
ethiopia,draw_118,Female,0.0,0.01917808,129.07908,0.9940511111195067
ethiopia,draw_118,Male,0.0,0.01917808,129.07908,0.9970103628022284
ethiopia,draw_118,Female,0.01917808,0.07671233,129.07908,0.9913709217996007
ethiopia,draw_118,Male,0.01917808,0.07671233,129.07908,0.9929524745254552
nigeria,draw_118,Female,0.0,0.01917808,129.07908,0.992097799485446
nigeria,draw_118,Male,0.0,0.01917808,129.07908,0.9985843680024713
nigeria,draw_118,Female,0.01917808,0.07671233,129.07908,0.9902239386027398
nigeria,draw_118,Male,0.01917808,0.07671233,129.07908,0.9933894395847508
pakistan,draw_118,Female,0.0,0.01917808,129.07908,0.9947506923632801
pakistan,draw_118,Male,0.0,0.01917808,129.07908,0.999869988416218
pakistan,draw_118,Female,0.01917808,0.07671233,129.07908,0.9911230636348313
pakistan,draw_118,Male,0.01917808,0.07671233,129.07908,0.9943018387299113
ethiopia,draw_118,Female,0.0,0.01917808,129.18919,0.9936783027598873
ethiopia,draw_118,Male,0.0,0.01917808,129.18919,0.9965879436446997
ethiopia,draw_118,Female,0.01917808,0.07671233,129.18919,0.9910075337039316
ethiopia,draw_118,Male,0.01917808,0.07671233,129.18919,0.992570454454396
nigeria,draw_118,Female,0.0,0.01917808,129.18919,0.9916817523783656
nigeria,draw_118,Male,0.0,0.01917808,129.18919,0.9981993651782788
nigeria,draw_118,Female,0.01917808,0.07671233,129.18919,0.9898423612150088
nigeria,draw_118,Male,0.01917808,0.07671233,129.18919,0.9930178596241921
pakistan,draw_118,Female,0.0,0.01917808,129.18919,0.9943518863018463
pakistan,draw_118,Male,0.0,0.01917808,129.18919,0.9994568936977022
pakistan,draw_118,Female,0.01917808,0.07671233,129.18919,0.9907713850757556
pakistan,draw_118,Male,0.01917808,0.07671233,129.18919,0.9939348027848351
ethiopia,draw_118,Female,0.0,0.01917808,129.2993,0.993297585300996
ethiopia,draw_118,Male,0.0,0.01917808,129.2993,0.996157188361614
ethiopia,draw_118,Female,0.01917808,0.07671233,129.2993,0.9906347544431278
ethiopia,draw_118,Male,0.01917808,0.07671233,129.2993,0.9921792044001395
nigeria,draw_118,Female,0.0,0.01917808,129.2993,0.9912577272142472
nigeria,draw_118,Male,0.0,0.01917808,129.2993,0.9978058188848791
nigeria,draw_118,Female,0.01917808,0.07671233,129.2993,0.9894516195813966
nigeria,draw_118,Male,0.01917808,0.07671233,129.2993,0.992636642492171
pakistan,draw_118,Female,0.0,0.01917808,129.2993,0.993943994043693
pakistan,draw_118,Male,0.0,0.01917808,129.2993,0.999034135008838
pakistan,draw_118,Female,0.01917808,0.07671233,129.2993,0.990410484117954
pakistan,draw_118,Male,0.01917808,0.07671233,129.2993,0.993558106257237
ethiopia,draw_118,Female,0.0,0.01917808,129.40941,0.9929087003839004
ethiopia,draw_118,Male,0.0,0.01917808,129.40941,0.9957174257633653
ethiopia,draw_118,Female,0.01917808,0.07671233,129.40941,0.9902524292871184
ethiopia,draw_118,Male,0.01917808,0.07671233,129.40941,0.9917783203593828
nigeria,draw_118,Female,0.0,0.01917808,129.40941,0.9908259655333618
nigeria,draw_118,Male,0.0,0.01917808,129.40941,0.9974037480172453
nigeria,draw_118,Female,0.01917808,0.07671233,129.40941,0.9890517978018686
nigeria,draw_118,Male,0.01917808,0.07671233,129.40941,0.9922457602321334
pakistan,draw_118,Female,0.0,0.01917808,129.40941,0.9935276986598505
pakistan,draw_118,Male,0.0,0.01917808,129.40941,0.9986027921882374
pakistan,draw_118,Female,0.01917808,0.07671233,129.40941,0.9900407648620804
pakistan,draw_118,Male,0.01917808,0.07671233,129.40941,0.9931723872767196
ethiopia,draw_118,Female,0.0,0.01917808,129.51952,0.9925108455635336
ethiopia,draw_118,Male,0.0,0.01917808,129.51952,0.9952679925580874
ethiopia,draw_118,Female,0.01917808,0.07671233,129.51952,0.9898594038079593
ethiopia,draw_118,Male,0.01917808,0.07671233,129.51952,0.9913667991658035
nigeria,draw_118,Female,0.0,0.01917808,129.51952,0.9903843931248862
nigeria,draw_118,Male,0.0,0.01917808,129.51952,0.996991227671572
nigeria,draw_118,Female,0.01917808,0.07671233,129.51952,0.9886410527511927
nigeria,draw_118,Male,0.01917808,0.07671233,129.51952,0.99184339127115
pakistan,draw_118,Female,0.0,0.01917808,129.51952,0.9931018069368569
pakistan,draw_118,Male,0.0,0.01917808,129.51952,0.9981603612587768
pakistan,draw_118,Female,0.01917808,0.07671233,129.51952,0.9896609468453166
pakistan,draw_118,Male,0.01917808,0.07671233,129.51952,0.9927755937569384
ethiopia,draw_118,Female,0.0,0.01917808,129.62963,0.992103223340483
ethiopia,draw_118,Male,0.0,0.01917808,129.62963,0.9948085076584439
ethiopia,draw_118,Female,0.01917808,0.07671233,129.62963,0.9894551627348299
ethiopia,draw_118,Male,0.01917808,0.07671233,129.62963,0.9909443790271839
nigeria,draw_118,Female,0.0,0.01917808,129.62963,0.9899335762665018
nigeria,draw_118,Male,0.0,0.01917808,129.62963,0.9965689774393268
nigeria,draw_118,Female,0.01917808,0.07671233,129.62963,0.9882197283388995
nigeria,draw_118,Male,0.01917808,0.07671233,129.62963,0.9914299345294104
pakistan,draw_118,Female,0.0,0.01917808,129.62963,0.9926653685400888
pakistan,draw_118,Male,0.0,0.01917808,129.62963,0.9977074524019506
pakistan,draw_118,Female,0.01917808,0.07671233,129.62963,0.9892704175724193
pakistan,draw_118,Male,0.01917808,0.07671233,129.62963,0.9923680937926485
ethiopia,draw_118,Female,0.0,0.01917808,129.73974,0.9916868922167421
ethiopia,draw_118,Male,0.0,0.01917808,129.73974,0.9943397204411679
ethiopia,draw_118,Female,0.01917808,0.07671233,129.73974,0.9890408044900024
ethiopia,draw_118,Male,0.01917808,0.07671233,129.73974,0.9905119887959405
nigeria,draw_118,Female,0.0,0.01917808,129.73974,0.9894743015136404
nigeria,draw_118,Male,0.0,0.01917808,129.73974,0.9961381165177098
nigeria,draw_118,Female,0.01917808,0.07671233,129.73974,0.9877887137224869
nigeria,draw_118,Male,0.01917808,0.07671233,129.73974,0.9910065509480231
pakistan,draw_118,Female,0.0,0.01917808,129.73974,0.9922203521806471
pakistan,draw_118,Male,0.0,0.01917808,129.73974,0.9972447132313128
pakistan,draw_118,Female,0.01917808,0.07671233,129.73974,0.9888707272232494
pakistan,draw_118,Male,0.01917808,0.07671233,129.73974,0.9919506799318712
ethiopia,draw_118,Female,0.0,0.01917808,129.84985,0.9912623855840133
ethiopia,draw_118,Male,0.0,0.01917808,129.84985,0.9938617164629993
ethiopia,draw_118,Female,0.01917808,0.07671233,129.84985,0.9886166816792967
ethiopia,draw_118,Male,0.01917808,0.07671233,129.84985,0.9900696227610033
nigeria,draw_118,Female,0.0,0.01917808,129.84985,0.9890066014584733
nigeria,draw_118,Male,0.0,0.01917808,129.84985,0.995697583894291
nigeria,draw_118,Female,0.01917808,0.07671233,129.84985,0.9873480650490475
nigeria,draw_118,Male,0.01917808,0.07671233,129.84985,0.990572596425411
pakistan,draw_118,Female,0.0,0.01917808,129.84985,0.9917658912523152
pakistan,draw_118,Male,0.0,0.01917808,129.84985,0.9967720448357686
pakistan,draw_118,Female,0.01917808,0.07671233,129.84985,0.988461390538894
pakistan,draw_118,Male,0.01917808,0.07671233,129.84985,0.9915232750122578
ethiopia,draw_118,Female,0.0,0.01917808,129.95996,0.9908294260174297
ethiopia,draw_118,Male,0.0,0.01917808,129.95996,0.9933747235130993
ethiopia,draw_118,Female,0.01917808,0.07671233,129.95996,0.9881825812198283
ethiopia,draw_118,Male,0.01917808,0.07671233,129.95996,0.9896174058502346
nigeria,draw_118,Female,0.0,0.01917808,129.95996,0.9885302625469745
nigeria,draw_118,Male,0.0,0.01917808,129.95996,0.9952482897504774
nigeria,draw_118,Female,0.01917808,0.07671233,129.95996,0.9868975782406202
nigeria,draw_118,Male,0.01917808,0.07671233,129.95996,0.9901286544888308
pakistan,draw_118,Female,0.0,0.01917808,129.95996,0.991302881889952
pakistan,draw_118,Male,0.0,0.01917808,129.95996,0.9962901874215432
pakistan,draw_118,Female,0.01917808,0.07671233,129.95996,0.9880428635540689
pakistan,draw_118,Male,0.01917808,0.07671233,129.95996,0.9910862611389897
ethiopia,draw_118,Female,0.0,0.01917808,130.07007,0.9903868945838643
ethiopia,draw_118,Male,0.0,0.01917808,130.07007,0.9928782175573571
ethiopia,draw_118,Female,0.01917808,0.07671233,130.07007,0.987737605386907
ethiopia,draw_118,Male,0.01917808,0.07671233,130.07007,0.9891548509667417
nigeria,draw_118,Female,0.0,0.01917808,130.07007,0.988044674347564
nigeria,draw_118,Male,0.0,0.01917808,130.07007,0.9947887049964904
nigeria,draw_118,Female,0.01917808,0.07671233,130.07007,0.9864366935531034
nigeria,draw_118,Male,0.01917808,0.07671233,130.07007,0.9896735535725009
pakistan,draw_118,Female,0.0,0.01917808,130.07007,0.9908297929659845
pakistan,draw_118,Male,0.0,0.01917808,130.07007,0.9957976604933141
pakistan,draw_118,Female,0.01917808,0.07671233,130.07007,0.9876140615590229
pakistan,draw_118,Male,0.01917808,0.07671233,130.07007,0.990638566958977
ethiopia,draw_118,Female,0.0,0.01917808,130.18018,0.9899360752079802
ethiopia,draw_118,Male,0.0,0.01917808,130.18018,0.9923716998878007
ethiopia,draw_118,Female,0.01917808,0.07671233,130.18018,0.9872824268569964
ethiopia,draw_118,Male,0.01917808,0.07671233,130.18018,0.9886815900660059
nigeria,draw_118,Female,0.0,0.01917808,130.18018,0.9875500425905983
nigeria,draw_118,Male,0.0,0.01917808,130.18018,0.9943202335036322
nigeria,draw_118,Female,0.01917808,0.07671233,130.18018,0.9859654298410729
nigeria,draw_118,Male,0.01917808,0.07671233,130.18018,0.9892080654569392
pakistan,draw_118,Female,0.0,0.01917808,130.18018,0.9903478125843517
pakistan,draw_118,Male,0.0,0.01917808,130.18018,0.9952948722999058
pakistan,draw_118,Female,0.01917808,0.07671233,130.18018,0.9871756046737297
pakistan,draw_118,Male,0.01917808,0.07671233,130.18018,0.9901803533613729
ethiopia,draw_118,Female,0.0,0.01917808,130.29029,0.989474387399041
ethiopia,draw_118,Male,0.0,0.01917808,130.29029,0.9918540903774093
ethiopia,draw_118,Female,0.01917808,0.07671233,130.29029,0.9868144654836994
ethiopia,draw_118,Male,0.01917808,0.07671233,130.29029,0.9881959759364315
nigeria,draw_118,Female,0.0,0.01917808,130.29029,0.9870446477733679
nigeria,draw_118,Male,0.0,0.01917808,130.29029,0.9938400214435393
nigeria,draw_118,Female,0.01917808,0.07671233,130.29029,0.9854817263195562
nigeria,draw_118,Male,0.01917808,0.07671233,130.29029,0.9887294225156867
pakistan,draw_118,Female,0.0,0.01917808,130.29029,0.9898538632556263
pakistan,draw_118,Male,0.0,0.01917808,130.29029,0.9947802045710965
pakistan,draw_118,Female,0.01917808,0.07671233,130.29029,0.9867247729199419
pakistan,draw_118,Male,0.01917808,0.07671233,130.29029,0.9897097391441422
ethiopia,draw_118,Female,0.0,0.01917808,130.4004,0.9890033179029478
ethiopia,draw_118,Male,0.0,0.01917808,130.4004,0.9913263890083996
ethiopia,draw_118,Female,0.01917808,0.07671233,130.4004,0.9863357579519345
ethiopia,draw_118,Male,0.01917808,0.07671233,130.4004,0.9876996069813997
nigeria,draw_118,Female,0.0,0.01917808,130.4004,0.9865306665858583
nigeria,draw_118,Male,0.0,0.01917808,130.4004,0.9933495564745956
nigeria,draw_118,Female,0.01917808,0.07671233,130.4004,0.9849880357557904
nigeria,draw_118,Male,0.01917808,0.07671233,130.4004,0.9882396300948664
pakistan,draw_118,Female,0.0,0.01917808,130.4004,0.9893502036392843
pakistan,draw_118,Male,0.0,0.01917808,130.4004,0.9942549750800471
pakistan,draw_118,Female,0.01917808,0.07671233,130.4004,0.9862638783832919
pakistan,draw_118,Male,0.01917808,0.07671233,130.4004,0.9892284814171005
ethiopia,draw_118,Female,0.0,0.01917808,130.51051,0.9885230144824805
ethiopia,draw_118,Male,0.0,0.01917808,130.51051,0.9907895786255655
ethiopia,draw_118,Female,0.01917808,0.07671233,130.51051,0.9858463903879741
ethiopia,draw_118,Male,0.01917808,0.07671233,130.51051,0.98719311207536
nigeria,draw_118,Female,0.0,0.01917808,130.51051,0.9860069620174667
nigeria,draw_118,Male,0.0,0.01917808,130.51051,0.9928497659726901
nigeria,draw_118,Female,0.01917808,0.07671233,130.51051,0.9844835825070901
nigeria,draw_118,Male,0.01917808,0.07671233,130.51051,0.9877392619563139
pakistan,draw_118,Female,0.0,0.01917808,130.51051,0.9888372485614819
pakistan,draw_118,Male,0.0,0.01917808,130.51051,0.9937198262152828
pakistan,draw_118,Female,0.01917808,0.07671233,130.51051,0.98579313746435
pakistan,draw_118,Male,0.01917808,0.07671233,130.51051,0.988736962120778
ethiopia,draw_118,Female,0.0,0.01917808,130.62062,0.9880341310849451
ethiopia,draw_118,Male,0.0,0.01917808,130.62062,0.9902436148065309
ethiopia,draw_118,Female,0.01917808,0.07671233,130.62062,0.985346945498583
ethiopia,draw_118,Male,0.01917808,0.07671233,130.62062,0.9866765966922516
nigeria,draw_118,Female,0.0,0.01917808,130.62062,0.9854749192391427
nigeria,draw_118,Male,0.0,0.01917808,130.62062,0.9923409844155384
nigeria,draw_118,Female,0.01917808,0.07671233,130.62062,0.9839693903500322
nigeria,draw_118,Male,0.01917808,0.07671233,130.62062,0.9872287694878845
pakistan,draw_118,Female,0.0,0.01917808,130.62062,0.9883152609219568
pakistan,draw_118,Male,0.0,0.01917808,130.62062,0.9931748227520434
pakistan,draw_118,Female,0.01917808,0.07671233,130.62062,0.9853128818547646
pakistan,draw_118,Male,0.01917808,0.07671233,130.62062,0.9882354200450401
ethiopia,draw_118,Female,0.0,0.01917808,130.73073,0.9875372417015273
ethiopia,draw_118,Male,0.0,0.01917808,130.73073,0.9896896717376306
ethiopia,draw_118,Female,0.01917808,0.07671233,130.73073,0.9848380929667205
ethiopia,draw_118,Male,0.01917808,0.07671233,130.73073,0.986151077842008
nigeria,draw_118,Female,0.0,0.01917808,130.73073,0.9849351218219533
nigeria,draw_118,Male,0.0,0.01917808,130.73073,0.991823280835104
nigeria,draw_118,Female,0.01917808,0.07671233,130.73073,0.9834461351163709
nigeria,draw_118,Male,0.01917808,0.07671233,130.73073,0.986708448901296
pakistan,draw_118,Female,0.0,0.01917808,130.73073,0.987784992153195
pakistan,draw_118,Male,0.0,0.01917808,130.73073,0.9926209794284837
pakistan,draw_118,Female,0.01917808,0.07671233,130.73073,0.9848238175539293
pakistan,draw_118,Male,0.01917808,0.07671233,130.73073,0.9877247685003847
ethiopia,draw_118,Female,0.0,0.01917808,130.84084,0.9870331766319974
ethiopia,draw_118,Male,0.0,0.01917808,130.84084,0.989127680482906
ethiopia,draw_118,Female,0.01917808,0.07671233,130.84084,0.9843206259149502
ethiopia,draw_118,Male,0.01917808,0.07671233,130.84084,0.9856168599462904
nigeria,draw_118,Female,0.0,0.01917808,130.84084,0.9843887566896995
nigeria,draw_118,Male,0.0,0.01917808,130.84084,0.9912984735219152
nigeria,draw_118,Female,0.01917808,0.07671233,130.84084,0.982914827641411
nigeria,draw_118,Male,0.01917808,0.07671233,130.84084,0.9861796795409437
pakistan,draw_118,Female,0.0,0.01917808,130.84084,0.9872468372488559
pakistan,draw_118,Male,0.0,0.01917808,130.84084,0.9920587651916944
pakistan,draw_118,Female,0.01917808,0.07671233,130.84084,0.984326410647446
pakistan,draw_118,Male,0.01917808,0.07671233,130.84084,0.9872055053338104
ethiopia,draw_118,Female,0.0,0.01917808,130.95095,0.9865211549665004
ethiopia,draw_118,Male,0.0,0.01917808,130.95095,0.9885575423664785
ethiopia,draw_118,Female,0.01917808,0.07671233,130.95095,0.9837934396074285
ethiopia,draw_118,Male,0.01917808,0.07671233,130.95095,0.9850732429712941
nigeria,draw_118,Female,0.0,0.01917808,130.95095,0.9838343726808758
nigeria,draw_118,Male,0.0,0.01917808,130.95095,0.9907643301900106
nigeria,draw_118,Female,0.01917808,0.07671233,130.95095,0.9823740006119971
nigeria,draw_118,Male,0.01917808,0.07671233,130.95095,0.985640516264356
pakistan,draw_118,Female,0.0,0.01917808,130.95095,0.9867003860687873
pakistan,draw_118,Male,0.0,0.01917808,130.95095,0.9914878361767037
pakistan,draw_118,Female,0.01917808,0.07671233,130.95095,0.9838199814863925
pakistan,draw_118,Male,0.01917808,0.07671233,130.95095,0.9866769257909798
ethiopia,draw_118,Female,0.0,0.01917808,131.06106,0.9860015564372959
ethiopia,draw_118,Male,0.0,0.01917808,131.06106,0.9879801130697194
ethiopia,draw_118,Female,0.01917808,0.07671233,131.06106,0.983256982269717
ethiopia,draw_118,Male,0.01917808,0.07671233,131.06106,0.9845208602390979
nigeria,draw_118,Female,0.0,0.01917808,131.06106,0.9832725436652565
nigeria,draw_118,Male,0.0,0.01917808,131.06106,0.9902224819605486
nigeria,draw_118,Female,0.01917808,0.07671233,131.06106,0.9818241622267581
nigeria,draw_118,Male,0.01917808,0.07671233,131.06106,0.9850922037637909
pakistan,draw_118,Female,0.0,0.01917808,131.06106,0.9861461582406653
pakistan,draw_118,Male,0.0,0.01917808,131.06106,0.9909078062481375
pakistan,draw_118,Female,0.01917808,0.07671233,131.06106,0.9833049070108417
pakistan,draw_118,Male,0.01917808,0.07671233,131.06106,0.9861389404545611
ethiopia,draw_118,Female,0.0,0.01917808,131.17117,0.985474277282139
ethiopia,draw_118,Male,0.0,0.01917808,131.17117,0.9873941973976725
ethiopia,draw_118,Female,0.01917808,0.07671233,131.17117,0.9827115618925172
ethiopia,draw_118,Male,0.01917808,0.07671233,131.17117,0.9839594595976253
nigeria,draw_118,Female,0.0,0.01917808,131.17117,0.9827039911567864
nigeria,draw_118,Male,0.0,0.01917808,131.17117,0.9896723894219348
nigeria,draw_118,Female,0.01917808,0.07671233,131.17117,0.9812661347529577
nigeria,draw_118,Male,0.01917808,0.07671233,131.17117,0.9845347707553866
pakistan,draw_118,Female,0.0,0.01917808,131.17117,0.9855840465762726
pakistan,draw_118,Male,0.0,0.01917808,131.17117,0.9903195322881738
pakistan,draw_118,Female,0.01917808,0.07671233,131.17117,0.9827814492652068
pakistan,draw_118,Male,0.01917808,0.07671233,131.17117,0.9855923752050849
ethiopia,draw_118,Female,0.0,0.01917808,131.28128,0.9849392800058483
ethiopia,draw_118,Male,0.0,0.01917808,131.28128,0.9868016180792734
ethiopia,draw_118,Female,0.01917808,0.07671233,131.28128,0.9821570926911797
ethiopia,draw_118,Male,0.01917808,0.07671233,131.28128,0.9833901234363602
nigeria,draw_118,Female,0.0,0.01917808,131.28128,0.9821285446765428
nigeria,draw_118,Male,0.0,0.01917808,131.28128,0.9891149422631136
nigeria,draw_118,Female,0.01917808,0.07671233,131.28128,0.9806998297679528
nigeria,draw_118,Male,0.01917808,0.07671233,131.28128,0.9839688342274544
pakistan,draw_118,Female,0.0,0.01917808,131.28128,0.9850141935534579
pakistan,draw_118,Male,0.0,0.01917808,131.28128,0.9897230882621495
pakistan,draw_118,Female,0.01917808,0.07671233,131.28128,0.9822496868661277
pakistan,draw_118,Male,0.01917808,0.07671233,131.28128,0.9850372482738884
ethiopia,draw_118,Female,0.0,0.01917808,131.39139,0.9843975194912888
ethiopia,draw_118,Male,0.0,0.01917808,131.39139,0.9862008053959793
ethiopia,draw_118,Female,0.01917808,0.07671233,131.39139,0.9815942155255536
ethiopia,draw_118,Male,0.01917808,0.07671233,131.39139,0.9828118813601681
nigeria,draw_118,Female,0.0,0.01917808,131.39139,0.9815454691152502
nigeria,draw_118,Male,0.0,0.01917808,131.39139,0.9885486030008368
nigeria,draw_118,Female,0.01917808,0.07671233,131.39139,0.9801248296778238
nigeria,draw_118,Male,0.01917808,0.07671233,131.39139,0.9833934002060157
pakistan,draw_118,Female,0.0,0.01917808,131.39139,0.9844363458706863
pakistan,draw_118,Male,0.0,0.01917808,131.39139,0.9891184403978405
pakistan,draw_118,Female,0.01917808,0.07671233,131.39139,0.9817095118066377
pakistan,draw_118,Male,0.01917808,0.07671233,131.39139,0.9844736003440998
ethiopia,draw_118,Female,0.0,0.01917808,131.5015,0.9838476525261309
ethiopia,draw_118,Male,0.0,0.01917808,131.5015,0.9855926801822865
ethiopia,draw_118,Female,0.01917808,0.07671233,131.5015,0.9810221159081324
ethiopia,draw_118,Male,0.01917808,0.07671233,131.5015,0.98222533762242
nigeria,draw_118,Female,0.0,0.01917808,131.5015,0.9809566046364747
nigeria,draw_118,Male,0.0,0.01917808,131.5015,0.9879749727368748
nigeria,draw_118,Female,0.01917808,0.07671233,131.5015,0.979542226824151
nigeria,draw_118,Male,0.01917808,0.07671233,131.5015,0.9828094943732241
pakistan,draw_118,Female,0.0,0.01917808,131.5015,0.9838512852587193
pakistan,draw_118,Male,0.0,0.01917808,131.5015,0.9885060791065128
pakistan,draw_118,Female,0.01917808,0.07671233,131.5015,0.9811613764185523
pakistan,draw_118,Male,0.01917808,0.07671233,131.5015,0.9839016794212769
ethiopia,draw_118,Female,0.0,0.01917808,131.61161,0.9832900426155632
ethiopia,draw_118,Male,0.0,0.01917808,131.61161,0.984977003805759
ethiopia,draw_118,Female,0.01917808,0.07671233,131.61161,0.9804409409555875
ethiopia,draw_118,Male,0.01917808,0.07671233,131.61161,0.9816301940749665
nigeria,draw_118,Female,0.0,0.01917808,131.61161,0.9803597337504494
nigeria,draw_118,Male,0.0,0.01917808,131.61161,0.9873937094951016
nigeria,draw_118,Female,0.01917808,0.07671233,131.61161,0.978950627808045
nigeria,draw_118,Male,0.01917808,0.07671233,131.61161,0.9822167308811199
pakistan,draw_118,Female,0.0,0.01917808,131.61161,0.9832584567310984
pakistan,draw_118,Male,0.0,0.01917808,131.61161,0.9878850963352843
pakistan,draw_118,Female,0.01917808,0.07671233,131.61161,0.9806048213491785
pakistan,draw_118,Male,0.01917808,0.07671233,131.61161,0.9833208559955536
ethiopia,draw_118,Female,0.0,0.01917808,131.72172,0.9827235364182827
ethiopia,draw_118,Male,0.0,0.01917808,131.72172,0.984352251311058
ethiopia,draw_118,Female,0.01917808,0.07671233,131.72172,0.9798491239509661
ethiopia,draw_118,Male,0.01917808,0.07671233,131.72172,0.981024804271222
nigeria,draw_118,Female,0.0,0.01917808,131.72172,0.9797545879917308
nigeria,draw_118,Male,0.0,0.01917808,131.72172,0.9868028145719605
nigeria,draw_118,Female,0.01917808,0.07671233,131.72172,0.9783489950319696
nigeria,draw_118,Male,0.01917808,0.07671233,131.72172,0.9816131175007584
pakistan,draw_118,Female,0.0,0.01917808,131.72172,0.9826567079875171
pakistan,draw_118,Male,0.0,0.01917808,131.72172,0.9872539121382256
pakistan,draw_118,Female,0.01917808,0.07671233,131.72172,0.9800384883786817
pakistan,draw_118,Male,0.01917808,0.07671233,131.72172,0.9827295165199331
ethiopia,draw_118,Female,0.0,0.01917808,131.83183,0.9821491684215569
ethiopia,draw_118,Male,0.0,0.01917808,131.83183,0.9837198891241736
ethiopia,draw_118,Female,0.01917808,0.07671233,131.83183,0.9792482191911116
ethiopia,draw_118,Male,0.01917808,0.07671233,131.83183,0.9804108155417359
nigeria,draw_118,Female,0.0,0.01917808,131.83183,0.9791419366678364
nigeria,draw_118,Male,0.0,0.01917808,131.83183,0.9862031044306538
nigeria,draw_118,Female,0.01917808,0.07671233,131.83183,0.9777386843428728
nigeria,draw_118,Male,0.01917808,0.07671233,131.83183,0.9810000302908045
pakistan,draw_118,Female,0.0,0.01917808,131.83183,0.9820461909244486
pakistan,draw_118,Male,0.0,0.01917808,131.83183,0.9866143886217671
pakistan,draw_118,Female,0.01917808,0.07671233,131.83183,0.979463246846862
pakistan,draw_118,Male,0.01917808,0.07671233,131.83183,0.9821295564523529
ethiopia,draw_118,Female,0.0,0.01917808,131.94194,0.9815675008137249
ethiopia,draw_118,Male,0.0,0.01917808,131.94194,0.9830798804362899
ethiopia,draw_118,Female,0.01917808,0.07671233,131.94194,0.978638562465676
ethiopia,draw_118,Male,0.01917808,0.07671233,131.94194,0.9797882998429049
nigeria,draw_118,Female,0.0,0.01917808,131.94194,0.9785233040129373
nigeria,draw_118,Male,0.0,0.01917808,131.94194,0.9855959886476299
nigeria,draw_118,Female,0.01917808,0.07671233,131.94194,0.977120596959822
nigeria,draw_118,Male,0.01917808,0.07671233,131.94194,0.9803783541426513
pakistan,draw_118,Female,0.0,0.01917808,131.94194,0.9814287581651655
pakistan,draw_118,Male,0.0,0.01917808,131.94194,0.9859667132570329
pakistan,draw_118,Female,0.01917808,0.07671233,131.94194,0.9788802234167963
pakistan,draw_118,Male,0.01917808,0.07671233,131.94194,0.9815210700276753
ethiopia,draw_118,Female,0.0,0.01917808,132.05205,0.9809783112566923
ethiopia,draw_118,Male,0.0,0.01917808,132.05205,0.9824320230901167
ethiopia,draw_118,Female,0.01917808,0.07671233,132.05205,0.9780199784104604
ethiopia,draw_118,Male,0.01917808,0.07671233,132.05205,0.9791570728487116
nigeria,draw_118,Female,0.0,0.01917808,132.05205,0.9778967109603802
nigeria,draw_118,Male,0.0,0.01917808,132.05205,0.9849808472394858
nigeria,draw_118,Female,0.01917808,0.07671233,132.05205,0.9764935158918053
nigeria,draw_118,Male,0.01917808,0.07671233,132.05205,0.9797477840407459
pakistan,draw_118,Female,0.0,0.01917808,132.05205,0.9808034950779942
pakistan,draw_118,Male,0.0,0.01917808,132.05205,0.9853107739567184
pakistan,draw_118,Female,0.01917808,0.07671233,132.05205,0.9782888597288931
pakistan,draw_118,Male,0.01917808,0.07671233,132.05205,0.9809040471448769
ethiopia,draw_118,Female,0.0,0.01917808,132.16216,0.9803824550715264
ethiopia,draw_118,Male,0.0,0.01917808,132.16216,0.9817765999196036
ethiopia,draw_118,Female,0.01917808,0.07671233,132.16216,0.9773931146815228
ethiopia,draw_118,Male,0.01917808,0.07671233,132.16216,0.9785173745045419
nigeria,draw_118,Female,0.0,0.01917808,132.16216,0.9772634360223954
nigeria,draw_118,Male,0.0,0.01917808,132.16216,0.9843580454409717
nigeria,draw_118,Female,0.01917808,0.07671233,132.16216,0.975858275675664
nigeria,draw_118,Male,0.01917808,0.07671233,132.16216,0.9791085235705641
pakistan,draw_118,Female,0.0,0.01917808,132.16216,0.9801706799700886
pakistan,draw_118,Male,0.0,0.01917808,132.16216,0.9846469561250341
pakistan,draw_118,Female,0.01917808,0.07671233,132.16216,0.9776893730102479
pakistan,draw_118,Male,0.01917808,0.07671233,132.16216,0.9802787418994651
ethiopia,draw_118,Female,0.0,0.01917808,132.27227,0.9797793026831273
ethiopia,draw_118,Male,0.0,0.01917808,132.27227,0.9811146367798471
ethiopia,draw_118,Female,0.01917808,0.07671233,132.27227,0.9767577365144327
ethiopia,draw_118,Male,0.01917808,0.07671233,132.27227,0.9778701075052582
nigeria,draw_118,Female,0.0,0.01917808,132.27227,0.9766240909968861
nigeria,draw_118,Male,0.0,0.01917808,132.27227,0.9837272450451594
nigeria,draw_118,Female,0.01917808,0.07671233,132.27227,0.9752155974308597
nigeria,draw_118,Male,0.01917808,0.07671233,132.27227,0.9784605482956024
pakistan,draw_118,Female,0.0,0.01917808,132.27227,0.9795307309094822
pakistan,draw_118,Male,0.0,0.01917808,132.27227,0.9839755434989079
pakistan,draw_118,Female,0.01917808,0.07671233,132.27227,0.9770822258311113
pakistan,draw_118,Male,0.01917808,0.07671233,132.27227,0.979645514693312
ethiopia,draw_118,Female,0.0,0.01917808,132.38238,0.979169379671458
ethiopia,draw_118,Male,0.0,0.01917808,132.38238,0.9804462203953294
ethiopia,draw_118,Female,0.01917808,0.07671233,132.38238,0.9761144876935194
ethiopia,draw_118,Male,0.01917808,0.07671233,132.38238,0.9772156094196263
nigeria,draw_118,Female,0.0,0.01917808,132.38238,0.9759780841763439
nigeria,draw_118,Male,0.0,0.01917808,132.38238,0.9830903431000261
nigeria,draw_118,Female,0.01917808,0.07671233,132.38238,0.9745653391266877
nigeria,draw_118,Male,0.01917808,0.07671233,132.38238,0.9778053949146646
pakistan,draw_118,Female,0.0,0.01917808,132.38238,0.9788842731593328
pakistan,draw_118,Male,0.0,0.01917808,132.38238,0.9832969123544061
pakistan,draw_118,Female,0.01917808,0.07671233,132.38238,0.9764680254503486
pakistan,draw_118,Male,0.01917808,0.07671233,132.38238,0.9790049231948832
ethiopia,draw_118,Female,0.0,0.01917808,132.49249,0.9785539405056932
ethiopia,draw_118,Male,0.0,0.01917808,132.49249,0.9797720849618817
ethiopia,draw_118,Female,0.01917808,0.07671233,132.49249,0.9754647641412728
ethiopia,draw_118,Male,0.01917808,0.07671233,132.49249,0.9765548922255486
nigeria,draw_118,Female,0.0,0.01917808,132.49249,0.975327023247822
nigeria,draw_118,Male,0.0,0.01917808,132.49249,0.9824473936990482
nigeria,draw_118,Female,0.01917808,0.07671233,132.49249,0.9739090230603149
nigeria,draw_118,Male,0.01917808,0.07671233,132.49249,0.9771436509746507
pakistan,draw_118,Female,0.0,0.01917808,132.49249,0.9782320655413235
pakistan,draw_118,Male,0.0,0.01917808,132.49249,0.9826123258315945
pakistan,draw_118,Female,0.01917808,0.07671233,132.49249,0.9758477163122873
pakistan,draw_118,Male,0.01917808,0.07671233,132.49249,0.9783582004732548
ethiopia,draw_118,Female,0.0,0.01917808,132.6026,0.9779332741558244
ethiopia,draw_118,Male,0.0,0.01917808,132.6026,0.9790935651975246
ethiopia,draw_118,Female,0.01917808,0.07671233,132.6026,0.9748091462066966
ethiopia,draw_118,Male,0.01917808,0.07671233,132.6026,0.9758891322810342
nigeria,draw_118,Female,0.0,0.01917808,132.6026,0.9746718802547406
nigeria,draw_118,Male,0.0,0.01917808,132.6026,0.9817989514197634
nigeria,draw_118,Female,0.01917808,0.07671233,132.6026,0.973247655276964
nigeria,draw_118,Male,0.01917808,0.07671233,132.6026,0.9764760019984722
pakistan,draw_118,Female,0.0,0.01917808,132.6026,0.9775754194373201
pakistan,draw_118,Male,0.0,0.01917808,132.6026,0.9819225884542971
pakistan,draw_118,Female,0.01917808,0.07671233,132.6026,0.9752224750417829
pakistan,draw_118,Male,0.01917808,0.07671233,132.6026,0.9777061425365373
ethiopia,draw_118,Female,0.0,0.01917808,132.71271,0.9773076854450775
ethiopia,draw_118,Male,0.0,0.01917808,132.71271,0.9784105070824094
ethiopia,draw_118,Female,0.01917808,0.07671233,132.71271,0.9741478856729184
ethiopia,draw_118,Male,0.01917808,0.07671233,132.71271,0.9752182451449252
nigeria,draw_118,Female,0.0,0.01917808,132.71271,0.9740120451108437
nigeria,draw_118,Male,0.0,0.01917808,132.71271,0.9811458060924947
nigeria,draw_118,Female,0.01917808,0.07671233,132.71271,0.9725808948729808
nigeria,draw_118,Male,0.01917808,0.07671233,132.71271,0.9758029158762999
pakistan,draw_118,Female,0.0,0.01917808,132.71271,0.9769138834355018
pakistan,draw_118,Male,0.0,0.01917808,132.71271,0.981227608242478
pakistan,draw_118,Female,0.01917808,0.07671233,132.71271,0.9745920596118551
pakistan,draw_118,Male,0.01917808,0.07671233,132.71271,0.9770486910950131
ethiopia,draw_118,Female,0.0,0.01917808,132.82282,0.976677502522534
ethiopia,draw_118,Male,0.0,0.01917808,132.82282,0.9777217954754993
ethiopia,draw_118,Female,0.01917808,0.07671233,132.82282,0.9734811014096566
ethiopia,draw_118,Male,0.01917808,0.07671233,132.82282,0.9745416011797071
nigeria,draw_118,Female,0.0,0.01917808,132.82282,0.9733480189683451
nigeria,draw_118,Male,0.0,0.01917808,132.82282,0.9804872933913852
nigeria,draw_118,Female,0.01917808,0.07671233,132.82282,0.9719089396688473
nigeria,draw_118,Male,0.01917808,0.07671233,132.82282,0.9751240877528202
pakistan,draw_118,Female,0.0,0.01917808,132.82282,0.9762469741462875
pakistan,draw_118,Male,0.0,0.01917808,132.82282,0.980527015611205
pakistan,draw_118,Female,0.01917808,0.07671233,132.82282,0.9739562428796197
pakistan,draw_118,Male,0.01917808,0.07671233,132.82282,0.9763856742879478
ethiopia,draw_118,Female,0.0,0.01917808,132.93293,0.9760423051040864
ethiopia,draw_118,Male,0.0,0.01917808,132.93293,0.9770289737082918
ethiopia,draw_118,Female,0.01917808,0.07671233,132.93293,0.97280855297003
ethiopia,draw_118,Male,0.01917808,0.07671233,132.93293,0.9738600808266341
nigeria,draw_118,Female,0.0,0.01917808,132.93293,0.9726795417517534
nigeria,draw_118,Male,0.0,0.01917808,132.93293,0.9798232988283578
nigeria,draw_118,Female,0.01917808,0.07671233,132.93293,0.9712316666090083
nigeria,draw_118,Male,0.01917808,0.07671233,132.93293,0.974439529022582
pakistan,draw_118,Female,0.0,0.01917808,132.93293,0.9755761719084055
pakistan,draw_118,Male,0.0,0.01917808,132.93293,0.9798215076335454
pakistan,draw_118,Female,0.01917808,0.07671233,132.93293,0.9733158295793112
pakistan,draw_118,Male,0.01917808,0.07671233,132.93293,0.9757174650029304
ethiopia,draw_118,Female,0.0,0.01917808,133.04304,0.9754017041652895
ethiopia,draw_118,Male,0.0,0.01917808,133.04304,0.9763312537608003
ethiopia,draw_118,Female,0.01917808,0.07671233,133.04304,0.9721299586512234
ethiopia,draw_118,Male,0.01917808,0.07671233,133.04304,0.9731731052087109
nigeria,draw_118,Female,0.0,0.01917808,133.04304,0.9720053726001007
nigeria,draw_118,Male,0.0,0.01917808,133.04304,0.9791541770961586
nigeria,draw_118,Female,0.01917808,0.07671233,133.04304,0.9705482952283904
nigeria,draw_118,Male,0.01917808,0.07671233,133.04304,0.973749346068565
pakistan,draw_118,Female,0.0,0.01917808,133.04304,0.9748994383373478
pakistan,draw_118,Male,0.0,0.01917808,133.04304,0.9791105255640246
pakistan,draw_118,Female,0.01917808,0.07671233,133.04304,0.9726695424555434
pakistan,draw_118,Male,0.01917808,0.07671233,133.04304,0.9750436915021181
ethiopia,draw_118,Female,0.0,0.01917808,133.15315,0.9747548992627981
ethiopia,draw_118,Male,0.0,0.01917808,133.15315,0.9756273966043636
ethiopia,draw_118,Female,0.01917808,0.07671233,133.15315,0.9714442909467604
ethiopia,draw_118,Male,0.01917808,0.07671233,133.15315,0.9724795510647064
nigeria,draw_118,Female,0.0,0.01917808,133.15315,0.971326634666759
nigeria,draw_118,Male,0.0,0.01917808,133.15315,0.9784783318415771
nigeria,draw_118,Female,0.01917808,0.07671233,133.15315,0.9698590149033111
nigeria,draw_118,Male,0.01917808,0.07671233,133.15315,0.9730520628117616
pakistan,draw_118,Female,0.0,0.01917808,133.15315,0.9742171756461413
pakistan,draw_118,Male,0.0,0.01917808,133.15315,0.9783931089953124
pakistan,draw_118,Female,0.01917808,0.07671233,133.15315,0.9720171786228694
pakistan,draw_118,Male,0.01917808,0.07671233,133.15315,0.9743633912491946
ethiopia,draw_118,Female,0.0,0.01917808,133.26326,0.9741035724480944
ethiopia,draw_118,Male,0.0,0.01917808,133.26326,0.9749183703706014
ethiopia,draw_118,Female,0.01917808,0.07671233,133.26326,0.9707531933356224
ethiopia,draw_118,Male,0.01917808,0.07671233,133.26326,0.9717805001386028
nigeria,draw_118,Female,0.0,0.01917808,133.26326,0.9706433292603004
nigeria,draw_118,Male,0.0,0.01917808,133.26326,0.9777969420786312
nigeria,draw_118,Female,0.01917808,0.07671233,133.26326,0.9691643611986721
nigeria,draw_118,Male,0.01917808,0.07671233,133.26326,0.9723489210792018
pakistan,draw_118,Female,0.0,0.01917808,133.26326,0.9735297501705937
pakistan,draw_118,Male,0.0,0.01917808,133.26326,0.9776702603468568
pakistan,draw_118,Female,0.01917808,0.07671233,133.26326,0.9713594740894473
pakistan,draw_118,Male,0.01917808,0.07671233,133.26326,0.9736776094993613
ethiopia,draw_118,Female,0.0,0.01917808,133.37337,0.9734469169760577
ethiopia,draw_118,Male,0.0,0.01917808,133.37337,0.9742045824390475
ethiopia,draw_118,Female,0.01917808,0.07671233,133.37337,0.9700561217556891
ethiopia,draw_118,Male,0.01917808,0.07671233,133.37337,0.9710761662135126
nigeria,draw_118,Female,0.0,0.01917808,133.37337,0.9699549294617875
nigeria,draw_118,Male,0.0,0.01917808,133.37337,0.977110162659146
nigeria,draw_118,Female,0.01917808,0.07671233,133.37337,0.968464056741751
nigeria,draw_118,Male,0.01917808,0.07671233,133.37337,0.9716399734182751
pakistan,draw_118,Female,0.0,0.01917808,133.37337,0.9728374728889357
pakistan,draw_118,Male,0.0,0.01917808,133.37337,0.9769419304627738
pakistan,draw_118,Female,0.01917808,0.07671233,133.37337,0.9706965722435049
pakistan,draw_118,Male,0.01917808,0.07671233,133.37337,0.9729863477996841
ethiopia,draw_118,Female,0.0,0.01917808,133.48348,0.9727855351144226
ethiopia,draw_118,Male,0.0,0.01917808,133.48348,0.9734859762211708
ethiopia,draw_118,Female,0.01917808,0.07671233,133.48348,0.969353453615652
ethiopia,draw_118,Male,0.01917808,0.07671233,133.48348,0.9703664507340646
nigeria,draw_118,Female,0.0,0.01917808,133.48348,0.9692623662299124
nigeria,draw_118,Male,0.0,0.01917808,133.48348,0.9764181549479207
nigeria,draw_118,Female,0.01917808,0.07671233,133.48348,0.9677586415153072
nigeria,draw_118,Male,0.01917808,0.07671233,133.48348,0.9709252912488439
pakistan,draw_118,Female,0.0,0.01917808,133.48348,0.9721399017761585
pakistan,draw_118,Male,0.0,0.01917808,133.48348,0.976208722707767
pakistan,draw_118,Female,0.01917808,0.07671233,133.48348,0.9700282109420383
pakistan,draw_118,Male,0.01917808,0.07671233,133.48348,0.9722899291079662
ethiopia,draw_118,Female,0.0,0.01917808,133.59359,0.9721182688266021
ethiopia,draw_118,Male,0.0,0.01917808,133.59359,0.9727623015941808
ethiopia,draw_118,Female,0.01917808,0.07671233,133.59359,0.9686444336113089
ethiopia,draw_118,Male,0.01917808,0.07671233,133.59359,0.9696512166690185
nigeria,draw_118,Female,0.0,0.01917808,133.59359,0.9685646700025575
nigeria,draw_118,Male,0.0,0.01917808,133.59359,0.9757213362387
nigeria,draw_118,Female,0.01917808,0.07671233,133.59359,0.9670474738951507
nigeria,draw_118,Male,0.01917808,0.07671233,133.59359,0.9702052305404791
pakistan,draw_118,Female,0.0,0.01917808,133.59359,0.9714376737075809
pakistan,draw_118,Male,0.0,0.01917808,133.59359,0.9754691765848356
pakistan,draw_118,Female,0.01917808,0.07671233,133.59359,0.9693547837594186
pakistan,draw_118,Male,0.01917808,0.07671233,133.59359,0.9715874684660126
ethiopia,draw_118,Female,0.0,0.01917808,133.7037,0.9714464735550682
ethiopia,draw_118,Male,0.0,0.01917808,133.7037,0.972033196975312
ethiopia,draw_118,Female,0.01917808,0.07671233,133.7037,0.9679299285645164
ethiopia,draw_118,Male,0.01917808,0.07671233,133.7037,0.9689303253276197
nigeria,draw_118,Female,0.0,0.01917808,133.7037,0.9678626681095274
nigeria,draw_118,Male,0.0,0.01917808,133.7037,0.9750186596595795
nigeria,draw_118,Female,0.01917808,0.07671233,133.7037,0.9663310380479351
nigeria,draw_118,Male,0.01917808,0.07671233,133.7037,0.9694791401240378
pakistan,draw_118,Female,0.0,0.01917808,133.7037,0.9707305763145908
pakistan,draw_118,Male,0.0,0.01917808,133.7037,0.9747243981891269
pakistan,draw_118,Female,0.01917808,0.07671233,133.7037,0.9686760645388544
pakistan,draw_118,Male,0.01917808,0.07671233,133.7037,0.9708796765685029
ethiopia,draw_118,Female,0.0,0.01917808,133.81381,0.9707683070257497
ethiopia,draw_118,Male,0.0,0.01917808,133.81381,0.971298925331199
ethiopia,draw_118,Female,0.01917808,0.07671233,133.81381,0.9672083441267508
ethiopia,draw_118,Male,0.01917808,0.07671233,133.81381,0.9682035226031778
nigeria,draw_118,Female,0.0,0.01917808,133.81381,0.9671547956949405
nigeria,draw_118,Male,0.0,0.01917808,133.81381,0.9743092189538232
nigeria,draw_118,Female,0.01917808,0.07671233,133.81381,0.9656080038932833
nigeria,draw_118,Male,0.01917808,0.07671233,133.81381,0.9687460594019034
pakistan,draw_118,Female,0.0,0.01917808,133.81381,0.9700172675159014
pakistan,draw_118,Male,0.0,0.01917808,133.81381,0.9739737569795064
pakistan,draw_118,Female,0.01917808,0.07671233,133.81381,0.9679908954085832
pakistan,draw_118,Male,0.01917808,0.07671233,133.81381,0.9701657897343009
ethiopia,draw_118,Female,0.0,0.01917808,133.92392,0.9700841906849648
ethiopia,draw_118,Male,0.0,0.01917808,133.92392,0.9705584336764023
ethiopia,draw_118,Female,0.01917808,0.07671233,133.92392,0.96648018884883
ethiopia,draw_118,Male,0.01917808,0.07671233,133.92392,0.967470420248776
nigeria,draw_118,Female,0.0,0.01917808,133.92392,0.9664420617046722
nigeria,draw_118,Male,0.0,0.01917808,133.92392,0.9735939238668242
nigeria,draw_118,Female,0.01917808,0.07671233,133.92392,0.9648791874091934
nigeria,draw_118,Male,0.01917808,0.07671233,133.92392,0.968006768508779
pakistan,draw_118,Female,0.0,0.01917808,133.92392,0.9692991368185437
pakistan,draw_118,Male,0.0,0.01917808,133.92392,0.9732171085614502
pakistan,draw_118,Female,0.01917808,0.07671233,133.92392,0.9673002989904147
pakistan,draw_118,Male,0.01917808,0.07671233,133.92392,0.9694458793666343
ethiopia,draw_118,Female,0.0,0.01917808,134.03403,0.9693950408517341
ethiopia,draw_118,Male,0.0,0.01917808,134.03403,0.9698138597389934
ethiopia,draw_118,Female,0.01917808,0.07671233,134.03403,0.9657462064587099
ethiopia,draw_118,Male,0.01917808,0.07671233,134.03403,0.9667323724679509
nigeria,draw_118,Female,0.0,0.01917808,134.03403,0.9657247651638856
nigeria,draw_118,Male,0.0,0.01917808,134.03403,0.9728734368684808
nigeria,draw_118,Female,0.01917808,0.07671233,134.03403,0.964144926382762
nigeria,draw_118,Male,0.01917808,0.07671233,134.03403,0.9672618918027164
pakistan,draw_118,Female,0.0,0.01917808,134.03403,0.9685755912362813
pakistan,draw_118,Male,0.0,0.01917808,134.03403,0.9724547577636483
pakistan,draw_118,Female,0.01917808,0.07671233,134.03403,0.966604118223236
pakistan,draw_118,Male,0.01917808,0.07671233,134.03403,0.9687202397023321
ethiopia,draw_118,Female,0.0,0.01917808,134.14414,0.9687007082131405
ethiopia,draw_118,Male,0.0,0.01917808,134.14414,0.9690640177324616
ethiopia,draw_118,Female,0.01917808,0.07671233,134.14414,0.965006278538602
ethiopia,draw_118,Male,0.01917808,0.07671233,134.14414,0.9659887158807208
nigeria,draw_118,Female,0.0,0.01917808,134.14414,0.9650020987466331
nigeria,draw_118,Male,0.0,0.01917808,134.14414,0.9721467524583466
nigeria,draw_118,Female,0.01917808,0.07671233,134.14414,0.9634048167640232
nigeria,draw_118,Male,0.01917808,0.07671233,134.14414,0.9665107814866827
pakistan,draw_118,Female,0.0,0.01917808,134.14414,0.9678465226302098
pakistan,draw_118,Male,0.0,0.01917808,134.14414,0.9716878511391113
pakistan,draw_118,Female,0.01917808,0.07671233,134.14414,0.9659022829722649
pakistan,draw_118,Male,0.01917808,0.07671233,134.14414,0.9679897009676505
ethiopia,draw_118,Female,0.0,0.01917808,134.25425,0.9680005888008589
ethiopia,draw_118,Male,0.0,0.01917808,134.25425,0.9683085931481635
ethiopia,draw_118,Female,0.01917808,0.07671233,134.25425,0.9642600315802848
ethiopia,draw_118,Male,0.01917808,0.07671233,134.25425,0.965239342223524
nigeria,draw_118,Female,0.0,0.01917808,134.25425,0.9642746256124113
nigeria,draw_118,Male,0.0,0.01917808,134.25425,0.9714140030652885
nigeria,draw_118,Female,0.01917808,0.07671233,134.25425,0.9626591885022182
nigeria,draw_118,Male,0.01917808,0.07671233,134.25425,0.9657534509849883
pakistan,draw_118,Female,0.0,0.01917808,134.25425,0.9671130128224842
pakistan,draw_118,Male,0.0,0.01917808,134.25425,0.9709144517845535
pakistan,draw_118,Female,0.01917808,0.07671233,134.25425,0.9651954163781458
pakistan,draw_118,Male,0.01917808,0.07671233,134.25425,0.9672530870245133
ethiopia,draw_118,Female,0.0,0.01917808,134.36436,0.9672954919887375
ethiopia,draw_118,Male,0.0,0.01917808,134.36436,0.9675478693723535
ethiopia,draw_118,Female,0.01917808,0.07671233,134.36436,0.9635080407258322
ethiopia,draw_118,Male,0.01917808,0.07671233,134.36436,0.964484445880814
nigeria,draw_118,Female,0.0,0.01917808,134.36436,0.9635422689784865
nigeria,draw_118,Male,0.0,0.01917808,134.36436,0.9706761851457733
nigeria,draw_118,Female,0.01917808,0.07671233,134.36436,0.9619079415476485
nigeria,draw_118,Male,0.01917808,0.07671233,134.36436,0.9649905310771161
pakistan,draw_118,Female,0.0,0.01917808,134.36436,0.9663740872029358
pakistan,draw_118,Male,0.0,0.01917808,134.36436,0.9701359993413278
pakistan,draw_118,Female,0.01917808,0.07671233,134.36436,0.9644829687336223
pakistan,draw_118,Male,0.01917808,0.07671233,134.36436,0.9665112378791982
ethiopia,draw_118,Female,0.0,0.01917808,134.47447,0.9665841534394337
ethiopia,draw_118,Male,0.0,0.01917808,134.47447,0.9667816747949269
ethiopia,draw_118,Female,0.01917808,0.07671233,134.47447,0.9627493222257759
ethiopia,draw_118,Male,0.01917808,0.07671233,134.47447,0.9637237343584889
nigeria,draw_118,Female,0.0,0.01917808,134.47447,0.9628052339624822
nigeria,draw_118,Male,0.0,0.01917808,134.47447,0.969932040739936
nigeria,draw_118,Female,0.01917808,0.07671233,134.47447,0.9611510514286404
nigeria,draw_118,Male,0.01917808,0.07671233,134.47447,0.9642212279191276
pakistan,draw_118,Female,0.0,0.01917808,134.47447,0.9656290431474516
pakistan,draw_118,Male,0.0,0.01917808,134.47447,0.9693514803142304
pakistan,draw_118,Female,0.01917808,0.07671233,134.47447,0.9637644065014404
pakistan,draw_118,Male,0.01917808,0.07671233,134.47447,0.9657634511118987
ethiopia,draw_118,Female,0.0,0.01917808,134.58458,0.9658664880401077
ethiopia,draw_118,Male,0.0,0.01917808,134.58458,0.9660095781089373
ethiopia,draw_118,Female,0.01917808,0.07671233,134.58458,0.9619834423082216
ethiopia,draw_118,Male,0.01917808,0.07671233,134.58458,0.9629565113350161
nigeria,draw_118,Female,0.0,0.01917808,134.58458,0.9620626703276524
nigeria,draw_118,Male,0.0,0.01917808,134.58458,0.9691810263314539
nigeria,draw_118,Female,0.01917808,0.07671233,134.58458,0.9603876302723324
nigeria,draw_118,Male,0.01917808,0.07671233,134.58458,0.9634447479116176
pakistan,draw_118,Female,0.0,0.01917808,134.58458,0.9648784059947252
pakistan,draw_118,Male,0.0,0.01917808,134.58458,0.9685603725746058
pakistan,draw_118,Female,0.01917808,0.07671233,134.58458,0.963039699808237
pakistan,draw_118,Male,0.01917808,0.07671233,134.58458,0.9650090477171428
ethiopia,draw_118,Female,0.0,0.01917808,134.69469,0.9651434183118752
ethiopia,draw_118,Male,0.0,0.01917808,134.69469,0.965231974229545
ethiopia,draw_118,Female,0.01917808,0.07671233,134.69469,0.9612114580501415
ethiopia,draw_118,Male,0.01917808,0.07671233,134.69469,0.9621834837115137
nigeria,draw_118,Female,0.0,0.01917808,134.69469,0.9613139599267553
nigeria,draw_118,Male,0.0,0.01917808,134.69469,0.9684244061880356
nigeria,draw_118,Female,0.01917808,0.07671233,134.69469,0.9596178721284403
nigeria,draw_118,Male,0.01917808,0.07671233,134.69469,0.9626624174409993
pakistan,draw_118,Female,0.0,0.01917808,134.69469,0.9641221284310431
pakistan,draw_118,Male,0.0,0.01917808,134.69469,0.9677637008680823
pakistan,draw_118,Female,0.01917808,0.07671233,134.69469,0.9623092093889766
pakistan,draw_118,Male,0.01917808,0.07671233,134.69469,0.9642490677638175
ethiopia,draw_118,Female,0.0,0.01917808,134.8048,0.9644143489966512
ethiopia,draw_118,Male,0.0,0.01917808,134.8048,0.9644495992945801
ethiopia,draw_118,Female,0.01917808,0.07671233,134.8048,0.9604330514243618
ethiopia,draw_118,Male,0.01917808,0.07671233,134.8048,0.9614051594414367
nigeria,draw_118,Female,0.0,0.01917808,134.8048,0.9605605511569705
nigeria,draw_118,Male,0.0,0.01917808,134.8048,0.9676619684272982
nigeria,draw_118,Female,0.01917808,0.07671233,134.8048,0.9588425787177297
nigeria,draw_118,Male,0.01917808,0.07671233,134.8048,0.9618739729081358
pakistan,draw_118,Female,0.0,0.01917808,134.8048,0.9633607828715052
pakistan,draw_118,Male,0.0,0.01917808,134.8048,0.9669609277835461
pakistan,draw_118,Female,0.01917808,0.07671233,134.8048,0.9615733611331934
pakistan,draw_118,Male,0.01917808,0.07671233,134.8048,0.9634832214030611
ethiopia,draw_118,Female,0.0,0.01917808,134.91491,0.9636796923608801
ethiopia,draw_118,Male,0.0,0.01917808,134.91491,0.9636612140846457
ethiopia,draw_118,Female,0.01917808,0.07671233,134.91491,0.9596484730248284
ethiopia,draw_118,Male,0.01917808,0.07671233,134.91491,0.960620804825474
nigeria,draw_118,Female,0.0,0.01917808,134.91491,0.9598025866199519
nigeria,draw_118,Male,0.0,0.01917808,134.91491,0.9668940349738436
nigeria,draw_118,Female,0.01917808,0.07671233,134.91491,0.9580619250111067
nigeria,draw_118,Male,0.01917808,0.07671233,134.91491,0.9610797008450389
pakistan,draw_118,Female,0.0,0.01917808,134.91491,0.9625941819222971
pakistan,draw_118,Male,0.0,0.01917808,134.91491,0.9661527123596152
pakistan,draw_118,Female,0.01917808,0.07671233,134.91491,0.960832022369068
pakistan,draw_118,Male,0.01917808,0.07671233,134.91491,0.9627118640417129
ethiopia,draw_118,Female,0.0,0.01917808,135.02503,0.9629397543770359
ethiopia,draw_118,Male,0.0,0.01917808,135.02503,0.9628679770174128
ethiopia,draw_118,Female,0.01917808,0.07671233,135.02503,0.9588578769434208
ethiopia,draw_118,Male,0.01917808,0.07671233,135.02503,0.959831084068314
nigeria,draw_118,Female,0.0,0.01917808,135.02503,0.9590386077231928
nigeria,draw_118,Male,0.0,0.01917808,135.02503,0.9661199916944433
nigeria,draw_118,Female,0.01917808,0.07671233,135.02503,0.9572750222797545
nigeria,draw_118,Male,0.01917808,0.07671233,135.02503,0.9602792486292986
pakistan,draw_118,Female,0.0,0.01917808,135.02503,0.9618214157718505
pakistan,draw_118,Male,0.0,0.01917808,135.02503,0.9653390013645559
pakistan,draw_118,Female,0.01917808,0.07671233,135.02503,0.960084665930386
pakistan,draw_118,Male,0.01917808,0.07671233,135.02503,0.9619349520528718
ethiopia,draw_118,Female,0.0,0.01917808,135.13514,0.9624127301683609
ethiopia,draw_118,Male,0.0,0.01917808,135.13514,0.9622852958571898
ethiopia,draw_118,Female,0.01917808,0.07671233,135.13514,0.9583202813355227
ethiopia,draw_118,Male,0.01917808,0.07671233,135.13514,0.9592782519877552
nigeria,draw_118,Female,0.0,0.01917808,135.13514,0.9584750247341512
nigeria,draw_118,Male,0.0,0.01917808,135.13514,0.9655672853271142
nigeria,draw_118,Female,0.01917808,0.07671233,135.13514,0.9567249114865948
nigeria,draw_118,Male,0.01917808,0.07671233,135.13514,0.9597305331684093
pakistan,draw_118,Female,0.0,0.01917808,135.13514,0.9612132758561326
pakistan,draw_118,Male,0.0,0.01917808,135.13514,0.9647184902626568
pakistan,draw_118,Female,0.01917808,0.07671233,135.13514,0.9595132324565226
pakistan,draw_118,Male,0.01917808,0.07671233,135.13514,0.9613602098069929
ethiopia,draw_118,Female,0.0,0.01917808,135.24525,0.9621508541884548
ethiopia,draw_118,Male,0.0,0.01917808,135.24525,0.9619633305381866
ethiopia,draw_118,Female,0.01917808,0.07671233,135.24525,0.9580967669414586
ethiopia,draw_118,Male,0.01917808,0.07671233,135.24525,0.959018496234526
nigeria,draw_118,Female,0.0,0.01917808,135.24525,0.9581587676430832
nigeria,draw_118,Male,0.0,0.01917808,135.24525,0.9652899015997183
nigeria,draw_118,Female,0.01917808,0.07671233,135.24525,0.956467352170107
nigeria,draw_118,Male,0.01917808,0.07671233,135.24525,0.959493945025314
pakistan,draw_118,Female,0.0,0.01917808,135.24525,0.9608075302649759
pakistan,draw_118,Male,0.0,0.01917808,135.24525,0.9643379686215069
pakistan,draw_118,Female,0.01917808,0.07671233,135.24525,0.9591586775893052
pakistan,draw_118,Male,0.01917808,0.07671233,135.24525,0.9610360337331618
ethiopia,draw_118,Female,0.0,0.01917808,135.35536,0.9618885038050418
ethiopia,draw_118,Male,0.0,0.01917808,135.35536,0.9616405876572749
ethiopia,draw_118,Female,0.01917808,0.07671233,135.35536,0.9578724076543341
ethiopia,draw_118,Male,0.01917808,0.07671233,135.35536,0.9587576814298537
nigeria,draw_118,Female,0.0,0.01917808,135.35536,0.9578423926230237
nigeria,draw_118,Male,0.0,0.01917808,135.35536,0.9650119405567256
nigeria,draw_118,Female,0.01917808,0.07671233,135.35536,0.9562090858644293
nigeria,draw_118,Male,0.01917808,0.07671233,135.35536,0.9592564107083823
pakistan,draw_118,Female,0.0,0.01917808,135.35536,0.9604005919396665
pakistan,draw_118,Male,0.0,0.01917808,135.35536,0.9639555862805732
pakistan,draw_118,Female,0.01917808,0.07671233,135.35536,0.958802372289847
pakistan,draw_118,Male,0.01917808,0.07671233,135.35536,0.9607099386273716
ethiopia,draw_118,Female,0.0,0.01917808,135.46547,0.9616252733051901
ethiopia,draw_118,Male,0.0,0.01917808,135.46547,0.9613180319692991
ethiopia,draw_118,Female,0.01917808,0.07671233,135.46547,0.9576470047048969
ethiopia,draw_118,Male,0.01917808,0.07671233,135.46547,0.958496387666832
nigeria,draw_118,Female,0.0,0.01917808,135.46547,0.9575253685606753
nigeria,draw_118,Male,0.0,0.01917808,135.46547,0.964733095321357
nigeria,draw_118,Female,0.01917808,0.07671233,135.46547,0.9559498549010647
nigeria,draw_118,Male,0.01917808,0.07671233,135.46547,0.9590178122594581
pakistan,draw_118,Female,0.0,0.01917808,135.46547,0.959992285496042
pakistan,draw_118,Male,0.0,0.01917808,135.46547,0.9635715482979305
pakistan,draw_118,Female,0.01917808,0.07671233,135.46547,0.9584442931840433
pakistan,draw_118,Male,0.01917808,0.07671233,135.46547,0.9603821034018508
ethiopia,draw_118,Female,0.0,0.01917808,135.57558,0.9613621707683968
ethiopia,draw_118,Male,0.0,0.01917808,135.57558,0.960994482261891
ethiopia,draw_118,Female,0.01917808,0.07671233,135.57558,0.9574211417195365
ethiopia,draw_118,Male,0.01917808,0.07671233,135.57558,0.958233939766202
nigeria,draw_118,Female,0.0,0.01917808,135.57558,0.9572082368992773
nigeria,draw_118,Male,0.0,0.01917808,135.57558,0.964453631376228
nigeria,draw_118,Female,0.01917808,0.07671233,135.57558,0.9556899731433045
nigeria,draw_118,Male,0.01917808,0.07671233,135.57558,0.9587783104255663
pakistan,draw_118,Female,0.0,0.01917808,135.57558,0.9595825929272852
pakistan,draw_118,Male,0.0,0.01917808,135.57558,0.9631869277044207
pakistan,draw_118,Female,0.01917808,0.07671233,135.57558,0.9580844122467468
pakistan,draw_118,Male,0.01917808,0.07671233,135.57558,0.9600531316887935
ethiopia,draw_118,Female,0.0,0.01917808,135.68569,0.9610986349703451
ethiopia,draw_118,Male,0.0,0.01917808,135.68569,0.9606709918258122
ethiopia,draw_118,Female,0.01917808,0.07671233,135.68569,0.9571944781337975
ethiopia,draw_118,Male,0.01917808,0.07671233,135.68569,0.9579709364712778
nigeria,draw_118,Female,0.0,0.01917808,135.68569,0.956891333053774
nigeria,draw_118,Male,0.0,0.01917808,135.68569,0.9641739445204657
nigeria,draw_118,Female,0.01917808,0.07671233,135.68569,0.9554296408891595
nigeria,draw_118,Male,0.01917808,0.07671233,135.68569,0.9585381378520468
pakistan,draw_118,Female,0.0,0.01917808,135.68569,0.9591708388116863
pakistan,draw_118,Male,0.0,0.01917808,135.68569,0.962800592717983
pakistan,draw_118,Female,0.01917808,0.07671233,135.68569,0.9577223694668954
pakistan,draw_118,Male,0.01917808,0.07671233,135.68569,0.9597223646964058
ethiopia,draw_118,Female,0.0,0.01917808,135.7958,0.960835511464886
ethiopia,draw_118,Male,0.0,0.01917808,135.7958,0.96034820018316
ethiopia,draw_118,Female,0.01917808,0.07671233,135.7958,0.9569674811207296
ethiopia,draw_118,Male,0.01917808,0.07671233,135.7958,0.9577077697533544
nigeria,draw_118,Female,0.0,0.01917808,135.7958,0.956574915443199
nigeria,draw_118,Male,0.0,0.01917808,135.7958,0.9638942038134132
nigeria,draw_118,Female,0.01917808,0.07671233,135.7958,0.9551690243142201
nigeria,draw_118,Male,0.01917808,0.07671233,135.7958,0.9582974178245033
pakistan,draw_118,Female,0.0,0.01917808,135.7958,0.9587584414574923
pakistan,draw_118,Male,0.0,0.01917808,135.7958,0.9624136233820799
pakistan,draw_118,Female,0.01917808,0.07671233,135.7958,0.9573589487416113
pakistan,draw_118,Male,0.01917808,0.07671233,135.7958,0.9593904365656972
ethiopia,draw_118,Female,0.0,0.01917808,135.90591,0.9605724277807763
ethiopia,draw_118,Male,0.0,0.01917808,135.90591,0.960025026471691
ethiopia,draw_118,Female,0.01917808,0.07671233,135.90591,0.9567398960022567
ethiopia,draw_118,Male,0.01917808,0.07671233,135.90591,0.9574438142018801
nigeria,draw_118,Female,0.0,0.01917808,135.90591,0.9562591036546926
nigeria,draw_118,Male,0.0,0.01917808,135.90591,0.9636145906521579
nigeria,draw_118,Female,0.01917808,0.07671233,135.90591,0.9549081268459232
nigeria,draw_118,Male,0.01917808,0.07671233,135.90591,0.9580561962575086
pakistan,draw_118,Female,0.0,0.01917808,135.90591,0.9583454770066383
pakistan,draw_118,Male,0.0,0.01917808,135.90591,0.9620261272569386
pakistan,draw_118,Female,0.01917808,0.07671233,135.90591,0.9569941386307043
pakistan,draw_118,Male,0.01917808,0.07671233,135.90591,0.9590573620404195
ethiopia,draw_118,Female,0.0,0.01917808,136.01602,0.9603092883398969
ethiopia,draw_118,Male,0.0,0.01917808,136.01602,0.9597019724131964
ethiopia,draw_118,Female,0.01917808,0.07671233,136.01602,0.956511606645629
ethiopia,draw_118,Male,0.01917808,0.07671233,136.01602,0.9571792394513933
nigeria,draw_118,Female,0.0,0.01917808,136.01602,0.9559434227751321
nigeria,draw_118,Male,0.0,0.01917808,136.01602,0.9633344495413426
nigeria,draw_118,Female,0.01917808,0.07671233,136.01602,0.9546466005665237
nigeria,draw_118,Male,0.01917808,0.07671233,136.01602,0.9578140177880422
pakistan,draw_118,Female,0.0,0.01917808,136.01602,0.9579306583436131
pakistan,draw_118,Male,0.0,0.01917808,136.01602,0.9616374911358934
pakistan,draw_118,Female,0.01917808,0.07671233,136.01602,0.9566270625251191
pakistan,draw_118,Male,0.01917808,0.07671233,136.01602,0.95872266889671
ethiopia,draw_118,Female,0.0,0.01917808,136.12613,0.9600467368145624
ethiopia,draw_118,Male,0.0,0.01917808,136.12613,0.9593790493581572
ethiopia,draw_118,Female,0.01917808,0.07671233,136.12613,0.9562831147198392
ethiopia,draw_118,Male,0.01917808,0.07671233,136.12613,0.9569141620810199
nigeria,draw_118,Female,0.0,0.01917808,136.12613,0.9556280372482898
nigeria,draw_118,Male,0.0,0.01917808,136.12613,0.9630548100179839
nigeria,draw_118,Female,0.01917808,0.07671233,136.12613,0.9543846482606723
nigeria,draw_118,Male,0.01917808,0.07671233,136.12613,0.9575716321995182
pakistan,draw_118,Female,0.0,0.01917808,136.12613,0.9575158296128508
pakistan,draw_118,Male,0.0,0.01917808,136.12613,0.9612481607652326
pakistan,draw_118,Female,0.01917808,0.07671233,136.12613,0.9562589768105574
pakistan,draw_118,Male,0.01917808,0.07671233,136.12613,0.9583867605251488
ethiopia,draw_118,Female,0.0,0.01917808,136.23624,0.959784415283555
ethiopia,draw_118,Male,0.0,0.01917808,136.23624,0.9590571917324181
ethiopia,draw_118,Female,0.01917808,0.07671233,136.23624,0.9560542045659145
ethiopia,draw_118,Male,0.01917808,0.07671233,136.23624,0.9566491083013929
nigeria,draw_118,Female,0.0,0.01917808,136.23624,0.9553140655953674
nigeria,draw_118,Male,0.0,0.01917808,136.23624,0.9627746300443744
nigeria,draw_118,Female,0.01917808,0.07671233,136.23624,0.9541229139476711
nigeria,draw_118,Male,0.01917808,0.07671233,136.23624,0.9573283966680737
pakistan,draw_118,Female,0.0,0.01917808,136.23624,0.9570998262281085
pakistan,draw_118,Male,0.0,0.01917808,136.23624,0.9608585507920513
pakistan,draw_118,Female,0.01917808,0.07671233,136.23624,0.9558891992647293
pakistan,draw_118,Male,0.01917808,0.07671233,136.23624,0.9580498922755025
ethiopia,draw_118,Female,0.0,0.01917808,136.34635,0.9595220054514542
ethiopia,draw_118,Male,0.0,0.01917808,136.34635,0.9587352358498895
ethiopia,draw_118,Female,0.01917808,0.07671233,136.34635,0.9558246845622541
ethiopia,draw_118,Male,0.01917808,0.07671233,136.34635,0.9563834240174034
nigeria,draw_118,Female,0.0,0.01917808,136.34635,0.9550005175483164
nigeria,draw_118,Male,0.0,0.01917808,136.34635,0.9624948681379384
nigeria,draw_118,Female,0.01917808,0.07671233,136.34635,0.9538608459259964
nigeria,draw_118,Male,0.01917808,0.07671233,136.34635,0.9570848710368643
pakistan,draw_118,Female,0.0,0.01917808,136.34635,0.9566826547621093
pakistan,draw_118,Male,0.0,0.01917808,136.34635,0.9604678534672244
pakistan,draw_118,Female,0.01917808,0.07671233,136.34635,0.9555177235118587
pakistan,draw_118,Male,0.01917808,0.07671233,136.34635,0.9577115844953344
ethiopia,draw_118,Female,0.0,0.01917808,136.45646,0.9592600441504148
ethiopia,draw_118,Male,0.0,0.01917808,136.45646,0.9584135430705092
ethiopia,draw_118,Female,0.01917808,0.07671233,136.45646,0.9555948640305316
ethiopia,draw_118,Male,0.01917808,0.07671233,136.45646,0.956117323383672
nigeria,draw_118,Female,0.0,0.01917808,136.45646,0.954687418907863
nigeria,draw_118,Male,0.0,0.01917808,136.45646,0.9622152908106626
nigeria,draw_118,Female,0.01917808,0.07671233,136.45646,0.9535984541587162
nigeria,draw_118,Male,0.01917808,0.07671233,136.45646,0.9568409076758875
pakistan,draw_118,Female,0.0,0.01917808,136.45646,0.9562651959773609
pakistan,draw_118,Male,0.0,0.01917808,136.45646,0.960076449735504
pakistan,draw_118,Female,0.01917808,0.07671233,136.45646,0.9551450669194023
pakistan,draw_118,Male,0.01917808,0.07671233,136.45646,0.9573720556417776
ethiopia,draw_118,Female,0.0,0.01917808,136.56657,0.9589985201065832
ethiopia,draw_118,Male,0.0,0.01917808,136.56657,0.9580928374113621
ethiopia,draw_118,Female,0.01917808,0.07671233,136.56657,0.9553647343479339
ethiopia,draw_118,Male,0.01917808,0.07671233,136.56657,0.9558512361517174
nigeria,draw_118,Female,0.0,0.01917808,136.56657,0.9543747722659708
nigeria,draw_118,Male,0.0,0.01917808,136.56657,0.9619357656359452
nigeria,draw_118,Female,0.01917808,0.07671233,136.56657,0.953335727296993
nigeria,draw_118,Male,0.01917808,0.07671233,136.56657,0.9565964229995905
pakistan,draw_118,Female,0.0,0.01917808,136.56657,0.9558463661297845
pakistan,draw_118,Male,0.0,0.01917808,136.56657,0.9596847494445353
pakistan,draw_118,Female,0.01917808,0.07671233,136.56657,0.9547705897238604
pakistan,draw_118,Male,0.01917808,0.07671233,136.56657,0.9570315450334047
ethiopia,draw_118,Female,0.0,0.01917808,136.67668,0.9587369618866822
ethiopia,draw_118,Male,0.0,0.01917808,136.67668,0.9577715973782696
ethiopia,draw_118,Female,0.01917808,0.07671233,136.67668,0.9551339223238191
ethiopia,draw_118,Male,0.01917808,0.07671233,136.67668,0.9555841905242328
nigeria,draw_118,Female,0.0,0.01917808,136.67668,0.9540619603937381
nigeria,draw_118,Male,0.0,0.01917808,136.67668,0.9616560311112917
nigeria,draw_118,Female,0.01917808,0.07671233,136.67668,0.9530722026768018
nigeria,draw_118,Male,0.01917808,0.07671233,136.67668,0.9563511531427126
pakistan,draw_118,Female,0.0,0.01917808,136.67668,0.9554264788384202
pakistan,draw_118,Male,0.0,0.01917808,136.67668,0.9592916715983949
pakistan,draw_118,Female,0.01917808,0.07671233,136.67668,0.954394275102102
pakistan,draw_118,Male,0.01917808,0.07671233,136.67668,0.9566892816311838
ethiopia,draw_118,Female,0.0,0.01917808,136.78679,0.9584757581571807
ethiopia,draw_118,Male,0.0,0.01917808,136.78679,0.9574509654111315
ethiopia,draw_118,Female,0.01917808,0.07671233,136.78679,0.954902719140031
ethiopia,draw_118,Male,0.01917808,0.07671233,136.78679,0.9553168504781067
nigeria,draw_118,Female,0.0,0.01917808,136.78679,0.9537504062415073
nigeria,draw_118,Male,0.0,0.01917808,136.78679,0.9613764076496498
nigeria,draw_118,Female,0.01917808,0.07671233,136.78679,0.9528087950637542
nigeria,draw_118,Male,0.01917808,0.07671233,136.78679,0.9561053882917188
pakistan,draw_118,Female,0.0,0.01917808,136.78679,0.9550051934185133
pakistan,draw_118,Male,0.0,0.01917808,136.78679,0.9588984499448735
pakistan,draw_118,Female,0.01917808,0.07671233,136.78679,0.9540160865288811
pakistan,draw_118,Male,0.01917808,0.07671233,136.78679,0.9563460543756703
ethiopia,draw_118,Female,0.0,0.01917808,136.8969,0.958214652547618
ethiopia,draw_118,Male,0.0,0.01917808,136.8969,0.9571306672900507
ethiopia,draw_118,Female,0.01917808,0.07671233,136.8969,0.9546710081351264
ethiopia,draw_118,Male,0.01917808,0.07671233,136.8969,0.9550491146695816
nigeria,draw_118,Female,0.0,0.01917808,136.8969,0.9534393728558596
nigeria,draw_118,Male,0.0,0.01917808,136.8969,0.9610962798854303
nigeria,draw_118,Female,0.01917808,0.07671233,136.8969,0.9525451082615464
nigeria,draw_118,Male,0.01917808,0.07671233,136.8969,0.95585878682421
pakistan,draw_118,Female,0.0,0.01917808,136.8969,0.9545840794334235
pakistan,draw_118,Male,0.0,0.01917808,136.8969,0.958504247923021
pakistan,draw_118,Female,0.01917808,0.07671233,136.8969,0.9536369901022581
pakistan,draw_118,Male,0.01917808,0.07671233,136.8969,0.9560014347355933
ethiopia,draw_118,Female,0.0,0.01917808,137.00701,0.957954216149554
ethiopia,draw_118,Male,0.0,0.01917808,137.00701,0.9568112032443709
ethiopia,draw_118,Female,0.01917808,0.07671233,137.00701,0.9544391611373642
ethiopia,draw_118,Male,0.01917808,0.07671233,137.00701,0.9547812809938081
nigeria,draw_118,Female,0.0,0.01917808,137.00701,0.9531294363288881
nigeria,draw_118,Male,0.0,0.01917808,137.00701,0.9608171473853044
nigeria,draw_118,Female,0.01917808,0.07671233,137.00701,0.9522814583683283
nigeria,draw_118,Male,0.01917808,0.07671233,137.00701,0.9556122239698346
pakistan,draw_118,Female,0.0,0.01917808,137.00701,0.9541613808591797
pakistan,draw_118,Male,0.0,0.01917808,137.00701,0.9581095150161593
pakistan,draw_118,Female,0.01917808,0.07671233,137.00701,0.9532559695366766
pakistan,draw_118,Male,0.01917808,0.07671233,137.00701,0.9556556838229001
ethiopia,draw_118,Female,0.0,0.01917808,137.11712,0.9576934438732333
ethiopia,draw_118,Male,0.0,0.01917808,137.11712,0.9564917374882899
ethiopia,draw_118,Female,0.01917808,0.07671233,137.11712,0.9542065654253796
ethiopia,draw_118,Male,0.01917808,0.07671233,137.11712,0.9545128283095234
nigeria,draw_118,Female,0.0,0.01917808,137.11712,0.9528201827088761
nigeria,draw_118,Male,0.0,0.01917808,137.11712,0.960537791147579
nigeria,draw_118,Female,0.01917808,0.07671233,137.11712,0.9520175924670268
nigeria,draw_118,Male,0.01917808,0.07671233,137.11712,0.9553649756533146
pakistan,draw_118,Female,0.0,0.01917808,137.11712,0.9537381036194238
pakistan,draw_118,Male,0.0,0.01917808,137.11712,0.9577141263076229
pakistan,draw_118,Female,0.01917808,0.07671233,137.11712,0.9528736064882753
pakistan,draw_118,Male,0.01917808,0.07671233,137.11712,0.9553087398907331
ethiopia,draw_118,Female,0.0,0.01917808,137.22723,0.9574333256663794
ethiopia,draw_118,Male,0.0,0.01917808,137.22723,0.956172904610044
ethiopia,draw_118,Female,0.01917808,0.07671233,137.22723,0.9539738001466512
ethiopia,draw_118,Male,0.01917808,0.07671233,137.22723,0.9542441395783473
nigeria,draw_118,Female,0.0,0.01917808,137.22723,0.9525107009724737
nigeria,draw_118,Male,0.0,0.01917808,137.22723,0.9602581954492782
nigeria,draw_118,Female,0.01917808,0.07671233,137.22723,0.9517529765798762
nigeria,draw_118,Male,0.01917808,0.07671233,137.22723,0.9551170268437708
pakistan,draw_118,Female,0.0,0.01917808,137.22723,0.9533135171006356
pakistan,draw_118,Male,0.0,0.01917808,137.22723,0.9573180809337187
pakistan,draw_118,Female,0.01917808,0.07671233,137.22723,0.9524894933355252
pakistan,draw_118,Male,0.01917808,0.07671233,137.22723,0.9549606065431097
ethiopia,draw_118,Female,0.0,0.01917808,137.33734,0.9571734428625693
ethiopia,draw_118,Male,0.0,0.01917808,137.33734,0.9558534890328944
ethiopia,draw_118,Female,0.01917808,0.07671233,137.33734,0.9537405732706232
ethiopia,draw_118,Male,0.01917808,0.07671233,137.33734,0.9539744548404356
nigeria,draw_118,Female,0.0,0.01917808,137.33734,0.9522018631003747
nigeria,draw_118,Male,0.0,0.01917808,137.33734,0.9599787123369162
nigeria,draw_118,Female,0.01917808,0.07671233,137.33734,0.9514880981652757
nigeria,draw_118,Male,0.01917808,0.07671233,137.33734,0.9548685496843137
pakistan,draw_118,Female,0.0,0.01917808,137.33734,0.9528886053819059
pakistan,draw_118,Male,0.0,0.01917808,137.33734,0.9569212997658884
pakistan,draw_118,Female,0.01917808,0.07671233,137.33734,0.9521041521092409
pakistan,draw_118,Male,0.01917808,0.07671233,137.33734,0.9546111662942355
ethiopia,draw_118,Female,0.0,0.01917808,137.44745,0.9569135094741219
ethiopia,draw_118,Male,0.0,0.01917808,137.44745,0.9555355913994914
ethiopia,draw_118,Female,0.01917808,0.07671233,137.44745,0.953506650256239
ethiopia,draw_118,Male,0.01917808,0.07671233,137.44745,0.9537049156712131
nigeria,draw_118,Female,0.0,0.01917808,137.44745,0.9518939472633792
nigeria,draw_118,Male,0.0,0.01917808,137.44745,0.9596995673776126
nigeria,draw_118,Female,0.01917808,0.07671233,137.44745,0.9512230795326164
nigeria,draw_118,Male,0.01917808,0.07671233,137.44745,0.954619619426668
pakistan,draw_118,Female,0.0,0.01917808,137.44745,0.9524618729434677
pakistan,draw_118,Male,0.0,0.01917808,137.44745,0.956523577445071
pakistan,draw_118,Female,0.01917808,0.07671233,137.44745,0.9517165971005462
pakistan,draw_118,Male,0.01917808,0.07671233,137.44745,0.9542602261729898
ethiopia,draw_118,Female,0.0,0.01917808,137.55756,0.956653727447781
ethiopia,draw_118,Male,0.0,0.01917808,137.55756,0.9552174316165097
ethiopia,draw_118,Female,0.01917808,0.07671233,137.55756,0.9532722626774317
ethiopia,draw_118,Male,0.01917808,0.07671233,137.55756,0.953434624502043
nigeria,draw_118,Female,0.0,0.01917808,137.55756,0.9515868178358264
nigeria,draw_118,Male,0.0,0.01917808,137.55756,0.9594203594693574
nigeria,draw_118,Female,0.01917808,0.07671233,137.55756,0.9509579261220263
nigeria,draw_118,Male,0.01917808,0.07671233,137.55756,0.9543700991906542
pakistan,draw_118,Female,0.0,0.01917808,137.55756,0.9520345710505828
pakistan,draw_118,Male,0.0,0.01917808,137.55756,0.9561253602519845
pakistan,draw_118,Female,0.01917808,0.07671233,137.55756,0.9513277268780066
pakistan,draw_118,Male,0.01917808,0.07671233,137.55756,0.9539081882756968
ethiopia,draw_118,Female,0.0,0.01917808,137.66767,0.9563945880473547
ethiopia,draw_118,Male,0.0,0.01917808,137.66767,0.9549001833474984
ethiopia,draw_118,Female,0.01917808,0.07671233,137.66767,0.9530377098526425
ethiopia,draw_118,Male,0.01917808,0.07671233,137.66767,0.9531642667257874
nigeria,draw_118,Female,0.0,0.01917808,137.66767,0.9512797870321366
nigeria,draw_118,Male,0.0,0.01917808,137.66767,0.9591410972347092
nigeria,draw_118,Female,0.01917808,0.07671233,137.66767,0.950692235147656
nigeria,draw_118,Male,0.01917808,0.07671233,137.66767,0.9541200165932737
pakistan,draw_118,Female,0.0,0.01917808,137.66767,0.9516062032685222
pakistan,draw_118,Male,0.0,0.01917808,137.66767,0.9557266273576148
pakistan,draw_118,Female,0.01917808,0.07671233,137.66767,0.9509372344888786
pakistan,draw_118,Male,0.01917808,0.07671233,137.66767,0.953555038725417
ethiopia,draw_118,Female,0.0,0.01917808,137.77778,0.9561356715640766
ethiopia,draw_118,Male,0.0,0.01917808,137.77778,0.9545830966551008
ethiopia,draw_118,Female,0.01917808,0.07671233,137.77778,0.952802738133579
ethiopia,draw_118,Male,0.01917808,0.07671233,137.77778,0.9528933947824596
nigeria,draw_118,Female,0.0,0.01917808,137.77778,0.9509739549093904
nigeria,draw_118,Male,0.0,0.01917808,137.77778,0.9588619116626663
nigeria,draw_118,Female,0.01917808,0.07671233,137.77778,0.9504266497047915
nigeria,draw_118,Male,0.01917808,0.07671233,137.77778,0.9538694223630938
pakistan,draw_118,Female,0.0,0.01917808,137.77778,0.9511776987312704
pakistan,draw_118,Male,0.0,0.01917808,137.77778,0.9553270357717727
pakistan,draw_118,Female,0.01917808,0.07671233,137.77778,0.9505456496808627
pakistan,draw_118,Male,0.01917808,0.07671233,137.77778,0.9532005778214044
ethiopia,draw_118,Female,0.0,0.01917808,137.88789,0.9558770502399961
ethiopia,draw_118,Male,0.0,0.01917808,137.88789,0.9542666733509927
ethiopia,draw_118,Female,0.01917808,0.07671233,137.88789,0.9525674081505889
ethiopia,draw_118,Male,0.01917808,0.07671233,137.88789,0.9526223213093974
nigeria,draw_118,Female,0.0,0.01917808,137.88789,0.9506686727071831
nigeria,draw_118,Male,0.0,0.01917808,137.88789,0.9585832525492183
nigeria,draw_118,Female,0.01917808,0.07671233,137.88789,0.9501607736085534
nigeria,draw_118,Male,0.01917808,0.07671233,137.88789,0.9536185968617807
pakistan,draw_118,Female,0.0,0.01917808,137.88789,0.9507484880672988
pakistan,draw_118,Male,0.0,0.01917808,137.88789,0.9549274261352485
pakistan,draw_118,Female,0.01917808,0.07671233,137.88789,0.9501526315440285
pakistan,draw_118,Male,0.01917808,0.07671233,137.88789,0.9528452946438652
ethiopia,draw_118,Female,0.0,0.01917808,137.998,0.9556186350123893
ethiopia,draw_118,Male,0.0,0.01917808,137.998,0.9539497796735539
ethiopia,draw_118,Female,0.01917808,0.07671233,137.998,0.9523316414173527
ethiopia,draw_118,Male,0.01917808,0.07671233,137.998,0.9523504002662408
nigeria,draw_118,Female,0.0,0.01917808,137.998,0.9503643260132559
nigeria,draw_118,Male,0.0,0.01917808,137.998,0.9583045963234353
nigeria,draw_118,Female,0.01917808,0.07671233,137.998,0.9498948203933593
nigeria,draw_118,Male,0.01917808,0.07671233,137.998,0.9533672268630555
pakistan,draw_118,Female,0.0,0.01917808,137.998,0.9503176474212949
pakistan,draw_118,Male,0.0,0.01917808,137.998,0.9545267026816124
pakistan,draw_118,Female,0.01917808,0.07671233,137.998,0.9497576532824151
pakistan,draw_118,Male,0.01917808,0.07671233,137.998,0.9524885571657161
ethiopia,draw_118,Female,0.0,0.01917808,138.10811,0.9553602959708154
ethiopia,draw_118,Male,0.0,0.01917808,138.10811,0.9536339348240321
ethiopia,draw_118,Female,0.01917808,0.07671233,138.10811,0.9520952598050777
ethiopia,draw_118,Male,0.01917808,0.07671233,138.10811,0.9520783616880536
nigeria,draw_118,Female,0.0,0.01917808,138.10811,0.9500600704773148
nigeria,draw_118,Male,0.0,0.01917808,138.10811,0.9580251278795535
nigeria,draw_118,Female,0.01917808,0.07671233,138.10811,0.9496282172505013
nigeria,draw_118,Male,0.01917808,0.07671233,138.10811,0.9531147029675081
pakistan,draw_118,Female,0.0,0.01917808,138.10811,0.9498863210878183
pakistan,draw_118,Male,0.0,0.01917808,138.10811,0.9541249560463408
pakistan,draw_118,Female,0.01917808,0.07671233,138.10811,0.9493611936187565
pakistan,draw_118,Male,0.01917808,0.07671233,138.10811,0.9521302513822664
ethiopia,draw_118,Female,0.0,0.01917808,138.21822,0.9551019848608122
ethiopia,draw_118,Male,0.0,0.01917808,138.21822,0.9533179587925862
ethiopia,draw_118,Female,0.01917808,0.07671233,138.21822,0.9518583077944599
ethiopia,draw_118,Male,0.01917808,0.07671233,138.21822,0.9518056234584484
nigeria,draw_118,Female,0.0,0.01917808,138.21822,0.9497558840522614
nigeria,draw_118,Male,0.0,0.01917808,138.21822,0.9577460544258214
nigeria,draw_118,Female,0.01917808,0.07671233,138.21822,0.9493610300223
nigeria,draw_118,Male,0.01917808,0.07671233,138.21822,0.9528618426673631
pakistan,draw_118,Female,0.0,0.01917808,138.21822,0.9494533605672856
pakistan,draw_118,Male,0.0,0.01917808,138.21822,0.9537223980701423
pakistan,draw_118,Female,0.01917808,0.07671233,138.21822,0.9489627377999342
pakistan,draw_118,Male,0.01917808,0.07671233,138.21822,0.9517706234261806
ethiopia,draw_118,Female,0.0,0.01917808,138.32833,0.9548448651296497
ethiopia,draw_118,Male,0.0,0.01917808,138.32833,0.9530031529290478
ethiopia,draw_118,Female,0.01917808,0.07671233,138.32833,0.9516215149706382
ethiopia,draw_118,Male,0.01917808,0.07671233,138.32833,0.9515329643854283
nigeria,draw_118,Female,0.0,0.01917808,138.32833,0.9494528160360793
nigeria,draw_118,Male,0.0,0.01917808,138.32833,0.9574680011237346
nigeria,draw_118,Female,0.01917808,0.07671233,138.32833,0.9490939155343634
nigeria,draw_118,Male,0.01917808,0.07671233,138.32833,0.9526090547321702
pakistan,draw_118,Female,0.0,0.01917808,138.32833,0.9490200710970043
pakistan,draw_118,Male,0.0,0.01917808,138.32833,0.953319416589557
pakistan,draw_118,Female,0.01917808,0.07671233,138.32833,0.9485630749328356
pakistan,draw_118,Male,0.01917808,0.07671233,138.32833,0.9514099357081671
ethiopia,draw_118,Female,0.0,0.01917808,138.43844,0.954587695523434
ethiopia,draw_118,Male,0.0,0.01917808,138.43844,0.9526886224603252
ethiopia,draw_118,Female,0.01917808,0.07671233,138.43844,0.9513841403615305
ethiopia,draw_118,Male,0.01917808,0.07671233,138.43844,0.951259860101105
nigeria,draw_118,Female,0.0,0.01917808,138.43844,0.9491507124576993
nigeria,draw_118,Male,0.0,0.01917808,138.43844,0.9571894970181182
nigeria,draw_118,Female,0.01917808,0.07671233,138.43844,0.9488267721911385
nigeria,draw_118,Male,0.01917808,0.07671233,138.43844,0.9523554358626222
pakistan,draw_118,Female,0.0,0.01917808,138.43844,0.9485862005386736
pakistan,draw_118,Male,0.0,0.01917808,138.43844,0.9529161347892174
pakistan,draw_118,Female,0.01917808,0.07671233,138.43844,0.948162064416211
pakistan,draw_118,Male,0.01917808,0.07671233,138.43844,0.9510482497560004
ethiopia,draw_118,Female,0.0,0.01917808,138.54855,0.9543306974456144
ethiopia,draw_118,Male,0.0,0.01917808,138.54855,0.9523744111094009
ethiopia,draw_118,Female,0.01917808,0.07671233,138.54855,0.9511463196488151
ethiopia,draw_118,Male,0.01917808,0.07671233,138.54855,0.9509863516607145
nigeria,draw_118,Female,0.0,0.01917808,138.54855,0.9488491421233144
nigeria,draw_118,Male,0.0,0.01917808,138.54855,0.9569107890311916
nigeria,draw_118,Female,0.01917808,0.07671233,138.54855,0.9485593181714179
nigeria,draw_118,Male,0.01917808,0.07671233,138.54855,0.9521011316821245
pakistan,draw_118,Female,0.0,0.01917808,138.54855,0.9481507864425246
pakistan,draw_118,Male,0.0,0.01917808,138.54855,0.9525122750722452
pakistan,draw_118,Female,0.01917808,0.07671233,138.54855,0.9477591595578952
pakistan,draw_118,Male,0.01917808,0.07671233,138.54855,0.9506854054556567
ethiopia,draw_118,Female,0.0,0.01917808,138.65866,0.9540739347248471
ethiopia,draw_118,Male,0.0,0.01917808,138.65866,0.9520609171529478
ethiopia,draw_118,Female,0.01917808,0.07671233,138.65866,0.9509081037494497
ethiopia,draw_118,Male,0.01917808,0.07671233,138.65866,0.9507126727619686
nigeria,draw_118,Female,0.0,0.01917808,138.65866,0.9485486532463433
nigeria,draw_118,Male,0.0,0.01917808,138.65866,0.9566326617302463
nigeria,draw_118,Female,0.01917808,0.07671233,138.65866,0.9482918793322272
nigeria,draw_118,Male,0.01917808,0.07671233,138.65866,0.951846630904585
pakistan,draw_118,Female,0.0,0.01917808,138.65866,0.9477151020787374
pakistan,draw_118,Male,0.0,0.01917808,138.65866,0.9521081141638397
pakistan,draw_118,Female,0.01917808,0.07671233,138.65866,0.9473551272677142
pakistan,draw_118,Male,0.01917808,0.07671233,138.65866,0.9503215630600544
ethiopia,draw_118,Female,0.0,0.01917808,138.76877,0.953817460693111
ethiopia,draw_118,Male,0.0,0.01917808,138.76877,0.9517476577655751
ethiopia,draw_118,Female,0.01917808,0.07671233,138.76877,0.9506694715716177
ethiopia,draw_118,Male,0.01917808,0.07671233,138.76877,0.9504384838930429
nigeria,draw_118,Female,0.0,0.01917808,138.76877,0.9482483145115537
nigeria,draw_118,Male,0.0,0.01917808,138.76877,0.9563544435514069
nigeria,draw_118,Female,0.01917808,0.07671233,138.76877,0.9480238871645617
nigeria,draw_118,Male,0.01917808,0.07671233,138.76877,0.9515914683902903
pakistan,draw_118,Female,0.0,0.01917808,138.76877,0.9472785385961033
pakistan,draw_118,Male,0.0,0.01917808,138.76877,0.9517025594026398
pakistan,draw_118,Female,0.01917808,0.07671233,138.76877,0.9469495225077286
pakistan,draw_118,Male,0.01917808,0.07671233,138.76877,0.9499560468338696
ethiopia,draw_118,Female,0.0,0.01917808,138.87888,0.9535610529017056
ethiopia,draw_118,Male,0.0,0.01917808,138.87888,0.9514345250535705
ethiopia,draw_118,Female,0.01917808,0.07671233,138.87888,0.9504302292315179
ethiopia,draw_118,Male,0.01917808,0.07671233,138.87888,0.9501636476851952
nigeria,draw_118,Female,0.0,0.01917808,138.87888,0.9479484640900151
nigeria,draw_118,Male,0.0,0.01917808,138.87888,0.9560759977175424
nigeria,draw_118,Female,0.01917808,0.07671233,138.87888,0.9477554960579448
nigeria,draw_118,Male,0.01917808,0.07671233,138.87888,0.9513355113253774
pakistan,draw_118,Female,0.0,0.01917808,138.87888,0.9468402304911829
pakistan,draw_118,Male,0.0,0.01917808,138.87888,0.9512965715955973
pakistan,draw_118,Female,0.01917808,0.07671233,138.87888,0.9465417944071702
pakistan,draw_118,Male,0.01917808,0.07671233,138.87888,0.9495893372708322
ethiopia,draw_118,Female,0.0,0.01917808,138.98899,0.953304817522705
ethiopia,draw_118,Male,0.0,0.01917808,138.98899,0.9511216229377143
ethiopia,draw_118,Female,0.01917808,0.07671233,138.98899,0.9501905326979893
ethiopia,draw_118,Male,0.01917808,0.07671233,138.98899,0.9498883590256494
nigeria,draw_118,Female,0.0,0.01917808,138.98899,0.9476495928014771
nigeria,draw_118,Male,0.0,0.01917808,138.98899,0.9557981863539683
nigeria,draw_118,Female,0.01917808,0.07671233,138.98899,0.9474870840389286
nigeria,draw_118,Male,0.01917808,0.07671233,138.98899,0.9510793887283376
pakistan,draw_118,Female,0.0,0.01917808,138.98899,0.9464016666101669
pakistan,draw_118,Male,0.0,0.01917808,138.98899,0.9508900595042828
pakistan,draw_118,Female,0.01917808,0.07671233,138.98899,0.9461329336486721
pakistan,draw_118,Male,0.01917808,0.07671233,138.98899,0.9492215252361692
ethiopia,draw_118,Female,0.0,0.01917808,139.0991,0.9530494756770431
ethiopia,draw_118,Male,0.0,0.01917808,139.0991,0.9508096047454311
ethiopia,draw_118,Female,0.01917808,0.07671233,139.0991,0.9499508302011275
ethiopia,draw_118,Male,0.01917808,0.07671233,139.0991,0.9496129658532914
nigeria,draw_118,Female,0.0,0.01917808,139.0991,0.9473512370505993
nigeria,draw_118,Male,0.0,0.01917808,139.0991,0.9555204621146519
nigeria,draw_118,Female,0.01917808,0.07671233,139.0991,0.9472183825242305
nigeria,draw_118,Male,0.01917808,0.07671233,139.0991,0.9508227572064865
pakistan,draw_118,Female,0.0,0.01917808,139.0991,0.9459618756507219
pakistan,draw_118,Male,0.0,0.01917808,139.0991,0.9504829205364125
pakistan,draw_118,Female,0.01917808,0.07671233,139.0991,0.9457223963752384
pakistan,draw_118,Male,0.01917808,0.07671233,139.0991,0.9488525405003579
ethiopia,draw_118,Female,0.0,0.01917808,139.20921,0.9527938806718381
ethiopia,draw_118,Male,0.0,0.01917808,139.20921,0.9504980041573714
ethiopia,draw_118,Female,0.01917808,0.07671233,139.20921,0.9497104117267113
ethiopia,draw_118,Male,0.01917808,0.07671233,139.20921,0.9493372219396096
nigeria,draw_118,Female,0.0,0.01917808,139.20921,0.9470540985631634
nigeria,draw_118,Male,0.0,0.01917808,139.20921,0.9552425588063218
nigeria,draw_118,Female,0.01917808,0.07671233,139.20921,0.9469497904670399
nigeria,draw_118,Male,0.01917808,0.07671233,139.20921,0.9505654651087632
pakistan,draw_118,Female,0.0,0.01917808,139.20921,0.9455215860892386
pakistan,draw_118,Male,0.0,0.01917808,139.20921,0.9500756216002432
pakistan,draw_118,Female,0.01917808,0.07671233,139.20921,0.945310604716262
pakistan,draw_118,Male,0.01917808,0.07671233,139.20921,0.948482648816333
ethiopia,draw_118,Female,0.0,0.01917808,139.31932,0.9525390646952039
ethiopia,draw_118,Male,0.0,0.01917808,139.31932,0.9501874422951515
ethiopia,draw_118,Female,0.01917808,0.07671233,139.31932,0.949469929483845
ethiopia,draw_118,Male,0.01917808,0.07671233,139.31932,0.9490614660376626
nigeria,draw_118,Female,0.0,0.01917808,139.31932,0.9467569528126967
nigeria,draw_118,Male,0.0,0.01917808,139.31932,0.9549651512842814
nigeria,draw_118,Female,0.01917808,0.07671233,139.31932,0.946680597109713
nigeria,draw_118,Male,0.01917808,0.07671233,139.31932,0.9503079188000626
pakistan,draw_118,Female,0.0,0.01917808,139.31932,0.9450802829650996
pakistan,draw_118,Male,0.0,0.01917808,139.31932,0.9496675094665561
pakistan,draw_118,Female,0.01917808,0.07671233,139.31932,0.9448972539588821
pakistan,draw_118,Male,0.01917808,0.07671233,139.31932,0.9481114847113774
ethiopia,draw_118,Female,0.0,0.01917808,139.42943,0.9522848065736972
ethiopia,draw_118,Male,0.0,0.01917808,139.42943,0.9498762146419751
ethiopia,draw_118,Female,0.01917808,0.07671233,139.42943,0.9492292295633645
ethiopia,draw_118,Male,0.01917808,0.07671233,139.42943,0.94878473258734
nigeria,draw_118,Female,0.0,0.01917808,139.42943,0.9464610554188477
nigeria,draw_118,Male,0.0,0.01917808,139.42943,0.9546878613784416
nigeria,draw_118,Female,0.01917808,0.07671233,139.42943,0.9464115474409803
nigeria,draw_118,Male,0.01917808,0.07671233,139.42943,0.9500499019362956
pakistan,draw_118,Female,0.0,0.01917808,139.42943,0.9446383243923037
pakistan,draw_118,Male,0.0,0.01917808,139.42943,0.9492582697399085
pakistan,draw_118,Female,0.01917808,0.07671233,139.42943,0.9444825237534688
pakistan,draw_118,Male,0.01917808,0.07671233,139.42943,0.9477388736041303
ethiopia,draw_118,Female,0.0,0.01917808,139.53954,0.9520301518146569
ethiopia,draw_118,Male,0.0,0.01917808,139.53954,0.9495658949318062
ethiopia,draw_118,Female,0.01917808,0.07671233,139.53954,0.948987646298557
ethiopia,draw_118,Male,0.01917808,0.07671233,139.53954,0.9485077858477741
nigeria,draw_118,Female,0.0,0.01917808,139.53954,0.9461652030571474
nigeria,draw_118,Male,0.0,0.01917808,139.53954,0.954410640787009
nigeria,draw_118,Female,0.01917808,0.07671233,139.53954,0.9461417923671847
nigeria,draw_118,Male,0.01917808,0.07671233,139.53954,0.9497912702367294
pakistan,draw_118,Female,0.0,0.01917808,139.53954,0.944195148072892
pakistan,draw_118,Male,0.0,0.01917808,139.53954,0.9488487916314976
pakistan,draw_118,Female,0.01917808,0.07671233,139.53954,0.9440659222580117
pakistan,draw_118,Male,0.01917808,0.07671233,139.53954,0.9473651773604128
ethiopia,draw_118,Female,0.0,0.01917808,139.64965,0.9517760175628853
ethiopia,draw_118,Male,0.0,0.01917808,139.64965,0.9492565010640286
ethiopia,draw_118,Female,0.01917808,0.07671233,139.64965,0.948745807261316
ethiopia,draw_118,Male,0.01917808,0.07671233,139.64965,0.9482307535502692
nigeria,draw_118,Female,0.0,0.01917808,139.64965,0.9458699015152372
nigeria,draw_118,Male,0.0,0.01917808,139.64965,0.9541331299490589
nigeria,draw_118,Female,0.01917808,0.07671233,139.64965,0.94587174847563
nigeria,draw_118,Male,0.01917808,0.07671233,139.64965,0.949531896319373
pakistan,draw_118,Female,0.0,0.01917808,139.64965,0.9437511605610261
pakistan,draw_118,Male,0.0,0.01917808,139.64965,0.9484381875801285
pakistan,draw_118,Female,0.01917808,0.07671233,139.64965,0.943647822120163
pakistan,draw_118,Male,0.01917808,0.07671233,139.64965,0.9469900169948708
ethiopia,draw_118,Female,0.0,0.01917808,139.75976,0.9515222476627246
ethiopia,draw_118,Male,0.0,0.01917808,139.75976,0.9489469488033281
ethiopia,draw_118,Female,0.01917808,0.07671233,139.75976,0.9485036327889055
ethiopia,draw_118,Male,0.01917808,0.07671233,139.75976,0.9479530376408607
nigeria,draw_118,Female,0.0,0.01917808,139.75976,0.9455759437373785
nigeria,draw_118,Male,0.0,0.01917808,139.75976,0.9538561355669358
nigeria,draw_118,Female,0.01917808,0.07671233,139.75976,0.9456019081233832
nigeria,draw_118,Male,0.01917808,0.07671233,139.75976,0.9492722682278165
pakistan,draw_118,Female,0.0,0.01917808,139.75976,0.9433063999495753
pakistan,draw_118,Male,0.0,0.01917808,139.75976,0.9480275307961634
pakistan,draw_118,Female,0.01917808,0.07671233,139.75976,0.9432282955011706
pakistan,draw_118,Male,0.01917808,0.07671233,139.75976,0.946614036213334
ethiopia,draw_118,Female,0.0,0.01917808,139.86987,0.9512691369629972
ethiopia,draw_118,Male,0.0,0.01917808,139.86987,0.9486382966373178
ethiopia,draw_118,Female,0.01917808,0.07671233,139.86987,0.9482613007316658
ethiopia,draw_118,Male,0.01917808,0.07671233,139.86987,0.9476752554840564
nigeria,draw_118,Female,0.0,0.01917808,139.86987,0.9452826237617108
nigeria,draw_118,Male,0.0,0.01917808,139.86987,0.953579460082956
nigeria,draw_118,Female,0.01917808,0.07671233,139.86987,0.9453318467458937
nigeria,draw_118,Male,0.01917808,0.07671233,139.86987,0.9490122865474491
pakistan,draw_118,Female,0.0,0.01917808,139.86987,0.942861042306954
pakistan,draw_118,Male,0.0,0.01917808,139.86987,0.9476165784996933
pakistan,draw_118,Female,0.01917808,0.07671233,139.86987,0.9428074554368713
pakistan,draw_118,Male,0.01917808,0.07671233,139.86987,0.9462370839187769
ethiopia,draw_118,Female,0.0,0.01917808,139.97998,0.9510159850441788
ethiopia,draw_118,Male,0.0,0.01917808,139.97998,0.9483303138503025
ethiopia,draw_118,Female,0.01917808,0.07671233,139.97998,0.9480184028123417
ethiopia,draw_118,Male,0.01917808,0.07671233,139.97998,0.9473972666862139
nigeria,draw_118,Female,0.0,0.01917808,139.97998,0.9449898146533757
nigeria,draw_118,Male,0.0,0.01917808,139.97998,0.9533026670480903
nigeria,draw_118,Female,0.01917808,0.07671233,139.97998,0.9450615036616226
nigeria,draw_118,Male,0.01917808,0.07671233,139.97998,0.9487516747664634
pakistan,draw_118,Female,0.0,0.01917808,139.97998,0.9424152193985944
pakistan,draw_118,Male,0.0,0.01917808,139.97998,0.9472046454674982
pakistan,draw_118,Female,0.01917808,0.07671233,139.97998,0.9423853795212298
pakistan,draw_118,Male,0.01917808,0.07671233,139.97998,0.9458587691122258
ethiopia,draw_118,Female,0.0,0.01917808,140.09009,0.9507632869741443
ethiopia,draw_118,Male,0.0,0.01917808,140.09009,0.9480220365579002
ethiopia,draw_118,Female,0.01917808,0.07671233,140.09009,0.947775212394267
ethiopia,draw_118,Male,0.01917808,0.07671233,140.09009,0.9471185490548825
nigeria,draw_118,Female,0.0,0.01917808,140.09009,0.9446980410217743
nigeria,draw_118,Male,0.0,0.01917808,140.09009,0.9530263433294828
nigeria,draw_118,Female,0.01917808,0.07671233,140.09009,0.9447911793001511
nigeria,draw_118,Male,0.01917808,0.07671233,140.09009,0.9484907649525383
pakistan,draw_118,Female,0.0,0.01917808,140.09009,0.941968053266886
pakistan,draw_118,Male,0.0,0.01917808,140.09009,0.9467922100964337
pakistan,draw_118,Female,0.01917808,0.07671233,140.09009,0.9419615658409254
pakistan,draw_118,Male,0.01917808,0.07671233,140.09009,0.9454793753335913
ethiopia,draw_118,Female,0.0,0.01917808,140.2002,0.9505112404192457
ethiopia,draw_118,Male,0.0,0.01917808,140.2002,0.9477152275847497
ethiopia,draw_118,Female,0.01917808,0.07671233,140.2002,0.9475318074623424
ethiopia,draw_118,Male,0.01917808,0.07671233,140.2002,0.9468400233968332
nigeria,draw_118,Female,0.0,0.01917808,140.2002,0.9444067232488075
nigeria,draw_118,Male,0.0,0.01917808,140.2002,0.9527503684480227
nigeria,draw_118,Female,0.01917808,0.07671233,140.2002,0.9445205031861748
nigeria,draw_118,Male,0.01917808,0.07671233,140.2002,0.9482294545369249
pakistan,draw_118,Female,0.0,0.01917808,140.2002,0.9415203216933951
pakistan,draw_118,Male,0.0,0.01917808,140.2002,0.9463795179588207
pakistan,draw_118,Female,0.01917808,0.07671233,140.2002,0.9415363798204397
pakistan,draw_118,Male,0.01917808,0.07671233,140.2002,0.9450989764037767
ethiopia,draw_118,Female,0.0,0.01917808,140.31031,0.9502588000308102
ethiopia,draw_118,Male,0.0,0.01917808,140.31031,0.9474076207245311
ethiopia,draw_118,Female,0.01917808,0.07671233,140.31031,0.9472875324391145
ethiopia,draw_118,Male,0.01917808,0.07671233,140.31031,0.9465603740155817
nigeria,draw_118,Female,0.0,0.01917808,140.31031,0.9441156344255867
nigeria,draw_118,Male,0.0,0.01917808,140.31031,0.9524737441960048
nigeria,draw_118,Female,0.01917808,0.07671233,140.31031,0.9442492773048371
nigeria,draw_118,Male,0.01917808,0.07671233,140.31031,0.9479671396397843
pakistan,draw_118,Female,0.0,0.01917808,140.31031,0.9410710676315386
pakistan,draw_118,Male,0.0,0.01917808,140.31031,0.9459650619227514
pakistan,draw_118,Female,0.01917808,0.07671233,140.31031,0.9411092217356298
pakistan,draw_118,Male,0.01917808,0.07671233,140.31031,0.9447166666902164
ethiopia,draw_118,Female,0.0,0.01917808,140.42042,0.9500067764427345
ethiopia,draw_118,Male,0.0,0.01917808,140.42042,0.9471013454633117
ethiopia,draw_118,Female,0.01917808,0.07671233,140.42042,0.9470429599824011
ethiopia,draw_118,Male,0.01917808,0.07671233,140.42042,0.9462808864478477
nigeria,draw_118,Female,0.0,0.01917808,140.42042,0.943825524030032
nigeria,draw_118,Male,0.0,0.01917808,140.42042,0.9521981074748922
nigeria,draw_118,Female,0.01917808,0.07671233,140.42042,0.9439780423056249
nigeria,draw_118,Male,0.01917808,0.07671233,140.42042,0.9477048736687502
pakistan,draw_118,Female,0.0,0.01917808,140.42042,0.94062141179408
pakistan,draw_118,Male,0.0,0.01917808,140.42042,0.9455510013367399
pakistan,draw_118,Female,0.01917808,0.07671233,140.42042,0.9406808774178247
pakistan,draw_118,Male,0.01917808,0.07671233,140.42042,0.9443337741524592
ethiopia,draw_118,Female,0.0,0.01917808,140.53053,0.9497557428325774
ethiopia,draw_118,Male,0.0,0.01917808,140.53053,0.9467956367689121
ethiopia,draw_118,Female,0.01917808,0.07671233,140.53053,0.94679844074926
ethiopia,draw_118,Male,0.01917808,0.07671233,140.53053,0.946001120560508
nigeria,draw_118,Female,0.0,0.01917808,140.53053,0.9435366821270816
nigeria,draw_118,Male,0.0,0.01917808,140.53053,0.9519221762196161
nigeria,draw_118,Female,0.01917808,0.07671233,140.53053,0.9437069631710804
nigeria,draw_118,Male,0.01917808,0.07671233,140.53053,0.9474419186260394
pakistan,draw_118,Female,0.0,0.01917808,140.53053,0.9401708757466353
pakistan,draw_118,Male,0.0,0.01917808,140.53053,0.9451362354432505
pakistan,draw_118,Female,0.01917808,0.07671233,140.53053,0.9402510978459157
pakistan,draw_118,Male,0.01917808,0.07671233,140.53053,0.9439496894457267
ethiopia,draw_118,Female,0.0,0.01917808,140.64064,0.9495052543305574
ethiopia,draw_118,Male,0.0,0.01917808,140.64064,0.946490037387141
ethiopia,draw_118,Female,0.01917808,0.07671233,140.64064,0.9465537160645329
ethiopia,draw_118,Male,0.01917808,0.07671233,140.64064,0.9457208354097214
nigeria,draw_118,Female,0.0,0.01917808,140.64064,0.9432477316396553
nigeria,draw_118,Male,0.0,0.01917808,140.64064,0.9516465224508257
nigeria,draw_118,Female,0.01917808,0.07671233,140.64064,0.9434352458364776
nigeria,draw_118,Male,0.01917808,0.07671233,140.64064,0.9471786020353076
pakistan,draw_118,Female,0.0,0.01917808,140.64064,0.9397203987275671
pakistan,draw_118,Male,0.0,0.01917808,140.64064,0.9447212386936581
pakistan,draw_118,Female,0.01917808,0.07671233,140.64064,0.9398204232626051
pakistan,draw_118,Male,0.01917808,0.07671233,140.64064,0.9435646715699643
ethiopia,draw_118,Female,0.0,0.01917808,140.75075,0.9492544285454706
ethiopia,draw_118,Male,0.0,0.01917808,140.75075,0.9461859226324604
ethiopia,draw_118,Female,0.01917808,0.07671233,140.75075,0.9463082540574042
ethiopia,draw_118,Male,0.01917808,0.07671233,140.75075,0.9454407863945096
nigeria,draw_118,Female,0.0,0.01917808,140.75075,0.9429600946073405
nigeria,draw_118,Male,0.0,0.01917808,140.75075,0.9513717433731514
nigeria,draw_118,Female,0.01917808,0.07671233,140.75075,0.9431637133433768
nigeria,draw_118,Male,0.01917808,0.07671233,140.75075,0.9469152800187532
pakistan,draw_118,Female,0.0,0.01917808,140.75075,0.9392682293102933
pakistan,draw_118,Male,0.0,0.01917808,140.75075,0.9443056686832142
pakistan,draw_118,Female,0.01917808,0.07671233,140.75075,0.9393878553861539
pakistan,draw_118,Male,0.01917808,0.07671233,140.75075,0.9431785306457163
ethiopia,draw_118,Female,0.0,0.01917808,140.86086,0.9490045279099721
ethiopia,draw_118,Male,0.0,0.01917808,140.86086,0.9458818010612886
ethiopia,draw_118,Female,0.01917808,0.07671233,140.86086,0.9460628135665755
ethiopia,draw_118,Male,0.01917808,0.07671233,140.86086,0.9451601634143231
nigeria,draw_118,Female,0.0,0.01917808,140.86086,0.9426731424115583
nigeria,draw_118,Male,0.0,0.01917808,140.86086,0.9510962125942639
nigeria,draw_118,Female,0.01917808,0.07671233,140.86086,0.9428920119512726
nigeria,draw_118,Male,0.01917808,0.07671233,140.86086,0.9466509720891711
pakistan,draw_118,Female,0.0,0.01917808,140.86086,0.9388155194236338
pakistan,draw_118,Male,0.0,0.01917808,140.86086,0.943889698130857
pakistan,draw_118,Female,0.01917808,0.07671233,140.86086,0.9389540416787032
pakistan,draw_118,Male,0.01917808,0.07671233,140.86086,0.9427913640138614
ethiopia,draw_118,Female,0.0,0.01917808,140.97097,0.9487546000703668
ethiopia,draw_118,Male,0.0,0.01917808,140.97097,0.945578175148383
ethiopia,draw_118,Female,0.01917808,0.07671233,140.97097,0.9458167258575
ethiopia,draw_118,Male,0.01917808,0.07671233,140.97097,0.9448791167322292
nigeria,draw_118,Female,0.0,0.01917808,140.97097,0.9423870225137805
nigeria,draw_118,Male,0.0,0.01917808,140.97097,0.9508213098789201
nigeria,draw_118,Female,0.01917808,0.07671233,140.97097,0.9426201055065976
nigeria,draw_118,Male,0.01917808,0.07671233,140.97097,0.9463863741674452
pakistan,draw_118,Female,0.0,0.01917808,140.97097,0.938361933088227
pakistan,draw_118,Male,0.0,0.01917808,140.97097,0.9434724251108918
pakistan,draw_118,Female,0.01917808,0.07671233,140.97097,0.9385185922552384
pakistan,draw_118,Male,0.01917808,0.07671233,140.97097,0.9424025167096114
ethiopia,draw_118,Female,0.0,0.01917808,141.08108,0.9485038638567421
ethiopia,draw_118,Male,0.0,0.01917808,141.08108,0.9452741027167427
ethiopia,draw_118,Female,0.01917808,0.07671233,141.08108,0.9455694040028114
ethiopia,draw_118,Male,0.01917808,0.07671233,141.08108,0.9445969953724205
nigeria,draw_118,Female,0.0,0.01917808,141.08108,0.9421002694722027
nigeria,draw_118,Male,0.0,0.01917808,141.08108,0.9505459174897447
nigeria,draw_118,Female,0.01917808,0.07671233,141.08108,0.942347040647849
nigeria,draw_118,Male,0.01917808,0.07671233,141.08108,0.9461207246697074
pakistan,draw_118,Female,0.0,0.01917808,141.08108,0.9379070572152891
pakistan,draw_118,Male,0.0,0.01917808,141.08108,0.9430543568324969
pakistan,draw_118,Female,0.01917808,0.07671233,141.08108,0.9380812140031503
pakistan,draw_118,Male,0.01917808,0.07671233,141.08108,0.94201220935897
ethiopia,draw_118,Female,0.0,0.01917808,141.19119,0.9482489514353162
ethiopia,draw_118,Male,0.0,0.01917808,141.19119,0.9449656590242422
ethiopia,draw_118,Female,0.01917808,0.07671233,141.19119,0.9453168552935761
ethiopia,draw_118,Male,0.01917808,0.07671233,141.19119,0.9443094395702042
nigeria,draw_118,Female,0.0,0.01917808,141.19119,0.9418094592455981
nigeria,draw_118,Male,0.0,0.01917808,141.19119,0.9502652274890822
nigeria,draw_118,Female,0.01917808,0.07671233,141.19119,0.9420687267379925
nigeria,draw_118,Male,0.01917808,0.07671233,141.19119,0.9458491548850285
pakistan,draw_118,Female,0.0,0.01917808,141.19119,0.9374455967924948
pakistan,draw_118,Male,0.0,0.01917808,141.19119,0.9426303931196817
pakistan,draw_118,Female,0.01917808,0.07671233,141.19119,0.9376367862320149
pakistan,draw_118,Male,0.01917808,0.07671233,141.19119,0.9416154127675211
ethiopia,draw_118,Female,0.0,0.01917808,141.3013,0.9479936594007905
ethiopia,draw_118,Male,0.0,0.01917808,141.3013,0.9446576433785316
ethiopia,draw_118,Female,0.01917808,0.07671233,141.3013,0.945063559979065
ethiopia,draw_118,Male,0.01917808,0.07671233,141.3013,0.944021565175623
nigeria,draw_118,Female,0.0,0.01917808,141.3013,0.9415194646591744
nigeria,draw_118,Male,0.0,0.01917808,141.3013,0.9499850340873585
nigeria,draw_118,Female,0.01917808,0.07671233,141.3013,0.9417903229516841
nigeria,draw_118,Male,0.01917808,0.07671233,141.3013,0.9455773435908127
pakistan,draw_118,Female,0.0,0.01917808,141.3013,0.9369841808802388
pakistan,draw_118,Male,0.0,0.01917808,141.3013,0.9422061600757116
pakistan,draw_118,Female,0.01917808,0.07671233,141.3013,0.9371914613007788
pakistan,draw_118,Male,0.01917808,0.07671233,141.3013,0.9412176932238123
ethiopia,draw_118,Female,0.0,0.01917808,141.41141,0.9477396004516885
ethiopia,draw_118,Male,0.0,0.01917808,141.41141,0.9443506494043271
ethiopia,draw_118,Female,0.01917808,0.07671233,141.41141,0.9448104694276943
ethiopia,draw_118,Male,0.01917808,0.07671233,141.41141,0.9437336873926191
nigeria,draw_118,Female,0.0,0.01917808,141.41141,0.941230287668875
nigeria,draw_118,Male,0.0,0.01917808,141.41141,0.9497055569327231
nigeria,draw_118,Female,0.01917808,0.07671233,141.41141,0.941511818645281
nigeria,draw_118,Male,0.01917808,0.07671233,141.41141,0.9453054300084763
pakistan,draw_118,Female,0.0,0.01917808,141.41141,0.9365216073060382
pakistan,draw_118,Male,0.0,0.01917808,141.41141,0.9417819047356438
pakistan,draw_118,Female,0.01917808,0.07671233,141.41141,0.9367445734313158
pakistan,draw_118,Male,0.01917808,0.07671233,141.41141,0.9408191931753416
ethiopia,draw_118,Female,0.0,0.01917808,141.52152,0.9474853411069248
ethiopia,draw_118,Male,0.0,0.01917808,141.52152,0.9440434707301144
ethiopia,draw_118,Female,0.01917808,0.07671233,141.52152,0.9445567435368576
ethiopia,draw_118,Male,0.01917808,0.07671233,141.52152,0.9434451428191175
nigeria,draw_118,Female,0.0,0.01917808,141.52152,0.940942566106621
nigeria,draw_118,Male,0.0,0.01917808,141.52152,0.9494255786905228
nigeria,draw_118,Female,0.01917808,0.07671233,141.52152,0.9412335936490557
nigeria,draw_118,Male,0.01917808,0.07671233,141.52152,0.9450326919556752
pakistan,draw_118,Female,0.0,0.01917808,141.52152,0.9360581935762547
pakistan,draw_118,Male,0.0,0.01917808,141.52152,0.9413564312895242
pakistan,draw_118,Female,0.01917808,0.07671233,141.52152,0.936296314578836
pakistan,draw_118,Male,0.01917808,0.07671233,141.52152,0.9404192425620537
ethiopia,draw_118,Female,0.0,0.01917808,141.63163,0.9472314592617553
ethiopia,draw_118,Male,0.0,0.01917808,141.63163,0.9437377062022586
ethiopia,draw_118,Female,0.01917808,0.07671233,141.63163,0.9443026712708993
ethiopia,draw_118,Male,0.01917808,0.07671233,141.63163,0.9431567884541224
nigeria,draw_118,Female,0.0,0.01917808,141.63163,0.940654619560935
nigeria,draw_118,Male,0.0,0.01917808,141.63163,0.9491460856556486
nigeria,draw_118,Female,0.01917808,0.07671233,141.63163,0.9409546285859671
nigeria,draw_118,Male,0.01917808,0.07671233,141.63163,0.9447596625348305
pakistan,draw_118,Female,0.0,0.01917808,141.63163,0.9355938247088308
pakistan,draw_118,Male,0.0,0.01917808,141.63163,0.9409307832338134
pakistan,draw_118,Female,0.01917808,0.07671233,141.63163,0.9358465181896611
pakistan,draw_118,Male,0.01917808,0.07671233,141.63163,0.9400183782008243
ethiopia,draw_118,Female,0.0,0.01917808,141.74174,0.9469781960961253
ethiopia,draw_118,Male,0.0,0.01917808,141.74174,0.9434315666230858
ethiopia,draw_118,Female,0.01917808,0.07671233,141.74174,0.9440483769432686
ethiopia,draw_118,Male,0.01917808,0.07671233,141.74174,0.9428675608468066
nigeria,draw_118,Female,0.0,0.01917808,141.74174,0.9403674729163705
nigeria,draw_118,Male,0.0,0.01917808,141.74174,0.9488664380319346
nigeria,draw_118,Female,0.01917808,0.07671233,141.74174,0.9406754795642728
nigeria,draw_118,Male,0.01917808,0.07671233,141.74174,0.9444859302812236
pakistan,draw_118,Female,0.0,0.01917808,141.74174,0.9351284321902714
pakistan,draw_118,Male,0.0,0.01917808,141.74174,0.9405041549797764
pakistan,draw_118,Female,0.01917808,0.07671233,141.74174,0.9353951083403286
pakistan,draw_118,Male,0.01917808,0.07671233,141.74174,0.9396160962305616
ethiopia,draw_118,Female,0.0,0.01917808,141.85185,0.946724780160964
ethiopia,draw_118,Male,0.0,0.01917808,141.85185,0.9431265839651167
ethiopia,draw_118,Female,0.01917808,0.07671233,141.85185,0.9437934877767421
ethiopia,draw_118,Male,0.01917808,0.07671233,141.85185,0.9425784289456807
nigeria,draw_118,Female,0.0,0.01917808,141.85185,0.9400808298799403
nigeria,draw_118,Male,0.0,0.01917808,141.85185,0.9485875814245996
nigeria,draw_118,Female,0.01917808,0.07671233,141.85185,0.9403960558417909
nigeria,draw_118,Male,0.01917808,0.07671233,141.85185,0.9442121233297471
pakistan,draw_118,Female,0.0,0.01917808,141.85185,0.9346626774601604
pakistan,draw_118,Male,0.0,0.01917808,141.85185,0.9400767811734718
pakistan,draw_118,Female,0.01917808,0.07671233,141.85185,0.9349425908974585
pakistan,draw_118,Male,0.01917808,0.07671233,141.85185,0.9392126522382205
ethiopia,draw_118,Female,0.0,0.01917808,141.96196,0.9464720798101608
ethiopia,draw_118,Male,0.0,0.01917808,141.96196,0.9428221002874417
ethiopia,draw_118,Female,0.01917808,0.07671233,141.96196,0.9435385161993003
ethiopia,draw_118,Male,0.01917808,0.07671233,141.96196,0.9422890290422353
nigeria,draw_118,Female,0.0,0.01917808,141.96196,0.9397953963331173
nigeria,draw_118,Male,0.0,0.01917808,141.96196,0.9483087037988842
nigeria,draw_118,Female,0.01917808,0.07671233,141.96196,0.9401167774641421
nigeria,draw_118,Male,0.01917808,0.07671233,141.96196,0.943937774907411
pakistan,draw_118,Female,0.0,0.01917808,141.96196,0.9341955276546837
pakistan,draw_118,Male,0.0,0.01917808,141.96196,0.9396497730117245
pakistan,draw_118,Female,0.01917808,0.07671233,141.96196,0.9344883861506257
pakistan,draw_118,Male,0.01917808,0.07671233,141.96196,0.9388087000419436
ethiopia,draw_118,Female,0.0,0.01917808,142.07207,0.9462201296390136
ethiopia,draw_118,Male,0.0,0.01917808,142.07207,0.9425181628616384
ethiopia,draw_118,Female,0.01917808,0.07671233,142.07207,0.9432834813772119
ethiopia,draw_118,Male,0.01917808,0.07671233,142.07207,0.9419993952641785
nigeria,draw_118,Female,0.0,0.01917808,142.07207,0.9395111165337204
nigeria,draw_118,Male,0.0,0.01917808,142.07207,0.9480302269951034
nigeria,draw_118,Female,0.01917808,0.07671233,142.07207,0.9398376220711679
nigeria,draw_118,Male,0.01917808,0.07671233,142.07207,0.9436631379635946
pakistan,draw_118,Female,0.0,0.01917808,142.07207,0.9337281617634478
pakistan,draw_118,Male,0.0,0.01917808,142.07207,0.9392219955381578
pakistan,draw_118,Female,0.01917808,0.07671233,142.07207,0.9340331551227404
pakistan,draw_118,Male,0.01917808,0.07671233,142.07207,0.9384035570637347
ethiopia,draw_118,Female,0.0,0.01917808,142.18218,0.9459684529413179
ethiopia,draw_118,Male,0.0,0.01917808,142.18218,0.9422148889929777
ethiopia,draw_118,Female,0.01917808,0.07671233,142.18218,0.9430280947561124
ethiopia,draw_118,Male,0.01917808,0.07671233,142.18218,0.9417095834173586
nigeria,draw_118,Female,0.0,0.01917808,142.18218,0.9392275838032432
nigeria,draw_118,Male,0.0,0.01917808,142.18218,0.9477523161834082
nigeria,draw_118,Female,0.01917808,0.07671233,142.18218,0.9395583546541104
nigeria,draw_118,Male,0.01917808,0.07671233,142.18218,0.9433883237997722
pakistan,draw_118,Female,0.0,0.01917808,142.18218,0.9332607651798369
pakistan,draw_118,Male,0.0,0.01917808,142.18218,0.9387938982720587
pakistan,draw_118,Female,0.01917808,0.07671233,142.18218,0.9335770007525289
pakistan,draw_118,Male,0.01917808,0.07671233,142.18218,0.9379975114932602
ethiopia,draw_118,Female,0.0,0.01917808,142.29229,0.9457166503174973
ethiopia,draw_118,Male,0.0,0.01917808,142.29229,0.9419121239927295
ethiopia,draw_118,Female,0.01917808,0.07671233,142.29229,0.942772121323784
ethiopia,draw_118,Male,0.01917808,0.07671233,142.29229,0.9414195108038935
nigeria,draw_118,Female,0.0,0.01917808,142.29229,0.9389442403728439
nigeria,draw_118,Male,0.0,0.01917808,142.29229,0.947474278439161
nigeria,draw_118,Female,0.01917808,0.07671233,142.29229,0.9392786583921435
nigeria,draw_118,Male,0.01917808,0.07671233,142.29229,0.943112930690149
pakistan,draw_118,Female,0.0,0.01917808,142.29229,0.9327912485324871
pakistan,draw_118,Male,0.0,0.01917808,142.29229,0.938365568738077
pakistan,draw_118,Female,0.01917808,0.07671233,142.29229,0.9331187661506315
pakistan,draw_118,Male,0.01917808,0.07671233,142.29229,0.9375906256722567
ethiopia,draw_118,Female,0.0,0.01917808,142.4024,0.9454661173705775
ethiopia,draw_118,Male,0.0,0.01917808,142.4024,0.9416103443292781
ethiopia,draw_118,Female,0.01917808,0.07671233,142.4024,0.9425162868003006
ethiopia,draw_118,Male,0.01917808,0.07671233,142.4024,0.9411293280711287
nigeria,draw_118,Female,0.0,0.01917808,142.4024,0.9386617080805385
nigeria,draw_118,Male,0.0,0.01917808,142.4024,0.9471965200809384
nigeria,draw_118,Female,0.01917808,0.07671233,142.4024,0.938998765743861
nigeria,draw_118,Male,0.01917808,0.07671233,142.4024,0.9428370843475586
pakistan,draw_118,Female,0.0,0.01917808,142.4024,0.9323213045173843
pakistan,draw_118,Male,0.0,0.01917808,142.4024,0.937935794849249
pakistan,draw_118,Female,0.01917808,0.07671233,142.4024,0.9326592215831685
pakistan,draw_118,Male,0.01917808,0.07671233,142.4024,0.9371820329675737
ethiopia,draw_118,Female,0.0,0.01917808,142.51251,0.9452148769052061
ethiopia,draw_118,Male,0.0,0.01917808,142.51251,0.9413085285555299
ethiopia,draw_118,Female,0.01917808,0.07671233,142.51251,0.9422595262848525
ethiopia,draw_118,Male,0.01917808,0.07671233,142.51251,0.9408385721827816
nigeria,draw_118,Female,0.0,0.01917808,142.51251,0.9383801751926204
nigeria,draw_118,Male,0.0,0.01917808,142.51251,0.9469187332097465
nigeria,draw_118,Female,0.01917808,0.07671233,142.51251,0.9387189070895077
nigeria,draw_118,Male,0.01917808,0.07671233,142.51251,0.9425607248500039
pakistan,draw_118,Female,0.0,0.01917808,142.51251,0.9318506321512019
pakistan,draw_118,Male,0.0,0.01917808,142.51251,0.9375060362023122
pakistan,draw_118,Female,0.01917808,0.07671233,142.51251,0.9321983660988254
pakistan,draw_118,Male,0.01917808,0.07671233,142.51251,0.936772738256533
ethiopia,draw_118,Female,0.0,0.01917808,142.62262,0.9449649251119083
ethiopia,draw_118,Male,0.0,0.01917808,142.62262,0.9410072796562724
ethiopia,draw_118,Female,0.01917808,0.07671233,142.62262,0.9420030097031314
ethiopia,draw_118,Male,0.01917808,0.07671233,142.62262,0.9405476086716071
nigeria,draw_118,Female,0.0,0.01917808,142.62262,0.9380996724458098
nigeria,draw_118,Male,0.0,0.01917808,142.62262,0.9466414349480398
nigeria,draw_118,Female,0.01917808,0.07671233,142.62262,0.9384391210220587
nigeria,draw_118,Male,0.01917808,0.07671233,142.62262,0.9422841605353279
pakistan,draw_118,Female,0.0,0.01917808,142.62262,0.9313787033966494
pakistan,draw_118,Male,0.0,0.01917808,142.62262,0.9370757892886356
pakistan,draw_118,Female,0.01917808,0.07671233,142.62262,0.9317359332881149
pakistan,draw_118,Male,0.01917808,0.07671233,142.62262,0.936362469408893
ethiopia,draw_118,Female,0.0,0.01917808,142.73273,0.9447148539095062
ethiopia,draw_118,Male,0.0,0.01917808,142.73273,0.9407069592425449
ethiopia,draw_118,Female,0.01917808,0.07671233,142.73273,0.9417459220323958
ethiopia,draw_118,Male,0.01917808,0.07671233,142.73273,0.9402566193669363
nigeria,draw_118,Female,0.0,0.01917808,142.73273,0.9378199941430414
nigeria,draw_118,Male,0.0,0.01917808,142.73273,0.946364772416731
nigeria,draw_118,Female,0.01917808,0.07671233,142.73273,0.9381592905147571
nigeria,draw_118,Male,0.01917808,0.07671233,142.73273,0.9420074626048779
pakistan,draw_118,Female,0.0,0.01917808,142.73273,0.9309071107053646
pakistan,draw_118,Male,0.0,0.01917808,142.73273,0.936645410514234
pakistan,draw_118,Female,0.01917808,0.07671233,142.73273,0.9312728619220046
pakistan,draw_118,Male,0.01917808,0.07671233,142.73273,0.9359514163017878
ethiopia,draw_118,Female,0.0,0.01917808,142.84284,0.9444659738497918
ethiopia,draw_118,Male,0.0,0.01917808,142.84284,0.9404075156635983
ethiopia,draw_118,Female,0.01917808,0.07671233,142.84284,0.9414890510565763
ethiopia,draw_118,Male,0.01917808,0.07671233,142.84284,0.9399655886018262
nigeria,draw_118,Female,0.0,0.01917808,142.84284,0.9375411679030254
nigeria,draw_118,Male,0.0,0.01917808,142.84284,0.9460878926386842
nigeria,draw_118,Female,0.01917808,0.07671233,142.84284,0.9378794104442993
nigeria,draw_118,Male,0.01917808,0.07671233,142.84284,0.9417301180166081
pakistan,draw_118,Female,0.0,0.01917808,142.84284,0.9304340490608812
pakistan,draw_118,Male,0.0,0.01917808,142.84284,0.9362145733003353
pakistan,draw_118,Female,0.01917808,0.07671233,142.84284,0.9308081301707647
pakistan,draw_118,Male,0.01917808,0.07671233,142.84284,0.9355393993394949
ethiopia,draw_118,Female,0.0,0.01917808,142.95295,0.944216954944163
ethiopia,draw_118,Male,0.0,0.01917808,142.95295,0.9401086850041646
ethiopia,draw_118,Female,0.01917808,0.07671233,142.95295,0.9412316071348318
ethiopia,draw_118,Male,0.01917808,0.07671233,142.95295,0.9396743651666899
nigeria,draw_118,Female,0.0,0.01917808,142.95295,0.9372626658850916
nigeria,draw_118,Male,0.0,0.01917808,142.95295,0.9458120540123042
nigeria,draw_118,Female,0.01917808,0.07671233,142.95295,0.9375991659344817
nigeria,draw_118,Male,0.01917808,0.07671233,142.95295,0.941452895574853
pakistan,draw_118,Female,0.0,0.01917808,142.95295,0.9299606842759808
pakistan,draw_118,Male,0.0,0.01917808,142.95295,0.9357832585422201
pakistan,draw_118,Female,0.01917808,0.07671233,142.95295,0.9303423806225399
pakistan,draw_118,Male,0.01917808,0.07671233,142.95295,0.9351264094034476
ethiopia,draw_118,Female,0.0,0.01917808,143.06306,0.9439683429669549
ethiopia,draw_118,Male,0.0,0.01917808,143.06306,0.939810322932789
ethiopia,draw_118,Female,0.01917808,0.07671233,143.06306,0.9409738488302988
ethiopia,draw_118,Male,0.01917808,0.07671233,143.06306,0.9393828147674896
nigeria,draw_118,Female,0.0,0.01917808,143.06306,0.9369856621853228
nigeria,draw_118,Male,0.0,0.01917808,143.06306,0.9455357998449125
nigeria,draw_118,Female,0.01917808,0.07671233,143.06306,0.9373191743466505
nigeria,draw_118,Male,0.01917808,0.07671233,143.06306,0.9411748881733725
pakistan,draw_118,Female,0.0,0.01917808,143.06306,0.9294857691997389
pakistan,draw_118,Male,0.0,0.01917808,143.06306,0.9353513658766507
pakistan,draw_118,Female,0.01917808,0.07671233,143.06306,0.9298748128476568
pakistan,draw_118,Male,0.01917808,0.07671233,143.06306,0.9347123314428923
ethiopia,draw_118,Female,0.0,0.01917808,143.17317,0.9437201128460007
ethiopia,draw_118,Male,0.0,0.01917808,143.17317,0.9395124155716638
ethiopia,draw_118,Female,0.01917808,0.07671233,143.17317,0.9407157634357638
ethiopia,draw_118,Male,0.01917808,0.07671233,143.17317,0.9390909261569346
nigeria,draw_118,Female,0.0,0.01917808,143.17317,0.9367088695222778
nigeria,draw_118,Male,0.0,0.01917808,143.17317,0.9452595992837116
nigeria,draw_118,Female,0.01917808,0.07671233,143.17317,0.9370387018703905
nigeria,draw_118,Male,0.01917808,0.07671233,143.17317,0.9408963639008533
pakistan,draw_118,Female,0.0,0.01917808,143.17317,0.9290105973843923
pakistan,draw_118,Male,0.0,0.01917808,143.17317,0.9349184676593414
pakistan,draw_118,Female,0.01917808,0.07671233,143.17317,0.9294061628420063
pakistan,draw_118,Male,0.01917808,0.07671233,143.17317,0.9342969093020304
ethiopia,draw_118,Female,0.0,0.01917808,143.28328,0.9434725915405728
ethiopia,draw_118,Male,0.0,0.01917808,143.28328,0.9392151497678344
ethiopia,draw_118,Female,0.01917808,0.07671233,143.28328,0.9404576019986587
ethiopia,draw_118,Male,0.01917808,0.07671233,143.28328,0.9387988708008266
nigeria,draw_118,Female,0.0,0.01917808,143.28328,0.9364327841942826
nigeria,draw_118,Male,0.0,0.01917808,143.28328,0.9449843387200584
nigeria,draw_118,Female,0.01917808,0.07671233,143.28328,0.9367581134951684
nigeria,draw_118,Male,0.01917808,0.07671233,143.28328,0.9406179204441101
pakistan,draw_118,Female,0.0,0.01917808,143.28328,0.928534924722656
pakistan,draw_118,Male,0.0,0.01917808,143.28328,0.9344855134845886
pakistan,draw_118,Female,0.01917808,0.07671233,143.28328,0.9289364356975329
pakistan,draw_118,Male,0.01917808,0.07671233,143.28328,0.9338807695836758
ethiopia,draw_118,Female,0.0,0.01917808,143.39339,0.9432248730418578
ethiopia,draw_118,Male,0.0,0.01917808,143.39339,0.938918270799782
ethiopia,draw_118,Female,0.01917808,0.07671233,143.39339,0.9401988407473423
ethiopia,draw_118,Male,0.01917808,0.07671233,143.39339,0.938506510485079
nigeria,draw_118,Female,0.0,0.01917808,143.39339,0.9361576505951625
nigeria,draw_118,Male,0.0,0.01917808,143.39339,0.9447090846983734
nigeria,draw_118,Female,0.01917808,0.07671233,143.39339,0.936477548022788
nigeria,draw_118,Male,0.01917808,0.07671233,143.39339,0.9403390155299156
pakistan,draw_118,Female,0.0,0.01917808,143.39339,0.9280581768242715
pakistan,draw_118,Male,0.0,0.01917808,143.39339,0.9340526277154381
pakistan,draw_118,Female,0.01917808,0.07671233,143.39339,0.9284653023257475
pakistan,draw_118,Male,0.01917808,0.07671233,143.39339,0.93346397736726
ethiopia,draw_118,Female,0.0,0.01917808,143.5035,0.9429780480285128
ethiopia,draw_118,Male,0.0,0.01917808,143.5035,0.9386226644497787
ethiopia,draw_118,Female,0.01917808,0.07671233,143.5035,0.9399401224295522
ethiopia,draw_118,Male,0.01917808,0.07671233,143.5035,0.9382143367073654
nigeria,draw_118,Female,0.0,0.01917808,143.5035,0.9358838134239957
nigeria,draw_118,Male,0.0,0.01917808,143.5035,0.9444345035145753
nigeria,draw_118,Female,0.01917808,0.07671233,143.5035,0.9361972176440264
nigeria,draw_118,Male,0.01917808,0.07671233,143.5035,0.9400600420829471
pakistan,draw_118,Female,0.0,0.01917808,143.5035,0.9275808825871167
pakistan,draw_118,Male,0.0,0.01917808,143.5035,0.9336192200028771
pakistan,draw_118,Female,0.01917808,0.07671233,143.5035,0.9279930491585111
pakistan,draw_118,Male,0.01917808,0.07671233,143.5035,0.9330462088049907
ethiopia,draw_118,Female,0.0,0.01917808,143.61361,0.9427318732537682
ethiopia,draw_118,Male,0.0,0.01917808,143.61361,0.9383277596172874
ethiopia,draw_118,Female,0.01917808,0.07671233,143.61361,0.939681316007774
ethiopia,draw_118,Male,0.01917808,0.07671233,143.61361,0.937922015791743
nigeria,draw_118,Female,0.0,0.01917808,143.61361,0.9356107512689813
nigeria,draw_118,Male,0.0,0.01917808,143.61361,0.9441596151077116
nigeria,draw_118,Female,0.01917808,0.07671233,143.61361,0.9359168203214734
nigeria,draw_118,Male,0.01917808,0.07671233,143.61361,0.939780417627723
pakistan,draw_118,Female,0.0,0.01917808,143.61361,0.9271031525756206
pakistan,draw_118,Male,0.0,0.01917808,143.61361,0.9331854275323793
pakistan,draw_118,Female,0.01917808,0.07671233,143.61361,0.92751972116749
pakistan,draw_118,Male,0.01917808,0.07671233,143.61361,0.9326275539578194
ethiopia,draw_118,Female,0.0,0.01917808,143.72372,0.9424859132714929
ethiopia,draw_118,Male,0.0,0.01917808,143.72372,0.9380335276043121
ethiopia,draw_118,Female,0.01917808,0.07671233,143.72372,0.9394221684377171
ethiopia,draw_118,Male,0.01917808,0.07671233,143.72372,0.9376295471545735
nigeria,draw_118,Female,0.0,0.01917808,143.72372,0.9353388397255966
nigeria,draw_118,Male,0.0,0.01917808,143.72372,0.9438855945236209
nigeria,draw_118,Female,0.01917808,0.07671233,143.72372,0.9356365726003644
nigeria,draw_118,Male,0.01917808,0.07671233,143.72372,0.9395008390885371
pakistan,draw_118,Female,0.0,0.01917808,143.72372,0.9266247269672219
pakistan,draw_118,Male,0.0,0.01917808,143.72372,0.9327512408551786
pakistan,draw_118,Female,0.01917808,0.07671233,143.72372,0.9270451908914991
pakistan,draw_118,Male,0.01917808,0.07671233,143.72372,0.9322080168422957
ethiopia,draw_118,Female,0.0,0.01917808,143.83383,0.942240602969228
ethiopia,draw_118,Male,0.0,0.01917808,143.83383,0.9377397489594037
ethiopia,draw_118,Female,0.01917808,0.07671233,143.83383,0.9391628344623097
ethiopia,draw_118,Male,0.01917808,0.07671233,143.83383,0.9373366922676487
nigeria,draw_118,Female,0.0,0.01917808,143.83383,0.9350668175799094
nigeria,draw_118,Male,0.0,0.01917808,143.83383,0.9436117582469543
nigeria,draw_118,Female,0.01917808,0.07671233,143.83383,0.9353556264719547
nigeria,draw_118,Male,0.01917808,0.07671233,143.83383,0.9392207796016557
pakistan,draw_118,Female,0.0,0.01917808,143.83383,0.9261453347398604
pakistan,draw_118,Male,0.0,0.01917808,143.83383,0.932316393347412
pakistan,draw_118,Female,0.01917808,0.07671233,143.83383,0.9265691220550477
pakistan,draw_118,Male,0.01917808,0.07671233,143.83383,0.9317872824615601
ethiopia,draw_118,Female,0.0,0.01917808,143.94394,0.9419952938472463
ethiopia,draw_118,Male,0.0,0.01917808,143.94394,0.9374471956572727
ethiopia,draw_118,Female,0.01917808,0.07671233,143.94394,0.9389030367771507
ethiopia,draw_118,Male,0.01917808,0.07671233,143.94394,0.9370440203509632
nigeria,draw_118,Female,0.0,0.01917808,143.94394,0.9347962546597013
nigeria,draw_118,Male,0.0,0.01917808,143.94394,0.9433376895121237
nigeria,draw_118,Female,0.01917808,0.07671233,143.94394,0.9350750229470005
nigeria,draw_118,Male,0.01917808,0.07671233,143.94394,0.9389401041874881
pakistan,draw_118,Female,0.0,0.01917808,143.94394,0.9256650415663615
pakistan,draw_118,Male,0.0,0.01917808,143.94394,0.9318811932361916
pakistan,draw_118,Female,0.01917808,0.07671233,143.94394,0.9260917454223434
pakistan,draw_118,Male,0.01917808,0.07671233,143.94394,0.9313656837115165
ethiopia,draw_118,Female,0.0,0.01917808,144.05405,0.941750142764204
ethiopia,draw_118,Male,0.0,0.01917808,144.05405,0.93715414450129
ethiopia,draw_118,Female,0.01917808,0.07671233,144.05405,0.9386428747396751
ethiopia,draw_118,Male,0.01917808,0.07671233,144.05405,0.9367505805932796
nigeria,draw_118,Female,0.0,0.01917808,144.05405,0.9345262173148979
nigeria,draw_118,Male,0.0,0.01917808,144.05405,0.9430643302176296
nigeria,draw_118,Female,0.01917808,0.07671233,144.05405,0.9347942304288384
nigeria,draw_118,Male,0.01917808,0.07671233,144.05405,0.9386594085953593
pakistan,draw_118,Female,0.0,0.01917808,144.05405,0.9251845244457175
pakistan,draw_118,Male,0.0,0.01917808,144.05405,0.9314459974768418
pakistan,draw_118,Female,0.01917808,0.07671233,144.05405,0.9256134160064439
pakistan,draw_118,Male,0.01917808,0.07671233,144.05405,0.9309434436852766
ethiopia,draw_118,Female,0.0,0.01917808,144.16416,0.9415064995703138
ethiopia,draw_118,Male,0.0,0.01917808,144.16416,0.9368630400291761
ethiopia,draw_118,Female,0.01917808,0.07671233,144.16416,0.9383831620776845
ethiopia,draw_118,Male,0.01917808,0.07671233,144.16416,0.9364577413147787
nigeria,draw_118,Female,0.0,0.01917808,144.16416,0.9342572365851969
nigeria,draw_118,Male,0.0,0.01917808,144.16416,0.9427913164001129
nigeria,draw_118,Female,0.01917808,0.07671233,144.16416,0.9345135372332024
nigeria,draw_118,Male,0.01917808,0.07671233,144.16416,0.9383784659288738
pakistan,draw_118,Female,0.0,0.01917808,144.16416,0.9247031392849946
pakistan,draw_118,Male,0.0,0.01917808,144.16416,0.9310103571788634
pakistan,draw_118,Female,0.01917808,0.07671233,144.16416,0.9251337993638332
pakistan,draw_118,Male,0.01917808,0.07671233,144.16416,0.9305203125234692
ethiopia,draw_118,Female,0.0,0.01917808,144.27427,0.9412625391990133
ethiopia,draw_118,Male,0.0,0.01917808,144.27427,0.9365722021243574
ethiopia,draw_118,Female,0.01917808,0.07671233,144.27427,0.9381228129130831
ethiopia,draw_118,Male,0.01917808,0.07671233,144.27427,0.936164568244496
nigeria,draw_118,Female,0.0,0.01917808,144.27427,0.9339889108834071
nigeria,draw_118,Male,0.0,0.01917808,144.27427,0.9425190453633627
nigeria,draw_118,Female,0.01917808,0.07671233,144.27427,0.9342327240783252
nigeria,draw_118,Male,0.01917808,0.07671233,144.27427,0.9380975089518032
pakistan,draw_118,Female,0.0,0.01917808,144.27427,0.9242213686622344
pakistan,draw_118,Male,0.0,0.01917808,144.27427,0.9305743793480715
pakistan,draw_118,Female,0.01917808,0.07671233,144.27427,0.9246531744944191
pakistan,draw_118,Male,0.01917808,0.07671233,144.27427,0.9300963696288672
ethiopia,draw_118,Female,0.0,0.01917808,144.38438,0.9410194076715672
ethiopia,draw_118,Male,0.0,0.01917808,144.38438,0.9362820361927591
ethiopia,draw_118,Female,0.01917808,0.07671233,144.38438,0.9378625146635841
ethiopia,draw_118,Male,0.01917808,0.07671233,144.38438,0.9358712992172521
nigeria,draw_118,Female,0.0,0.01917808,144.38438,0.9337216637324399
nigeria,draw_118,Male,0.0,0.01917808,144.38438,0.942246730544798
nigeria,draw_118,Female,0.01917808,0.07671233,144.38438,0.9339520294222777
nigeria,draw_118,Male,0.01917808,0.07671233,144.38438,0.9378160709149571
pakistan,draw_118,Female,0.0,0.01917808,144.38438,0.923738897628007
pakistan,draw_118,Male,0.0,0.01917808,144.38438,0.9301380175098366
pakistan,draw_118,Female,0.01917808,0.07671233,144.38438,0.9241713831124043
pakistan,draw_118,Male,0.01917808,0.07671233,144.38438,0.9296715986343478
ethiopia,draw_118,Female,0.0,0.01917808,144.49449,0.9407769784005291
ethiopia,draw_118,Male,0.0,0.01917808,144.49449,0.9359923002696234
ethiopia,draw_118,Female,0.01917808,0.07671233,144.49449,0.9376021432310896
ethiopia,draw_118,Male,0.01917808,0.07671233,144.49449,0.9355777318532968
nigeria,draw_118,Female,0.0,0.01917808,144.49449,0.9334558976832065
nigeria,draw_118,Male,0.0,0.01917808,144.49449,0.9419749464349896
nigeria,draw_118,Female,0.01917808,0.07671233,144.49449,0.9336716526439542
nigeria,draw_118,Male,0.01917808,0.07671233,144.49449,0.9375344320955453
pakistan,draw_118,Female,0.0,0.01917808,144.49449,0.9232550710899308
pakistan,draw_118,Male,0.0,0.01917808,144.49449,0.9297010889969698
pakistan,draw_118,Female,0.01917808,0.07671233,144.49449,0.9236879667384457
pakistan,draw_118,Male,0.01917808,0.07671233,144.49449,0.9292458075371588
ethiopia,draw_118,Female,0.0,0.01917808,144.6046,0.9405343933014599
ethiopia,draw_118,Male,0.0,0.01917808,144.6046,0.9357031855103902
ethiopia,draw_118,Female,0.01917808,0.07671233,144.6046,0.9373411837765225
ethiopia,draw_118,Male,0.01917808,0.07671233,144.6046,0.9352839787591123
nigeria,draw_118,Female,0.0,0.01917808,144.6046,0.9331901931410139
nigeria,draw_118,Male,0.0,0.01917808,144.6046,0.9417032489768766
nigeria,draw_118,Female,0.01917808,0.07671233,144.6046,0.9333907851463723
nigeria,draw_118,Male,0.01917808,0.07671233,144.6046,0.9372523447069084
pakistan,draw_118,Female,0.0,0.01917808,144.6046,0.9227708311333824
pakistan,draw_118,Male,0.0,0.01917808,144.6046,0.9292636947648082
pakistan,draw_118,Female,0.01917808,0.07671233,144.6046,0.9232034937755434
pakistan,draw_118,Male,0.01917808,0.07671233,144.6046,0.9288190482975999
ethiopia,draw_118,Female,0.0,0.01917808,144.71471,0.9402922426513766
ethiopia,draw_118,Male,0.0,0.01917808,144.71471,0.9354147442207008
ethiopia,draw_118,Female,0.01917808,0.07671233,144.71471,0.9370800280903357
ethiopia,draw_118,Male,0.01917808,0.07671233,144.71471,0.9349901211611913
nigeria,draw_118,Female,0.0,0.01917808,144.71471,0.932925200569503
nigeria,draw_118,Male,0.0,0.01917808,144.71471,0.9414319738764596
nigeria,draw_118,Female,0.01917808,0.07671233,144.71471,0.9331098576759479
nigeria,draw_118,Male,0.01917808,0.07671233,144.71471,0.9369700644870966
pakistan,draw_118,Female,0.0,0.01917808,144.71471,0.9222857424206767
pakistan,draw_118,Male,0.0,0.01917808,144.71471,0.9288259795218367
pakistan,draw_118,Female,0.01917808,0.07671233,144.71471,0.9227177762646781
pakistan,draw_118,Male,0.01917808,0.07671233,144.71471,0.9283915078171427
ethiopia,draw_118,Female,0.0,0.01917808,144.82482,0.9400506780924571
ethiopia,draw_118,Male,0.0,0.01917808,144.82482,0.9351270448940715
ethiopia,draw_118,Female,0.01917808,0.07671233,144.82482,0.936818767588871
ethiopia,draw_118,Male,0.01917808,0.07671233,144.82482,0.9346961893152282
nigeria,draw_118,Female,0.0,0.01917808,144.82482,0.9326612211063727
nigeria,draw_118,Male,0.0,0.01917808,144.82482,0.941160816602198
nigeria,draw_118,Female,0.01917808,0.07671233,144.82482,0.9328290444143592
nigeria,draw_118,Male,0.01917808,0.07671233,144.82482,0.9366874253776154
pakistan,draw_118,Female,0.0,0.01917808,144.82482,0.9218003320127088
pakistan,draw_118,Male,0.0,0.01917808,144.82482,0.9283875225218263
pakistan,draw_118,Female,0.01917808,0.07671233,144.82482,0.9222311245453918
pakistan,draw_118,Male,0.01917808,0.07671233,144.82482,0.9279629349237865
ethiopia,draw_118,Female,0.0,0.01917808,144.93493,0.9398099584963826
ethiopia,draw_118,Male,0.0,0.01917808,144.93493,0.9348404379058322
ethiopia,draw_118,Female,0.01917808,0.07671233,144.93493,0.9365575750627
ethiopia,draw_118,Male,0.01917808,0.07671233,144.93493,0.9344023982388175
nigeria,draw_118,Female,0.0,0.01917808,144.93493,0.9323987690664602
nigeria,draw_118,Male,0.0,0.01917808,144.93493,0.9408907702767919
nigeria,draw_118,Female,0.01917808,0.07671233,144.93493,0.9325486537396721
nigeria,draw_118,Male,0.01917808,0.07671233,144.93493,0.9364050153390092
pakistan,draw_118,Female,0.0,0.01917808,144.93493,0.9213139384396432
pakistan,draw_118,Male,0.0,0.01917808,144.93493,0.9279495443579442
pakistan,draw_118,Female,0.01917808,0.07671233,144.93493,0.9217431979556402
pakistan,draw_118,Male,0.01917808,0.07671233,144.93493,0.9275340407757529
ethiopia,draw_118,Female,0.0,0.01917808,145.04505,0.9395700774835234
ethiopia,draw_118,Male,0.0,0.01917808,145.04505,0.9345544664303753
ethiopia,draw_118,Female,0.01917808,0.07671233,145.04505,0.9362964455980958
ethiopia,draw_118,Male,0.01917808,0.07671233,145.04505,0.934108502929905
nigeria,draw_118,Female,0.0,0.01917808,145.04505,0.9321368508635006
nigeria,draw_118,Male,0.0,0.01917808,145.04505,0.940620478582953
nigeria,draw_118,Female,0.01917808,0.07671233,145.04505,0.932268112318692
nigeria,draw_118,Male,0.01917808,0.07671233,145.04505,0.9361220157640548
pakistan,draw_118,Female,0.0,0.01917808,145.04505,0.9208272682455797
pakistan,draw_118,Male,0.0,0.01917808,145.04505,0.9275112555209816
pakistan,draw_118,Female,0.01917808,0.07671233,145.04505,0.9212543566810689
pakistan,draw_118,Male,0.01917808,0.07671233,145.04505,0.9271043572230511
ethiopia,draw_118,Female,0.0,0.01917808,145.15516,0.939330552853355
ethiopia,draw_118,Male,0.0,0.01917808,145.15516,0.9342691803100263
ethiopia,draw_118,Female,0.01917808,0.07671233,145.15516,0.936035113499757
ethiopia,draw_118,Male,0.01917808,0.07671233,145.15516,0.9338145426291247
nigeria,draw_118,Female,0.0,0.01917808,145.15516,0.9318763938716768
nigeria,draw_118,Male,0.0,0.01917808,145.15516,0.9403513370574521
nigeria,draw_118,Female,0.01917808,0.07671233,145.15516,0.93198796763354
nigeria,draw_118,Male,0.01917808,0.07671233,145.15516,0.9358392869315837
pakistan,draw_118,Female,0.0,0.01917808,145.15516,0.920340185821573
pakistan,draw_118,Male,0.0,0.01917808,145.15516,0.9270726600738806
pakistan,draw_118,Female,0.01917808,0.07671233,145.15516,0.9207645929280353
pakistan,draw_118,Male,0.01917808,0.07671233,145.15516,0.9266739236657061
ethiopia,draw_118,Female,0.0,0.01917808,145.26527,0.9390906793966473
ethiopia,draw_118,Male,0.0,0.01917808,145.26527,0.9339843759207558
ethiopia,draw_118,Female,0.01917808,0.07671233,145.26527,0.9357730628268431
ethiopia,draw_118,Male,0.01917808,0.07671233,145.26527,0.9335202868121741
nigeria,draw_118,Female,0.0,0.01917808,145.26527,0.9316157847746095
nigeria,draw_118,Male,0.0,0.01917808,145.26527,0.9400812787682284
nigeria,draw_118,Female,0.01917808,0.07671233,145.26527,0.9317071730950096
nigeria,draw_118,Male,0.01917808,0.07671233,145.26527,0.9355555107778861
pakistan,draw_118,Female,0.0,0.01917808,145.26527,0.9198519540999931
pakistan,draw_118,Male,0.0,0.01917808,145.26527,0.9266334391882172
pakistan,draw_118,Female,0.01917808,0.07671233,145.26527,0.9202733065842762
pakistan,draw_118,Male,0.01917808,0.07671233,145.26527,0.9262423945799286
ethiopia,draw_118,Female,0.0,0.01917808,145.37538,0.9388522982376741
ethiopia,draw_118,Male,0.0,0.01917808,145.37538,0.9337002644689619
ethiopia,draw_118,Female,0.01917808,0.07671233,145.37538,0.9355114739376631
ethiopia,draw_118,Male,0.01917808,0.07671233,145.37538,0.9332259732721134
nigeria,draw_118,Female,0.0,0.01917808,145.37538,0.9313566597569873
nigeria,draw_118,Male,0.0,0.01917808,145.37538,0.9398124711827012
nigeria,draw_118,Female,0.01917808,0.07671233,145.37538,0.9314267477497914
nigeria,draw_118,Male,0.01917808,0.07671233,145.37538,0.9352720389826316
pakistan,draw_118,Female,0.0,0.01917808,145.37538,0.9193627878458228
pakistan,draw_118,Male,0.0,0.01917808,145.37538,0.9261939194612165
pakistan,draw_118,Female,0.01917808,0.07671233,145.37538,0.9197807755415257
pakistan,draw_118,Male,0.01917808,0.07671233,145.37538,0.9258101188144763
ethiopia,draw_118,Female,0.0,0.01917808,145.48549,0.9386130390067545
ethiopia,draw_118,Male,0.0,0.01917808,145.48549,0.9334168604794356
ethiopia,draw_118,Female,0.01917808,0.07671233,145.48549,0.9352489559178953
ethiopia,draw_118,Male,0.01917808,0.07671233,145.48549,0.9329316131997578
nigeria,draw_118,Female,0.0,0.01917808,145.48549,0.9310977834667541
nigeria,draw_118,Male,0.0,0.01917808,145.48549,0.939543818899455
nigeria,draw_118,Female,0.01917808,0.07671233,145.48549,0.9311460056118125
nigeria,draw_118,Male,0.01917808,0.07671233,145.48549,0.9349882320920103
pakistan,draw_118,Female,0.0,0.01917808,145.48549,0.9188734286719331
pakistan,draw_118,Male,0.0,0.01917808,145.48549,0.925754100594605
pakistan,draw_118,Female,0.01917808,0.07671233,145.48549,0.9192874201073402
pakistan,draw_118,Male,0.01917808,0.07671233,145.48549,0.9253771182220193
ethiopia,draw_118,Female,0.0,0.01917808,145.5956,0.9383755847395439
ethiopia,draw_118,Male,0.0,0.01917808,145.5956,0.9331343754519901
ethiopia,draw_118,Female,0.01917808,0.07671233,145.5956,0.9349870890830424
ethiopia,draw_118,Male,0.01917808,0.07671233,145.5956,0.9326373260129932
nigeria,draw_118,Female,0.0,0.01917808,145.5956,0.9308404468331313
nigeria,draw_118,Male,0.0,0.01917808,145.5956,0.9392753974964644
nigeria,draw_118,Female,0.01917808,0.07671233,145.5956,0.930865707948977
nigeria,draw_118,Male,0.01917808,0.07671233,145.5956,0.9347041704256864
pakistan,draw_118,Female,0.0,0.01917808,145.5956,0.9183836767718699
pakistan,draw_118,Male,0.0,0.01917808,145.5956,0.9253141877036808
pakistan,draw_118,Female,0.01917808,0.07671233,145.5956,0.918793136062582
pakistan,draw_118,Male,0.01917808,0.07671233,145.5956,0.9249434671088153
ethiopia,draw_118,Female,0.0,0.01917808,145.70571,0.9381387608431919
ethiopia,draw_118,Male,0.0,0.01917808,145.70571,0.9328528082477052
ethiopia,draw_118,Female,0.01917808,0.07671233,145.70571,0.9347251976674719
ethiopia,draw_118,Male,0.01917808,0.07671233,145.70571,0.9323431169414294
nigeria,draw_118,Female,0.0,0.01917808,145.70571,0.9305841986612922
nigeria,draw_118,Male,0.0,0.01917808,145.70571,0.9390076541911366
nigeria,draw_118,Female,0.01917808,0.07671233,145.70571,0.9305855930967776
nigeria,draw_118,Male,0.01917808,0.07671233,145.70571,0.9344201065166317
pakistan,draw_118,Female,0.0,0.01917808,145.70571,0.9178935461272473
pakistan,draw_118,Male,0.0,0.01917808,145.70571,0.9248740950181817
pakistan,draw_118,Female,0.01917808,0.07671233,145.70571,0.9182979677772668
pakistan,draw_118,Male,0.01917808,0.07671233,145.70571,0.924509183791361
ethiopia,draw_118,Female,0.0,0.01917808,145.81582,0.9379015530616903
ethiopia,draw_118,Male,0.0,0.01917808,145.81582,0.9325719765912883
ethiopia,draw_118,Female,0.01917808,0.07671233,145.81582,0.9344626792514277
ethiopia,draw_118,Male,0.01917808,0.07671233,145.81582,0.9320488780914059
nigeria,draw_118,Female,0.0,0.01917808,145.81582,0.9303288728718292
nigeria,draw_118,Male,0.0,0.01917808,145.81582,0.9387401743255337
nigeria,draw_118,Female,0.01917808,0.07671233,145.81582,0.9303055662663233
nigeria,draw_118,Male,0.01917808,0.07671233,145.81582,0.9341358003596765
pakistan,draw_118,Female,0.0,0.01917808,145.81582,0.9174025181186631
pakistan,draw_118,Male,0.0,0.01917808,145.81582,0.9244336743192876
pakistan,draw_118,Female,0.01917808,0.07671233,145.81582,0.9178016248998584
pakistan,draw_118,Male,0.01917808,0.07671233,145.81582,0.924074173800263
ethiopia,draw_118,Female,0.0,0.01917808,145.92593,0.9376653568880728
ethiopia,draw_118,Male,0.0,0.01917808,145.92593,0.9322917731504256
ethiopia,draw_118,Female,0.01917808,0.07671233,145.92593,0.9342003236103643
ethiopia,draw_118,Male,0.01917808,0.07671233,145.92593,0.9317545080912458
nigeria,draw_118,Female,0.0,0.01917808,145.92593,0.930074324745435
nigeria,draw_118,Male,0.0,0.01917808,145.92593,0.9384733255646832
nigeria,draw_118,Female,0.01917808,0.07671233,145.92593,0.93002549198872
nigeria,draw_118,Male,0.01917808,0.07671233,145.92593,0.9338514318809458
pakistan,draw_118,Female,0.0,0.01917808,145.92593,0.9169107736729188
pakistan,draw_118,Male,0.0,0.01917808,145.92593,0.9239927793414131
pakistan,draw_118,Female,0.01917808,0.07671233,145.92593,0.9173041235302494
pakistan,draw_118,Male,0.01917808,0.07671233,145.92593,0.9236382843000814
ethiopia,draw_118,Female,0.0,0.01917808,146.03604,0.9374296642580768
ethiopia,draw_118,Male,0.0,0.01917808,146.03604,0.9320122302219724
ethiopia,draw_118,Female,0.01917808,0.07671233,146.03604,0.9339378322898697
ethiopia,draw_118,Male,0.01917808,0.07671233,146.03604,0.9314600332852411
nigeria,draw_118,Female,0.0,0.01917808,146.03604,0.9298200854737988
nigeria,draw_118,Male,0.0,0.01917808,146.03604,0.9382066252123249
nigeria,draw_118,Female,0.01917808,0.07671233,146.03604,0.92974511863852
nigeria,draw_118,Male,0.01917808,0.07671233,146.03604,0.9335667430794041
pakistan,draw_118,Female,0.0,0.01917808,146.03604,0.9164184369017768
pakistan,draw_118,Male,0.0,0.01917808,146.03604,0.923551440350014
pakistan,draw_118,Female,0.01917808,0.07671233,146.03604,0.9168055574402362
pakistan,draw_118,Male,0.01917808,0.07671233,146.03604,0.9232015762946881
ethiopia,draw_118,Female,0.0,0.01917808,146.14615,0.9371946626707167
ethiopia,draw_118,Male,0.0,0.01917808,146.14615,0.9317334206726362
ethiopia,draw_118,Female,0.01917808,0.07671233,146.14615,0.9336753703441873
ethiopia,draw_118,Male,0.01917808,0.07671233,146.14615,0.9311655558580927
nigeria,draw_118,Female,0.0,0.01917808,146.14615,0.9295671678445795
nigeria,draw_118,Male,0.0,0.01917808,146.14615,0.9379403054476487
nigeria,draw_118,Female,0.01917808,0.07671233,146.14615,0.9294650814683104
nigeria,draw_118,Male,0.01917808,0.07671233,146.14615,0.9332819280221937
pakistan,draw_118,Female,0.0,0.01917808,146.14615,0.9159249461688128
pakistan,draw_118,Male,0.0,0.01917808,146.14615,0.9231098321676392
pakistan,draw_118,Female,0.01917808,0.07671233,146.14615,0.91630567378275
pakistan,draw_118,Male,0.01917808,0.07671233,146.14615,0.9227642076102195
ethiopia,draw_118,Female,0.0,0.01917808,146.25626,0.936959661931609
ethiopia,draw_118,Male,0.0,0.01917808,146.25626,0.931455336240664
ethiopia,draw_118,Female,0.01917808,0.07671233,146.25626,0.9334125218877902
ethiopia,draw_118,Male,0.01917808,0.07671233,146.25626,0.9308710710751337
nigeria,draw_118,Female,0.0,0.01917808,146.25626,0.9293152232673724
nigeria,draw_118,Male,0.0,0.01917808,146.25626,0.937674356571616
nigeria,draw_118,Female,0.01917808,0.07671233,146.25626,0.9291851770712117
nigeria,draw_118,Male,0.01917808,0.07671233,146.25626,0.9329969252267667
pakistan,draw_118,Female,0.0,0.01917808,146.25626,0.9154315652864308
pakistan,draw_118,Male,0.0,0.01917808,146.25626,0.9226679396750128
pakistan,draw_118,Female,0.01917808,0.07671233,146.25626,0.9158052081275475
pakistan,draw_118,Male,0.01917808,0.07671233,146.25626,0.9223261545299918
ethiopia,draw_118,Female,0.0,0.01917808,146.36637,0.9367251807775789
ethiopia,draw_118,Male,0.0,0.01917808,146.36637,0.9311783390699772
ethiopia,draw_118,Female,0.01917808,0.07671233,146.36637,0.9331495960208662
ethiopia,draw_118,Male,0.01917808,0.07671233,146.36637,0.9305767657224968
nigeria,draw_118,Female,0.0,0.01917808,146.36637,0.9290647851753654
nigeria,draw_118,Male,0.0,0.01917808,146.36637,0.9374089225950344
nigeria,draw_118,Female,0.01917808,0.07671233,146.36637,0.9289057212558026
nigeria,draw_118,Male,0.01917808,0.07671233,146.36637,0.9327118647772925
pakistan,draw_118,Female,0.0,0.01917808,146.36637,0.9149371922203605
pakistan,draw_118,Male,0.0,0.01917808,146.36637,0.9222261081440638
pakistan,draw_118,Female,0.01917808,0.07671233,146.36637,0.9153035313451277
pakistan,draw_118,Male,0.01917808,0.07671233,146.36637,0.921887624066484
ethiopia,draw_118,Female,0.0,0.01917808,146.47648,0.9364915961180793
ethiopia,draw_118,Male,0.0,0.01917808,146.47648,0.9309021679780523
ethiopia,draw_118,Female,0.01917808,0.07671233,146.47648,0.9328868084646741
ethiopia,draw_118,Male,0.01917808,0.07671233,146.47648,0.9302825030831091
nigeria,draw_118,Female,0.0,0.01917808,146.47648,0.9288145608509607
nigeria,draw_118,Male,0.0,0.01917808,146.47648,0.93714417847683
nigeria,draw_118,Female,0.01917808,0.07671233,146.47648,0.9286259763581605
nigeria,draw_118,Male,0.01917808,0.07671233,146.47648,0.9324268578948671
pakistan,draw_118,Female,0.0,0.01917808,146.47648,0.9144429781127451
pakistan,draw_118,Male,0.0,0.01917808,146.47648,0.9217841321659981
pakistan,draw_118,Female,0.01917808,0.07671233,146.47648,0.9148013075710768
pakistan,draw_118,Male,0.01917808,0.07671233,146.47648,0.9214485262290869
ethiopia,draw_118,Female,0.0,0.01917808,146.58659,0.9362586971289103
ethiopia,draw_118,Male,0.0,0.01917808,146.58659,0.9306267270328406
ethiopia,draw_118,Female,0.01917808,0.07671233,146.58659,0.9326240382256487
ethiopia,draw_118,Male,0.01917808,0.07671233,146.58659,0.9299882321591131
nigeria,draw_118,Female,0.0,0.01917808,146.58659,0.928565957441623
nigeria,draw_118,Male,0.0,0.01917808,146.58659,0.9368796836157839
nigeria,draw_118,Female,0.01917808,0.07671233,146.58659,0.9283467380900388
nigeria,draw_118,Male,0.01917808,0.07671233,146.58659,0.9321416404550469
pakistan,draw_118,Female,0.0,0.01917808,146.58659,0.9139481593794408
pakistan,draw_118,Male,0.0,0.01917808,146.58659,0.921341948558242
pakistan,draw_118,Female,0.01917808,0.07671233,146.58659,0.9142981115491796
pakistan,draw_118,Male,0.01917808,0.07671233,146.58659,0.9210088335585475
ethiopia,draw_118,Female,0.0,0.01917808,146.6967,0.9360261806669814
ethiopia,draw_118,Male,0.0,0.01917808,146.6967,0.9303512040576465
ethiopia,draw_118,Female,0.01917808,0.07671233,146.6967,0.9323610427682301
ethiopia,draw_118,Male,0.01917808,0.07671233,146.6967,0.9296934595720119
nigeria,draw_118,Female,0.0,0.01917808,146.6967,0.9283178364572936
nigeria,draw_118,Male,0.0,0.01917808,146.6967,0.9366154751873292
nigeria,draw_118,Female,0.01917808,0.07671233,146.6967,0.9280672689047855
nigeria,draw_118,Male,0.01917808,0.07671233,146.6967,0.9318561509844656
pakistan,draw_118,Female,0.0,0.01917808,146.6967,0.9134523802146017
pakistan,draw_118,Male,0.0,0.01917808,146.6967,0.9208992413025464
pakistan,draw_118,Female,0.01917808,0.07671233,146.6967,0.9137936076069052
pakistan,draw_118,Male,0.01917808,0.07671233,146.6967,0.9205682377486999
ethiopia,draw_118,Female,0.0,0.01917808,146.80681,0.9357941687728446
ethiopia,draw_118,Male,0.0,0.01917808,146.80681,0.9300770233028736
ethiopia,draw_118,Female,0.01917808,0.07671233,146.80681,0.932097989166151
ethiopia,draw_118,Male,0.01917808,0.07671233,146.80681,0.9293990611252236
nigeria,draw_118,Female,0.0,0.01917808,146.80681,0.9280701178918545
nigeria,draw_118,Male,0.0,0.01917808,146.80681,0.9363517473700795
nigeria,draw_118,Female,0.01917808,0.07671233,146.80681,0.9277876419681551
nigeria,draw_118,Male,0.01917808,0.07671233,146.80681,0.9315705779744002
pakistan,draw_118,Female,0.0,0.01917808,146.80681,0.9129564389962675
pakistan,draw_118,Male,0.0,0.01917808,146.80681,0.920456247063436
pakistan,draw_118,Female,0.01917808,0.07671233,146.80681,0.9132883902319131
pakistan,draw_118,Male,0.01917808,0.07671233,146.80681,0.9201270167038137
ethiopia,draw_118,Female,0.0,0.01917808,146.91692,0.9355626839842801
ethiopia,draw_118,Male,0.0,0.01917808,146.91692,0.9298035416833089
ethiopia,draw_118,Female,0.01917808,0.07671233,146.91692,0.9318348946532188
ethiopia,draw_118,Male,0.01917808,0.07671233,146.91692,0.9291046676368564
nigeria,draw_118,Female,0.0,0.01917808,146.91692,0.9278243014610159
nigeria,draw_118,Male,0.0,0.01917808,146.91692,0.9360884609183063
nigeria,draw_118,Female,0.01917808,0.07671233,146.91692,0.927508734802727
nigeria,draw_118,Male,0.01917808,0.07671233,146.91692,0.9312849125813422
pakistan,draw_118,Female,0.0,0.01917808,146.91692,0.9124598342178181
pakistan,draw_118,Male,0.0,0.01917808,146.91692,0.9200130188212647
pakistan,draw_118,Female,0.01917808,0.07671233,146.91692,0.9127821979980847
pakistan,draw_118,Male,0.01917808,0.07671233,146.91692,0.9196851935855622
ethiopia,draw_118,Female,0.0,0.01917808,147.02703,0.9353318467657005
ethiopia,draw_118,Male,0.0,0.01917808,147.02703,0.9295308587330329
ethiopia,draw_118,Female,0.01917808,0.07671233,147.02703,0.9315718224450568
ethiopia,draw_118,Male,0.01917808,0.07671233,147.02703,0.9288103500778508
nigeria,draw_118,Female,0.0,0.01917808,147.02703,0.9275789107011411
nigeria,draw_118,Male,0.0,0.01917808,147.02703,0.9358254641440444
nigeria,draw_118,Female,0.01917808,0.07671233,147.02703,0.9272296804873591
nigeria,draw_118,Male,0.01917808,0.07671233,147.02703,0.9309990709043342
pakistan,draw_118,Female,0.0,0.01917808,147.02703,0.9119622802582672
pakistan,draw_118,Male,0.0,0.01917808,147.02703,0.9195696496996033
pakistan,draw_118,Female,0.01917808,0.07671233,147.02703,0.9122748966648229
pakistan,draw_118,Male,0.01917808,0.07671233,147.02703,0.9192428416616727
ethiopia,draw_118,Female,0.0,0.01917808,147.13714,0.9351017898005214
ethiopia,draw_118,Male,0.0,0.01917808,147.13714,0.9292592363981225
ethiopia,draw_118,Female,0.01917808,0.07671233,147.13714,0.9313088556877713
ethiopia,draw_118,Male,0.01917808,0.07671233,147.13714,0.9285162421198415
nigeria,draw_118,Female,0.0,0.01917808,147.13714,0.9273347468714259
nigeria,draw_118,Male,0.0,0.01917808,147.13714,0.9355634954639894
nigeria,draw_118,Female,0.01917808,0.07671233,147.13714,0.9269509541512797
nigeria,draw_118,Male,0.01917808,0.07671233,147.13714,0.9307134787497195
pakistan,draw_118,Female,0.0,0.01917808,147.13714,0.9114652349903252
pakistan,draw_118,Male,0.0,0.01917808,147.13714,0.9191263207162929
pakistan,draw_118,Female,0.01917808,0.07671233,147.13714,0.9117673004869444
pakistan,draw_118,Male,0.01917808,0.07671233,147.13714,0.9188000578710295
ethiopia,draw_118,Female,0.0,0.01917808,147.24725,0.9348722649815674
ethiopia,draw_118,Male,0.0,0.01917808,147.24725,0.9289883742849567
ethiopia,draw_118,Female,0.01917808,0.07671233,147.24725,0.9310458596370618
ethiopia,draw_118,Male,0.01917808,0.07671233,147.24725,0.9282221962876718
nigeria,draw_118,Female,0.0,0.01917808,147.24725,0.9270915277794478
nigeria,draw_118,Male,0.0,0.01917808,147.24725,0.9353018490245553
nigeria,draw_118,Female,0.01917808,0.07671233,147.24725,0.9266723966523763
nigeria,draw_118,Male,0.01917808,0.07671233,147.24725,0.9304277526847592
pakistan,draw_118,Female,0.0,0.01917808,147.24725,0.9109673685935721
pakistan,draw_118,Male,0.0,0.01917808,147.24725,0.9186828488019398
pakistan,draw_118,Female,0.01917808,0.07671233,147.24725,0.9112586589838548
pakistan,draw_118,Male,0.01917808,0.07671233,147.24725,0.9183567527157824
ethiopia,draw_118,Female,0.0,0.01917808,147.35736,0.9346432042935514
ethiopia,draw_118,Male,0.0,0.01917808,147.35736,0.9287181803442754
ethiopia,draw_118,Female,0.01917808,0.07671233,147.35736,0.9307827558337378
ethiopia,draw_118,Male,0.01917808,0.07671233,147.35736,0.9279281105681153
nigeria,draw_118,Female,0.0,0.01917808,147.35736,0.9268491492765624
nigeria,draw_118,Male,0.0,0.01917808,147.35736,0.9350403931210061
nigeria,draw_118,Female,0.01917808,0.07671233,147.35736,0.92639391232293
nigeria,draw_118,Male,0.01917808,0.07671233,147.35736,0.9301417807989858
pakistan,draw_118,Female,0.0,0.01917808,147.35736,0.9104683436642063
pakistan,draw_118,Male,0.0,0.01917808,147.35736,0.9182390659338739
pakistan,draw_118,Female,0.01917808,0.07671233,147.35736,0.9107487131530293
pakistan,draw_118,Male,0.01917808,0.07671233,147.35736,0.9179127536321589
ethiopia,draw_118,Female,0.0,0.01917808,147.46747,0.9344146126850379
ethiopia,draw_118,Male,0.0,0.01917808,147.46747,0.9284487652780086
ethiopia,draw_118,Female,0.01917808,0.07671233,147.46747,0.9305195709999302
ethiopia,draw_118,Male,0.01917808,0.07671233,147.46747,0.9276340497297105
nigeria,draw_118,Female,0.0,0.01917808,147.46747,0.9266076800243475
nigeria,draw_118,Male,0.0,0.01917808,147.46747,0.9347799412219722
nigeria,draw_118,Female,0.01917808,0.07671233,147.46747,0.9261155474139432
nigeria,draw_118,Male,0.01917808,0.07671233,147.46747,0.9298560470671665
pakistan,draw_118,Female,0.0,0.01917808,147.46747,0.9099691280232475
pakistan,draw_118,Male,0.0,0.01917808,147.46747,0.9177950255298296
pakistan,draw_118,Female,0.01917808,0.07671233,147.46747,0.9102380504216016
pakistan,draw_118,Male,0.01917808,0.07671233,147.46747,0.9174681298232646
ethiopia,draw_118,Female,0.0,0.01917808,147.57758,0.9341865322432258
ethiopia,draw_118,Male,0.0,0.01917808,147.57758,0.9281801794666124
ethiopia,draw_118,Female,0.01917808,0.07671233,147.57758,0.9302563513070485
ethiopia,draw_118,Male,0.01917808,0.07671233,147.57758,0.9273401080877339
nigeria,draw_118,Female,0.0,0.01917808,147.57758,0.9263669665104504
nigeria,draw_118,Male,0.0,0.01917808,147.57758,0.9345196070119574
nigeria,draw_118,Female,0.01917808,0.07671233,147.57758,0.9258372451820134
nigeria,draw_118,Male,0.01917808,0.07671233,147.57758,0.9295700325352557
pakistan,draw_118,Female,0.0,0.01917808,147.57758,0.9094697328573865
pakistan,draw_118,Male,0.0,0.01917808,147.57758,0.9173508739947991
pakistan,draw_118,Female,0.01917808,0.07671233,147.57758,0.9097267296731208
pakistan,draw_118,Male,0.01917808,0.07671233,147.57758,0.9170230230928599
ethiopia,draw_118,Female,0.0,0.01917808,147.68769,0.9339589634141127
ethiopia,draw_118,Male,0.0,0.01917808,147.68769,0.9279129440188394
ethiopia,draw_118,Female,0.01917808,0.07671233,147.68769,0.9299931028649406
ethiopia,draw_118,Male,0.01917808,0.07671233,147.68769,0.927046572421146
nigeria,draw_118,Female,0.0,0.01917808,147.68769,0.9261273149244853
nigeria,draw_118,Male,0.0,0.01917808,147.68769,0.9342593992749465
nigeria,draw_118,Female,0.01917808,0.07671233,147.68769,0.9255591833746064
nigeria,draw_118,Male,0.01917808,0.07671233,147.68769,0.9292837526832488
pakistan,draw_118,Female,0.0,0.01917808,147.68769,0.9089696127684017
pakistan,draw_118,Male,0.0,0.01917808,147.68769,0.9169066606687638
pakistan,draw_118,Female,0.01917808,0.07671233,147.68769,0.9092144644926384
pakistan,draw_118,Male,0.01917808,0.07671233,147.68769,0.9165774533887723
ethiopia,draw_118,Female,0.0,0.01917808,147.7978,0.9337321021917474
ethiopia,draw_118,Male,0.0,0.01917808,147.7978,0.9276461606588763
ethiopia,draw_118,Female,0.01917808,0.07671233,147.7978,0.9297299464864628
ethiopia,draw_118,Male,0.01917808,0.07671233,147.7978,0.9267529376074138
nigeria,draw_118,Female,0.0,0.01917808,147.7978,0.9258890961730762
nigeria,draw_118,Male,0.0,0.01917808,147.7978,0.9340001627062517
nigeria,draw_118,Female,0.01917808,0.07671233,147.7978,0.9252815942244573
nigeria,draw_118,Male,0.01917808,0.07671233,147.7978,0.9289977359799144
pakistan,draw_118,Female,0.0,0.01917808,147.7978,0.9084692232571702
pakistan,draw_118,Male,0.0,0.01917808,147.7978,0.9164625456310668
pakistan,draw_118,Female,0.01917808,0.07671233,147.7978,0.9087014683352143
pakistan,draw_118,Male,0.01917808,0.07671233,147.7978,0.9161314926480324
ethiopia,draw_118,Female,0.0,0.01917808,147.90791,0.9335059913815589
ethiopia,draw_118,Male,0.0,0.01917808,147.90791,0.9273803239669253
ethiopia,draw_118,Female,0.01917808,0.07671233,147.90791,0.929466900326205
ethiopia,draw_118,Male,0.01917808,0.07671233,147.90791,0.9264595086886173
nigeria,draw_118,Female,0.0,0.01917808,147.90791,0.9256515662509539
nigeria,draw_118,Male,0.0,0.01917808,147.90791,0.9337412957286624
nigeria,draw_118,Female,0.01917808,0.07671233,147.90791,0.9250040615267879
nigeria,draw_118,Male,0.01917808,0.07671233,147.90791,0.9287116554627375
pakistan,draw_118,Female,0.0,0.01917808,147.90791,0.9079686972414794
pakistan,draw_118,Male,0.0,0.01917808,147.90791,0.9160183850052377
pakistan,draw_118,Female,0.01917808,0.07671233,147.90791,0.9081878453880808
pakistan,draw_118,Male,0.01917808,0.07671233,147.90791,0.9156850846527024
ethiopia,draw_118,Female,0.0,0.01917808,148.01802,0.9332810415236841
ethiopia,draw_118,Male,0.0,0.01917808,148.01802,0.927115254256843
ethiopia,draw_118,Female,0.01917808,0.07671233,148.01802,0.9292042068269883
ethiopia,draw_118,Male,0.01917808,0.07671233,148.01802,0.9261661738058836
nigeria,draw_118,Female,0.0,0.01917808,148.01802,0.9254150187600326
nigeria,draw_118,Male,0.0,0.01917808,148.01802,0.9334830521330441
nigeria,draw_118,Female,0.01917808,0.07671233,148.01802,0.9247267551711122
nigeria,draw_118,Male,0.01917808,0.07671233,148.01802,0.9284256444371562
pakistan,draw_118,Female,0.0,0.01917808,148.01802,0.9074678472382289
pakistan,draw_118,Male,0.0,0.01917808,148.01802,0.9155740040773266
pakistan,draw_118,Female,0.01917808,0.07671233,148.01802,0.9076735164155042
pakistan,draw_118,Male,0.01917808,0.07671233,148.01802,0.9152381631309198
ethiopia,draw_118,Female,0.0,0.01917808,148.12813,0.933056151522279
ethiopia,draw_118,Male,0.0,0.01917808,148.12813,0.926850800013305
ethiopia,draw_118,Female,0.01917808,0.07671233,148.12813,0.9289411623699675
ethiopia,draw_118,Male,0.01917808,0.07671233,148.12813,0.9258728109636299
nigeria,draw_118,Female,0.0,0.01917808,148.12813,0.9251794568642889
nigeria,draw_118,Male,0.0,0.01917808,148.12813,0.9332251328409639
nigeria,draw_118,Female,0.01917808,0.07671233,148.12813,0.9244495942159977
nigeria,draw_118,Male,0.01917808,0.07671233,148.12813,0.9281394700671411
pakistan,draw_118,Female,0.0,0.01917808,148.12813,0.9069660883147184
pakistan,draw_118,Male,0.0,0.01917808,148.12813,0.9151292296054536
pakistan,draw_118,Female,0.01917808,0.07671233,148.12813,0.9071580658988301
pakistan,draw_118,Male,0.01917808,0.07671233,148.12813,0.9147905221733069
ethiopia,draw_118,Female,0.0,0.01917808,148.23824,0.9328313691555281
ethiopia,draw_118,Male,0.0,0.01917808,148.23824,0.9265871178566416
ethiopia,draw_118,Female,0.01917808,0.07671233,148.23824,0.9286778611669797
ethiopia,draw_118,Male,0.01917808,0.07671233,148.23824,0.9255795640851417
nigeria,draw_118,Female,0.0,0.01917808,148.23824,0.9249448206711174
nigeria,draw_118,Male,0.0,0.01917808,148.23824,0.9329679368439662
nigeria,draw_118,Female,0.01917808,0.07671233,148.23824,0.9241726166971634
nigeria,draw_118,Male,0.01917808,0.07671233,148.23824,0.9278534309986343
pakistan,draw_118,Female,0.0,0.01917808,148.23824,0.9064642510525782
pakistan,draw_118,Male,0.0,0.01917808,148.23824,0.9146843382996991
pakistan,draw_118,Female,0.01917808,0.07671233,148.23824,0.9066420842666152
pakistan,draw_118,Male,0.01917808,0.07671233,148.23824,0.9143424596886855
ethiopia,draw_118,Female,0.0,0.01917808,148.34835,0.9326081577828691
ethiopia,draw_118,Male,0.0,0.01917808,148.34835,0.9263242678555879
ethiopia,draw_118,Female,0.01917808,0.07671233,148.34835,0.9284151642044889
ethiopia,draw_118,Male,0.01917808,0.07671233,148.34835,0.9252864613376675
nigeria,draw_118,Female,0.0,0.01917808,148.34835,0.9247113576709729
nigeria,draw_118,Male,0.0,0.01917808,148.34835,0.9327108143486083
nigeria,draw_118,Female,0.01917808,0.07671233,148.34835,0.9238959814064215
nigeria,draw_118,Male,0.01917808,0.07671233,148.34835,0.9275671516766324
pakistan,draw_118,Female,0.0,0.01917808,148.34835,0.9059616000525925
pakistan,draw_118,Male,0.0,0.01917808,148.34835,0.9142392846903391
pakistan,draw_118,Female,0.01917808,0.07671233,148.34835,0.9061251604098631
pakistan,draw_118,Male,0.01917808,0.07671233,148.34835,0.9138939545158907
ethiopia,draw_118,Female,0.0,0.01917808,148.45846,0.9323844612816063
ethiopia,draw_118,Male,0.0,0.01917808,148.45846,0.9260622342354247
ethiopia,draw_118,Female,0.01917808,0.07671233,148.45846,0.9281518715939115
ethiopia,draw_118,Male,0.01917808,0.07671233,148.45846,0.9249934971099771
nigeria,draw_118,Female,0.0,0.01917808,148.45846,0.9244792850056075
nigeria,draw_118,Male,0.0,0.01917808,148.45846,0.932454141970766
nigeria,draw_118,Female,0.01917808,0.07671233,148.45846,0.9236198333912515
nigeria,draw_118,Male,0.01917808,0.07671233,148.45846,0.9272808426195616
pakistan,draw_118,Female,0.0,0.01917808,148.45846,0.9054584086655286
pakistan,draw_118,Male,0.0,0.01917808,148.45846,0.9137941485429634
pakistan,draw_118,Female,0.01917808,0.07671233,148.45846,0.9056074578681894
pakistan,draw_118,Male,0.01917808,0.07671233,148.45846,0.9134450660598057
ethiopia,draw_118,Female,0.0,0.01917808,148.56857,0.9321625791694947
ethiopia,draw_118,Male,0.0,0.01917808,148.56857,0.9258014088212498
ethiopia,draw_118,Female,0.01917808,0.07671233,148.56857,0.9278893575995002
ethiopia,draw_118,Male,0.01917808,0.07671233,148.56857,0.9247009186271015
nigeria,draw_118,Female,0.0,0.01917808,148.56857,0.9242481390616121
nigeria,draw_118,Male,0.0,0.01917808,148.56857,0.93219852647109
nigeria,draw_118,Female,0.01917808,0.07671233,148.56857,0.9233438906464188
nigeria,draw_118,Male,0.01917808,0.07671233,148.56857,0.9269948608105198
pakistan,draw_118,Female,0.0,0.01917808,148.56857,0.9049551014101583
pakistan,draw_118,Male,0.0,0.01917808,148.56857,0.9133492186837451
pakistan,draw_118,Female,0.01917808,0.07671233,148.56857,0.9050892093228298
pakistan,draw_118,Male,0.01917808,0.07671233,148.56857,0.9129959615178771
ethiopia,draw_118,Female,0.0,0.01917808,148.67868,0.9319408036015087
ethiopia,draw_118,Male,0.0,0.01917808,148.67868,0.9255413839448917
ethiopia,draw_118,Female,0.01917808,0.07671233,148.67868,0.9276266068025293
ethiopia,draw_118,Male,0.01917808,0.07671233,148.67868,0.9244085066748146
nigeria,draw_118,Female,0.0,0.01917808,148.67868,0.9240179995541026
nigeria,draw_118,Male,0.0,0.01917808,148.67868,0.9319434550362455
nigeria,draw_118,Female,0.01917808,0.07671233,148.67868,0.9230682013511244
nigeria,draw_118,Male,0.01917808,0.07671233,148.67868,0.9267089258337425
pakistan,draw_118,Female,0.0,0.01917808,148.67868,0.9044520859323376
pakistan,draw_118,Male,0.0,0.01917808,148.67868,0.9129042250051296
pakistan,draw_118,Female,0.01917808,0.07671233,148.67868,0.9045706895334279
pakistan,draw_118,Male,0.01917808,0.07671233,148.67868,0.9125464710360057
ethiopia,draw_118,Female,0.0,0.01917808,148.78879,0.9317197271002194
ethiopia,draw_118,Male,0.0,0.01917808,148.78879,0.9252821503347608
ethiopia,draw_118,Female,0.01917808,0.07671233,148.78879,0.9273639255426948
ethiopia,draw_118,Male,0.01917808,0.07671233,148.78879,0.92411619044338
nigeria,draw_118,Female,0.0,0.01917808,148.78879,0.9237887770640295
nigeria,draw_118,Male,0.0,0.01917808,148.78879,0.9316887512760298
nigeria,draw_118,Female,0.01917808,0.07671233,148.78879,0.9227926897380408
nigeria,draw_118,Male,0.01917808,0.07671233,148.78879,0.9264228852542895
pakistan,draw_118,Female,0.0,0.01917808,148.78879,0.9039480364253806
pakistan,draw_118,Male,0.0,0.01917808,148.78879,0.9124590309992459
pakistan,draw_118,Female,0.01917808,0.07671233,148.78879,0.9040510619178144
pakistan,draw_118,Male,0.01917808,0.07671233,148.78879,0.9120964430609411
ethiopia,draw_118,Female,0.0,0.01917808,148.8989,0.9314994940081763
ethiopia,draw_118,Male,0.0,0.01917808,148.8989,0.9250237107948633
ethiopia,draw_118,Female,0.01917808,0.07671233,148.8989,0.9271014369873053
ethiopia,draw_118,Male,0.01917808,0.07671233,148.8989,0.9238240355302971
nigeria,draw_118,Female,0.0,0.01917808,148.8989,0.9235604524567418
nigeria,draw_118,Male,0.0,0.01917808,148.8989,0.9314344916971126
nigeria,draw_118,Female,0.01917808,0.07671233,148.8989,0.9225173682247302
nigeria,draw_118,Male,0.01917808,0.07671233,148.8989,0.926136832426677
pakistan,draw_118,Female,0.0,0.01917808,148.8989,0.9034433102668892
pakistan,draw_118,Male,0.0,0.01917808,148.8989,0.9120137600096199
pakistan,draw_118,Female,0.01917808,0.07671233,148.8989,0.9035305820539978
pakistan,draw_118,Male,0.01917808,0.07671233,148.8989,0.9116460199131079
ethiopia,draw_118,Female,0.0,0.01917808,149.00901,0.9312790714077941
ethiopia,draw_118,Male,0.0,0.01917808,149.00901,0.9247661128930635
ethiopia,draw_118,Female,0.01917808,0.07671233,149.00901,0.9268385671676854
ethiopia,draw_118,Male,0.01917808,0.07671233,149.00901,0.923532110061672
nigeria,draw_118,Female,0.0,0.01917808,149.00901,0.9233335397267888
nigeria,draw_118,Male,0.0,0.01917808,149.00901,0.9311808225266969
nigeria,draw_118,Female,0.01917808,0.07671233,149.00901,0.9222425431420866
nigeria,draw_118,Male,0.01917808,0.07671233,149.00901,0.925850883308094
pakistan,draw_118,Female,0.0,0.01917808,149.00901,0.9029384785022837
pakistan,draw_118,Male,0.0,0.01917808,149.00901,0.9115684717528656
pakistan,draw_118,Female,0.01917808,0.07671233,149.00901,0.9030096032226195
pakistan,draw_118,Male,0.01917808,0.07671233,149.00901,0.9111952774244927
ethiopia,draw_118,Female,0.0,0.01917808,149.11912,0.9310596844472632
ethiopia,draw_118,Male,0.0,0.01917808,149.11912,0.9245093452271755
ethiopia,draw_118,Female,0.01917808,0.07671233,149.11912,0.9265760502591707
ethiopia,draw_118,Male,0.01917808,0.07671233,149.11912,0.92324037512731
nigeria,draw_118,Female,0.0,0.01917808,149.11912,0.9231070201960819
nigeria,draw_118,Male,0.0,0.01917808,149.11912,0.9309275281765838
nigeria,draw_118,Female,0.01917808,0.07671233,149.11912,0.92196765629943
nigeria,draw_118,Male,0.01917808,0.07671233,149.11912,0.9255649254156245
pakistan,draw_118,Female,0.0,0.01917808,149.11912,0.9024333520176607
pakistan,draw_118,Male,0.0,0.01917808,149.11912,0.911123141467409
pakistan,draw_118,Female,0.01917808,0.07671233,149.11912,0.9024880328278152
pakistan,draw_118,Male,0.01917808,0.07671233,149.11912,0.910744195133915
ethiopia,draw_118,Female,0.0,0.01917808,149.22923,0.9308411501514515
ethiopia,draw_118,Male,0.0,0.01917808,149.22923,0.9242535446460585
ethiopia,draw_118,Female,0.01917808,0.07671233,149.22923,0.9263137573581983
ethiopia,draw_118,Male,0.01917808,0.07671233,149.22923,0.9229489177691054
nigeria,draw_118,Female,0.0,0.01917808,149.22923,0.9228821445576073
nigeria,draw_118,Male,0.0,0.01917808,149.22923,0.9306752650313024
nigeria,draw_118,Female,0.01917808,0.07671233,149.22923,0.9216934090314707
nigeria,draw_118,Male,0.01917808,0.07671233,149.22923,0.9252793424476171
pakistan,draw_118,Female,0.0,0.01917808,149.22923,0.9019276134606731
pakistan,draw_118,Male,0.0,0.01917808,149.22923,0.9106779166501823
pakistan,draw_118,Female,0.01917808,0.07671233,149.22923,0.9019657145525597
pakistan,draw_118,Male,0.01917808,0.07671233,149.22923,0.9102928814962148
ethiopia,draw_118,Female,0.0,0.01917808,149.33934,0.9306231603414065
ethiopia,draw_118,Male,0.0,0.01917808,149.33934,0.9239988503312738
ethiopia,draw_118,Female,0.01917808,0.07671233,149.33934,0.9260515242823639
ethiopia,draw_118,Male,0.01917808,0.07671233,149.33934,0.9226578195698552
nigeria,draw_118,Female,0.0,0.01917808,149.33934,0.9226584284514127
nigeria,draw_118,Male,0.0,0.01917808,149.33934,0.930423564969787
nigeria,draw_118,Female,0.01917808,0.07671233,149.33934,0.9214195206213773
nigeria,draw_118,Male,0.01917808,0.07671233,149.33934,0.9249938718339699
pakistan,draw_118,Female,0.0,0.01917808,149.33934,0.9014218529541319
pakistan,draw_118,Male,0.0,0.01917808,149.33934,0.9102328121275006
pakistan,draw_118,Female,0.01917808,0.07671233,149.33934,0.9014429902374739
pakistan,draw_118,Male,0.01917808,0.07671233,149.33934,0.909841342299387
ethiopia,draw_118,Female,0.0,0.01917808,149.44945,0.9304059265548787
ethiopia,draw_118,Male,0.0,0.01917808,149.44945,0.9237449965441822
ethiopia,draw_118,Female,0.01917808,0.07671233,149.44945,0.9257894602528737
ethiopia,draw_118,Male,0.01917808,0.07671233,149.44945,0.9223669231650891
nigeria,draw_118,Female,0.0,0.01917808,149.44945,0.9224356291023992
nigeria,draw_118,Male,0.0,0.01917808,149.44945,0.9301716132273277
nigeria,draw_118,Female,0.01917808,0.07671233,149.44945,0.9211458415888414
nigeria,draw_118,Male,0.01917808,0.07671233,149.44945,0.9247080244071859
pakistan,draw_118,Female,0.0,0.01917808,149.44945,0.9009158408286778
pakistan,draw_118,Male,0.0,0.01917808,149.44945,0.9097877175689871
pakistan,draw_118,Female,0.01917808,0.07671233,149.44945,0.9009197124809717
pakistan,draw_118,Male,0.01917808,0.07671233,149.44945,0.9093895019229098
ethiopia,draw_118,Female,0.0,0.01917808,149.55956,0.9301893686033821
ethiopia,draw_118,Male,0.0,0.01917808,149.55956,0.9234919425880576
ethiopia,draw_118,Female,0.01917808,0.07671233,149.55956,0.9255274983787997
ethiopia,draw_118,Male,0.01917808,0.07671233,149.55956,0.9220761649694603
nigeria,draw_118,Female,0.0,0.01917808,149.55956,0.9222135718582752
nigeria,draw_118,Male,0.0,0.01917808,149.55956,0.9299213579662726
nigeria,draw_118,Female,0.01917808,0.07671233,149.55956,0.9208722335507691
nigeria,draw_118,Male,0.01917808,0.07671233,149.55956,0.9244228986182053
pakistan,draw_118,Female,0.0,0.01917808,149.55956,0.9004093637406829
pakistan,draw_118,Male,0.0,0.01917808,149.55956,0.9093424981210088
pakistan,draw_118,Female,0.01917808,0.07671233,149.55956,0.9003956815640233
pakistan,draw_118,Male,0.01917808,0.07671233,149.55956,0.9089372284342968
ethiopia,draw_118,Female,0.0,0.01917808,149.66967,0.9299738080512041
ethiopia,draw_118,Male,0.0,0.01917808,149.66967,0.9232397692767207
ethiopia,draw_118,Female,0.01917808,0.07671233,149.66967,0.9252658746189979
ethiopia,draw_118,Male,0.01917808,0.07671233,149.66967,0.9217856476023759
nigeria,draw_118,Female,0.0,0.01917808,149.66967,0.921992594197982
nigeria,draw_118,Male,0.0,0.01917808,149.66967,0.9296704850459144
nigeria,draw_118,Female,0.01917808,0.07671233,149.66967,0.920598981637301
nigeria,draw_118,Male,0.01917808,0.07671233,149.66967,0.9241372029054769
pakistan,draw_118,Female,0.0,0.01917808,149.66967,0.8999027803302366
pakistan,draw_118,Male,0.0,0.01917808,149.66967,0.9088977468931303
pakistan,draw_118,Female,0.01917808,0.07671233,149.66967,0.8998711820570765
pakistan,draw_118,Male,0.01917808,0.07671233,149.66967,0.9084849619995966
ethiopia,draw_118,Female,0.0,0.01917808,149.77978,0.9297579539724671
ethiopia,draw_118,Male,0.0,0.01917808,149.77978,0.922988450084181
ethiopia,draw_118,Female,0.01917808,0.07671233,149.77978,0.9250038383907023
ethiopia,draw_118,Male,0.01917808,0.07671233,149.77978,0.9214953517142829
nigeria,draw_118,Female,0.0,0.01917808,149.77978,0.9217720970437486
nigeria,draw_118,Male,0.0,0.01917808,149.77978,0.9294202454412891
nigeria,draw_118,Female,0.01917808,0.07671233,149.77978,0.9203257340165436
nigeria,draw_118,Male,0.01917808,0.07671233,149.77978,0.9238516732178143
pakistan,draw_118,Female,0.0,0.01917808,149.77978,0.8993958132830188
pakistan,draw_118,Male,0.0,0.01917808,149.77978,0.9084525454968675
pakistan,draw_118,Female,0.01917808,0.07671233,149.77978,0.8993460704878868
pakistan,draw_118,Male,0.01917808,0.07671233,149.77978,0.9080321438387735
ethiopia,draw_118,Female,0.0,0.01917808,149.88989,0.9295437196751605
ethiopia,draw_118,Male,0.0,0.01917808,149.88989,0.9227380147144906
ethiopia,draw_118,Female,0.01917808,0.07671233,149.88989,0.9247424952207354
ethiopia,draw_118,Male,0.01917808,0.07671233,149.88989,0.9212053019843254
nigeria,draw_118,Female,0.0,0.01917808,149.88989,0.9215533278801997
nigeria,draw_118,Male,0.0,0.01917808,149.88989,0.9291711415231345
nigeria,draw_118,Female,0.01917808,0.07671233,149.88989,0.9200532343107436
nigeria,draw_118,Male,0.01917808,0.07671233,149.88989,0.923566587758029
pakistan,draw_118,Female,0.0,0.01917808,149.88989,0.898888353946914
pakistan,draw_118,Male,0.0,0.01917808,149.88989,0.9080074078095217
pakistan,draw_118,Female,0.01917808,0.07671233,149.88989,0.898820319172819
pakistan,draw_118,Male,0.01917808,0.07671233,149.88989,0.9075790871837894
ethiopia,draw_118,Female,0.0,0.01917808,150.0,0.9293299651870959
ethiopia,draw_118,Male,0.0,0.01917808,150.0,0.9224887518108521
ethiopia,draw_118,Female,0.01917808,0.07671233,150.0,0.9244812101084692
ethiopia,draw_118,Male,0.01917808,0.07671233,150.0,0.9209157061417603
nigeria,draw_118,Female,0.0,0.01917808,150.0,0.921335629191364
nigeria,draw_118,Male,0.0,0.01917808,150.0,0.9289222503968068
nigeria,draw_118,Female,0.01917808,0.07671233,150.0,0.919781108983519
nigeria,draw_118,Male,0.01917808,0.07671233,150.0,0.9232814513199926
pakistan,draw_118,Female,0.0,0.01917808,150.0,0.8983809191814511
pakistan,draw_118,Male,0.0,0.01917808,150.0,0.9075624550413182
pakistan,draw_118,Female,0.01917808,0.07671233,150.0,0.8982942574665382
pakistan,draw_118,Male,0.01917808,0.07671233,150.0,0.907125917491653
