location,draw,sex,age_start,age_end,parameter,value
ethiopia,draw_178,Female,0.0,0.01917808,40.0,2.308896393242492
ethiopia,draw_178,Male,0.0,0.01917808,40.0,2.0765264905145946
nigeria,draw_178,Female,0.0,0.01917808,40.0,2.065474734814021
nigeria,draw_178,Male,0.0,0.01917808,40.0,2.145829800285547
pakistan,draw_178,Female,0.0,0.01917808,40.0,0.8542446145928018
pakistan,draw_178,Male,0.0,0.01917808,40.0,1.2085426148268703
ethiopia,draw_178,Female,0.0,0.01917808,40.11011,2.3115835567480767
ethiopia,draw_178,Male,0.0,0.01917808,40.11011,2.0795867651292683
nigeria,draw_178,Female,0.0,0.01917808,40.11011,2.0683838434454196
nigeria,draw_178,Male,0.0,0.01917808,40.11011,2.1485961484105274
pakistan,draw_178,Female,0.0,0.01917808,40.11011,0.857142682749643
pakistan,draw_178,Male,0.0,0.01917808,40.11011,1.211994648105469
ethiopia,draw_178,Female,0.0,0.01917808,40.22022,2.314263986837776
ethiopia,draw_178,Male,0.0,0.01917808,40.22022,2.0826431699190215
nigeria,draw_178,Female,0.0,0.01917808,40.22022,2.0712874571631903
nigeria,draw_178,Male,0.0,0.01917808,40.22022,2.151357421681755
pakistan,draw_178,Female,0.0,0.01917808,40.22022,0.8600489944798442
pakistan,draw_178,Male,0.0,0.01917808,40.22022,1.2154530033168198
ethiopia,draw_178,Female,0.0,0.01917808,40.33033,2.316939050085213
ethiopia,draw_178,Male,0.0,0.01917808,40.33033,2.0856963248023344
nigeria,draw_178,Female,0.0,0.01917808,40.33033,2.0741877652665597
nigeria,draw_178,Male,0.0,0.01917808,40.33033,2.1541143383463734
pakistan,draw_178,Female,0.0,0.01917808,40.33033,0.8629634528943639
pakistan,draw_178,Male,0.0,0.01917808,40.33033,1.2189178838794443
ethiopia,draw_178,Female,0.0,0.01917808,40.44044,2.319607112716412
ethiopia,draw_178,Male,0.0,0.01917808,40.44044,2.088744031881686
nigeria,draw_178,Female,0.0,0.01917808,40.44044,2.077081949511594
nigeria,draw_178,Male,0.0,0.01917808,40.44044,2.1568664140513656
pakistan,draw_178,Female,0.0,0.01917808,40.44044,0.8658857353648315
pakistan,draw_178,Male,0.0,0.01917808,40.44044,1.2223892262308684
ethiopia,draw_178,Female,0.0,0.01917808,40.55055,2.3222696570407964
ethiopia,draw_178,Male,0.0,0.01917808,40.55055,2.0917874870695643
nigeria,draw_178,Female,0.0,0.01917808,40.55055,2.0799711804541436
nigeria,draw_178,Male,0.0,0.01917808,40.55055,2.1596131247054124
pakistan,draw_178,Female,0.0,0.01917808,40.55055,0.8688154891946992
pakistan,draw_178,Male,0.0,0.01917808,40.55055,1.225866803684409
ethiopia,draw_178,Female,0.0,0.01917808,40.66066,2.324924918649166
ethiopia,draw_178,Male,0.0,0.01917808,40.66066,2.0948261174861256
nigeria,draw_178,Female,0.0,0.01917808,40.66066,2.082854579700387
nigeria,draw_178,Male,0.0,0.01917808,40.66066,2.1623533532715324
pakistan,draw_178,Female,0.0,0.01917808,40.66066,0.8717539764147905
pakistan,draw_178,Male,0.0,0.01917808,40.66066,1.229351102011606
ethiopia,draw_178,Female,0.0,0.01917808,40.77077,2.3275725065105024
ethiopia,draw_178,Male,0.0,0.01917808,40.77077,2.097858735935439
nigeria,draw_178,Female,0.0,0.01917808,40.77077,2.0857330070954188
nigeria,draw_178,Male,0.0,0.01917808,40.77077,2.1650878310136923
pakistan,draw_178,Female,0.0,0.01917808,40.77077,0.8747002918406067
pakistan,draw_178,Male,0.0,0.01917808,40.77077,1.2328419872750835
ethiopia,draw_178,Female,0.0,0.01917808,40.88088,2.3302136598863856
ethiopia,draw_178,Male,0.0,0.01917808,40.88088,2.100886991550733
nigeria,draw_178,Female,0.0,0.01917808,40.88088,2.0886061218238616
nigeria,draw_178,Male,0.0,0.01917808,40.88088,2.1678162657433395
pakistan,draw_178,Female,0.0,0.01917808,40.88088,0.8776552924656843
pakistan,draw_178,Male,0.0,0.01917808,40.88088,1.236340156910479
ethiopia,draw_178,Female,0.0,0.01917808,40.99099,2.3328465229699606
ethiopia,draw_178,Male,0.0,0.01917808,40.99099,2.1039095287493117
nigeria,draw_178,Female,0.0,0.01917808,40.99099,2.09147415365575
nigeria,draw_178,Male,0.0,0.01917808,40.99099,2.170538452268275
pakistan,draw_178,Female,0.0,0.01917808,40.99099,0.8806182489812104
pakistan,draw_178,Male,0.0,0.01917808,40.99099,1.239844191927068
ethiopia,draw_178,Female,0.0,0.01917808,41.1011,2.3354729558065146
ethiopia,draw_178,Male,0.0,0.01917808,41.1011,2.1069276578998095
nigeria,draw_178,Female,0.0,0.01917808,41.1011,2.094336219161959
nigeria,draw_178,Male,0.0,0.01917808,41.1011,2.173253875187027
pakistan,draw_178,Female,0.0,0.01917808,41.1011,0.8835894851257532
pakistan,draw_178,Male,0.0,0.01917808,41.1011,1.2433538031841405
ethiopia,draw_178,Female,0.0,0.01917808,41.21121,2.3380913560124617
ethiopia,draw_178,Male,0.0,0.01917808,41.21121,2.1099394778176634
nigeria,draw_178,Female,0.0,0.01917808,41.21121,2.097193862524375
nigeria,draw_178,Male,0.0,0.01917808,41.21121,2.175963147984023
pakistan,draw_178,Female,0.0,0.01917808,41.21121,0.8865698102614412
pakistan,draw_178,Male,0.0,0.01917808,41.21121,1.24686901313401
ethiopia,draw_178,Female,0.0,0.01917808,41.32132,2.3407025175336704
ethiopia,draw_178,Male,0.0,0.01917808,41.32132,2.1129464007333705
nigeria,draw_178,Female,0.0,0.01917808,41.32132,2.100044383453978
nigeria,draw_178,Male,0.0,0.01917808,41.32132,2.1786661893758983
pakistan,draw_178,Female,0.0,0.01917808,41.32132,0.8895585899403399
pakistan,draw_178,Male,0.0,0.01917808,41.32132,1.2503902768695239
ethiopia,draw_178,Female,0.0,0.01917808,41.43143,2.3433064443639946
ethiopia,draw_178,Male,0.0,0.01917808,41.43143,2.1159489302491683
nigeria,draw_178,Female,0.0,0.01917808,41.43143,2.1028899993688506
nigeria,draw_178,Male,0.0,0.01917808,41.43143,2.181363608152326
pakistan,draw_178,Female,0.0,0.01917808,41.43143,0.8925560518713075
pakistan,draw_178,Male,0.0,0.01917808,41.43143,1.2539176501162483
ethiopia,draw_178,Female,0.0,0.01917808,41.54154,2.3459022284684496
ethiopia,draw_178,Male,0.0,0.01917808,41.54154,2.1189461360968274
nigeria,draw_178,Female,0.0,0.01917808,41.54154,2.105730742602449
nigeria,draw_178,Male,0.0,0.01917808,41.54154,2.1840552967705715
pakistan,draw_178,Female,0.0,0.01917808,41.54154,0.8955624716518406
pakistan,draw_178,Male,0.0,0.01917808,41.54154,1.2574514435590778
ethiopia,draw_178,Female,0.0,0.01917808,41.65165,2.3484924877212414
ethiopia,draw_178,Male,0.0,0.01917808,41.65165,2.121938184180114
nigeria,draw_178,Female,0.0,0.01917808,41.65165,2.1085648908622296
nigeria,draw_178,Male,0.0,0.01917808,41.65165,2.186741154354482
pakistan,draw_178,Female,0.0,0.01917808,41.65165,0.8985774240869399
pakistan,draw_178,Male,0.0,0.01917808,41.65165,1.2609918185498328
ethiopia,draw_178,Female,0.0,0.01917808,41.76176,2.35107413285035
ethiopia,draw_178,Male,0.0,0.01917808,41.76176,2.124925462272447
nigeria,draw_178,Female,0.0,0.01917808,41.76176,2.111392799060521
nigeria,draw_178,Male,0.0,0.01917808,41.76176,2.1894200975248075
pakistan,draw_178,Female,0.0,0.01917808,41.76176,0.9016002390972417
pakistan,draw_178,Male,0.0,0.01917808,41.76176,1.2645383924136966
ethiopia,draw_178,Female,0.0,0.01917808,41.87187,2.353647257231141
ethiopia,draw_178,Male,0.0,0.01917808,41.87187,2.1279077515851688
nigeria,draw_178,Female,0.0,0.01917808,41.87187,2.1142160809018953
nigeria,draw_178,Male,0.0,0.01917808,41.87187,2.192092834309704
pakistan,draw_178,Female,0.0,0.01917808,41.87187,0.9046308957233177
pakistan,draw_178,Male,0.0,0.01917808,41.87187,1.2680914161358998
ethiopia,draw_178,Female,0.0,0.01917808,41.98198,2.3562128707036667
ethiopia,draw_178,Male,0.0,0.01917808,41.98198,2.130884665838744
nigeria,draw_178,Female,0.0,0.01917808,41.98198,2.117032447299508
nigeria,draw_178,Male,0.0,0.01917808,41.98198,2.1947595149350447
pakistan,draw_178,Female,0.0,0.01917808,41.98198,0.9076711110411557
pakistan,draw_178,Male,0.0,0.01917808,41.98198,1.2716505081608995
ethiopia,draw_178,Female,0.0,0.01917808,42.09209,2.358770681505302
ethiopia,draw_178,Male,0.0,0.01917808,42.09209,2.133855073699532
nigeria,draw_178,Female,0.0,0.01917808,42.09209,2.1198422991642496
nigeria,draw_178,Male,0.0,0.01917808,42.09209,2.1974201322351066
pakistan,draw_178,Female,0.0,0.01917808,42.09209,0.9107203806018866
pakistan,draw_178,Male,0.0,0.01917808,42.09209,1.2752156175925518
ethiopia,draw_178,Female,0.0,0.01917808,42.2022,2.3613209070344983
ethiopia,draw_178,Male,0.0,0.01917808,42.2022,2.136820512150073
nigeria,draw_178,Female,0.0,0.01917808,42.2022,2.1226457748785132
nigeria,draw_178,Male,0.0,0.01917808,42.2022,2.2000735435797156
pakistan,draw_178,Female,0.0,0.01917808,42.2022,0.9137795456521275
pakistan,draw_178,Male,0.0,0.01917808,42.2022,1.2787863919318687
ethiopia,draw_178,Female,0.0,0.01917808,42.31231,2.3638632604246586
ethiopia,draw_178,Male,0.0,0.01917808,42.31231,2.1397790802156256
nigeria,draw_178,Female,0.0,0.01917808,42.31231,2.1254435349312977
nigeria,draw_178,Male,0.0,0.01917808,42.31231,2.202720281303281
pakistan,draw_178,Female,0.0,0.01917808,42.31231,0.9168477536997778
pakistan,draw_178,Male,0.0,0.01917808,42.31231,1.2823631385090608
ethiopia,draw_178,Female,0.0,0.01917808,42.42242,2.3663952963208277
ethiopia,draw_178,Male,0.0,0.01917808,42.42242,2.142732797221125
nigeria,draw_178,Female,0.0,0.01917808,42.42242,2.128234222066735
nigeria,draw_178,Male,0.0,0.01917808,42.42242,2.2053604981640222
pakistan,draw_178,Female,0.0,0.01917808,42.42242,0.919924627040494
pakistan,draw_178,Male,0.0,0.01917808,42.42242,1.2859460683884492
ethiopia,draw_178,Female,0.0,0.01917808,42.53253,2.368919244401476
ethiopia,draw_178,Male,0.0,0.01917808,42.53253,2.1456794483315624
nigeria,draw_178,Female,0.0,0.01917808,42.53253,2.131016815411766
nigeria,draw_178,Male,0.0,0.01917808,42.53253,2.207992469402932
pakistan,draw_178,Female,0.0,0.01917808,42.53253,0.9230096076857239
pakistan,draw_178,Male,0.0,0.01917808,42.53253,1.2895340125288328
ethiopia,draw_178,Female,0.0,0.01917808,42.64264,2.371434134038409
ethiopia,draw_178,Male,0.0,0.01917808,42.64264,2.1486195995421697
nigeria,draw_178,Female,0.0,0.01917808,42.64264,2.13379153943287
nigeria,draw_178,Male,0.0,0.01917808,42.64264,2.2106168869584235
pakistan,draw_178,Female,0.0,0.01917808,42.64264,0.92610235724113
pakistan,draw_178,Male,0.0,0.01917808,42.64264,1.2931275638007926
ethiopia,draw_178,Female,0.0,0.01917808,42.75275,2.3739398132235996
ethiopia,draw_178,Male,0.0,0.01917808,42.75275,2.1515516883966237
nigeria,draw_178,Female,0.0,0.01917808,42.75275,2.136558220408477
nigeria,draw_178,Male,0.0,0.01917808,42.75275,2.213232908288477
pakistan,draw_178,Female,0.0,0.01917808,42.75275,0.9292028005798719
pakistan,draw_178,Male,0.0,0.01917808,42.75275,1.296726752008647
ethiopia,draw_178,Female,0.0,0.01917808,42.86286,2.376435585149942
ethiopia,draw_178,Male,0.0,0.01917808,42.86286,2.154478055948792
nigeria,draw_178,Female,0.0,0.01917808,42.86286,2.1393174306909857
nigeria,draw_178,Male,0.0,0.01917808,42.86286,2.2158410160299726
pakistan,draw_178,Female,0.0,0.01917808,42.86286,0.9323113849579134
pakistan,draw_178,Male,0.0,0.01917808,42.86286,1.3003313081202708
ethiopia,draw_178,Female,0.0,0.01917808,42.97297,2.3789217087838943
ethiopia,draw_178,Male,0.0,0.01917808,42.97297,2.157396521326245
nigeria,draw_178,Female,0.0,0.01917808,42.97297,2.142069247832206
nigeria,draw_178,Male,0.0,0.01917808,42.97297,2.218440849191286
pakistan,draw_178,Female,0.0,0.01917808,42.97297,0.9354288164707498
pakistan,draw_178,Male,0.0,0.01917808,42.97297,1.3039417471486758
ethiopia,draw_178,Female,0.0,0.01917808,43.08308,2.3813983505562057
ethiopia,draw_178,Male,0.0,0.01917808,43.08308,2.160308954899753
nigeria,draw_178,Female,0.0,0.01917808,43.08308,2.1448135283405976
nigeria,draw_178,Male,0.0,0.01917808,43.08308,2.2210329380274243
pakistan,draw_178,Female,0.0,0.01917808,43.08308,0.9385542286683132
pakistan,draw_178,Male,0.0,0.01917808,43.08308,1.3075576877639097
ethiopia,draw_178,Female,0.0,0.01917808,43.19319,2.383865278830141
ethiopia,draw_178,Male,0.0,0.01917808,43.19319,2.1632135209383105
nigeria,draw_178,Female,0.0,0.01917808,43.19319,2.147550912906177
nigeria,draw_178,Male,0.0,0.01917808,43.19319,2.2236170287415655
pakistan,draw_178,Female,0.0,0.01917808,43.19319,0.9416863915698949
pakistan,draw_178,Male,0.0,0.01917808,43.19319,1.3111791569720517
ethiopia,draw_178,Female,0.0,0.01917808,43.3033,2.3863231009001504
ethiopia,draw_178,Male,0.0,0.01917808,43.3033,2.1661116809915266
nigeria,draw_178,Female,0.0,0.01917808,43.3033,2.1502805943655927
nigeria,draw_178,Male,0.0,0.01917808,43.3033,2.2261929247842094
pakistan,draw_178,Female,0.0,0.01917808,43.3033,0.9448258958137112
pakistan,draw_178,Male,0.0,0.01917808,43.3033,1.3148056128981
ethiopia,draw_178,Female,0.0,0.01917808,43.41341,2.388769095480242
ethiopia,draw_178,Male,0.0,0.01917808,43.41341,2.169000660067642
nigeria,draw_178,Female,0.0,0.01917808,43.41341,2.1530036864762816
nigeria,draw_178,Male,0.0,0.01917808,43.41341,2.228760990161421
pakistan,draw_178,Female,0.0,0.01917808,43.41341,0.9479728080311353
pakistan,draw_178,Male,0.0,0.01917808,43.41341,1.3184372087069811
ethiopia,draw_178,Female,0.0,0.01917808,43.52352,2.391206278985501
ethiopia,draw_178,Male,0.0,0.01917808,43.52352,2.171882755756926
nigeria,draw_178,Female,0.0,0.01917808,43.52352,2.1557179796902637
nigeria,draw_178,Male,0.0,0.01917808,43.52352,2.231320687363459
pakistan,draw_178,Female,0.0,0.01917808,43.52352,0.9511278069527582
pakistan,draw_178,Male,0.0,0.01917808,43.52352,1.3220738483647454
ethiopia,draw_178,Female,0.0,0.01917808,43.63363,2.393632908543907
ethiopia,draw_178,Male,0.0,0.01917808,43.63363,2.17475700691834
nigeria,draw_178,Female,0.0,0.01917808,43.63363,2.1584247276998547
nigeria,draw_178,Male,0.0,0.01917808,43.63363,2.2338719978616273
pakistan,draw_178,Female,0.0,0.01917808,43.63363,0.9542908534298676
pakistan,draw_178,Male,0.0,0.01917808,43.63363,1.3257158701095184
ethiopia,draw_178,Female,0.0,0.01917808,43.74374,2.396047421998735
ethiopia,draw_178,Male,0.0,0.01917808,43.74374,2.1776243271708218
nigeria,draw_178,Female,0.0,0.01917808,43.74374,2.161123532590295
nigeria,draw_178,Male,0.0,0.01917808,43.74374,2.2364135726806773
pakistan,draw_178,Female,0.0,0.01917808,43.74374,0.9574621979676406
pakistan,draw_178,Male,0.0,0.01917808,43.74374,1.3293622283195277
ethiopia,draw_178,Female,0.0,0.01917808,43.85385,2.3984522955106953
ethiopia,draw_178,Male,0.0,0.01917808,43.85385,2.1804812771786586
nigeria,draw_178,Female,0.0,0.01917808,43.85385,2.1638136017932705
nigeria,draw_178,Male,0.0,0.01917808,43.85385,2.2389473310905377
pakistan,draw_178,Female,0.0,0.01917808,43.85385,0.9606410381268673
pakistan,draw_178,Male,0.0,0.01917808,43.85385,1.3330123119997073
ethiopia,draw_178,Female,0.0,0.01917808,43.96396,2.400846043578933
ethiopia,draw_178,Male,0.0,0.01917808,43.96396,2.1833302863494075
nigeria,draw_178,Female,0.0,0.01917808,43.96396,2.166495237053377
nigeria,draw_178,Male,0.0,0.01917808,43.96396,2.2414729761562167
pakistan,draw_178,Female,0.0,0.01917808,43.96396,0.9638267792553309
pakistan,draw_178,Male,0.0,0.01917808,43.96396,1.3366649796585894
ethiopia,draw_178,Female,0.0,0.01917808,44.07407,2.403229598376603
ethiopia,draw_178,Male,0.0,0.01917808,44.07407,2.186172154804588
nigeria,draw_178,Female,0.0,0.01917808,44.07407,2.1691680798087773
nigeria,draw_178,Male,0.0,0.01917808,44.07407,2.2439904066665735
pakistan,draw_178,Female,0.0,0.01917808,44.07407,0.9670194374367244
pakistan,draw_178,Male,0.0,0.01917808,44.07407,1.3403200185144077
ethiopia,draw_178,Female,0.0,0.01917808,44.18418,2.4056034664805868
ethiopia,draw_178,Male,0.0,0.01917808,44.18418,2.1890049184989033
nigeria,draw_178,Female,0.0,0.01917808,44.18418,2.1718339012691383
nigeria,draw_178,Male,0.0,0.01917808,44.18418,2.24649973155034
pakistan,draw_178,Female,0.0,0.01917808,44.18418,0.9702193303262643
pakistan,draw_178,Male,0.0,0.01917808,44.18418,1.3439779332004707
ethiopia,draw_178,Female,0.0,0.01917808,44.29429,2.4079673201686465
ethiopia,draw_178,Male,0.0,0.01917808,44.29429,2.191829685461749
nigeria,draw_178,Female,0.0,0.01917808,44.29429,2.174490623648886
nigeria,draw_178,Male,0.0,0.01917808,44.29429,2.2489999109222985
pakistan,draw_178,Female,0.0,0.01917808,44.29429,0.9734279962574386
pakistan,draw_178,Male,0.0,0.01917808,44.29429,1.347638213395105
ethiopia,draw_178,Female,0.0,0.01917808,44.4044,2.41031931864225
ethiopia,draw_178,Male,0.0,0.01917808,44.4044,2.194646625725697
nigeria,draw_178,Female,0.0,0.01917808,44.4044,2.1771390078001196
nigeria,draw_178,Male,0.0,0.01917808,44.4044,2.2514901622593317
pakistan,draw_178,Female,0.0,0.01917808,44.4044,0.9766444528669814
pakistan,draw_178,Male,0.0,0.01917808,44.4044,1.351301151867285
ethiopia,draw_178,Female,0.0,0.01917808,44.51451,2.412661682255271
ethiopia,draw_178,Male,0.0,0.01917808,44.51451,2.197455131319419
nigeria,draw_178,Female,0.0,0.01917808,44.51451,2.1797790784946303
nigeria,draw_178,Male,0.0,0.01917808,44.51451,2.2539725506715356
pakistan,draw_178,Female,0.0,0.01917808,44.51451,0.9798687323281051
pakistan,draw_178,Male,0.0,0.01917808,44.51451,1.354966472982949
ethiopia,draw_178,Female,0.0,0.01917808,44.62462,2.414992855182381
ethiopia,draw_178,Male,0.0,0.01917808,44.62462,2.2002553169344226
nigeria,draw_178,Female,0.0,0.01917808,44.62462,2.1824097816504366
nigeria,draw_178,Male,0.0,0.01917808,44.62462,2.25644549711611
pakistan,draw_178,Female,0.0,0.01917808,44.62462,0.983101088754014
pakistan,draw_178,Male,0.0,0.01917808,44.62462,1.3586343935229142
ethiopia,draw_178,Female,0.0,0.01917808,44.73473,2.4173135354378386
ethiopia,draw_178,Male,0.0,0.01917808,44.73473,2.2030472641999705
nigeria,draw_178,Female,0.0,0.01917808,44.73473,2.1850324863286743
nigeria,draw_178,Male,0.0,0.01917808,44.73473,2.2589088829961774
pakistan,draw_178,Female,0.0,0.01917808,44.73473,0.9863409894732194
pakistan,draw_178,Male,0.0,0.01917808,44.73473,1.3623047690519843
ethiopia,draw_178,Female,0.0,0.01917808,44.84484,2.4196217553438975
ethiopia,draw_178,Male,0.0,0.01917808,44.84484,2.2058301416000266
nigeria,draw_178,Female,0.0,0.01917808,44.84484,2.1876447184972987
nigeria,draw_178,Male,0.0,0.01917808,44.84484,2.2613624213112056
pakistan,draw_178,Female,0.0,0.01917808,44.84484,0.9895879268959701
pakistan,draw_178,Male,0.0,0.01917808,44.84484,1.3659770926251356
ethiopia,draw_178,Female,0.0,0.01917808,44.95495,2.4219199577995023
ethiopia,draw_178,Male,0.0,0.01917808,44.95495,2.2086040474392057
nigeria,draw_178,Female,0.0,0.01917808,44.95495,2.190249320050432
nigeria,draw_178,Male,0.0,0.01917808,44.95495,2.2638062192939095
pakistan,draw_178,Female,0.0,0.01917808,44.95495,0.9928417980780723
pakistan,draw_178,Male,0.0,0.01917808,44.95495,1.3696516504383054
ethiopia,draw_178,Female,0.0,0.01917808,45.06507,2.424207286726879
ethiopia,draw_178,Male,0.0,0.01917808,45.06507,2.211369087784444
nigeria,draw_178,Female,0.0,0.01917808,45.06507,2.1928451294357036
nigeria,draw_178,Male,0.0,0.01917808,45.06507,2.2662416492476765
pakistan,draw_178,Female,0.0,0.01917808,45.06507,0.9961027764881799
pakistan,draw_178,Male,0.0,0.01917808,45.06507,1.3733289119321686
ethiopia,draw_178,Female,0.0,0.01917808,45.17518,2.4264834311111616
ethiopia,draw_178,Male,0.0,0.01917808,45.17518,2.2141246377406527
nigeria,draw_178,Female,0.0,0.01917808,45.17518,2.195431056188091
nigeria,draw_178,Male,0.0,0.01917808,45.17518,2.2686667548563912
pakistan,draw_178,Female,0.0,0.01917808,45.17518,0.9993710264285226
pakistan,draw_178,Male,0.0,0.01917808,45.17518,1.3770080349722575
ethiopia,draw_178,Female,0.0,0.01917808,45.28529,2.4287491373054393
ethiopia,draw_178,Male,0.0,0.01917808,45.28529,2.2168715709140114
nigeria,draw_178,Female,0.0,0.01917808,45.28529,2.1980092369939146
nigeria,draw_178,Male,0.0,0.01917808,45.28529,2.271083156137275
pakistan,draw_178,Female,0.0,0.01917808,45.28529,1.0026472378124742
pakistan,draw_178,Male,0.0,0.01917808,45.28529,1.3806898194817623
ethiopia,draw_178,Female,0.0,0.01917808,45.3954,2.4314875325738545
ethiopia,draw_178,Male,0.0,0.01917808,45.3954,2.2196097848600886
nigeria,draw_178,Female,0.0,0.01917808,45.3954,2.200577469021278
nigeria,draw_178,Male,0.0,0.01917808,45.3954,2.2734900100963795
pakistan,draw_178,Female,0.0,0.01917808,45.3954,1.0059315065301433
pakistan,draw_178,Male,0.0,0.01917808,45.3954,1.3843736025608762
ethiopia,draw_178,Female,0.0,0.01917808,45.50551,2.4348959566067556
ethiopia,draw_178,Male,0.0,0.01917808,45.50551,2.2223387480579566
nigeria,draw_178,Female,0.0,0.01917808,45.50551,2.203136611377408
nigeria,draw_178,Male,0.0,0.01917808,45.50551,2.2758871541474868
pakistan,draw_178,Female,0.0,0.01917808,45.50551,1.009223735386061
pakistan,draw_178,Male,0.0,0.01917808,45.50551,1.3880597361142146
ethiopia,draw_178,Female,0.0,0.01917808,45.61562,2.4382923370937397
ethiopia,draw_178,Male,0.0,0.01917808,45.61562,2.225059216377678
nigeria,draw_178,Female,0.0,0.01917808,45.61562,2.2056866328455866
nigeria,draw_178,Male,0.0,0.01917808,45.61562,2.278275044993828
pakistan,draw_178,Female,0.0,0.01917808,45.61562,1.0125233529496158
pakistan,draw_178,Male,0.0,0.01917808,45.61562,1.3917483787610452
ethiopia,draw_178,Female,0.0,0.01917808,45.72573,2.4416785197990456
ethiopia,draw_178,Male,0.0,0.01917808,45.72573,2.227771405187845
nigeria,draw_178,Female,0.0,0.01917808,45.72573,2.20822739587801
nigeria,draw_178,Male,0.0,0.01917808,45.72573,2.2806533784643523
pakistan,draw_178,Female,0.0,0.01917808,45.72573,1.0158304814991024
pakistan,draw_178,Male,0.0,0.01917808,45.72573,1.3954397612517146
ethiopia,draw_178,Female,0.0,0.01917808,45.83584,2.445051726797807
ethiopia,draw_178,Male,0.0,0.01917808,45.83584,2.2304725157192413
nigeria,draw_178,Female,0.0,0.01917808,45.83584,2.2107583494064786
nigeria,draw_178,Male,0.0,0.01917808,45.83584,2.2830216133887555
pakistan,draw_178,Female,0.0,0.01917808,45.83584,1.0191447543289427
pakistan,draw_178,Male,0.0,0.01917808,45.83584,1.3991324861858054
ethiopia,draw_178,Female,0.0,0.01917808,45.94595,2.4484136569632473
ethiopia,draw_178,Male,0.0,0.01917808,45.94595,2.233165408869602
nigeria,draw_178,Female,0.0,0.01917808,45.94595,2.213278073214209
nigeria,draw_178,Male,0.0,0.01917808,45.94595,2.285379162448848
pakistan,draw_178,Female,0.0,0.01917808,45.94595,1.0224657170491525
pakistan,draw_178,Male,0.0,0.01917808,45.94595,1.4028268133163153
ethiopia,draw_178,Female,0.0,0.01917808,46.05606,2.451764289844661
ethiopia,draw_178,Male,0.0,0.01917808,46.05606,2.235848934946264
nigeria,draw_178,Female,0.0,0.01917808,46.05606,2.215788865137387
nigeria,draw_178,Male,0.0,0.01917808,46.05606,2.2877263488931843
pakistan,draw_178,Female,0.0,0.01917808,46.05606,1.0257933814764235
pakistan,draw_178,Male,0.0,0.01917808,46.05606,1.406523125493389
ethiopia,draw_178,Female,0.0,0.01917808,46.16617,2.455102136185818
ethiopia,draw_178,Male,0.0,0.01917808,46.16617,2.238523057047837
nigeria,draw_178,Female,0.0,0.01917808,46.16617,2.218290525052681
nigeria,draw_178,Male,0.0,0.01917808,46.16617,2.2900629293324233
pakistan,draw_178,Female,0.0,0.01917808,46.16617,1.0291282552847916
pakistan,draw_178,Male,0.0,0.01917808,46.16617,1.4102210115764202
ethiopia,draw_178,Female,0.0,0.01917808,46.27628,2.4584275780634486
ethiopia,draw_178,Male,0.0,0.01917808,46.27628,2.241188896138672
nigeria,draw_178,Female,0.0,0.01917808,46.27628,2.2207827778430373
nigeria,draw_178,Male,0.0,0.01917808,46.27628,2.2923904198118006
pakistan,draw_178,Female,0.0,0.01917808,46.27628,1.032470844190674
pakistan,draw_178,Male,0.0,0.01917808,46.27628,1.4139207215808711
ethiopia,draw_178,Female,0.0,0.01917808,46.38639,2.461741270868469
ethiopia,draw_178,Male,0.0,0.01917808,46.38639,2.2438443895405644
nigeria,draw_178,Female,0.0,0.01917808,46.38639,2.2232651694233807
nigeria,draw_178,Male,0.0,0.01917808,46.38639,2.294706892900667
pakistan,draw_178,Female,0.0,0.01917808,46.38639,1.0358208967005842
pakistan,draw_178,Male,0.0,0.01917808,46.38639,1.4176219436160011
ethiopia,draw_178,Female,0.0,0.01917808,46.4965,2.465042540456537
ethiopia,draw_178,Male,0.0,0.01917808,46.4965,2.246490609308717
nigeria,draw_178,Female,0.0,0.01917808,46.4965,2.2257378691642202
nigeria,draw_178,Male,0.0,0.01917808,46.4965,2.2970140523323397
pakistan,draw_178,Female,0.0,0.01917808,46.4965,1.0391799291520318
pakistan,draw_178,Male,0.0,0.01917808,46.4965,1.421324917193678
ethiopia,draw_178,Female,0.0,0.01917808,46.60661,2.4683327232018275
ethiopia,draw_178,Male,0.0,0.01917808,46.60661,2.2491264450351665
nigeria,draw_178,Female,0.0,0.01917808,46.60661,2.2282010525811686
nigeria,draw_178,Male,0.0,0.01917808,46.60661,2.2993104894732954
pakistan,draw_178,Female,0.0,0.01917808,46.60661,1.0425472608203832
pakistan,draw_178,Male,0.0,0.01917808,46.60661,1.4250293297132286
ethiopia,draw_178,Female,0.0,0.01917808,46.71672,2.4716098938893536
ethiopia,draw_178,Male,0.0,0.01917808,46.71672,2.2517519059980584
nigeria,draw_178,Female,0.0,0.01917808,46.71672,2.2306537408691853
nigeria,draw_178,Male,0.0,0.01917808,46.71672,2.301596997613518
pakistan,draw_178,Female,0.0,0.01917808,46.71672,1.0459227900749697
pakistan,draw_178,Male,0.0,0.01917808,46.71672,1.4287346762981783
ethiopia,draw_178,Female,0.0,0.01917808,46.82683,2.474874386270106
ethiopia,draw_178,Male,0.0,0.01917808,46.82683,2.2543682729366603
nigeria,draw_178,Female,0.0,0.01917808,46.82683,2.2330965734966037
nigeria,draw_178,Male,0.0,0.01917808,46.82683,2.3038711185201897
pakistan,draw_178,Female,0.0,0.01917808,46.82683,1.0493054942266054
pakistan,draw_178,Male,0.0,0.01917808,46.82683,1.4324412830129138
ethiopia,draw_178,Female,0.0,0.01917808,46.93694,2.4781250733815545
ethiopia,draw_178,Male,0.0,0.01917808,46.93694,2.256972246973982
nigeria,draw_178,Female,0.0,0.01917808,46.93694,2.2355282458571613
nigeria,draw_178,Male,0.0,0.01917808,46.93694,2.306135230037355
pakistan,draw_178,Female,0.0,0.01917808,46.93694,1.052694985313886
pakistan,draw_178,Male,0.0,0.01917808,46.93694,1.436149038518836
ethiopia,draw_178,Female,0.0,0.01917808,47.04705,2.481361929974974
ethiopia,draw_178,Male,0.0,0.01917808,47.04705,2.259568483117963
nigeria,draw_178,Female,0.0,0.01917808,47.04705,2.237950344930093
nigeria,draw_178,Male,0.0,0.01917808,47.04705,2.3083889527458186
pakistan,draw_178,Female,0.0,0.01917808,47.04705,1.0560913409467845
pakistan,draw_178,Male,0.0,0.01917808,47.04705,1.4398584638514749
ethiopia,draw_178,Female,0.0,0.01917808,47.15716,2.484586414462052
ethiopia,draw_178,Male,0.0,0.01917808,47.15716,2.262153551966337
nigeria,draw_178,Female,0.0,0.01917808,47.15716,2.2403621035809547
nigeria,draw_178,Male,0.0,0.01917808,47.15716,2.310630853668062
pakistan,draw_178,Female,0.0,0.01917808,47.15716,1.0594939010057902
pakistan,draw_178,Male,0.0,0.01917808,47.15716,1.44356926211943
ethiopia,draw_178,Female,0.0,0.01917808,47.26727,2.4877966096060717
ethiopia,draw_178,Male,0.0,0.01917808,47.26727,2.264727857830488
nigeria,draw_178,Female,0.0,0.01917808,47.26727,2.2427632784565925
nigeria,draw_178,Male,0.0,0.01917808,47.26727,2.3128619255529803
pakistan,draw_178,Female,0.0,0.01917808,47.26727,1.0629021365361213
pakistan,draw_178,Male,0.0,0.01917808,47.26727,1.447281204460486
ethiopia,draw_178,Female,0.0,0.01917808,47.37738,2.4909938364119824
ethiopia,draw_178,Male,0.0,0.01917808,47.37738,2.2672923160748777
nigeria,draw_178,Female,0.0,0.01917808,47.37738,2.2451540288540497
nigeria,draw_178,Male,0.0,0.01917808,47.37738,2.3150817907338994
pakistan,draw_178,Female,0.0,0.01917808,47.37738,1.0663175788338293
pakistan,draw_178,Male,0.0,0.01917808,47.37738,1.4509938459734582
ethiopia,draw_178,Female,0.0,0.01917808,47.48749,2.494177835969434
ethiopia,draw_178,Male,0.0,0.01917808,47.48749,2.269847681151167
nigeria,draw_178,Female,0.0,0.01917808,47.48749,2.247533402638973
nigeria,draw_178,Male,0.0,0.01917808,47.48749,2.31729083314602
pakistan,draw_178,Female,0.0,0.01917808,47.48749,1.069740255144673
pakistan,draw_178,Male,0.0,0.01917808,47.48749,1.4547074118462653
ethiopia,draw_178,Female,0.0,0.01917808,47.5976,2.497347413200378
ethiopia,draw_178,Male,0.0,0.01917808,47.5976,2.2723926507590657
nigeria,draw_178,Female,0.0,0.01917808,47.5976,2.249902200962115
nigeria,draw_178,Male,0.0,0.01917808,47.5976,2.3194893614790324
pakistan,draw_178,Female,0.0,0.01917808,47.5976,1.073169561958202
pakistan,draw_178,Male,0.0,0.01917808,47.5976,1.4584220879643468
ethiopia,draw_178,Female,0.0,0.01917808,47.70771,2.500504088457314
ethiopia,draw_178,Male,0.0,0.01917808,47.70771,2.2749271761301704
nigeria,draw_178,Female,0.0,0.01917808,47.70771,2.2522591786309945
nigeria,draw_178,Male,0.0,0.01917808,47.70771,2.3216757684400537
pakistan,draw_178,Female,0.0,0.01917808,47.70771,1.0766079933124724
pakistan,draw_178,Male,0.0,0.01917808,47.70771,1.462137994603862
ethiopia,draw_178,Female,0.0,0.01917808,47.81782,2.5036466917671802
ethiopia,draw_178,Male,0.0,0.01917808,47.81782,2.277451172057569
nigeria,draw_178,Female,0.0,0.01917808,47.81782,2.254605083577648
nigeria,draw_178,Male,0.0,0.01917808,47.81782,2.3238517835890433
pakistan,draw_178,Female,0.0,0.01917808,47.81782,1.0800532139825645
pakistan,draw_178,Male,0.0,0.01917808,47.81782,1.4658543926053058
ethiopia,draw_178,Female,0.0,0.01917808,47.92793,2.5067743170319625
ethiopia,draw_178,Male,0.0,0.01917808,47.92793,2.279964179397057
nigeria,draw_178,Female,0.0,0.01917808,47.92793,2.256940008259458
nigeria,draw_178,Male,0.0,0.01917808,47.92793,2.326015538668465
pakistan,draw_178,Female,0.0,0.01917808,47.92793,1.0835056674932213
pakistan,draw_178,Male,0.0,0.01917808,47.92793,1.4695713096016505
ethiopia,draw_178,Female,0.0,0.01917808,48.03804,2.509888513315558
ethiopia,draw_178,Male,0.0,0.01917808,48.03804,2.28246572663644
nigeria,draw_178,Female,0.0,0.01917808,48.03804,2.259263935730828
nigeria,draw_178,Male,0.0,0.01917808,48.03804,2.328168414249318
pakistan,draw_178,Female,0.0,0.01917808,48.03804,1.086965088281749
pakistan,draw_178,Male,0.0,0.01917808,48.03804,1.4732891579760823
ethiopia,draw_178,Female,0.0,0.01917808,48.14815,2.5129884289108757
ethiopia,draw_178,Male,0.0,0.01917808,48.14815,2.28495602637734
nigeria,draw_178,Female,0.0,0.01917808,48.14815,2.2615775611696805
nigeria,draw_178,Male,0.0,0.01917808,48.14815,2.330309739856896
pakistan,draw_178,Female,0.0,0.01917808,48.14815,1.0904317578576235
pakistan,draw_178,Male,0.0,0.01917808,48.14815,1.477007211806698
ethiopia,draw_178,Female,0.0,0.01917808,48.25826,2.5160752179261676
ethiopia,draw_178,Male,0.0,0.01917808,48.25826,2.2874361998821184
nigeria,draw_178,Female,0.0,0.01917808,48.25826,2.263879849261927
nigeria,draw_178,Male,0.0,0.01917808,48.25826,2.3324396434809116
pakistan,draw_178,Female,0.0,0.01917808,48.25826,1.093905330933597
pakistan,draw_178,Male,0.0,0.01917808,48.25826,1.4807245516778746
ethiopia,draw_178,Female,0.0,0.01917808,48.36837,2.519146235465253
ethiopia,draw_178,Male,0.0,0.01917808,48.36837,2.2899069279039153
nigeria,draw_178,Female,0.0,0.01917808,48.36837,2.266170103407906
nigeria,draw_178,Male,0.0,0.01917808,48.36837,2.3345573284108165
pakistan,draw_178,Female,0.0,0.01917808,48.36837,1.097386016398784
pakistan,draw_178,Male,0.0,0.01917808,48.36837,1.4844423790938588
ethiopia,draw_178,Female,0.0,0.01917808,48.47848,2.5222039397274747
ethiopia,draw_178,Male,0.0,0.01917808,48.47848,2.292364955631531
nigeria,draw_178,Female,0.0,0.01917808,48.47848,2.268449038691247
nigeria,draw_178,Male,0.0,0.01917808,48.47848,2.336664225053196
pakistan,draw_178,Female,0.0,0.01917808,48.47848,1.100873225228655
pakistan,draw_178,Male,0.0,0.01917808,48.47848,1.4881605406343137
ethiopia,draw_178,Female,0.0,0.01917808,48.58859,2.5252476332444926
ethiopia,draw_178,Male,0.0,0.01917808,48.58859,2.2948131697322194
nigeria,draw_178,Female,0.0,0.01917808,48.58859,2.2707176908764475
nigeria,draw_178,Male,0.0,0.01917808,48.58859,2.3387591324366452
pakistan,draw_178,Female,0.0,0.01917808,48.58859,1.1043671761139586
pakistan,draw_178,Male,0.0,0.01917808,48.58859,1.491878880225769
ethiopia,draw_178,Female,0.0,0.01917808,48.6987,2.5282772665591344
ethiopia,draw_178,Male,0.0,0.01917808,48.6987,2.2972497210199254
nigeria,draw_178,Female,0.0,0.01917808,48.6987,2.272975113912943
nigeria,draw_178,Male,0.0,0.01917808,48.6987,2.3408437134552345
pakistan,draw_178,Female,0.0,0.01917808,48.6987,1.1078674203252838
pakistan,draw_178,Male,0.0,0.01917808,48.6987,1.4955964252000848
ethiopia,draw_178,Female,0.0,0.01917808,48.80881,2.531292186631509
ethiopia,draw_178,Male,0.0,0.01917808,48.80881,2.299676174612595
nigeria,draw_178,Female,0.0,0.01917808,48.80881,2.2752202081616417
nigeria,draw_178,Male,0.0,0.01917808,48.80881,2.342916950549956
pakistan,draw_178,Female,0.0,0.01917808,48.80881,1.111374788021819
pakistan,draw_178,Male,0.0,0.01917808,48.80881,1.4993127375443867
ethiopia,draw_178,Female,0.0,0.01917808,48.91892,2.5342896507745203
ethiopia,draw_178,Male,0.0,0.01917808,48.91892,2.3020909464766666
nigeria,draw_178,Female,0.0,0.01917808,48.91892,2.277453447556864
nigeria,draw_178,Male,0.0,0.01917808,48.91892,2.3456895617167297
pakistan,draw_178,Female,0.0,0.01917808,48.91892,1.1148888924918658
pakistan,draw_178,Male,0.0,0.01917808,48.91892,1.5030271987422679
ethiopia,draw_178,Female,0.0,0.01917808,49.02903,2.537274113042923
ethiopia,draw_178,Male,0.0,0.01917808,49.02903,2.3044928005706296
nigeria,draw_178,Female,0.0,0.01917808,49.02903,2.279674262111524
nigeria,draw_178,Male,0.0,0.01917808,49.02903,2.3487940119728346
pakistan,draw_178,Female,0.0,0.01917808,49.02903,1.11841021316972
pakistan,draw_178,Male,0.0,0.01917808,49.02903,1.5067403652316196
ethiopia,draw_178,Female,0.0,0.01917808,49.13914,2.54024323192286
ethiopia,draw_178,Male,0.0,0.01917808,49.13914,2.3068833258806802
nigeria,draw_178,Female,0.0,0.01917808,49.13914,2.2818832613387117
nigeria,draw_178,Male,0.0,0.01917808,49.13914,2.351887183106705
pakistan,draw_178,Female,0.0,0.01917808,49.13914,1.121938504610449
pakistan,draw_178,Male,0.0,0.01917808,49.13914,1.5104518409922028
ethiopia,draw_178,Female,0.0,0.01917808,49.24925,2.5431975962874556
ethiopia,draw_178,Male,0.0,0.01917808,49.24925,2.3092623972065454
nigeria,draw_178,Female,0.0,0.01917808,49.24925,2.284080341224709
nigeria,draw_178,Male,0.0,0.01917808,49.24925,2.354969148377866
pakistan,draw_178,Female,0.0,0.01917808,49.24925,1.1254735185900293
pakistan,draw_178,Male,0.0,0.01917808,49.24925,1.5141612585159345
ethiopia,draw_178,Female,0.0,0.01917808,49.35936,2.5461370674265886
ethiopia,draw_178,Male,0.0,0.01917808,49.35936,2.3116311068798012
nigeria,draw_178,Female,0.0,0.01917808,49.35936,2.2862660019548704
nigeria,draw_178,Male,0.0,0.01917808,49.35936,2.3580391455438043
pakistan,draw_178,Female,0.0,0.01917808,49.35936,1.129014717412691
pakistan,draw_178,Male,0.0,0.01917808,49.35936,1.517868589811885
ethiopia,draw_178,Female,0.0,0.01917808,49.46947,2.5490607132469467
ethiopia,draw_178,Male,0.0,0.01917808,49.46947,2.313987151501269
nigeria,draw_178,Female,0.0,0.01917808,49.46947,2.288439660421911
nigeria,draw_178,Male,0.0,0.01917808,49.46947,2.3610973650756186
pakistan,draw_178,Female,0.0,0.01917808,49.46947,1.1325611163428706
pakistan,draw_178,Male,0.0,0.01917808,49.46947,1.5215742990007328
ethiopia,draw_178,Female,0.0,0.01917808,49.57958,2.5519713491615086
ethiopia,draw_178,Male,0.0,0.01917808,49.57958,2.316620129269525
nigeria,draw_178,Female,0.0,0.01917808,49.57958,2.290603228495667
nigeria,draw_178,Male,0.0,0.01917808,49.57958,2.364142512335187
pakistan,draw_178,Female,0.0,0.01917808,49.57958,1.13611436415083
pakistan,draw_178,Male,0.0,0.01917808,49.57958,1.5252782891570822
ethiopia,draw_178,Female,0.0,0.01917808,49.68969,2.5548668167955446
ethiopia,draw_178,Male,0.0,0.01917808,49.68969,2.3195810921363087
nigeria,draw_178,Female,0.0,0.01917808,49.68969,2.2927527643206966
nigeria,draw_178,Male,0.0,0.01917808,49.68969,2.367175357451136
pakistan,draw_178,Female,0.0,0.01917808,49.68969,1.1396749654880345
pakistan,draw_178,Male,0.0,0.01917808,49.68969,1.528980358621893
ethiopia,draw_178,Female,0.0,0.01917808,49.7998,2.55774658291489
ethiopia,draw_178,Male,0.0,0.01917808,49.7998,2.3225290145358137
nigeria,draw_178,Female,0.0,0.01917808,49.7998,2.294890622317294
nigeria,draw_178,Male,0.0,0.01917808,49.7998,2.3701956397779345
pakistan,draw_178,Female,0.0,0.01917808,49.7998,1.14324205861842
pakistan,draw_178,Male,0.0,0.01917808,49.7998,1.53268064911334
ethiopia,draw_178,Female,0.0,0.01917808,49.90991,2.560610207465833
ethiopia,draw_178,Male,0.0,0.01917808,49.90991,2.3254653492294377
nigeria,draw_178,Female,0.0,0.01917808,49.90991,2.2970161275845395
nigeria,draw_178,Male,0.0,0.01917808,49.90991,2.373202860866053
pakistan,draw_178,Female,0.0,0.01917808,49.90991,1.146814313621574
pakistan,draw_178,Male,0.0,0.01917808,49.90991,1.5363781547350854
ethiopia,draw_178,Female,0.0,0.01917808,50.02002,2.5634563861644946
ethiopia,draw_178,Male,0.0,0.01917808,50.02002,2.32838944739805
nigeria,draw_178,Female,0.0,0.01917808,50.02002,2.2991290968094327
nigeria,draw_178,Male,0.0,0.01917808,50.02002,2.3761975313856185
pakistan,draw_178,Female,0.0,0.01917808,50.02002,1.1503930302442722
pakistan,draw_178,Male,0.0,0.01917808,50.02002,1.5400727815895485
ethiopia,draw_178,Female,0.0,0.01917808,50.13013,2.5662869133969455
ethiopia,draw_178,Male,0.0,0.01917808,50.13013,2.3313005218892493
nigeria,draw_178,Female,0.0,0.01917808,50.13013,2.3012293943564615
nigeria,draw_178,Male,0.0,0.01917808,50.13013,2.3791784979905826
pakistan,draw_178,Female,0.0,0.01917808,50.13013,1.153977360752716
pakistan,draw_178,Male,0.0,0.01917808,50.13013,1.5437652108737245
ethiopia,draw_178,Female,0.0,0.01917808,50.24024,2.5691024198694
ethiopia,draw_178,Male,0.0,0.01917808,50.24024,2.33419969027116
nigeria,draw_178,Female,0.0,0.01917808,50.24024,2.3037617358178886
nigeria,draw_178,Male,0.0,0.01917808,50.24024,2.382146346026751
pakistan,draw_178,Female,0.0,0.01917808,50.24024,1.1575683428078736
pakistan,draw_178,Male,0.0,0.01917808,50.24024,1.5474551198297581
ethiopia,draw_178,Female,0.0,0.01917808,50.35035,2.5719023570426627
ethiopia,draw_178,Male,0.0,0.01917808,50.35035,2.3370864684236716
nigeria,draw_178,Female,0.0,0.01917808,50.35035,2.306987535135092
nigeria,draw_178,Male,0.0,0.01917808,50.35035,2.3850996408408065
pakistan,draw_178,Female,0.0,0.01917808,50.35035,1.1611656560151153
pakistan,draw_178,Male,0.0,0.01917808,50.35035,1.5511421655499633
ethiopia,draw_178,Female,0.0,0.01917808,50.46046,2.57468541399483
ethiopia,draw_178,Male,0.0,0.01917808,50.46046,2.339962513222848
nigeria,draw_178,Female,0.0,0.01917808,50.46046,2.310199969921799
nigeria,draw_178,Male,0.0,0.01917808,50.46046,2.3880409971857857
pakistan,draw_178,Female,0.0,0.01917808,50.46046,1.1647678129833372
pakistan,draw_178,Male,0.0,0.01917808,50.46046,1.5548262075248056
ethiopia,draw_178,Female,0.0,0.01917808,50.57057,2.5774532349703634
ethiopia,draw_178,Male,0.0,0.01917808,50.57057,2.342825860641699
nigeria,draw_178,Female,0.0,0.01917808,50.57057,2.313399889824478
nigeria,draw_178,Male,0.0,0.01917808,50.57057,2.3909681374666385
pakistan,draw_178,Female,0.0,0.01917808,50.57057,1.1683754433572706
pakistan,draw_178,Male,0.0,0.01917808,50.57057,1.5585073566523724
ethiopia,draw_178,Female,0.0,0.01917808,50.68068,2.5802045499731077
ethiopia,draw_178,Male,0.0,0.01917808,50.68068,2.3456761043848333
nigeria,draw_178,Female,0.0,0.01917808,50.68068,2.316586367911369
nigeria,draw_178,Male,0.0,0.01917808,50.68068,2.393882445827968
pakistan,draw_178,Female,0.0,0.01917808,50.68068,1.1719883173248877
pakistan,draw_178,Male,0.0,0.01917808,50.68068,1.5621854902897983
ethiopia,draw_178,Female,0.0,0.01917808,50.79079,2.5829416011697215
ethiopia,draw_178,Male,0.0,0.01917808,50.79079,2.3485123520679347
nigeria,draw_178,Female,0.0,0.01917808,50.79079,2.3197591753321376
nigeria,draw_178,Male,0.0,0.01917808,50.79079,2.3967835956228045
pakistan,draw_178,Female,0.0,0.01917808,50.79079,1.175607475432138
pakistan,draw_178,Male,0.0,0.01917808,50.79079,1.565860359699542
ethiopia,draw_178,Female,0.0,0.01917808,50.9009,2.5856625764652263
ethiopia,draw_178,Male,0.0,0.01917808,50.9009,2.351336211078218
nigeria,draw_178,Female,0.0,0.01917808,50.9009,2.3229183510444242
nigeria,draw_178,Male,0.0,0.01917808,50.9009,2.3996705955623403
pakistan,draw_178,Female,0.0,0.01917808,50.9009,1.179233109694738
pakistan,draw_178,Male,0.0,0.01917808,50.9009,1.5695323730889832
ethiopia,draw_178,Female,0.0,0.01917808,51.01101,2.5883645039189545
ethiopia,draw_178,Male,0.0,0.01917808,51.01101,2.3541462361574435
nigeria,draw_178,Female,0.0,0.01917808,51.01101,2.3260634049107747
nigeria,draw_178,Male,0.0,0.01917808,51.01101,2.402543863171578
pakistan,draw_178,Female,0.0,0.01917808,51.01101,1.182863721383088
pakistan,draw_178,Male,0.0,0.01917808,51.01101,1.5732003732107651
ethiopia,draw_178,Female,0.0,0.01917808,51.12112,2.5910528342941914
ethiopia,draw_178,Male,0.0,0.01917808,51.12112,2.3569416424398595
nigeria,draw_178,Female,0.0,0.01917808,51.12112,2.3291959555306216
nigeria,draw_178,Male,0.0,0.01917808,51.12112,2.4054045982249757
pakistan,draw_178,Female,0.0,0.01917808,51.12112,1.1865004987618857
pakistan,draw_178,Male,0.0,0.01917808,51.12112,1.5768651534036124
ethiopia,draw_178,Female,0.0,0.01917808,51.23123,2.593723217939036
ethiopia,draw_178,Male,0.0,0.01917808,51.23123,2.359724349304648
nigeria,draw_178,Female,0.0,0.01917808,51.23123,2.3323140242270513
nigeria,draw_178,Male,0.0,0.01917808,51.23123,2.408250530857017
pakistan,draw_178,Female,0.0,0.01917808,51.23123,1.1901429777790833
pakistan,draw_178,Male,0.0,0.01917808,51.23123,1.5805262136359133
ethiopia,draw_178,Female,0.0,0.01917808,51.34134,2.5963774008717255
ethiopia,draw_178,Male,0.0,0.01917808,51.34134,2.3624945462717157
nigeria,draw_178,Female,0.0,0.01917808,51.34134,2.335419011571819
nigeria,draw_178,Male,0.0,0.01917808,51.34134,2.4110818684332513
pakistan,draw_178,Female,0.0,0.01917808,51.34134,1.1937921387780752
pakistan,draw_178,Male,0.0,0.01917808,51.34134,1.5841837069400362
ethiopia,draw_178,Female,0.0,0.01917808,51.45145,2.5990161680782142
ethiopia,draw_178,Male,0.0,0.01917808,51.45145,2.365250957817479
nigeria,draw_178,Female,0.0,0.01917808,51.45145,2.338510637129354
nigeria,draw_178,Male,0.0,0.01917808,51.45145,2.413900766290531
pakistan,draw_178,Female,0.0,0.01917808,51.45145,1.197447325270928
pakistan,draw_178,Male,0.0,0.01917808,51.45145,1.5878374037806504
ethiopia,draw_178,Female,0.0,0.01917808,51.56156,2.601638623882941
ethiopia,draw_178,Male,0.0,0.01917808,51.56156,2.3679951643458304
nigeria,draw_178,Female,0.0,0.01917808,51.56156,2.341587767939656
nigeria,draw_178,Male,0.0,0.01917808,51.56156,2.4167047048560164
pakistan,draw_178,Female,0.0,0.01917808,51.56156,1.2011073179539609
pakistan,draw_178,Male,0.0,0.01917808,51.56156,1.591486871925181
ethiopia,draw_178,Female,0.0,0.01917808,51.67167,2.6042449894200717
ethiopia,draw_178,Male,0.0,0.01917808,51.67167,2.3707246006988076
nigeria,draw_178,Female,0.0,0.01917808,51.67167,2.344651201025722
nigeria,draw_178,Male,0.0,0.01917808,51.67167,2.419495334728271
pakistan,draw_178,Female,0.0,0.01917808,51.67167,1.2047729846363378
pakistan,draw_178,Male,0.0,0.01917808,51.67167,1.595132763277306
ethiopia,draw_178,Female,0.0,0.01917808,51.78178,2.606834871796758
ethiopia,draw_178,Male,0.0,0.01917808,51.78178,2.3734401481603022
nigeria,draw_178,Female,0.0,0.01917808,51.78178,2.3477011363205693
nigeria,draw_178,Male,0.0,0.01917808,51.78178,2.422269042972278
pakistan,draw_178,Female,0.0,0.01917808,51.78178,1.2084433575719815
pakistan,draw_178,Male,0.0,0.01917808,51.78178,1.5987746534275946
ethiopia,draw_178,Female,0.0,0.01917808,51.89189,2.609408686259721
ethiopia,draw_178,Male,0.0,0.01917808,51.89189,2.376141141781457
nigeria,draw_178,Female,0.0,0.01917808,51.89189,2.3507367906610477
nigeria,draw_178,Male,0.0,0.01917808,51.89189,2.4250294274428503
pakistan,draw_178,Female,0.0,0.01917808,51.89189,1.2121168440415275
pakistan,draw_178,Male,0.0,0.01917808,51.89189,1.602412796169478
ethiopia,draw_178,Female,0.0,0.01917808,52.002,2.61196370619235
ethiopia,draw_178,Male,0.0,0.01917808,52.002,2.3788270956530884
nigeria,draw_178,Female,0.0,0.01917808,52.002,2.3537598476173804
nigeria,draw_178,Male,0.0,0.01917808,52.002,2.427774288982447
pakistan,draw_178,Female,0.0,0.01917808,52.002,1.2157923272664708
pakistan,draw_178,Male,0.0,0.01917808,52.002,1.6060466721169306
ethiopia,draw_178,Female,0.0,0.01917808,52.11211,2.6145014937557662
ethiopia,draw_178,Male,0.0,0.01917808,52.11211,2.381499519808619
nigeria,draw_178,Female,0.0,0.01917808,52.11211,2.3567675856190298
nigeria,draw_178,Male,0.0,0.01917808,52.11211,2.4305057016957994
pakistan,draw_178,Female,0.0,0.01917808,52.11211,1.219470069136567
pakistan,draw_178,Male,0.0,0.01917808,52.11211,1.6096761973910185
ethiopia,draw_178,Female,0.0,0.01917808,52.22222,2.617022659629091
ethiopia,draw_178,Male,0.0,0.01917808,52.22222,2.384156661957627
nigeria,draw_178,Female,0.0,0.01917808,52.22222,2.3597607152351574
nigeria,draw_178,Male,0.0,0.01917808,52.22222,2.4332221279342354
pakistan,draw_178,Female,0.0,0.01917808,52.22222,1.2231504248479603
pakistan,draw_178,Male,0.0,0.01917808,52.22222,1.6133015353159372
ethiopia,draw_178,Female,0.0,0.01917808,52.33233,2.619524130265855
ethiopia,draw_178,Male,0.0,0.01917808,52.33233,2.386801199130536
nigeria,draw_178,Female,0.0,0.01917808,52.33233,2.362739594724353
nigeria,draw_178,Male,0.0,0.01917808,52.33233,2.4359219627615225
pakistan,draw_178,Female,0.0,0.01917808,52.33233,1.2268325266115918
pakistan,draw_178,Male,0.0,0.01917808,52.33233,1.616922510587942
ethiopia,draw_178,Female,0.0,0.01917808,52.44244,2.6220087964216954
ethiopia,draw_178,Male,0.0,0.01917808,52.44244,2.3894312116346135
nigeria,draw_178,Female,0.0,0.01917808,52.44244,2.365704428854063
nigeria,draw_178,Male,0.0,0.01917808,52.44244,2.4386070631661556
pakistan,draw_178,Female,0.0,0.01917808,52.44244,1.2305164746664694
pakistan,draw_178,Male,0.0,0.01917808,52.44244,1.6205386310269245
ethiopia,draw_178,Female,0.0,0.01917808,52.55255,2.6244773371667147
ethiopia,draw_178,Male,0.0,0.01917808,52.55255,2.3920464444549485
nigeria,draw_178,Female,0.0,0.01917808,52.55255,2.368652067661972
nigeria,draw_178,Male,0.0,0.01917808,52.55255,2.441276652175259
pakistan,draw_178,Female,0.0,0.01917808,52.55255,1.2342023265147815
pakistan,draw_178,Male,0.0,0.01917808,52.55255,1.6241495796269365
ethiopia,draw_178,Female,0.0,0.01917808,52.66266,2.626927807410926
ethiopia,draw_178,Male,0.0,0.01917808,52.66266,2.394648181652822
nigeria,draw_178,Female,0.0,0.01917808,52.66266,2.37158466648449
nigeria,draw_178,Male,0.0,0.01917808,52.66266,2.4439295211384096
pakistan,draw_178,Female,0.0,0.01917808,52.66266,1.2378902421604983
pakistan,draw_178,Male,0.0,0.01917808,52.66266,1.6277559349488524
ethiopia,draw_178,Female,0.0,0.01917808,52.77277,2.629359959224404
ethiopia,draw_178,Male,0.0,0.01917808,52.77277,2.3972355081364833
nigeria,draw_178,Female,0.0,0.01917808,52.77277,2.374504016812716
nigeria,draw_178,Male,0.0,0.01917808,52.77277,2.4465679303613936
pakistan,draw_178,Female,0.0,0.01917808,52.77277,1.2415800931530032
pakistan,draw_178,Male,0.0,0.01917808,52.77277,1.6313573229892464
ethiopia,draw_178,Female,0.0,0.01917808,52.88288,2.6317737427430603
ethiopia,draw_178,Male,0.0,0.01917808,52.88288,2.3998062593907408
nigeria,draw_178,Female,0.0,0.01917808,52.88288,2.377408048866864
nigeria,draw_178,Male,0.0,0.01917808,52.88288,2.4491905414006983
pakistan,draw_178,Female,0.0,0.01917808,52.88288,1.2452721935356756
pakistan,draw_178,Male,0.0,0.01917808,52.88288,1.6349542109296336
ethiopia,draw_178,Female,0.0,0.01917808,52.99299,2.6341688812749
ethiopia,draw_178,Male,0.0,0.01917808,52.99299,2.4023635717383978
nigeria,draw_178,Female,0.0,0.01917808,52.99299,2.3802946721509004
nigeria,draw_178,Male,0.0,0.01917808,52.99299,2.4517956076723526
pakistan,draw_178,Female,0.0,0.01917808,52.99299,1.248966925428916
pakistan,draw_178,Male,0.0,0.01917808,52.99299,1.6385454877453158
ethiopia,draw_178,Female,0.0,0.01917808,53.1031,2.636544671322096
ethiopia,draw_178,Male,0.0,0.01917808,53.1031,2.404904503773559
nigeria,draw_178,Female,0.0,0.01917808,53.1031,2.3831665629176166
nigeria,draw_178,Male,0.0,0.01917808,53.1031,2.4543852929023213
pakistan,draw_178,Female,0.0,0.01917808,53.1031,1.2526636626087064
pakistan,draw_178,Male,0.0,0.01917808,53.1031,1.6421304124759353
ethiopia,draw_178,Female,0.0,0.01917808,53.21321,2.6389026117162597
ethiopia,draw_178,Male,0.0,0.01917808,53.21321,2.4074321162905483
nigeria,draw_178,Female,0.0,0.01917808,53.21321,2.3860212522406155
nigeria,draw_178,Male,0.0,0.01917808,53.21321,2.4569594979730844
pakistan,draw_178,Female,0.0,0.01917808,53.21321,1.2563624323849254
pakistan,draw_178,Male,0.0,0.01917808,53.21321,1.6457095034074998
ethiopia,draw_178,Female,0.0,0.01917808,53.32332,2.6412425422787633
ethiopia,draw_178,Male,0.0,0.01917808,53.32332,2.4099444658302756
nigeria,draw_178,Female,0.0,0.01917808,53.32332,2.3888607280090337
nigeria,draw_178,Male,0.0,0.01917808,53.32332,2.4595180996857815
pakistan,draw_178,Female,0.0,0.01917808,53.32332,1.2600635087403171
pakistan,draw_178,Male,0.0,0.01917808,53.32332,1.6492828901455914
ethiopia,draw_178,Female,0.0,0.01917808,53.43343,2.6435639664821196
ethiopia,draw_178,Male,0.0,0.01917808,53.43343,2.4124422814836493
nigeria,draw_178,Female,0.0,0.01917808,53.43343,2.3916847951137647
nigeria,draw_178,Male,0.0,0.01917808,53.43343,2.4620605618988476
pakistan,draw_178,Female,0.0,0.01917808,53.43343,1.263766323043756
pakistan,draw_178,Male,0.0,0.01917808,53.43343,1.6528512578649275
ethiopia,draw_178,Female,0.0,0.01917808,53.54354,2.645867845061668
ethiopia,draw_178,Male,0.0,0.01917808,53.54354,2.414924530646734
nigeria,draw_178,Female,0.0,0.01917808,53.54354,2.3944914557069623
nigeria,draw_178,Male,0.0,0.01917808,53.54354,2.4645871839957
pakistan,draw_178,Female,0.0,0.01917808,53.54354,1.2674708693436372
pakistan,draw_178,Male,0.0,0.01917808,53.54354,1.656414155279395
ethiopia,draw_178,Female,0.0,0.01917808,53.65365,2.6481534526860977
ethiopia,draw_178,Male,0.0,0.01917808,53.65365,2.417392620250152
nigeria,draw_178,Female,0.0,0.01917808,53.65365,2.397280692924477
nigeria,draw_178,Male,0.0,0.01917808,53.65365,2.467098019484871
pakistan,draw_178,Female,0.0,0.01917808,53.65365,1.2711774349681666
pakistan,draw_178,Male,0.0,0.01917808,53.65365,1.6599709400298828
ethiopia,draw_178,Female,0.0,0.01917808,53.76376,2.6504208596643934
ethiopia,draw_178,Male,0.0,0.01917808,53.76376,2.4198463396400416
nigeria,draw_178,Female,0.0,0.01917808,53.76376,2.400055584699546
nigeria,draw_178,Male,0.0,0.01917808,53.76376,2.4695919925246614
pakistan,draw_178,Female,0.0,0.01917808,53.76376,1.2748855211263053
pakistan,draw_178,Male,0.0,0.01917808,53.76376,1.6635217888832767
ethiopia,draw_178,Female,0.0,0.01917808,53.87387,2.6526670889637254
ethiopia,draw_178,Male,0.0,0.01917808,53.87387,2.422285063577222
nigeria,draw_178,Female,0.0,0.01917808,53.87387,2.4028143249447194
nigeria,draw_178,Male,0.0,0.01917808,53.87387,2.47207131125138
pakistan,draw_178,Female,0.0,0.01917808,53.87387,1.278594568737436
pakistan,draw_178,Male,0.0,0.01917808,53.87387,1.6670669350323044
ethiopia,draw_178,Female,0.0,0.01917808,53.98398,2.6548953754275764
ethiopia,draw_178,Male,0.0,0.01917808,53.98398,2.4247061862341623
nigeria,draw_178,Female,0.0,0.01917808,53.98398,2.405555920029076
nigeria,draw_178,Male,0.0,0.01917808,53.98398,2.474532394284983
pakistan,draw_178,Female,0.0,0.01917808,53.98398,1.282304115990389
pakistan,draw_178,Male,0.0,0.01917808,53.98398,1.6706053739019375
ethiopia,draw_178,Female,0.0,0.01917808,54.09409,2.657102084284388
ethiopia,draw_178,Male,0.0,0.01917808,54.09409,2.4271116166883635
nigeria,draw_178,Female,0.0,0.01917808,54.09409,2.4082783895851216
nigeria,draw_178,Male,0.0,0.01917808,54.09409,2.476976549160155
pakistan,draw_178,Female,0.0,0.01917808,54.09409,1.2860127809182138
pakistan,draw_178,Male,0.0,0.01917808,54.09409,1.674137399025332
ethiopia,draw_178,Female,0.0,0.01917808,54.2042,2.6592879033723307
ethiopia,draw_178,Male,0.0,0.01917808,54.2042,2.4295018093755676
nigeria,draw_178,Female,0.0,0.01917808,54.2042,2.41098292923553
nigeria,draw_178,Male,0.0,0.01917808,54.2042,2.4794044329277805
pakistan,draw_178,Female,0.0,0.01917808,54.2042,1.2897213647323869
pakistan,draw_178,Male,0.0,0.01917808,54.2042,1.6776630488221655
ethiopia,draw_178,Female,0.0,0.01917808,54.31431,2.6614540972212635
ethiopia,draw_178,Male,0.0,0.01917808,54.31431,2.431874964280506
nigeria,draw_178,Female,0.0,0.01917808,54.31431,2.4136695687539156
nigeria,draw_178,Male,0.0,0.01917808,54.31431,2.4818161997220725
pakistan,draw_178,Female,0.0,0.01917808,54.31431,1.2934307556292686
pakistan,draw_178,Male,0.0,0.01917808,54.31431,1.6811822827281981
ethiopia,draw_178,Female,0.0,0.01917808,54.42442,2.6636005351973964
ethiopia,draw_178,Male,0.0,0.01917808,54.42442,2.4342325218703933
nigeria,draw_178,Female,0.0,0.01917808,54.42442,2.4163401307602803
nigeria,draw_178,Male,0.0,0.01917808,54.42442,2.4842118128286748
pakistan,draw_178,Female,0.0,0.01917808,54.42442,1.2971409601206867
pakistan,draw_178,Male,0.0,0.01917808,54.42442,1.6846956506842743
ethiopia,draw_178,Female,0.0,0.01917808,54.53453,2.665727113833157
ethiopia,draw_178,Male,0.0,0.01917808,54.53453,2.436573784391147
nigeria,draw_178,Female,0.0,0.01917808,54.53453,2.418992170913132
nigeria,draw_178,Male,0.0,0.01917808,54.53453,2.4865897516514477
pakistan,draw_178,Female,0.0,0.01917808,54.53453,1.3008518479649718
pakistan,draw_178,Male,0.0,0.01917808,54.53453,1.6882023823058954
ethiopia,draw_178,Female,0.0,0.01917808,54.64464,2.66783486861207
ethiopia,draw_178,Male,0.0,0.01917808,54.64464,2.438898464616072
nigeria,draw_178,Female,0.0,0.01917808,54.64464,2.421628061119256
nigeria,draw_178,Male,0.0,0.01917808,54.64464,2.4889504608220454
pakistan,draw_178,Female,0.0,0.01917808,54.64464,1.3045635182412811
pakistan,draw_178,Male,0.0,0.01917808,54.64464,1.6917019607561756
ethiopia,draw_178,Female,0.0,0.01917808,54.75475,2.6699219258531177
ethiopia,draw_178,Male,0.0,0.01917808,54.75475,2.441206220230287
nigeria,draw_178,Female,0.0,0.01917808,54.75475,2.424245768827137
nigeria,draw_178,Male,0.0,0.01917808,54.75475,2.491293939541554
pakistan,draw_178,Female,0.0,0.01917808,54.75475,1.3082757473929827
pakistan,draw_178,Male,0.0,0.01917808,54.75475,1.6951948368648184
ethiopia,draw_178,Female,0.0,0.01917808,54.86486,2.671990584332597
ethiopia,draw_178,Male,0.0,0.01917808,54.86486,2.443499805343067
nigeria,draw_178,Female,0.0,0.01917808,54.86486,2.4268471252870327
nigeria,draw_178,Male,0.0,0.01917808,54.86486,2.4936198401438947
pakistan,draw_178,Female,0.0,0.01917808,54.86486,1.3119884711322607
pakistan,draw_178,Male,0.0,0.01917808,54.86486,1.698680545262376
ethiopia,draw_178,Female,0.0,0.01917808,54.97497,2.674039524551179
ethiopia,draw_178,Male,0.0,0.01917808,54.97497,2.445775309195733
nigeria,draw_178,Female,0.0,0.01917808,54.97497,2.429430648389097
nigeria,draw_178,Male,0.0,0.01917808,54.97497,2.4959287349464705
pakistan,draw_178,Female,0.0,0.01917808,54.97497,1.3157015011224358
pakistan,draw_178,Male,0.0,0.01917808,54.97497,1.702159117204062
ethiopia,draw_178,Female,0.0,0.01917808,55.08509,2.6760663455230556
ethiopia,draw_178,Male,0.0,0.01917808,55.08509,2.448033368537644
nigeria,draw_178,Female,0.0,0.01917808,55.08509,2.431996415396665
nigeria,draw_178,Male,0.0,0.01917808,55.08509,2.4982194356458955
pakistan,draw_178,Female,0.0,0.01917808,55.08509,1.319415074011754
pakistan,draw_178,Male,0.0,0.01917808,55.08509,1.7056295787390408
ethiopia,draw_178,Female,0.0,0.01917808,55.1952,2.67807587734198
ethiopia,draw_178,Male,0.0,0.01917808,55.1952,2.4502736343297937
nigeria,draw_178,Female,0.0,0.01917808,55.1952,2.434544427135947
nigeria,draw_178,Male,0.0,0.01917808,55.1952,2.5004928134708972
pakistan,draw_178,Female,0.0,0.01917808,55.1952,1.3231289926713818
pakistan,draw_178,Male,0.0,0.01917808,55.1952,1.7090927098780813
ethiopia,draw_178,Female,0.0,0.01917808,55.30531,2.6800638919469
ethiopia,draw_178,Male,0.0,0.01917808,55.30531,2.452497376510957
nigeria,draw_178,Female,0.0,0.01917808,55.30531,2.43707282093566
nigeria,draw_178,Male,0.0,0.01917808,55.30531,2.502748973717201
pakistan,draw_178,Female,0.0,0.01917808,55.30531,1.3268429712809657
pakistan,draw_178,Male,0.0,0.01917808,55.30531,1.7125484585783832
ethiopia,draw_178,Female,0.0,0.01917808,55.41542,2.6820308040880114
ethiopia,draw_178,Male,0.0,0.01917808,55.41542,2.454704392297782
nigeria,draw_178,Female,0.0,0.01917808,55.41542,2.4395846058756425
nigeria,draw_178,Male,0.0,0.01917808,55.41542,2.5049872716694277
pakistan,draw_178,Female,0.0,0.01917808,55.41542,1.330557006564299
pakistan,draw_178,Male,0.0,0.01917808,55.41542,1.7159966420120392
ethiopia,draw_178,Female,0.0,0.01917808,55.52553,2.683979083600406
ethiopia,draw_178,Male,0.0,0.01917808,55.52553,2.456893867435915
nigeria,draw_178,Female,0.0,0.01917808,55.52553,2.442077275599358
nigeria,draw_178,Male,0.0,0.01917808,55.52553,2.507207742255564
pakistan,draw_178,Female,0.0,0.01917808,55.52553,1.3342707429316985
pakistan,draw_178,Male,0.0,0.01917808,55.52553,1.7194366298908863
ethiopia,draw_178,Female,0.0,0.01917808,55.63564,2.685906270089648
ethiopia,draw_178,Male,0.0,0.01917808,55.63564,2.45906868596754
nigeria,draw_178,Female,0.0,0.01917808,55.63564,2.4445533647269335
nigeria,draw_178,Male,0.0,0.01917808,55.63564,2.509410570858873
pakistan,draw_178,Female,0.0,0.01917808,55.63564,1.337984711832681
pakistan,draw_178,Male,0.0,0.01917808,55.63564,1.7228692667595635
ethiopia,draw_178,Female,0.0,0.01917808,55.74575,2.6878133029698756
ethiopia,draw_178,Male,0.0,0.01917808,55.74575,2.4612245032340176
nigeria,draw_178,Female,0.0,0.01917808,55.74575,2.447010184615337
nigeria,draw_178,Male,0.0,0.01917808,55.74575,2.5115964819590597
pakistan,draw_178,Female,0.0,0.01917808,55.74575,1.3416981593467499
pakistan,draw_178,Male,0.0,0.01917808,55.74575,1.7262944035835621
ethiopia,draw_178,Female,0.0,0.01917808,55.85586,2.6896999200239358
ethiopia,draw_178,Male,0.0,0.01917808,55.85586,2.4633640440888294
nigeria,draw_178,Female,0.0,0.01917808,55.85586,2.4494490163260196
nigeria,draw_178,Male,0.0,0.01917808,55.85586,2.5137646165148944
pakistan,draw_178,Female,0.0,0.01917808,55.85586,1.3454122210251145
pakistan,draw_178,Male,0.0,0.01917808,55.85586,1.7297116689969871
ethiopia,draw_178,Female,0.0,0.01917808,55.96597,2.691566927386565
ethiopia,draw_178,Male,0.0,0.01917808,55.96597,2.4654865227837135
nigeria,draw_178,Female,0.0,0.01917808,55.96597,2.451869797868396
nigeria,draw_178,Male,0.0,0.01917808,55.96597,2.515914872014989
pakistan,draw_178,Female,0.0,0.01917808,55.96597,1.3491261225257016
pakistan,draw_178,Male,0.0,0.01917808,55.96597,1.7331207790384189
ethiopia,draw_178,Female,0.0,0.01917808,56.07608,2.6934127111936967
ethiopia,draw_178,Male,0.0,0.01917808,56.07608,2.467591060984893
nigeria,draw_178,Female,0.0,0.01917808,56.07608,2.454271484584875
nigeria,draw_178,Male,0.0,0.01917808,56.07608,2.5180460932947897
pakistan,draw_178,Female,0.0,0.01917808,56.07608,1.3528385907683802
pakistan,draw_178,Male,0.0,0.01917808,56.07608,1.7365210614150333
ethiopia,draw_178,Female,0.0,0.01917808,56.18619,2.6952378793423457
ethiopia,draw_178,Male,0.0,0.01917808,56.18619,2.4696759644161004
nigeria,draw_178,Female,0.0,0.01917808,56.18619,2.4566527586362943
nigeria,draw_178,Male,0.0,0.01917808,56.18619,2.5201587576666435
pakistan,draw_178,Female,0.0,0.01917808,56.18619,1.3565489935697168
pakistan,draw_178,Male,0.0,0.01917808,56.18619,1.7399124723920338
ethiopia,draw_178,Female,0.0,0.01917808,56.2963,2.697040602183278
ethiopia,draw_178,Male,0.0,0.01917808,56.2963,2.4717446519705657
nigeria,draw_178,Female,0.0,0.01917808,56.2963,2.459015427012082
nigeria,draw_178,Male,0.0,0.01917808,56.2963,2.522253364836684
pakistan,draw_178,Female,0.0,0.01917808,56.2963,1.3602574723189942
pakistan,draw_178,Male,0.0,0.01917808,56.2963,1.7432956657231704
ethiopia,draw_178,Female,0.0,0.01917808,56.40641,2.6988235238482896
ethiopia,draw_178,Male,0.0,0.01917808,56.40641,2.473796176437337
nigeria,draw_178,Female,0.0,0.01917808,56.40641,2.4613614338858536
nigeria,draw_178,Male,0.0,0.01917808,56.40641,2.5243294223792025
pakistan,draw_178,Female,0.0,0.01917808,56.40641,1.3639629842022158
pakistan,draw_178,Male,0.0,0.01917808,56.40641,1.7466700479780284
ethiopia,draw_178,Female,0.0,0.01917808,56.51652,2.700584927754121
ethiopia,draw_178,Male,0.0,0.01917808,56.51652,2.4758307124249463
nigeria,draw_178,Female,0.0,0.01917808,56.51652,2.46368994774077
nigeria,draw_178,Male,0.0,0.01917808,56.51652,2.526386918459556
pakistan,draw_178,Female,0.0,0.01917808,56.51652,1.3676662281312546
pakistan,draw_178,Male,0.0,0.01917808,56.51652,1.750035062518439
ethiopia,draw_178,Female,0.0,0.01917808,56.62663,2.7023244450481836
ethiopia,draw_178,Male,0.0,0.01917808,56.62663,2.477848322574738
nigeria,draw_178,Female,0.0,0.01917808,56.62663,2.466000642307112
nigeria,draw_178,Male,0.0,0.01917808,56.62663,2.5284258418101717
pakistan,draw_178,Female,0.0,0.01917808,56.62663,1.371366507196716
pakistan,draw_178,Male,0.0,0.01917808,56.62663,1.7533916946334263
ethiopia,draw_178,Female,0.0,0.01917808,56.73674,2.704043256781051
ethiopia,draw_178,Male,0.0,0.01917808,56.73674,2.4798473130096155
nigeria,draw_178,Female,0.0,0.01917808,56.73674,2.468291032825866
nigeria,draw_178,Male,0.0,0.01917808,56.73674,2.5304471592687805
pakistan,draw_178,Female,0.0,0.01917808,56.73674,1.3750646100891566
pakistan,draw_178,Male,0.0,0.01917808,56.73674,1.7567392558627433
ethiopia,draw_178,Female,0.0,0.01917808,56.84685,2.705740969772646
ethiopia,draw_178,Male,0.0,0.01917808,56.84685,2.481828821385934
nigeria,draw_178,Female,0.0,0.01917808,56.84685,2.470565342928189
nigeria,draw_178,Male,0.0,0.01917808,56.84685,2.532448937233686
pakistan,draw_178,Female,0.0,0.01917808,56.84685,1.3787602820429319
pakistan,draw_178,Male,0.0,0.01917808,56.84685,1.7600778099142247
ethiopia,draw_178,Female,0.0,0.01917808,56.95696,2.7074181384637916
ethiopia,draw_178,Male,0.0,0.01917808,56.95696,2.4837937486846613
nigeria,draw_178,Female,0.0,0.01917808,56.95696,2.472819501784034
nigeria,draw_178,Male,0.0,0.01917808,56.95696,2.53443199058122
pakistan,draw_178,Female,0.0,0.01917808,56.95696,1.3824532783141334
pakistan,draw_178,Male,0.0,0.01917808,56.95696,1.7634071302777958
ethiopia,draw_178,Female,0.0,0.01917808,57.06707,2.7090758848564302
ethiopia,draw_178,Male,0.0,0.01917808,57.06707,2.4857388259892628
nigeria,draw_178,Female,0.0,0.01917808,57.06707,2.4750560083994846
nigeria,draw_178,Male,0.0,0.01917808,57.06707,2.5363956311875135
pakistan,draw_178,Female,0.0,0.01917808,57.06707,1.3861425931565077
pakistan,draw_178,Male,0.0,0.01917808,57.06707,1.7667263481565492
ethiopia,draw_178,Female,0.0,0.01917808,57.17718,2.7107126361171776
ethiopia,draw_178,Male,0.0,0.01917808,57.17718,2.487664332150741
nigeria,draw_178,Female,0.0,0.01917808,57.17718,2.4772710965196554
nigeria,draw_178,Male,0.0,0.01917808,57.17718,2.5383401758220527
pakistan,draw_178,Female,0.0,0.01917808,57.17718,1.3898282274805303
pakistan,draw_178,Male,0.0,0.01917808,57.17718,1.770035786645686
ethiopia,draw_178,Female,0.0,0.01917808,57.28729,2.712327162343799
ethiopia,draw_178,Male,0.0,0.01917808,57.28729,2.4895718329127257
nigeria,draw_178,Female,0.0,0.01917808,57.28729,2.479466980922252
nigeria,draw_178,Male,0.0,0.01917808,57.28729,2.5402667635373044
pakistan,draw_178,Female,0.0,0.01917808,57.28729,1.393509878999917
pakistan,draw_178,Male,0.0,0.01917808,57.28729,1.7733353541262007
ethiopia,draw_178,Female,0.0,0.01917808,57.3974,2.713921875728858
ethiopia,draw_178,Male,0.0,0.01917808,57.3974,2.4914625075734866
nigeria,draw_178,Female,0.0,0.01917808,57.3974,2.4816436842602236
nigeria,draw_178,Male,0.0,0.01917808,57.3974,2.5421722427895617
pakistan,draw_178,Female,0.0,0.01917808,57.3974,1.3971882369703807
pakistan,draw_178,Male,0.0,0.01917808,57.3974,1.7766257706953013
ethiopia,draw_178,Female,0.0,0.01917808,57.50751,2.715494501381938
ethiopia,draw_178,Male,0.0,0.01917808,57.50751,2.4933330138323986
nigeria,draw_178,Female,0.0,0.01917808,57.50751,2.4838022618394473
nigeria,draw_178,Male,0.0,0.01917808,57.50751,2.54405893606522
pakistan,draw_178,Female,0.0,0.01917808,57.50751,1.4008625237133236
pakistan,draw_178,Male,0.0,0.01917808,57.50751,1.7799064903254211
ethiopia,draw_178,Female,0.0,0.01917808,57.61762,2.717045902824304
ethiopia,draw_178,Male,0.0,0.01917808,57.61762,2.495185482337747
nigeria,draw_178,Female,0.0,0.01917808,57.61762,2.4859415907071356
nigeria,draw_178,Male,0.0,0.01917808,57.61762,2.5459259644565906
pakistan,draw_178,Female,0.0,0.01917808,57.61762,1.4045328843431075
pakistan,draw_178,Male,0.0,0.01917808,57.61762,1.7831777679267447
ethiopia,draw_178,Female,0.0,0.01917808,57.72773,2.7185765995046913
ethiopia,draw_178,Male,0.0,0.01917808,57.72773,2.4970193571363546
nigeria,draw_178,Female,0.0,0.01917808,57.72773,2.488061009818877
nigeria,draw_178,Male,0.0,0.01917808,57.72773,2.547774466340034
pakistan,draw_178,Female,0.0,0.01917808,57.72773,1.4081998269612022
pakistan,draw_178,Male,0.0,0.01917808,57.72773,1.7864400861906071
ethiopia,draw_178,Female,0.0,0.01917808,57.83784,2.7200845688030513
ethiopia,draw_178,Male,0.0,0.01917808,57.83784,2.498834677082553
nigeria,draw_178,Female,0.0,0.01917808,57.83784,2.490163352642697
nigeria,draw_178,Male,0.0,0.01917808,57.83784,2.5496019670997474
pakistan,draw_178,Female,0.0,0.01917808,57.83784,1.4118628076476663
pakistan,draw_178,Male,0.0,0.01917808,57.83784,1.7896925699109274
ethiopia,draw_178,Female,0.0,0.01917808,57.94795,2.7215710617015985
ethiopia,draw_178,Male,0.0,0.01917808,57.94795,2.500633207657456
nigeria,draw_178,Female,0.0,0.01917808,57.94795,2.49224793981532
nigeria,draw_178,Male,0.0,0.01917808,57.94795,2.551411403536135
pakistan,draw_178,Female,0.0,0.01917808,57.94795,1.4155217977915677
pakistan,draw_178,Male,0.0,0.01917808,57.94795,1.7929350864156082
ethiopia,draw_178,Female,0.0,0.01917808,58.05806,2.7230370220755162
ethiopia,draw_178,Male,0.0,0.01917808,58.05806,2.5024129963962984
nigeria,draw_178,Female,0.0,0.01917808,58.05806,2.494313931555172
nigeria,draw_178,Male,0.0,0.01917808,58.05806,2.553201655798294
pakistan,draw_178,Female,0.0,0.01917808,58.05806,1.419177092930261
pakistan,draw_178,Male,0.0,0.01917808,58.05806,1.7961663990512504
ethiopia,draw_178,Female,0.0,0.01917808,58.16817,2.724478213086691
ethiopia,draw_178,Male,0.0,0.01917808,58.16817,2.5041719878793076
nigeria,draw_178,Female,0.0,0.01917808,58.16817,2.4963575714576374
nigeria,draw_178,Male,0.0,0.01917808,58.16817,2.5549698273353516
pakistan,draw_178,Female,0.0,0.01917808,58.16817,1.4228268898200815
pakistan,draw_178,Male,0.0,0.01917808,58.16817,1.7993854768676174
ethiopia,draw_178,Female,0.0,0.01917808,58.27828,2.7258965386644336
ethiopia,draw_178,Male,0.0,0.01917808,58.27828,2.5059131382699738
nigeria,draw_178,Female,0.0,0.01917808,58.27828,2.498380701866791
nigeria,draw_178,Male,0.0,0.01917808,58.27828,2.556718443402774
pakistan,draw_178,Female,0.0,0.01917808,58.27828,1.4264721064639154
pakistan,draw_178,Male,0.0,0.01917808,58.27828,1.8025949984441396
ethiopia,draw_178,Female,0.0,0.01917808,58.38839,2.727291813515106
ethiopia,draw_178,Male,0.0,0.01917808,58.38839,2.507634094227126
nigeria,draw_178,Female,0.0,0.01917808,58.38839,2.5003826829188838
nigeria,draw_178,Male,0.0,0.01917808,58.38839,2.5584467452005644
pakistan,draw_178,Female,0.0,0.01917808,58.38839,1.430112663157869
pakistan,draw_178,Male,0.0,0.01917808,58.38839,1.8057938213295865
ethiopia,draw_178,Female,0.0,0.01917808,58.4985,2.728665078675523
ethiopia,draw_178,Male,0.0,0.01917808,58.4985,2.509337072052054
nigeria,draw_178,Female,0.0,0.01917808,58.4985,2.5023643136582923
nigeria,draw_178,Male,0.0,0.01917808,58.4985,2.560155146743356
pakistan,draw_178,Female,0.0,0.01917808,58.4985,1.4337483744619353
pakistan,draw_178,Male,0.0,0.01917808,58.4985,1.8089823475219642
ethiopia,draw_178,Female,0.0,0.01917808,58.60861,2.730018033040746
ethiopia,draw_178,Male,0.0,0.01917808,58.60861,2.511019742473709
nigeria,draw_178,Female,0.0,0.01917808,58.60861,2.5043257694946623
nigeria,draw_178,Male,0.0,0.01917808,58.60861,2.561842188006872
pakistan,draw_178,Female,0.0,0.01917808,58.60861,1.4373791813672636
pakistan,draw_178,Male,0.0,0.01917808,58.60861,1.8121603329396316
ethiopia,draw_178,Female,0.0,0.01917808,58.71872,2.7313486751630442
ethiopia,draw_178,Male,0.0,0.01917808,58.71872,2.5126843406189248
nigeria,draw_178,Female,0.0,0.01917808,58.71872,2.50626819051566
nigeria,draw_178,Male,0.0,0.01917808,58.71872,2.5635096965470514
pakistan,draw_178,Female,0.0,0.01917808,58.71872,1.4410055279364806
pakistan,draw_178,Male,0.0,0.01917808,58.71872,1.815328051112638
ethiopia,draw_178,Female,0.0,0.01917808,58.82883,2.732656494850908
ethiopia,draw_178,Male,0.0,0.01917808,58.82883,2.5143299789520865
nigeria,draw_178,Female,0.0,0.01917808,58.82883,2.5081896982869467
nigeria,draw_178,Male,0.0,0.01917808,58.82883,2.565157232046139
pakistan,draw_178,Female,0.0,0.01917808,58.82883,1.4446269822558933
pakistan,draw_178,Male,0.0,0.01917808,58.82883,1.8184847678595133
ethiopia,draw_178,Female,0.0,0.01917808,58.93894,2.7339428858134482
ethiopia,draw_178,Male,0.0,0.01917808,58.93894,2.515956347923171
nigeria,draw_178,Female,0.0,0.01917808,58.93894,2.5100895539994394
nigeria,draw_178,Male,0.0,0.01917808,58.93894,2.566784172736214
pakistan,draw_178,Female,0.0,0.01917808,58.93894,1.4482436103896192
pakistan,draw_178,Male,0.0,0.01917808,58.93894,1.8216296074636809
ethiopia,draw_178,Female,0.0,0.01917808,59.04905,2.7352056723438523
ethiopia,draw_178,Male,0.0,0.01917808,59.04905,2.5175637863709404
nigeria,draw_178,Female,0.0,0.01917808,59.04905,2.511966984251259
nigeria,draw_178,Male,0.0,0.01917808,59.04905,2.5683909495412487
pakistan,draw_178,Female,0.0,0.01917808,59.04905,1.4518560935333764
pakistan,draw_178,Male,0.0,0.01917808,59.04905,1.8247632944595087
ethiopia,draw_178,Female,0.0,0.01917808,59.15916,2.7364440089673647
ethiopia,draw_178,Male,0.0,0.01917808,59.15916,2.519151496771093
nigeria,draw_178,Female,0.0,0.01917808,59.15916,2.5138245802411228
nigeria,draw_178,Male,0.0,0.01917808,59.15916,2.569976740740952
pakistan,draw_178,Female,0.0,0.01917808,59.15916,1.4554622987724672
pakistan,draw_178,Male,0.0,0.01917808,59.15916,1.8278852093137308
ethiopia,draw_178,Female,0.0,0.01917808,59.26927,2.7376592780311473
ethiopia,draw_178,Male,0.0,0.01917808,59.26927,2.520717265391773
nigeria,draw_178,Female,0.0,0.01917808,59.26927,2.5156618380188664
nigeria,draw_178,Male,0.0,0.01917808,59.26927,2.5715414975238864
pakistan,draw_178,Female,0.0,0.01917808,59.26927,1.459062555813023
pakistan,draw_178,Male,0.0,0.01917808,59.26927,1.8309950124922183
ethiopia,draw_178,Female,0.0,0.01917808,59.37938,2.7388508812979726
ethiopia,draw_178,Male,0.0,0.01917808,59.37938,2.522264572477897
nigeria,draw_178,Female,0.0,0.01917808,59.37938,2.517477790830359
nigeria,draw_178,Male,0.0,0.01917808,59.37938,2.5730864285688217
pakistan,draw_178,Female,0.0,0.01917808,59.37938,1.4626572091455137
pakistan,draw_178,Male,0.0,0.01917808,59.37938,1.8340928878717921
ethiopia,draw_178,Female,0.0,0.01917808,59.48949,2.7400186794128762
ethiopia,draw_178,Male,0.0,0.01917808,59.48949,2.523792686907699
nigeria,draw_178,Female,0.0,0.01917808,59.48949,2.519272721627804
nigeria,draw_178,Male,0.0,0.01917808,59.48949,2.574610700916814
pakistan,draw_178,Female,0.0,0.01917808,59.48949,1.4662455325718158
pakistan,draw_178,Male,0.0,0.01917808,59.48949,1.8371796965829386
ethiopia,draw_178,Female,0.0,0.01917808,59.5996,2.7411646271545402
ethiopia,draw_178,Male,0.0,0.01917808,59.5996,2.525302145972449
nigeria,draw_178,Female,0.0,0.01917808,59.5996,2.521046581217953
nigeria,draw_178,Male,0.0,0.01917808,59.5996,2.576113821887497
pakistan,draw_178,Female,0.0,0.01917808,59.5996,1.4698273656207537
pakistan,draw_178,Male,0.0,0.01917808,59.5996,1.8402545021842964
ethiopia,draw_178,Female,0.0,0.01917808,59.70971,2.7422867170033127
ethiopia,draw_178,Male,0.0,0.01917808,59.70971,2.526790818780591
nigeria,draw_178,Female,0.0,0.01917808,59.70971,2.5227990299764738
nigeria,draw_178,Male,0.0,0.01917808,59.70971,2.5775965625421726
pakistan,draw_178,Female,0.0,0.01917808,59.70971,1.4734025746039716
pakistan,draw_178,Male,0.0,0.01917808,59.70971,1.8433173815967105
ethiopia,draw_178,Female,0.0,0.01917808,59.81982,2.74338827619838
ethiopia,draw_178,Male,0.0,0.01917808,59.81982,2.5282588652336893
nigeria,draw_178,Female,0.0,0.01917808,59.81982,2.524531648431026
nigeria,draw_178,Male,0.0,0.01917808,59.81982,2.579057340987175
pakistan,draw_178,Female,0.0,0.01917808,59.81982,1.476972369955349
pakistan,draw_178,Male,0.0,0.01917808,59.81982,1.8463683081034723
ethiopia,draw_178,Female,0.0,0.01917808,59.92993,2.744465342109917
ethiopia,draw_178,Male,0.0,0.01917808,59.92993,2.5297068939360856
nigeria,draw_178,Female,0.0,0.01917808,59.92993,2.5262440961211357
nigeria,draw_178,Male,0.0,0.01917808,59.92993,2.580497161824303
pakistan,draw_178,Female,0.0,0.01917808,59.92993,1.4805362458525009
pakistan,draw_178,Male,0.0,0.01917808,59.92993,1.849406978559117
ethiopia,draw_178,Female,0.0,0.01917808,60.04004,2.745521685455428
ethiopia,draw_178,Male,0.0,0.01917808,60.04004,2.5311335878315906
nigeria,draw_178,Female,0.0,0.01917808,60.04004,2.5279349394106587
nigeria,draw_178,Male,0.0,0.01917808,60.04004,2.5819168715785414
pakistan,draw_178,Female,0.0,0.01917808,60.04004,1.4840937383891881
pakistan,draw_178,Male,0.0,0.01917808,60.04004,1.8524340337589769
ethiopia,draw_178,Female,0.0,0.01917808,60.15015,2.7465536162449373
ethiopia,draw_178,Male,0.0,0.01917808,60.15015,2.5325405157058487
nigeria,draw_178,Female,0.0,0.01917808,60.15015,2.529602888338288
nigeria,draw_178,Male,0.0,0.01917808,60.15015,2.5833142281434873
pakistan,draw_178,Female,0.0,0.01917808,60.15015,1.4876451284260832
pakistan,draw_178,Male,0.0,0.01917808,60.15015,1.8554482775010432
ethiopia,draw_178,Female,0.0,0.01917808,60.26026,2.747563196722164
ethiopia,draw_178,Male,0.0,0.01917808,60.26026,2.5339262857232203
nigeria,draw_178,Female,0.0,0.01917808,60.26026,2.5312501607884137
nigeria,draw_178,Male,0.0,0.01917808,60.26026,2.584688994828496
pakistan,draw_178,Female,0.0,0.01917808,60.26026,1.4911893701039804
pakistan,draw_178,Male,0.0,0.01917808,60.26026,1.858450393724991
ethiopia,draw_178,Female,0.0,0.01917808,60.37037,2.7485472054740723
ethiopia,draw_178,Male,0.0,0.01917808,60.37037,2.5352911101502302
nigeria,draw_178,Female,0.0,0.01917808,60.37037,2.5328741838404247
nigeria,draw_178,Male,0.0,0.01917808,60.37037,2.5860427620108792
pakistan,draw_178,Female,0.0,0.01917808,60.37037,1.4947259457717996
pakistan,draw_178,Male,0.0,0.01917808,60.37037,1.8614394132743595
ethiopia,draw_178,Female,0.0,0.01917808,60.48048,2.7495065925969073
ethiopia,draw_178,Male,0.0,0.01917808,60.48048,2.536636830752217
nigeria,draw_178,Female,0.0,0.01917808,60.48048,2.534474584086624
nigeria,draw_178,Male,0.0,0.01917808,60.48048,2.587374530024844
pakistan,draw_178,Female,0.0,0.01917808,60.48048,1.4982558297107436
pakistan,draw_178,Male,0.0,0.01917808,60.48048,1.8644159388293458
ethiopia,draw_178,Female,0.0,0.01917808,60.59059,2.7504432212717784
ethiopia,draw_178,Male,0.0,0.01917808,60.59059,2.537960720018187
nigeria,draw_178,Female,0.0,0.01917808,60.59059,2.536053080145233
nigeria,draw_178,Male,0.0,0.01917808,60.59059,2.5886854831569055
pakistan,draw_178,Female,0.0,0.01917808,60.59059,1.501778557812945
pakistan,draw_178,Male,0.0,0.01917808,60.59059,1.8673791883580382
ethiopia,draw_178,Female,0.0,0.01917808,60.7007,2.751355808515409
ethiopia,draw_178,Male,0.0,0.01917808,60.7007,2.539263755809311
nigeria,draw_178,Female,0.0,0.01917808,60.7007,2.5376116562862046
nigeria,draw_178,Male,0.0,0.01917808,60.7007,2.5899757945905826
pakistan,draw_178,Female,0.0,0.01917808,60.7007,1.505293916826522
pakistan,draw_178,Male,0.0,0.01917808,60.7007,1.8703285609380762
ethiopia,draw_178,Female,0.0,0.01917808,60.81081,2.7522450341012887
ethiopia,draw_178,Male,0.0,0.01917808,60.81081,2.5405462223718236
nigeria,draw_178,Female,0.0,0.01917808,60.81081,2.5391474533245617
nigeria,draw_178,Male,0.0,0.01917808,60.81081,2.591245726225736
pakistan,draw_178,Female,0.0,0.01917808,60.81081,1.508801636980454
pakistan,draw_178,Male,0.0,0.01917808,60.81081,1.8732641670848005
ethiopia,draw_178,Female,0.0,0.01917808,60.92092,2.7531113697780465
ethiopia,draw_178,Male,0.0,0.01917808,60.92092,2.5418094116674554
nigeria,draw_178,Female,0.0,0.01917808,60.92092,2.5406613170055516
nigeria,draw_178,Male,0.0,0.01917808,60.92092,2.5924925294984593
pakistan,draw_178,Female,0.0,0.01917808,60.92092,1.512302146525967
pakistan,draw_178,Male,0.0,0.01917808,60.92092,1.8761870937032281
ethiopia,draw_178,Female,0.0,0.01917808,61.03103,2.75395369548203
ethiopia,draw_178,Male,0.0,0.01917808,61.03103,2.5430496366618986
nigeria,draw_178,Female,0.0,0.01917808,61.03103,2.5421512967480306
nigeria,draw_178,Male,0.0,0.01917808,61.03103,2.5937194530231245
pakistan,draw_178,Female,0.0,0.01917808,61.03103,1.515795476453637
pakistan,draw_178,Male,0.0,0.01917808,61.03103,1.8790964765118467
ethiopia,draw_178,Female,0.0,0.01917808,61.14114,2.7547733155276517
ethiopia,draw_178,Male,0.0,0.01917808,61.14114,2.544270826798781
nigeria,draw_178,Female,0.0,0.01917808,61.14114,2.5436196982103536
nigeria,draw_178,Male,0.0,0.01917808,61.14114,2.5949237355360646
pakistan,draw_178,Female,0.0,0.01917808,61.14114,1.5192814354978443
pakistan,draw_178,Male,0.0,0.01917808,61.14114,1.881992583524416
ethiopia,draw_178,Female,0.0,0.01917808,61.25125,2.755567182820556
ethiopia,draw_178,Male,0.0,0.01917808,61.25125,2.545468980652373
nigeria,draw_178,Female,0.0,0.01917808,61.25125,2.5450639218561086
nigeria,draw_178,Male,0.0,0.01917808,61.25125,2.5961037712389374
pakistan,draw_178,Female,0.0,0.01917808,61.25125,1.522758892848471
pakistan,draw_178,Male,0.0,0.01917808,61.25125,1.8848746790606468
ethiopia,draw_178,Female,0.0,0.01917808,61.36136,2.756336526763972
ethiopia,draw_178,Male,0.0,0.01917808,61.36136,2.5466459328871065
nigeria,draw_178,Female,0.0,0.01917808,61.36136,2.546485187035619
nigeria,draw_178,Male,0.0,0.01917808,61.36136,2.5972625255615416
pakistan,draw_178,Female,0.0,0.01917808,61.36136,1.5262282556549303
pakistan,draw_178,Male,0.0,0.01917808,61.36136,1.8877438551005998
ethiopia,draw_178,Female,0.0,0.01917808,61.47147,2.757082912730405
ethiopia,draw_178,Male,0.0,0.01917808,61.47147,2.5478019293205603
nigeria,draw_178,Female,0.0,0.01917808,61.47147,2.547885396078348
nigeria,draw_178,Male,0.0,0.01917808,61.47147,2.59840018568639
pakistan,draw_178,Female,0.0,0.01917808,61.47147,1.5296886755048862
pakistan,draw_178,Male,0.0,0.01917808,61.47147,1.890599537395833
ethiopia,draw_178,Female,0.0,0.01917808,61.58158,2.75780544525851
ethiopia,draw_178,Male,0.0,0.01917808,61.58158,2.548938985717978
nigeria,draw_178,Female,0.0,0.01917808,61.58158,2.5492628830137787
nigeria,draw_178,Male,0.0,0.01917808,61.58158,2.5995150112081262
pakistan,draw_178,Female,0.0,0.01917808,61.58158,1.5331407405426318
pakistan,draw_178,Male,0.0,0.01917808,61.58158,1.89344177898103
ethiopia,draw_178,Female,0.0,0.01917808,61.69169,2.7585017699723395
ethiopia,draw_178,Male,0.0,0.01917808,61.69169,2.5500535181608104
nigeria,draw_178,Female,0.0,0.01917808,61.69169,2.5506179957619155
nigeria,draw_178,Male,0.0,0.01917808,61.69169,2.6006064640977047
pakistan,draw_178,Female,0.0,0.01917808,61.69169,1.536585020269793
pakistan,draw_178,Male,0.0,0.01917808,61.69169,1.8962701015404648
ethiopia,draw_178,Female,0.0,0.01917808,61.8018,2.7591743532798754
ethiopia,draw_178,Male,0.0,0.01917808,61.8018,2.551147955368875
nigeria,draw_178,Female,0.0,0.01917808,61.8018,2.5519491668232823
nigeria,draw_178,Male,0.0,0.01917808,61.8018,2.601676290857607
pakistan,draw_178,Female,0.0,0.01917808,61.8018,1.5400205104112659
pakistan,draw_178,Male,0.0,0.01917808,61.8018,1.8990836951303034
ethiopia,draw_178,Female,0.0,0.01917808,61.91191,2.759822112047739
ethiopia,draw_178,Male,0.0,0.01917808,61.91191,2.5522203679915303
nigeria,draw_178,Female,0.0,0.01917808,61.91191,2.553257014331507
nigeria,draw_178,Male,0.0,0.01917808,61.91191,2.6027232791135733
pakistan,draw_178,Female,0.0,0.01917808,61.91191,1.5434481085944325
pakistan,draw_178,Male,0.0,0.01917808,61.91191,1.9018828398580516
ethiopia,draw_178,Female,0.0,0.01917808,62.02202,2.7604466995765438
ethiopia,draw_178,Male,0.0,0.01917808,62.02202,2.553272079030501
nigeria,draw_178,Female,0.0,0.01917808,62.02202,2.5545424936446435
nigeria,draw_178,Male,0.0,0.01917808,62.02202,2.6037466055436247
pakistan,draw_178,Female,0.0,0.01917808,62.02202,1.546866836684626
pakistan,draw_178,Male,0.0,0.01917808,62.02202,1.9046683434400984
ethiopia,draw_178,Female,0.0,0.01917808,62.13213,2.7610481992196365
ethiopia,draw_178,Male,0.0,0.01917808,62.13213,2.554301397626556
nigeria,draw_178,Female,0.0,0.01917808,62.13213,2.555804559459642
nigeria,draw_178,Male,0.0,0.01917808,62.13213,2.604749439633942
pakistan,draw_178,Female,0.0,0.01917808,62.13213,1.5502771027572186
pakistan,draw_178,Male,0.0,0.01917808,62.13213,1.9074385301983858
ethiopia,draw_178,Female,0.0,0.01917808,62.24224,2.7616230453036406
ethiopia,draw_178,Male,0.0,0.01917808,62.24224,2.555310028067006
nigeria,draw_178,Female,0.0,0.01917808,62.24224,2.557041442698175
nigeria,draw_178,Male,0.0,0.01917808,62.24224,2.6057281243992074
pakistan,draw_178,Female,0.0,0.01917808,62.24224,1.5536779962768987
pakistan,draw_178,Male,0.0,0.01917808,62.24224,1.9101938521486868
ethiopia,draw_178,Female,0.0,0.01917808,62.35235,2.762173826220654
ethiopia,draw_178,Male,0.0,0.01917808,62.35235,2.556296147997874
nigeria,draw_178,Female,0.0,0.01917808,62.35235,2.558256608621364
nigeria,draw_178,Male,0.0,0.01917808,62.35235,2.606681847908366
pakistan,draw_178,Female,0.0,0.01917808,62.35235,1.5570698382096462
pakistan,draw_178,Male,0.0,0.01917808,62.35235,1.9129346960304863
ethiopia,draw_178,Female,0.0,0.01917808,62.46246,2.762700207764654
ethiopia,draw_178,Male,0.0,0.01917808,62.46246,2.557260379569594
nigeria,draw_178,Female,0.0,0.01917808,62.46246,2.5594483540075585
nigeria,draw_178,Male,0.0,0.01917808,62.46246,2.607614012132607
pakistan,draw_178,Female,0.0,0.01917808,62.46246,1.560452840771493
pakistan,draw_178,Male,0.0,0.01917808,62.46246,1.9156599992129046
ethiopia,draw_178,Female,0.0,0.01917808,62.57257,2.76320003097693
ethiopia,draw_178,Male,0.0,0.01917808,62.57257,2.5582007485430385
nigeria,draw_178,Female,0.0,0.01917808,62.57257,2.560615681631983
nigeria,draw_178,Male,0.0,0.01917808,62.57257,2.608523212855363
pakistan,draw_178,Female,0.0,0.01917808,62.57257,1.5638258410521602
pakistan,draw_178,Male,0.0,0.01917808,62.57257,1.9183702198093522
ethiopia,draw_178,Female,0.0,0.01917808,62.68268,2.763676067693924
ethiopia,draw_178,Male,0.0,0.01917808,62.68268,2.559121270525943
nigeria,draw_178,Female,0.0,0.01917808,62.68268,2.5617608199034785
nigeria,draw_178,Male,0.0,0.01917808,62.68268,2.6094098178830643
pakistan,draw_178,Female,0.0,0.01917808,62.68268,1.5671887269353122
pakistan,draw_178,Male,0.0,0.01917808,62.68268,1.9210672684286256
ethiopia,draw_178,Female,0.0,0.01917808,62.79279,2.764128048139268
ethiopia,draw_178,Male,0.0,0.01917808,62.79279,2.5600189851583455
nigeria,draw_178,Female,0.0,0.01917808,62.79279,2.56288092596293
nigeria,draw_178,Male,0.0,0.01917808,62.79279,2.610272305279762
pakistan,draw_178,Female,0.0,0.01917808,62.79279,1.5705411423022697
pakistan,draw_178,Male,0.0,0.01917808,62.79279,1.9237483368199717
ethiopia,draw_178,Female,0.0,0.01917808,62.9029,2.7645571303548557
ethiopia,draw_178,Male,0.0,0.01917808,62.9029,2.560895923636449
nigeria,draw_178,Female,0.0,0.01917808,62.9029,2.56397795602293
nigeria,draw_178,Male,0.0,0.01917808,62.9029,2.6111136022711174
pakistan,draw_178,Female,0.0,0.01917808,62.9029,1.5738824132376683
pakistan,draw_178,Male,0.0,0.01917808,62.9029,1.9264155398640164
ethiopia,draw_178,Female,0.0,0.01917808,63.01301,2.7649612681691162
ethiopia,draw_178,Male,0.0,0.01917808,63.01301,2.561750113862458
nigeria,draw_178,Female,0.0,0.01917808,63.01301,2.565050099892837
nigeria,draw_178,Male,0.0,0.01917808,63.01301,2.611932548954164
pakistan,draw_178,Female,0.0,0.01917808,63.01301,1.577213173156381
pakistan,draw_178,Male,0.0,0.01917808,63.01301,1.929067453566431
ethiopia,draw_178,Female,0.0,0.01917808,63.12312,2.7653399357800965
ethiopia,draw_178,Male,0.0,0.01917808,63.12312,2.562582352777907
nigeria,draw_178,Female,0.0,0.01917808,63.12312,2.566098323642098
nigeria,draw_178,Male,0.0,0.01917808,63.12312,2.612728560938856
pakistan,draw_178,Female,0.0,0.01917808,63.12312,1.580533544862123
pakistan,draw_178,Male,0.0,0.01917808,63.12312,1.9318185738994664
ethiopia,draw_178,Female,0.0,0.01917808,63.23323,2.765691640939201
ethiopia,draw_178,Male,0.0,0.01917808,63.23323,2.563392134268718
nigeria,draw_178,Female,0.0,0.01917808,63.23323,2.5671224249321343
nigeria,draw_178,Male,0.0,0.01917808,63.23323,2.613501324485797
pakistan,draw_178,Female,0.0,0.01917808,63.23323,1.5838432007275673
pakistan,draw_178,Male,0.0,0.01917808,63.23323,1.934592504112778
ethiopia,draw_178,Female,0.0,0.01917808,63.34334,2.7660173834340247
ethiopia,draw_178,Male,0.0,0.01917808,63.34334,2.5641786194450487
nigeria,draw_178,Female,0.0,0.01917808,63.34334,2.568121268296683
nigeria,draw_178,Male,0.0,0.01917808,63.34334,2.6142487776989407
pakistan,draw_178,Female,0.0,0.01917808,63.34334,1.5871419396720636
pakistan,draw_178,Male,0.0,0.01917808,63.34334,1.9373502193463223
ethiopia,draw_178,Female,0.0,0.01917808,63.45345,2.766318380448822
ethiopia,draw_178,Male,0.0,0.01917808,63.45345,2.564943402806293
nigeria,draw_178,Female,0.0,0.01917808,63.45345,2.569097305509137
nigeria,draw_178,Male,0.0,0.01917808,63.45345,2.6149724610389167
pakistan,draw_178,Female,0.0,0.01917808,63.45345,1.590430353946623
pakistan,draw_178,Male,0.0,0.01917808,63.45345,1.9400909787108902
ethiopia,draw_178,Female,0.0,0.01917808,63.56356,2.7665946995546093
ethiopia,draw_178,Male,0.0,0.01917808,63.56356,2.5656878131080987
nigeria,draw_178,Female,0.0,0.01917808,63.56356,2.570049129052907
nigeria,draw_178,Male,0.0,0.01917808,63.56356,2.6156730187397286
pakistan,draw_178,Female,0.0,0.01917808,63.56356,1.5937086684491606
pakistan,draw_178,Male,0.0,0.01917808,63.56356,1.9428158350148654
ethiopia,draw_178,Female,0.0,0.01917808,63.67367,2.7668443716387885
ethiopia,draw_178,Male,0.0,0.01917808,63.67367,2.5664094498415504
nigeria,draw_178,Female,0.0,0.01917808,63.67367,2.570976081916054
nigeria,draw_178,Male,0.0,0.01917808,63.67367,2.6163493683997463
pakistan,draw_178,Female,0.0,0.01917808,63.67367,1.596977079244323
pakistan,draw_178,Male,0.0,0.01917808,63.67367,1.9455233840505377
ethiopia,draw_178,Female,0.0,0.01917808,63.78378,2.7670697246521483
ethiopia,draw_178,Male,0.0,0.01917808,63.78378,2.5671071018859624
nigeria,draw_178,Female,0.0,0.01917808,63.78378,2.5718794036445725
nigeria,draw_178,Male,0.0,0.01917808,63.78378,2.6170010140065534
pakistan,draw_178,Female,0.0,0.01917808,63.78378,1.6002342276241754
pakistan,draw_178,Male,0.0,0.01917808,63.78378,1.9482150168356578
ethiopia,draw_178,Female,0.0,0.01917808,63.89389,2.767269182306379
ethiopia,draw_178,Male,0.0,0.01917808,63.89389,2.567784362070775
nigeria,draw_178,Female,0.0,0.01917808,63.89389,2.5727553303812165
nigeria,draw_178,Male,0.0,0.01917808,63.89389,2.617630252482407
pakistan,draw_178,Female,0.0,0.01917808,63.89389,1.603480922563671
pakistan,draw_178,Male,0.0,0.01917808,63.89389,1.9508899403759243
ethiopia,draw_178,Female,0.0,0.01917808,64.004,2.767443088608198
ethiopia,draw_178,Male,0.0,0.01917808,64.004,2.5684359310100118
nigeria,draw_178,Female,0.0,0.01917808,64.004,2.5736081194145735
nigeria,draw_178,Male,0.0,0.01917808,64.004,2.618236075441097
pakistan,draw_178,Female,0.0,0.01917808,64.004,1.6067166837486795
pakistan,draw_178,Male,0.0,0.01917808,64.004,1.9535477145816376
ethiopia,draw_178,Female,0.0,0.01917808,64.11411,2.76759086526741
ethiopia,draw_178,Male,0.0,0.01917808,64.11411,2.5690666967083438
nigeria,draw_178,Female,0.0,0.01917808,64.11411,2.5744375241294306
nigeria,draw_178,Male,0.0,0.01917808,64.11411,2.6188177477709167
pakistan,draw_178,Female,0.0,0.01917808,64.11411,1.6099401560110567
pakistan,draw_178,Male,0.0,0.01917808,64.11411,1.956188917843982
ethiopia,draw_178,Female,0.0,0.01917808,64.22422,2.767712843164631
ethiopia,draw_178,Male,0.0,0.01917808,64.22422,2.5696740206927897
nigeria,draw_178,Female,0.0,0.01917808,64.22422,2.5752428106664675
nigeria,draw_178,Male,0.0,0.01917808,64.22422,2.6193766439969384
pakistan,draw_178,Female,0.0,0.01917808,64.22422,1.6131514604165187
pakistan,draw_178,Male,0.0,0.01917808,64.22422,1.958812888213621
ethiopia,draw_178,Female,0.0,0.01917808,64.33433,2.767807314625505
ethiopia,draw_178,Male,0.0,0.01917808,64.33433,2.5702561895010017
nigeria,draw_178,Female,0.0,0.01917808,64.33433,2.576022133694496
nigeria,draw_178,Male,0.0,0.01917808,64.33433,2.6199089479112656
pakistan,draw_178,Female,0.0,0.01917808,64.33433,1.6163497914037273
pakistan,draw_178,Male,0.0,0.01917808,64.33433,1.9614201565097122
ethiopia,draw_178,Female,0.0,0.01917808,64.44444,2.7678746155370786
ethiopia,draw_178,Male,0.0,0.01917808,64.44444,2.5708166360467786
nigeria,draw_178,Female,0.0,0.01917808,64.44444,2.5767763142416023
nigeria,draw_178,Male,0.0,0.01917808,64.44444,2.620417357227119
pakistan,draw_178,Female,0.0,0.01917808,64.44444,1.619536292605648
pakistan,draw_178,Male,0.0,0.01917808,64.44444,1.9640105277503315
ethiopia,draw_178,Female,0.0,0.01917808,64.55455,2.7679170076519033
ethiopia,draw_178,Male,0.0,0.01917808,64.55455,2.571353840074697
nigeria,draw_178,Female,0.0,0.01917808,64.55455,2.577506263511949
nigeria,draw_178,Male,0.0,0.01917808,64.55455,2.620904014572621
pakistan,draw_178,Female,0.0,0.01917808,64.55455,1.6227105020317172
pakistan,draw_178,Male,0.0,0.01917808,64.55455,1.9665838189187532
ethiopia,draw_178,Female,0.0,0.01917808,64.66466,2.7679326055950337
ethiopia,draw_178,Male,0.0,0.01917808,64.66466,2.571868338156768
nigeria,draw_178,Female,0.0,0.01917808,64.66466,2.578212117099044
nigeria,draw_178,Male,0.0,0.01917808,64.66466,2.6213649492942825
pakistan,draw_178,Female,0.0,0.01917808,64.66466,1.6258721248479115
pakistan,draw_178,Male,0.0,0.01917808,64.66466,1.9691392936165915
ethiopia,draw_178,Female,0.0,0.01917808,64.77477,2.7679242296812876
ethiopia,draw_178,Male,0.0,0.01917808,64.77477,2.572360372912113
nigeria,draw_178,Female,0.0,0.01917808,64.77477,2.578890748785393
nigeria,draw_178,Male,0.0,0.01917808,64.77477,2.62180198438306
pakistan,draw_178,Female,0.0,0.01917808,64.77477,1.6290215009205091
pakistan,draw_178,Male,0.0,0.01917808,64.77477,1.9716781472041207
ethiopia,draw_178,Female,0.0,0.01917808,64.88488,2.767887478612147
ethiopia,draw_178,Male,0.0,0.01917808,64.88488,2.5728287593260353
nigeria,draw_178,Female,0.0,0.01917808,64.88488,2.579546620448461
nigeria,draw_178,Male,0.0,0.01917808,64.88488,2.622215813648221
pakistan,draw_178,Female,0.0,0.01917808,64.88488,1.6321584816588426
pakistan,draw_178,Male,0.0,0.01917808,64.88488,1.97419944945679
ethiopia,draw_178,Female,0.0,0.01917808,64.99499,2.767826676629263
ethiopia,draw_178,Male,0.0,0.01917808,64.99499,2.5732741313979854
nigeria,draw_178,Female,0.0,0.01917808,64.99499,2.5801779507030855
nigeria,draw_178,Male,0.0,0.01917808,64.99499,2.6226045607901365
pakistan,draw_178,Female,0.0,0.01917808,64.99499,1.6352831214812478
pakistan,draw_178,Male,0.0,0.01917808,64.99499,1.9767025061269174
ethiopia,draw_178,Female,0.0,0.01917808,65.10511,2.767739450556069
ethiopia,draw_178,Male,0.0,0.01917808,65.10511,2.5736956634765615
nigeria,draw_178,Female,0.0,0.01917808,65.10511,2.5807831641349916
nigeria,draw_178,Male,0.0,0.01917808,65.10511,2.6229690766305853
pakistan,draw_178,Female,0.0,0.01917808,65.10511,1.6383950996473613
pakistan,draw_178,Male,0.0,0.01917808,65.10511,1.9791872769737457
ethiopia,draw_178,Female,0.0,0.01917808,65.21522,2.7676270557636093
ethiopia,draw_178,Male,0.0,0.01917808,65.21522,2.574093265071
nigeria,draw_178,Female,0.0,0.01917808,65.21522,2.5813639421087844
nigeria,draw_178,Male,0.0,0.01917808,65.21522,2.623309865527769
pakistan,draw_178,Female,0.0,0.01917808,65.21522,1.6414935647640134
pakistan,draw_178,Male,0.0,0.01917808,65.21522,1.9816534058569368
ethiopia,draw_178,Female,0.0,0.01917808,65.32533,2.767488407917828
ethiopia,draw_178,Male,0.0,0.01917808,65.32533,2.5744654070880046
nigeria,draw_178,Female,0.0,0.01917808,65.32533,2.5819201291621883
nigeria,draw_178,Male,0.0,0.01917808,65.32533,2.6236249122203086
pakistan,draw_178,Female,0.0,0.01917808,65.32533,1.644579944577755
pakistan,draw_178,Male,0.0,0.01917808,65.32533,1.9841010338446614
ethiopia,draw_178,Female,0.0,0.01917808,65.43544,2.7673218217280375
ethiopia,draw_178,Male,0.0,0.01917808,65.43544,2.5748156453328375
nigeria,draw_178,Female,0.0,0.01917808,65.43544,2.5824511135697827
nigeria,draw_178,Male,0.0,0.01917808,65.43544,2.6239162657760344
pakistan,draw_178,Female,0.0,0.01917808,65.43544,1.647653560509552
pakistan,draw_178,Male,0.0,0.01917808,65.43544,1.9865297499825774
ethiopia,draw_178,Female,0.0,0.01917808,65.54555,2.767128738449831
ethiopia,draw_178,Male,0.0,0.01917808,65.54555,2.5751418400835693
nigeria,draw_178,Female,0.0,0.01917808,65.54555,2.5829554537200887
nigeria,draw_178,Male,0.0,0.01917808,65.54555,2.624183115103388
pakistan,draw_178,Female,0.0,0.01917808,65.54555,1.6507135917368971
pakistan,draw_178,Male,0.0,0.01917808,65.54555,1.9889397580380206
ethiopia,draw_178,Female,0.0,0.01917808,65.65566,2.7669093132045988
ethiopia,draw_178,Male,0.0,0.01917808,65.65566,2.575445268884791
nigeria,draw_178,Female,0.0,0.01917808,65.65566,2.5834349269029637
nigeria,draw_178,Male,0.0,0.01917808,65.65566,2.6244264272234865
pakistan,draw_178,Female,0.0,0.01917808,65.65566,1.6537599781531085
pakistan,draw_178,Male,0.0,0.01917808,65.65566,1.991330872951154
ethiopia,draw_178,Female,0.0,0.01917808,65.76577,2.7666648215863785
ethiopia,draw_178,Male,0.0,0.01917808,65.76577,2.5757266705288133
nigeria,draw_178,Female,0.0,0.01917808,65.76577,2.5838908367266993
nigeria,draw_178,Male,0.0,0.01917808,65.76577,2.6246451591856568
pakistan,draw_178,Female,0.0,0.01917808,65.76577,1.6567917968093
pakistan,draw_178,Male,0.0,0.01917808,65.76577,1.9937041965487439
ethiopia,draw_178,Female,0.0,0.01917808,65.87588,2.766391689212854
ethiopia,draw_178,Male,0.0,0.01917808,65.87588,2.5759823165015736
nigeria,draw_178,Female,0.0,0.01917808,65.87588,2.5843195054631627
nigeria,draw_178,Male,0.0,0.01917808,65.87588,2.624839722693461
pakistan,draw_178,Female,0.0,0.01917808,65.87588,1.6598091268293063
pakistan,draw_178,Male,0.0,0.01917808,65.87588,1.9960592295613817
ethiopia,draw_178,Female,0.0,0.01917808,65.98599,2.7660933611658343
ethiopia,draw_178,Male,0.0,0.01917808,65.98599,2.576216350681063
nigeria,draw_178,Female,0.0,0.01917808,65.98599,2.5847254580181054
nigeria,draw_178,Male,0.0,0.01917808,65.98599,2.6250098931568915
pakistan,draw_178,Female,0.0,0.01917808,65.98599,1.662813027215356
pakistan,draw_178,Male,0.0,0.01917808,65.98599,1.9983954852600543
ethiopia,draw_178,Female,0.0,0.01917808,66.0961,2.7657667476980814
ethiopia,draw_178,Male,0.0,0.01917808,66.0961,2.576424491554625
nigeria,draw_178,Female,0.0,0.01917808,66.0961,2.585105657178737
nigeria,draw_178,Male,0.0,0.01917808,66.0961,2.62515473056936
pakistan,draw_178,Female,0.0,0.01917808,66.0961,1.665802628147603
pakistan,draw_178,Male,0.0,0.01917808,66.0961,2.000712906153436
ethiopia,draw_178,Female,0.0,0.01917808,66.20621,2.7654135208750312
ethiopia,draw_178,Male,0.0,0.01917808,66.20621,2.576610707476557
nigeria,draw_178,Female,0.0,0.01917808,66.20621,2.585458716435682
nigeria,draw_178,Male,0.0,0.01917808,66.20621,2.6252748725867305
pakistan,draw_178,Female,0.0,0.01917808,66.20621,1.6687783165536858
pakistan,draw_178,Male,0.0,0.01917808,66.20621,2.003011692043455
ethiopia,draw_178,Female,0.0,0.01917808,66.31632,2.765034945749117
ethiopia,draw_178,Male,0.0,0.01917808,66.31632,2.5767716982632165
nigeria,draw_178,Female,0.0,0.01917808,66.31632,2.5857887680028013
nigeria,draw_178,Male,0.0,0.01917808,66.31632,2.6253702220277875
pakistan,draw_178,Female,0.0,0.01917808,66.31632,1.6717376635486818
pakistan,draw_178,Male,0.0,0.01917808,66.31632,2.005291302279357
ethiopia,draw_178,Female,0.0,0.01917808,66.42643,2.764629736273677
ethiopia,draw_178,Male,0.0,0.01917808,66.42643,2.5769077924071695
nigeria,draw_178,Female,0.0,0.01917808,66.42643,2.586090624225398
nigeria,draw_178,Male,0.0,0.01917808,66.42643,2.625438369681604
pakistan,draw_178,Female,0.0,0.01917808,66.42643,1.674681223039967
pakistan,draw_178,Male,0.0,0.01917808,66.42643,2.007551038443745
ethiopia,draw_178,Female,0.0,0.01917808,66.53654,2.764196176381666
ethiopia,draw_178,Male,0.0,0.01917808,66.53654,2.5770210569306795
nigeria,draw_178,Female,0.0,0.01917808,66.53654,2.5863671677895823
nigeria,draw_178,Male,0.0,0.01917808,66.53654,2.6254796947886394
pakistan,draw_178,Female,0.0,0.01917808,66.53654,1.677609855075606
pakistan,draw_178,Male,0.0,0.01917808,66.53654,2.009791782332092
ethiopia,draw_178,Female,0.0,0.01917808,66.64665,2.7637379286977155
ethiopia,draw_178,Male,0.0,0.01917808,66.64665,2.5771075129788117
nigeria,draw_178,Female,0.0,0.01917808,66.64665,2.586618199275779
nigeria,draw_178,Male,0.0,0.01917808,66.64665,2.625496849998893
pakistan,draw_178,Female,0.0,0.01917808,66.64665,1.6805227681181347
pakistan,draw_178,Male,0.0,0.01917808,66.64665,2.012013485431074
ethiopia,draw_178,Female,0.0,0.01917808,66.75676,2.763252778206898
ethiopia,draw_178,Male,0.0,0.01917808,66.75676,2.577170446494846
nigeria,draw_178,Female,0.0,0.01917808,66.75676,2.586843295585703
nigeria,draw_178,Male,0.0,0.01917808,66.75676,2.62548911736889
pakistan,draw_178,Female,0.0,0.01917808,66.75676,1.6834198004243184
pakistan,draw_178,Male,0.0,0.01917808,66.75676,2.0142147592713573
ethiopia,draw_178,Female,0.0,0.01917808,66.86687,2.762739058470647
ethiopia,draw_178,Male,0.0,0.01917808,66.86687,2.577208963494838
nigeria,draw_178,Female,0.0,0.01917808,66.86687,2.587041690232806
nigeria,draw_178,Male,0.0,0.01917808,66.86687,2.6254552856799998
pakistan,draw_178,Female,0.0,0.01917808,66.86687,1.6863014732951378
pakistan,draw_178,Male,0.0,0.01917808,66.86687,2.0163960241639662
ethiopia,draw_178,Female,0.0,0.01917808,66.97698,2.7621982147008732
ethiopia,draw_178,Male,0.0,0.01917808,66.97698,2.577221807778835
nigeria,draw_178,Female,0.0,0.01917808,66.97698,2.5872147256436455
nigeria,draw_178,Male,0.0,0.01917808,66.97698,2.625396799562857
pakistan,draw_178,Female,0.0,0.01917808,66.97698,1.6891681771411633
pakistan,draw_178,Male,0.0,0.01917808,66.97698,2.018556586860904
ethiopia,draw_178,Female,0.0,0.01917808,67.08709,2.761629145143699
ethiopia,draw_178,Male,0.0,0.01917808,67.08709,2.577210365064614
nigeria,draw_178,Female,0.0,0.01917808,67.08709,2.5873603337698396
nigeria,draw_178,Male,0.0,0.01917808,67.08709,2.6253126967001976
pakistan,draw_178,Female,0.0,0.01917808,67.08709,1.6920185104289867
pakistan,draw_178,Male,0.0,0.01917808,67.08709,2.020696391095699
ethiopia,draw_178,Female,0.0,0.01917808,67.1972,2.761034216351647
ethiopia,draw_178,Male,0.0,0.01917808,67.1972,2.5771746284108743
nigeria,draw_178,Female,0.0,0.01917808,67.1972,2.5874818819222787
nigeria,draw_178,Male,0.0,0.01917808,67.1972,2.625202575452228
pakistan,draw_178,Female,0.0,0.01917808,67.1972,1.6948531596356433
pakistan,draw_178,Male,0.0,0.01917808,67.1972,2.0228168944635296
ethiopia,draw_178,Female,0.0,0.01917808,67.30731,2.7604105389915166
ethiopia,draw_178,Male,0.0,0.01917808,67.30731,2.577115846708571
nigeria,draw_178,Female,0.0,0.01917808,67.30731,2.5875773807762177
nigeria,draw_178,Male,0.0,0.01917808,67.30731,2.6250674570766637
pakistan,draw_178,Female,0.0,0.01917808,67.30731,1.6976713447802374
pakistan,draw_178,Male,0.0,0.01917808,67.30731,2.0249160844723506
ethiopia,draw_178,Female,0.0,0.01917808,67.41742,2.759760337736394
ethiopia,draw_178,Male,0.0,0.01917808,67.41742,2.5770306728340344
nigeria,draw_178,Female,0.0,0.01917808,67.41742,2.5876454192293465
nigeria,draw_178,Male,0.0,0.01917808,67.41742,2.62490541367181
pakistan,draw_178,Female,0.0,0.01917808,67.41742,1.7004728192610483
pakistan,draw_178,Male,0.0,0.01917808,67.41742,2.0269931172614677
ethiopia,draw_178,Female,0.0,0.01917808,67.52753,2.7590832862125727
ethiopia,draw_178,Male,0.0,0.01917808,67.52753,2.576921928465836
nigeria,draw_178,Female,0.0,0.01917808,67.52753,2.5876852055103905
nigeria,draw_178,Male,0.0,0.01917808,67.52753,2.6247176976219695
pakistan,draw_178,Female,0.0,0.01917808,67.52753,1.7032585498107717
pakistan,draw_178,Male,0.0,0.01917808,67.52753,2.0290499261173904
ethiopia,draw_178,Female,0.0,0.01917808,67.63764,2.758379670820419
ethiopia,draw_178,Male,0.0,0.01917808,67.63764,2.576787606453842
nigeria,draw_178,Female,0.0,0.01917808,67.63764,2.5876974613976795
nigeria,draw_178,Male,0.0,0.01917808,67.63764,2.624505011180234
pakistan,draw_178,Female,0.0,0.01917808,67.63764,1.7060279240114973
pakistan,draw_178,Male,0.0,0.01917808,67.63764,2.031085498297066
ethiopia,draw_178,Female,0.0,0.01917808,67.74775,2.7576506048300202
ethiopia,draw_178,Male,0.0,0.01917808,67.74775,2.576627665448118
nigeria,draw_178,Female,0.0,0.01917808,67.74775,2.5876833467471396
nigeria,draw_178,Male,0.0,0.01917808,67.74775,2.624266097919388
pakistan,draw_178,Female,0.0,0.01917808,67.74775,1.7087805406409335
pakistan,draw_178,Male,0.0,0.01917808,67.74775,2.0331001274112612
ethiopia,draw_178,Female,0.0,0.01917808,67.85786,2.756891553776593
ethiopia,draw_178,Male,0.0,0.01917808,67.85786,2.576444277049799
nigeria,draw_178,Female,0.0,0.01917808,67.85786,2.587644071890874
nigeria,draw_178,Male,0.0,0.01917808,67.85786,2.6240030246249337
pakistan,draw_178,Female,0.0,0.01917808,67.85786,1.7115171657799155
pakistan,draw_178,Male,0.0,0.01917808,67.85786,2.035093693946788
ethiopia,draw_178,Female,0.0,0.01917808,67.96797,2.7561054399784215
ethiopia,draw_178,Male,0.0,0.01917808,67.96797,2.5762336501893355
nigeria,draw_178,Female,0.0,0.01917808,67.96797,2.5875766280107886
nigeria,draw_178,Male,0.0,0.01917808,67.96797,2.623714673291402
pakistan,draw_178,Female,0.0,0.01917808,67.96797,1.7142372923231561
pakistan,draw_178,Male,0.0,0.01917808,67.96797,2.03706733185718
ethiopia,draw_178,Female,0.0,0.01917808,68.07808,2.7552932227638727
ethiopia,draw_178,Male,0.0,0.01917808,68.07808,2.5759985460090977
nigeria,draw_178,Female,0.0,0.01917808,68.07808,2.5874823265631552
nigeria,draw_178,Male,0.0,0.01917808,68.07808,2.623399900806465
pakistan,draw_178,Female,0.0,0.01917808,68.07808,1.7169402711821147
pakistan,draw_178,Male,0.0,0.01917808,68.07808,2.039019241681843
ethiopia,draw_178,Female,0.0,0.01917808,68.18819,2.7544521652600156
ethiopia,draw_178,Male,0.0,0.01917808,68.18819,2.57573874683216
nigeria,draw_178,Female,0.0,0.01917808,68.18819,2.5873615176198044
nigeria,draw_178,Male,0.0,0.01917808,68.18819,2.6230594521140884
pakistan,draw_178,Female,0.0,0.01917808,68.18819,1.7196255762769574
pakistan,draw_178,Male,0.0,0.01917808,68.18819,2.0409503043252912
ethiopia,draw_178,Female,0.0,0.01917808,68.2983,2.753583740789111
ethiopia,draw_178,Male,0.0,0.01917808,68.2983,2.5754525626599625
nigeria,draw_178,Female,0.0,0.01917808,68.2983,2.5872117474120913
nigeria,draw_178,Male,0.0,0.01917808,68.2983,2.6226932654714523
pakistan,draw_178,Female,0.0,0.01917808,68.2983,1.722293084012981
pakistan,draw_178,Male,0.0,0.01917808,68.2983,2.0428598332830283
ethiopia,draw_178,Female,0.0,0.01917808,68.40841,2.752687134579604
ethiopia,draw_178,Male,0.0,0.01917808,68.40841,2.5751415870127397
nigeria,draw_178,Female,0.0,0.01917808,68.40841,2.5870325539094905
nigeria,draw_178,Male,0.0,0.01917808,68.40841,2.622300716361312
pakistan,draw_178,Female,0.0,0.01917808,68.40841,1.7249420684877173
pakistan,draw_178,Male,0.0,0.01917808,68.40841,2.0447477406937384
ethiopia,draw_178,Female,0.0,0.01917808,68.51852,2.75176376103156
ethiopia,draw_178,Male,0.0,0.01917808,68.51852,2.5748032955396254
nigeria,draw_178,Female,0.0,0.01917808,68.51852,2.586823562803059
nigeria,draw_178,Male,0.0,0.01917808,68.51852,2.6218826865987523
pakistan,draw_178,Female,0.0,0.01917808,68.51852,1.7275737313946733
pakistan,draw_178,Male,0.0,0.01917808,68.51852,2.04661406303746
ethiopia,draw_178,Female,0.0,0.01917808,68.62863,2.7508118944390625
ethiopia,draw_178,Male,0.0,0.01917808,68.62863,2.5744407210066766
nigeria,draw_178,Female,0.0,0.01917808,68.62863,2.5865901022111584
nigeria,draw_178,Male,0.0,0.01917808,68.62863,2.621439649555225
pakistan,draw_178,Female,0.0,0.01917808,68.62863,1.7301878027174755
pakistan,draw_178,Male,0.0,0.01917808,68.62863,2.048459129633905
ethiopia,draw_178,Female,0.0,0.01917808,68.73874,2.749832771655052
ethiopia,draw_178,Male,0.0,0.01917808,68.73874,2.574052983376908
nigeria,draw_178,Female,0.0,0.01917808,68.73874,2.5863267903254537
nigeria,draw_178,Male,0.0,0.01917808,68.73874,2.6209692958464235
pakistan,draw_178,Female,0.0,0.01917808,68.73874,1.7327848292781882
pakistan,draw_178,Male,0.0,0.01917808,68.73874,2.0502813028889584
ethiopia,draw_178,Female,0.0,0.01917808,68.84885,2.7488284037621002
ethiopia,draw_178,Male,0.0,0.01917808,68.84885,2.573641385275069
nigeria,draw_178,Female,0.0,0.01917808,68.84885,2.5860378961832016
nigeria,draw_178,Male,0.0,0.01917808,68.84885,2.620473489146522
pakistan,draw_178,Female,0.0,0.01917808,68.84885,1.735363912004639
pakistan,draw_178,Male,0.0,0.01917808,68.84885,2.0520813090714105
ethiopia,draw_178,Female,0.0,0.01917808,68.95896,2.7477969862010343
ethiopia,draw_178,Male,0.0,0.01917808,68.95896,2.573203128241693
nigeria,draw_178,Female,0.0,0.01917808,68.95896,2.585719774524389
nigeria,draw_178,Male,0.0,0.01917808,68.95896,2.6199516651624672
pakistan,draw_178,Female,0.0,0.01917808,68.95896,1.737924124560303
pakistan,draw_178,Male,0.0,0.01917808,68.95896,2.0538598746349117
ethiopia,draw_178,Female,0.0,0.01917808,69.06907,2.746739042672364
ethiopia,draw_178,Male,0.0,0.01917808,69.06907,2.5727394523152123
nigeria,draw_178,Female,0.0,0.01917808,69.06907,2.5853748084419768
nigeria,draw_178,Male,0.0,0.01917808,69.06907,2.6194028589213603
pakistan,draw_178,Female,0.0,0.01917808,69.06907,1.74046549216797
pakistan,draw_178,Male,0.0,0.01917808,69.06907,2.055616320011545
ethiopia,draw_178,Female,0.0,0.01917808,69.17918,2.7456534469661795
ethiopia,draw_178,Male,0.0,0.01917808,69.17918,2.5722528682812325
nigeria,draw_178,Female,0.0,0.01917808,69.17918,2.5850028531657694
nigeria,draw_178,Male,0.0,0.01917808,69.17918,2.618827485889639
pakistan,draw_178,Female,0.0,0.01917808,69.17918,1.7432112474413335
pakistan,draw_178,Male,0.0,0.01917808,69.17918,2.057351170732785
ethiopia,draw_178,Female,0.0,0.01917808,69.28929,2.744543178412958
ethiopia,draw_178,Male,0.0,0.01917808,69.28929,2.571740777431934
nigeria,draw_178,Female,0.0,0.01917808,69.28929,2.58460307458282
nigeria,draw_178,Male,0.0,0.01917808,69.28929,2.6182253988321404
pakistan,draw_178,Female,0.0,0.01917808,69.28929,1.7462412704220092
pakistan,draw_178,Male,0.0,0.01917808,69.28929,2.0590628250744722
ethiopia,draw_178,Female,0.0,0.01917808,69.3994,2.743406588279841
ethiopia,draw_178,Male,0.0,0.01917808,69.3994,2.571203786334211
nigeria,draw_178,Female,0.0,0.01917808,69.3994,2.5841735521741307
nigeria,draw_178,Male,0.0,0.01917808,69.3994,2.6175958885395585
pakistan,draw_178,Female,0.0,0.01917808,69.3994,1.7492506737408962
pakistan,draw_178,Male,0.0,0.01917808,69.3994,2.060751689087146
ethiopia,draw_178,Female,0.0,0.01917808,69.50951,2.7422405188678396
ethiopia,draw_178,Male,0.0,0.01917808,69.50951,2.5706379176218936
nigeria,draw_178,Female,0.0,0.01917808,69.50951,2.583715320105029
nigeria,draw_178,Male,0.0,0.01917808,69.50951,2.616939461306585
pakistan,draw_178,Female,0.0,0.01917808,69.50951,1.7522415289645366
pakistan,draw_178,Male,0.0,0.01917808,69.50951,2.062416248603159
ethiopia,draw_178,Female,0.0,0.01917808,69.61962,2.7410474114879175
ethiopia,draw_178,Male,0.0,0.01917808,69.61962,2.570046991826462
nigeria,draw_178,Female,0.0,0.01917808,69.61962,2.5832300222112594
nigeria,draw_178,Male,0.0,0.01917808,69.61962,2.61625519984912
pakistan,draw_178,Female,0.0,0.01917808,69.61962,1.7552121978063073
pakistan,draw_178,Male,0.0,0.01917808,69.61962,2.0640574500890745
ethiopia,draw_178,Female,0.0,0.01917808,69.72973,2.739826121334735
ethiopia,draw_178,Male,0.0,0.01917808,69.72973,2.5694278442782976
nigeria,draw_178,Female,0.0,0.01917808,69.72973,2.582716290366558
nigeria,draw_178,Male,0.0,0.01917808,69.72973,2.615544129486323
pakistan,draw_178,Female,0.0,0.01917808,69.72973,1.758163626781806
pakistan,draw_178,Male,0.0,0.01917808,69.72973,2.065675692438646
ethiopia,draw_178,Female,0.0,0.01917808,69.83984,2.7385776474882135
ethiopia,draw_178,Male,0.0,0.01917808,69.83984,2.5687834752225425
nigeria,draw_178,Female,0.0,0.01917808,69.83984,2.5821749426873963
nigeria,draw_178,Male,0.0,0.01917808,69.83984,2.614805964979971
pakistan,draw_178,Female,0.0,0.01917808,69.83984,1.7610977655443265
pakistan,draw_178,Male,0.0,0.01917808,69.83984,2.067271412100293
ethiopia,draw_178,Female,0.0,0.01917808,69.94995,2.7373014622868777
ethiopia,draw_178,Male,0.0,0.01917808,69.94995,2.5681134154871925
nigeria,draw_178,Female,0.0,0.01917808,69.94995,2.5816067677797294
nigeria,draw_178,Male,0.0,0.01917808,69.94995,2.6140418275880464
pakistan,draw_178,Female,0.0,0.01917808,69.94995,1.7640125123800918
pakistan,draw_178,Male,0.0,0.01917808,69.94995,2.0688441889735003
ethiopia,draw_178,Female,0.0,0.01917808,70.06006,2.735997522337713
ethiopia,draw_178,Male,0.0,0.01917808,70.06006,2.567416760246711
nigeria,draw_178,Female,0.0,0.01917808,70.06006,2.581011419281946
nigeria,draw_178,Male,0.0,0.01917808,70.06006,2.6132500738530102
pakistan,draw_178,Female,0.0,0.01917808,70.06006,1.7669075203074365
pakistan,draw_178,Male,0.0,0.01917808,70.06006,2.070394142264373
ethiopia,draw_178,Female,0.0,0.01917808,70.17017,2.734666579834413
ethiopia,draw_178,Male,0.0,0.01917808,70.17017,2.5666936299044956
nigeria,draw_178,Female,0.0,0.01917808,70.17017,2.580387943950413
nigeria,draw_178,Male,0.0,0.01917808,70.17017,2.612431830796448
pakistan,draw_178,Female,0.0,0.01917808,70.17017,1.7697828907256494
pakistan,draw_178,Male,0.0,0.01917808,70.17017,2.071920935708456
ethiopia,draw_178,Female,0.0,0.01917808,70.28028,2.7333078106262323
ethiopia,draw_178,Male,0.0,0.01917808,70.28028,2.5659446497523968
nigeria,draw_178,Female,0.0,0.01917808,70.28028,2.5797373416260556
nigeria,draw_178,Male,0.0,0.01917808,70.28028,2.61158450766186
pakistan,draw_178,Female,0.0,0.01917808,70.28028,1.7726380060150324
pakistan,draw_178,Male,0.0,0.01917808,70.28028,2.0734249442428894
ethiopia,draw_178,Female,0.0,0.01917808,70.39039,2.731920551590222
ethiopia,draw_178,Male,0.0,0.01917808,70.39039,2.5651687953706057
nigeria,draw_178,Female,0.0,0.01917808,70.39039,2.5790592036461444
nigeria,draw_178,Male,0.0,0.01917808,70.39039,2.610711677447889
pakistan,draw_178,Female,0.0,0.01917808,70.39039,1.7754735627715432
pakistan,draw_178,Male,0.0,0.01917808,70.39039,2.0749046411743297
ethiopia,draw_178,Female,0.0,0.01917808,70.5005,2.7305051457138347
ethiopia,draw_178,Male,0.0,0.01917808,70.5005,2.5643659196871913
nigeria,draw_178,Female,0.0,0.01917808,70.5005,2.5783515076296224
nigeria,draw_178,Male,0.0,0.01917808,70.5005,2.6098090833560246
pakistan,draw_178,Female,0.0,0.01917808,70.5005,1.778288785578583
pakistan,draw_178,Male,0.0,0.01917808,70.5005,2.076359944865378
ethiopia,draw_178,Female,0.0,0.01917808,70.61061,2.729062413311063
ethiopia,draw_178,Male,0.0,0.01917808,70.61061,2.5635367527168635
nigeria,draw_178,Female,0.0,0.01917808,70.61061,2.5776165591861804
nigeria,draw_178,Male,0.0,0.01917808,70.61061,2.608882370784076
pakistan,draw_178,Female,0.0,0.01917808,70.61061,1.7810833402529849
pakistan,draw_178,Male,0.0,0.01917808,70.61061,2.0777923766229085
ethiopia,draw_178,Female,0.0,0.01917808,70.72072,2.7275894286262616
ethiopia,draw_178,Male,0.0,0.01917808,70.72072,2.562684374676024
nigeria,draw_178,Female,0.0,0.01917808,70.72072,2.5768546574122366
nigeria,draw_178,Male,0.0,0.01917808,70.72072,2.607926967583581
pakistan,draw_178,Female,0.0,0.01917808,70.72072,1.7838568680844802
pakistan,draw_178,Male,0.0,0.01917808,70.72072,2.079200791294482
ethiopia,draw_178,Female,0.0,0.01917808,70.83083,2.7260898261519726
ethiopia,draw_178,Male,0.0,0.01917808,70.83083,2.561802960973845
nigeria,draw_178,Female,0.0,0.01917808,70.83083,2.5760648348873247
nigeria,draw_178,Male,0.0,0.01917808,70.83083,2.6069432710250267
pakistan,draw_178,Female,0.0,0.01917808,70.83083,1.7866093800252667
pakistan,draw_178,Male,0.0,0.01917808,70.83083,2.080585693491307
ethiopia,draw_178,Female,0.0,0.01917808,70.94094,2.724564543021908
ethiopia,draw_178,Male,0.0,0.01917808,70.94094,2.560896560930546
nigeria,draw_178,Female,0.0,0.01917808,70.94094,2.5752467506618566
nigeria,draw_178,Male,0.0,0.01917808,70.94094,2.60593388451058
pakistan,draw_178,Female,0.0,0.01917808,70.94094,1.7893412581935573
pakistan,draw_178,Male,0.0,0.01917808,70.94094,2.081946095843408
ethiopia,draw_178,Female,0.0,0.01917808,71.05105,2.723011016187595
ethiopia,draw_178,Male,0.0,0.01917808,71.05105,2.559963178544711
nigeria,draw_178,Female,0.0,0.01917808,71.05105,2.574399491757903
nigeria,draw_178,Male,0.0,0.01917808,71.05105,2.604896541731709
pakistan,draw_178,Female,0.0,0.01917808,71.05105,1.7920500227731635
pakistan,draw_178,Male,0.0,0.01917808,71.05105,2.083283092824258
ethiopia,draw_178,Female,0.0,0.01917808,71.16116,2.7214287410356826
ethiopia,draw_178,Male,0.0,0.01917808,71.16116,2.5590056867101407
nigeria,draw_178,Female,0.0,0.01917808,71.16116,2.5735230505318625
nigeria,draw_178,Male,0.0,0.01917808,71.16116,2.6038334464671022
pakistan,draw_178,Female,0.0,0.01917808,71.16116,1.7947367636621991
pakistan,draw_178,Male,0.0,0.01917808,71.16116,2.084594861380848
ethiopia,draw_178,Female,0.0,0.01917808,71.27127,2.719820711662403
ethiopia,draw_178,Male,0.0,0.01917808,71.27127,2.558021723566619
nigeria,draw_178,Female,0.0,0.01917808,71.27127,2.572619161786378
nigeria,draw_178,Male,0.0,0.01917808,71.27127,2.602745421929139
pakistan,draw_178,Female,0.0,0.01917808,71.27127,1.7974011596282211
pakistan,draw_178,Male,0.0,0.01917808,71.27127,2.085881719420268
ethiopia,draw_178,Female,0.0,0.01917808,71.38138,2.7181853341865874
ethiopia,draw_178,Male,0.0,0.01917808,71.38138,2.5570112532957596
nigeria,draw_178,Female,0.0,0.01917808,71.38138,2.5716861565672193
nigeria,draw_178,Male,0.0,0.01917808,71.38138,2.6016296182500933
pakistan,draw_178,Female,0.0,0.01917808,71.38138,1.8000421435273557
pakistan,draw_178,Male,0.0,0.01917808,71.38138,2.0871440854005514
ethiopia,draw_178,Female,0.0,0.01917808,71.49149,2.716520418978781
ethiopia,draw_178,Male,0.0,0.01917808,71.49149,2.555973528273344
nigeria,draw_178,Female,0.0,0.01917808,71.49149,2.570724479852813
nigeria,draw_178,Male,0.0,0.01917808,71.49149,2.6004856621638517
pakistan,draw_178,Female,0.0,0.01917808,71.49149,1.8026603206434977
pakistan,draw_178,Male,0.0,0.01917808,71.49149,2.0883809765556993
ethiopia,draw_178,Female,0.0,0.01917808,71.6016,2.714826070547319
ethiopia,draw_178,Male,0.0,0.01917808,71.6016,2.554910802913404
nigeria,draw_178,Female,0.0,0.01917808,71.6016,2.569735258670389
nigeria,draw_178,Male,0.0,0.01917808,71.6016,2.5993162539306898
pakistan,draw_178,Female,0.0,0.01917808,71.6016,1.8052564397825401
pakistan,draw_178,Male,0.0,0.01917808,71.6016,2.0895915226339223
ethiopia,draw_178,Female,0.0,0.01917808,71.71171,2.7131076082115664
ethiopia,draw_178,Male,0.0,0.01917808,71.71171,2.5538216488021166
nigeria,draw_178,Female,0.0,0.01917808,71.71171,2.568717980524714
nigeria,draw_178,Male,0.0,0.01917808,71.71171,2.598119086332226
pakistan,draw_178,Female,0.0,0.01917808,71.71171,1.8078281887908263
pakistan,draw_178,Male,0.0,0.01917808,71.71171,2.090777053392902
ethiopia,draw_178,Female,0.0,0.01917808,71.82182,2.711358327879467
ethiopia,draw_178,Male,0.0,0.01917808,71.82182,2.5527058189162712
nigeria,draw_178,Female,0.0,0.01917808,71.82182,2.567672908691939
nigeria,draw_178,Male,0.0,0.01917808,71.82182,2.5968934788514226
pakistan,draw_178,Female,0.0,0.01917808,71.82182,1.8103769354510206
pakistan,draw_178,Male,0.0,0.01917808,71.82182,2.0919375343025672
ethiopia,draw_178,Female,0.0,0.01917808,71.93193,2.7095837558646405
ethiopia,draw_178,Male,0.0,0.01917808,71.93193,2.551562823129267
nigeria,draw_178,Female,0.0,0.01917808,71.93193,2.566597863349691
nigeria,draw_178,Male,0.0,0.01917808,71.93193,2.5956396831745
pakistan,draw_178,Female,0.0,0.01917808,71.93193,1.812902103144837
pakistan,draw_178,Male,0.0,0.01917808,71.93193,2.093072646371797
ethiopia,draw_178,Female,0.0,0.01917808,72.04204,2.7077806660288557
ethiopia,draw_178,Male,0.0,0.01917808,72.04204,2.550394005547274
nigeria,draw_178,Female,0.0,0.01917808,72.04204,2.5654955568726736
nigeria,draw_178,Male,0.0,0.01917808,72.04204,2.594360567452516
pakistan,draw_178,Female,0.0,0.01917808,72.04204,1.8154038686921061
pakistan,draw_178,Male,0.0,0.01917808,72.04204,2.0941835198396395
ethiopia,draw_178,Female,0.0,0.01917808,72.15215,2.7059504420973473
ethiopia,draw_178,Male,0.0,0.01917808,72.15215,2.5491970300828837
nigeria,draw_178,Female,0.0,0.01917808,72.15215,2.5643651294139502
nigeria,draw_178,Male,0.0,0.01917808,72.15215,2.5930516991430337
pakistan,draw_178,Female,0.0,0.01917808,72.15215,1.8178838333841332
pakistan,draw_178,Male,0.0,0.01917808,72.15215,2.095268716262398
ethiopia,draw_178,Female,0.0,0.01917808,72.26226,2.704092357968224
ethiopia,draw_178,Male,0.0,0.01917808,72.26226,2.5479749541885837
nigeria,draw_178,Female,0.0,0.01917808,72.26226,2.5632050182120945
nigeria,draw_178,Male,0.0,0.01917808,72.26226,2.591716910478069
pakistan,draw_178,Female,0.0,0.01917808,72.26226,1.8203404399772742
pakistan,draw_178,Male,0.0,0.01917808,72.26226,2.0963287921954636
ethiopia,draw_178,Female,0.0,0.01917808,72.37237,2.702207763015645
ethiopia,draw_178,Male,0.0,0.01917808,72.37237,2.546726555941163
nigeria,draw_178,Female,0.0,0.01917808,72.37237,2.5620172608118548
nigeria,draw_178,Male,0.0,0.01917808,72.37237,2.590354258413037
pakistan,draw_178,Female,0.0,0.01917808,72.37237,1.8227754448485833
pakistan,draw_178,Male,0.0,0.01917808,72.37237,2.09736322973433
ethiopia,draw_178,Female,0.0,0.01917808,72.48248,2.700294789112769
ethiopia,draw_178,Male,0.0,0.01917808,72.48248,2.54545213090409
nigeria,draw_178,Female,0.0,0.01917808,72.48248,2.5608013009782424
nigeria,draw_178,Male,0.0,0.01917808,72.48248,2.58896301270452
pakistan,draw_178,Female,0.0,0.01917808,72.48248,1.8251860250973375
pakistan,draw_178,Male,0.0,0.01917808,72.48248,2.0983711185929224
ethiopia,draw_178,Female,0.0,0.01917808,72.59259,2.698351711074254
ethiopia,draw_178,Male,0.0,0.01917808,72.59259,2.5441495437188384
nigeria,draw_178,Female,0.0,0.01917808,72.59259,2.559554001311107
nigeria,draw_178,Male,0.0,0.01917808,72.59259,2.5875438612949018
pakistan,draw_178,Female,0.0,0.01917808,72.59259,1.8275726702116077
pakistan,draw_178,Male,0.0,0.01917808,72.59259,2.099352873820028
ethiopia,draw_178,Female,0.0,0.01917808,72.7027,2.6963808281937287
ethiopia,draw_178,Male,0.0,0.01917808,72.7027,2.5428201555323913
nigeria,draw_178,Female,0.0,0.01917808,72.7027,2.558279866760645
nigeria,draw_178,Male,0.0,0.01917808,72.7027,2.58609778334458
pakistan,draw_178,Female,0.0,0.01917808,72.7027,1.8299336645093165
pakistan,draw_178,Male,0.0,0.01917808,72.7027,2.100308469641227
ethiopia,draw_178,Female,0.0,0.01917808,72.81281,2.6943822165207756
ethiopia,draw_178,Male,0.0,0.01917808,72.81281,2.541463859040954
nigeria,draw_178,Female,0.0,0.01917808,72.81281,2.5569749745741444
nigeria,draw_178,Male,0.0,0.01917808,72.81281,2.5846231480762496
pakistan,draw_178,Female,0.0,0.01917808,72.81281,1.8322696441172102
pakistan,draw_178,Male,0.0,0.01917808,72.81281,2.1012390633871165
ethiopia,draw_178,Female,0.0,0.01917808,72.92292,2.6923551605797726
ethiopia,draw_178,Male,0.0,0.01917808,72.92292,2.5400809349793882
nigeria,draw_178,Female,0.0,0.01917808,72.92292,2.5556407439884556
nigeria,draw_178,Male,0.0,0.01917808,72.92292,2.5831218342595754
pakistan,draw_178,Female,0.0,0.01917808,72.92292,1.8345794782946172
pakistan,draw_178,Male,0.0,0.01917808,72.92292,2.1021432989066833
ethiopia,draw_178,Female,0.0,0.01917808,73.03303,2.69030145939199
ethiopia,draw_178,Male,0.0,0.01917808,73.03303,2.538670056710596
nigeria,draw_178,Female,0.0,0.01917808,73.03303,2.554277304235864
nigeria,draw_178,Male,0.0,0.01917808,73.03303,2.581591003564796
pakistan,draw_178,Female,0.0,0.01917808,73.03303,1.8368645595324014
pakistan,draw_178,Male,0.0,0.01917808,73.03303,2.103020931213643
ethiopia,draw_178,Female,0.0,0.01917808,73.14314,2.6882174761082953
ethiopia,draw_178,Male,0.0,0.01917808,73.14314,2.53723198113376
nigeria,draw_178,Female,0.0,0.01917808,73.14314,2.5528840935548427
nigeria,draw_178,Male,0.0,0.01917808,73.14314,2.5800341440724686
pakistan,draw_178,Female,0.0,0.01917808,73.14314,1.8391244628562136
pakistan,draw_178,Male,0.0,0.01917808,73.14314,2.1038724848691577
ethiopia,draw_178,Female,0.0,0.01917808,73.25325,2.686107622270252
ethiopia,draw_178,Male,0.0,0.01917808,73.25325,2.5357677768546782
nigeria,draw_178,Female,0.0,0.01917808,73.25325,2.5514616943252357
nigeria,draw_178,Male,0.0,0.01917808,73.25325,2.578449370768642
pakistan,draw_178,Female,0.0,0.01917808,73.25325,1.84135959183298
pakistan,draw_178,Male,0.0,0.01917808,73.25325,2.104696159819417
ethiopia,draw_178,Female,0.0,0.01917808,73.36336,2.6839710791743068
ethiopia,draw_178,Male,0.0,0.01917808,73.36336,2.534275764597543
nigeria,draw_178,Female,0.0,0.01917808,73.36336,2.5500118159873084
nigeria,draw_178,Male,0.0,0.01917808,73.36336,2.5768357911345174
pakistan,draw_178,Female,0.0,0.01917808,73.36336,1.8435695253823388
pakistan,draw_178,Male,0.0,0.01917808,73.36336,2.105493721260562
ethiopia,draw_178,Female,0.0,0.01917808,73.47347,2.6818045162414785
ethiopia,draw_178,Male,0.0,0.01917808,73.47347,2.5327550585500402
nigeria,draw_178,Female,0.0,0.01917808,73.47347,2.548532680631782
nigeria,draw_178,Male,0.0,0.01917808,73.47347,2.575193233254729
pakistan,draw_178,Female,0.0,0.01917808,73.47347,1.845753512808869
pakistan,draw_178,Male,0.0,0.01917808,73.47347,2.106263626646793
ethiopia,draw_178,Female,0.0,0.01917808,73.58358,2.6796109745059637
ethiopia,draw_178,Male,0.0,0.01917808,73.58358,2.5312068735632733
nigeria,draw_178,Female,0.0,0.01917808,73.58358,2.547022861694099
nigeria,draw_178,Male,0.0,0.01917808,73.58358,2.5735228302967363
pakistan,draw_178,Female,0.0,0.01917808,73.58358,1.8479114838016824
pakistan,draw_178,Male,0.0,0.01917808,73.58358,2.107005723561581
ethiopia,draw_178,Female,0.0,0.01917808,73.69369,2.6773879554062736
ethiopia,draw_178,Male,0.0,0.01917808,73.69369,2.529631837835828
nigeria,draw_178,Female,0.0,0.01917808,73.69369,2.5454831838211067
nigeria,draw_178,Male,0.0,0.01917808,73.69369,2.5718240030289867
pakistan,draw_178,Female,0.0,0.01917808,73.69369,1.850043249378353
pakistan,draw_178,Male,0.0,0.01917808,73.69369,2.107721797481891
ethiopia,draw_178,Female,0.0,0.01917808,73.8038,2.6751352551639758
ethiopia,draw_178,Male,0.0,0.01917808,73.8038,2.528028583980505
nigeria,draw_178,Female,0.0,0.01917808,73.8038,2.5439169505443244
nigeria,draw_178,Male,0.0,0.01917808,73.8038,2.5700983356911213
pakistan,draw_178,Female,0.0,0.01917808,73.8038,1.8521485297856142
pakistan,draw_178,Male,0.0,0.01917808,73.8038,2.108410196587607
ethiopia,draw_178,Female,0.0,0.01917808,73.91391,2.6728546836656033
ethiopia,draw_178,Male,0.0,0.01917808,73.91391,2.526397164278774
nigeria,draw_178,Female,0.0,0.01917808,73.91391,2.5423188233484155
nigeria,draw_178,Male,0.0,0.01917808,73.91391,2.56834617276482
pakistan,draw_178,Female,0.0,0.01917808,73.91391,1.854224776561128
pakistan,draw_178,Male,0.0,0.01917808,73.91391,2.109071399543756
ethiopia,draw_178,Female,0.0,0.01917808,74.02402,2.670543365119066
ethiopia,draw_178,Male,0.0,0.01917808,74.02402,2.5247385268098683
nigeria,draw_178,Female,0.0,0.01917808,74.02402,2.5406927770659404
nigeria,draw_178,Male,0.0,0.01917808,74.02402,2.566564212561989
pakistan,draw_178,Female,0.0,0.01917808,74.02402,1.856275289264824
pakistan,draw_178,Male,0.0,0.01917808,74.02402,2.109705167964496
ethiopia,draw_178,Female,0.0,0.01917808,74.13413,2.668203737960931
ethiopia,draw_178,Male,0.0,0.01917808,74.13413,2.5230518782669935
nigeria,draw_178,Female,0.0,0.01917808,74.13413,2.539039583756405
nigeria,draw_178,Male,0.0,0.01917808,74.13413,2.5647546293839913
pakistan,draw_178,Female,0.0,0.01917808,74.13413,1.8582991362772103
pakistan,draw_178,Male,0.0,0.01917808,74.13413,2.1103109496317236
ethiopia,draw_178,Female,0.0,0.01917808,74.24424,2.665837441288694
ethiopia,draw_178,Male,0.0,0.01917808,74.24424,2.5213367499085404
nigeria,draw_178,Female,0.0,0.01917808,74.24424,2.5373549028944633
nigeria,draw_178,Male,0.0,0.01917808,74.24424,2.5629163513894286
pakistan,draw_178,Female,0.0,0.01917808,74.24424,1.86029693022961
pakistan,draw_178,Male,0.0,0.01917808,74.24424,2.1108896995579274
ethiopia,draw_178,Female,0.0,0.01917808,74.35435,2.6634397311458256
ethiopia,draw_178,Male,0.0,0.01917808,74.35435,2.5195964145738103
nigeria,draw_178,Female,0.0,0.01917808,74.35435,2.535641888100499
nigeria,draw_178,Male,0.0,0.01917808,74.35435,2.561050536509479
pakistan,draw_178,Female,0.0,0.01917808,74.35435,1.8622689962064183
pakistan,draw_178,Male,0.0,0.01917808,74.35435,2.111439636522462
ethiopia,draw_178,Female,0.0,0.01917808,74.46446,2.66101459260494
ethiopia,draw_178,Male,0.0,0.01917808,74.46446,2.5178264661831844
nigeria,draw_178,Female,0.0,0.01917808,74.46446,2.533900931348047
nigeria,draw_178,Male,0.0,0.01917808,74.46446,2.559155824809212
pakistan,draw_178,Female,0.0,0.01917808,74.46446,1.864215377564319
pakistan,draw_178,Male,0.0,0.01917808,74.46446,2.1119633903796062
ethiopia,draw_178,Female,0.0,0.01917808,74.57457,2.658561222669526
ethiopia,draw_178,Male,0.0,0.01917808,74.57457,2.5160285827968036
nigeria,draw_178,Female,0.0,0.01917808,74.57457,2.532129163696015
nigeria,draw_178,Male,0.0,0.01917808,74.57457,2.557230950533448
pakistan,draw_178,Female,0.0,0.01917808,74.57457,1.8661343173845177
pakistan,draw_178,Male,0.0,0.01917808,74.57457,2.1124582153612925
ethiopia,draw_178,Female,0.0,0.01917808,74.68468,2.6560781093676735
ethiopia,draw_178,Male,0.0,0.01917808,74.68468,2.514204386970997
nigeria,draw_178,Female,0.0,0.01917808,74.68468,2.5303293739573394
nigeria,draw_178,Male,0.0,0.01917808,74.68468,2.5552789570149743
pakistan,draw_178,Female,0.0,0.01917808,74.68468,1.868026154150048
pakistan,draw_178,Male,0.0,0.01917808,74.68468,2.1129248498541826
ethiopia,draw_178,Female,0.0,0.01917808,74.79479,2.653567357655996
ethiopia,draw_178,Male,0.0,0.01917808,74.79479,2.512352525867278
nigeria,draw_178,Female,0.0,0.01917808,74.79479,2.5284975274534465
nigeria,draw_178,Male,0.0,0.01917808,74.79479,2.553297746778393
pakistan,draw_178,Female,0.0,0.01917808,74.79479,1.8698893262487395
pakistan,draw_178,Male,0.0,0.01917808,74.79479,2.113364289628351
ethiopia,draw_178,Female,0.0,0.01917808,74.9049,2.651027894291961
ethiopia,draw_178,Male,0.0,0.01917808,74.9049,2.510471175357786
nigeria,draw_178,Female,0.0,0.01917808,74.9049,2.526636730677509
nigeria,draw_178,Male,0.0,0.01917808,74.9049,2.551288843505893
pakistan,draw_178,Female,0.0,0.01917808,74.9049,1.8717250632009421
pakistan,draw_178,Male,0.0,0.01917808,74.9049,2.11377582118922
ethiopia,draw_178,Female,0.0,0.01917808,75.01502,2.6484594026430206
ethiopia,draw_178,Male,0.0,0.01917808,75.01502,2.508564495453589
nigeria,draw_178,Female,0.0,0.01917808,75.01502,2.524745233314684
nigeria,draw_178,Male,0.0,0.01917808,75.01502,2.5492534434623257
pakistan,draw_178,Female,0.0,0.01917808,75.01502,1.8735305306063441
pakistan,draw_178,Male,0.0,0.01917808,75.01502,2.114159437138078
ethiopia,draw_178,Female,0.0,0.01917808,75.12513,2.6458638421715825
ethiopia,draw_178,Male,0.0,0.01917808,75.12513,2.5066284278203907
nigeria,draw_178,Female,0.0,0.01917808,75.12513,2.522826003428453
nigeria,draw_178,Male,0.0,0.01917808,75.12513,2.547191814567311
pakistan,draw_178,Female,0.0,0.01917808,75.12513,1.8753084584947772
pakistan,draw_178,Male,0.0,0.01917808,75.12513,2.1145141545729187
ethiopia,draw_178,Female,0.0,0.01917808,75.23524,2.643239826222879
ethiopia,draw_178,Male,0.0,0.01917808,75.23524,2.504666490097772
nigeria,draw_178,Female,0.0,0.01917808,75.23524,2.5208772831192485
nigeria,draw_178,Male,0.0,0.01917808,75.23524,2.5451005755060216
pakistan,draw_178,Female,0.0,0.01917808,75.23524,1.8770590278303123
pakistan,draw_178,Male,0.0,0.01917808,75.23524,2.1148409092985823
ethiopia,draw_178,Female,0.0,0.01917808,75.34535,2.6405865509759194
ethiopia,draw_178,Male,0.0,0.01917808,75.34535,2.5026762390153796
nigeria,draw_178,Female,0.0,0.01917808,75.34535,2.518899348885903
nigeria,draw_178,Male,0.0,0.01917808,75.34535,2.5429835610491316
pakistan,draw_178,Female,0.0,0.01917808,75.34535,1.8787807359142306
pakistan,draw_178,Male,0.0,0.01917808,75.34535,2.1151390994233377
ethiopia,draw_178,Female,0.0,0.01917808,75.45546,2.637905398736814
ethiopia,draw_178,Male,0.0,0.01917808,75.45546,2.500657936039285
nigeria,draw_178,Female,0.0,0.01917808,75.45546,2.516894091975234
nigeria,draw_178,Male,0.0,0.01917808,75.45546,2.540836328632777
pakistan,draw_178,Female,0.0,0.01917808,75.45546,1.8804750659646425
pakistan,draw_178,Male,0.0,0.01917808,75.45546,2.115409073516935
ethiopia,draw_178,Female,0.0,0.01917808,75.56557,2.635194918580398
ethiopia,draw_178,Male,0.0,0.01917808,75.56557,2.4986124760959
nigeria,draw_178,Female,0.0,0.01917808,75.56557,2.5148580183570726
nigeria,draw_178,Male,0.0,0.01917808,75.56557,2.5386612513724542
pakistan,draw_178,Female,0.0,0.01917808,75.56557,1.882140328908931
pakistan,draw_178,Male,0.0,0.01917808,75.56557,2.1156493354676837
ethiopia,draw_178,Female,0.0,0.01917808,75.67568,2.6324560810431223
ethiopia,draw_178,Male,0.0,0.01917808,75.67568,2.496537876622269
nigeria,draw_178,Female,0.0,0.01917808,75.67568,2.5127932376884505
nigeria,draw_178,Male,0.0,0.01917808,75.67568,2.536457128756349
pakistan,draw_178,Female,0.0,0.01917808,75.67568,1.8837751558230214
pakistan,draw_178,Male,0.0,0.01917808,75.67568,2.1158616664881316
ethiopia,draw_178,Female,0.0,0.01917808,75.78579,2.6296874447193
ethiopia,draw_178,Male,0.0,0.01917808,75.78579,2.4944354652823773
nigeria,draw_178,Female,0.0,0.01917808,75.78579,2.510700112384373
nigeria,draw_178,Male,0.0,0.01917808,75.78579,2.5342261234872328
pakistan,draw_178,Female,0.0,0.01917808,75.78579,1.8853810035484173
pakistan,draw_178,Male,0.0,0.01917808,75.78579,2.1160451310371426
ethiopia,draw_178,Female,0.0,0.01917808,75.8959,2.6268910682931748
ethiopia,draw_178,Male,0.0,0.01917808,75.8959,2.4923059870593134
nigeria,draw_178,Female,0.0,0.01917808,75.8959,2.5085777930726656
nigeria,draw_178,Male,0.0,0.01917808,75.8959,2.5319658678684593
pakistan,draw_178,Female,0.0,0.01917808,75.8959,1.8869573615112387
pakistan,draw_178,Male,0.0,0.01917808,75.8959,2.116200439465072
ethiopia,draw_178,Female,0.0,0.01917808,76.00601,2.6240651053441186
ethiopia,draw_178,Male,0.0,0.01917808,76.00601,2.4901474922178854
nigeria,draw_178,Female,0.0,0.01917808,76.00601,2.506428332179907
nigeria,draw_178,Male,0.0,0.01917808,76.00601,2.529677357464087
pakistan,draw_178,Female,0.0,0.01917808,76.00601,1.8885052656174495
pakistan,draw_178,Male,0.0,0.01917808,76.00601,2.1163274116212136
ethiopia,draw_178,Female,0.0,0.01917808,76.11612,2.6212125250040246
ethiopia,draw_178,Male,0.0,0.01917808,76.11612,2.48796268134118
nigeria,draw_178,Female,0.0,0.01917808,76.11612,2.504248658869936
nigeria,draw_178,Male,0.0,0.01917808,76.11612,2.5273602650360605
pakistan,draw_178,Female,0.0,0.01917808,76.11612,1.890024700475218
pakistan,draw_178,Male,0.0,0.01917808,76.11612,2.1164243921541277
ethiopia,draw_178,Female,0.0,0.01917808,76.22623,2.6183310017373884
ethiopia,draw_178,Male,0.0,0.01917808,76.22623,2.4857483791126427
nigeria,draw_178,Female,0.0,0.01917808,76.22623,2.5020415136981833
nigeria,draw_178,Male,0.0,0.01917808,76.22623,2.525016166228899
pakistan,draw_178,Female,0.0,0.01917808,76.22623,1.8915136151110723
pakistan,draw_178,Male,0.0,0.01917808,76.22623,2.116492609808553
ethiopia,draw_178,Female,0.0,0.01917808,76.33634,2.6154218657135475
ethiopia,draw_178,Male,0.0,0.01917808,76.33634,2.4835062832450387
nigeria,draw_178,Female,0.0,0.01917808,76.33634,2.499802542049505
nigeria,draw_178,Male,0.0,0.01917808,76.33634,2.5226431868645736
pakistan,draw_178,Female,0.0,0.01917808,76.33634,1.8929716832111998
pakistan,draw_178,Male,0.0,0.01917808,76.33634,2.116531115216841
ethiopia,draw_178,Female,0.0,0.01917808,76.44645,2.6124858016103216
ethiopia,draw_178,Male,0.0,0.01917808,76.44645,2.4812369018888822
nigeria,draw_178,Female,0.0,0.01917808,76.44645,2.4975349442016648
nigeria,draw_178,Male,0.0,0.01917808,76.44645,2.520241685067519
pakistan,draw_178,Female,0.0,0.01917808,76.44645,1.8943987295119809
pakistan,draw_178,Male,0.0,0.01917808,76.44645,2.116538871716426
ethiopia,draw_178,Female,0.0,0.01917808,76.55656,2.60952235712077
ethiopia,draw_178,Male,0.0,0.01917808,76.55656,2.47893835359853
nigeria,draw_178,Female,0.0,0.01917808,76.55656,2.4952384139142447
nigeria,draw_178,Male,0.0,0.01917808,76.55656,2.5178116309602285
pakistan,draw_178,Female,0.0,0.01917808,76.55656,1.8957963947020908
pakistan,draw_178,Male,0.0,0.01917808,76.55656,2.1165181785419023
ethiopia,draw_178,Female,0.0,0.01917808,76.66667,2.606530045758019
ethiopia,draw_178,Male,0.0,0.01917808,76.66667,2.4766115116743728
nigeria,draw_178,Female,0.0,0.01917808,76.66667,2.4929105081395972
nigeria,draw_178,Male,0.0,0.01917808,76.66667,2.515352158005314
pakistan,draw_178,Female,0.0,0.01917808,76.66667,1.8971632941265357
pakistan,draw_178,Male,0.0,0.01917808,76.66667,2.116468364060374
ethiopia,draw_178,Female,0.0,0.01917808,76.77678,2.6035079053496863
ethiopia,draw_178,Male,0.0,0.01917808,76.77678,2.474257649002634
nigeria,draw_178,Female,0.0,0.01917808,76.77678,2.490553449637475
nigeria,draw_178,Male,0.0,0.01917808,76.77678,2.5128645051175917
pakistan,draw_178,Female,0.0,0.01917808,76.77678,1.8985013295941058
pakistan,draw_178,Male,0.0,0.01917808,76.77678,2.1163885603655306
ethiopia,draw_178,Female,0.0,0.01917808,76.88689,2.600459003532001
ethiopia,draw_178,Male,0.0,0.01917808,76.88689,2.4718746340963036
nigeria,draw_178,Female,0.0,0.01917808,76.88689,2.488166479499957
nigeria,draw_178,Male,0.0,0.01917808,76.88689,2.510346545117271
pakistan,draw_178,Female,0.0,0.01917808,76.88689,1.8998094174223057
pakistan,draw_178,Male,0.0,0.01917808,76.88689,2.1162799891249535
ethiopia,draw_178,Female,0.0,0.01917808,76.997,2.5973831841184207
ethiopia,draw_178,Male,0.0,0.01917808,76.997,2.469463084165604
nigeria,draw_178,Female,0.0,0.01917808,76.997,2.485752087482124
nigeria,draw_178,Male,0.0,0.01917808,76.997,2.507799371855392
pakistan,draw_178,Female,0.0,0.01917808,76.997,1.9010874417966983
pakistan,draw_178,Male,0.0,0.01917808,76.997,2.116140198158324
ethiopia,draw_178,Female,0.0,0.01917808,77.10711,2.5942786651775704
ethiopia,draw_178,Male,0.0,0.01917808,77.10711,2.4670241001113835
nigeria,draw_178,Female,0.0,0.01917808,77.10711,2.48330886468393
nigeria,draw_178,Male,0.0,0.01917808,77.10711,2.505225386968122
pakistan,draw_178,Female,0.0,0.01917808,77.10711,1.9023349398805873
pakistan,draw_178,Male,0.0,0.01917808,77.10711,2.115970925310905
ethiopia,draw_178,Female,0.0,0.01917808,77.21722,2.591147296877719
ethiopia,draw_178,Male,0.0,0.01917808,77.21722,2.4645580366842617
nigeria,draw_178,Female,0.0,0.01917808,77.21722,2.4808352120739716
nigeria,draw_178,Male,0.0,0.01917808,77.21722,2.5026209714051015
pakistan,draw_178,Female,0.0,0.01917808,77.21722,1.9035516758954232
pakistan,draw_178,Male,0.0,0.01917808,77.21722,2.115770686695476
ethiopia,draw_178,Female,0.0,0.01917808,77.32733,2.587987708905862
ethiopia,draw_178,Male,0.0,0.01917808,77.32733,2.462062711823951
nigeria,draw_178,Female,0.0,0.01917808,77.32733,2.4783326500413336
nigeria,draw_178,Male,0.0,0.01917808,77.32733,2.4999875528126716
pakistan,draw_178,Female,0.0,0.01917808,77.32733,1.9047390099614807
pakistan,draw_178,Male,0.0,0.01917808,77.32733,2.115540856824598
ethiopia,draw_178,Female,0.0,0.01917808,77.43744,2.584801262039369
ethiopia,draw_178,Male,0.0,0.01917808,77.43744,2.4595395729866523
nigeria,draw_178,Female,0.0,0.01917808,77.43744,2.4758002335263223
nigeria,draw_178,Male,0.0,0.01917808,77.43744,2.4973254723176566
pakistan,draw_178,Female,0.0,0.01917808,77.43744,1.905894963589404
pakistan,draw_178,Male,0.0,0.01917808,77.43744,2.115279888063189
ethiopia,draw_178,Female,0.0,0.01917808,77.54755,2.5815843998114314
ethiopia,draw_178,Male,0.0,0.01917808,77.54755,2.4569872007721756
nigeria,draw_178,Female,0.0,0.01917808,77.54755,2.473238259977543
nigeria,draw_178,Male,0.0,0.01917808,77.54755,2.4946357344693992
pakistan,draw_178,Female,0.0,0.01917808,77.54755,1.9070195254086584
pakistan,draw_178,Male,0.0,0.01917808,77.54755,2.114988326126797
ethiopia,draw_178,Female,0.0,0.01917808,77.65766,2.578339015675204
ethiopia,draw_178,Male,0.0,0.01917808,77.65766,2.45440545281706
nigeria,draw_178,Female,0.0,0.01917808,77.65766,2.4706466136085
nigeria,draw_178,Male,0.0,0.01917808,77.65766,2.4919155211596147
pakistan,draw_178,Female,0.0,0.01917808,77.65766,1.9081125274442052
pakistan,draw_178,Male,0.0,0.01917808,77.65766,2.114665713093144
ethiopia,draw_178,Female,0.0,0.01917808,77.76777,2.5750655283026154
ethiopia,draw_178,Male,0.0,0.01917808,77.76777,2.451794927974614
nigeria,draw_178,Female,0.0,0.01917808,77.76777,2.4680275412895334
nigeria,draw_178,Male,0.0,0.01917808,77.76777,2.489168583108026
pakistan,draw_178,Female,0.0,0.01917808,77.76777,1.9091745452084545
pakistan,draw_178,Male,0.0,0.01917808,77.76777,2.114312640217878
ethiopia,draw_178,Female,0.0,0.01917808,77.87788,2.5717645568701935
ethiopia,draw_178,Male,0.0,0.01917808,77.87788,2.449156252874952
nigeria,draw_178,Female,0.0,0.01917808,77.87788,2.465378820006021
nigeria,draw_178,Male,0.0,0.01917808,77.87788,2.486393194840018
pakistan,draw_178,Female,0.0,0.01917808,77.87788,1.9102023034494966
pakistan,draw_178,Male,0.0,0.01917808,77.87788,2.11392840386717
ethiopia,draw_178,Female,0.0,0.01917808,77.98799,2.5684364776725404
ethiopia,draw_178,Male,0.0,0.01917808,77.98799,2.44648919392779
nigeria,draw_178,Female,0.0,0.01917808,77.98799,2.462700833113642
nigeria,draw_178,Male,0.0,0.01917808,77.98799,2.4835882783765935
pakistan,draw_178,Female,0.0,0.01917808,77.98799,1.9111971042730023
pakistan,draw_178,Male,0.0,0.01917808,77.98799,2.113514056550946
ethiopia,draw_178,Female,0.0,0.01917808,78.0981,2.565078044601921
ethiopia,draw_178,Male,0.0,0.01917808,78.0981,2.4437938165314255
nigeria,draw_178,Female,0.0,0.01917808,78.0981,2.459995099057976
nigeria,draw_178,Male,0.0,0.01917808,78.0981,2.480756162757974
pakistan,draw_178,Female,0.0,0.01917808,78.0981,1.9121604955306013
pakistan,draw_178,Male,0.0,0.01917808,78.0981,2.113069958756376
ethiopia,draw_178,Female,0.0,0.01917808,78.20821,2.561691346256901
ethiopia,draw_178,Male,0.0,0.01917808,78.20821,2.4410695200121593
nigeria,draw_178,Female,0.0,0.01917808,78.20821,2.457258530789511
nigeria,draw_178,Male,0.0,0.01917808,78.20821,2.4778932735478105
pakistan,draw_178,Female,0.0,0.01917808,78.20821,1.9130910108622086
pakistan,draw_178,Male,0.0,0.01917808,78.20821,2.1125953288413917
ethiopia,draw_178,Female,0.0,0.01917808,78.31832,2.5582772475819255
ethiopia,draw_178,Male,0.0,0.01917808,78.31832,2.4383173521421124
nigeria,draw_178,Female,0.0,0.01917808,78.31832,2.4544923066643416
nigeria,draw_178,Male,0.0,0.01917808,78.31832,2.4750033382424648
pakistan,draw_178,Female,0.0,0.01917808,78.31832,1.9139899564970015
pakistan,draw_178,Male,0.0,0.01917808,78.31832,2.1120898678823186
ethiopia,draw_178,Female,0.0,0.01917808,78.42843,2.5548346024684974
ethiopia,draw_178,Male,0.0,0.01917808,78.42843,2.4355346812953194
nigeria,draw_178,Female,0.0,0.01917808,78.42843,2.451697084552973
nigeria,draw_178,Male,0.0,0.01917808,78.42843,2.4720849058422467
pakistan,draw_178,Female,0.0,0.01917808,78.42843,1.9148566346973552
pakistan,draw_178,Male,0.0,0.01917808,78.42843,2.1115523721907974
ethiopia,draw_178,Female,0.0,0.01917808,78.53854,2.551362384397774
ethiopia,draw_178,Male,0.0,0.01917808,78.53854,2.432724706106107
nigeria,draw_178,Female,0.0,0.01917808,78.53854,2.4488726556110776
nigeria,draw_178,Male,0.0,0.01917808,78.53854,2.4691367053903273
pakistan,draw_178,Female,0.0,0.01917808,78.53854,1.9156902244524066
pakistan,draw_178,Male,0.0,0.01917808,78.53854,2.1109843918103133
ethiopia,draw_178,Female,0.0,0.01917808,78.64865,2.547861999367847
ethiopia,draw_178,Male,0.0,0.01917808,78.64865,2.42988690142718
nigeria,draw_178,Female,0.0,0.01917808,78.64865,2.446021466855037
nigeria,draw_178,Male,0.0,0.01917808,78.64865,2.466159335378941
pakistan,draw_178,Female,0.0,0.01917808,78.64865,1.9164896538686866
pakistan,draw_178,Male,0.0,0.01917808,78.64865,2.110384127432323
ethiopia,draw_178,Female,0.0,0.01917808,78.75876,2.544332646888654
ethiopia,draw_178,Male,0.0,0.01917808,78.75876,2.42702052607832
nigeria,draw_178,Female,0.0,0.01917808,78.75876,2.4431371717155006
nigeria,draw_178,Male,0.0,0.01917808,78.75876,2.4631527451737965
pakistan,draw_178,Female,0.0,0.01917808,78.75876,1.9172553996167905
pakistan,draw_178,Male,0.0,0.01917808,78.75876,2.109753348166256
ethiopia,draw_178,Female,0.0,0.01917808,78.86887,2.540774106689176
ethiopia,draw_178,Male,0.0,0.01917808,78.86887,2.4241251720460575
nigeria,draw_178,Female,0.0,0.01917808,78.86887,2.4402235769863636
nigeria,draw_178,Male,0.0,0.01917808,78.86887,2.4601162595742796
pakistan,draw_178,Female,0.0,0.01917808,78.86887,1.9179877548411162
pakistan,draw_178,Male,0.0,0.01917808,78.86887,2.109089751094828
ethiopia,draw_178,Female,0.0,0.01917808,78.97898,2.537188823812156
ethiopia,draw_178,Male,0.0,0.01917808,78.97898,2.421201367212944
nigeria,draw_178,Female,0.0,0.01917808,78.97898,2.4372828993015156
nigeria,draw_178,Male,0.0,0.01917808,78.97898,2.457051339879298
pakistan,draw_178,Female,0.0,0.01917808,78.97898,1.918686976437681
pakistan,draw_178,Male,0.0,0.01917808,78.97898,2.10839482408719
ethiopia,draw_178,Female,0.0,0.01917808,79.08909,2.5335756949902084
ethiopia,draw_178,Male,0.0,0.01917808,79.08909,2.4182504963426386
nigeria,draw_178,Female,0.0,0.01917808,79.08909,2.434310819370207
nigeria,draw_178,Male,0.0,0.01917808,79.08909,2.453957461192822
pakistan,draw_178,Female,0.0,0.01917808,79.08909,1.9193521612833404
pakistan,draw_178,Male,0.0,0.01917808,79.08909,2.1076684076856367
ethiopia,draw_178,Female,0.0,0.01917808,79.1992,2.529933154730576
ethiopia,draw_178,Male,0.0,0.01917808,79.1992,2.415271025957744
nigeria,draw_178,Female,0.0,0.01917808,79.1992,2.4313092621020127
nigeria,draw_178,Male,0.0,0.01917808,79.1992,2.4508355726920423
pakistan,draw_178,Female,0.0,0.01917808,79.1992,1.9199843690226928
pakistan,draw_178,Male,0.0,0.01917808,79.1992,2.106909761724641
ethiopia,draw_178,Female,0.0,0.01917808,79.30931,2.526264442105395
ethiopia,draw_178,Male,0.0,0.01917808,79.30931,2.4122626581851865
nigeria,draw_178,Female,0.0,0.01917808,79.30931,2.428277289175089
nigeria,draw_178,Male,0.0,0.01917808,79.30931,2.4476853455591896
pakistan,draw_178,Female,0.0,0.01917808,79.30931,1.9205836764591981
pakistan,draw_178,Male,0.0,0.01917808,79.30931,2.106119617283477
ethiopia,draw_178,Female,0.0,0.01917808,79.41942,2.5225674582529694
ethiopia,draw_178,Male,0.0,0.01917808,79.41942,2.4092266977268717
nigeria,draw_178,Female,0.0,0.01917808,79.41942,2.4252171697820026
nigeria,draw_178,Male,0.0,0.01917808,79.41942,2.4445060560666914
pakistan,draw_178,Female,0.0,0.01917808,79.41942,1.9211505290524067
pakistan,draw_178,Male,0.0,0.01917808,79.41942,2.105298343377615
ethiopia,draw_178,Female,0.0,0.01917808,79.52953,2.518841133214329
ethiopia,draw_178,Male,0.0,0.01917808,79.52953,2.406163120046563
nigeria,draw_178,Female,0.0,0.01917808,79.52953,2.422126938404399
nigeria,draw_178,Male,0.0,0.01917808,79.52953,2.441296822856604
pakistan,draw_178,Female,0.0,0.01917808,79.52953,1.9216840267677622
pakistan,draw_178,Male,0.0,0.01917808,79.52953,2.1044444142583942
ethiopia,draw_178,Female,0.0,0.01917808,79.63964,2.5150873381153556
ethiopia,draw_178,Male,0.0,0.01917808,79.63964,2.4030673090877084
nigeria,draw_178,Female,0.0,0.01917808,79.63964,2.419007127110285
nigeria,draw_178,Male,0.0,0.01917808,79.63964,2.4380589968381896
pakistan,draw_178,Female,0.0,0.01917808,79.63964,1.9221810653629914
pakistan,draw_178,Male,0.0,0.01917808,79.63964,2.103557042000142
ethiopia,draw_178,Female,0.0,0.01917808,79.74975,2.511302813721096
ethiopia,draw_178,Male,0.0,0.01917808,79.74975,2.399944459560188
nigeria,draw_178,Female,0.0,0.01917808,79.74975,2.4158571449038337
nigeria,draw_178,Male,0.0,0.01917808,79.74975,2.4347905551922575
pakistan,draw_178,Female,0.0,0.01917808,79.74975,1.922642898968695
pakistan,draw_178,Male,0.0,0.01917808,79.74975,2.102638896606214
ethiopia,draw_178,Female,0.0,0.01917808,79.85986,2.507491745740305
ethiopia,draw_178,Male,0.0,0.01917808,79.85986,2.3967928862921806
nigeria,draw_178,Female,0.0,0.01917808,79.85986,2.4126759937913533
nigeria,draw_178,Male,0.0,0.01917808,79.85986,2.4314936261855733
pakistan,draw_178,Female,0.0,0.01917808,79.85986,1.9230713978450449
pakistan,draw_178,Male,0.0,0.01917808,79.85986,2.101687784579511
ethiopia,draw_178,Female,0.0,0.01917808,79.96997,2.5036527211946766
ethiopia,draw_178,Male,0.0,0.01917808,79.96997,2.3936135225162407
nigeria,draw_178,Female,0.0,0.01917808,79.96997,2.4094673903215176
nigeria,draw_178,Male,0.0,0.01917808,79.96997,2.4281684240228674
pakistan,draw_178,Female,0.0,0.01917808,79.96997,1.9234663657341176
pakistan,draw_178,Male,0.0,0.01917808,79.96997,2.1007037436885354
ethiopia,draw_178,Female,0.0,0.01917808,80.08008,2.499785637729016
ethiopia,draw_178,Male,0.0,0.01917808,80.08008,2.390403935557083
nigeria,draw_178,Female,0.0,0.01917808,80.08008,2.4062277699873023
nigeria,draw_178,Male,0.0,0.01917808,80.08008,2.4248154199223038
pakistan,draw_178,Female,0.0,0.01917808,80.08008,1.9238274968200801
pakistan,draw_178,Male,0.0,0.01917808,80.08008,2.0996870358663138
ethiopia,draw_178,Female,0.0,0.01917808,80.19019,2.495889511331798
ethiopia,draw_178,Male,0.0,0.01917808,80.19019,2.3871689239782774
nigeria,draw_178,Female,0.0,0.01917808,80.19019,2.402959864774479
nigeria,draw_178,Male,0.0,0.01917808,80.19019,2.4214331261733264
pakistan,draw_178,Female,0.0,0.01917808,80.19019,1.9241539076714744
pakistan,draw_178,Male,0.0,0.01917808,80.19019,2.0986382310846556
ethiopia,draw_178,Female,0.0,0.01917808,80.3003,2.491965891027524
ethiopia,draw_178,Male,0.0,0.01917808,80.3003,2.3839035040656595
nigeria,draw_178,Female,0.0,0.01917808,80.3003,2.3996627430939785
nigeria,draw_178,Male,0.0,0.01917808,80.3003,2.4180211284272803
pakistan,draw_178,Female,0.0,0.01917808,80.3003,1.9244463842286224
pakistan,draw_178,Male,0.0,0.01917808,80.3003,2.0975574029467117
ethiopia,draw_178,Female,0.0,0.01917808,80.41041,2.4880132094692287
ethiopia,draw_178,Male,0.0,0.01917808,80.41041,2.3806107386940933
nigeria,draw_178,Female,0.0,0.01917808,80.41041,2.396335215603336
nigeria,draw_178,Male,0.0,0.01917808,80.41041,2.4145806868595847
pakistan,draw_178,Female,0.0,0.01917808,80.41041,1.924702467297248
pakistan,draw_178,Male,0.0,0.01917808,80.41041,2.0964439137154853
ethiopia,draw_178,Female,0.0,0.01917808,80.52052,2.484034348821541
ethiopia,draw_178,Male,0.0,0.01917808,80.52052,2.3772878966786926
nigeria,draw_178,Female,0.0,0.01917808,80.52052,2.3929766096273406
nigeria,draw_178,Male,0.0,0.01917808,80.52052,2.41111112631396
pakistan,draw_178,Female,0.0,0.01917808,80.52052,1.9249235834560967
pakistan,draw_178,Male,0.0,0.01917808,80.52052,2.095297834965207
ethiopia,draw_178,Female,0.0,0.01917808,80.63063,2.4800266428471667
ethiopia,draw_178,Male,0.0,0.01917808,80.63063,2.3739363526066555
nigeria,draw_178,Female,0.0,0.01917808,80.63063,2.3895901608035808
nigeria,draw_178,Male,0.0,0.01917808,80.63063,2.4076131945238983
pakistan,draw_178,Female,0.0,0.01917808,80.63063,1.9251083995948142
pakistan,draw_178,Male,0.0,0.01917808,80.63063,2.094119482061175
ethiopia,draw_178,Female,0.0,0.01917808,80.74074,2.4759898340017092
ethiopia,draw_178,Male,0.0,0.01917808,80.74074,2.370556244207965
nigeria,draw_178,Female,0.0,0.01917808,80.74074,2.3861734265796652
nigeria,draw_178,Male,0.0,0.01917808,80.74074,2.404085506766824
pakistan,draw_178,Female,0.0,0.01917808,80.74074,1.9252578960218083
pakistan,draw_178,Male,0.0,0.01917808,80.74074,2.092907186602916
ethiopia,draw_178,Female,0.0,0.01917808,80.85085,2.471926180842236
ethiopia,draw_178,Male,0.0,0.01917808,80.85085,2.3671469512016876
nigeria,draw_178,Female,0.0,0.01917808,80.85085,2.3827270475802647
nigeria,draw_178,Male,0.0,0.01917808,80.85085,2.4005291596909686
pakistan,draw_178,Female,0.0,0.01917808,80.85085,1.9253705325417352
pakistan,draw_178,Male,0.0,0.01917808,80.85085,2.0916623421633416
ethiopia,draw_178,Female,0.0,0.01917808,80.96096,2.467833339488341
ethiopia,draw_178,Male,0.0,0.01917808,80.96096,2.3637067579251783
nigeria,draw_178,Female,0.0,0.01917808,80.96096,2.3792507274597443
nigeria,draw_178,Male,0.0,0.01917808,80.96096,2.3969430991088507
pakistan,draw_178,Female,0.0,0.01917808,80.96096,1.9254485874866996
pakistan,draw_178,Male,0.0,0.01917808,80.96096,2.0903840553492765
ethiopia,draw_178,Female,0.0,0.01917808,81.07107,2.4637127408130577
ethiopia,draw_178,Male,0.0,0.01917808,81.07107,2.360239326543541
nigeria,draw_178,Female,0.0,0.01917808,81.07107,2.3757453545871092
nigeria,draw_178,Male,0.0,0.01917808,81.07107,2.3933276225482416
pakistan,draw_178,Female,0.0,0.01917808,81.07107,1.9254894202341761
pakistan,draw_178,Male,0.0,0.01917808,81.07107,2.0890720360970723
ethiopia,draw_178,Female,0.0,0.01917808,81.18118,2.459563915086899
ethiopia,draw_178,Male,0.0,0.01917808,81.18118,2.3567435878466596
nigeria,draw_178,Female,0.0,0.01917808,81.18118,2.3722103302013835
nigeria,draw_178,Male,0.0,0.01917808,81.18118,2.389683384371756
pakistan,draw_178,Female,0.0,0.01917808,81.18118,1.9254945407872208
pakistan,draw_178,Male,0.0,0.01917808,81.18118,2.0877275295773408
ethiopia,draw_178,Female,0.0,0.01917808,81.29129,2.455386652029159
ethiopia,draw_178,Male,0.0,0.01917808,81.29129,2.353219356792801
nigeria,draw_178,Female,0.0,0.01917808,81.29129,2.3686458372263366
nigeria,draw_178,Male,0.0,0.01917808,81.29129,2.386012251200714
pakistan,draw_178,Female,0.0,0.01917808,81.29129,1.9254644126667801
pakistan,draw_178,Male,0.0,0.01917808,81.29129,2.0863510026478047
ethiopia,draw_178,Female,0.0,0.01917808,81.4014,2.4511831634108954
ethiopia,draw_178,Male,0.0,0.01917808,81.4014,2.3496663244578126
nigeria,draw_178,Female,0.0,0.01917808,81.4014,2.36505230047977
nigeria,draw_178,Male,0.0,0.01917808,81.4014,2.3823092878872356
pakistan,draw_178,Female,0.0,0.01917808,81.4014,1.9253984397779265
pakistan,draw_178,Male,0.0,0.01917808,81.4014,2.0849415262538677
ethiopia,draw_178,Female,0.0,0.01917808,81.51151,2.446949634008138
ethiopia,draw_178,Male,0.0,0.01917808,81.51151,2.3460855269858087
nigeria,draw_178,Female,0.0,0.01917808,81.51151,2.361428606751099
nigeria,draw_178,Male,0.0,0.01917808,81.51151,2.3785791792840594
pakistan,draw_178,Female,0.0,0.01917808,81.51151,1.9252950567983589
pakistan,draw_178,Male,0.0,0.01917808,81.51151,2.0835003687060096
ethiopia,draw_178,Female,0.0,0.01917808,81.62162,2.442690168091478
ethiopia,draw_178,Male,0.0,0.01917808,81.62162,2.342475892768398
nigeria,draw_178,Female,0.0,0.01917808,81.62162,2.3577763015205915
nigeria,draw_178,Male,0.0,0.01917808,81.62162,2.3748198298875933
pakistan,draw_178,Female,0.0,0.01917808,81.62162,1.925154490646327
pakistan,draw_178,Male,0.0,0.01917808,81.62162,2.082026100579441
ethiopia,draw_178,Female,0.0,0.01917808,81.73173,2.438401359497179
ethiopia,draw_178,Male,0.0,0.01917808,81.73173,2.338836104061801
nigeria,draw_178,Female,0.0,0.01917808,81.73173,2.35409301319621
nigeria,draw_178,Male,0.0,0.01917808,81.73173,2.371030234513691
pakistan,draw_178,Female,0.0,0.01917808,81.73173,1.924975603056968
pakistan,draw_178,Male,0.0,0.01917808,81.73173,2.0805185349217883
ethiopia,draw_178,Female,0.0,0.01917808,81.84184,2.4340834896402854
ethiopia,draw_178,Male,0.0,0.01917808,81.84184,2.3351676308820735
nigeria,draw_178,Female,0.0,0.01917808,81.84184,2.3503809769422674
nigeria,draw_178,Male,0.0,0.01917808,81.84184,2.3672111973879604
pakistan,draw_178,Female,0.0,0.01917808,81.84184,1.9247590866906126
pakistan,draw_178,Male,0.0,0.01917808,81.84184,2.0789781789181356
ethiopia,draw_178,Female,0.0,0.01917808,81.95195,2.4297391201390344
ethiopia,draw_178,Male,0.0,0.01917808,81.95195,2.3314699624267496
nigeria,draw_178,Female,0.0,0.01917808,81.95195,2.346637885041786
nigeria,draw_178,Male,0.0,0.01917808,81.95195,2.3633640855171074
pakistan,draw_178,Female,0.0,0.01917808,81.95195,1.924505562095989
pakistan,draw_178,Male,0.0,0.01917808,81.95195,2.077402824072258
ethiopia,draw_178,Female,0.0,0.01917808,82.06206,2.4253678341929814
ethiopia,draw_178,Male,0.0,0.01917808,82.06206,2.3277445409942956
nigeria,draw_178,Female,0.0,0.01917808,82.06206,2.3428658534150664
nigeria,draw_178,Male,0.0,0.01917808,82.06206,2.3594881874246223
pakistan,draw_178,Female,0.0,0.01917808,82.06206,1.9242149094544523
pakistan,draw_178,Male,0.0,0.01917808,82.06206,2.0757943163148447
ethiopia,draw_178,Female,0.0,0.01917808,82.17217,2.420967260950156
ethiopia,draw_178,Male,0.0,0.01917808,82.17217,2.323989711367771
nigeria,draw_178,Female,0.0,0.01917808,82.17217,2.339064068804539
nigeria,draw_178,Male,0.0,0.01917808,82.17217,2.355582748223229
pakistan,draw_178,Female,0.0,0.01917808,82.17217,1.9238866481174615
pakistan,draw_178,Male,0.0,0.01917808,82.17217,2.0741527956059658
ethiopia,draw_178,Female,0.0,0.01917808,82.28228,2.41654086730604
ethiopia,draw_178,Male,0.0,0.01917808,82.28228,2.3202080320588534
nigeria,draw_178,Female,0.0,0.01917808,82.28228,2.335234243985334
nigeria,draw_178,Male,0.0,0.01917808,82.28228,2.3516487572056817
pakistan,draw_178,Female,0.0,0.01917808,82.28228,1.923520282538602
pakistan,draw_178,Male,0.0,0.01917808,82.28228,2.0724784770989957
ethiopia,draw_178,Female,0.0,0.01917808,82.39239,2.412085670339974
ethiopia,draw_178,Male,0.0,0.01917808,82.39239,2.316396489720066
nigeria,draw_178,Female,0.0,0.01917808,82.39239,2.331375345404061
nigeria,draw_178,Male,0.0,0.01917808,82.39239,2.3476863032538255
pakistan,draw_178,Female,0.0,0.01917808,82.39239,1.923117380166295
pakistan,draw_178,Male,0.0,0.01917808,82.39239,2.070769726967342
ethiopia,draw_178,Female,0.0,0.01917808,82.5025,2.4076040118543545
ethiopia,draw_178,Male,0.0,0.01917808,82.5025,2.312557441040321
nigeria,draw_178,Female,0.0,0.01917808,82.5025,2.3274854071719266
nigeria,draw_178,Male,0.0,0.01917808,82.5025,2.3436957648667773
pakistan,draw_178,Female,0.0,0.01917808,82.5025,1.9226754485998723
pakistan,draw_178,Male,0.0,0.01917808,82.5025,2.0690267843292265
ethiopia,draw_178,Female,0.0,0.01917808,82.61261,2.403094025096579
ethiopia,draw_178,Male,0.0,0.01917808,82.61261,2.3086905258713357
nigeria,draw_178,Female,0.0,0.01917808,82.61261,2.3235660613214897
nigeria,draw_178,Male,0.0,0.01917808,82.61261,2.3396762211669624
pakistan,draw_178,Female,0.0,0.01917808,82.61261,1.9221949783524153
pakistan,draw_178,Male,0.0,0.01917808,82.61261,2.0672495696824256
ethiopia,draw_178,Female,0.0,0.01917808,82.72272,2.398554785934769
ethiopia,draw_178,Male,0.0,0.01917808,82.72272,2.3047940678295284
nigeria,draw_178,Female,0.0,0.01917808,82.72272,2.319618836297986
nigeria,draw_178,Male,0.0,0.01917808,82.72272,2.335626538883451
pakistan,draw_178,Female,0.0,0.01917808,82.72272,1.9216775094294154
pakistan,draw_178,Male,0.0,0.01917808,82.72272,2.065438462504406
ethiopia,draw_178,Female,0.0,0.01917808,82.83283,2.3939884429549383
ethiopia,draw_178,Male,0.0,0.01917808,82.83283,2.3008676583741896
nigeria,draw_178,Female,0.0,0.01917808,82.83283,2.315639659907828
nigeria,draw_178,Male,0.0,0.01917808,82.83283,2.3315493916860377
pakistan,draw_178,Female,0.0,0.01917808,82.83283,1.9211217320353464
pakistan,draw_178,Male,0.0,0.01917808,82.83283,2.0635929644909656
ethiopia,draw_178,Female,0.0,0.01917808,82.94294,2.3893941303939727
ethiopia,draw_178,Male,0.0,0.01917808,82.94294,2.2969136465645823
nigeria,draw_178,Female,0.0,0.01917808,82.94294,2.3116333975843717
nigeria,draw_178,Male,0.0,0.01917808,82.94294,2.3274433424622063
pakistan,draw_178,Female,0.0,0.01917808,82.94294,1.92052857651782
pakistan,draw_178,Male,0.0,0.01917808,82.94294,2.061713577604697
ethiopia,draw_178,Female,0.0,0.01917808,83.05305,2.384772821253096
ethiopia,draw_178,Male,0.0,0.01917808,83.05305,2.2929309841026484
nigeria,draw_178,Female,0.0,0.01917808,83.05305,2.307597914279499
nigeria,draw_178,Male,0.0,0.01917808,83.05305,2.323309438573175
pakistan,draw_178,Female,0.0,0.01917808,83.05305,1.919898330650179
pakistan,draw_178,Male,0.0,0.01917808,83.05305,2.059800838323334
ethiopia,draw_178,Female,0.0,0.01917808,83.16316,2.3801233849451875
ethiopia,draw_178,Male,0.0,0.01917808,83.16316,2.2889204989834986
nigeria,draw_178,Female,0.0,0.01917808,83.16316,2.303531565419774
nigeria,draw_178,Male,0.0,0.01917808,83.16316,2.319146932574659
pakistan,draw_178,Female,0.0,0.01917808,83.16316,1.919230617264759
pakistan,draw_178,Male,0.0,0.01917808,83.16316,2.0578537198151543
ethiopia,draw_178,Female,0.0,0.01917808,83.27327,2.3754480182331763
ethiopia,draw_178,Male,0.0,0.01917808,83.27327,2.2848844014882403
nigeria,draw_178,Female,0.0,0.01917808,83.27327,2.2994383471920252
nigeria,draw_178,Male,0.0,0.01917808,83.27327,2.314958668426895
pakistan,draw_178,Female,0.0,0.01917808,83.27327,1.9185267216267978
pakistan,draw_178,Male,0.0,0.01917808,83.27327,2.055874843228789
ethiopia,draw_178,Female,0.0,0.01917808,83.38338,2.370749391187445
ethiopia,draw_178,Male,0.0,0.01917808,83.38338,2.280821645299261
nigeria,draw_178,Female,0.0,0.01917808,83.38338,2.2953221929385417
nigeria,draw_178,Male,0.0,0.01917808,83.38338,2.3107455835053576
pakistan,draw_178,Female,0.0,0.01917808,83.38338,1.9177870977274125
pakistan,draw_178,Male,0.0,0.01917808,83.38338,2.05386448996798
ethiopia,draw_178,Female,0.0,0.01917808,83.49349,2.366029944451988
ethiopia,draw_178,Male,0.0,0.01917808,83.49349,2.276737835246279
nigeria,draw_178,Female,0.0,0.01917808,83.49349,2.291178684860506
nigeria,draw_178,Male,0.0,0.01917808,83.49349,2.3065077992743284
pakistan,draw_178,Female,0.0,0.01917808,83.49349,1.9170131661991519
pakistan,draw_178,Male,0.0,0.01917808,83.49349,2.0518249719073895
ethiopia,draw_178,Female,0.0,0.01917808,83.6036,2.361286117990965
ethiopia,draw_178,Male,0.0,0.01917808,83.6036,2.2726275537225273
nigeria,draw_178,Female,0.0,0.01917808,83.6036,2.2870142717313597
nigeria,draw_178,Male,0.0,0.01917808,83.6036,2.3022471350863665
pakistan,draw_178,Female,0.0,0.01917808,83.6036,1.916205959681484
pakistan,draw_178,Male,0.0,0.01917808,83.6036,2.049756317486374
ethiopia,draw_178,Female,0.0,0.01917808,83.71371,2.356521148279242
ethiopia,draw_178,Male,0.0,0.01917808,83.71371,2.2684953823217517
nigeria,draw_178,Female,0.0,0.01917808,83.71371,2.282824644270702
nigeria,draw_178,Male,0.0,0.01917808,83.71371,2.2979646026926064
pakistan,draw_178,Female,0.0,0.01917808,83.71371,1.9153648964175665
pakistan,draw_178,Male,0.0,0.01917808,83.71371,2.047658678081503
ethiopia,draw_178,Female,0.0,0.01917808,83.82382,2.3517345588141567
ethiopia,draw_178,Male,0.0,0.01917808,83.82382,2.2643400206665447
nigeria,draw_178,Female,0.0,0.01917808,83.82382,2.278612532209499
nigeria,draw_178,Male,0.0,0.01917808,83.82382,2.293656274245536
pakistan,draw_178,Female,0.0,0.01917808,83.82382,1.9144908216597782
pakistan,draw_178,Male,0.0,0.01917808,83.82382,2.045530722612871
ethiopia,draw_178,Female,0.0,0.01917808,83.93393,2.3469239690450103
ethiopia,draw_178,Male,0.0,0.01917808,83.93393,2.260162211601858
nigeria,draw_178,Female,0.0,0.01917808,83.93393,2.274374768730809
nigeria,draw_178,Male,0.0,0.01917808,83.93393,2.289325663290577
pakistan,draw_178,Female,0.0,0.01917808,83.93393,1.913583589953206
pakistan,draw_178,Male,0.0,0.01917808,83.93393,2.0433734963249828
ethiopia,draw_178,Female,0.0,0.01917808,84.04404,2.3420940059733986
ethiopia,draw_178,Male,0.0,0.01917808,84.04404,2.2559611938342865
nigeria,draw_178,Female,0.0,0.01917808,84.04404,2.270115367022489
nigeria,draw_178,Male,0.0,0.01917808,84.04404,2.284971369223266
pakistan,draw_178,Female,0.0,0.01917808,84.04404,1.9126415616133314
pakistan,draw_178,Male,0.0,0.01917808,84.04404,2.041187041649006
ethiopia,draw_178,Female,0.0,0.01917808,84.15415,2.337242364216195
ethiopia,draw_178,Male,0.0,0.01917808,84.15415,2.251735852435783
nigeria,draw_178,Female,0.0,0.01917808,84.15415,2.2658328678512794
nigeria,draw_178,Male,0.0,0.01917808,84.15415,2.280594110893296
pakistan,draw_178,Female,0.0,0.01917808,84.15415,1.911665516723731
pakistan,draw_178,Male,0.0,0.01917808,84.15415,2.038970756812909
ethiopia,draw_178,Female,0.0,0.01917808,84.26426,2.3323692791563233
ethiopia,draw_178,Male,0.0,0.01917808,84.26426,2.2474898336619114
nigeria,draw_178,Female,0.0,0.01917808,84.26426,2.26152658287928
nigeria,draw_178,Male,0.0,0.01917808,84.26426,2.276194004595428
pakistan,draw_178,Female,0.0,0.01917808,84.26426,1.9106556545750508
pakistan,draw_178,Male,0.0,0.01917808,84.26426,2.03672562433399
ethiopia,draw_178,Female,0.0,0.01917808,84.37437,2.327474906091485
ethiopia,draw_178,Male,0.0,0.01917808,84.37437,2.2432207404392233
nigeria,draw_178,Female,0.0,0.01917808,84.37437,2.2571983865524166
nigeria,draw_178,Male,0.0,0.01917808,84.37437,2.2717723285813847
pakistan,draw_178,Female,0.0,0.01917808,84.37437,1.9096107059222778
pakistan,draw_178,Male,0.0,0.01917808,84.37437,2.034452057876389
ethiopia,draw_178,Female,0.0,0.01917808,84.48448,2.3225608487578415
ethiopia,draw_178,Male,0.0,0.01917808,84.48448,2.2389280359628523
nigeria,draw_178,Female,0.0,0.01917808,84.48448,2.2528481804166796
nigeria,draw_178,Male,0.0,0.01917808,84.48448,2.2673271710360705
pakistan,draw_178,Female,0.0,0.01917808,84.48448,1.908532397163514
pakistan,draw_178,Male,0.0,0.01917808,84.48448,2.0321495437603683
ethiopia,draw_178,Female,0.0,0.01917808,84.59459,2.3176259984901306
ethiopia,draw_178,Male,0.0,0.01917808,84.59459,2.2346145821020027
nigeria,draw_178,Female,0.0,0.01917808,84.59459,2.2484759423334597
nigeria,draw_178,Male,0.0,0.01917808,84.59459,2.262861353347873
pakistan,draw_178,Female,0.0,0.01917808,84.59459,1.9074192931178409
pakistan,draw_178,Male,0.0,0.01917808,84.59459,2.029819112925614
ethiopia,draw_178,Female,0.0,0.01917808,84.7047,2.31267198003537
ethiopia,draw_178,Male,0.0,0.01917808,84.7047,2.2302799409940284
nigeria,draw_178,Female,0.0,0.01917808,84.7047,2.2440817994047633
nigeria,draw_178,Male,0.0,0.01917808,84.7047,2.2583736903426552
pakistan,draw_178,Female,0.0,0.01917808,84.7047,1.906271346156283
pakistan,draw_178,Male,0.0,0.01917808,84.7047,2.0274593215459027
ethiopia,draw_178,Female,0.0,0.01917808,84.81481,2.3076977846950175
ethiopia,draw_178,Male,0.0,0.01917808,84.81481,2.225922421229827
nigeria,draw_178,Female,0.0,0.01917808,84.81481,2.239666069514315
nigeria,draw_178,Male,0.0,0.01917808,84.81481,2.2538645415082867
pakistan,draw_178,Female,0.0,0.01917808,84.81481,1.9050887565250816
pakistan,draw_178,Male,0.0,0.01917808,84.81481,2.0250725041667446
ethiopia,draw_178,Female,0.0,0.01917808,84.92492,2.302705267774717
ethiopia,draw_178,Male,0.0,0.01917808,84.92492,2.221544895552107
nigeria,draw_178,Female,0.0,0.01917808,84.92492,2.2352284261344155
nigeria,draw_178,Male,0.0,0.01917808,84.92492,2.24933488206012
pakistan,draw_178,Female,0.0,0.01917808,84.92492,1.903871751910445
pakistan,draw_178,Male,0.0,0.01917808,84.92492,2.0226558923286366
ethiopia,draw_178,Female,0.0,0.01917808,85.03504,2.297691418606252
ethiopia,draw_178,Male,0.0,0.01917808,85.03504,2.2171456397894844
nigeria,draw_178,Female,0.0,0.01917808,85.03504,2.2307685549575527
nigeria,draw_178,Male,0.0,0.01917808,85.03504,2.244781492138701
pakistan,draw_178,Female,0.0,0.01917808,85.03504,1.9026204403329718
pakistan,draw_178,Male,0.0,0.01917808,85.03504,2.0202111564605603
ethiopia,draw_178,Female,0.0,0.01917808,85.14515,2.292657623692413
ethiopia,draw_178,Male,0.0,0.01917808,85.14515,2.2127253968741534
nigeria,draw_178,Female,0.0,0.01917808,85.14515,2.2262847004879056
nigeria,draw_178,Male,0.0,0.01917808,85.14515,2.2402075077629204
pakistan,draw_178,Female,0.0,0.01917808,85.14515,1.9013329028126267
pakistan,draw_178,Male,0.0,0.01917808,85.14515,2.017736181840207
ethiopia,draw_178,Female,0.0,0.01917808,85.25526,2.2876037853736824
ethiopia,draw_178,Male,0.0,0.01917808,85.25526,2.208281011789384
nigeria,draw_178,Female,0.0,0.01917808,85.25526,2.221778686424959
nigeria,draw_178,Male,0.0,0.01917808,85.25526,2.2356112573802216
pakistan,draw_178,Female,0.0,0.01917808,85.25526,1.9000080919543008
pakistan,draw_178,Male,0.0,0.01917808,85.25526,2.01523167994506
ethiopia,draw_178,Female,0.0,0.01917808,85.36537,2.282527757367684
ethiopia,draw_178,Male,0.0,0.01917808,85.36537,2.203815147431383
nigeria,draw_178,Female,0.0,0.01917808,85.36537,2.2172501084644383
nigeria,draw_178,Male,0.0,0.01917808,85.36537,2.230993290869929
pakistan,draw_178,Female,0.0,0.01917808,85.36537,1.8986472923179842
pakistan,draw_178,Male,0.0,0.01917808,85.36537,2.0126984454389216
ethiopia,draw_178,Female,0.0,0.01917808,85.47548,2.2774322963473983
ethiopia,draw_178,Male,0.0,0.01917808,85.47548,2.1993277462896095
nigeria,draw_178,Female,0.0,0.01917808,85.47548,2.212700161575032
nigeria,draw_178,Male,0.0,0.01917808,85.47548,2.2263518048434596
pakistan,draw_178,Female,0.0,0.01917808,85.47548,1.8972516562197186
pakistan,draw_178,Male,0.0,0.01917808,85.47548,2.010134624294904
ethiopia,draw_178,Female,0.0,0.01917808,85.58559,2.2723160777714195
ethiopia,draw_178,Male,0.0,0.01917808,85.58559,2.1948181015441937
nigeria,draw_178,Female,0.0,0.01917808,85.58559,2.208127392101714
nigeria,draw_178,Male,0.0,0.01917808,85.58559,2.2216894352980314
pakistan,draw_178,Female,0.0,0.01917808,85.58559,1.8958217777176043
pakistan,draw_178,Male,0.0,0.01917808,85.58559,2.00754138322458
ethiopia,draw_178,Female,0.0,0.01917808,85.6957,2.2671800821816905
ethiopia,draw_178,Male,0.0,0.01917808,85.6957,2.190285220730562
nigeria,draw_178,Female,0.0,0.01917808,85.6957,2.203531377203144
nigeria,draw_178,Male,0.0,0.01917808,85.6957,2.217003424979704
pakistan,draw_178,Female,0.0,0.01917808,85.6957,1.8943553588748874
pakistan,draw_178,Male,0.0,0.01917808,85.6957,2.0049183608331194
ethiopia,draw_178,Female,0.0,0.01917808,85.80581,2.262024422210413
ethiopia,draw_178,Male,0.0,0.01917808,85.80581,2.1857305655706365
nigeria,draw_178,Female,0.0,0.01917808,85.80581,2.1989130695263976
nigeria,draw_178,Male,0.0,0.01917808,85.80581,2.212296552304272
pakistan,draw_178,Female,0.0,0.01917808,85.80581,1.8928543760497771
pakistan,draw_178,Male,0.0,0.01917808,85.80581,2.0022653880107835
ethiopia,draw_178,Female,0.0,0.01917808,85.91592,2.2568470312459232
ethiopia,draw_178,Male,0.0,0.01917808,85.91592,2.1811525883028486
nigeria,draw_178,Female,0.0,0.01917808,85.91592,2.194273504144319
nigeria,draw_178,Male,0.0,0.01917808,85.91592,2.2075670914728387
pakistan,draw_178,Female,0.0,0.01917808,85.91592,1.8913165941974746
pakistan,draw_178,Male,0.0,0.01917808,85.91592,1.999581726217849
ethiopia,draw_178,Female,0.0,0.01917808,86.02603,2.2516495179991076
ethiopia,draw_178,Male,0.0,0.01917808,86.02603,2.1765512568813494
nigeria,draw_178,Female,0.0,0.01917808,86.02603,2.1896086707594815
nigeria,draw_178,Male,0.0,0.01917808,86.02603,2.2028148759021375
pakistan,draw_178,Female,0.0,0.01917808,86.02603,1.8897408360634993
pakistan,draw_178,Male,0.0,0.01917808,86.02603,1.996866519833157
ethiopia,draw_178,Female,0.0,0.01917808,86.13614,2.24643145235668
ethiopia,draw_178,Male,0.0,0.01917808,86.13614,2.1719279052904827
nigeria,draw_178,Female,0.0,0.01917808,86.13614,2.184922830734381
nigeria,draw_178,Male,0.0,0.01917808,86.13614,2.1980392407050418
pakistan,draw_178,Female,0.0,0.01917808,86.13614,1.888127790721038
pakistan,draw_178,Male,0.0,0.01917808,86.13614,1.994119224819834
ethiopia,draw_178,Female,0.0,0.01917808,86.24625,2.241192974764566
ethiopia,draw_178,Male,0.0,0.01917808,86.24625,2.167281536811435
nigeria,draw_178,Female,0.0,0.01917808,86.24625,2.1802122522760348
nigeria,draw_178,Male,0.0,0.01917808,86.24625,2.1932406664525774
pakistan,draw_178,Female,0.0,0.01917808,86.24625,1.8864786950518468
pakistan,draw_178,Male,0.0,0.01917808,86.24625,1.991341134373602
ethiopia,draw_178,Female,0.0,0.01917808,86.35636,2.2359334480314077
ethiopia,draw_178,Male,0.0,0.01917808,86.35636,2.1626110311793436
nigeria,draw_178,Female,0.0,0.01917808,86.35636,2.1754806576638654
nigeria,draw_178,Male,0.0,0.01917808,86.35636,2.188421466434839
pakistan,draw_178,Female,0.0,0.01917808,86.35636,1.8847936491967612
pakistan,draw_178,Male,0.0,0.01917808,86.35636,1.9885312055888953
ethiopia,draw_178,Female,0.0,0.01917808,86.46647,2.2306530239869664
ethiopia,draw_178,Male,0.0,0.01917808,86.46647,2.157917972751879
nigeria,draw_178,Female,0.0,0.01917808,86.46647,2.1707245933790658
nigeria,draw_178,Male,0.0,0.01917808,86.46647,2.1835771617212862
pakistan,draw_178,Female,0.0,0.01917808,86.46647,1.8830695437089813
pakistan,draw_178,Male,0.0,0.01917808,86.46647,1.9856899649203614
ethiopia,draw_178,Female,0.0,0.01917808,86.57658,2.225351738108711
ethiopia,draw_178,Male,0.0,0.01917808,86.57658,2.1532014300591804
nigeria,draw_178,Female,0.0,0.01917808,86.57658,2.165946154788733
nigeria,draw_178,Male,0.0,0.01917808,86.57658,2.178711286122172
pakistan,draw_178,Female,0.0,0.01917808,86.57658,1.8813069341404773
pakistan,draw_178,Male,0.0,0.01917808,86.57658,1.9828161266882585
ethiopia,draw_178,Female,0.0,0.01917808,86.68669,2.2200278220433063
ethiopia,draw_178,Male,0.0,0.01917808,86.68669,2.148461623937993
nigeria,draw_178,Female,0.0,0.01917808,86.68669,2.1611413131630948
nigeria,draw_178,Male,0.0,0.01917808,86.68669,2.1738219325832913
pakistan,draw_178,Female,0.0,0.01917808,86.68669,1.8795045983310115
pakistan,draw_178,Male,0.0,0.01917808,86.68669,1.9799101693573589
ethiopia,draw_178,Female,0.0,0.01917808,86.7968,2.2146831800034494
ethiopia,draw_178,Male,0.0,0.01917808,86.7968,2.1436974972808733
nigeria,draw_178,Female,0.0,0.01917808,86.7968,2.156314272254285
nigeria,draw_178,Male,0.0,0.01917808,86.7968,2.1689087443421737
pakistan,draw_178,Female,0.0,0.01917808,86.7968,1.8776630387143811
pakistan,draw_178,Male,0.0,0.01917808,86.7968,1.9769701505396358
ethiopia,draw_178,Female,0.0,0.01917808,86.90691,2.2093173504569394
ethiopia,draw_178,Male,0.0,0.01917808,86.90691,2.1389105247370854
nigeria,draw_178,Female,0.0,0.01917808,86.90691,2.1514628227950605
nigeria,draw_178,Male,0.0,0.01917808,86.90691,2.1639731445038835
pakistan,draw_178,Female,0.0,0.01917808,86.90691,1.8757839230202473
pakistan,draw_178,Male,0.0,0.01917808,86.90691,1.9739981468146495
ethiopia,draw_178,Female,0.0,0.01917808,87.01702,2.2039330008887004
ethiopia,draw_178,Male,0.0,0.01917808,87.01702,2.1341012298288877
nigeria,draw_178,Female,0.0,0.01917808,87.01702,2.1465904793519828
nigeria,draw_178,Male,0.0,0.01917808,87.01702,2.1590149467447635
pakistan,draw_178,Female,0.0,0.01917808,87.01702,1.8738675061414678
pakistan,draw_178,Male,0.0,0.01917808,87.01702,1.970995833167289
ethiopia,draw_178,Female,0.0,0.01917808,87.12713,2.1985302395503714
ethiopia,draw_178,Male,0.0,0.01917808,87.12713,2.1292712857750042
nigeria,draw_178,Female,0.0,0.01917808,87.12713,2.141696211059574
nigeria,draw_178,Male,0.0,0.01917808,87.12713,2.1540371850941717
pakistan,draw_178,Female,0.0,0.01917808,87.12713,1.8719154698184646
pakistan,draw_178,Male,0.0,0.01917808,87.12713,1.9679621314138782
ethiopia,draw_178,Female,0.0,0.01917808,87.23724,2.1931095036597448
ethiopia,draw_178,Male,0.0,0.01917808,87.23724,2.124421164427094
nigeria,draw_178,Female,0.0,0.01917808,87.23724,2.1367813447811157
nigeria,draw_178,Male,0.0,0.01917808,87.23724,2.1490385011280257
pakistan,draw_178,Female,0.0,0.01917808,87.23724,1.8699265208168963
pakistan,draw_178,Male,0.0,0.01917808,87.23724,1.964897785152927
ethiopia,draw_178,Female,0.0,0.01917808,87.34735,2.187669406407462
ethiopia,draw_178,Male,0.0,0.01917808,87.34735,2.1195499043378887
nigeria,draw_178,Female,0.0,0.01917808,87.34735,2.1318455652882093
nigeria,draw_178,Male,0.0,0.01917808,87.34735,2.144020197781934
pakistan,draw_178,Female,0.0,0.01917808,87.34735,1.8679010376192668
pakistan,draw_178,Male,0.0,0.01917808,87.34735,1.9618036888409676
ethiopia,draw_178,Female,0.0,0.01917808,87.45746,2.1822105919249455
ethiopia,draw_178,Male,0.0,0.01917808,87.45746,2.1146599845477074
nigeria,draw_178,Female,0.0,0.01917808,87.45746,2.126888546390494
nigeria,draw_178,Male,0.0,0.01917808,87.45746,2.138980732328575
pakistan,draw_178,Female,0.0,0.01917808,87.45746,1.8658367774592015
pakistan,draw_178,Male,0.0,0.01917808,87.45746,1.9586789740891593
ethiopia,draw_178,Female,0.0,0.01917808,87.56757,2.1767340240536597
ethiopia,draw_178,Male,0.0,0.01917808,87.56757,2.10974869209307
nigeria,draw_178,Female,0.0,0.01917808,87.56757,2.1219097148971118
nigeria,draw_178,Male,0.0,0.01917808,87.56757,2.1339204759626886
pakistan,draw_178,Female,0.0,0.01917808,87.56757,1.863734228106953
pakistan,draw_178,Male,0.0,0.01917808,87.56757,1.9555224874783892
ethiopia,draw_178,Female,0.0,0.01917808,87.67768,2.1712386839150417
ethiopia,draw_178,Male,0.0,0.01917808,87.67768,2.104815839380723
nigeria,draw_178,Female,0.0,0.01917808,87.67768,2.1169096373507745
nigeria,draw_178,Male,0.0,0.01917808,87.67768,2.1288413397509456
pakistan,draw_178,Female,0.0,0.01917808,87.67768,1.861595839311518
pakistan,draw_178,Male,0.0,0.01917808,87.67768,1.9523373424300694
ethiopia,draw_178,Female,0.0,0.01917808,87.78779,2.165726732032195
ethiopia,draw_178,Male,0.0,0.01917808,87.78779,2.099864326337981
nigeria,draw_178,Female,0.0,0.01917808,87.78779,2.1118904282810558
nigeria,draw_178,Male,0.0,0.01917808,87.78779,2.123741321671877
pakistan,draw_178,Female,0.0,0.01917808,87.78779,1.859420664166143
pakistan,draw_178,Male,0.0,0.01917808,87.78779,1.949122030893919
ethiopia,draw_178,Female,0.0,0.01917808,87.8979,2.160195699345794
ethiopia,draw_178,Male,0.0,0.01917808,87.8979,2.094893101290373
nigeria,draw_178,Female,0.0,0.01917808,87.8979,2.1068511614409724
nigeria,draw_178,Male,0.0,0.01917808,87.8979,2.118621715961616
pakistan,draw_178,Female,0.0,0.01917808,87.8979,1.857209358645843
pakistan,draw_178,Male,0.0,0.01917808,87.8979,1.945877389300195
ethiopia,draw_178,Female,0.0,0.01917808,88.00801,2.1546488274487854
ethiopia,draw_178,Male,0.0,0.01917808,88.00801,2.0899012324211923
nigeria,draw_178,Female,0.0,0.01917808,88.00801,2.1017921981986802
nigeria,draw_178,Male,0.0,0.01917808,88.00801,2.113483409535064
pakistan,draw_178,Female,0.0,0.01917808,88.00801,1.8549626189712805
pakistan,draw_178,Male,0.0,0.01917808,88.00801,1.942602261299232
ethiopia,draw_178,Female,0.0,0.01917808,88.11812,2.1490855069278316
ethiopia,draw_178,Male,0.0,0.01917808,88.11812,2.084891771745308
nigeria,draw_178,Female,0.0,0.01917808,88.11812,2.096713671516808
nigeria,draw_178,Male,0.0,0.01917808,88.11812,2.1083252531476186
pakistan,draw_178,Female,0.0,0.01917808,88.11812,1.8526798370287956
pakistan,draw_178,Male,0.0,0.01917808,88.11812,1.9392982533265906
ethiopia,draw_178,Female,0.0,0.01917808,88.22823,2.1435067794748486
ethiopia,draw_178,Male,0.0,0.01917808,88.22823,2.0798648839103886
nigeria,draw_178,Female,0.0,0.01917808,88.22823,2.0916157912038926
nigeria,draw_178,Male,0.0,0.01917808,88.22823,2.1031506410242504
pakistan,draw_178,Female,0.0,0.01917808,88.22823,1.8503618932470356
pakistan,draw_178,Male,0.0,0.01917808,88.22823,1.9359660075947305
ethiopia,draw_178,Female,0.0,0.01917808,88.33834,2.1379155412706807
ethiopia,draw_178,Male,0.0,0.01917808,88.33834,2.074820877311088
nigeria,draw_178,Female,0.0,0.01917808,88.33834,2.086503697802215
nigeria,draw_178,Male,0.0,0.01917808,88.33834,2.0979585293947043
pakistan,draw_178,Female,0.0,0.01917808,88.33834,1.8480096659285408
pakistan,draw_178,Male,0.0,0.01917808,88.33834,1.9326063915560316
ethiopia,draw_178,Female,0.0,0.01917808,88.44845,2.132309411915682
ethiopia,draw_178,Male,0.0,0.01917808,88.44845,2.069761381592639
nigeria,draw_178,Female,0.0,0.01917808,88.44845,2.081374527194959
nigeria,draw_178,Male,0.0,0.01917808,88.44845,2.0927518404829115
pakistan,draw_178,Female,0.0,0.01917808,88.44845,1.845623283030083
pakistan,draw_178,Male,0.0,0.01917808,88.44845,1.9292214006655097
ethiopia,draw_178,Female,0.0,0.01917808,88.55856,2.1266887661547726
ethiopia,draw_178,Male,0.0,0.01917808,88.55856,2.064685474076479
nigeria,draw_178,Female,0.0,0.01917808,88.55856,2.0762282641010006
nigeria,draw_178,Male,0.0,0.01917808,88.55856,2.087527557799525
pakistan,draw_178,Female,0.0,0.01917808,88.55856,1.8432024570338696
pakistan,draw_178,Male,0.0,0.01917808,88.55856,1.925809458673478
ethiopia,draw_178,Female,0.0,0.01917808,88.66867,2.121053890538239
ethiopia,draw_178,Male,0.0,0.01917808,88.66867,2.059593002369803
nigeria,draw_178,Female,0.0,0.01917808,88.66867,2.07106424638665
nigeria,draw_178,Male,0.0,0.01917808,88.66867,2.082286791831307
pakistan,draw_178,Female,0.0,0.01917808,88.66867,1.8407465805217862
pakistan,draw_178,Male,0.0,0.01917808,88.66867,1.9223685281760805
ethiopia,draw_178,Female,0.0,0.01917808,88.77878,2.1154034628431315
ethiopia,draw_178,Male,0.0,0.01917808,88.77878,2.0544796531851888
nigeria,draw_178,Female,0.0,0.01917808,88.77878,2.065883240831822
nigeria,draw_178,Male,0.0,0.01917808,88.77878,2.0770276242121013
pakistan,draw_178,Female,0.0,0.01917808,88.77878,1.8382541141209363
pakistan,draw_178,Male,0.0,0.01917808,88.77878,1.9188976435022878
ethiopia,draw_178,Female,0.0,0.01917808,88.88889,2.1097380472804588
ethiopia,draw_178,Male,0.0,0.01917808,88.88889,2.0493486424552456
nigeria,draw_178,Female,0.0,0.01917808,88.88889,2.060683495003788
nigeria,draw_178,Male,0.0,0.01917808,88.88889,2.071750535312532
pakistan,draw_178,Female,0.0,0.01917808,88.88889,1.8357203432289178
pakistan,draw_178,Male,0.0,0.01917808,88.88889,1.9153946091501717
ethiopia,draw_178,Female,0.0,0.01917808,88.999,2.1040557371354573
ethiopia,draw_178,Male,0.0,0.01917808,88.999,2.04419916649668
nigeria,draw_178,Female,0.0,0.01917808,88.999,2.055464774550315
nigeria,draw_178,Male,0.0,0.01917808,88.999,2.0664562415628893
pakistan,draw_178,Female,0.0,0.01917808,88.999,1.8331497297379462
pakistan,draw_178,Male,0.0,0.01917808,88.999,1.9118604788147386
ethiopia,draw_178,Female,0.0,0.01917808,89.10911,2.0983586493909048
ethiopia,draw_178,Male,0.0,0.01917808,89.10911,2.039031481033848
nigeria,draw_178,Female,0.0,0.01917808,89.10911,2.0502270500998034
nigeria,draw_178,Male,0.0,0.01917808,89.10911,2.0611436389949733
pakistan,draw_178,Female,0.0,0.01917808,89.10911,1.8305398839446025
pakistan,draw_178,Male,0.0,0.01917808,89.10911,1.9082949695009945
ethiopia,draw_178,Female,0.0,0.01917808,89.21922,2.092645972115868
ethiopia,draw_178,Male,0.0,0.01917808,89.21922,2.0338449895564814
nigeria,draw_178,Female,0.0,0.01917808,89.21922,2.0449700848468257
nigeria,draw_178,Male,0.0,0.01917808,89.21922,2.055812305184981
pakistan,draw_178,Female,0.0,0.01917808,89.21922,1.8278897772581517
pakistan,draw_178,Male,0.0,0.01917808,89.21922,1.9046972704426732
ethiopia,draw_178,Female,0.0,0.01917808,89.32933,2.086916867780704
ethiopia,draw_178,Male,0.0,0.01917808,89.32933,2.0286396849128945
nigeria,draw_178,Female,0.0,0.01917808,89.32933,2.03969400219011
nigeria,draw_178,Male,0.0,0.01917808,89.32933,2.0504610675996715
pakistan,draw_178,Female,0.0,0.01917808,89.32933,1.8251997185859328
pakistan,draw_178,Male,0.0,0.01917808,89.32933,1.9010681239713878
ethiopia,draw_178,Female,0.0,0.01917808,89.43944,2.0811720966492278
ethiopia,draw_178,Male,0.0,0.01917808,89.43944,2.0234157097693264
nigeria,draw_178,Female,0.0,0.01917808,89.43944,2.0344000429668325
nigeria,draw_178,Male,0.0,0.01917808,89.43944,2.045092599395029
pakistan,draw_178,Female,0.0,0.01917808,89.43944,1.8224701277552726
pakistan,draw_178,Male,0.0,0.01917808,89.43944,1.8974067003108843
ethiopia,draw_178,Female,0.0,0.01917808,89.54955,2.0754113467778517
ethiopia,draw_178,Male,0.0,0.01917808,89.54955,2.0181726166334046
nigeria,draw_178,Female,0.0,0.01917808,89.54955,2.029087310803767
nigeria,draw_178,Male,0.0,0.01917808,89.54955,2.0397065127724576
pakistan,draw_178,Female,0.0,0.01917808,89.54955,1.8196995383489845
pakistan,draw_178,Male,0.0,0.01917808,89.54955,1.8937129106024042
ethiopia,draw_178,Female,0.0,0.01917808,89.65966,2.0696349053672645
ethiopia,draw_178,Male,0.0,0.01917808,89.65966,2.012910999914786
nigeria,draw_178,Female,0.0,0.01917808,89.65966,2.0237553840104274
nigeria,draw_178,Male,0.0,0.01917808,89.65966,2.0343007591983873
pakistan,draw_178,Female,0.0,0.01917808,89.65966,1.8168858597532733
pakistan,draw_178,Male,0.0,0.01917808,89.65966,1.889986337480782
ethiopia,draw_178,Female,0.0,0.01917808,89.76977,2.0638448839792045
ethiopia,draw_178,Male,0.0,0.01917808,89.76977,2.007631557995658
nigeria,draw_178,Female,0.0,0.01917808,89.76977,2.018405596036742
nigeria,draw_178,Male,0.0,0.01917808,89.76977,2.028878438397495
pakistan,draw_178,Female,0.0,0.01917808,89.76977,1.8140335099860607
pakistan,draw_178,Male,0.0,0.01917808,89.76977,1.8862277061138664
ethiopia,draw_178,Female,0.0,0.01917808,89.87988,2.0580387632618
ethiopia,draw_178,Male,0.0,0.01917808,89.87988,2.0023361532494293
nigeria,draw_178,Female,0.0,0.01917808,89.87988,2.0130374357204057
nigeria,draw_178,Male,0.0,0.01917808,89.87988,2.0234397383048415
pakistan,draw_178,Female,0.0,0.01917808,89.87988,1.811140705025982
pakistan,draw_178,Male,0.0,0.01917808,89.87988,1.8824396279667617
ethiopia,draw_178,Female,0.0,0.01917808,89.98999,2.0522205358173795
ethiopia,draw_178,Male,0.0,0.01917808,89.98999,1.9970254201325468
nigeria,draw_178,Female,0.0,0.01917808,89.98999,2.0076552152557756
nigeria,draw_178,Male,0.0,0.01917808,89.98999,2.0179855474891006
pakistan,draw_178,Female,0.0,0.01917808,89.98999,1.8082098952627983
pakistan,draw_178,Male,0.0,0.01917808,89.98999,1.8786222566519915
ethiopia,draw_178,Female,0.0,0.01917808,90.1001,2.0463901752306843
ethiopia,draw_178,Male,0.0,0.01917808,90.1001,1.991696456223525
nigeria,draw_178,Female,0.0,0.01917808,90.1001,2.002254200801334
nigeria,draw_178,Male,0.0,0.01917808,90.1001,2.0125148052644866
pakistan,draw_178,Female,0.0,0.01917808,90.1001,1.8052415221158
pakistan,draw_178,Male,0.0,0.01917808,90.1001,1.8747743209648502
ethiopia,draw_178,Female,0.0,0.01917808,90.21021,2.0405450990854495
ethiopia,draw_178,Male,0.0,0.01917808,90.21021,1.986352908912081
nigeria,draw_178,Female,0.0,0.01917808,90.21021,1.9968375189334644
nigeria,draw_178,Male,0.0,0.01917808,90.21021,2.0070283606464656
pakistan,draw_178,Female,0.0,0.01917808,90.21021,1.8022343826958618
pakistan,draw_178,Male,0.0,0.01917808,90.21021,1.8708978934167249
ethiopia,draw_178,Female,0.0,0.01917808,90.32032,2.034684874685664
ethiopia,draw_178,Male,0.0,0.01917808,90.32032,1.9809916861984538
nigeria,draw_178,Female,0.0,0.01917808,90.32032,1.9914014704476322
nigeria,draw_178,Male,0.0,0.01917808,90.32032,2.0015239521308477
pakistan,draw_178,Female,0.0,0.01917808,90.32032,1.7991863996063666
pakistan,draw_178,Male,0.0,0.01917808,90.32032,1.866987743575906
ethiopia,draw_178,Female,0.0,0.01917808,90.43043,2.02881085561405
ethiopia,draw_178,Male,0.0,0.01917808,90.43043,1.975611903177985
nigeria,draw_178,Female,0.0,0.01917808,90.43043,1.9859493464331883
nigeria,draw_178,Male,0.0,0.01917808,90.43043,1.9960028199937425
pakistan,draw_178,Female,0.0,0.01917808,90.43043,1.796099932667911
pakistan,draw_178,Male,0.0,0.01917808,90.43043,1.863047794176528
ethiopia,draw_178,Female,0.0,0.01917808,90.54054,2.022922604396582
ethiopia,draw_178,Male,0.0,0.01917808,90.54054,1.9702163332435543
nigeria,draw_178,Female,0.0,0.01917808,90.54054,1.980479649597541
nigeria,draw_178,Male,0.0,0.01917808,90.54054,1.9904641106207024
pakistan,draw_178,Female,0.0,0.01917808,90.54054,1.7929736566620649
pakistan,draw_178,Male,0.0,0.01917808,90.54054,1.8590762690375986
ethiopia,draw_178,Female,0.0,0.01917808,90.65065,2.017020804641536
ethiopia,draw_178,Male,0.0,0.01917808,90.65065,1.964804672510258
nigeria,draw_178,Female,0.0,0.01917808,90.65065,1.97499338462707
nigeria,draw_178,Male,0.0,0.01917808,90.65065,1.9849091597332804
pakistan,draw_178,Female,0.0,0.01917808,90.65065,1.7898078647129394
pakistan,draw_178,Male,0.0,0.01917808,90.65065,1.8550736774239793
ethiopia,draw_178,Female,0.0,0.01917808,90.76076,2.01110481021234
ethiopia,draw_178,Male,0.0,0.01917808,90.76076,1.959376162944204
nigeria,draw_178,Female,0.0,0.01917808,90.76076,1.9694901745353266
nigeria,draw_178,Male,0.0,0.01917808,90.76076,1.9793371089626635
pakistan,draw_178,Female,0.0,0.01917808,90.76076,1.786602282502551
pakistan,draw_178,Male,0.0,0.01917808,90.76076,1.851039802930876
ethiopia,draw_178,Female,0.0,0.01917808,90.87087,2.005175089236717
ethiopia,draw_178,Male,0.0,0.01917808,90.87087,1.9539315275890028
nigeria,draw_178,Female,0.0,0.01917808,90.87087,1.9639705237337444
nigeria,draw_178,Male,0.0,0.01917808,90.87087,1.9737486239645279
pakistan,draw_178,Female,0.0,0.01917808,90.87087,1.7833582361855338
pakistan,draw_178,Male,0.0,0.01917808,90.87087,1.8469759433458783
ethiopia,draw_178,Female,0.0,0.01917808,90.98098,1.9992327520186637
ethiopia,draw_178,Male,0.0,0.01917808,90.98098,1.9484713175687258
nigeria,draw_178,Female,0.0,0.01917808,90.98098,1.9584369110239261
nigeria,draw_178,Male,0.0,0.01917808,90.98098,1.968145494715873
pakistan,draw_178,Female,0.0,0.01917808,90.98098,1.7800754884965901
pakistan,draw_178,Male,0.0,0.01917808,90.98098,1.8428830937145648
ethiopia,draw_178,Female,0.0,0.01917808,91.09109,1.9932794599945867
ethiopia,draw_178,Male,0.0,0.01917808,91.09109,1.9429969489446581
nigeria,draw_178,Female,0.0,0.01917808,91.09109,1.9528884951484111
nigeria,draw_178,Male,0.0,0.01917808,91.09109,1.9625290026265307
pakistan,draw_178,Female,0.0,0.01917808,91.09109,1.776753773895111
pakistan,draw_178,Male,0.0,0.01917808,91.09109,1.8387605995461955
ethiopia,draw_178,Female,0.0,0.01917808,91.2012,1.987318791994545
ethiopia,draw_178,Male,0.0,0.01917808,91.2012,1.937509947115034
nigeria,draw_178,Female,0.0,0.01917808,91.2012,1.9473272979187382
nigeria,draw_178,Male,0.0,0.01917808,91.2012,1.956899561662203
pakistan,draw_178,Female,0.0,0.01917808,91.2012,1.7733971993678102
pakistan,draw_178,Male,0.0,0.01917808,91.2012,1.8346124172361973
ethiopia,draw_178,Female,0.0,0.01917808,91.31131,1.981350093372161
ethiopia,draw_178,Male,0.0,0.01917808,91.31131,1.9320140814745352
nigeria,draw_178,Female,0.0,0.01917808,91.31131,1.941756692718608
nigeria,draw_178,Male,0.0,0.01917808,91.31131,1.9512611965679678
pakistan,draw_178,Female,0.0,0.01917808,91.31131,1.7700072339888173
pakistan,draw_178,Male,0.0,0.01917808,91.31131,1.8304401338699865
ethiopia,draw_178,Female,0.0,0.01917808,91.42142,1.9753752312293398
ethiopia,draw_178,Male,0.0,0.01917808,91.42142,1.926507692447251
nigeria,draw_178,Female,0.0,0.01917808,91.42142,1.9361770540166252
nigeria,draw_178,Male,0.0,0.01917808,91.42142,1.945614330482851
pakistan,draw_178,Female,0.0,0.01917808,91.42142,1.7665869421560312
pakistan,draw_178,Male,0.0,0.01917808,91.42142,1.8262437453573237
ethiopia,draw_178,Female,0.0,0.01917808,91.53153,1.9693940087510597
ethiopia,draw_178,Male,0.0,0.01917808,91.53153,1.9209937498799983
nigeria,draw_178,Female,0.0,0.01917808,91.53153,1.93058872280013
nigeria,draw_178,Male,0.0,0.01917808,91.53153,1.9399583326186955
pakistan,draw_178,Female,0.0,0.01917808,91.53153,1.7631338501940192
pakistan,draw_178,Male,0.0,0.01917808,91.53153,1.8220249763051037
ethiopia,draw_178,Female,0.0,0.01917808,91.64164,1.963407914478955
ethiopia,draw_178,Male,0.0,0.01917808,91.64164,1.9154693104648883
nigeria,draw_178,Female,0.0,0.01917808,91.64164,1.924991876268375
nigeria,draw_178,Male,0.0,0.01917808,91.64164,1.9342940778867348
pakistan,draw_178,Female,0.0,0.01917808,91.64164,1.7596500118399983
pakistan,draw_178,Male,0.0,0.01917808,91.64164,1.8177829563437067
ethiopia,draw_178,Female,0.0,0.01917808,91.75175,1.9574125517442487
ethiopia,draw_178,Male,0.0,0.01917808,91.75175,1.9099357581949186
nigeria,draw_178,Female,0.0,0.01917808,91.75175,1.9193831942323598
nigeria,draw_178,Male,0.0,0.01917808,91.75175,1.928618591378703
pakistan,draw_178,Female,0.0,0.01917808,91.75175,1.7561316708701966
pakistan,draw_178,Male,0.0,0.01917808,91.75175,1.8135161380322287
ethiopia,draw_178,Female,0.0,0.01917808,91.86186,1.9514119741906804
ethiopia,draw_178,Male,0.0,0.01917808,91.86186,1.9043919251912642
nigeria,draw_178,Female,0.0,0.01917808,91.86186,1.9137658133401731
nigeria,draw_178,Male,0.0,0.01917808,91.86186,1.9229346270336858
pakistan,draw_178,Female,0.0,0.01917808,91.86186,1.7525811696649454
pakistan,draw_178,Male,0.0,0.01917808,91.86186,1.8092256116885477
ethiopia,draw_178,Female,0.0,0.01917808,91.97197,1.9454088724261074
ethiopia,draw_178,Male,0.0,0.01917808,91.97197,1.8988413170149698
nigeria,draw_178,Female,0.0,0.01917808,91.97197,1.908140899711014
nigeria,draw_178,Male,0.0,0.01917808,91.97197,1.9172434285168736
pakistan,draw_178,Female,0.0,0.01917808,91.97197,1.7490013573627994
pakistan,draw_178,Male,0.0,0.01917808,91.97197,1.8049121328293107
ethiopia,draw_178,Female,0.0,0.01917808,92.08208,1.9393993560957534
ethiopia,draw_178,Male,0.0,0.01917808,92.08208,1.8932821713642138
nigeria,draw_178,Female,0.0,0.01917808,92.08208,1.9025073153475143
nigeria,draw_178,Male,0.0,0.01917808,92.08208,1.9115455505669046
pakistan,draw_178,Female,0.0,0.01917808,92.08208,1.7453916857355707
pakistan,draw_178,Male,0.0,0.01917808,92.08208,1.8005780343064302
ethiopia,draw_178,Female,0.0,0.01917808,92.19219,1.9333864629114506
ethiopia,draw_178,Male,0.0,0.01917808,92.19219,1.887716654467816
nigeria,draw_178,Female,0.0,0.01917808,92.19219,1.8968670857489869
nigeria,draw_178,Male,0.0,0.01917808,92.19219,1.905839865897867
pakistan,draw_178,Female,0.0,0.01917808,92.19219,1.7417518561965522
pakistan,draw_178,Male,0.0,0.01917808,92.19219,1.7962222795501062
ethiopia,draw_178,Female,0.0,0.01917808,92.3023,1.9273715979507737
ethiopia,draw_178,Male,0.0,0.01917808,92.3023,1.8821447278609644
nigeria,draw_178,Female,0.0,0.01917808,92.3023,1.8912211902877643
nigeria,draw_178,Male,0.0,0.01917808,92.3023,1.9001300767034635
pakistan,draw_178,Female,0.0,0.01917808,92.3023,1.7380842131617562
pakistan,draw_178,Male,0.0,0.01917808,92.3023,1.791847566473264
ethiopia,draw_178,Female,0.0,0.01917808,92.41241,1.9213537251806334
ethiopia,draw_178,Male,0.0,0.01917808,92.41241,1.8765682833163184
nigeria,draw_178,Female,0.0,0.01917808,92.41241,1.885570176747591
nigeria,draw_178,Male,0.0,0.01917808,92.41241,1.894414712894449
pakistan,draw_178,Female,0.0,0.01917808,92.41241,1.73438924580518
pakistan,draw_178,Male,0.0,0.01917808,92.41241,1.7874538535884377
ethiopia,draw_178,Female,0.0,0.01917808,92.52252,1.9153347351725303
ethiopia,draw_178,Male,0.0,0.01917808,92.52252,1.8709878184509525
nigeria,draw_178,Female,0.0,0.01917808,92.52252,1.8799140118257684
nigeria,draw_178,Male,0.0,0.01917808,92.52252,1.8886949834691933
pakistan,draw_178,Female,0.0,0.01917808,92.52252,1.7306653668728151
pakistan,draw_178,Male,0.0,0.01917808,92.52252,1.7830398444382185
ethiopia,draw_178,Female,0.0,0.01917808,92.63263,1.9093154499543301
ethiopia,draw_178,Male,0.0,0.01917808,92.63263,1.8654030356519578
nigeria,draw_178,Female,0.0,0.01917808,92.63263,1.8742554120342834
nigeria,draw_178,Male,0.0,0.01917808,92.63263,1.8829718084287521
pakistan,draw_178,Female,0.0,0.01917808,92.63263,1.7269170881325164
pakistan,draw_178,Male,0.0,0.01917808,92.63263,1.7786088996590959
ethiopia,draw_178,Female,0.0,0.01917808,92.74274,1.9032979217943944
ethiopia,draw_178,Male,0.0,0.01917808,92.74274,1.8598164085905633
nigeria,draw_178,Female,0.0,0.01917808,92.74274,1.8685950751319662
nigeria,draw_178,Male,0.0,0.01917808,92.74274,1.8772463104541008
pakistan,draw_178,Female,0.0,0.01917808,92.74274,1.7231443610515613
pakistan,draw_178,Male,0.0,0.01917808,92.74274,1.7741618229660912
ethiopia,draw_178,Female,0.0,0.01917808,92.85285,1.8972829313955766
ethiopia,draw_178,Male,0.0,0.01917808,92.85285,1.8542291726207263
nigeria,draw_178,Female,0.0,0.01917808,92.85285,1.8629336712921354
nigeria,draw_178,Male,0.0,0.01917808,92.85285,1.8715211403648089
pakistan,draw_178,Female,0.0,0.01917808,92.85285,1.7193484780752348
pakistan,draw_178,Male,0.0,0.01917808,92.85285,1.7697002486551263
ethiopia,draw_178,Female,0.0,0.01917808,92.96296,1.891271020584574
ethiopia,draw_178,Male,0.0,0.01917808,92.96296,1.84864277570784
nigeria,draw_178,Female,0.0,0.01917808,92.96296,1.8572734455869946
nigeria,draw_178,Male,0.0,0.01917808,92.96296,1.86579633713214
pakistan,draw_178,Female,0.0,0.01917808,92.96296,1.715531601538174
pakistan,draw_178,Male,0.0,0.01917808,92.96296,1.7652264145970342
ethiopia,draw_178,Female,0.0,0.01917808,93.07307,1.8852668526500485
ethiopia,draw_178,Male,0.0,0.01917808,93.07307,1.8430586812894048
nigeria,draw_178,Female,0.0,0.01917808,93.07307,1.851614987926807
nigeria,draw_178,Male,0.0,0.01917808,93.07307,1.860074772523611
pakistan,draw_178,Female,0.0,0.01917808,93.07307,1.711696429973586
pakistan,draw_178,Male,0.0,0.01917808,93.07307,1.7607418076254202
ethiopia,draw_178,Female,0.0,0.01917808,93.18318,1.8792622889517845
ethiopia,draw_178,Male,0.0,0.01917808,93.18318,1.8374719996041877
nigeria,draw_178,Female,0.0,0.01917808,93.18318,1.8459566397372495
nigeria,draw_178,Male,0.0,0.01917808,93.18318,1.8543515713375858
pakistan,draw_178,Female,0.0,0.01917808,93.18318,1.7078372226776417
pakistan,draw_178,Male,0.0,0.01917808,93.18318,1.7562403336587378
ethiopia,draw_178,Female,0.0,0.01917808,93.29329,1.8732619000766693
ethiopia,draw_178,Male,0.0,0.01917808,93.29329,1.8318858845160244
nigeria,draw_178,Female,0.0,0.01917808,93.29329,1.8402977074857176
nigeria,draw_178,Male,0.0,0.01917808,93.29329,1.8486297831202758
pakistan,draw_178,Female,0.0,0.01917808,93.29329,1.7039559689319028
pakistan,draw_178,Male,0.0,0.01917808,93.29329,1.7517256047613128
ethiopia,draw_178,Female,0.0,0.01917808,93.4034,1.867265604861662
ethiopia,draw_178,Male,0.0,0.01917808,93.4034,1.8263000635692777
nigeria,draw_178,Female,0.0,0.01917808,93.4034,1.834640422316154
nigeria,draw_178,Male,0.0,0.01917808,93.4034,1.8429089375925811
pakistan,draw_178,Female,0.0,0.01917808,93.4034,1.7000551850730685
pakistan,draw_178,Male,0.0,0.01917808,93.4034,1.7471988906569589
ethiopia,draw_178,Female,0.0,0.01917808,93.51351,1.861274165051325
ethiopia,draw_178,Male,0.0,0.01917808,93.51351,1.8207162423650483
nigeria,draw_178,Female,0.0,0.01917808,93.51351,1.828983981455056
nigeria,draw_178,Male,0.0,0.01917808,93.51351,1.8371899172737345
pakistan,draw_178,Female,0.0,0.01917808,93.51351,1.6961343458341833
pakistan,draw_178,Male,0.0,0.01917808,93.51351,1.7426608912683108
ethiopia,draw_178,Female,0.0,0.01917808,93.62362,1.8552895393391913
ethiopia,draw_178,Male,0.0,0.01917808,93.62362,1.815134383108092
nigeria,draw_178,Female,0.0,0.01917808,93.62362,1.8233320167235494
nigeria,draw_178,Male,0.0,0.01917808,93.62362,1.8314753186228023
pakistan,draw_178,Female,0.0,0.01917808,93.62362,1.6921952747671323
pakistan,draw_178,Male,0.0,0.01917808,93.62362,1.7381134810121928
ethiopia,draw_178,Female,0.0,0.01917808,93.73373,1.8493120521010398
ethiopia,draw_178,Male,0.0,0.01917808,93.73373,1.8095581924393827
nigeria,draw_178,Female,0.0,0.01917808,93.73373,1.8176835952956676
nigeria,draw_178,Male,0.0,0.01917808,93.73373,1.8257654109199806
pakistan,draw_178,Female,0.0,0.01917808,93.73373,1.6882398750000833
pakistan,draw_178,Male,0.0,0.01917808,93.73373,1.7335562325915805
ethiopia,draw_178,Female,0.0,0.01917808,93.84384,1.8433416450180928
ethiopia,draw_178,Male,0.0,0.01917808,93.84384,1.803986172966904
nigeria,draw_178,Female,0.0,0.01917808,93.84384,1.8120387021218336
nigeria,draw_178,Male,0.0,0.01917808,93.84384,1.8200591248196039
pakistan,draw_178,Female,0.0,0.01917808,93.84384,1.68426728654911
pakistan,draw_178,Male,0.0,0.01917808,93.84384,1.7289900326976235
ethiopia,draw_178,Female,0.0,0.01917808,93.95395,1.8373786398021588
ethiopia,draw_178,Male,0.0,0.01917808,93.95395,1.7984178587659583
nigeria,draw_178,Female,0.0,0.01917808,93.95395,1.806398923712657
nigeria,draw_178,Male,0.0,0.01917808,93.95395,1.8143581139083989
pakistan,draw_178,Female,0.0,0.01917808,93.95395,1.680277370992181
pakistan,draw_178,Male,0.0,0.01917808,93.95395,1.72441528038424
ethiopia,draw_178,Female,0.0,0.01917808,94.06406,1.8314278865385147
ethiopia,draw_178,Male,0.0,0.01917808,94.06406,1.7928586329694902
nigeria,draw_178,Female,0.0,0.01917808,94.06406,1.8007694274932018
nigeria,draw_178,Male,0.0,0.01917808,94.06406,1.8086661276762364
pakistan,draw_178,Female,0.0,0.01917808,94.06406,1.6762763906040645
pakistan,draw_178,Male,0.0,0.01917808,94.06406,1.7198367051333623
ethiopia,draw_178,Female,0.0,0.01917808,94.17417,1.825486600441328
ethiopia,draw_178,Male,0.0,0.01917808,94.17417,1.7873068672276944
nigeria,draw_178,Female,0.0,0.01917808,94.17417,1.7951468207692278
nigeria,draw_178,Male,0.0,0.01917808,94.17417,1.802982479000708
pakistan,draw_178,Female,0.0,0.01917808,94.17417,1.6722614631281412
pakistan,draw_178,Male,0.0,0.01917808,94.17417,1.7152525356418096
ethiopia,draw_178,Female,0.0,0.01917808,94.28428,1.8195549897684153
ethiopia,draw_178,Male,0.0,0.01917808,94.28428,1.781759297343228
nigeria,draw_178,Female,0.0,0.01917808,94.28428,1.7895303766128416
nigeria,draw_178,Male,0.0,0.01917808,94.28428,1.7973055307053083
pakistan,draw_178,Female,0.0,0.01917808,94.28428,1.6682327817303026
pakistan,draw_178,Male,0.0,0.01917808,94.28428,1.7106624345346912
ethiopia,draw_178,Female,0.0,0.01917808,94.39439,1.813632834605324
ethiopia,draw_178,Male,0.0,0.01917808,94.39439,1.7762188334024551
nigeria,draw_178,Female,0.0,0.01917808,94.39439,1.7839197367362085
nigeria,draw_178,Male,0.0,0.01917808,94.39439,1.7916342610005913
pakistan,draw_178,Female,0.0,0.01917808,94.39439,1.6641902949611536
pakistan,draw_178,Male,0.0,0.01917808,94.39439,1.7060651702630238
ethiopia,draw_178,Female,0.0,0.01917808,94.5045,1.8077208325073935
ethiopia,draw_178,Male,0.0,0.01917808,94.5045,1.7706848919862561
nigeria,draw_178,Female,0.0,0.01917808,94.5045,1.7783169489450426
nigeria,draw_178,Male,0.0,0.01917808,94.5045,1.785970163058058
pakistan,draw_178,Female,0.0,0.01917808,94.5045,1.6601346138456283
pakistan,draw_178,Male,0.0,0.01917808,94.5045,1.7014619735070655
ethiopia,draw_178,Female,0.0,0.01917808,94.61461,1.8018154886087594
ethiopia,draw_178,Male,0.0,0.01917808,94.61461,1.7651555925493647
nigeria,draw_178,Female,0.0,0.01917808,94.61461,1.7727185226632047
nigeria,draw_178,Male,0.0,0.01917808,94.61461,1.780311587744377
pakistan,draw_178,Female,0.0,0.01917808,94.61461,1.6560630187479657
pakistan,draw_178,Male,0.0,0.01917808,94.61461,1.6968504837337797
ethiopia,draw_178,Female,0.0,0.01917808,94.72472,1.7959212408913527
ethiopia,draw_178,Male,0.0,0.01917808,94.72472,1.7596324209482166
nigeria,draw_178,Female,0.0,0.01917808,94.72472,1.7671274697918595
nigeria,draw_178,Male,0.0,0.01917808,94.72472,1.7746597794972132
pakistan,draw_178,Female,0.0,0.01917808,94.72472,1.651977747243328
pakistan,draw_178,Male,0.0,0.01917808,94.72472,1.692233306076344
ethiopia,draw_178,Female,0.0,0.01917808,94.83483,1.7900354390690665
ethiopia,draw_178,Male,0.0,0.01917808,94.83483,1.7541149496177464
nigeria,draw_178,Female,0.0,0.01917808,94.83483,1.761542931373852
nigeria,draw_178,Male,0.0,0.01917808,94.83483,1.769016671736243
pakistan,draw_178,Female,0.0,0.01917808,94.83483,1.6478811465364722
pakistan,draw_178,Male,0.0,0.01917808,94.83483,1.6876108855559369
ethiopia,draw_178,Female,0.0,0.01917808,94.94494,1.7841613581228237
ethiopia,draw_178,Male,0.0,0.01917808,94.94494,1.7486058207071724
nigeria,draw_178,Female,0.0,0.01917808,94.94494,1.7559658959424613
nigeria,draw_178,Male,0.0,0.01917808,94.94494,1.7633801209304152
pakistan,draw_178,Female,0.0,0.01917808,94.94494,1.643772314351274
pakistan,draw_178,Male,0.0,0.01917808,94.94494,1.682982548028127
ethiopia,draw_178,Female,0.0,0.01917808,95.05506,1.7782998136806882
ethiopia,draw_178,Male,0.0,0.01917808,95.05506,1.7431050256687617
nigeria,draw_178,Female,0.0,0.01917808,95.05506,1.750399352343214
nigeria,draw_178,Male,0.0,0.01917808,95.05506,1.7577551911728206
pakistan,draw_178,Female,0.0,0.01917808,95.05506,1.6396535006228745
pakistan,draw_178,Male,0.0,0.01917808,95.05506,1.6783527442074786
ethiopia,draw_178,Female,0.0,0.01917808,95.16517,1.7724520430621675
ethiopia,draw_178,Male,0.0,0.01917808,95.16517,1.7376158506012869
nigeria,draw_178,Female,0.0,0.01917808,95.16517,1.7448445372691956
nigeria,draw_178,Male,0.0,0.01917808,95.16517,1.752140940625444
pakistan,draw_178,Female,0.0,0.01917808,95.16517,1.6355261966993642
pakistan,draw_178,Male,0.0,0.01917808,95.16517,1.6737214127288513
ethiopia,draw_178,Female,0.0,0.01917808,95.27528,1.7666157828348892
ethiopia,draw_178,Male,0.0,0.01917808,95.27528,1.7321341332494615
nigeria,draw_178,Female,0.0,0.01917808,95.27528,1.7392966715530955
nigeria,draw_178,Male,0.0,0.01917808,95.27528,1.7465348341238787
pakistan,draw_178,Female,0.0,0.01917808,95.27528,1.631386751780327
pakistan,draw_178,Male,0.0,0.01917808,95.27528,1.6690864823530744
ethiopia,draw_178,Female,0.0,0.01917808,95.38539,1.7607895065024912
ethiopia,draw_178,Male,0.0,0.01917808,95.38539,1.726660305216687
nigeria,draw_178,Female,0.0,0.01917808,95.38539,1.7337577223385456
nigeria,draw_178,Male,0.0,0.01917808,95.38539,1.7409378776615327
pakistan,draw_178,Female,0.0,0.01917808,95.38539,1.627235149392481
pakistan,draw_178,Male,0.0,0.01917808,95.38539,1.6644452950541708
ethiopia,draw_178,Female,0.0,0.01917808,95.4955,1.7549766872172303
ethiopia,draw_178,Male,0.0,0.01917808,95.4955,1.7211972752295115
nigeria,draw_178,Female,0.0,0.01917808,95.4955,1.7282290166485856
nigeria,draw_178,Male,0.0,0.01917808,95.4955,1.735351224550109
pakistan,draw_178,Female,0.0,0.01917808,95.4955,1.6230744263467438
pakistan,draw_178,Male,0.0,0.01917808,95.4955,1.6598024964777822
ethiopia,draw_178,Female,0.0,0.01917808,95.60561,1.7491770451314255
ethiopia,draw_178,Male,0.0,0.01917808,95.60561,1.7157429901294097
nigeria,draw_178,Female,0.0,0.01917808,95.60561,1.722708504717508
nigeria,draw_178,Male,0.0,0.01917808,95.60561,1.729774612503389
pakistan,draw_178,Female,0.0,0.01917808,95.60561,1.6189062974441777
pakistan,draw_178,Male,0.0,0.01917808,95.60561,1.6551589273615395
ethiopia,draw_178,Female,0.0,0.01917808,95.71572,1.7433906729541198
ethiopia,draw_178,Male,0.0,0.01917808,95.71572,1.710298876768941
nigeria,draw_178,Female,0.0,0.01917808,95.71572,1.7171999994795542
nigeria,draw_178,Male,0.0,0.01917808,95.71572,1.7242096284669006
pakistan,draw_178,Female,0.0,0.01917808,95.71572,1.614729769592175
pakistan,draw_178,Male,0.0,0.01917808,95.71572,1.6505131597326417
ethiopia,draw_178,Female,0.0,0.01917808,95.82583,1.7376175449466265
ethiopia,draw_178,Male,0.0,0.01917808,95.82583,1.704865494611029
nigeria,draw_178,Female,0.0,0.01917808,95.82583,1.7117016089341557
nigeria,draw_178,Male,0.0,0.01917808,95.82583,1.7186553605430221
pakistan,draw_178,Female,0.0,0.01917808,95.82583,1.6105456892050012
pakistan,draw_178,Male,0.0,0.01917808,95.82583,1.6458668970623498
ethiopia,draw_178,Female,0.0,0.01917808,95.93594,1.7318580827807735
ethiopia,draw_178,Male,0.0,0.01917808,95.93594,1.699443524862528
nigeria,draw_178,Female,0.0,0.01917808,95.93594,1.706213702504206
nigeria,draw_178,Male,0.0,0.01917808,95.93594,1.7131111234614647
pakistan,draw_178,Female,0.0,0.01917808,95.93594,1.6063547339847453
pakistan,draw_178,Male,0.0,0.01917808,95.93594,1.6412203241068668
ethiopia,draw_178,Female,0.0,0.01917808,96.04605,1.7261118662226864
ethiopia,draw_178,Male,0.0,0.01917808,96.04605,1.6940299593560424
nigeria,draw_178,Female,0.0,0.01917808,96.04605,1.7007357893184116
nigeria,draw_178,Male,0.0,0.01917808,96.04605,1.7075775830469697
pakistan,draw_178,Female,0.0,0.01917808,96.04605,1.602153632599698
pakistan,draw_178,Male,0.0,0.01917808,96.04605,1.6365699899066155
ethiopia,draw_178,Female,0.0,0.01917808,96.15616,1.7203820168190553
ethiopia,draw_178,Male,0.0,0.01917808,96.15616,1.6886304747794567
nigeria,draw_178,Female,0.0,0.01917808,96.15616,1.695272441553161
nigeria,draw_178,Male,0.0,0.01917808,96.15616,1.7020598907701852
pakistan,draw_178,Female,0.0,0.01917808,96.15616,1.5979485702177343
pakistan,draw_178,Male,0.0,0.01917808,96.15616,1.631923120163254
ethiopia,draw_178,Female,0.0,0.01917808,96.26627,1.714666220410035
ethiopia,draw_178,Male,0.0,0.01917808,96.26627,1.6832421401456183
nigeria,draw_178,Female,0.0,0.01917808,96.26627,1.689820081403837
nigeria,draw_178,Male,0.0,0.01917808,96.26627,1.696552132262837
pakistan,draw_178,Female,0.0,0.01917808,96.26627,1.5937371710716728
pakistan,draw_178,Male,0.0,0.01917808,96.26627,1.6272758093798538
ethiopia,draw_178,Female,0.0,0.01917808,96.37638,1.708965023373089
ethiopia,draw_178,Male,0.0,0.01917808,96.37638,1.6778650335397618
nigeria,draw_178,Female,0.0,0.01917808,96.37638,1.684379094187201
nigeria,draw_178,Male,0.0,0.01917808,96.37638,1.6910567680063198
pakistan,draw_178,Female,0.0,0.01917808,96.37638,1.5895199834242482
pakistan,draw_178,Male,0.0,0.01917808,96.37638,1.6226299257841157
ethiopia,draw_178,Female,0.0,0.01917808,96.48649,1.7032770111308038
ethiopia,draw_178,Male,0.0,0.01917808,96.48649,1.6724985242026496
nigeria,draw_178,Female,0.0,0.01917808,96.48649,1.6789497342207853
nigeria,draw_178,Male,0.0,0.01917808,96.48649,1.6855726952399153
pakistan,draw_178,Female,0.0,0.01917808,96.48649,1.585297839064349
pakistan,draw_178,Male,0.0,0.01917808,96.48649,1.6179834461858973
ethiopia,draw_178,Female,0.0,0.01917808,96.5966,1.697603283639279
ethiopia,draw_178,Male,0.0,0.01917808,96.5966,1.6671439747684118
nigeria,draw_178,Female,0.0,0.01917808,96.5966,1.673531937288543
nigeria,draw_178,Male,0.0,0.01917808,96.5966,1.6801010551635946
pakistan,draw_178,Female,0.0,0.01917808,96.5966,1.581069658140888
pakistan,draw_178,Male,0.0,0.01917808,96.5966,1.6133378622751275
ethiopia,draw_178,Female,0.0,0.01917808,96.70671,1.6919438116984518
ethiopia,draw_178,Male,0.0,0.01917808,96.70671,1.6617999645032049
nigeria,draw_178,Female,0.0,0.01917808,96.70671,1.6681247250957396
nigeria,draw_178,Male,0.0,0.01917808,96.70671,1.674640778547625
pakistan,draw_178,Female,0.0,0.01917808,96.70671,1.576835005583646
pakistan,draw_178,Male,0.0,0.01917808,96.70671,1.6086926107849024
ethiopia,draw_178,Female,0.0,0.01917808,96.81682,1.6862969197742677
ethiopia,draw_178,Male,0.0,0.01917808,96.81682,1.6564668070998787
nigeria,draw_178,Female,0.0,0.01917808,96.81682,1.6627289329185353
nigeria,draw_178,Male,0.0,0.01917808,96.81682,1.6691914672398054
pakistan,draw_178,Female,0.0,0.01917808,96.81682,1.5725931855532966
pakistan,draw_178,Male,0.0,0.01917808,96.81682,1.6040468488529722
ethiopia,draw_178,Female,0.0,0.01917808,96.92693,1.680664656567635
ethiopia,draw_178,Male,0.0,0.01917808,96.92693,1.6511450850753249
nigeria,draw_178,Female,0.0,0.01917808,96.92693,1.657345373382215
nigeria,draw_178,Male,0.0,0.01917808,96.92693,1.6637542703463322
pakistan,draw_178,Female,0.0,0.01917808,96.92693,1.5683472832915433
pakistan,draw_178,Male,0.0,0.01917808,96.92693,1.599402411740339
ethiopia,draw_178,Female,0.0,0.01917808,97.03704,1.6750465687819938
ethiopia,draw_178,Male,0.0,0.01917808,97.03704,1.6458349283233455
nigeria,draw_178,Female,0.0,0.01917808,97.03704,1.6519735905822868
nigeria,draw_178,Male,0.0,0.01917808,97.03704,1.658329611579748
pakistan,draw_178,Female,0.0,0.01917808,97.03704,1.5640964630519258
pakistan,draw_178,Male,0.0,0.01917808,97.03704,1.5947601305667003
ethiopia,draw_178,Female,0.0,0.01917808,97.14715,1.6694479607612234
ethiopia,draw_178,Male,0.0,0.01917808,97.14715,1.6405418955266304
nigeria,draw_178,Female,0.0,0.01917808,97.14715,1.6466170193534524
nigeria,draw_178,Male,0.0,0.01917808,97.14715,1.6529216846477415
pakistan,draw_178,Female,0.0,0.01917808,97.14715,1.5598460382219266
pakistan,draw_178,Male,0.0,0.01917808,97.14715,1.590123210504074
ethiopia,draw_178,Female,0.0,0.01917808,97.25726,1.6638652360251305
ethiopia,draw_178,Male,0.0,0.01917808,97.25726,1.635260165093867
nigeria,draw_178,Female,0.0,0.01917808,97.25726,1.6412753347257196
nigeria,draw_178,Male,0.0,0.01917808,97.25726,1.647527623595111
pakistan,draw_178,Female,0.0,0.01917808,97.25726,1.555591669818383
pakistan,draw_178,Male,0.0,0.01917808,97.25726,1.5854888336167718
ethiopia,draw_178,Female,0.0,0.01917808,97.36737,1.6582974625659854
ethiopia,draw_178,Male,0.0,0.01917808,97.36737,1.6299913501122183
nigeria,draw_178,Female,0.0,0.01917808,97.36737,1.6359450064731043
nigeria,draw_178,Male,0.0,0.01917808,97.36737,1.6421461129144035
pakistan,draw_178,Female,0.0,0.01917808,97.36737,1.5513342837501103
pakistan,draw_178,Male,0.0,0.01917808,97.36737,1.5808571666936329
ethiopia,draw_178,Female,0.0,0.01917808,97.47748,1.6527422910801703
ethiopia,draw_178,Male,0.0,0.01917808,97.47748,1.62473302287364
nigeria,draw_178,Female,0.0,0.01917808,97.47748,1.6306242862218903
nigeria,draw_178,Male,0.0,0.01917808,97.47748,1.636775735856946
pakistan,draw_178,Female,0.0,0.01917808,97.47748,1.547070688672137
pakistan,draw_178,Male,0.0,0.01917808,97.47748,1.5762246819672174
ethiopia,draw_178,Female,0.0,0.01917808,97.58759,1.647203761533014
ethiopia,draw_178,Male,0.0,0.01917808,97.58759,1.6194870251752007
nigeria,draw_178,Female,0.0,0.01917808,97.58759,1.6253183972705716
nigeria,draw_178,Male,0.0,0.01917808,97.58759,1.6314184054256289
pakistan,draw_178,Female,0.0,0.01917808,97.58759,1.5428035910385274
pakistan,draw_178,Male,0.0,0.01917808,97.58759,1.5715956136372262
ethiopia,draw_178,Female,0.0,0.01917808,97.6977,1.6416789817581325
ethiopia,draw_178,Male,0.0,0.01917808,97.6977,1.614253888799907
nigeria,draw_178,Female,0.0,0.01917808,97.6977,1.6200241128154536
nigeria,draw_178,Male,0.0,0.01917808,97.6977,1.626074310556123
pakistan,draw_178,Female,0.0,0.01917808,97.6977,1.538533890665547
pakistan,draw_178,Male,0.0,0.01917808,97.6977,1.56696955593783
ethiopia,draw_178,Female,0.0,0.01917808,97.80781,1.6361710609112494
ethiopia,draw_178,Male,0.0,0.01917808,97.80781,1.6090322095256562
nigeria,draw_178,Female,0.0,0.01917808,97.80781,1.6147437108285796
nigeria,draw_178,Male,0.0,0.01917808,97.80781,1.62074373410658
pakistan,draw_178,Female,0.0,0.01917808,97.80781,1.5342630064760987
pakistan,draw_178,Male,0.0,0.01917808,97.80781,1.5623459812460805
ethiopia,draw_178,Female,0.0,0.01917808,97.91792,1.630678799086453
ethiopia,draw_178,Male,0.0,0.01917808,97.91792,1.6038241875774375
nigeria,draw_178,Female,0.0,0.01917808,97.91792,1.6094753797064352
nigeria,draw_178,Male,0.0,0.01917808,97.91792,1.6154265966016637
pakistan,draw_178,Female,0.0,0.01917808,97.91792,1.5299906080776824
pakistan,draw_178,Male,0.0,0.01917808,97.91792,1.557727055139201
ethiopia,draw_178,Female,0.0,0.01917808,98.02803,1.6252014582813201
ethiopia,draw_178,Male,0.0,0.01917808,98.02803,1.5986308422133984
nigeria,draw_178,Female,0.0,0.01917808,98.02803,1.6042209316042517
nigeria,draw_178,Male,0.0,0.01917808,98.02803,1.6101232137337973
pakistan,draw_178,Female,0.0,0.01917808,98.02803,1.525717242839913
pakistan,draw_178,Male,0.0,0.01917808,98.02803,1.5531114541246973
ethiopia,draw_178,Female,0.0,0.01917808,98.13814,1.6197423568526332
ethiopia,draw_178,Male,0.0,0.01917808,98.13814,1.5934496476148514
nigeria,draw_178,Female,0.0,0.01917808,98.13814,1.5989805278754932
nigeria,draw_178,Male,0.0,0.01917808,98.13814,1.6048345722908557
pakistan,draw_178,Female,0.0,0.01917808,98.13814,1.521441626896341
pakistan,draw_178,Male,0.0,0.01917808,98.13814,1.5485004477981357
ethiopia,draw_178,Female,0.0,0.01917808,98.24825,1.6142995809074907
ethiopia,draw_178,Male,0.0,0.01917808,98.24825,1.5882836847594128
nigeria,draw_178,Female,0.0,0.01917808,98.24825,1.593755378896389
nigeria,draw_178,Male,0.0,0.01917808,98.24825,1.599561304769321
pakistan,draw_178,Female,0.0,0.01917808,98.24825,1.517166312886545
pakistan,draw_178,Male,0.0,0.01917808,98.24825,1.5438935654388573
ethiopia,draw_178,Female,0.0,0.01917808,98.35836,1.6088724577018452
ethiopia,draw_178,Male,0.0,0.01917808,98.35836,1.5831317123494935
nigeria,draw_178,Female,0.0,0.01917808,98.35836,1.5885437891004477
nigeria,draw_178,Male,0.0,0.01917808,98.35836,1.5943009473787706
pakistan,draw_178,Female,0.0,0.01917808,98.35836,1.5128891852448874
pakistan,draw_178,Male,0.0,0.01917808,98.35836,1.539291714955142
ethiopia,draw_178,Female,0.0,0.01917808,98.46847,1.6034615480235348
ethiopia,draw_178,Male,0.0,0.01917808,98.46847,1.5779921968545187
nigeria,draw_178,Female,0.0,0.01917808,98.46847,1.5833453464024418
nigeria,draw_178,Male,0.0,0.01917808,98.46847,1.5890547590362363
pakistan,draw_178,Female,0.0,0.01917808,98.46847,1.5086118649536293
pakistan,draw_178,Male,0.0,0.01917808,98.46847,1.5346942087556896
ethiopia,draw_178,Female,0.0,0.01917808,98.57858,1.5980668704136245
ethiopia,draw_178,Male,0.0,0.01917808,98.57858,1.5728664606890095
nigeria,draw_178,Female,0.0,0.01917808,98.57858,1.5781621791001677
nigeria,draw_178,Male,0.0,0.01917808,98.57858,1.5838233431426876
pakistan,draw_178,Female,0.0,0.01917808,98.57858,1.5043348000174936
pakistan,draw_178,Male,0.0,0.01917808,98.57858,1.5301018148556644
ethiopia,draw_178,Female,0.0,0.01917808,98.68869,1.5926897510948796
ethiopia,draw_178,Male,0.0,0.01917808,98.68869,1.567755494876866
nigeria,draw_178,Female,0.0,0.01917808,98.68869,1.572992219062556
nigeria,draw_178,Male,0.0,0.01917808,98.68869,1.5786074504914915
pakistan,draw_178,Female,0.0,0.01917808,98.68869,1.5000581513400781
pakistan,draw_178,Male,0.0,0.01917808,98.68869,1.5255148746593954
ethiopia,draw_178,Female,0.0,0.01917808,98.7988,1.5873285865607705
ethiopia,draw_178,Male,0.0,0.01917808,98.7988,1.5626584664357
nigeria,draw_178,Female,0.0,0.01917808,98.7988,1.5678373861414467
nigeria,draw_178,Male,0.0,0.01917808,98.7988,1.5734052003954238
pakistan,draw_178,Female,0.0,0.01917808,98.7988,1.4957829177299966
pakistan,draw_178,Male,0.0,0.01917808,98.7988,1.5209329942818233
ethiopia,draw_178,Female,0.0,0.01917808,98.90891,1.5819821983416642
ethiopia,draw_178,Male,0.0,0.01917808,98.90891,1.5575742627828617
nigeria,draw_178,Female,0.0,0.01917808,98.90891,1.562695766729437
nigeria,draw_178,Male,0.0,0.01917808,98.90891,1.5682168977801383
pakistan,draw_178,Female,0.0,0.01917808,98.90891,1.4915045317702815
pakistan,draw_178,Male,0.0,0.01917808,98.90891,1.5163541753374417
ethiopia,draw_178,Female,0.0,0.01917808,99.01902,1.5766540355840124
ethiopia,draw_178,Male,0.0,0.01917808,99.01902,1.5525035067802808
nigeria,draw_178,Female,0.0,0.01917808,99.01902,1.5575680858553012
nigeria,draw_178,Male,0.0,0.01917808,99.01902,1.5630437087101208
pakistan,draw_178,Female,0.0,0.01917808,99.01902,1.487227330551986
pakistan,draw_178,Male,0.0,0.01917808,99.01902,1.511782232751347
ethiopia,draw_178,Female,0.0,0.01917808,99.12913,1.5713439699987595
ethiopia,draw_178,Male,0.0,0.01917808,99.12913,1.5474495923496219
nigeria,draw_178,Female,0.0,0.01917808,99.12913,1.5524572770418894
nigeria,draw_178,Male,0.0,0.01917808,99.12913,1.5578863330400734
pakistan,draw_178,Female,0.0,0.01917808,99.12913,1.4829540617535515
pakistan,draw_178,Male,0.0,0.01917808,99.12913,1.5072178153239781
ethiopia,draw_178,Female,0.0,0.01917808,99.23924,1.5660541826181502
ethiopia,draw_178,Male,0.0,0.01917808,99.23924,1.5424138577935311
nigeria,draw_178,Female,0.0,0.01917808,99.23924,1.5473660003009362
nigeria,draw_178,Male,0.0,0.01917808,99.23924,1.5527489641990289
pakistan,draw_178,Female,0.0,0.01917808,99.23924,1.4786852957602152
pakistan,draw_178,Male,0.0,0.01917808,99.23924,1.5026620944002942
ethiopia,draw_178,Female,0.0,0.01917808,99.34935,1.5607832962451156
ethiopia,draw_178,Male,0.0,0.01917808,99.34935,1.5373939348321715
nigeria,draw_178,Female,0.0,0.01917808,99.34935,1.5422901528697446
nigeria,draw_178,Male,0.0,0.01917808,99.34935,1.5476280275454946
pakistan,draw_178,Female,0.0,0.01917808,99.34935,1.4744201782264532
pakistan,draw_178,Male,0.0,0.01917808,99.34935,1.4981152085417364
ethiopia,draw_178,Female,0.0,0.01917808,99.45946,1.555530574105099
ethiopia,draw_178,Male,0.0,0.01917808,99.45946,1.532389566517862
nigeria,draw_178,Female,0.0,0.01917808,99.45946,1.5372303518838748
nigeria,draw_178,Male,0.0,0.01917808,99.45946,1.5425228992257265
pakistan,draw_178,Female,0.0,0.01917808,99.45946,1.4701570159072883
pakistan,draw_178,Male,0.0,0.01917808,99.45946,1.493575603211514
ethiopia,draw_178,Female,0.0,0.01917808,99.56957,1.5502949620382243
ethiopia,draw_178,Male,0.0,0.01917808,99.56957,1.5273993594799167
nigeria,draw_178,Female,0.0,0.01917808,99.56957,1.5321863399428823
nigeria,draw_178,Male,0.0,0.01917808,99.56957,1.5374339629386897
pakistan,draw_178,Female,0.0,0.01917808,99.56957,1.4658955428318543
pakistan,draw_178,Male,0.0,0.01917808,99.56957,1.4890422609667153
ethiopia,draw_178,Female,0.0,0.01917808,99.67968,1.5450769290257063
ethiopia,draw_178,Male,0.0,0.01917808,99.67968,1.522425238942069
nigeria,draw_178,Female,0.0,0.01917808,99.67968,1.5271569218556673
nigeria,draw_178,Male,0.0,0.01917808,99.67968,1.532359871821941
pakistan,draw_178,Female,0.0,0.01917808,99.67968,1.4616360014677563
pakistan,draw_178,Male,0.0,0.01917808,99.67968,1.4845160181466304
ethiopia,draw_178,Female,0.0,0.01917808,99.78979,1.539877530479595
ethiopia,draw_178,Male,0.0,0.01917808,99.78979,1.5174667255309753
nigeria,draw_178,Female,0.0,0.01917808,99.78979,1.522144503945174
nigeria,draw_178,Male,0.0,0.01917808,99.78979,1.5273027136672825
pakistan,draw_178,Female,0.0,0.01917808,99.78979,1.4573799499501356
pakistan,draw_178,Male,0.0,0.01917808,99.78979,1.4799978778734184
ethiopia,draw_178,Female,0.0,0.01917808,99.8999,1.5346965197708824
ethiopia,draw_178,Male,0.0,0.01917808,99.8999,1.5125246171611122
nigeria,draw_178,Female,0.0,0.01917808,99.8999,1.5171481479206543
nigeria,draw_178,Male,0.0,0.01917808,99.8999,1.5222628563620133
pakistan,draw_178,Female,0.0,0.01917808,99.8999,1.4531271865255917
pakistan,draw_178,Male,0.0,0.01917808,99.8999,1.4754882539922887
ethiopia,draw_178,Female,0.0,0.01917808,100.01001,1.5295342918137174
ethiopia,draw_178,Male,0.0,0.01917808,100.01001,1.5075989547084905
nigeria,draw_178,Female,0.0,0.01917808,100.01001,1.5121684343145363
nigeria,draw_178,Male,0.0,0.01917808,100.01001,1.5172389259624277
pakistan,draw_178,Female,0.0,0.01917808,100.01001,1.4488796498791174
pakistan,draw_178,Male,0.0,0.01917808,100.01001,1.4709865702609548
ethiopia,draw_178,Female,0.0,0.01917808,100.12012,1.5243902398250708
ethiopia,draw_178,Male,0.0,0.01917808,100.12012,1.502688848280751
nigeria,draw_178,Female,0.0,0.01917808,100.12012,1.5072053079937853
nigeria,draw_178,Male,0.0,0.01917808,100.12012,1.5122325343864078
pakistan,draw_178,Female,0.0,0.01917808,100.12012,1.444635972061293
pakistan,draw_178,Male,0.0,0.01917808,100.12012,1.4664943596243991
ethiopia,draw_178,Female,0.0,0.01917808,100.23023,1.5192695248895698
ethiopia,draw_178,Male,0.0,0.01917808,100.23023,1.497799150727579
nigeria,draw_178,Female,0.0,0.01917808,100.23023,1.5022624880520212
nigeria,draw_178,Male,0.0,0.01917808,100.23023,1.5072466167090122
pakistan,draw_178,Female,0.0,0.01917808,100.23023,1.4404014272616115
pakistan,draw_178,Male,0.0,0.01917808,100.23023,1.4620148452875004
ethiopia,draw_178,Female,0.0,0.01917808,100.34034,1.5141680629648784
ethiopia,draw_178,Male,0.0,0.01917808,100.34034,1.4929269339347517
nigeria,draw_178,Female,0.0,0.01917808,100.34034,1.4973376117636252
nigeria,draw_178,Male,0.0,0.01917808,100.34034,1.5022782234742822
pakistan,draw_178,Female,0.0,0.01917808,100.34034,1.436172936609528
pakistan,draw_178,Male,0.0,0.01917808,100.34034,1.4575451616543873
ethiopia,draw_178,Female,0.0,0.01917808,100.45045,1.5090875512038004
ethiopia,draw_178,Male,0.0,0.01917808,100.45045,1.48807253839827
nigeria,draw_178,Female,0.0,0.01917808,100.45045,1.4924314308253646
nigeria,draw_178,Male,0.0,0.01917808,100.45045,1.4973293058800152
pakistan,draw_178,Female,0.0,0.01917808,100.45045,1.4319528601875264
pakistan,draw_178,Male,0.0,0.01917808,100.45045,1.4530892876279955
ethiopia,draw_178,Female,0.0,0.01917808,100.56056,1.5040283401001728
ethiopia,draw_178,Male,0.0,0.01917808,100.56056,1.483238120759011
nigeria,draw_178,Female,0.0,0.01917808,100.56056,1.487545643368717
nigeria,draw_178,Male,0.0,0.01917808,100.56056,1.4924010763451825
pakistan,draw_178,Female,0.0,0.01917808,100.56056,1.4277423539277765
pakistan,draw_178,Male,0.0,0.01917808,100.56056,1.4486456116451438
ethiopia,draw_178,Female,0.0,0.01917808,100.67067,1.4989903559590274
ethiopia,draw_178,Male,0.0,0.01917808,100.67067,1.4784231281318245
nigeria,draw_178,Female,0.0,0.01917808,100.67067,1.4826801801391227
nigeria,draw_178,Male,0.0,0.01917808,100.67067,1.4874925419193497
pakistan,draw_178,Female,0.0,0.01917808,100.67067,1.4235427259099553
pakistan,draw_178,Male,0.0,0.01917808,100.67067,1.4442169929456699
ethiopia,draw_178,Female,0.0,0.01917808,100.78078,1.4939747664576806
ethiopia,draw_178,Male,0.0,0.01917808,100.78078,1.4736284836081446
nigeria,draw_178,Female,0.0,0.01917808,100.78078,1.4778339273818806
nigeria,draw_178,Male,0.0,0.01917808,100.78078,1.4826049740170597
pakistan,draw_178,Female,0.0,0.01917808,100.78078,1.419354565272943
pakistan,draw_178,Male,0.0,0.01917808,100.78078,1.4398019901822576
ethiopia,draw_178,Female,0.0,0.01917808,100.89089,1.488981594371576
ethiopia,draw_178,Male,0.0,0.01917808,100.89089,1.4688542716669357
nigeria,draw_178,Female,0.0,0.01917808,100.89089,1.4730080155344778
nigeria,draw_178,Male,0.0,0.01917808,100.89089,1.47773740731338
pakistan,draw_178,Female,0.0,0.01917808,100.89089,1.4151768864840801
pakistan,draw_178,Male,0.0,0.01917808,100.89089,1.4354013452203496
ethiopia,draw_178,Female,0.0,0.01917808,101.001,1.4840093198347049
ethiopia,draw_178,Male,0.0,0.01917808,101.001,1.46409889630052
nigeria,draw_178,Female,0.0,0.01917808,101.001,1.468202758211664
nigeria,draw_178,Male,0.0,0.01917808,101.001,1.4728900414612403
pakistan,draw_178,Female,0.0,0.01917808,101.001,1.4110105118680438
pakistan,draw_178,Male,0.0,0.01917808,101.001,1.4310144554715043
ethiopia,draw_178,Female,0.0,0.01917808,101.11111,1.4790591690578079
ethiopia,draw_178,Male,0.0,0.01917808,101.11111,1.4593635549708233
nigeria,draw_178,Female,0.0,0.01917808,101.11111,1.4634172320659706
nigeria,draw_178,Male,0.0,0.01917808,101.11111,1.4680630921692182
pakistan,draw_178,Female,0.0,0.01917808,101.11111,1.4068542576487275
pakistan,draw_178,Male,0.0,0.01917808,101.11111,1.42664241728005
ethiopia,draw_178,Female,0.0,0.01917808,101.22122,1.474134612775286
ethiopia,draw_178,Male,0.0,0.01917808,101.22122,1.4546504808059937
nigeria,draw_178,Female,0.0,0.01917808,101.22122,1.4586557239126974
nigeria,draw_178,Male,0.0,0.01917808,101.22122,1.4632598651500135
pakistan,draw_178,Female,0.0,0.01917808,101.22122,1.402713899314812
pakistan,draw_178,Male,0.0,0.01917808,101.22122,1.422287703451952
ethiopia,draw_178,Female,0.0,0.01917808,101.33133,1.4692337431434088
ethiopia,draw_178,Male,0.0,0.01917808,101.33133,1.4499606981146853
nigeria,draw_178,Female,0.0,0.01917808,101.33133,1.4539153892613939
nigeria,draw_178,Male,0.0,0.01917808,101.33133,1.4584801891732253
pakistan,draw_178,Female,0.0,0.01917808,101.33133,1.3985867376439822
pakistan,draw_178,Male,0.0,0.01917808,101.33133,1.41795079119997
ethiopia,draw_178,Female,0.0,0.01917808,101.44144,1.4643552736992533
ethiopia,draw_178,Male,0.0,0.01917808,101.44144,1.4452915250545066
nigeria,draw_178,Female,0.0,0.01917808,101.44144,1.4491974190815178
nigeria,draw_178,Male,0.0,0.01917808,101.44144,1.4537211561851628
pakistan,draw_178,Female,0.0,0.01917808,101.44144,1.3944737992644438
pakistan,draw_178,Male,0.0,0.01917808,101.44144,1.4136303297597044
ethiopia,draw_178,Female,0.0,0.01917808,101.55155,1.45950029137858
ethiopia,draw_178,Male,0.0,0.01917808,101.55155,1.4406430025218684
nigeria,draw_178,Female,0.0,0.01917808,101.55155,1.4445001253942622
nigeria,draw_178,Male,0.0,0.01917808,101.55155,1.448984235955167
pakistan,draw_178,Female,0.0,0.01917808,101.55155,1.3903741524157098
pakistan,draw_178,Male,0.0,0.01917808,101.55155,1.4093257990263042
ethiopia,draw_178,Female,0.0,0.01917808,101.66166,1.4546679547662182
ethiopia,draw_178,Male,0.0,0.01917808,101.66166,1.4360148127983046
nigeria,draw_178,Female,0.0,0.01917808,101.66166,1.4398244450618407
nigeria,draw_178,Male,0.0,0.01917808,101.66166,1.4442681363818985
pakistan,draw_178,Female,0.0,0.01917808,101.66166,1.3862881814160095
pakistan,draw_178,Male,0.0,0.01917808,101.66166,1.4050377937164023
ethiopia,draw_178,Female,0.0,0.01917808,101.77177,1.449857776466566
ethiopia,draw_178,Male,0.0,0.01917808,101.77177,1.4314087219298248
nigeria,draw_178,Female,0.0,0.01917808,101.77177,1.4351707680599712
nigeria,draw_178,Male,0.0,0.01917808,101.77177,1.4395739867152004
pakistan,draw_178,Female,0.0,0.01917808,101.77177,1.3822150363497974
pakistan,draw_178,Male,0.0,0.01917808,101.77177,1.4007647143797024
ethiopia,draw_178,Female,0.0,0.01917808,101.88188,1.4450708462823165
ethiopia,draw_178,Male,0.0,0.01917808,101.88188,1.4268232431915813
nigeria,draw_178,Female,0.0,0.01917808,101.88188,1.4305371168590728
nigeria,draw_178,Male,0.0,0.01917808,101.88188,1.4349016521910527
pakistan,draw_178,Female,0.0,0.01917808,101.88188,1.3781565386057348
pakistan,draw_178,Male,0.0,0.01917808,101.88188,1.396509282750085
ethiopia,draw_178,Female,0.0,0.01917808,101.99199,1.440307412078662
ethiopia,draw_178,Male,0.0,0.01917808,101.99199,1.4222582778157193
nigeria,draw_178,Female,0.0,0.01917808,101.99199,1.4259253276411508
nigeria,draw_178,Male,0.0,0.01917808,101.99199,1.4302511210132036
pakistan,draw_178,Female,0.0,0.01917808,101.99199,1.3741116086317484
pakistan,draw_178,Male,0.0,0.01917808,101.99199,1.392269825681237
ethiopia,draw_178,Female,0.0,0.01917808,102.1021,1.435567886965451
ethiopia,draw_178,Male,0.0,0.01917808,102.1021,1.4177160601998353
nigeria,draw_178,Female,0.0,0.01917808,102.1021,1.4213364202495133
nigeria,draw_178,Male,0.0,0.01917808,102.1021,1.42562267845739
pakistan,draw_178,Female,0.0,0.01917808,102.1021,1.3700816321025129
pakistan,draw_178,Male,0.0,0.01917808,102.1021,1.3880485118099972
ethiopia,draw_178,Female,0.0,0.01917808,102.21221,1.4308526781153836
ethiopia,draw_178,Male,0.0,0.01917808,102.21221,1.413196766693562
nigeria,draw_178,Female,0.0,0.01917808,102.21221,1.4167715388448343
nigeria,draw_178,Male,0.0,0.01917808,102.21221,1.4210184892344009
pakistan,draw_178,Female,0.0,0.01917808,102.21221,1.3660692100604495
pakistan,draw_178,Male,0.0,0.01917808,102.21221,1.383845957396248
ethiopia,draw_178,Female,0.0,0.01917808,102.32232,1.4261645429276781
ethiopia,draw_178,Male,0.0,0.01917808,102.32232,1.4087033686620143
nigeria,draw_178,Female,0.0,0.01917808,102.32232,1.4122316848433243
nigeria,draw_178,Male,0.0,0.01917808,102.32232,1.416440417988388
pakistan,draw_178,Female,0.0,0.01917808,102.32232,1.3620757206149623
pakistan,draw_178,Male,0.0,0.01917808,102.32232,1.3796656587511544
ethiopia,draw_178,Female,0.0,0.01917808,102.43243,1.4215011642476547
ethiopia,draw_178,Male,0.0,0.01917808,102.43243,1.4042318469161936
nigeria,draw_178,Female,0.0,0.01917808,102.43243,1.4077146443229756
nigeria,draw_178,Male,0.0,0.01917808,102.43243,1.4118853077925073
pakistan,draw_178,Female,0.0,0.01917808,102.43243,1.3581001716908216
pakistan,draw_178,Male,0.0,0.01917808,102.43243,1.3755047101732214
ethiopia,draw_178,Female,0.0,0.01917808,102.54254,1.4168619285857207
ethiopia,draw_178,Male,0.0,0.01917808,102.54254,1.3997840500644565
nigeria,draw_178,Female,0.0,0.01917808,102.54254,1.4032209438107248
nigeria,draw_178,Male,0.0,0.01917808,102.54254,1.407352760346209
pakistan,draw_178,Female,0.0,0.01917808,102.54254,1.3541416826270967
pakistan,draw_178,Male,0.0,0.01917808,102.54254,1.3713627276052796
ethiopia,draw_178,Female,0.0,0.01917808,102.65265,1.4122472084226547
ethiopia,draw_178,Male,0.0,0.01917808,102.65265,1.3953582644205775
nigeria,draw_178,Female,0.0,0.01917808,102.65265,1.3987502779586494
nigeria,draw_178,Male,0.0,0.01917808,102.65265,1.402845370184053
pakistan,draw_178,Female,0.0,0.01917808,102.65265,1.3502000152907332
pakistan,draw_178,Male,0.0,0.01917808,102.65265,1.3672403210023305
ethiopia,draw_178,Female,0.0,0.01917808,102.76276,1.4076566237142862
ethiopia,draw_178,Male,0.0,0.01917808,102.76276,1.3909555640526676
nigeria,draw_178,Female,0.0,0.01917808,102.76276,1.3943034313498521
nigeria,draw_178,Male,0.0,0.01917808,102.76276,1.3983603775108664
pakistan,draw_178,Female,0.0,0.01917808,102.76276,1.3462762975874
pakistan,draw_178,Male,0.0,0.01917808,102.76276,1.363137768065239
ethiopia,draw_178,Female,0.0,0.01917808,102.87287,1.4030902803185323
ethiopia,draw_178,Male,0.0,0.01917808,102.87287,1.3865756482079987
nigeria,draw_178,Female,0.0,0.01917808,102.87287,1.3898796075480762
nigeria,draw_178,Male,0.0,0.01917808,102.87287,1.3938983907905471
pakistan,draw_178,Female,0.0,0.01917808,102.87287,1.3423705834149904
pakistan,draw_178,Male,0.0,0.01917808,102.87287,1.359055054690421
ethiopia,draw_178,Female,0.0,0.01917808,102.98298,1.3985491234175647
ethiopia,draw_178,Male,0.0,0.01917808,102.98298,1.3822193163309902
nigeria,draw_178,Female,0.0,0.01917808,102.98298,1.3854783665131913
nigeria,draw_178,Male,0.0,0.01917808,102.98298,1.3894612491939458
pakistan,draw_178,Female,0.0,0.01917808,102.98298,1.3384823500198921
pakistan,draw_178,Male,0.0,0.01917808,102.98298,1.3549920917977099
ethiopia,draw_178,Female,0.0,0.01917808,103.09309,1.3940312271874278
ethiopia,draw_178,Male,0.0,0.01917808,103.09309,1.3778847555547544
nigeria,draw_178,Female,0.0,0.01917808,103.09309,1.3811015934943802
nigeria,draw_178,Male,0.0,0.01917808,103.09309,1.3850459458972841
pakistan,draw_178,Female,0.0,0.01917808,103.09309,1.3346114386409118
pakistan,draw_178,Male,0.0,0.01917808,103.09309,1.3509481766679063
ethiopia,draw_178,Female,0.0,0.01917808,103.2032,1.3895382585431961
ethiopia,draw_178,Male,0.0,0.01917808,103.2032,1.373572961870781
nigeria,draw_178,Female,0.0,0.01917808,103.2032,1.3767466421879582
nigeria,draw_178,Male,0.0,0.01917808,103.2032,1.3806546561449595
pakistan,draw_178,Female,0.0,0.01917808,103.2032,1.330758213994843
pakistan,draw_178,Male,0.0,0.01917808,103.2032,1.3469236147583257
ethiopia,draw_178,Female,0.0,0.01917808,103.31331,1.385073142865037
ethiopia,draw_178,Male,0.0,0.01917808,103.31331,1.36928866942655
nigeria,draw_178,Female,0.0,0.01917808,103.31331,1.372418802974114
nigeria,draw_178,Male,0.0,0.01917808,103.31331,1.3762904459351921
pakistan,draw_178,Female,0.0,0.01917808,103.31331,1.3269260439619381
pakistan,draw_178,Male,0.0,0.01917808,103.31331,1.3429229394002544
ethiopia,draw_178,Female,0.0,0.01917808,103.42342,1.3806335388031796
ethiopia,draw_178,Male,0.0,0.01917808,103.42342,1.3650274776534523
nigeria,draw_178,Female,0.0,0.01917808,103.42342,1.3681147185377083
nigeria,draw_178,Male,0.0,0.01917808,103.42342,1.371950732011483
pakistan,draw_178,Female,0.0,0.01917808,103.42342,1.3231131204310982
pakistan,draw_178,Male,0.0,0.01917808,103.42342,1.3389426297196463
ethiopia,draw_178,Female,0.0,0.01917808,103.53353,1.3762183647198936
ethiopia,draw_178,Male,0.0,0.01917808,103.53353,1.3607887156881147
nigeria,draw_178,Female,0.0,0.01917808,103.53353,1.363834844700102
nigeria,draw_178,Male,0.0,0.01917808,103.53353,1.3676341293303544
pakistan,draw_178,Female,0.0,0.01917808,103.53353,1.3193189157235614
pakistan,draw_178,Male,0.0,0.01917808,103.53353,1.3349830285822761
ethiopia,draw_178,Female,0.0,0.01917808,103.64364,1.3718280599471757
ethiopia,draw_178,Male,0.0,0.01917808,103.64364,1.3565745952397217
nigeria,draw_178,Female,0.0,0.01917808,103.64364,1.3595781468243266
nigeria,draw_178,Male,0.0,0.01917808,103.64364,1.3633415842997445
pakistan,draw_178,Female,0.0,0.01917808,103.64364,1.315543125116369
pakistan,draw_178,Male,0.0,0.01917808,103.64364,1.3310445294865865
ethiopia,draw_178,Female,0.0,0.01917808,103.75375,1.3674627387891898
ethiopia,draw_178,Male,0.0,0.01917808,103.75375,1.3523834317326857
nigeria,draw_178,Female,0.0,0.01917808,103.75375,1.3553458363648163
nigeria,draw_178,Male,0.0,0.01917808,103.75375,1.3590739162543768
pakistan,draw_178,Female,0.0,0.01917808,103.75375,1.3117878526962126
pakistan,draw_178,Male,0.0,0.01917808,103.75375,1.3271264731205479
ethiopia,draw_178,Female,0.0,0.01917808,103.86386,1.3631228148265997
ethiopia,draw_178,Male,0.0,0.01917808,103.86386,1.3482166873220054
nigeria,draw_178,Female,0.0,0.01917808,103.86386,1.351136611260403
nigeria,draw_178,Male,0.0,0.01917808,103.86386,1.3548296309074601
pakistan,draw_178,Female,0.0,0.01917808,103.86386,1.3080512275414176
pakistan,draw_178,Male,0.0,0.01917808,103.86386,1.3232294404867881
ethiopia,draw_178,Female,0.0,0.01917808,103.97397,1.358807237306197
ethiopia,draw_178,Male,0.0,0.01917808,103.97397,1.344072106203448
nigeria,draw_178,Female,0.0,0.01917808,103.97397,1.3469521231719666
nigeria,draw_178,Male,0.0,0.01917808,103.97397,1.3506089265483476
pakistan,draw_178,Female,0.0,0.01917808,103.97397,1.3043340480526493
pakistan,draw_178,Male,0.0,0.01917808,103.97397,1.3193527238289193
ethiopia,draw_178,Female,0.0,0.01917808,104.08408,1.3545165776317658
ethiopia,draw_178,Male,0.0,0.01917808,104.08408,1.3399515087919267
nigeria,draw_178,Female,0.0,0.01917808,104.08408,1.342791126350435
nigeria,draw_178,Male,0.0,0.01917808,104.08408,1.3464135995264621
pakistan,draw_178,Female,0.0,0.01917808,104.08408,1.300636311176444
pakistan,draw_178,Male,0.0,0.01917808,104.08408,1.3154980629413082
ethiopia,draw_178,Female,0.0,0.01917808,104.19419,1.3502508505017894
ethiopia,draw_178,Male,0.0,0.01917808,104.19419,1.3358542762124506
nigeria,draw_178,Female,0.0,0.01917808,104.19419,1.3386534108620423
nigeria,draw_178,Male,0.0,0.01917808,104.19419,1.3422414092250152
pakistan,draw_178,Female,0.0,0.01917808,104.19419,1.2969583578758632
pakistan,draw_178,Male,0.0,0.01917808,104.19419,1.3116636834420035
ethiopia,draw_178,Female,0.0,0.01917808,104.3043,1.346012827960131
ethiopia,draw_178,Male,0.0,0.01917808,104.3043,1.3317834201539134
nigeria,draw_178,Female,0.0,0.01917808,104.3043,1.3345424975784193
nigeria,draw_178,Male,0.0,0.01917808,104.3043,1.3380958266882275
pakistan,draw_178,Female,0.0,0.01917808,104.3043,1.2933018988375315
pakistan,draw_178,Male,0.0,0.01917808,104.3043,1.3078537074852874
ethiopia,draw_178,Female,0.0,0.01917808,104.41441,1.3418009718984214
ethiopia,draw_178,Male,0.0,0.01917808,104.41441,1.32773729358905
nigeria,draw_178,Female,0.0,0.01917808,104.41441,1.3304563930429119
nigeria,draw_178,Male,0.0,0.01917808,104.41441,1.3339760292260725
pakistan,draw_178,Female,0.0,0.01917808,104.41441,1.2896671917543134
pakistan,draw_178,Male,0.0,0.01917808,104.41441,1.3040658141668844
ethiopia,draw_178,Female,0.0,0.01917808,104.52452,1.3376132427687075
ethiopia,draw_178,Male,0.0,0.01917808,104.52452,1.3237147026191232
nigeria,draw_178,Female,0.0,0.01917808,104.52452,1.3263946131199575
nigeria,draw_178,Male,0.0,0.01917808,104.52452,1.3298796756381515
pakistan,draw_178,Female,0.0,0.01917808,104.52452,1.2860507239447183
pakistan,draw_178,Male,0.0,0.01917808,104.52452,1.3002985004985688
ethiopia,draw_178,Female,0.0,0.01917808,104.63463,1.3334511290804414
ethiopia,draw_178,Male,0.0,0.01917808,104.63463,1.3197151722624427
nigeria,draw_178,Female,0.0,0.01917808,104.63463,1.3223560819526783
nigeria,draw_178,Male,0.0,0.01917808,104.63463,1.3258078686978492
pakistan,draw_178,Female,0.0,0.01917808,104.63463,1.2824540927442807
pakistan,draw_178,Male,0.0,0.01917808,104.63463,1.2965519030380053
ethiopia,draw_178,Female,0.0,0.01917808,104.74474,1.32931314605969
ethiopia,draw_178,Male,0.0,0.01917808,104.74474,1.315739009246229
nigeria,draw_178,Female,0.0,0.01917808,104.74474,1.3183406425925832
nigeria,draw_178,Male,0.0,0.01917808,104.74474,1.3217592611791418
pakistan,draw_178,Female,0.0,0.01917808,104.74474,1.2788770538279426
pakistan,draw_178,Male,0.0,0.01917808,104.74474,1.2928268203701523
ethiopia,draw_178,Female,0.0,0.01917808,104.85485,1.325199384352298
ethiopia,draw_178,Male,0.0,0.01917808,104.85485,1.3117862210099234
nigeria,draw_178,Female,0.0,0.01917808,104.85485,1.314349193223497
nigeria,draw_178,Male,0.0,0.01917808,104.85485,1.3177348522190682
pakistan,draw_178,Female,0.0,0.01917808,104.85485,1.2753196560082218
pakistan,draw_178,Male,0.0,0.01917808,104.85485,1.2891226952462986
ethiopia,draw_178,Female,0.0,0.01917808,104.96496,1.321111116664738
ethiopia,draw_178,Male,0.0,0.01917808,104.96496,1.3078564473387841
nigeria,draw_178,Female,0.0,0.01917808,104.96496,1.3103820883226873
nigeria,draw_178,Male,0.0,0.01917808,104.96496,1.3137346444641655
pakistan,draw_178,Female,0.0,0.01917808,104.96496,1.2717821349325509
pakistan,draw_178,Male,0.0,0.01917808,104.96496,1.2854392856757362
ethiopia,draw_178,Female,0.0,0.01917808,105.07508,1.3170477854618399
ethiopia,draw_178,Male,0.0,0.01917808,105.07508,1.303950567263511
nigeria,draw_178,Female,0.0,0.01917808,105.07508,1.3064376274798222
nigeria,draw_178,Male,0.0,0.01917808,105.07508,1.309758581793666
pakistan,draw_178,Female,0.0,0.01917808,105.07508,1.2682642109578401
pakistan,draw_178,Male,0.0,0.01917808,105.07508,1.2817778991211697
ethiopia,draw_178,Female,0.0,0.01917808,105.18519,1.3130097591392313
ethiopia,draw_178,Male,0.0,0.01917808,105.18519,1.3000691533220337
nigeria,draw_178,Female,0.0,0.01917808,105.18519,1.302518219097087
nigeria,draw_178,Male,0.0,0.01917808,105.18519,1.3058073014674183
pakistan,draw_178,Female,0.0,0.01917808,105.18519,1.264768247022822
pakistan,draw_178,Male,0.0,0.01917808,105.18519,1.2781386426227066
ethiopia,draw_178,Female,0.0,0.01917808,105.2953,1.3089984035739102
ethiopia,draw_178,Male,0.0,0.01917808,105.2953,1.296213367628542
nigeria,draw_178,Female,0.0,0.01917808,105.2953,1.2986248908249736
nigeria,draw_178,Male,0.0,0.01917808,105.2953,1.301882231213425
pakistan,draw_178,Female,0.0,0.01917808,105.2953,1.2612942930947977
pakistan,draw_178,Male,0.0,0.01917808,105.2953,1.2745231677302253
ethiopia,draw_178,Female,0.0,0.01917808,105.40541,1.30501543279074
ethiopia,draw_178,Male,0.0,0.01917808,105.40541,1.292383448259424
nigeria,draw_178,Female,0.0,0.01917808,105.40541,1.294758027898596
nigeria,draw_178,Male,0.0,0.01917808,105.40541,1.297984190695129
pakistan,draw_178,Female,0.0,0.01917808,105.40541,1.257843882086338
pakistan,draw_178,Male,0.0,0.01917808,105.40541,1.2709318929996665
ethiopia,draw_178,Female,0.0,0.01917808,105.51552,1.3010568417193484
ethiopia,draw_178,Male,0.0,0.01917808,105.51552,1.2885784312223356
nigeria,draw_178,Female,0.0,0.01917808,105.51552,1.290916134816856
nigeria,draw_178,Male,0.0,0.01917808,105.51552,1.2941103505651543
pakistan,draw_178,Female,0.0,0.01917808,105.51552,1.254414385167743
pakistan,draw_178,Male,0.0,0.01917808,105.51552,1.2673632682468094
ethiopia,draw_178,Female,0.0,0.01917808,105.62563,1.2971231506046872
ethiopia,draw_178,Male,0.0,0.01917808,105.62563,1.2847971877349817
nigeria,draw_178,Female,0.0,0.01917808,105.62563,1.2870976090356463
nigeria,draw_178,Male,0.0,0.01917808,105.62563,1.29026205882845
pakistan,draw_178,Female,0.0,0.01917808,105.62563,1.2510059988468856
pakistan,draw_178,Male,0.0,0.01917808,105.62563,1.2638169231820704
ethiopia,draw_178,Female,0.0,0.01917808,105.73574,1.2932156757506816
ethiopia,draw_178,Male,0.0,0.01917808,105.73574,1.281040442662893
nigeria,draw_178,Female,0.0,0.01917808,105.73574,1.2833042942747759
nigeria,draw_178,Male,0.0,0.01917808,105.73574,1.2864367221577726
pakistan,draw_178,Female,0.0,0.01917808,105.73574,1.2476201554560555
pakistan,draw_178,Male,0.0,0.01917808,105.73574,1.2602937215070567
ethiopia,draw_178,Female,0.0,0.01917808,105.84585,1.2893338298812724
ethiopia,draw_178,Male,0.0,0.01917808,105.84585,1.2773079880418015
nigeria,draw_178,Female,0.0,0.01917808,105.84585,1.2795353884720793
nigeria,draw_178,Male,0.0,0.01917808,105.84585,1.2826385224226653
pakistan,draw_178,Female,0.0,0.01917808,105.84585,1.244255294542841
pakistan,draw_178,Male,0.0,0.01917808,105.84585,1.2567928911367017
ethiopia,draw_178,Female,0.0,0.01917808,105.95596,1.2854769112679125
ethiopia,draw_178,Male,0.0,0.01917808,105.95596,1.2735989922547115
nigeria,draw_178,Female,0.0,0.01917808,105.95596,1.2757914974883269
nigeria,draw_178,Male,0.0,0.01917808,105.95596,1.278863614540231
pakistan,draw_178,Female,0.0,0.01917808,105.95596,1.240912417854434
pakistan,draw_178,Male,0.0,0.01917808,105.95596,1.2533147625594911
ethiopia,draw_178,Female,0.0,0.01917808,106.06607,1.28164516482793
ethiopia,draw_178,Male,0.0,0.01917808,106.06607,1.2699152816936918
nigeria,draw_178,Female,0.0,0.01917808,106.06607,1.272072240357274
nigeria,draw_178,Male,0.0,0.01917808,106.06607,1.2751144541345254
pakistan,draw_178,Female,0.0,0.01917808,106.06607,1.2375916271581455
pakistan,draw_178,Male,0.0,0.01917808,106.06607,1.2498593213247702
ethiopia,draw_178,Female,0.0,0.01917808,106.17618,1.277839284010788
ethiopia,draw_178,Male,0.0,0.01917808,106.17618,1.26625589714258
nigeria,draw_178,Female,0.0,0.01917808,106.17618,1.268376585735381
nigeria,draw_178,Male,0.0,0.01917808,106.17618,1.271389841922834
pakistan,draw_178,Female,0.0,0.01917808,106.17618,1.2342921639798035
pakistan,draw_178,Male,0.0,0.01917808,106.17618,1.2464269307291023
ethiopia,draw_178,Female,0.0,0.01917808,106.28629,1.2740591251600664
ethiopia,draw_178,Male,0.0,0.01917808,106.28629,1.262620374423213
nigeria,draw_178,Female,0.0,0.01917808,106.28629,1.2647067918517885
nigeria,draw_178,Male,0.0,0.01917808,106.28629,1.2676900708284387
pakistan,draw_178,Female,0.0,0.01917808,106.28629,1.2310152405584955
pakistan,draw_178,Male,0.0,0.01917808,106.28629,1.2430179784376634
ethiopia,draw_178,Female,0.0,0.01917808,106.3964,1.2703073146054167
ethiopia,draw_178,Male,0.0,0.01917808,106.3964,1.2590128841906976
nigeria,draw_178,Female,0.0,0.01917808,106.3964,1.261064196708746
nigeria,draw_178,Male,0.0,0.01917808,106.3964,1.2640183912165863
pakistan,draw_178,Female,0.0,0.01917808,106.3964,1.2277637910916102
pakistan,draw_178,Male,0.0,0.01917808,106.3964,1.2396348259392553
ethiopia,draw_178,Female,0.0,0.01917808,106.50651,1.2665810142159297
ethiopia,draw_178,Male,0.0,0.01917808,106.50651,1.2554298184042971
nigeria,draw_178,Female,0.0,0.01917808,106.50651,1.2574462966855238
nigeria,draw_178,Male,0.0,0.01917808,106.50651,1.2603717979804123
pakistan,draw_178,Female,0.0,0.01917808,106.50651,1.2245339575582308
pakistan,draw_178,Male,0.0,0.01917808,106.50651,1.2362747317778433
ethiopia,draw_178,Female,0.0,0.01917808,106.61662,1.26287977887882
ethiopia,draw_178,Male,0.0,0.01917808,106.61662,1.251870574386959
nigeria,draw_178,Female,0.0,0.01917808,106.61662,1.253853113532154
nigeria,draw_178,Male,0.0,0.01917808,106.61662,1.256749922984535
pakistan,draw_178,Female,0.0,0.01917808,106.61662,1.2213261722868407
pakistan,draw_178,Male,0.0,0.01917808,106.61662,1.2329368176132935
ethiopia,draw_178,Female,0.0,0.01917808,106.72673,1.2592046392706566
ethiopia,draw_178,Male,0.0,0.01917808,106.72673,1.248336392490927
nigeria,draw_178,Female,0.0,0.01917808,106.72673,1.250284335595371
nigeria,draw_178,Male,0.0,0.01917808,106.72673,1.2531519831479758
pakistan,draw_178,Female,0.0,0.01917808,106.72673,1.2181397198203976
pakistan,draw_178,Male,0.0,0.01917808,106.72673,1.2296225384094512
ethiopia,draw_178,Female,0.0,0.01917808,106.83684,1.2555541374005255
ethiopia,draw_178,Male,0.0,0.01917808,106.83684,1.2448252994354736
nigeria,draw_178,Female,0.0,0.01917808,106.83684,1.2467399186401675
nigeria,draw_178,Male,0.0,0.01917808,106.83684,1.249579286708025
pakistan,draw_178,Female,0.0,0.01917808,106.83684,1.2149760381456474
pakistan,draw_178,Male,0.0,0.01917808,106.83684,1.2263299372600278
ethiopia,draw_178,Female,0.0,0.01917808,106.94695,1.2519281776304176
ethiopia,draw_178,Male,0.0,0.01917808,106.94695,1.2413392675966415
nigeria,draw_178,Female,0.0,0.01917808,106.94695,1.243219379203207
nigeria,draw_178,Male,0.0,0.01917808,106.94695,1.2460309594470869
pakistan,draw_178,Female,0.0,0.01917808,106.94695,1.2118336346078598
pakistan,draw_178,Male,0.0,0.01917808,106.94695,1.2230609696764172
ethiopia,draw_178,Female,0.0,0.01917808,107.05706,1.2483278424180968
ethiopia,draw_178,Male,0.0,0.01917808,107.05706,1.2378763500127026
nigeria,draw_178,Female,0.0,0.01917808,107.05706,1.2397235294215003
nigeria,draw_178,Male,0.0,0.01917808,107.05706,1.2425071313490863
pakistan,draw_178,Female,0.0,0.01917808,107.05706,1.2087135888713314
pakistan,draw_178,Male,0.0,0.01917808,107.05706,1.2198141519606844
ethiopia,draw_178,Female,0.0,0.01917808,107.16717,1.2447527115040389
ethiopia,draw_178,Male,0.0,0.01917808,107.16717,1.234437909686823
nigeria,draw_178,Female,0.0,0.01917808,107.16717,1.2362524065725593
nigeria,draw_178,Male,0.0,0.01917808,107.16717,1.2390079062145314
pakistan,draw_178,Female,0.0,0.01917808,107.16717,1.205615145920017
pakistan,draw_178,Male,0.0,0.01917808,107.16717,1.2165901012003109
ethiopia,draw_178,Female,0.0,0.01917808,107.27728,1.2412023617168348
ethiopia,draw_178,Male,0.0,0.01917808,107.27728,1.2310241754908984
nigeria,draw_178,Female,0.0,0.01917808,107.27728,1.2328054354521394
nigeria,draw_178,Male,0.0,0.01917808,107.27728,1.2355334224184684
pakistan,draw_178,Female,0.0,0.01917808,107.27728,1.2025384673326749
pakistan,draw_178,Male,0.0,0.01917808,107.27728,1.2133883356209134
ethiopia,draw_178,Female,0.0,0.01917808,107.38739,1.2376797140301126
ethiopia,draw_178,Male,0.0,0.01917808,107.38739,1.2276361467354855
nigeria,draw_178,Female,0.0,0.01917808,107.38739,1.2293851602508759
nigeria,draw_178,Male,0.0,0.01917808,107.38739,1.2320863271923266
pakistan,draw_178,Female,0.0,0.01917808,107.38739,1.1994863543406706
pakistan,draw_178,Male,0.0,0.01917808,107.38739,1.21021279291442
ethiopia,draw_178,Female,0.0,0.01917808,107.4975,1.2341827991371301
ethiopia,draw_178,Male,0.0,0.01917808,107.4975,1.22427326540408
nigeria,draw_178,Female,0.0,0.01917808,107.4975,1.2259896754418478
nigeria,draw_178,Male,0.0,0.01917808,107.4975,1.2286638716412568
pakistan,draw_178,Female,0.0,0.01917808,107.4975,1.1964574655263989
pakistan,draw_178,Male,0.0,0.01917808,107.4975,1.2070597647207701
ethiopia,draw_178,Female,0.0,0.01917808,107.60761,1.2307111915167726
ethiopia,draw_178,Male,0.0,0.01917808,107.60761,1.2209343083115802
nigeria,draw_178,Female,0.0,0.01917808,107.60761,1.222619602430292
nigeria,draw_178,Male,0.0,0.01917808,107.60761,1.2252663314516508
pakistan,draw_178,Female,0.0,0.01917808,107.60761,1.193449903003657
pakistan,draw_178,Male,0.0,0.01917808,107.60761,1.2039301393393322
ethiopia,draw_178,Female,0.0,0.01917808,107.71772,1.2272637115406253
ethiopia,draw_178,Male,0.0,0.01917808,107.71772,1.217619782312241
nigeria,draw_178,Female,0.0,0.01917808,107.71772,1.219272133874652
nigeria,draw_178,Male,0.0,0.01917808,107.71772,1.221893132067616
pakistan,draw_178,Female,0.0,0.01917808,107.71772,1.190464177087861
pakistan,draw_178,Male,0.0,0.01917808,107.71772,1.200822908938577
ethiopia,draw_178,Female,0.0,0.01917808,107.82783,1.2238420149335254
ethiopia,draw_178,Male,0.0,0.01917808,107.82783,1.2143287835364294
nigeria,draw_178,Female,0.0,0.01917808,107.82783,1.2159500485528578
nigeria,draw_178,Male,0.0,0.01917808,107.82783,1.2185439550556905
pakistan,draw_178,Female,0.0,0.01917808,107.82783,1.1874998962400043
pakistan,draw_178,Male,0.0,0.01917808,107.82783,1.1977379406924415
ethiopia,draw_178,Female,0.0,0.01917808,107.93794,1.220444968268286
ethiopia,draw_178,Male,0.0,0.01917808,107.93794,1.2110620374354932
nigeria,draw_178,Female,0.0,0.01917808,107.93794,1.2126517179093588
nigeria,draw_178,Male,0.0,0.01917808,107.93794,1.215218666615015
pakistan,draw_178,Female,0.0,0.01917808,107.93794,1.1845576218005296
pakistan,draw_178,Male,0.0,0.01917808,107.93794,1.1946761015096432
ethiopia,draw_178,Female,0.0,0.01917808,108.04805,1.2170721918667307
ethiopia,draw_178,Male,0.0,0.01917808,108.04805,1.2078181402453159
nigeria,draw_178,Female,0.0,0.01917808,108.04805,1.2093775861082041
nigeria,draw_178,Male,0.0,0.01917808,108.04805,1.2119185161609336
pakistan,draw_178,Female,0.0,0.01917808,108.04805,1.1816366948284491
pakistan,draw_178,Male,0.0,0.01917808,108.04805,1.191636221583496
ethiopia,draw_178,Female,0.0,0.01917808,108.15816,1.2137243409696479
ethiopia,draw_178,Male,0.0,0.01917808,108.15816,1.2045987847862827
nigeria,draw_178,Female,0.0,0.01917808,108.15816,1.20612690953607
nigeria,draw_178,Male,0.0,0.01917808,108.15816,1.2086419421349073
pakistan,draw_178,Female,0.0,0.01917808,108.15816,1.1787383307665076
pakistan,draw_178,Male,0.0,0.01917808,108.15816,1.1886195342586479
ethiopia,draw_178,Female,0.0,0.01917808,108.26827,1.2104013176838577
ethiopia,draw_178,Male,0.0,0.01917808,108.26827,1.2014033601846488
nigeria,draw_178,Female,0.0,0.01917808,108.26827,1.202901589171888
nigeria,draw_178,Male,0.0,0.01917808,108.26827,1.2053900142000291
pakistan,draw_178,Female,0.0,0.01917808,108.26827,1.1758607189220458
pakistan,draw_178,Male,0.0,0.01917808,108.26827,1.1856257287734708
ethiopia,draw_178,Female,0.0,0.01917808,108.37838,1.2071043969511226
ethiopia,draw_178,Male,0.0,0.01917808,108.37838,1.198232986515878
nigeria,draw_178,Female,0.0,0.01917808,108.37838,1.199700496712313
nigeria,draw_178,Male,0.0,0.01917808,108.37838,1.2021633877352826
pakistan,draw_178,Female,0.0,0.01917808,108.37838,1.1730066301060522
pakistan,draw_178,Male,0.0,0.01917808,108.37838,1.1826552123937548
ethiopia,draw_178,Female,0.0,0.01917808,108.48849,1.2038347918793304
ethiopia,draw_178,Male,0.0,0.01917808,108.48849,1.1950889339323671
nigeria,draw_178,Female,0.0,0.01917808,108.48849,1.1965262296985673
nigeria,draw_178,Male,0.0,0.01917808,108.48849,1.1989630056828655
pakistan,draw_178,Female,0.0,0.01917808,108.48849,1.1701766175704682
pakistan,draw_178,Male,0.0,0.01917808,108.48849,1.1797096001433507
ethiopia,draw_178,Female,0.0,0.01917808,108.5986,1.2005897173752016
ethiopia,draw_178,Male,0.0,0.01917808,108.5986,1.19196833564402
nigeria,draw_178,Female,0.0,0.01917808,108.5986,1.1933762625472937
nigeria,draw_178,Male,0.0,0.01917808,108.5986,1.1957867654205956
pakistan,draw_178,Female,0.0,0.01917808,108.5986,1.1673679229943035
pakistan,draw_178,Male,0.0,0.01917808,108.5986,1.1767868889463815
ethiopia,draw_178,Female,0.0,0.01917808,108.70871,1.1973689309031144
ethiopia,draw_178,Male,0.0,0.01917808,108.70871,1.1888721612680695
nigeria,draw_178,Female,0.0,0.01917808,108.70871,1.1902493130774443
nigeria,draw_178,Male,0.0,0.01917808,108.70871,1.192635083590164
pakistan,draw_178,Female,0.0,0.01917808,108.70871,1.1645810028963215
pakistan,draw_178,Male,0.0,0.01917808,108.70871,1.1738860030860672
ethiopia,draw_178,Female,0.0,0.01917808,108.81882,1.1941726096503293
ethiopia,draw_178,Male,0.0,0.01917808,108.81882,1.1857987855097358
nigeria,draw_178,Female,0.0,0.01917808,108.81882,1.1871463688272506
nigeria,draw_178,Male,0.0,0.01917808,108.81882,1.1895071209541126
pakistan,draw_178,Female,0.0,0.01917808,108.81882,1.161815488500117
pakistan,draw_178,Male,0.0,0.01917808,108.81882,1.1710077725265067
ethiopia,draw_178,Female,0.0,0.01917808,108.92893,1.1910004227384414
ethiopia,draw_178,Male,0.0,0.01917808,108.92893,1.1827488357815297
nigeria,draw_178,Female,0.0,0.01917808,108.92893,1.1840678277371721
nigeria,draw_178,Male,0.0,0.01917808,108.92893,1.1864029175442294
pakistan,draw_178,Female,0.0,0.01917808,108.92893,1.1590716152954184
pakistan,draw_178,Male,0.0,0.01917808,108.92893,1.1681521809418722
ethiopia,draw_178,Female,0.0,0.01917808,109.03904,1.187853000691727
ethiopia,draw_178,Male,0.0,0.01917808,109.03904,1.1797232840944254
nigeria,draw_178,Female,0.0,0.01917808,109.03904,1.1810130695353644
nigeria,draw_178,Male,0.0,0.01917808,109.03904,1.1833227543852538
pakistan,draw_178,Female,0.0,0.01917808,109.03904,1.1563497593876424
pakistan,draw_178,Male,0.0,0.01917808,109.03904,1.1653190188071423
ethiopia,draw_178,Female,0.0,0.01917808,109.14915,1.1847307343302662
ethiopia,draw_178,Male,0.0,0.01917808,109.14915,1.1767213807986154
nigeria,draw_178,Female,0.0,0.01917808,109.14915,1.1779818053634032
nigeria,draw_178,Male,0.0,0.01917808,109.14915,1.1802668700148566
pakistan,draw_178,Female,0.0,0.01917808,109.14915,1.1536492389372088
pakistan,draw_178,Male,0.0,0.01917808,109.14915,1.162507674566676
ethiopia,draw_178,Female,0.0,0.01917808,109.25926,1.181631750330945
ethiopia,draw_178,Male,0.0,0.01917808,109.25926,1.1737427240476157
nigeria,draw_178,Female,0.0,0.01917808,109.25926,1.17497441250227
nigeria,draw_178,Male,0.0,0.01917808,109.25926,1.1772351846214344
pakistan,draw_178,Female,0.0,0.01917808,109.25926,1.1509702402516038
pakistan,draw_178,Male,0.0,0.01917808,109.25926,1.1597187595833998
ethiopia,draw_178,Female,0.0,0.01917808,109.36937,1.1785579669433222
ethiopia,draw_178,Male,0.0,0.01917808,109.36937,1.1707876452241182
nigeria,draw_178,Female,0.0,0.01917808,109.36937,1.171991724777364
nigeria,draw_178,Male,0.0,0.01917808,109.36937,1.1742272316398048
pakistan,draw_178,Female,0.0,0.01917808,109.36937,1.1483130885530568
pakistan,draw_178,Male,0.0,0.01917808,109.36937,1.156953054799589
ethiopia,draw_178,Female,0.0,0.01917808,109.47948,1.1755119363308433
ethiopia,draw_178,Male,0.0,0.01917808,109.47948,1.167860087722697
nigeria,draw_178,Female,0.0,0.01917808,109.47948,1.169034960294051
nigeria,draw_178,Male,0.0,0.01917808,109.47948,1.171246719459117
pakistan,draw_178,Female,0.0,0.01917808,109.47948,1.145681242424562
pakistan,draw_178,Male,0.0,0.01917808,109.47948,1.1542128455095668
ethiopia,draw_178,Female,0.0,0.01917808,109.58959,1.1724901831249843
ethiopia,draw_178,Male,0.0,0.01917808,109.58959,1.164955299480757
nigeria,draw_178,Female,0.0,0.01917808,109.58959,1.166102681516503
nigeria,draw_178,Male,0.0,0.01917808,109.58959,1.1682903564789437
pakistan,draw_178,Female,0.0,0.01917808,109.58959,1.1430709988028718
pakistan,draw_178,Male,0.0,0.01917808,109.58959,1.1514947180218367
ethiopia,draw_178,Female,0.0,0.01917808,109.6997,1.1694927138616518
ethiopia,draw_178,Male,0.0,0.01917808,109.6997,1.1620746031739924
nigeria,draw_178,Female,0.0,0.01917808,109.6997,1.1631944858998515
nigeria,draw_178,Male,0.0,0.01917808,109.6997,1.1653574824653803
pakistan,draw_178,Female,0.0,0.01917808,109.6997,1.1404818955305844
pakistan,draw_178,Male,0.0,0.01917808,109.6997,1.148798990653962
ethiopia,draw_178,Female,0.0,0.01917808,109.80981,1.1665188794778332
ethiopia,draw_178,Male,0.0,0.01917808,109.80981,1.1592170856744004
nigeria,draw_178,Female,0.0,0.01917808,109.80981,1.1603094436392083
nigeria,draw_178,Male,0.0,0.01917808,109.80981,1.1624481544461112
pakistan,draw_178,Female,0.0,0.01917808,109.80981,1.1379151541008425
pakistan,draw_178,Male,0.0,0.01917808,109.80981,1.146125417431621
ethiopia,draw_178,Female,0.0,0.01917808,109.91992,1.1635702324674002
ethiopia,draw_178,Male,0.0,0.01917808,109.91992,1.1563831714316808
nigeria,draw_178,Female,0.0,0.01917808,109.91992,1.1574476215322647
nigeria,draw_178,Male,0.0,0.01917808,109.91992,1.1595628247960759
pakistan,draw_178,Female,0.0,0.01917808,109.91992,1.1353688806446083
pakistan,draw_178,Male,0.0,0.01917808,109.91992,1.1434743842642214
ethiopia,draw_178,Female,0.0,0.01917808,110.03003,1.1606449756078683
ethiopia,draw_178,Male,0.0,0.01917808,110.03003,1.1535720574312993
nigeria,draw_178,Female,0.0,0.01917808,110.03003,1.1546094261747317
nigeria,draw_178,Male,0.0,0.01917808,110.03003,1.1567012071035006
pakistan,draw_178,Female,0.0,0.01917808,110.03003,1.1328447853142678
pakistan,draw_178,Male,0.0,0.01917808,110.03003,1.1408451963596322
ethiopia,draw_178,Female,0.0,0.01917808,110.14014,1.1577438477352693
ethiopia,draw_178,Male,0.0,0.01917808,110.14014,1.1507844147567357
nigeria,draw_178,Female,0.0,0.01917808,110.14014,1.151795685368451
nigeria,draw_178,Male,0.0,0.01917808,110.14014,1.1538631935834494
pakistan,draw_178,Female,0.0,0.01917808,110.14014,1.13034187977961
pakistan,draw_178,Male,0.0,0.01917808,110.14014,1.1382388163511665
ethiopia,draw_178,Female,0.0,0.01917808,110.25025,1.1548672867839762
ethiopia,draw_178,Male,0.0,0.01917808,110.25025,1.1480205300968858
nigeria,draw_178,Female,0.0,0.01917808,110.25025,1.1490049913844882
nigeria,draw_178,Male,0.0,0.01917808,110.25025,1.151049024151165
pakistan,draw_178,Female,0.0,0.01917808,110.25025,1.127860486461974
pakistan,draw_178,Male,0.0,0.01917808,110.25025,1.1356546059704347
ethiopia,draw_178,Female,0.0,0.01917808,110.36036,1.1520142824104183
ethiopia,draw_178,Male,0.0,0.01917808,110.36036,1.145279752214169
nigeria,draw_178,Female,0.0,0.01917808,110.36036,1.1462377285122154
nigeria,draw_178,Male,0.0,0.01917808,110.36036,1.1482585914599797
pakistan,draw_178,Female,0.0,0.01917808,110.36036,1.1254006848954443
pakistan,draw_178,Male,0.0,0.01917808,110.36036,1.1330917685692417
ethiopia,draw_178,Female,0.0,0.01917808,110.47047,1.1491887372017986
ethiopia,draw_178,Male,0.0,0.01917808,110.47047,1.1425648165870055
nigeria,draw_178,Female,0.0,0.01917808,110.47047,1.1434967475277091
nigeria,draw_178,Male,0.0,0.01917808,110.47047,1.1454941939077365
pakistan,draw_178,Female,0.0,0.01917808,110.47047,1.1229644055671166
pakistan,draw_178,Male,0.0,0.01917808,110.47047,1.1305544299190713
ethiopia,draw_178,Female,0.0,0.01917808,110.58058,1.1463874386591226
ethiopia,draw_178,Male,0.0,0.01917808,110.58058,1.139874047091603
nigeria,draw_178,Female,0.0,0.01917808,110.58058,1.1407797422339865
nigeria,draw_178,Male,0.0,0.01917808,110.58058,1.14275420552666
pakistan,draw_178,Female,0.0,0.01917808,110.58058,1.12055089337933
pakistan,draw_178,Male,0.0,0.01917808,110.58058,1.1280404658331105
ethiopia,draw_178,Female,0.0,0.01917808,110.69069,1.1436100325551544
ethiopia,draw_178,Male,0.0,0.01917808,110.69069,1.1372060687582068
nigeria,draw_178,Female,0.0,0.01917808,110.69069,1.1380864630579937
nigeria,draw_178,Male,0.0,0.01917808,110.69069,1.1400373016721552
pakistan,draw_178,Female,0.0,0.01917808,110.69069,1.118158303734697
pakistan,draw_178,Male,0.0,0.01917808,110.69069,1.1255481609685865
ethiopia,draw_178,Female,0.0,0.01917808,110.8008,1.1408565043432426
ethiopia,draw_178,Male,0.0,0.01917808,110.8008,1.1345619195538337
nigeria,draw_178,Female,0.0,0.01917808,110.8008,1.1354163234440924
nigeria,draw_178,Male,0.0,0.01917808,110.8008,1.1373448426041675
pakistan,draw_178,Female,0.0,0.01917808,110.8008,1.1157877936642702
pakistan,draw_178,Male,0.0,0.01917808,110.8008,1.1230778669129173
ethiopia,draw_178,Female,0.0,0.01917808,110.91091,1.1381275206102195
ethiopia,draw_178,Male,0.0,0.01917808,110.91091,1.1319406963655032
nigeria,draw_178,Female,0.0,0.01917808,110.91091,1.1327697380976927
nigeria,draw_178,Male,0.0,0.01917808,110.91091,1.1346749836065189
pakistan,draw_178,Female,0.0,0.01917808,110.91091,1.1134381578451091
pakistan,draw_178,Male,0.0,0.01917808,110.91091,1.1206295528371244
ethiopia,draw_178,Female,0.0,0.01917808,111.02102,1.135421369473077
ethiopia,draw_178,Male,0.0,0.01917808,111.02102,1.1293418831215414
nigeria,draw_178,Female,0.0,0.01917808,111.02102,1.1301461476056616
nigeria,draw_178,Male,0.0,0.01917808,111.02102,1.1320290613177162
pakistan,draw_178,Female,0.0,0.01917808,111.02102,1.1111103399923055
pakistan,draw_178,Male,0.0,0.01917808,111.02102,1.1182030770691245
ethiopia,draw_178,Female,0.0,0.01917808,111.13113,1.132739773172116
ethiopia,draw_178,Male,0.0,0.01917808,111.13113,1.126767274135833
nigeria,draw_178,Female,0.0,0.01917808,111.13113,1.1275455552769948
nigeria,draw_178,Male,0.0,0.01917808,111.13113,1.1294060571817228
pakistan,draw_178,Female,0.0,0.01917808,111.13113,1.1088038107467884
pakistan,draw_178,Male,0.0,0.01917808,111.13113,1.1157991227597477
ethiopia,draw_178,Female,0.0,0.01917808,111.24124,1.1300815418127466
ethiopia,draw_178,Male,0.0,0.01917808,111.24124,1.1242145800995005
nigeria,draw_178,Female,0.0,0.01917808,111.24124,1.1249688063933827
nigeria,draw_178,Male,0.0,0.01917808,111.24124,1.1268066411535302
pakistan,draw_178,Female,0.0,0.01917808,111.24124,1.106517861238895
pakistan,draw_178,Male,0.0,0.01917808,111.24124,1.1134169197678467
ethiopia,draw_178,Female,0.0,0.01917808,111.35135,1.1274470199945101
ethiopia,draw_178,Male,0.0,0.01917808,111.35135,1.121685162943336
nigeria,draw_178,Female,0.0,0.01917808,111.35135,1.1224146681631149
nigeria,draw_178,Male,0.0,0.01917808,111.35135,1.1242302599167802
pakistan,draw_178,Female,0.0,0.01917808,111.35135,1.1042544637563045
pakistan,draw_178,Male,0.0,0.01917808,111.35135,1.1110570969292606
ethiopia,draw_178,Female,0.0,0.01917808,111.46146,1.1248380466078698
ethiopia,draw_178,Male,0.0,0.01917808,111.46146,1.1191803136322578
nigeria,draw_178,Female,0.0,0.01917808,111.46146,1.119885624330867
nigeria,draw_178,Male,0.0,0.01917808,111.46146,1.1216793006331427
pakistan,draw_178,Female,0.0,0.01917808,111.46146,1.1020130015598644
pakistan,draw_178,Male,0.0,0.01917808,111.46146,1.108720253109973
ethiopia,draw_178,Female,0.0,0.01917808,111.57157,1.12225461089431
ethiopia,draw_178,Male,0.0,0.01917808,111.57157,1.1167007311338288
nigeria,draw_178,Female,0.0,0.01917808,111.57157,1.1173815586144804
nigeria,draw_178,Male,0.0,0.01917808,111.57157,1.1191531100809786
pakistan,draw_178,Female,0.0,0.01917808,111.57157,1.099795080401808
pakistan,draw_178,Male,0.0,0.01917808,111.57157,1.1064070467464187
ethiopia,draw_178,Female,0.0,0.01917808,111.68168,1.1196947148054033
ethiopia,draw_178,Male,0.0,0.01917808,111.68168,1.114243854198776
nigeria,draw_178,Female,0.0,0.01917808,111.68168,1.1149004200384625
nigeria,draw_178,Male,0.0,0.01917808,111.68168,1.116650327175805
pakistan,draw_178,Female,0.0,0.01917808,111.68168,1.0975983326102028
pakistan,draw_178,Male,0.0,0.01917808,111.68168,1.1041160826869751
ethiopia,draw_178,Female,0.0,0.01917808,111.79179,1.1171586375036622
ethiopia,draw_178,Male,0.0,0.01917808,111.79179,1.1118103443287592
nigeria,draw_178,Female,0.0,0.01917808,111.79179,1.1124420873893175
nigeria,draw_178,Male,0.0,0.01917808,111.79179,1.1141710779857115
pakistan,draw_178,Female,0.0,0.01917808,111.79179,1.0954229880919404
pakistan,draw_178,Male,0.0,0.01917808,111.79179,1.1018475664299396
ethiopia,draw_178,Female,0.0,0.01917808,111.9019,1.1146458827849521
ethiopia,draw_178,Male,0.0,0.01917808,111.9019,1.1093994455456844
nigeria,draw_178,Female,0.0,0.01917808,111.9019,1.1100074838932348
nigeria,draw_178,Male,0.0,0.01917808,111.9019,1.1117143437776782
pakistan,draw_178,Female,0.0,0.01917808,111.9019,1.0932688200277014
pakistan,draw_178,Male,0.0,0.01917808,111.9019,1.099600900448622
ethiopia,draw_178,Female,0.0,0.01917808,112.01201,1.112157049473542
ethiopia,draw_178,Male,0.0,0.01917808,112.01201,1.107011105185631
nigeria,draw_178,Female,0.0,0.01917808,112.01201,1.10759597482598
nigeria,draw_178,Male,0.0,0.01917808,112.01201,1.1092812154697433
pakistan,draw_178,Female,0.0,0.01917808,112.01201,1.0911358366655621
pakistan,draw_178,Male,0.0,0.01917808,112.01201,1.0973759092266848
ethiopia,draw_178,Female,0.0,0.01917808,112.12212,1.1096914463426593
ethiopia,draw_178,Male,0.0,0.01917808,112.12212,1.1046461398928586
nigeria,draw_178,Female,0.0,0.01917808,112.12212,1.1052072119964471
nigeria,draw_178,Male,0.0,0.01917808,112.12212,1.106871322242851
pakistan,draw_178,Female,0.0,0.01917808,112.12212,1.0890244368934088
pakistan,draw_178,Male,0.0,0.01917808,112.12212,1.0951729805011707
ethiopia,draw_178,Female,0.0,0.01917808,112.23223,1.1072496024939855
ethiopia,draw_178,Male,0.0,0.01917808,112.23223,1.102303731814213
nigeria,draw_178,Female,0.0,0.01917808,112.23223,1.1028415821512962
nigeria,draw_178,Male,0.0,0.01917808,112.23223,1.1044846227502727
pakistan,draw_178,Female,0.0,0.01917808,112.23223,1.0869345371538857
pakistan,draw_178,Male,0.0,0.01917808,112.23223,1.0929911676695339
ethiopia,draw_178,Female,0.0,0.01917808,112.34234,1.1048312983423472
ethiopia,draw_178,Male,0.0,0.01917808,112.34234,1.0999840727041164
nigeria,draw_178,Female,0.0,0.01917808,112.34234,1.1004983151722583
nigeria,draw_178,Male,0.0,0.01917808,112.34234,1.1021209683716062
pakistan,draw_178,Female,0.0,0.01917808,112.34234,1.0848658420249861
pakistan,draw_178,Male,0.0,0.01917808,112.34234,1.0908323549929682
ethiopia,draw_178,Female,0.0,0.01917808,112.45245,1.1024366950545057
ethiopia,draw_178,Male,0.0,0.01917808,112.45245,1.0976878277684754
nigeria,draw_178,Female,0.0,0.01917808,112.45245,1.0981794629494268
nigeria,draw_178,Male,0.0,0.01917808,112.45245,1.0997812304571897
pakistan,draw_178,Female,0.0,0.01917808,112.45245,1.0828183863090737
pakistan,draw_178,Male,0.0,0.01917808,112.45245,1.0886951382415941
ethiopia,draw_178,Female,0.0,0.01917808,112.56256,1.1000684891063226
ethiopia,draw_178,Male,0.0,0.01917808,112.56256,1.095417045026612
nigeria,draw_178,Female,0.0,0.01917808,112.56256,1.0958856364023695
nigeria,draw_178,Male,0.0,0.01917808,112.56256,1.0974665593092352
pakistan,draw_178,Female,0.0,0.01917808,112.56256,1.0807956282985596
pakistan,draw_178,Male,0.0,0.01917808,112.56256,1.0865830459811376
ethiopia,draw_178,Female,0.0,0.01917808,112.67267,1.097724314566285
ethiopia,draw_178,Male,0.0,0.01917808,112.67267,1.0931697525610529
nigeria,draw_178,Female,0.0,0.01917808,112.67267,1.0936152129353647
nigeria,draw_178,Male,0.0,0.01917808,112.67267,1.0951758771980848
pakistan,draw_178,Female,0.0,0.01917808,112.67267,1.0787942606214553
pakistan,draw_178,Male,0.0,0.01917808,112.67267,1.0844931938877242
ethiopia,draw_178,Female,0.0,0.01917808,112.78278,1.0954027290537662
ethiopia,draw_178,Male,0.0,0.01917808,112.78278,1.0909444833079052
nigeria,draw_178,Female,0.0,0.01917808,112.78278,1.0913677057784619
nigeria,draw_178,Male,0.0,0.01917808,112.78278,1.0929080698391145
pakistan,draw_178,Female,0.0,0.01917808,112.78278,1.0768141338738146
pakistan,draw_178,Male,0.0,0.01917808,112.78278,1.0824249291726524
ethiopia,draw_178,Female,0.0,0.01917808,112.89289,1.0931048834609147
ethiopia,draw_178,Male,0.0,0.01917808,112.89289,1.0887424850841163
nigeria,draw_178,Female,0.0,0.01917808,112.89289,1.089143179583021
nigeria,draw_178,Male,0.0,0.01917808,112.89289,1.0906631229667043
pakistan,draw_178,Female,0.0,0.01917808,112.89289,1.0748552069399495
pakistan,draw_178,Male,0.0,0.01917808,112.89289,1.0803787596765444
ethiopia,draw_178,Female,0.0,0.01917808,113.003,1.0908301001794074
ethiopia,draw_178,Male,0.0,0.01917808,113.003,1.086563376326921
nigeria,draw_178,Female,0.0,0.01917808,113.003,1.0869413122165341
nigeria,draw_178,Male,0.0,0.01917808,113.003,1.0884410767006498
pakistan,draw_178,Female,0.0,0.01917808,113.003,1.072917912630013
pakistan,draw_178,Male,0.0,0.01917808,113.003,1.0783541097871474
ethiopia,draw_178,Female,0.0,0.01917808,113.11311,1.0885787462867846
ethiopia,draw_178,Male,0.0,0.01917808,113.11311,1.0844069743435965
nigeria,draw_178,Female,0.0,0.01917808,113.11311,1.0847622521102536
nigeria,draw_178,Male,0.0,0.01917808,113.11311,1.0862420425122064
pakistan,draw_178,Female,0.0,0.01917808,113.11311,1.0710014874201772
pakistan,draw_178,Male,0.0,0.01917808,113.11311,1.0763512659190788
ethiopia,draw_178,Female,0.0,0.01917808,113.22322,1.0863507809105426
ethiopia,draw_178,Male,0.0,0.01917808,113.22322,1.0822729793360741
nigeria,draw_178,Female,0.0,0.01917808,113.22322,1.082606392089406
nigeria,draw_178,Male,0.0,0.01917808,113.22322,1.0840658897972715
pakistan,draw_178,Female,0.0,0.01917808,113.22322,1.0691064266281463
pakistan,draw_178,Male,0.0,0.01917808,113.22322,1.0743707228763688
ethiopia,draw_178,Female,0.0,0.01917808,113.33333,1.0841462858340951
ethiopia,draw_178,Male,0.0,0.01917808,113.33333,1.0801617127602867
nigeria,draw_178,Female,0.0,0.01917808,113.33333,1.0804725655720162
nigeria,draw_178,Male,0.0,0.01917808,113.33333,1.0819127555686612
pakistan,draw_178,Female,0.0,0.01917808,113.33333,1.067232366069121
pakistan,draw_178,Male,0.0,0.01917808,113.33333,1.0724120415568583
ethiopia,draw_178,Female,0.0,0.01917808,113.44344,1.0819645436003675
ethiopia,draw_178,Male,0.0,0.01917808,113.44344,1.0780727085547759
nigeria,draw_178,Female,0.0,0.01917808,113.44344,1.0783622788447087
nigeria,draw_178,Male,0.0,0.01917808,113.44344,1.0797826016391097
pakistan,draw_178,Female,0.0,0.01917808,113.44344,1.065379206494018
pakistan,draw_178,Male,0.0,0.01917808,113.44344,1.0704748126780146
ethiopia,draw_178,Female,0.0,0.01917808,113.55355,1.0798091357806288
ethiopia,draw_178,Male,0.0,0.01917808,113.55355,1.0760091197996176
nigeria,draw_178,Female,0.0,0.01917808,113.55355,1.0762769228448572
nigeria,draw_178,Male,0.0,0.01917808,113.55355,1.0776778882857876
pakistan,draw_178,Female,0.0,0.01917808,113.55355,1.0635502379278032
pakistan,draw_178,Male,0.0,0.01917808,113.55355,1.0685621028980905
ethiopia,draw_178,Female,0.0,0.01917808,113.66366,1.0776771809525552
ethiopia,draw_178,Male,0.0,0.01917808,113.66366,1.0739689331124171
nigeria,draw_178,Female,0.0,0.01917808,113.66366,1.0742150442840401
nigeria,draw_178,Male,0.0,0.01917808,113.66366,1.0755968332101122
pakistan,draw_178,Female,0.0,0.01917808,113.66366,1.0617431289892265
pakistan,draw_178,Male,0.0,0.01917808,113.66366,1.0666712897672632
ethiopia,draw_178,Female,0.0,0.01917808,113.77377,1.0755680957383562
ethiopia,draw_178,Male,0.0,0.01917808,113.77377,1.071951422425939
nigeria,draw_178,Female,0.0,0.01917808,113.77377,1.0721757115295678
nigeria,draw_178,Male,0.0,0.01917808,113.77377,1.0735377358070928
pakistan,draw_178,Female,0.0,0.01917808,113.77377,1.059956535708651
pakistan,draw_178,Male,0.0,0.01917808,113.77377,1.0648024331345498
ethiopia,draw_178,Female,0.0,0.01917808,113.88388,1.0734820287604823
ethiopia,draw_178,Male,0.0,0.01917808,113.88388,1.0699558171641173
nigeria,draw_178,Female,0.0,0.01917808,113.88388,1.0701588063776666
nigeria,draw_178,Male,0.0,0.01917808,113.88388,1.0715018424317326
pakistan,draw_178,Female,0.0,0.01917808,113.88388,1.0581914962355226
pakistan,draw_178,Male,0.0,0.01917808,113.88388,1.0629553687388025
ethiopia,draw_178,Female,0.0,0.01917808,113.99399,1.0714184811331235
ethiopia,draw_178,Male,0.0,0.01917808,113.99399,1.0679822475824052
nigeria,draw_178,Female,0.0,0.01917808,113.99399,1.0681644754902955
nigeria,draw_178,Male,0.0,0.01917808,113.99399,1.0694888600375319
pakistan,draw_178,Female,0.0,0.01917808,113.99399,1.0564474775194057
pakistan,draw_178,Male,0.0,0.01917808,113.99399,1.0611293622277147
ethiopia,draw_178,Female,0.0,0.01917808,114.1041,1.0693787398471304
ethiopia,draw_178,Male,0.0,0.01917808,114.1041,1.0660319496860593
nigeria,draw_178,Female,0.0,0.01917808,114.1041,1.0661929563413861
nigeria,draw_178,Male,0.0,0.01917808,114.1041,1.0674985507702937
pakistan,draw_178,Female,0.0,0.01917808,114.1041,1.0547243346457105
pakistan,draw_178,Male,0.0,0.01917808,114.1041,1.05932542666375
ethiopia,draw_178,Female,0.0,0.01917808,114.21421,1.067361095591741
ethiopia,draw_178,Male,0.0,0.01917808,114.21421,1.0641034384276415
nigeria,draw_178,Female,0.0,0.01917808,114.21421,1.064243531288228
nigeria,draw_178,Male,0.0,0.01917808,114.21421,1.0655304781977764
pakistan,draw_178,Female,0.0,0.01917808,114.21421,1.0530223472625313
pakistan,draw_178,Male,0.0,0.01917808,114.21421,1.0575429292363092
ethiopia,draw_178,Female,0.0,0.01917808,114.32432,1.0653673312117562
ethiopia,draw_178,Male,0.0,0.01917808,114.32432,1.062197104763797
nigeria,draw_178,Female,0.0,0.01917808,114.32432,1.0623168981401259
nigeria,draw_178,Male,0.0,0.01917808,114.32432,1.0635854227077117
pakistan,draw_178,Female,0.0,0.01917808,114.32432,1.0513409732974
pakistan,draw_178,Male,0.0,0.01917808,114.32432,1.0557820163089326
ethiopia,draw_178,Female,0.0,0.01917808,114.43443,1.0633958085704998
ethiopia,draw_178,Male,0.0,0.01917808,114.43443,1.0603140328729475
nigeria,draw_178,Female,0.0,0.01917808,114.43443,1.0604124207435317
nigeria,draw_178,Male,0.0,0.01917808,114.43443,1.0616625033786404
pakistan,draw_178,Female,0.0,0.01917808,114.43443,1.0496811260634127
pakistan,draw_178,Male,0.0,0.01917808,114.43443,1.054042814853124
ethiopia,draw_178,Female,0.0,0.01917808,114.54454,1.0614487179348635
ethiopia,draw_178,Male,0.0,0.01917808,114.54454,1.0584539441426455
nigeria,draw_178,Female,0.0,0.01917808,114.54454,1.0585319092382257
nigeria,draw_178,Male,0.0,0.01917808,114.54454,1.0597644053858761
pakistan,draw_178,Female,0.0,0.01917808,114.54454,1.0480439511204862
pakistan,draw_178,Male,0.0,0.01917808,114.54454,1.052326647845216
ethiopia,draw_178,Female,0.0,0.01917808,114.65465,1.0595265702418795
ethiopia,draw_178,Male,0.0,0.01917808,114.65465,1.0566182022798358
nigeria,draw_178,Female,0.0,0.01917808,114.65465,1.0566758153474765
nigeria,draw_178,Male,0.0,0.01917808,114.65465,1.057890231827069
pakistan,draw_178,Female,0.0,0.01917808,114.65465,1.0464292955060701
pakistan,draw_178,Male,0.0,0.01917808,114.65465,1.05063363988411
ethiopia,draw_178,Female,0.0,0.01917808,114.76476,1.0576266248054915
ethiopia,draw_178,Male,0.0,0.01917808,114.76476,1.0548043222061911
nigeria,draw_178,Female,0.0,0.01917808,114.76476,1.0548421285868634
nigeria,draw_178,Male,0.0,0.01917808,114.76476,1.056038500155263
pakistan,draw_178,Female,0.0,0.01917808,114.76476,1.0448357238283728
pakistan,draw_178,Male,0.0,0.01917808,114.76476,1.0489620919677218
ethiopia,draw_178,Female,0.0,0.01917808,114.87487,1.055750323211816
ethiopia,draw_178,Male,0.0,0.01917808,114.87487,1.0530124941917014
nigeria,draw_178,Female,0.0,0.01917808,114.87487,1.0530312080752462
nigeria,draw_178,Male,0.0,0.01917808,114.87487,1.0542090589566357
pakistan,draw_178,Female,0.0,0.01917808,114.87487,1.0432626707631734
pakistan,draw_178,Male,0.0,0.01917808,114.87487,1.047311860260673
ethiopia,draw_178,Female,0.0,0.01917808,114.98498,1.0538960507971011
ethiopia,draw_178,Male,0.0,0.01917808,114.98498,1.0512429572369013
nigeria,draw_178,Female,0.0,0.01917808,114.98498,1.0512413738549913
nigeria,draw_178,Male,0.0,0.01917808,114.98498,1.0524017717858014
pakistan,draw_178,Female,0.0,0.01917808,114.98498,1.0417105650152043
pakistan,draw_178,Male,0.0,0.01917808,114.98498,1.0456827771948967
ethiopia,draw_178,Female,0.0,0.01917808,115.0951,1.0520642408776304
ethiopia,draw_178,Male,0.0,0.01917808,115.0951,1.0494952071132595
nigeria,draw_178,Female,0.0,0.01917808,115.0951,1.049473926364961
nigeria,draw_178,Male,0.0,0.01917808,115.0951,1.0506173144485222
pakistan,draw_178,Female,0.0,0.01917808,115.0951,1.0401793339425736
pakistan,draw_178,Male,0.0,0.01917808,115.0951,1.0440752010054486
ethiopia,draw_178,Female,0.0,0.01917808,115.20521,1.0502553191490842
ethiopia,draw_178,Male,0.0,0.01917808,115.20521,1.0477692095729934
nigeria,draw_178,Female,0.0,0.01917808,115.20521,1.0477288936367464
nigeria,draw_178,Male,0.0,0.01917808,115.20521,1.0488547945206557
pakistan,draw_178,Female,0.0,0.01917808,115.20521,1.0386687633345202
pakistan,draw_178,Male,0.0,0.01917808,115.20521,1.0424892222766124
ethiopia,draw_178,Female,0.0,0.01917808,115.31532,1.048468802349562
ethiopia,draw_178,Male,0.0,0.01917808,115.31532,1.0460654016593713
nigeria,draw_178,Female,0.0,0.01917808,115.31532,1.046005798457541
nigeria,draw_178,Male,0.0,0.01917808,115.31532,1.0471142130417672
pakistan,draw_178,Female,0.0,0.01917808,115.31532,1.0371792716548822
pakistan,draw_178,Male,0.0,0.01917808,115.31532,1.0409240784263492
ethiopia,draw_178,Female,0.0,0.01917808,115.42543,1.0467052873298706
ethiopia,draw_178,Male,0.0,0.01917808,115.42543,1.0443839446198666
nigeria,draw_178,Female,0.0,0.01917808,115.42543,1.0443049457241877
nigeria,draw_178,Male,0.0,0.01917808,115.42543,1.0453968483305909
pakistan,draw_178,Female,0.0,0.01917808,115.42543,1.0357106115955639
pakistan,draw_178,Male,0.0,0.01917808,115.42543,1.0393805203142026
ethiopia,draw_178,Female,0.0,0.01917808,115.53554,1.0449646440616907
ethiopia,draw_178,Male,0.0,0.01917808,115.53554,1.0427247030363769
nigeria,draw_178,Female,0.0,0.01917808,115.53554,1.0426274237803062
nigeria,draw_178,Male,0.0,0.01917808,115.53554,1.0437021063790917
pakistan,draw_178,Female,0.0,0.01917808,115.53554,1.0342632679441794
pakistan,draw_178,Male,0.0,0.01917808,115.53554,1.0378587994183812
ethiopia,draw_178,Female,0.0,0.01917808,115.64565,1.0432492246418954
ethiopia,draw_178,Male,0.0,0.01917808,115.64565,1.0410899347042142
nigeria,draw_178,Female,0.0,0.01917808,115.64565,1.0409742710201255
nigeria,draw_178,Male,0.0,0.01917808,115.64565,1.0420322601999328
pakistan,draw_178,Female,0.0,0.01917808,115.64565,1.032839625983424
pakistan,draw_178,Male,0.0,0.01917808,115.64565,1.0363614613401952
ethiopia,draw_178,Female,0.0,0.01917808,115.75576,1.041556376207936
ethiopia,draw_178,Male,0.0,0.01917808,115.75576,1.0394771601534945
nigeria,draw_178,Female,0.0,0.01917808,115.75576,1.0393427999933986
nigeria,draw_178,Male,0.0,0.01917808,115.75576,1.040384483977341
pakistan,draw_178,Female,0.0,0.01917808,115.75576,1.0314368085790695
pakistan,draw_178,Male,0.0,0.01917808,115.75576,1.0348853897679502
ethiopia,draw_178,Female,0.0,0.01917808,115.86587,1.0398865502810994
ethiopia,draw_178,Male,0.0,0.01917808,115.86587,1.0378868713237772
nigeria,draw_178,Female,0.0,0.01917808,115.86587,1.0377336523884273
nigeria,draw_178,Male,0.0,0.01917808,115.86587,1.038759406496481
pakistan,draw_178,Female,0.0,0.01917808,115.86587,1.030054965174674
pakistan,draw_178,Male,0.0,0.01917808,115.86587,1.033430222269986
ethiopia,draw_178,Female,0.0,0.01917808,115.97598,1.0382391889056009
ethiopia,draw_178,Male,0.0,0.01917808,115.97598,1.0363179303037524
nigeria,draw_178,Female,0.0,0.01917808,115.97598,1.0361466983654917
nigeria,draw_178,Male,0.0,0.01917808,115.97598,1.0371559520964866
pakistan,draw_178,Female,0.0,0.01917808,115.97598,1.0286939858296291
pakistan,draw_178,Male,0.0,0.01917808,115.97598,1.0319970752996062
ethiopia,draw_178,Female,0.0,0.01917808,116.08609,1.03661362397807
ethiopia,draw_178,Male,0.0,0.01917808,116.08609,1.0347707140537452
nigeria,draw_178,Female,0.0,0.01917808,116.08609,1.0345821198179013
nigeria,draw_178,Male,0.0,0.01917808,116.08609,1.0355750708105773
pakistan,draw_178,Female,0.0,0.01917808,116.08609,1.0273539189422363
pakistan,draw_178,Male,0.0,0.01917808,116.08609,1.030584634094924
ethiopia,draw_178,Female,0.0,0.01917808,116.1962,1.0350111579827097
ethiopia,draw_178,Male,0.0,0.01917808,116.1962,1.0332463411579398
nigeria,draw_178,Female,0.0,0.01917808,116.1962,1.0330389905366557
nigeria,draw_178,Male,0.0,0.01917808,116.1962,1.0340158653090914
pakistan,draw_178,Female,0.0,0.01917808,116.1962,1.026034633301394
pakistan,draw_178,Male,0.0,0.01917808,116.1962,1.029193317316408
ethiopia,draw_178,Female,0.0,0.01917808,116.30631,1.0334308182283105
ethiopia,draw_178,Male,0.0,0.01917808,116.30631,1.0317429975159258
nigeria,draw_178,Female,0.0,0.01917808,116.30631,1.0315179818312938
nigeria,draw_178,Male,0.0,0.01917808,116.30631,1.0324797480528343
pakistan,draw_178,Female,0.0,0.01917808,116.30631,1.0247357228201548
pakistan,draw_178,Male,0.0,0.01917808,116.30631,1.0278236484870686
ethiopia,draw_178,Female,0.0,0.01917808,116.41642,1.0318727106539436
ethiopia,draw_178,Male,0.0,0.01917808,116.41642,1.0302613135634713
nigeria,draw_178,Female,0.0,0.01917808,116.41642,1.0300189814135492
nigeria,draw_178,Male,0.0,0.01917808,116.41642,1.0309646632958784
pakistan,draw_178,Female,0.0,0.01917808,116.41642,1.0234581661487938
pakistan,draw_178,Male,0.0,0.01917808,116.41642,1.0264748329437523
ethiopia,draw_178,Female,0.0,0.01917808,116.52653,1.0303373334120436
ethiopia,draw_178,Male,0.0,0.01917808,116.52653,1.0288016272423963
nigeria,draw_178,Female,0.0,0.01917808,116.52653,1.0285415842283183
nigeria,draw_178,Male,0.0,0.01917808,116.52653,1.029472569021725
pakistan,draw_178,Female,0.0,0.01917808,116.52653,1.0222011511233742
pakistan,draw_178,Male,0.0,0.01917808,116.52653,1.025146875046694
ethiopia,draw_178,Female,0.0,0.01917808,116.63664,1.0288269436810038
ethiopia,draw_178,Male,0.0,0.01917808,116.63664,1.0273674865359779
nigeria,draw_178,Female,0.0,0.01917808,116.63664,1.0270901656960378
nigeria,draw_178,Male,0.0,0.01917808,116.63664,1.02800517516658
pakistan,draw_178,Female,0.0,0.01917808,116.63664,1.0209678259076052
pakistan,draw_178,Male,0.0,0.01917808,116.63664,1.0238435516995268
ethiopia,draw_178,Female,0.0,0.01917808,116.74675,1.027339492158579
ethiopia,draw_178,Male,0.0,0.01917808,116.74675,1.0259548940496355
nigeria,draw_178,Female,0.0,0.01917808,116.74675,1.02566000304334
nigeria,draw_178,Male,0.0,0.01917808,116.74675,1.0265600160742288
pakistan,draw_178,Female,0.0,0.01917808,116.74675,1.0197558792149162
pakistan,draw_178,Male,0.0,0.01917808,116.74675,1.022561586049938
ethiopia,draw_178,Female,0.0,0.01917808,116.85686,1.025874215222143
ethiopia,draw_178,Male,0.0,0.01917808,116.85686,1.0245637566788075
nigeria,draw_178,Female,0.0,0.01917808,116.85686,1.0242524858149549
nigeria,draw_178,Male,0.0,0.01917808,116.85686,1.0251373297354598
pakistan,draw_178,Female,0.0,0.01917808,116.85686,1.0185645674468302
pakistan,draw_178,Male,0.0,0.01917808,116.85686,1.0213012522480116
ethiopia,draw_178,Female,0.0,0.01917808,116.96697,1.0244314049202021
ethiopia,draw_178,Male,0.0,0.01917808,116.96697,1.0231950792478919
nigeria,draw_178,Female,0.0,0.01917808,116.96697,1.0228668833555903
nigeria,draw_178,Male,0.0,0.01917808,116.96697,1.0237364697928417
pakistan,draw_178,Female,0.0,0.01917808,116.96697,1.0173939449222398
pakistan,draw_178,Male,0.0,0.01917808,116.96697,1.0200618863215183
ethiopia,draw_178,Female,0.0,0.01917808,117.07708,1.0230108807939653
ethiopia,draw_178,Male,0.0,0.01917808,117.07708,1.021847960133325
nigeria,draw_178,Female,0.0,0.01917808,117.07708,1.0215027980338702
nigeria,draw_178,Male,0.0,0.01917808,117.07708,1.022357717392489
pakistan,draw_178,Female,0.0,0.01917808,117.07708,1.016244578727257
pakistan,draw_178,Male,0.0,0.01917808,117.07708,1.0188441279741045
ethiopia,draw_178,Female,0.0,0.01917808,117.18719,1.0216125484055205
ethiopia,draw_178,Male,0.0,0.01917808,117.18719,1.0205229830738323
nigeria,draw_178,Female,0.0,0.01917808,117.18719,1.0201609198857942
nigeria,draw_178,Male,0.0,0.01917808,117.18719,1.0210007662771774
pakistan,draw_178,Female,0.0,0.01917808,117.18719,1.0151158470182895
pakistan,draw_178,Male,0.0,0.01917808,117.18719,1.0176471171327113
ethiopia,draw_178,Female,0.0,0.01917808,117.2973,1.020236670176053
ethiopia,draw_178,Male,0.0,0.01917808,117.2973,1.019219349244901
nigeria,draw_178,Female,0.0,0.01917808,117.2973,1.018841099074863
nigeria,draw_178,Male,0.0,0.01917808,117.2973,1.0196663258137304
pakistan,draw_178,Female,0.0,0.01917808,117.2973,1.0140082389001168
pakistan,draw_178,Male,0.0,0.01917808,117.2973,1.0164713682963848
ethiopia,draw_178,Female,0.0,0.01917808,117.40741,1.018883524716625
ethiopia,draw_178,Male,0.0,0.01917808,117.40741,1.0179380451999542
nigeria,draw_178,Female,0.0,0.01917808,117.40741,1.0175430490737758
nigeria,draw_178,Male,0.0,0.01917808,117.40741,1.0183532259624843
pakistan,draw_178,Female,0.0,0.01917808,117.40741,1.0129212007408663
pakistan,draw_178,Male,0.0,0.01917808,117.40741,1.0153173785983034
ethiopia,draw_178,Female,0.0,0.01917808,117.51752,1.0175516667405586
ethiopia,draw_178,Male,0.0,0.01917808,117.51752,1.0166781594261203
nigeria,draw_178,Female,0.0,0.01917808,117.51752,1.0162671388428388
nigeria,draw_178,Male,0.0,0.01917808,117.51752,1.0170629190718574
pakistan,draw_178,Female,0.0,0.01917808,117.51752,1.0118548055695442
pakistan,draw_178,Male,0.0,0.01917808,117.51752,1.0141841707003103
ethiopia,draw_178,Female,0.0,0.01917808,117.62763,1.0162449600814671
ethiopia,draw_178,Male,0.0,0.01917808,117.62763,1.0154422760259567
nigeria,draw_178,Female,0.0,0.01917808,117.62763,1.0150146206337483
nigeria,draw_178,Male,0.0,0.01917808,117.62763,1.0157958809433314
pakistan,draw_178,Female,0.0,0.01917808,117.62763,1.0108109768511018
pakistan,draw_178,Male,0.0,0.01917808,117.62763,1.013074430884808
ethiopia,draw_178,Female,0.0,0.01917808,117.73774,1.0149614070207114
ethiopia,draw_178,Male,0.0,0.01917808,117.73774,1.0142286684682238
nigeria,draw_178,Female,0.0,0.01917808,117.73774,1.0137860963131273
nigeria,draw_178,Male,0.0,0.01917808,117.73774,1.0145524912228867
pakistan,draw_178,Female,0.0,0.01917808,117.73774,1.0097902339311227
pakistan,draw_178,Male,0.0,0.01917808,117.73774,1.0119872503046083
ethiopia,draw_178,Female,0.0,0.01917808,117.84785,1.0136998251546276
ethiopia,draw_178,Male,0.0,0.01917808,117.84785,1.0130375207277387
nigeria,draw_178,Female,0.0,0.01917808,117.84785,1.0125789196617998
nigeria,draw_178,Male,0.0,0.01917808,117.84785,1.0133310623276217
pakistan,draw_178,Female,0.0,0.01917808,117.84785,1.008790056050712
pakistan,draw_178,Male,0.0,0.01917808,117.84785,1.010921478577489
ethiopia,draw_178,Female,0.0,0.01917808,117.95796,1.0124611635330438
ethiopia,draw_178,Male,0.0,0.01917808,117.95796,1.0118679078944044
nigeria,draw_178,Female,0.0,0.01917808,117.95796,1.0113944093103848
nigeria,draw_178,Male,0.0,0.01917808,117.95796,1.0121316657034998
pakistan,draw_178,Female,0.0,0.01917808,117.95796,1.007810402706036
pakistan,draw_178,Male,0.0,0.01917808,117.95796,1.0098766412686038
ethiopia,draw_178,Female,0.0,0.01917808,118.06807,1.011244244880241
ethiopia,draw_178,Male,0.0,0.01917808,118.06807,1.0107205390348328
nigeria,draw_178,Female,0.0,0.01917808,118.06807,1.0102312675795164
nigeria,draw_178,Male,0.0,0.01917808,118.06807,1.0109547983326
pakistan,draw_178,Female,0.0,0.01917808,118.06807,1.0068522070398955
pakistan,draw_178,Male,0.0,0.01917808,118.06807,1.0088531715253122
ethiopia,draw_178,Female,0.0,0.01917808,118.17818,1.010049375555038
ethiopia,draw_178,Male,0.0,0.01917808,118.17818,1.0095945445708696
nigeria,draw_178,Female,0.0,0.01917808,118.17818,1.0090901973941275
nigeria,draw_178,Male,0.0,0.01917808,118.17818,1.0097990886669772
pakistan,draw_178,Female,0.0,0.01917808,118.17818,1.0059147959847605
pakistan,draw_178,Male,0.0,0.01917808,118.17818,1.007851229643501
ethiopia,draw_178,Female,0.0,0.01917808,118.28829,1.0088772178206957
ethiopia,draw_178,Male,0.0,0.01917808,118.28829,1.0084904934335632
nigeria,draw_178,Female,0.0,0.01917808,118.28829,1.0079713283690825
nigeria,draw_178,Male,0.0,0.01917808,118.28829,1.0086661141559505
pakistan,draw_178,Female,0.0,0.01917808,118.28829,1.0049985285592633
pakistan,draw_178,Male,0.0,0.01917808,118.28829,1.006870110662555
ethiopia,draw_178,Female,0.0,0.01917808,118.3984,1.0077267483213397
ethiopia,draw_178,Male,0.0,0.01917808,118.3984,1.0074079593118157
nigeria,draw_178,Female,0.0,0.01917808,118.3984,1.0068730432360762
nigeria,draw_178,Male,0.0,0.01917808,118.3984,1.0075541311442202
pakistan,draw_178,Female,0.0,0.01917808,118.3984,1.0041027639329594
pakistan,draw_178,Male,0.0,0.01917808,118.3984,1.0059109520123857
ethiopia,draw_178,Female,0.0,0.01917808,118.50851,1.0065988019567726
ethiopia,draw_178,Male,0.0,0.01917808,118.50851,1.0063468477855388
nigeria,draw_178,Female,0.0,0.01917808,118.50851,1.005797522639075
nigeria,draw_178,Male,0.0,0.01917808,118.50851,1.0064643628928394
pakistan,draw_178,Female,0.0,0.01917808,118.50851,1.0032275049107817
pakistan,draw_178,Male,0.0,0.01917808,118.50851,1.0049715670868022
ethiopia,draw_178,Female,0.0,0.01917808,118.61862,1.005492698941937
ethiopia,draw_178,Male,0.0,0.01917808,118.61862,1.0053080879418432
nigeria,draw_178,Female,0.0,0.01917808,118.61862,1.0047433435311934
nigeria,draw_178,Male,0.0,0.01917808,118.61862,1.0053961285996
pakistan,draw_178,Female,0.0,0.01917808,118.61862,1.002372637208269
pakistan,draw_178,Male,0.0,0.01917808,118.61862,1.004054057395564
ethiopia,draw_178,Female,0.0,0.01917808,118.72873,1.0044111828518185
ethiopia,draw_178,Male,0.0,0.01917808,118.72873,1.0042924600333831
nigeria,draw_178,Female,0.0,0.01917808,118.72873,1.0037132583955743
nigeria,draw_178,Male,0.0,0.01917808,118.72873,1.0043523473255032
pakistan,draw_178,Female,0.0,0.01917808,118.72873,1.0015411931084215
pakistan,draw_178,Male,0.0,0.01917808,118.72873,1.0031595762020762
ethiopia,draw_178,Female,0.0,0.01917808,118.83884,1.003350816109954
ethiopia,draw_178,Male,0.0,0.01917808,118.83884,1.003297735709753
nigeria,draw_178,Female,0.0,0.01917808,118.83884,1.0027044349814924
nigeria,draw_178,Male,0.0,0.01917808,118.83884,1.0033299471930481
pakistan,draw_178,Female,0.0,0.01917808,118.83884,1.0007288623285029
pakistan,draw_178,Male,0.0,0.01917808,118.83884,1.0022851211058785
ethiopia,draw_178,Female,0.0,0.01917808,118.94895,1.0023122736923142
ethiopia,draw_178,Male,0.0,0.01917808,118.94895,1.0023245980511473
nigeria,draw_178,Female,0.0,0.01917808,118.94895,1.0017166651266323
nigeria,draw_178,Male,0.0,0.01917808,118.94895,1.0023288456044075
pakistan,draw_178,Female,0.0,0.01917808,118.94895,0.9999364126112515
pakistan,draw_178,Male,0.0,0.01917808,118.94895,1.0014309872823686
ethiopia,draw_178,Female,0.0,0.01917808,119.05906,1.0012949745379989
ethiopia,draw_178,Male,0.0,0.01917808,119.05906,1.00137163306843
nigeria,draw_178,Female,0.0,0.01917808,119.05906,1.0007496489762295
nigeria,draw_178,Male,0.0,0.01917808,119.05906,1.0013478168613466
pakistan,draw_178,Female,0.0,0.01917808,119.05906,0.9991626480529381
pakistan,draw_178,Male,0.0,0.01917808,119.05906,1.0005962574600737
ethiopia,draw_178,Female,0.0,0.01917808,119.16917,1.0002988110978666
ethiopia,draw_178,Male,0.0,0.01917808,119.16917,1.0004395458659756
nigeria,draw_178,Female,0.0,0.01917808,119.16917,0.9998032666317138
nigeria,draw_178,Male,0.0,0.01917808,119.16917,1.0003885569692843
pakistan,draw_178,Female,0.0,0.01917808,119.16917,0.9984086963344918
pakistan,draw_178,Male,0.0,0.01917808,119.16917,0.9997819230515269
ethiopia,draw_178,Female,0.0,0.01917808,119.27928,0.9993241308697678
ethiopia,draw_178,Male,0.0,0.01917808,119.27928,0.99952786195998
nigeria,draw_178,Female,0.0,0.01917808,119.27928,0.9988777046926576
nigeria,draw_178,Male,0.0,0.01917808,119.27928,0.9994498297070631
pakistan,draw_178,Female,0.0,0.01917808,119.27928,0.9976733079479128
pakistan,draw_178,Male,0.0,0.01917808,119.27928,0.9989867877478019
ethiopia,draw_178,Female,0.0,0.01917808,119.38939,0.9983696226173813
ethiopia,draw_178,Male,0.0,0.01917808,119.38939,0.998637062584986
nigeria,draw_178,Female,0.0,0.01917808,119.38939,0.9979729462526179
nigeria,draw_178,Male,0.0,0.01917808,119.38939,0.9985318956646274
pakistan,draw_178,Female,0.0,0.01917808,119.38939,0.9969566571462131
pakistan,draw_178,Male,0.0,0.01917808,119.38939,0.9982107040291385
ethiopia,draw_178,Female,0.0,0.01917808,119.4995,0.9974363521022892
ethiopia,draw_178,Male,0.0,0.01917808,119.4995,0.9977659537222553
nigeria,draw_178,Female,0.0,0.01917808,119.4995,0.9970883713664436
nigeria,draw_178,Male,0.0,0.01917808,119.4995,0.9976342268239602
pakistan,draw_178,Female,0.0,0.01917808,119.4995,0.996258261078776
pakistan,draw_178,Male,0.0,0.01917808,119.4995,0.9974534290592662
ethiopia,draw_178,Female,0.0,0.01917808,119.60961,0.9965230600697643
ethiopia,draw_178,Male,0.0,0.01917808,119.60961,0.9969145834341043
nigeria,draw_178,Female,0.0,0.01917808,119.60961,0.9962233252967039
nigeria,draw_178,Male,0.0,0.01917808,119.60961,0.9967566257630215
pakistan,draw_178,Female,0.0,0.01917808,119.60961,0.995576941139733
pakistan,draw_178,Male,0.0,0.01917808,119.60961,0.996714403525473
ethiopia,draw_178,Female,0.0,0.01917808,119.71972,0.9956338941538238
ethiopia,draw_178,Male,0.0,0.01917808,119.71972,0.9960854255562414
nigeria,draw_178,Female,0.0,0.01917808,119.71972,0.9953813030472326
nigeria,draw_178,Male,0.0,0.01917808,119.71972,0.9959019171022979
pakistan,draw_178,Female,0.0,0.01917808,119.71972,0.9949159184738197
pakistan,draw_178,Male,0.0,0.01917808,119.71972,0.9959965887482117
ethiopia,draw_178,Female,0.0,0.01917808,119.82983,0.994764493140094
ethiopia,draw_178,Male,0.0,0.01917808,119.82983,0.9952764211054448
nigeria,draw_178,Female,0.0,0.01917808,119.82983,0.9945590069866564
nigeria,draw_178,Male,0.0,0.01917808,119.82983,0.9950674556283257
pakistan,draw_178,Female,0.0,0.01917808,119.82983,0.9942727057121268
pakistan,draw_178,Male,0.0,0.01917808,119.82983,0.9952979457515913
ethiopia,draw_178,Female,0.0,0.01917808,119.93994,0.9939149109727436
ethiopia,draw_178,Male,0.0,0.01917808,119.93994,0.994486609167877
nigeria,draw_178,Female,0.0,0.01917808,119.93994,0.9937560546783694
nigeria,draw_178,Male,0.0,0.01917808,119.93994,0.994252263722737
pakistan,draw_178,Female,0.0,0.01917808,119.93994,0.9936467805791842
pakistan,draw_178,Male,0.0,0.01917808,119.93994,0.9946162435606369
ethiopia,draw_178,Female,0.0,0.01917808,120.05005,0.9930859219187437
ethiopia,draw_178,Male,0.0,0.01917808,120.05005,0.9937156498861963
nigeria,draw_178,Female,0.0,0.01917808,120.05005,0.9929721948910434
nigeria,draw_178,Male,0.0,0.01917808,120.05005,0.9934565212338018
pakistan,draw_178,Female,0.0,0.01917808,120.05005,0.993037636885024
pakistan,draw_178,Male,0.0,0.01917808,120.05005,0.9939526306373836
ethiopia,draw_178,Female,0.0,0.01917808,120.16016,0.9934554458720212
ethiopia,draw_178,Male,0.0,0.01917808,120.16016,0.9941097031908898
nigeria,draw_178,Female,0.0,0.01917808,120.16016,0.9934088896990578
nigeria,draw_178,Male,0.0,0.01917808,120.16016,0.9938551120359691
pakistan,draw_178,Female,0.0,0.01917808,120.16016,0.9934314259080014
pakistan,draw_178,Male,0.0,0.01917808,120.16016,0.9943424364043746
ethiopia,draw_178,Female,0.0,0.01917808,120.27027,0.9938198272066189
ethiopia,draw_178,Male,0.0,0.01917808,120.27027,0.9944965714943461
nigeria,draw_178,Female,0.0,0.01917808,120.27027,0.9938376106262391
nigeria,draw_178,Male,0.0,0.01917808,120.27027,0.9942477240596276
pakistan,draw_178,Female,0.0,0.01917808,120.27027,0.993820397354188
pakistan,draw_178,Male,0.0,0.01917808,120.27027,0.9947276095482664
ethiopia,draw_178,Female,0.0,0.01917808,120.38038,0.9941787227468553
ethiopia,draw_178,Male,0.0,0.01917808,120.38038,0.994877325005374
nigeria,draw_178,Female,0.0,0.01917808,120.38038,0.9942599053949264
nigeria,draw_178,Male,0.0,0.01917808,120.38038,0.9946348773867396
pakistan,draw_178,Female,0.0,0.01917808,120.38038,0.994204193081211
pakistan,draw_178,Male,0.0,0.01917808,120.38038,0.9951077836396319
ethiopia,draw_178,Female,0.0,0.01917808,120.49049,0.9945286825265995
ethiopia,draw_178,Male,0.0,0.01917808,120.49049,0.9952486626677431
nigeria,draw_178,Female,0.0,0.01917808,120.49049,0.9946725205565226
nigeria,draw_178,Male,0.0,0.01917808,120.49049,0.9950134163883948
pakistan,draw_178,Female,0.0,0.01917808,120.49049,0.9945807913061243
pakistan,draw_178,Male,0.0,0.01917808,120.49049,0.9954807898680897
ethiopia,draw_178,Female,0.0,0.01917808,120.6006,0.9948691236175702
ethiopia,draw_178,Male,0.0,0.01917808,120.6006,0.995609161387196
nigeria,draw_178,Female,0.0,0.01917808,120.6006,0.9950732210816238
nigeria,draw_178,Male,0.0,0.01917808,120.6006,0.9953810796781651
pakistan,draw_178,Female,0.0,0.01917808,120.6006,0.9949480151644412
pakistan,draw_178,Male,0.0,0.01917808,120.6006,0.9958444789271397
ethiopia,draw_178,Female,0.0,0.01917808,120.71071,0.9952002755120064
ethiopia,draw_178,Male,0.0,0.01917808,120.71071,0.9959582335561753
nigeria,draw_178,Female,0.0,0.01917808,120.71071,0.9954620509107766
nigeria,draw_178,Male,0.0,0.01917808,120.71071,0.9957396817200644
pakistan,draw_178,Female,0.0,0.01917808,120.71071,0.9953062897695836
pakistan,draw_178,Male,0.0,0.01917808,120.71071,0.9961998581910558
ethiopia,draw_178,Female,0.0,0.01917808,120.82082,0.9955167982172938
ethiopia,draw_178,Male,0.0,0.01917808,120.82082,0.996291476491417
nigeria,draw_178,Female,0.0,0.01917808,120.82082,0.9958341498475125
nigeria,draw_178,Male,0.0,0.01917808,120.82082,0.9960826847326248
pakistan,draw_178,Female,0.0,0.01917808,120.82082,0.9956500642868573
pakistan,draw_178,Male,0.0,0.01917808,120.82082,0.9965418398045366
ethiopia,draw_178,Female,0.0,0.01917808,120.93093,0.9958155299654111
ethiopia,draw_178,Male,0.0,0.01917808,120.93093,0.9966029438118237
nigeria,draw_178,Female,0.0,0.01917808,120.93093,0.9961849284088908
nigeria,draw_178,Male,0.0,0.01917808,120.93093,0.9964071469131112
pakistan,draw_178,Female,0.0,0.01917808,120.93093,0.9959756541393382
pakistan,draw_178,Male,0.0,0.01917808,120.93093,0.9968663721307911
ethiopia,draw_178,Female,0.0,0.01917808,121.04104,0.9960933143703251
ethiopia,draw_178,Male,0.0,0.01917808,121.04104,0.9968912552761606
nigeria,draw_178,Female,0.0,0.01917808,121.04104,0.9965123128259571
nigeria,draw_178,Male,0.0,0.01917808,121.04104,0.9967098344547473
pakistan,draw_178,Female,0.0,0.01917808,121.04104,0.9962806549753477
pakistan,draw_178,Male,0.0,0.01917808,121.04104,0.9971707118034367
ethiopia,draw_178,Female,0.0,0.01917808,121.15115,0.9963536567974509
ethiopia,draw_178,Male,0.0,0.01917808,121.15115,0.9971586496602769
nigeria,draw_178,Female,0.0,0.01917808,121.15115,0.9968182760275761
nigeria,draw_178,Male,0.0,0.01917808,121.15115,0.9969934447987342
pakistan,draw_178,Female,0.0,0.01917808,121.15115,0.9965679507055178
pakistan,draw_178,Male,0.0,0.01917808,121.15115,0.9974578313641622
ethiopia,draw_178,Female,0.0,0.01917808,121.26126,0.9965964525734013
ethiopia,draw_178,Male,0.0,0.01917808,121.26126,0.9974049486595494
nigeria,draw_178,Female,0.0,0.01917808,121.26126,0.9971030555373401
nigeria,draw_178,Male,0.0,0.01917808,121.26126,0.9972583097552423
pakistan,draw_178,Female,0.0,0.01917808,121.26126,0.9968370529669935
pakistan,draw_178,Male,0.0,0.01917808,121.26126,0.9977281520428165
ethiopia,draw_178,Female,0.0,0.01917808,121.37137,0.9968214774634423
ethiopia,draw_178,Male,0.0,0.01917808,121.37137,0.9976295057701646
nigeria,draw_178,Female,0.0,0.01917808,121.37137,0.9973669893624306
nigeria,draw_178,Male,0.0,0.01917808,121.37137,0.9975045805982152
pakistan,draw_178,Female,0.0,0.01917808,121.37137,0.9970886892745532
pakistan,draw_178,Male,0.0,0.01917808,121.37137,0.9979813012189562
ethiopia,draw_178,Female,0.0,0.01917808,121.48148,0.9970288210510023
ethiopia,draw_178,Male,0.0,0.01917808,121.48148,0.9978327134242084
nigeria,draw_178,Female,0.0,0.01917808,121.48148,0.9976094448215203
nigeria,draw_178,Male,0.0,0.01917808,121.48148,0.9977309331394176
pakistan,draw_178,Female,0.0,0.01917808,121.48148,0.9973218476529964
pakistan,draw_178,Male,0.0,0.01917808,121.48148,0.9982164647304653
ethiopia,draw_178,Female,0.0,0.01917808,121.59159,0.9972146341241541
ethiopia,draw_178,Male,0.0,0.01917808,121.59159,0.9980117081594022
nigeria,draw_178,Female,0.0,0.01917808,121.59159,0.9978271367567946
nigeria,draw_178,Male,0.0,0.01917808,121.59159,0.9979355090826473
pakistan,draw_178,Female,0.0,0.01917808,121.59159,0.9975343029536768
pakistan,draw_178,Male,0.0,0.01917808,121.59159,0.9984318343101904
ethiopia,draw_178,Female,0.0,0.01917808,121.7017,0.9973823155597196
ethiopia,draw_178,Male,0.0,0.01917808,121.7017,0.9981684111453353
nigeria,draw_178,Female,0.0,0.01917808,121.7017,0.9980232866714562
nigeria,draw_178,Male,0.0,0.01917808,121.7017,0.998120784855286
pakistan,draw_178,Female,0.0,0.01917808,121.7017,0.9977276683067954
pakistan,draw_178,Male,0.0,0.01917808,121.7017,0.9986289024767026
ethiopia,draw_178,Female,0.0,0.01917808,121.81181,0.9975352993748677
ethiopia,draw_178,Male,0.0,0.01917808,121.81181,0.9983067410556737
nigeria,draw_178,Female,0.0,0.01917808,121.81181,0.9982014627450226
nigeria,draw_178,Male,0.0,0.01917808,121.81181,0.9982904194389706
pakistan,draw_178,Female,0.0,0.01917808,121.81181,0.9979058432058868
pakistan,draw_178,Male,0.0,0.01917808,121.81181,0.9988119990141281
ethiopia,draw_178,Female,0.0,0.01917808,121.92192,0.9976723180268974
ethiopia,draw_178,Male,0.0,0.01917808,121.92192,0.9984251020438796
nigeria,draw_178,Female,0.0,0.01917808,121.92192,0.998359978653927
nigeria,draw_178,Male,0.0,0.01917808,121.92192,0.9984426451009514
pakistan,draw_178,Female,0.0,0.01917808,121.92192,0.9980673357613921
pakistan,draw_178,Male,0.0,0.01917808,121.92192,0.9989790748977222
ethiopia,draw_178,Female,0.0,0.01917808,122.03203,0.9977928350375408
ethiopia,draw_178,Male,0.0,0.01917808,122.03203,0.9985251955353428
nigeria,draw_178,Female,0.0,0.01917808,122.03203,0.9984997672653705
nigeria,draw_178,Male,0.0,0.01917808,122.03203,0.9985782213522615
pakistan,draw_178,Female,0.0,0.01917808,122.03203,0.998212668547386
pakistan,draw_178,Male,0.0,0.01917808,122.03203,0.9991308567076688
ethiopia,draw_178,Female,0.0,0.01917808,122.14214,0.9978974517784137
ethiopia,draw_178,Male,0.0,0.01917808,122.14214,0.9986053176877246
nigeria,draw_178,Female,0.0,0.01917808,122.14214,0.9986200993626182
nigeria,draw_178,Male,0.0,0.01917808,122.14214,0.9986964098779881
pakistan,draw_178,Female,0.0,0.01917808,122.14214,0.9983419181323848
pakistan,draw_178,Male,0.0,0.01917808,122.14214,0.9992670920305078
ethiopia,draw_178,Female,0.0,0.01917808,122.25225,0.9979841011904387
ethiopia,draw_178,Male,0.0,0.01917808,122.25225,0.9986634029168501
nigeria,draw_178,Female,0.0,0.01917808,122.25225,0.9987184511489114
nigeria,draw_178,Male,0.0,0.01917808,122.25225,0.9987956531667148
pakistan,draw_178,Female,0.0,0.01917808,122.25225,0.9984518531251776
pakistan,draw_178,Male,0.0,0.01917808,122.25225,0.9993854871882568
ethiopia,draw_178,Female,0.0,0.01917808,122.36236,0.998051595966021
ethiopia,draw_178,Male,0.0,0.01917808,122.36236,0.9986992081417447
nigeria,draw_178,Female,0.0,0.01917808,122.36236,0.9987938145738814
nigeria,draw_178,Male,0.0,0.01917808,122.36236,0.9988744489459646
pakistan,draw_178,Female,0.0,0.01917808,122.36236,0.9985427708442017
pakistan,draw_178,Male,0.0,0.01917808,122.36236,0.9994854148792522
ethiopia,draw_178,Female,0.0,0.01917808,122.47247,0.9981019498567173
ethiopia,draw_178,Male,0.0,0.01917808,122.47247,0.9987141851921548
nigeria,draw_178,Female,0.0,0.01917808,122.47247,0.9988485952045921
nigeria,draw_178,Male,0.0,0.01917808,122.47247,0.9989351217339606
pakistan,draw_178,Female,0.0,0.01917808,122.47247,0.9986155441760515
pakistan,draw_178,Male,0.0,0.01917808,122.47247,0.999567988571337
ethiopia,draw_178,Female,0.0,0.01917808,122.58258,0.9981370801091708
ethiopia,draw_178,Male,0.0,0.01917808,122.58258,0.998710123665399
nigeria,draw_178,Female,0.0,0.01917808,122.58258,0.9988848965612906
nigeria,draw_178,Male,0.0,0.01917808,122.58258,0.9989802331512861
pakistan,draw_178,Female,0.0,0.01917808,122.58258,0.9986723552919213
pakistan,draw_178,Male,0.0,0.01917808,122.58258,0.9996356954418416
ethiopia,draw_178,Female,0.0,0.01917808,122.69269,0.9981571504039187
ethiopia,draw_178,Male,0.0,0.01917808,122.69269,0.9986875351333669
nigeria,draw_178,Female,0.0,0.01917808,122.69269,0.9989026966803598
nigeria,draw_178,Male,0.0,0.01917808,122.69269,0.9990089901368904
pakistan,draw_178,Female,0.0,0.01917808,122.69269,0.9987135824681261
pakistan,draw_178,Male,0.0,0.01917808,122.69269,0.9996883142851732
ethiopia,draw_178,Female,0.0,0.01917808,122.8028,0.998164722801167
ethiopia,draw_178,Male,0.0,0.01917808,122.8028,0.9986497683688697
nigeria,draw_178,Female,0.0,0.01917808,122.8028,0.9989052464833724
nigeria,draw_178,Male,0.0,0.01917808,122.8028,0.9990244100691398
pakistan,draw_178,Female,0.0,0.01917808,122.8028,0.99874235648653
pakistan,draw_178,Male,0.0,0.01917808,122.8028,0.9997287795208435
ethiopia,draw_178,Female,0.0,0.01917808,122.91291,0.9981579781060912
ethiopia,draw_178,Male,0.0,0.01917808,122.91291,0.9985923369688458
nigeria,draw_178,Female,0.0,0.01917808,122.91291,0.9988884292186798
nigeria,draw_178,Male,0.0,0.01917808,122.91291,0.9990230400125003
pakistan,draw_178,Female,0.0,0.01917808,122.91291,0.9987548752450689
pakistan,draw_178,Male,0.0,0.01917808,122.91291,0.999753950043026
ethiopia,draw_178,Female,0.0,0.01917808,123.02302,0.9981307178999238
ethiopia,draw_178,Male,0.0,0.01917808,123.02302,0.9985106121890828
nigeria,draw_178,Female,0.0,0.01917808,123.02302,0.9988476651001607
nigeria,draw_178,Male,0.0,0.01917808,123.02302,0.9990007060209767
pakistan,draw_178,Female,0.0,0.01917808,123.02302,0.9987461784588927
pakistan,draw_178,Male,0.0,0.01917808,123.02302,0.9997594928396654
ethiopia,draw_178,Female,0.0,0.01917808,123.13313,0.9980848808517618
ethiopia,draw_178,Male,0.0,0.01917808,123.13313,0.9984066490117501
nigeria,draw_178,Female,0.0,0.01917808,123.13313,0.9987845177785806
nigeria,draw_178,Male,0.0,0.01917808,123.13313,0.9989583120439833
pakistan,draw_178,Female,0.0,0.01917808,123.13313,0.9987182240892131
pakistan,draw_178,Male,0.0,0.01917808,123.13313,0.9997467874817034
ethiopia,draw_178,Female,0.0,0.01917808,123.24324,0.998022975078058
ethiopia,draw_178,Male,0.0,0.01917808,123.24324,0.9982830986259195
nigeria,draw_178,Female,0.0,0.01917808,123.24324,0.998702923399991
nigeria,draw_178,Male,0.0,0.01917808,123.24324,0.9988987950491927
pakistan,draw_178,Female,0.0,0.01917808,123.24324,0.9986742115341162
pakistan,draw_178,Male,0.0,0.01917808,123.24324,0.9997175056514814
ethiopia,draw_178,Female,0.0,0.01917808,123.35335,0.9979455285795708
ethiopia,draw_178,Male,0.0,0.01917808,123.35335,0.9981403532254275
nigeria,draw_178,Female,0.0,0.01917808,123.35335,0.9986022121248351
nigeria,draw_178,Male,0.0,0.01917808,123.35335,0.9988235473664454
pakistan,draw_178,Female,0.0,0.01917808,123.35335,0.9986131208465537
pakistan,draw_178,Male,0.0,0.01917808,123.35335,0.9996728487083304
ethiopia,draw_178,Female,0.0,0.01917808,123.46346,0.9978531008801079
ethiopia,draw_178,Male,0.0,0.01917808,123.46346,0.997979056439094
nigeria,draw_178,Female,0.0,0.01917808,123.46346,0.998482879562962
nigeria,draw_178,Male,0.0,0.01917808,123.46346,0.9987307452593347
pakistan,draw_178,Female,0.0,0.01917808,123.46346,0.9985365490736493
pakistan,draw_178,Male,0.0,0.01917808,123.46346,0.9996127480944178
ethiopia,draw_178,Female,0.0,0.01917808,123.57357,0.99774610036331
ethiopia,draw_178,Male,0.0,0.01917808,123.57357,0.9977982928082834
nigeria,draw_178,Female,0.0,0.01917808,123.57357,0.9983442984617066
nigeria,draw_178,Male,0.0,0.01917808,123.57357,0.9986216800283603
pakistan,draw_178,Female,0.0,0.01917808,123.57357,0.9984438068247611
pakistan,draw_178,Male,0.0,0.01917808,123.57357,0.9995371764832894
ethiopia,draw_178,Female,0.0,0.01917808,123.68368,0.9976218455400945
ethiopia,draw_178,Male,0.0,0.01917808,123.68368,0.9975965802288118
nigeria,draw_178,Female,0.0,0.01917808,123.68368,0.9981858340573257
nigeria,draw_178,Male,0.0,0.01917808,123.68368,0.9984941841076173
pakistan,draw_178,Female,0.0,0.01917808,123.68368,0.9983326881119962
pakistan,draw_178,Male,0.0,0.01917808,123.68368,0.9994447232543059
ethiopia,draw_178,Female,0.0,0.01917808,123.79379,0.9974802463461353
ethiopia,draw_178,Male,0.0,0.01917808,123.79379,0.9973725264497467
nigeria,draw_178,Female,0.0,0.01917808,123.79379,0.9980046642975078
nigeria,draw_178,Male,0.0,0.01917808,123.79379,0.9983475502071265
pakistan,draw_178,Female,0.0,0.01917808,123.79379,0.9982024788433161
pakistan,draw_178,Male,0.0,0.01917808,123.79379,0.999333813928469
ethiopia,draw_178,Female,0.0,0.01917808,123.9039,0.9973226751008011
ethiopia,draw_178,Male,0.0,0.01917808,123.9039,0.9971286033977185
nigeria,draw_178,Female,0.0,0.01917808,123.9039,0.9978039219797497
nigeria,draw_178,Male,0.0,0.01917808,123.9039,0.9981830190068377
pakistan,draw_178,Female,0.0,0.01917808,123.9039,0.9980554293616475
pakistan,draw_178,Male,0.0,0.01917808,123.9039,0.9992069614836883
ethiopia,draw_178,Female,0.0,0.01917808,124.01401,0.9971492692247536
ethiopia,draw_178,Male,0.0,0.01917808,124.01401,0.9968648953003917
nigeria,draw_178,Female,0.0,0.01917808,124.01401,0.9975845997675055
nigeria,draw_178,Male,0.0,0.01917808,124.01401,0.9980014391269184
pakistan,draw_178,Female,0.0,0.01917808,124.01401,0.9978920356461193
pakistan,draw_178,Male,0.0,0.01917808,124.01401,0.9990632297092119
ethiopia,draw_178,Female,0.0,0.01917808,124.12412,0.9969605180516661
ethiopia,draw_178,Male,0.0,0.01917808,124.12412,0.9965817505611321
nigeria,draw_178,Female,0.0,0.01917808,124.12412,0.9973452604795926
nigeria,draw_178,Male,0.0,0.01917808,124.12412,0.9978025412871732
pakistan,draw_178,Female,0.0,0.01917808,124.12412,0.9977113438917063
pakistan,draw_178,Male,0.0,0.01917808,124.12412,0.9989036133874389
ethiopia,draw_178,Female,0.0,0.01917808,124.23423,0.9967536741638188
ethiopia,draw_178,Male,0.0,0.01917808,124.23423,0.9962762196819345
nigeria,draw_178,Female,0.0,0.01917808,124.23423,0.997085185353075
nigeria,draw_178,Male,0.0,0.01917808,124.23423,0.9975848219636638
pakistan,draw_178,Female,0.0,0.01917808,124.23423,0.9975117308030541
pakistan,draw_178,Male,0.0,0.01917808,124.23423,0.9987256118505963
ethiopia,draw_178,Female,0.0,0.01917808,124.34434,0.9965270523129041
ethiopia,draw_178,Male,0.0,0.01917808,124.34434,0.9959458487733566
nigeria,draw_178,Female,0.0,0.01917808,124.34434,0.9968002324253971
nigeria,draw_178,Male,0.0,0.01917808,124.34434,0.9973446181967831
pakistan,draw_178,Female,0.0,0.01917808,124.34434,0.9972902650631479
pakistan,draw_178,Male,0.0,0.01917808,124.34434,0.998526540232345
ethiopia,draw_178,Female,0.0,0.01917808,124.45445,0.9962745924894252
ethiopia,draw_178,Male,0.0,0.01917808,124.45445,0.9955844837525769
nigeria,draw_178,Female,0.0,0.01917808,124.45445,0.9964855300475151
nigeria,draw_178,Male,0.0,0.01917808,124.45445,0.9970772595707394
pakistan,draw_178,Female,0.0,0.01917808,124.45445,0.9970418730345819
pakistan,draw_178,Male,0.0,0.01917808,124.45445,0.9983013958462968
ethiopia,draw_178,Female,0.0,0.01917808,124.56456,0.9959938855529968
ethiopia,draw_178,Male,0.0,0.01917808,124.56456,0.9951906157500364
nigeria,draw_178,Female,0.0,0.01917808,124.56456,0.9961386074448322
nigeria,draw_178,Male,0.0,0.01917808,124.56456,0.99678015692548
pakistan,draw_178,Female,0.0,0.01917808,124.56456,0.996763933184513
pakistan,draw_178,Male,0.0,0.01917808,124.56456,0.9980477948086619
ethiopia,draw_178,Female,0.0,0.01917808,124.67467,0.9956866829781889
ethiopia,draw_178,Male,0.0,0.01917808,124.67467,0.9947651388172379
nigeria,draw_178,Female,0.0,0.01917808,124.67467,0.9957608036539203
nigeria,draw_178,Male,0.0,0.01917808,124.67467,0.9964546392214576
pakistan,draw_178,Female,0.0,0.01917808,124.67467,0.9964576694620898
pakistan,draw_178,Male,0.0,0.01917808,124.67467,0.9977659277506391
ethiopia,draw_178,Female,0.0,0.01917808,124.78478,0.9953520976149913
ethiopia,draw_178,Male,0.0,0.01917808,124.78478,0.9943081999408546
nigeria,draw_178,Female,0.0,0.01917808,124.78478,0.9953523786312488
nigeria,draw_178,Male,0.0,0.01917808,124.78478,0.9960998840522528
pakistan,draw_178,Female,0.0,0.01917808,124.78478,0.996122303392369
pakistan,draw_178,Male,0.0,0.01917808,124.78478,0.9974565633258453
ethiopia,draw_178,Female,0.0,0.01917808,124.89489,0.9949900135498527
ethiopia,draw_178,Male,0.0,0.01917808,124.89489,0.9938184638078772
nigeria,draw_178,Female,0.0,0.01917808,124.89489,0.994912261511782
nigeria,draw_178,Male,0.0,0.01917808,124.89489,0.9957158212110503
pakistan,draw_178,Female,0.0,0.01917808,124.89489,0.9957583758276246
pakistan,draw_178,Male,0.0,0.01917808,124.89489,0.9971191050404974
ethiopia,draw_178,Female,0.0,0.01917808,125.00501,0.9945974648266167
ethiopia,draw_178,Male,0.0,0.01917808,125.00501,0.9932931444338662
nigeria,draw_178,Female,0.0,0.01917808,125.00501,0.9944380390866479
nigeria,draw_178,Male,0.0,0.01917808,125.00501,0.9952998678949666
pakistan,draw_178,Female,0.0,0.01917808,125.00501,0.9953627794205048
pakistan,draw_178,Male,0.0,0.01917808,125.00501,0.996749644143873
ethiopia,draw_178,Female,0.0,0.01917808,125.11512,0.9941737844091585
ethiopia,draw_178,Male,0.0,0.01917808,125.11512,0.9927308908552263
nigeria,draw_178,Female,0.0,0.01917808,125.11512,0.9939293117301483
nigeria,draw_178,Male,0.0,0.01917808,125.11512,0.994850314715461
pakistan,draw_178,Female,0.0,0.01917808,125.11512,0.9949337035865689
pakistan,draw_178,Male,0.0,0.01917808,125.11512,0.9963480677249813
ethiopia,draw_178,Female,0.0,0.01917808,125.22523,0.9938617341681184
ethiopia,draw_178,Male,0.0,0.01917808,125.22523,0.9923002141013352
nigeria,draw_178,Female,0.0,0.01917808,125.22523,0.9935454107215241
nigeria,draw_178,Male,0.0,0.01917808,125.22523,0.9945154335041111
pakistan,draw_178,Female,0.0,0.01917808,125.22523,0.994618313080592
pakistan,draw_178,Male,0.0,0.01917808,125.22523,0.9960509784238468
ethiopia,draw_178,Female,0.0,0.01917808,125.33534,0.9938777538982565
ethiopia,draw_178,Male,0.0,0.01917808,125.33534,0.9922573593327519
nigeria,draw_178,Female,0.0,0.01917808,125.33534,0.9935343611149644
nigeria,draw_178,Male,0.0,0.01917808,125.33534,0.99451958137859
pakistan,draw_178,Female,0.0,0.01917808,125.33534,0.9946387661592079
pakistan,draw_178,Male,0.0,0.01917808,125.33534,0.9960643971252143
ethiopia,draw_178,Female,0.0,0.01917808,125.44545,0.9938839195251719
ethiopia,draw_178,Male,0.0,0.01917808,125.44545,0.9922028827505193
nigeria,draw_178,Female,0.0,0.01917808,125.44545,0.9935125156363973
nigeria,draw_178,Male,0.0,0.01917808,125.44545,0.9945133771174339
pakistan,draw_178,Female,0.0,0.01917808,125.44545,0.9946476678762948
pakistan,draw_178,Male,0.0,0.01917808,125.44545,0.9960663816727261
ethiopia,draw_178,Female,0.0,0.01917808,125.55556,0.9938797149129657
ethiopia,draw_178,Male,0.0,0.01917808,125.55556,0.9921382298506687
nigeria,draw_178,Female,0.0,0.01917808,125.55556,0.9934793631140968
nigeria,draw_178,Male,0.0,0.01917808,125.55556,0.9944961906436108
pakistan,draw_178,Female,0.0,0.01917808,125.55556,0.9946461620740609
pakistan,draw_178,Male,0.0,0.01917808,125.55556,0.9960571788303191
ethiopia,draw_178,Female,0.0,0.01917808,125.66567,0.9938648439047711
ethiopia,draw_178,Male,0.0,0.01917808,125.66567,0.9920616735439037
nigeria,draw_178,Female,0.0,0.01917808,125.66567,0.9934349046372903
nigeria,draw_178,Male,0.0,0.01917808,125.66567,0.9944676157598576
pakistan,draw_178,Female,0.0,0.01917808,125.66567,0.9946331599374433
pakistan,draw_178,Male,0.0,0.01917808,125.66567,0.9960358691742928
ethiopia,draw_178,Female,0.0,0.01917808,125.77578,0.9938395692152133
ethiopia,draw_178,Male,0.0,0.01917808,125.77578,0.991973414375388
nigeria,draw_178,Female,0.0,0.01917808,125.77578,0.99337788941944
nigeria,draw_178,Male,0.0,0.01917808,125.77578,0.994427543120652
pakistan,draw_178,Female,0.0,0.01917808,125.77578,0.9946077135601056
pakistan,draw_178,Male,0.0,0.01917808,125.77578,0.9960017818655229
ethiopia,draw_178,Female,0.0,0.01917808,125.88589,0.9938009810030536
ethiopia,draw_178,Male,0.0,0.01917808,125.88589,0.9918716755854751
nigeria,draw_178,Female,0.0,0.01917808,125.88589,0.9933079103539801
nigeria,draw_178,Male,0.0,0.01917808,125.88589,0.9943737306703881
pakistan,draw_178,Female,0.0,0.01917808,125.88589,0.9945691549195556
pakistan,draw_178,Male,0.0,0.01917808,125.88589,0.9959532915943448
ethiopia,draw_178,Female,0.0,0.01917808,125.996,0.9937445434333789
ethiopia,draw_178,Male,0.0,0.01917808,125.996,0.9917517343052235
nigeria,draw_178,Female,0.0,0.01917808,125.996,0.9932181079634722
nigeria,draw_178,Male,0.0,0.01917808,125.996,0.9943010266113544
pakistan,draw_178,Female,0.0,0.01917808,125.996,0.994511349299454
pakistan,draw_178,Male,0.0,0.01917808,125.996,0.9958850552407668
ethiopia,draw_178,Female,0.0,0.01917808,126.10611,0.9936721148395284
ethiopia,draw_178,Male,0.0,0.01917808,126.10611,0.9916154844745155
nigeria,draw_178,Female,0.0,0.01917808,126.10611,0.9931119694998725
nigeria,draw_178,Male,0.0,0.01917808,126.10611,0.9942119737335265
pakistan,draw_178,Female,0.0,0.01917808,126.10611,0.9944357352311696
pakistan,draw_178,Male,0.0,0.01917808,126.10611,0.9957985997976334
ethiopia,draw_178,Female,0.0,0.01917808,126.21622,0.9935834898982807
ethiopia,draw_178,Male,0.0,0.01917808,126.21622,0.9914628713483269
nigeria,draw_178,Female,0.0,0.01917808,126.21622,0.9929890642929884
nigeria,draw_178,Male,0.0,0.01917808,126.21622,0.9941058384727163
pakistan,draw_178,Female,0.0,0.01917808,126.21622,0.9943434245790622
pakistan,draw_178,Male,0.0,0.01917808,126.21622,0.995695167042436
ethiopia,draw_178,Female,0.0,0.01917808,126.32633,0.9934796140068243
ethiopia,draw_178,Male,0.0,0.01917808,126.32633,0.9912944199415634
nigeria,draw_178,Female,0.0,0.01917808,126.32633,0.9928495180661422
nigeria,draw_178,Male,0.0,0.01917808,126.32633,0.993983327298408
pakistan,draw_178,Female,0.0,0.01917808,126.32633,0.9942341267746172
pakistan,draw_178,Male,0.0,0.01917808,126.32633,0.9955731717305084
ethiopia,draw_178,Female,0.0,0.01917808,126.43644,0.9933608783365682
ethiopia,draw_178,Male,0.0,0.01917808,126.43644,0.9911110565542622
nigeria,draw_178,Female,0.0,0.01917808,126.43644,0.9926938177055876
nigeria,draw_178,Male,0.0,0.01917808,126.43644,0.9938454168431703
pakistan,draw_178,Female,0.0,0.01917808,126.43644,0.9941089000450328
pakistan,draw_178,Male,0.0,0.01917808,126.43644,0.9954346316680521
ethiopia,draw_178,Female,0.0,0.01917808,126.54655,0.9932289035407744
ethiopia,draw_178,Male,0.0,0.01917808,126.54655,0.9909141503050738
nigeria,draw_178,Female,0.0,0.01917808,126.54655,0.9925247076680959
nigeria,draw_178,Male,0.0,0.01917808,126.54655,0.9936937796438761
pakistan,draw_178,Female,0.0,0.01917808,126.54655,0.9939695126036625
pakistan,draw_178,Male,0.0,0.01917808,126.54655,0.9952822232456909
ethiopia,draw_178,Female,0.0,0.01917808,126.65666,0.9930847708808607
ethiopia,draw_178,Male,0.0,0.01917808,126.65666,0.9907049167204999
nigeria,draw_178,Female,0.0,0.01917808,126.65666,0.9923427801685405
nigeria,draw_178,Male,0.0,0.01917808,126.65666,0.9935293895050819
pakistan,draw_178,Female,0.0,0.01917808,126.65666,0.993817640764603
pakistan,draw_178,Male,0.0,0.01917808,126.65666,0.99511546853123
ethiopia,draw_178,Female,0.0,0.01917808,126.76677,0.9929289826123326
ethiopia,draw_178,Male,0.0,0.01917808,126.76677,0.9904827960415071
nigeria,draw_178,Female,0.0,0.01917808,126.76677,0.9921476800175552
nigeria,draw_178,Male,0.0,0.01917808,126.76677,0.9933528632006114
pakistan,draw_178,Female,0.0,0.01917808,126.76677,0.9936523276650356
pakistan,draw_178,Male,0.0,0.01917808,126.76677,0.9949353784430937
ethiopia,draw_178,Female,0.0,0.01917808,126.87688,0.9927631207849099
ethiopia,draw_178,Male,0.0,0.01917808,126.87688,0.990250268891495
nigeria,draw_178,Female,0.0,0.01917808,126.87688,0.9919419740682568
nigeria,draw_178,Male,0.0,0.01917808,126.87688,0.9931650620343901
pakistan,draw_178,Female,0.0,0.01917808,126.87688,0.9934763186850979
pakistan,draw_178,Male,0.0,0.01917808,126.87688,0.9947434673835127
ethiopia,draw_178,Female,0.0,0.01917808,126.98699,0.9925857269787236
ethiopia,draw_178,Male,0.0,0.01917808,126.98699,0.9900060048140242
nigeria,draw_178,Female,0.0,0.01917808,126.98699,0.9917237837094234
nigeria,draw_178,Male,0.0,0.01917808,126.98699,0.9929655010275379
pakistan,draw_178,Female,0.0,0.01917808,126.98699,0.9932880395463642
pakistan,draw_178,Male,0.0,0.01917808,126.98699,0.9945391666203729
ethiopia,draw_178,Female,0.0,0.01917808,127.0971,0.9923972456677672
ethiopia,draw_178,Male,0.0,0.01917808,127.0971,0.989750926285756
nigeria,draw_178,Female,0.0,0.01917808,127.0971,0.9914947457455453
nigeria,draw_178,Male,0.0,0.01917808,127.0971,0.992754291836728
pakistan,draw_178,Female,0.0,0.01917808,127.0971,0.9930884037127418
pakistan,draw_178,Male,0.0,0.01917808,127.0971,0.9943224351193881
ethiopia,draw_178,Female,0.0,0.01917808,127.20721,0.9921981613839506
ethiopia,draw_178,Male,0.0,0.01917808,127.20721,0.9894841791015233
nigeria,draw_178,Female,0.0,0.01917808,127.20721,0.9912536109429169
nigeria,draw_178,Male,0.0,0.01917808,127.20721,0.9925319239603171
pakistan,draw_178,Female,0.0,0.01917808,127.20721,0.9928764814946842
pakistan,draw_178,Male,0.0,0.01917808,127.20721,0.994093801510032
ethiopia,draw_178,Female,0.0,0.01917808,127.31732,0.9919880537502476
ethiopia,draw_178,Male,0.0,0.01917808,127.31732,0.9892072601142826
nigeria,draw_178,Female,0.0,0.01917808,127.31732,0.9910016779477983
nigeria,draw_178,Male,0.0,0.01917808,127.31732,0.9922981303962338
pakistan,draw_178,Female,0.0,0.01917808,127.31732,0.9926531386946044
pakistan,draw_178,Male,0.0,0.01917808,127.31732,0.9938526252977059
ethiopia,draw_178,Female,0.0,0.01917808,127.42743,0.9917664868837635
ethiopia,draw_178,Male,0.0,0.01917808,127.42743,0.9889175302757666
nigeria,draw_178,Female,0.0,0.01917808,127.42743,0.9907365377625875
nigeria,draw_178,Male,0.0,0.01917808,127.42743,0.9920513246693421
pakistan,draw_178,Female,0.0,0.01917808,127.42743,0.9924166181039391
pakistan,draw_178,Male,0.0,0.01917808,127.42743,0.9935982734058931
ethiopia,draw_178,Female,0.0,0.01917808,127.53754,0.991534533527761
ethiopia,draw_178,Male,0.0,0.01917808,127.53754,0.988619355724269
nigeria,draw_178,Female,0.0,0.01917808,127.53754,0.990461252043821
nigeria,draw_178,Male,0.0,0.01917808,127.53754,0.9917948809374815
pakistan,draw_178,Female,0.0,0.01917808,127.53754,0.9921696908369507
pakistan,draw_178,Male,0.0,0.01917808,127.53754,0.9933330977546421
ethiopia,draw_178,Female,0.0,0.01917808,127.64765,0.9912928334593175
ethiopia,draw_178,Male,0.0,0.01917808,127.64765,0.9883105707397849
nigeria,draw_178,Female,0.0,0.01917808,127.64765,0.9901763807304712
nigeria,draw_178,Male,0.0,0.01917808,127.64765,0.9915285214121207
pakistan,draw_178,Female,0.0,0.01917808,127.64765,0.9919119530276068
pakistan,draw_178,Male,0.0,0.01917808,127.64765,0.9930571403697004
ethiopia,draw_178,Female,0.0,0.01917808,127.75776,0.9910409481722078
ethiopia,draw_178,Male,0.0,0.01917808,127.75776,0.9879914586661127
nigeria,draw_178,Female,0.0,0.01917808,127.75776,0.9898799498498366
nigeria,draw_178,Male,0.0,0.01917808,127.75776,0.9912504013911163
pakistan,draw_178,Female,0.0,0.01917808,127.75776,0.9916429801018647
pakistan,draw_178,Male,0.0,0.01917808,127.75776,0.9927694129057062
ethiopia,draw_178,Female,0.0,0.01917808,127.86787,0.990777615728769
ethiopia,draw_178,Male,0.0,0.01917808,127.86787,0.9876630000225254
nigeria,draw_178,Female,0.0,0.01917808,127.86787,0.9895730903848328
nigeria,draw_178,Male,0.0,0.01917808,127.86787,0.9909623303327662
pakistan,draw_178,Female,0.0,0.01917808,127.86787,0.9913631980438028
pakistan,draw_178,Male,0.0,0.01917808,127.86787,0.9924704281341236
ethiopia,draw_178,Female,0.0,0.01917808,127.97798,0.9905043649500155
ethiopia,draw_178,Male,0.0,0.01917808,127.97798,0.987323597432223
nigeria,draw_178,Female,0.0,0.01917808,127.97798,0.9892547795625418
nigeria,draw_178,Male,0.0,0.01917808,127.97798,0.9906627135585127
pakistan,draw_178,Female,0.0,0.01917808,127.97798,0.9910716020387901
pakistan,draw_178,Male,0.0,0.01917808,127.97798,0.9921590752174891
ethiopia,draw_178,Female,0.0,0.01917808,128.08809,0.9902191499929202
ethiopia,draw_178,Male,0.0,0.01917808,128.08809,0.9869723627644008
nigeria,draw_178,Female,0.0,0.01917808,128.08809,0.988924520892282
nigeria,draw_178,Male,0.0,0.01917808,128.08809,0.9903510798430132
pakistan,draw_178,Female,0.0,0.01917808,128.08809,0.9907670324353003
pakistan,draw_178,Male,0.0,0.01917808,128.08809,0.9918345387926073
ethiopia,draw_178,Female,0.0,0.01917808,128.1982,0.9899214301498632
ethiopia,draw_178,Male,0.0,0.01917808,128.1982,0.9866093063177791
nigeria,draw_178,Female,0.0,0.01917808,128.1982,0.9885815262781407
nigeria,draw_178,Male,0.0,0.01917808,128.1982,0.9900265419724892
pakistan,draw_178,Female,0.0,0.01917808,128.1982,0.9904501856975431
pakistan,draw_178,Male,0.0,0.01917808,128.1982,0.9914969162711373
ethiopia,draw_178,Female,0.0,0.01917808,128.30831,0.9896133287727669
ethiopia,draw_178,Male,0.0,0.01917808,128.30831,0.9862363324454911
nigeria,draw_178,Female,0.0,0.01917808,128.30831,0.9882278806639666
nigeria,draw_178,Male,0.0,0.01917808,128.30831,0.9896918245826339
pakistan,draw_178,Female,0.0,0.01917808,128.30831,0.9901219154698766
pakistan,draw_178,Male,0.0,0.01917808,128.30831,0.9911482914098702
ethiopia,draw_178,Female,0.0,0.01917808,128.41842,0.9892954911575442
ethiopia,draw_178,Male,0.0,0.01917808,128.41842,0.9858530498324505
nigeria,draw_178,Female,0.0,0.01917808,128.41842,0.9878636537273605
nigeria,draw_178,Male,0.0,0.01917808,128.41842,0.9893460252786161
pakistan,draw_178,Female,0.0,0.01917808,128.41842,0.989782804705549
pakistan,draw_178,Male,0.0,0.01917808,128.41842,0.9907879067280212
ethiopia,draw_178,Female,0.0,0.01917808,128.52853,0.9889681073664182
ethiopia,draw_178,Male,0.0,0.01917808,128.52853,0.9854603772252094
nigeria,draw_178,Female,0.0,0.01917808,128.52853,0.9874899462110531
nigeria,draw_178,Male,0.0,0.01917808,128.52853,0.9889908311583
pakistan,draw_178,Female,0.0,0.01917808,128.52853,0.9894333129793144
pakistan,draw_178,Male,0.0,0.01917808,128.52853,0.9904174432842714
ethiopia,draw_178,Female,0.0,0.01917808,128.63864,0.9886317230860784
ethiopia,draw_178,Male,0.0,0.01917808,128.63864,0.985059184965469
nigeria,draw_178,Female,0.0,0.01917808,128.63864,0.9871068976091973
nigeria,draw_178,Male,0.0,0.01917808,128.63864,0.9886259875061468
pakistan,draw_178,Female,0.0,0.01917808,128.63864,0.989075134464321
pakistan,draw_178,Male,0.0,0.01917808,128.63864,0.9900373057259317
ethiopia,draw_178,Female,0.0,0.01917808,128.74875,0.988286718842207
ethiopia,draw_178,Male,0.0,0.01917808,128.74875,0.9846491244966532
nigeria,draw_178,Female,0.0,0.01917808,128.74875,0.9867145235688831
nigeria,draw_178,Male,0.0,0.01917808,128.74875,0.9882527977447917
pakistan,draw_178,Female,0.0,0.01917808,128.74875,0.9887073030913076
pakistan,draw_178,Male,0.0,0.01917808,128.74875,0.9896471051537454
ethiopia,draw_178,Female,0.0,0.01917808,128.85886,0.9879311404770944
ethiopia,draw_178,Male,0.0,0.01917808,128.85886,0.984228696678564
nigeria,draw_178,Female,0.0,0.01917808,128.85886,0.9863112720001718
nigeria,draw_178,Male,0.0,0.01917808,128.85886,0.9878682574823003
pakistan,draw_178,Female,0.0,0.01917808,128.85886,0.9883281385386379
pakistan,draw_178,Male,0.0,0.01917808,128.85886,0.989246336954945
ethiopia,draw_178,Female,0.0,0.01917808,128.96897,0.9875672604531566
ethiopia,draw_178,Male,0.0,0.01917808,128.96897,0.9838005204229106
nigeria,draw_178,Female,0.0,0.01917808,128.96897,0.9858998162186818
nigeria,draw_178,Male,0.0,0.01917808,128.96897,0.9874754346759136
pakistan,draw_178,Female,0.0,0.01917808,128.96897,0.9879409085022349
pakistan,draw_178,Male,0.0,0.01917808,128.96897,0.9888366785092683
ethiopia,draw_178,Female,0.0,0.01917808,129.07908,0.9871961881763288
ethiopia,draw_178,Male,0.0,0.01917808,129.07908,0.9833641170794211
nigeria,draw_178,Female,0.0,0.01917808,129.07908,0.9854804131693592
nigeria,draw_178,Male,0.0,0.01917808,129.07908,0.9870746671095406
pakistan,draw_178,Female,0.0,0.01917808,129.07908,0.9875450866764494
pakistan,draw_178,Male,0.0,0.01917808,129.07908,0.9884176713247245
ethiopia,draw_178,Female,0.0,0.01917808,129.18919,0.986816399861623
ethiopia,draw_178,Male,0.0,0.01917808,129.18919,0.9829200956009042
nigeria,draw_178,Female,0.0,0.01917808,129.18919,0.9850523759434265
nigeria,draw_178,Male,0.0,0.01917808,129.18919,0.9866653948713513
pakistan,draw_178,Female,0.0,0.01917808,129.18919,0.9871410228881613
pakistan,draw_178,Male,0.0,0.01917808,129.18919,0.9879902585323831
ethiopia,draw_178,Female,0.0,0.01917808,129.2993,0.9864288602443015
ethiopia,draw_178,Male,0.0,0.01917808,129.2993,0.9824684962397142
nigeria,draw_178,Female,0.0,0.01917808,129.2993,0.9846158902653729
nigeria,draw_178,Male,0.0,0.01917808,129.2993,0.9862480127327865
pakistan,draw_178,Female,0.0,0.01917808,129.2993,0.986727621456296
pakistan,draw_178,Male,0.0,0.01917808,129.2993,0.987553915178824
ethiopia,draw_178,Female,0.0,0.01917808,129.40941,0.98603267492655
ethiopia,draw_178,Male,0.0,0.01917808,129.40941,0.982008906973241
nigeria,draw_178,Female,0.0,0.01917808,129.40941,0.9841707620362219
nigeria,draw_178,Male,0.0,0.01917808,129.40941,0.9858214356080555
pakistan,draw_178,Female,0.0,0.01917808,129.40941,0.9863065992952279
pakistan,draw_178,Male,0.0,0.01917808,129.40941,0.9871088262653261
ethiopia,draw_178,Female,0.0,0.01917808,129.51952,0.9856276035317915
ethiopia,draw_178,Male,0.0,0.01917808,129.51952,0.9815401935352838
nigeria,draw_178,Female,0.0,0.01917808,129.51952,0.9837166319104957
nigeria,draw_178,Male,0.0,0.01917808,129.51952,0.9853858602922013
pakistan,draw_178,Female,0.0,0.01917808,129.51952,0.9858747633508221
pakistan,draw_178,Male,0.0,0.01917808,129.51952,0.9866539764970811
ethiopia,draw_178,Female,0.0,0.01917808,129.62963,0.9852124096135446
ethiopia,draw_178,Male,0.0,0.01917808,129.62963,0.981062543825153
nigeria,draw_178,Female,0.0,0.01917808,129.62963,0.9832523373867769
nigeria,draw_178,Male,0.0,0.01917808,129.62963,0.9849403203118547
pakistan,draw_178,Female,0.0,0.01917808,129.62963,0.9854331279159206
pakistan,draw_178,Male,0.0,0.01917808,129.62963,0.9861878126046256
ethiopia,draw_178,Female,0.0,0.01917808,129.73974,0.9847885057290936
ethiopia,draw_178,Male,0.0,0.01917808,129.73974,0.980575935720848
nigeria,draw_178,Female,0.0,0.01917808,129.73974,0.9827784476987637
nigeria,draw_178,Male,0.0,0.01917808,129.73974,0.9844854792074221
pakistan,draw_178,Female,0.0,0.01917808,129.73974,0.9849822327119742
pakistan,draw_178,Male,0.0,0.01917808,129.73974,0.9857129767630795
ethiopia,draw_178,Female,0.0,0.01917808,129.84985,0.9843552043313061
ethiopia,draw_178,Male,0.0,0.01917808,129.84985,0.9800812266886813
nigeria,draw_178,Female,0.0,0.01917808,129.84985,0.9822965682608003
nigeria,draw_178,Male,0.0,0.01917808,129.84985,0.9840220124743801
pakistan,draw_178,Female,0.0,0.01917808,129.84985,0.9845223753291038
pakistan,draw_178,Male,0.0,0.01917808,129.84985,0.9852279547439621
ethiopia,draw_178,Female,0.0,0.01917808,129.95996,0.9839136081305504
ethiopia,draw_178,Male,0.0,0.01917808,129.95996,0.9795778396245494
nigeria,draw_178,Female,0.0,0.01917808,129.95996,0.9818051805735463
nigeria,draw_178,Male,0.0,0.01917808,129.95996,0.9835492467474075
pakistan,draw_178,Female,0.0,0.01917808,129.95996,0.9840532234842155
pakistan,draw_178,Male,0.0,0.01917808,129.95996,0.9847339469160703
ethiopia,draw_178,Female,0.0,0.01917808,130.07007,0.9834620181386331
ethiopia,draw_178,Male,0.0,0.01917808,130.07007,0.979065375256259
nigeria,draw_178,Female,0.0,0.01917808,130.07007,0.9813041058305222
nigeria,draw_178,Male,0.0,0.01917808,130.07007,0.9830665356140093
pakistan,draw_178,Female,0.0,0.01917808,130.07007,0.983573812183295
pakistan,draw_178,Male,0.0,0.01917808,130.07007,0.9842297878277312
ethiopia,draw_178,Female,0.0,0.01917808,130.18018,0.9830009138840646
ethiopia,draw_178,Male,0.0,0.01917808,130.18018,0.978544062763066
nigeria,draw_178,Female,0.0,0.01917808,130.18018,0.980793735436956
nigeria,draw_178,Male,0.0,0.01917808,130.18018,0.9825746896695341
pakistan,draw_178,Female,0.0,0.01917808,130.18018,0.9830851358457385
pakistan,draw_178,Male,0.0,0.01917808,130.18018,0.9837155537120664
ethiopia,draw_178,Female,0.0,0.01917808,130.29029,0.9825284028374816
ethiopia,draw_178,Male,0.0,0.01917808,130.29029,0.9780117172485953
nigeria,draw_178,Female,0.0,0.01917808,130.29029,0.9802712707010232
nigeria,draw_178,Male,0.0,0.01917808,130.29029,0.9820707160777772
pakistan,draw_178,Female,0.0,0.01917808,130.29029,0.982584182127036
pakistan,draw_178,Male,0.0,0.01917808,130.29029,0.9831889475416266
ethiopia,draw_178,Female,0.0,0.01917808,130.4004,0.9820468235218399
ethiopia,draw_178,Male,0.0,0.01917808,130.4004,0.9774706875288425
nigeria,draw_178,Female,0.0,0.01917808,130.4004,0.9797396122801624
nigeria,draw_178,Male,0.0,0.01917808,130.4004,0.9815571206871618
pakistan,draw_178,Female,0.0,0.01917808,130.4004,0.9820739219404824
pakistan,draw_178,Male,0.0,0.01917808,130.4004,0.9826522542844398
ethiopia,draw_178,Female,0.0,0.01917808,130.51051,0.9815548178181879
ethiopia,draw_178,Male,0.0,0.01917808,130.51051,0.9769208142266481
nigeria,draw_178,Female,0.0,0.01917808,130.51051,0.9791981685016977
nigeria,draw_178,Male,0.0,0.01917808,130.51051,0.9810338877303705
pakistan,draw_178,Female,0.0,0.01917808,130.51051,0.9815532920483612
pakistan,draw_178,Male,0.0,0.01917808,130.51051,0.9821056230942089
ethiopia,draw_178,Female,0.0,0.01917808,130.62062,0.981053924517133
ethiopia,draw_178,Male,0.0,0.01917808,130.62062,0.9763625567463484
nigeria,draw_178,Female,0.0,0.01917808,130.62062,0.9786479602226343
nigeria,draw_178,Male,0.0,0.01917808,130.62062,0.980500763138957
pakistan,draw_178,Female,0.0,0.01917808,130.62062,0.9810235713370214
pakistan,draw_178,Male,0.0,0.01917808,130.62062,0.9815497441748057
ethiopia,draw_178,Female,0.0,0.01917808,130.73073,0.9805453228702471
ethiopia,draw_178,Male,0.0,0.01917808,130.73073,0.9757965551809623
nigeria,draw_178,Female,0.0,0.01917808,130.73073,0.9780892320074914
nigeria,draw_178,Male,0.0,0.01917808,130.73073,0.979959759314183
pakistan,draw_178,Female,0.0,0.01917808,130.73073,0.9804853761125223
pakistan,draw_178,Male,0.0,0.01917808,130.73073,0.9809843841903046
ethiopia,draw_178,Female,0.0,0.01917808,130.84084,0.9800285403577457
ethiopia,draw_178,Male,0.0,0.01917808,130.84084,0.9752239449593435
nigeria,draw_178,Female,0.0,0.01917808,130.84084,0.9775230074593902
nigeria,draw_178,Male,0.0,0.01917808,130.84084,0.9794102182068449
pakistan,draw_178,Female,0.0,0.01917808,130.84084,0.9799391304468885
pakistan,draw_178,Male,0.0,0.01917808,130.84084,0.9804117269903463
ethiopia,draw_178,Female,0.0,0.01917808,130.95095,0.9795034786049762
ethiopia,draw_178,Male,0.0,0.01917808,130.95095,0.9746436230510497
nigeria,draw_178,Female,0.0,0.01917808,130.95095,0.9769484079389469
nigeria,draw_178,Male,0.0,0.01917808,130.95095,0.9788522625177578
pakistan,draw_178,Female,0.0,0.01917808,130.95095,0.979384506611748
pakistan,draw_178,Male,0.0,0.01917808,130.95095,0.979830083566261
ethiopia,draw_178,Female,0.0,0.01917808,131.06106,0.9789697855083086
ethiopia,draw_178,Male,0.0,0.01917808,131.06106,0.9740553562176318
nigeria,draw_178,Female,0.0,0.01917808,131.06106,0.9763656528256068
nigeria,draw_178,Male,0.0,0.01917808,131.06106,0.9782865378351587
pakistan,draw_178,Female,0.0,0.01917808,131.06106,0.9788212954361685
pakistan,draw_178,Male,0.0,0.01917808,131.06106,0.9792396707792351
ethiopia,draw_178,Female,0.0,0.01917808,131.17117,0.9784277528213947
ethiopia,draw_178,Male,0.0,0.01917808,131.17117,0.9734607913780563
nigeria,draw_178,Female,0.0,0.01917808,131.17117,0.9757758924563646
nigeria,draw_178,Male,0.0,0.01917808,131.17117,0.9777122711202936
pakistan,draw_178,Female,0.0,0.01917808,131.17117,0.9782501937472775
pakistan,draw_178,Male,0.0,0.01917808,131.17117,0.978641067206116
ethiopia,draw_178,Female,0.0,0.01917808,131.28128,0.9778779987713774
ethiopia,draw_178,Male,0.0,0.01917808,131.28128,0.9728594562198499
nigeria,draw_178,Female,0.0,0.01917808,131.28128,0.9751775633803846
nigeria,draw_178,Male,0.0,0.01917808,131.28128,0.9771307638355589
pakistan,draw_178,Female,0.0,0.01917808,131.28128,0.9776709761787932
pakistan,draw_178,Male,0.0,0.01917808,131.28128,0.9780353629776093
ethiopia,draw_178,Female,0.0,0.01917808,131.39139,0.9773208253299953
ethiopia,draw_178,Male,0.0,0.01917808,131.39139,0.9722509632118159
nigeria,draw_178,Female,0.0,0.01917808,131.39139,0.9745726347176167
nigeria,draw_178,Male,0.0,0.01917808,131.39139,0.9765410754498084
pakistan,draw_178,Female,0.0,0.01917808,131.39139,0.977084133176237
pakistan,draw_178,Male,0.0,0.01917808,131.39139,0.9774208574949703
ethiopia,draw_178,Female,0.0,0.01917808,131.5015,0.9767551659361332
ethiopia,draw_178,Male,0.0,0.01917808,131.5015,0.9716355708561688
nigeria,draw_178,Female,0.0,0.01917808,131.5015,0.9739594567430909
nigeria,draw_178,Male,0.0,0.01917808,131.5015,0.9759435498580926
pakistan,draw_178,Female,0.0,0.01917808,131.5015,0.9764896959221823
pakistan,draw_178,Male,0.0,0.01917808,131.5015,0.9767991969390587
ethiopia,draw_178,Female,0.0,0.01917808,131.61161,0.9761816379968838
ethiopia,draw_178,Male,0.0,0.01917808,131.61161,0.9710127105659533
nigeria,draw_178,Female,0.0,0.01917808,131.61161,0.9733387082494186
nigeria,draw_178,Male,0.0,0.01917808,131.61161,0.975338095476469
pakistan,draw_178,Female,0.0,0.01917808,131.61161,0.975886733841058
pakistan,draw_178,Male,0.0,0.01917808,131.61161,0.9761691966692885
ethiopia,draw_178,Female,0.0,0.01917808,131.72172,0.9755986474255449
ethiopia,draw_178,Male,0.0,0.01917808,131.72172,0.9703816624898312
nigeria,draw_178,Female,0.0,0.01917808,131.72172,0.9727084559967571
nigeria,draw_178,Male,0.0,0.01917808,131.72172,0.9747224030400115
pakistan,draw_178,Female,0.0,0.01917808,131.72172,0.9752746158553779
pakistan,draw_178,Male,0.0,0.01917808,131.72172,0.9755289563613271
ethiopia,draw_178,Female,0.0,0.01917808,131.83183,0.9750075699396853
ethiopia,draw_178,Male,0.0,0.01917808,131.83183,0.969743551052084
nigeria,draw_178,Female,0.0,0.01917808,131.83183,0.9720700850137419
nigeria,draw_178,Male,0.0,0.01917808,131.83183,0.9740992401263439
pakistan,draw_178,Female,0.0,0.01917808,131.83183,0.9746541215403725
pakistan,draw_178,Male,0.0,0.01917808,131.83183,0.9748809422325246
ethiopia,draw_178,Female,0.0,0.01917808,131.94194,0.9744083862710718
ethiopia,draw_178,Male,0.0,0.01917808,131.94194,0.9690981494345301
nigeria,draw_178,Female,0.0,0.01917808,131.94194,0.9714245258933105
nigeria,draw_178,Male,0.0,0.01917808,131.94194,0.9734678908497628
pakistan,draw_178,Female,0.0,0.01917808,131.94194,0.9740259686431008
pakistan,draw_178,Male,0.0,0.01917808,131.94194,0.9742253114675947
ethiopia,draw_178,Female,0.0,0.01917808,132.05205,0.9738010866644249
ethiopia,draw_178,Male,0.0,0.01917808,132.05205,0.9684456753565972
nigeria,draw_178,Female,0.0,0.01917808,132.05205,0.9707713477334344
nigeria,draw_178,Male,0.0,0.01917808,132.05205,0.9728290736430295
pakistan,draw_178,Female,0.0,0.01917808,132.05205,0.9733897727248437
pakistan,draw_178,Male,0.0,0.01917808,132.05205,0.9735614039358267
ethiopia,draw_178,Female,0.0,0.01917808,132.16216,0.9731858734987625
ethiopia,draw_178,Male,0.0,0.01917808,132.16216,0.9677871810847245
nigeria,draw_178,Female,0.0,0.01917808,132.16216,0.9701108145846175
nigeria,draw_178,Male,0.0,0.01917808,132.16216,0.9721823697290504
pakistan,draw_178,Female,0.0,0.01917808,132.16216,0.9727461558274534
pakistan,draw_178,Male,0.0,0.01917808,132.16216,0.9728899725218995
ethiopia,draw_178,Female,0.0,0.01917808,132.27227,0.9725634479420079
ethiopia,draw_178,Male,0.0,0.01917808,132.27227,0.9671226126158529
nigeria,draw_178,Female,0.0,0.01917808,132.27227,0.969442677891908
nigeria,draw_178,Male,0.0,0.01917808,132.27227,0.9715289219124938
pakistan,draw_178,Female,0.0,0.01917808,132.27227,0.9720949147483012
pakistan,draw_178,Male,0.0,0.01917808,132.27227,0.9722107318243167
ethiopia,draw_178,Female,0.0,0.01917808,132.38238,0.9719341676146753
ethiopia,draw_178,Male,0.0,0.01917808,132.38238,0.9664515010930873
nigeria,draw_178,Female,0.0,0.01917808,132.38238,0.9687685864301062
nigeria,draw_178,Male,0.0,0.01917808,132.38238,0.9708675850121581
pakistan,draw_178,Female,0.0,0.01917808,132.38238,0.9714370328107104
pakistan,draw_178,Male,0.0,0.01917808,132.38238,0.9715249694231637
ethiopia,draw_178,Female,0.0,0.01917808,132.49249,0.9712986270793464
ethiopia,draw_178,Male,0.0,0.01917808,132.49249,0.9657763499926401
nigeria,draw_178,Female,0.0,0.01917808,132.49249,0.9680888845225065
nigeria,draw_178,Male,0.0,0.01917808,132.49249,0.9702011981646325
pakistan,draw_178,Female,0.0,0.01917808,132.49249,0.9707733493513471
pakistan,draw_178,Male,0.0,0.01917808,132.49249,0.9708340524713357
ethiopia,draw_178,Female,0.0,0.01917808,132.6026,0.9706576399943319
ethiopia,draw_178,Male,0.0,0.01917808,132.6026,0.9650970513912922
nigeria,draw_178,Female,0.0,0.01917808,132.6026,0.9674032749511522
nigeria,draw_178,Male,0.0,0.01917808,132.6026,0.9695290421945283
pakistan,draw_178,Female,0.0,0.01917808,132.6026,0.970105244586372
pakistan,draw_178,Male,0.0,0.01917808,132.6026,0.970137505055957
ethiopia,draw_178,Female,0.0,0.01917808,132.71271,0.9700116884320149
ethiopia,draw_178,Male,0.0,0.01917808,132.71271,0.9644133222767176
nigeria,draw_178,Female,0.0,0.01917808,132.71271,0.9667140978952533
nigeria,draw_178,Male,0.0,0.01917808,132.71271,0.9688525394425475
pakistan,draw_178,Female,0.0,0.01917808,132.71271,0.9694317114369502
pakistan,draw_178,Male,0.0,0.01917808,132.71271,0.96943622859131
ethiopia,draw_178,Female,0.0,0.01917808,132.82282,0.969360817342556
ethiopia,draw_178,Male,0.0,0.01917808,132.82282,0.9637246634564801
nigeria,draw_178,Female,0.0,0.01917808,132.82282,0.9660198864949563
nigeria,draw_178,Male,0.0,0.01917808,132.82282,0.9681703904743539
pakistan,draw_178,Female,0.0,0.01917808,132.82282,0.9687530755049291
pakistan,draw_178,Male,0.0,0.01917808,132.82282,0.9687298920208359
ethiopia,draw_178,Female,0.0,0.01917808,132.93293,0.9687037394890045
ethiopia,draw_178,Male,0.0,0.01917808,132.93293,0.9630322984340254
nigeria,draw_178,Female,0.0,0.01917808,132.93293,0.9653206944424729
nigeria,draw_178,Male,0.0,0.01917808,132.93293,0.967483650873021
pakistan,draw_178,Female,0.0,0.01917808,132.93293,0.9680699830722046
pakistan,draw_178,Male,0.0,0.01917808,132.93293,0.9680191089224259
ethiopia,draw_178,Female,0.0,0.01917808,133.04304,0.9680418041258162
ethiopia,draw_178,Male,0.0,0.01917808,133.04304,0.9623356528682874
nigeria,draw_178,Female,0.0,0.01917808,133.04304,0.9646165124960734
nigeria,draw_178,Male,0.0,0.01917808,133.04304,0.9667914131523767
pakistan,draw_178,Female,0.0,0.01917808,133.04304,0.9673815514705283
pakistan,draw_178,Male,0.0,0.01917808,133.04304,0.9673026887014246
ethiopia,draw_178,Female,0.0,0.01917808,133.15315,0.9673726868658036
ethiopia,draw_178,Male,0.0,0.01917808,133.15315,0.961633358364653
nigeria,draw_178,Female,0.0,0.01917808,133.15315,0.9639064259677398
nigeria,draw_178,Male,0.0,0.01917808,133.15315,0.9660929734767061
pakistan,draw_178,Female,0.0,0.01917808,133.15315,0.9666868516161391
pakistan,draw_178,Male,0.0,0.01917808,133.15315,0.9665803319382065
ethiopia,draw_178,Female,0.0,0.01917808,133.26326,0.9666988105890923
ethiopia,draw_178,Male,0.0,0.01917808,133.26326,0.9609268883962586
nigeria,draw_178,Female,0.0,0.01917808,133.26326,0.9631919050223667
nigeria,draw_178,Male,0.0,0.01917808,133.26326,0.9653892586812305
pakistan,draw_178,Female,0.0,0.01917808,133.26326,0.9659875898715693
pakistan,draw_178,Male,0.0,0.01917808,133.26326,0.9658533163206817
ethiopia,draw_178,Female,0.0,0.01917808,133.37337,0.96601919448882
ethiopia,draw_178,Male,0.0,0.01917808,133.37337,0.9602166221644931
nigeria,draw_178,Female,0.0,0.01917808,133.37337,0.9624719858298342
nigeria,draw_178,Male,0.0,0.01917808,133.37337,0.9646798206408677
pakistan,draw_178,Female,0.0,0.01917808,133.37337,0.9652830052596377
pakistan,draw_178,Male,0.0,0.01917808,133.37337,0.9651203288045338
ethiopia,draw_178,Female,0.0,0.01917808,133.48348,0.9653341644278988
ethiopia,draw_178,Male,0.0,0.01917808,133.48348,0.959501451829307
nigeria,draw_178,Female,0.0,0.01917808,133.48348,0.96174700498836
nigeria,draw_178,Male,0.0,0.01917808,133.48348,0.9639651608006917
pakistan,draw_178,Female,0.0,0.01917808,133.48348,0.9645731733405287
pakistan,draw_178,Male,0.0,0.01917808,133.48348,0.964383086460045
ethiopia,draw_178,Female,0.0,0.01917808,133.59359,0.9646439532432154
ethiopia,draw_178,Male,0.0,0.01917808,133.59359,0.9587813155438657
nigeria,draw_178,Female,0.0,0.01917808,133.59359,0.961016773317955
nigeria,draw_178,Male,0.0,0.01917808,133.59359,0.9632453893190153
pakistan,draw_178,Female,0.0,0.01917808,133.59359,0.9638586798080723
pakistan,draw_178,Male,0.0,0.01917808,133.59359,0.9636403722158583
ethiopia,draw_178,Female,0.0,0.01917808,133.7037,0.9639475142403794
ethiopia,draw_178,Male,0.0,0.01917808,133.7037,0.9580572249606651
nigeria,draw_178,Female,0.0,0.01917808,133.7037,0.9602818988586732
nigeria,draw_178,Male,0.0,0.01917808,133.7037,0.962519907967114
pakistan,draw_178,Female,0.0,0.01917808,133.7037,0.9631388951401213
pakistan,draw_178,Male,0.0,0.01917808,133.7037,0.9628919808065582
ethiopia,draw_178,Female,0.0,0.01917808,133.81381,0.9632453227134837
ethiopia,draw_178,Male,0.0,0.01917808,133.81381,0.957328295466645
nigeria,draw_178,Female,0.0,0.01917808,133.81381,0.9595412313285029
nigeria,draw_178,Male,0.0,0.01917808,133.81381,0.9617888711177736
pakistan,draw_178,Female,0.0,0.01917808,133.81381,0.962413021285465
pakistan,draw_178,Male,0.0,0.01917808,133.81381,0.9621380175385458
ethiopia,draw_178,Female,0.0,0.01917808,133.92392,0.9625362397267354
ethiopia,draw_178,Male,0.0,0.01917808,133.92392,0.9565938377717194
nigeria,draw_178,Female,0.0,0.01917808,133.92392,0.9587948504663206
nigeria,draw_178,Male,0.0,0.01917808,133.92392,0.9610517148671928
pakistan,draw_178,Female,0.0,0.01917808,133.92392,0.9616813265783959
pakistan,draw_178,Male,0.0,0.01917808,133.92392,0.9613782909553148
ethiopia,draw_178,Female,0.0,0.01917808,134.03403,0.9618225457185611
ethiopia,draw_178,Male,0.0,0.01917808,134.03403,0.9558555987382524
nigeria,draw_178,Female,0.0,0.01917808,134.03403,0.9580433297364892
nigeria,draw_178,Male,0.0,0.01917808,134.03403,0.9603089065695866
pakistan,draw_178,Female,0.0,0.01917808,134.03403,0.9609449666768783
pakistan,draw_178,Male,0.0,0.01917808,134.03403,0.9606134529015451
ethiopia,draw_178,Female,0.0,0.01917808,134.14414,0.9611025288020814
ethiopia,draw_178,Male,0.0,0.01917808,134.14414,0.9551133959116946
nigeria,draw_178,Female,0.0,0.01917808,134.14414,0.9572862873643933
nigeria,draw_178,Male,0.0,0.01917808,134.14414,0.9595610346450457
pakistan,draw_178,Female,0.0,0.01917808,134.14414,0.9602028610563572
pakistan,draw_178,Male,0.0,0.01917808,134.14414,0.9598432121480708
ethiopia,draw_178,Female,0.0,0.01917808,134.25425,0.9603774026159229
ethiopia,draw_178,Male,0.0,0.01917808,134.25425,0.9543662017586289
nigeria,draw_178,Female,0.0,0.01917808,134.25425,0.9565243317260076
nigeria,draw_178,Male,0.0,0.01917808,134.25425,0.9588072873713535
pakistan,draw_178,Female,0.0,0.01917808,134.25425,0.9594555794031877
pakistan,draw_178,Male,0.0,0.01917808,134.25425,0.9590671959270692
ethiopia,draw_178,Female,0.0,0.01917808,134.36436,0.9596457069451186
ethiopia,draw_178,Male,0.0,0.01917808,134.36436,0.9536140132973949
nigeria,draw_178,Female,0.0,0.01917808,134.36436,0.9557569297626384
nigeria,draw_178,Male,0.0,0.01917808,134.36436,0.9580479785371543
pakistan,draw_178,Female,0.0,0.01917808,134.36436,0.9587032232402722
pakistan,draw_178,Male,0.0,0.01917808,134.36436,0.9582862587172005
ethiopia,draw_178,Female,0.0,0.01917808,134.47447,0.9589081145934132
ethiopia,draw_178,Male,0.0,0.01917808,134.47447,0.9528578755141807
nigeria,draw_178,Female,0.0,0.01917808,134.47447,0.9549837110639879
nigeria,draw_178,Male,0.0,0.01917808,134.47447,0.9572829969517461
pakistan,draw_178,Female,0.0,0.01917808,134.47447,0.9579449739422298
pakistan,draw_178,Male,0.0,0.01917808,134.47447,0.9574997836946109
ethiopia,draw_178,Female,0.0,0.01917808,134.58458,0.9581636121691453
ethiopia,draw_178,Male,0.0,0.01917808,134.58458,0.9520954957004331
nigeria,draw_178,Female,0.0,0.01917808,134.58458,0.954203828680969
nigeria,draw_178,Male,0.0,0.01917808,134.58458,0.9565110912443844
pakistan,draw_178,Female,0.0,0.01917808,134.58458,0.9571803214034668
pakistan,draw_178,Male,0.0,0.01917808,134.58458,0.956706738048684
ethiopia,draw_178,Female,0.0,0.01917808,134.69469,0.9574131452296348
ethiopia,draw_178,Male,0.0,0.01917808,134.69469,0.9513289763054641
nigeria,draw_178,Female,0.0,0.01917808,134.69469,0.9534182099997325
nigeria,draw_178,Male,0.0,0.01917808,134.69469,0.955733493020502
pakistan,draw_178,Female,0.0,0.01917808,134.69469,0.9564102738665446
pakistan,draw_178,Male,0.0,0.01917808,134.69469,0.9559084719049666
ethiopia,draw_178,Female,0.0,0.01917808,134.8048,0.956656117316755
ethiopia,draw_178,Male,0.0,0.01917808,134.8048,0.9505571992411166
nigeria,draw_178,Female,0.0,0.01917808,134.8048,0.952626798368165
nigeria,draw_178,Male,0.0,0.01917808,134.8048,0.9549505520084586
pakistan,draw_178,Female,0.0,0.01917808,134.8048,0.9556347134387503
pakistan,draw_178,Male,0.0,0.01917808,134.8048,0.9551046171957985
ethiopia,draw_178,Female,0.0,0.01917808,134.91491,0.9558939426192001
ethiopia,draw_178,Male,0.0,0.01917808,134.91491,0.9497806711710955
nigeria,draw_178,Female,0.0,0.01917808,134.91491,0.9518301721075714
nigeria,draw_178,Male,0.0,0.01917808,134.91491,0.9541615266599827
pakistan,draw_178,Female,0.0,0.01917808,134.91491,0.9548537370389554
pakistan,draw_178,Male,0.0,0.01917808,134.91491,0.9542946506108995
ethiopia,draw_178,Female,0.0,0.01917808,135.02503,0.9551247154239558
ethiopia,draw_178,Male,0.0,0.01917808,135.02503,0.9489994331230959
nigeria,draw_178,Female,0.0,0.01917808,135.02503,0.9510277688739653
nigeria,draw_178,Male,0.0,0.01917808,135.02503,0.953367142598126
pakistan,draw_178,Female,0.0,0.01917808,135.02503,0.9540670622825342
pakistan,draw_178,Male,0.0,0.01917808,135.02503,0.9534796855639688
ethiopia,draw_178,Female,0.0,0.01917808,135.13514,0.9545831293791911
ethiopia,draw_178,Male,0.0,0.01917808,135.13514,0.948410547878079
nigeria,draw_178,Female,0.0,0.01917808,135.13514,0.9504408159623297
nigeria,draw_178,Male,0.0,0.01917808,135.13514,0.9527934378037938
pakistan,draw_178,Female,0.0,0.01917808,135.13514,0.9534463396786135
pakistan,draw_178,Male,0.0,0.01917808,135.13514,0.9528539581426106
ethiopia,draw_178,Female,0.0,0.01917808,135.24525,0.9543243825620897
ethiopia,draw_178,Male,0.0,0.01917808,135.24525,0.9480591138353587
nigeria,draw_178,Female,0.0,0.01917808,135.24525,0.9501212955552938
nigeria,draw_178,Male,0.0,0.01917808,135.24525,0.9524934342953258
pakistan,draw_178,Female,0.0,0.01917808,135.24525,0.9530316214239288
pakistan,draw_178,Male,0.0,0.01917808,135.24525,0.9524630933273709
ethiopia,draw_178,Female,0.0,0.01917808,135.35536,0.9540645639446577
ethiopia,draw_178,Male,0.0,0.01917808,135.35536,0.9477083592860837
nigeria,draw_178,Female,0.0,0.01917808,135.35536,0.9498009324275946
nigeria,draw_178,Male,0.0,0.01917808,135.35536,0.9521929273230274
pakistan,draw_178,Female,0.0,0.01917808,135.35536,0.9526151184515903
pakistan,draw_178,Male,0.0,0.01917808,135.35536,0.9520705274968746
ethiopia,draw_178,Female,0.0,0.01917808,135.46547,0.9538044554604241
ethiopia,draw_178,Male,0.0,0.01917808,135.46547,0.947356696458161
nigeria,draw_178,Female,0.0,0.01917808,135.46547,0.9494802843695482
nigeria,draw_178,Male,0.0,0.01917808,135.46547,0.9518921452378163
pakistan,draw_178,Female,0.0,0.01917808,135.46547,0.9521969834162277
pakistan,draw_178,Male,0.0,0.01917808,135.46547,0.9516768752066281
ethiopia,draw_178,Female,0.0,0.01917808,135.57558,0.9535444036823308
ethiopia,draw_178,Male,0.0,0.01917808,135.57558,0.947005192415835
nigeria,draw_178,Female,0.0,0.01917808,135.57558,0.9491596043090645
nigeria,draw_178,Male,0.0,0.01917808,135.57558,0.9515909637762516
pakistan,draw_178,Female,0.0,0.01917808,135.57558,0.9517768315486136
pakistan,draw_178,Male,0.0,0.01917808,135.57558,0.9512818535637256
ethiopia,draw_178,Female,0.0,0.01917808,135.68569,0.9532831772185097
ethiopia,draw_178,Male,0.0,0.01917808,135.68569,0.9466537865358647
nigeria,draw_178,Female,0.0,0.01917808,135.68569,0.948838846767745
nigeria,draw_178,Male,0.0,0.01917808,135.68569,0.9512896209503517
pakistan,draw_178,Female,0.0,0.01917808,135.68569,0.951355639531729
pakistan,draw_178,Male,0.0,0.01917808,135.68569,0.9508860581723497
ethiopia,draw_178,Female,0.0,0.01917808,135.7958,0.9530226680608642
ethiopia,draw_178,Male,0.0,0.01917808,135.7958,0.9463023872011348
nigeria,draw_178,Female,0.0,0.01917808,135.7958,0.9485179770808878
nigeria,draw_178,Male,0.0,0.01917808,135.7958,0.950988041167262
pakistan,draw_178,Female,0.0,0.01917808,135.7958,0.9509331062229938
pakistan,draw_178,Male,0.0,0.01917808,135.7958,0.9504892727207368
ethiopia,draw_178,Female,0.0,0.01917808,135.90591,0.9527618092661589
ethiopia,draw_178,Male,0.0,0.01917808,135.90591,0.9459522535164544
nigeria,draw_178,Female,0.0,0.01917808,135.90591,0.948197215653814
nigeria,draw_178,Male,0.0,0.01917808,135.90591,0.950686582583783
pakistan,draw_178,Female,0.0,0.01917808,135.90591,0.9505092109527774
pakistan,draw_178,Male,0.0,0.01917808,135.90591,0.9500923123049444
ethiopia,draw_178,Female,0.0,0.01917808,136.01602,0.9525013124722432
ethiopia,draw_178,Male,0.0,0.01917808,136.01602,0.9456022315364326
nigeria,draw_178,Female,0.0,0.01917808,136.01602,0.9478766839077936
nigeria,draw_178,Male,0.0,0.01917808,136.01602,0.9503855174529503
pakistan,draw_178,Female,0.0,0.01917808,136.01602,0.9500841568601641
pakistan,draw_178,Male,0.0,0.01917808,136.01602,0.9496941475759781
ethiopia,draw_178,Female,0.0,0.01917808,136.12613,0.9522408777083119
ethiopia,draw_178,Male,0.0,0.01917808,136.12613,0.9452528864926762
nigeria,draw_178,Female,0.0,0.01917808,136.12613,0.9475572347078549
nigeria,draw_178,Male,0.0,0.01917808,136.12613,0.9500845481871146
pakistan,draw_178,Female,0.0,0.01917808,136.12613,0.949658109775796
pakistan,draw_178,Male,0.0,0.01917808,136.12613,0.9492959751621011
ethiopia,draw_178,Female,0.0,0.01917808,136.23624,0.9519807746261741
ethiopia,draw_178,Male,0.0,0.01917808,136.23624,0.9449047625483763
nigeria,draw_178,Female,0.0,0.01917808,136.23624,0.9472376870797838
nigeria,draw_178,Male,0.0,0.01917808,136.23624,0.9497838956959118
pakistan,draw_178,Female,0.0,0.01917808,136.23624,0.9492309570384101
pakistan,draw_178,Male,0.0,0.01917808,136.23624,0.9488968745901154
ethiopia,draw_178,Female,0.0,0.01917808,136.34635,0.9517209303662864
ethiopia,draw_178,Male,0.0,0.01917808,136.34635,0.9445569327468698
nigeria,draw_178,Female,0.0,0.01917808,136.34635,0.9469190196512046
nigeria,draw_178,Male,0.0,0.01917808,136.34635,0.949483551574743
pakistan,draw_178,Female,0.0,0.01917808,136.34635,0.9488026004665656
pakistan,draw_178,Male,0.0,0.01917808,136.34635,0.9484978923744993
ethiopia,draw_178,Female,0.0,0.01917808,136.45646,0.951460864684736
ethiopia,draw_178,Male,0.0,0.01917808,136.45646,0.9442100137433405
nigeria,draw_178,Female,0.0,0.01917808,136.45646,0.9466004101155363
nigeria,draw_178,Male,0.0,0.01917808,136.45646,0.9491830032384602
pakistan,draw_178,Female,0.0,0.01917808,136.45646,0.9483735985802804
pakistan,draw_178,Male,0.0,0.01917808,136.45646,0.9480983902783822
ethiopia,draw_178,Female,0.0,0.01917808,136.56657,0.9512008698383388
ethiopia,draw_178,Male,0.0,0.01917808,136.56657,0.9438633101137186
nigeria,draw_178,Female,0.0,0.01917808,136.56657,0.9462822915038293
nigeria,draw_178,Male,0.0,0.01917808,136.56657,0.9488831213571287
pakistan,draw_178,Female,0.0,0.01917808,136.56657,0.9479433823988157
pakistan,draw_178,Male,0.0,0.01917808,136.56657,0.9476979071373614
ethiopia,draw_178,Female,0.0,0.01917808,136.67668,0.950941125243914
ethiopia,draw_178,Male,0.0,0.01917808,136.67668,0.9435180314121832
nigeria,draw_178,Female,0.0,0.01917808,136.67668,0.9459640870049654
nigeria,draw_178,Male,0.0,0.01917808,136.67668,0.9485828379679629
pakistan,draw_178,Female,0.0,0.01917808,136.67668,0.9475119068254839
pakistan,draw_178,Male,0.0,0.01917808,136.67668,0.9472970489545127
ethiopia,draw_178,Female,0.0,0.01917808,136.78679,0.9506811447313886
ethiopia,draw_178,Male,0.0,0.01917808,136.78679,0.9431728009089271
nigeria,draw_178,Female,0.0,0.01917808,136.78679,0.9456466013350644
nigeria,draw_178,Male,0.0,0.01917808,136.78679,0.9482830309133716
pakistan,draw_178,Female,0.0,0.01917808,136.78679,0.947079149171811
pakistan,draw_178,Male,0.0,0.01917808,136.78679,0.9468953937990396
ethiopia,draw_178,Female,0.0,0.01917808,136.8969,0.9504216056492351
ethiopia,draw_178,Male,0.0,0.01917808,136.8969,0.9428285578588611
nigeria,draw_178,Female,0.0,0.01917808,136.8969,0.9453295433847484
nigeria,draw_178,Male,0.0,0.01917808,136.8969,0.9479837992374234
pakistan,draw_178,Female,0.0,0.01917808,136.8969,0.9466457320711602
pakistan,draw_178,Male,0.0,0.01917808,136.8969,0.9464936562331501
ethiopia,draw_178,Female,0.0,0.01917808,137.00701,0.950162412640255
ethiopia,draw_178,Male,0.0,0.01917808,137.00701,0.9424857487858652
nigeria,draw_178,Female,0.0,0.01917808,137.00701,0.9450131600554016
nigeria,draw_178,Male,0.0,0.01917808,137.00701,0.9476844701304575
pakistan,draw_178,Female,0.0,0.01917808,137.00701,0.9462110209971888
pakistan,draw_178,Male,0.0,0.01917808,137.00701,0.9460915306489155
ethiopia,draw_178,Female,0.0,0.01917808,137.11712,0.9499031234987345
ethiopia,draw_178,Male,0.0,0.01917808,137.11712,0.9421434576349696
nigeria,draw_178,Female,0.0,0.01917808,137.11712,0.9446966843653622
nigeria,draw_178,Male,0.0,0.01917808,137.11712,0.9473856107306843
pakistan,draw_178,Female,0.0,0.01917808,137.11712,0.945775774931567
pakistan,draw_178,Male,0.0,0.01917808,137.11712,0.9456889556837995
ethiopia,draw_178,Female,0.0,0.01917808,137.22723,0.9496437513653989
ethiopia,draw_178,Male,0.0,0.01917808,137.22723,0.941801578023898
nigeria,draw_178,Female,0.0,0.01917808,137.22723,0.9443807980457853
nigeria,draw_178,Male,0.0,0.01917808,137.22723,0.9470875626336659
pakistan,draw_178,Female,0.0,0.01917808,137.22723,0.9453387505329925
pakistan,draw_178,Male,0.0,0.01917808,137.22723,0.9452858775911145
ethiopia,draw_178,Female,0.0,0.01917808,137.33734,0.9493848447917927
ethiopia,draw_178,Male,0.0,0.01917808,137.33734,0.9414601544576117
nigeria,draw_178,Female,0.0,0.01917808,137.33734,0.9440654484658771
nigeria,draw_178,Male,0.0,0.01917808,137.33734,0.9467890048010777
pakistan,draw_178,Female,0.0,0.01917808,137.33734,0.9449009358646328
pakistan,draw_178,Male,0.0,0.01917808,137.33734,0.9448822055246059
ethiopia,draw_178,Female,0.0,0.01917808,137.44745,0.9491263825512154
ethiopia,draw_178,Male,0.0,0.01917808,137.44745,0.9411193246285358
nigeria,draw_178,Female,0.0,0.01917808,137.44745,0.9437506186780781
nigeria,draw_178,Male,0.0,0.01917808,137.44745,0.9464898971423736
pakistan,draw_178,Female,0.0,0.01917808,137.44745,0.94446173322195
pakistan,draw_178,Male,0.0,0.01917808,137.44745,0.9444776797300555
ethiopia,draw_178,Female,0.0,0.01917808,137.55756,0.9488671918692874
ethiopia,draw_178,Male,0.0,0.01917808,137.55756,0.9407798924114108
nigeria,draw_178,Female,0.0,0.01917808,137.55756,0.9434359433743389
nigeria,draw_178,Male,0.0,0.01917808,137.55756,0.9461918650878933
pakistan,draw_178,Female,0.0,0.01917808,137.55756,0.9440212904909137
pakistan,draw_178,Male,0.0,0.01917808,137.55756,0.9440728766340919
ethiopia,draw_178,Female,0.0,0.01917808,137.66767,0.9486090266940373
ethiopia,draw_178,Male,0.0,0.01917808,137.66767,0.9404412437440548
nigeria,draw_178,Female,0.0,0.01917808,137.66767,0.9431224670661066
nigeria,draw_178,Male,0.0,0.01917808,137.66767,0.9458942667106189
pakistan,draw_178,Female,0.0,0.01917808,137.66767,0.943580590543129
pakistan,draw_178,Male,0.0,0.01917808,137.66767,0.943667860377457
ethiopia,draw_178,Female,0.0,0.01917808,137.77778,0.9483505980752933
ethiopia,draw_178,Male,0.0,0.01917808,137.77778,0.9401037302652069
nigeria,draw_178,Female,0.0,0.01917808,137.77778,0.9428089830386752
nigeria,draw_178,Male,0.0,0.01917808,137.77778,0.9455969105881252
pakistan,draw_178,Female,0.0,0.01917808,137.77778,0.9431385650775448
pakistan,draw_178,Male,0.0,0.01917808,137.77778,0.9432625212296907
ethiopia,draw_178,Female,0.0,0.01917808,137.88789,0.9480929162469003
ethiopia,draw_178,Male,0.0,0.01917808,137.88789,0.9397663161044917
nigeria,draw_178,Female,0.0,0.01917808,137.88789,0.9424959061094029
nigeria,draw_178,Male,0.0,0.01917808,137.88789,0.9452995102243139
pakistan,draw_178,Female,0.0,0.01917808,137.88789,0.9426956788129855
pakistan,draw_178,Male,0.0,0.01917808,137.88789,0.9428568824822778
ethiopia,draw_178,Female,0.0,0.01917808,137.998,0.9478344361177978
ethiopia,draw_178,Male,0.0,0.01917808,137.998,0.9394297801510645
nigeria,draw_178,Female,0.0,0.01917808,137.998,0.9421833140485647
nigeria,draw_178,Male,0.0,0.01917808,137.998,0.9450026681262615
pakistan,draw_178,Female,0.0,0.01917808,137.998,0.9422511799187034
pakistan,draw_178,Male,0.0,0.01917808,137.998,0.942450103643236
ethiopia,draw_178,Female,0.0,0.01917808,138.10811,0.9475766614352318
ethiopia,draw_178,Male,0.0,0.01917808,138.10811,0.9390941862146673
nigeria,draw_178,Female,0.0,0.01917808,138.10811,0.9418711037289937
nigeria,draw_178,Male,0.0,0.01917808,138.10811,0.9447054214344857
pakistan,draw_178,Female,0.0,0.01917808,138.10811,0.9418058328036412
pakistan,draw_178,Male,0.0,0.01917808,138.10811,0.9420433388818841
ethiopia,draw_178,Female,0.0,0.01917808,138.21822,0.9473186744585436
ethiopia,draw_178,Male,0.0,0.01917808,138.21822,0.9387589560589729
nigeria,draw_178,Female,0.0,0.01917808,138.21822,0.9415593467353417
nigeria,draw_178,Male,0.0,0.01917808,138.21822,0.9444089044700836
pakistan,draw_178,Female,0.0,0.01917808,138.21822,0.9413590708190464
pakistan,draw_178,Male,0.0,0.01917808,138.21822,0.941636137107567
ethiopia,draw_178,Female,0.0,0.01917808,138.32833,0.9470615460903055
ethiopia,draw_178,Male,0.0,0.01917808,138.32833,0.93842498739183
nigeria,draw_178,Female,0.0,0.01917808,138.32833,0.9412478251592059
nigeria,draw_178,Male,0.0,0.01917808,138.32833,0.9441127517901123
pakistan,draw_178,Female,0.0,0.01917808,138.32833,0.9409118327150068
pakistan,draw_178,Male,0.0,0.01917808,138.32833,0.9412282933051526
ethiopia,draw_178,Female,0.0,0.01917808,138.43844,0.9468041380380705
ethiopia,draw_178,Male,0.0,0.01917808,138.43844,0.9380919987215648
nigeria,draw_178,Female,0.0,0.01917808,138.43844,0.9409371066656979
nigeria,draw_178,Male,0.0,0.01917808,138.43844,0.9438166291454472
pakistan,draw_178,Female,0.0,0.01917808,138.43844,0.9404631245435734
pakistan,draw_178,Male,0.0,0.01917808,138.43844,0.9408203314094873
ethiopia,draw_178,Female,0.0,0.01917808,138.54855,0.9465467038651769
ethiopia,draw_178,Male,0.0,0.01917808,138.54855,0.9377598218207979
nigeria,draw_178,Female,0.0,0.01917808,138.54855,0.9406276321810471
nigeria,draw_178,Male,0.0,0.01917808,138.54855,0.9435213185794918
pakistan,draw_178,Female,0.0,0.01917808,138.54855,0.9400137544513569
pakistan,draw_178,Male,0.0,0.01917808,138.54855,0.9404122528146337
ethiopia,draw_178,Female,0.0,0.01917808,138.65866,0.9462900843462673
ethiopia,draw_178,Male,0.0,0.01917808,138.65866,0.937428031874692
nigeria,draw_178,Female,0.0,0.01917808,138.65866,0.940317984986795
nigeria,draw_178,Male,0.0,0.01917808,138.65866,0.9432261116744632
pakistan,draw_178,Female,0.0,0.01917808,138.65866,0.9395633866465928
pakistan,draw_178,Male,0.0,0.01917808,138.65866,0.9400031688658137
ethiopia,draw_178,Female,0.0,0.01917808,138.76877,0.9460329523813906
ethiopia,draw_178,Male,0.0,0.01917808,138.76877,0.9370975447517255
nigeria,draw_178,Female,0.0,0.01917808,138.76877,0.9400086104858857
nigeria,draw_178,Male,0.0,0.01917808,138.76877,0.9429310842930583
pakistan,draw_178,Female,0.0,0.01917808,138.76877,0.9391118862071328
pakistan,draw_178,Male,0.0,0.01917808,138.76877,0.9395934701594231
ethiopia,draw_178,Female,0.0,0.01917808,138.87888,0.9457765292008923
ethiopia,draw_178,Male,0.0,0.01917808,138.87888,0.9367671118707106
nigeria,draw_178,Female,0.0,0.01917808,138.87888,0.9396998168724985
nigeria,draw_178,Male,0.0,0.01917808,138.87888,0.9426360279805086
pakistan,draw_178,Female,0.0,0.01917808,138.87888,0.9386587849391762
pakistan,draw_178,Male,0.0,0.01917808,138.87888,0.9391833275528297
ethiopia,draw_178,Female,0.0,0.01917808,138.98899,0.9455195145325612
ethiopia,draw_178,Male,0.0,0.01917808,138.98899,0.9364382306018956
nigeria,draw_178,Female,0.0,0.01917808,138.98899,0.939391758271882
nigeria,draw_178,Male,0.0,0.01917808,138.98899,0.9423411356858319
pakistan,draw_178,Female,0.0,0.01917808,138.98899,0.9382046697328622
pakistan,draw_178,Male,0.0,0.01917808,138.98899,0.9387731855863272
ethiopia,draw_178,Female,0.0,0.01917808,139.0991,0.9452634094019373
ethiopia,draw_178,Male,0.0,0.01917808,139.0991,0.9361100881379135
nigeria,draw_178,Female,0.0,0.01917808,139.0991,0.9390842656339092
nigeria,draw_178,Male,0.0,0.01917808,139.0991,0.9420468188379013
pakistan,draw_178,Female,0.0,0.01917808,139.0991,0.9377500962185896
pakistan,draw_178,Male,0.0,0.01917808,139.0991,0.9383623988320147
ethiopia,draw_178,Female,0.0,0.01917808,139.20921,0.9450076268644108
ethiopia,draw_178,Male,0.0,0.01917808,139.20921,0.9357825717062002
nigeria,draw_178,Female,0.0,0.01917808,139.20921,0.9387769177361639
nigeria,draw_178,Male,0.0,0.01917808,139.20921,0.9417533471871504
pakistan,draw_178,Female,0.0,0.01917808,139.20921,0.9372942185934577
pakistan,draw_178,Male,0.0,0.01917808,139.20921,0.9379516325621663
ethiopia,draw_178,Female,0.0,0.01917808,139.31932,0.9447519254795362
ethiopia,draw_178,Male,0.0,0.01917808,139.31932,0.9354561545971922
nigeria,draw_178,Female,0.0,0.01917808,139.31932,0.9384709069341894
nigeria,draw_178,Male,0.0,0.01917808,139.31932,0.9414599155097331
pakistan,draw_178,Female,0.0,0.01917808,139.31932,0.9368372780276429
pakistan,draw_178,Male,0.0,0.01917808,139.31932,0.937540140317556
ethiopia,draw_178,Female,0.0,0.01917808,139.42943,0.9444959443405914
ethiopia,draw_178,Male,0.0,0.01917808,139.42943,0.9351301558371206
nigeria,draw_178,Female,0.0,0.01917808,139.42943,0.9381647543753733
nigeria,draw_178,Male,0.0,0.01917808,139.42943,0.94116668522076
pakistan,draw_178,Female,0.0,0.01917808,139.42943,0.9363793406443994
pakistan,draw_178,Male,0.0,0.01917808,139.42943,0.9371286074462958
ethiopia,draw_178,Female,0.0,0.01917808,139.53954,0.9442406459754883
ethiopia,draw_178,Male,0.0,0.01917808,139.53954,0.9348055039630285
nigeria,draw_178,Female,0.0,0.01917808,139.53954,0.9378586327551919
nigeria,draw_178,Male,0.0,0.01917808,139.53954,0.9408733832437026
pakistan,draw_178,Female,0.0,0.01917808,139.53954,0.9359200923619891
pakistan,draw_178,Male,0.0,0.01917808,139.53954,0.9367156007000462
ethiopia,draw_178,Female,0.0,0.01917808,139.64965,0.9439853934884561
ethiopia,draw_178,Male,0.0,0.01917808,139.64965,0.9344812293731438
nigeria,draw_178,Female,0.0,0.01917808,139.64965,0.93755401664033
nigeria,draw_178,Male,0.0,0.01917808,139.64965,0.94058096674009
pakistan,draw_178,Female,0.0,0.01917808,139.64965,0.9354597317162795
pakistan,draw_178,Male,0.0,0.01917808,139.64965,0.9363025212081738
ethiopia,draw_178,Female,0.0,0.01917808,139.75976,0.9437303594601144
ethiopia,draw_178,Male,0.0,0.01917808,139.75976,0.9341580470733559
nigeria,draw_178,Female,0.0,0.01917808,139.75976,0.9372492797687454
nigeria,draw_178,Male,0.0,0.01917808,139.75976,0.9402886128481607
pakistan,draw_178,Female,0.0,0.01917808,139.75976,0.9349985255666948
pakistan,draw_178,Male,0.0,0.01917808,139.75976,0.9358898716545653
ethiopia,draw_178,Female,0.0,0.01917808,139.86987,0.943475292127797
ethiopia,draw_178,Male,0.0,0.01917808,139.86987,0.933836187326326
nigeria,draw_178,Female,0.0,0.01917808,139.86987,0.936945516992736
nigeria,draw_178,Male,0.0,0.01917808,139.86987,0.9399971554422931
pakistan,draw_178,Female,0.0,0.01917808,139.86987,0.9345371304149077
pakistan,draw_178,Male,0.0,0.01917808,139.86987,0.9354765657569949
ethiopia,draw_178,Female,0.0,0.01917808,139.97998,0.9432209674847645
ethiopia,draw_178,Male,0.0,0.01917808,139.97998,0.9335147373585748
nigeria,draw_178,Female,0.0,0.01917808,139.97998,0.9366424594957943
nigeria,draw_178,Male,0.0,0.01917808,139.97998,0.9397054141982788
pakistan,draw_178,Female,0.0,0.01917808,139.97998,0.9340736104684078
pakistan,draw_178,Male,0.0,0.01917808,139.97998,0.93506321281677
ethiopia,draw_178,Female,0.0,0.01917808,140.09009,0.9429664243763817
ethiopia,draw_178,Male,0.0,0.01917808,140.09009,0.9331944367378945
nigeria,draw_178,Female,0.0,0.01917808,140.09009,0.936339795673924
nigeria,draw_178,Male,0.0,0.01917808,140.09009,0.9394144040958777
pakistan,draw_178,Female,0.0,0.01917808,140.09009,0.9336098743581849
pakistan,draw_178,Male,0.0,0.01917808,140.09009,0.9346488190590212
ethiopia,draw_178,Female,0.0,0.01917808,140.2002,0.9427124581531582
ethiopia,draw_178,Male,0.0,0.01917808,140.2002,0.9328751204527157
nigeria,draw_178,Female,0.0,0.01917808,140.2002,0.9360370390862012
nigeria,draw_178,Male,0.0,0.01917808,140.2002,0.9391236749862892
pakistan,draw_178,Female,0.0,0.01917808,140.2002,0.9331449337246677
pakistan,draw_178,Male,0.0,0.01917808,140.2002,0.9342340669269872
ethiopia,draw_178,Female,0.0,0.01917808,140.31031,0.9424584191850849
ethiopia,draw_178,Male,0.0,0.01917808,140.31031,0.9325558596624484
nigeria,draw_178,Female,0.0,0.01917808,140.31031,0.9357356057625646
nigeria,draw_178,Male,0.0,0.01917808,140.31031,0.9388331539700746
pakistan,draw_178,Female,0.0,0.01917808,140.31031,0.9326785389504899
pakistan,draw_178,Male,0.0,0.01917808,140.31031,0.9338185982159837
ethiopia,draw_178,Female,0.0,0.01917808,140.42042,0.9422044224498349
ethiopia,draw_178,Male,0.0,0.01917808,140.42042,0.9322381646538707
nigeria,draw_178,Female,0.0,0.01917808,140.42042,0.9354338373464502
nigeria,draw_178,Male,0.0,0.01917808,140.42042,0.9385427263019271
pakistan,draw_178,Female,0.0,0.01917808,140.42042,0.9322107244729286
pakistan,draw_178,Male,0.0,0.01917808,140.42042,0.9334028532747809
ethiopia,draw_178,Female,0.0,0.01917808,140.53053,0.9419508867762038
ethiopia,draw_178,Male,0.0,0.01917808,140.53053,0.9319211675848911
nigeria,draw_178,Female,0.0,0.01917808,140.53053,0.9351333050722306
nigeria,draw_178,Male,0.0,0.01917808,140.53053,0.9382534166417157
pakistan,draw_178,Female,0.0,0.01917808,140.53053,0.9317427105494862
pakistan,draw_178,Male,0.0,0.01917808,140.53053,0.9329874924441555
ethiopia,draw_178,Female,0.0,0.01917808,140.64064,0.9416978202311138
ethiopia,draw_178,Male,0.0,0.01917808,140.64064,0.9316051741272146
nigeria,draw_178,Female,0.0,0.01917808,140.64064,0.9348332091449219
nigeria,draw_178,Male,0.0,0.01917808,140.64064,0.9379640677717759
pakistan,draw_178,Female,0.0,0.01917808,140.64064,0.9312738017120568
pakistan,draw_178,Male,0.0,0.01917808,140.64064,0.9325711530700049
ethiopia,draw_178,Female,0.0,0.01917808,140.75075,0.9414450918418099
ethiopia,draw_178,Male,0.0,0.01917808,140.75075,0.9312901666012909
nigeria,draw_178,Female,0.0,0.01917808,140.75075,0.9345336850322874
nigeria,draw_178,Male,0.0,0.01917808,140.75075,0.9376753864803103
pakistan,draw_178,Female,0.0,0.01917808,140.75075,0.9308038106530497
pakistan,draw_178,Male,0.0,0.01917808,140.75075,0.93215472829862
ethiopia,draw_178,Female,0.0,0.01917808,140.86086,0.9411925111230542
ethiopia,draw_178,Male,0.0,0.01917808,140.86086,0.930976214732041
nigeria,draw_178,Female,0.0,0.01917808,140.86086,0.9342354744704736
nigeria,draw_178,Male,0.0,0.01917808,140.86086,0.9373873231576961
pakistan,draw_178,Female,0.0,0.01917808,140.86086,0.9303323693479147
pakistan,draw_178,Male,0.0,0.01917808,140.86086,0.9317380202298398
ethiopia,draw_178,Female,0.0,0.01917808,140.97097,0.9409396924447869
ethiopia,draw_178,Male,0.0,0.01917808,140.97097,0.930663126324877
nigeria,draw_178,Female,0.0,0.01917808,140.97097,0.9339363713816028
nigeria,draw_178,Male,0.0,0.01917808,140.97097,0.9370986583236008
pakistan,draw_178,Female,0.0,0.01917808,140.97097,0.9298605454065646
pakistan,draw_178,Male,0.0,0.01917808,140.97097,0.9313206290451618
ethiopia,draw_178,Female,0.0,0.01917808,141.08108,0.9406870092680811
ethiopia,draw_178,Male,0.0,0.01917808,141.08108,0.9303496489871168
nigeria,draw_178,Female,0.0,0.01917808,141.08108,0.9336375213153981
nigeria,draw_178,Male,0.0,0.01917808,141.08108,0.9368103690206091
pakistan,draw_178,Female,0.0,0.01917808,141.08108,0.9293863785751699
pakistan,draw_178,Male,0.0,0.01917808,141.08108,0.9309020396249287
ethiopia,draw_178,Female,0.0,0.01917808,141.19119,0.9404263908673205
ethiopia,draw_178,Male,0.0,0.01917808,141.19119,0.9300301197993731
nigeria,draw_178,Female,0.0,0.01917808,141.19119,0.9333322521122807
nigeria,draw_178,Male,0.0,0.01917808,141.19119,0.9365145561076891
pakistan,draw_178,Female,0.0,0.01917808,141.19119,0.9289035418397742
pakistan,draw_178,Male,0.0,0.01917808,141.19119,0.9304754231433043
ethiopia,draw_178,Female,0.0,0.01917808,141.3013,0.9401665293866099
ethiopia,draw_178,Male,0.0,0.01917808,141.3013,0.9297114857757155
nigeria,draw_178,Female,0.0,0.01917808,141.3013,0.9330273881475604
nigeria,draw_178,Male,0.0,0.01917808,141.3013,0.9362196642145558
pakistan,draw_178,Female,0.0,0.01917808,141.3013,0.9284204513264765
pakistan,draw_178,Male,0.0,0.01917808,141.3013,0.9300489692882299
ethiopia,draw_178,Female,0.0,0.01917808,141.41141,0.9399067842201707
ethiopia,draw_178,Male,0.0,0.01917808,141.41141,0.9293938654039452
nigeria,draw_178,Female,0.0,0.01917808,141.41141,0.9327232688799517
nigeria,draw_178,Male,0.0,0.01917808,141.41141,0.935925521846875
pakistan,draw_178,Female,0.0,0.01917808,141.41141,0.9279361179352704
pakistan,draw_178,Male,0.0,0.01917808,141.41141,0.9296221030660129
ethiopia,draw_178,Female,0.0,0.01917808,141.52152,0.939647818851719
ethiopia,draw_178,Male,0.0,0.01917808,141.52152,0.9290771877861802
nigeria,draw_178,Female,0.0,0.01917808,141.52152,0.9324197873755603
nigeria,draw_178,Male,0.0,0.01917808,141.52152,0.9356312016883922
pakistan,draw_178,Female,0.0,0.01917808,141.52152,0.9274507416856156
pakistan,draw_178,Male,0.0,0.01917808,141.52152,0.9291948661927143
ethiopia,draw_178,Female,0.0,0.01917808,141.63163,0.9393881488800019
ethiopia,draw_178,Male,0.0,0.01917808,141.63163,0.9287612745869682
nigeria,draw_178,Female,0.0,0.01917808,141.63163,0.9321165640872441
nigeria,draw_178,Male,0.0,0.01917808,141.63163,0.9353373100421966
pakistan,draw_178,Female,0.0,0.01917808,141.63163,0.926964472093615
pakistan,draw_178,Male,0.0,0.01917808,141.63163,0.9287671499318055
ethiopia,draw_178,Female,0.0,0.01917808,141.74174,0.939129196171343
ethiopia,draw_178,Male,0.0,0.01917808,141.74174,0.9284462470192791
nigeria,draw_178,Female,0.0,0.01917808,141.74174,0.9318138063754016
nigeria,draw_178,Male,0.0,0.01917808,141.74174,0.9350434997191108
pakistan,draw_178,Female,0.0,0.01917808,141.74174,0.9264766240026001
pakistan,draw_178,Male,0.0,0.01917808,141.74174,0.9283399258100928
ethiopia,draw_178,Female,0.0,0.01917808,141.85185,0.9388706381562845
ethiopia,draw_178,Male,0.0,0.01917808,141.85185,0.9281321105934518
nigeria,draw_178,Female,0.0,0.01917808,141.85185,0.9315125307307345
nigeria,draw_178,Male,0.0,0.01917808,141.85185,0.9347506148404762
pakistan,draw_178,Female,0.0,0.01917808,141.85185,0.9259879728955217
pakistan,draw_178,Male,0.0,0.01917808,141.85185,0.9279113303069085
ethiopia,draw_178,Female,0.0,0.01917808,141.96196,0.9386124198238921
ethiopia,draw_178,Male,0.0,0.01917808,141.96196,0.9278191945380561
nigeria,draw_178,Female,0.0,0.01917808,141.96196,0.9312105346391008
nigeria,draw_178,Male,0.0,0.01917808,141.96196,0.9344578450024864
pakistan,draw_178,Female,0.0,0.01917808,141.96196,0.9254982668508133
pakistan,draw_178,Male,0.0,0.01917808,141.96196,0.9274826149527376
ethiopia,draw_178,Female,0.0,0.01917808,142.07207,0.9383542484285957
ethiopia,draw_178,Male,0.0,0.01917808,142.07207,0.9275072786222113
nigeria,draw_178,Female,0.0,0.01917808,142.07207,0.9309103501697533
nigeria,draw_178,Male,0.0,0.01917808,142.07207,0.9341658576194674
pakistan,draw_178,Female,0.0,0.01917808,142.07207,0.9250081938108298
pakistan,draw_178,Male,0.0,0.01917808,142.07207,0.9270537218132597
ethiopia,draw_178,Female,0.0,0.01917808,142.18218,0.9380964065142287
ethiopia,draw_178,Male,0.0,0.01917808,142.18218,0.9271960568880002
nigeria,draw_178,Female,0.0,0.01917808,142.18218,0.9306106003779837
nigeria,draw_178,Male,0.0,0.01917808,142.18218,0.9338742448529859
pakistan,draw_178,Female,0.0,0.01917808,142.18218,0.9245170870347613
pakistan,draw_178,Male,0.0,0.01917808,142.18218,0.9266252171705368
ethiopia,draw_178,Female,0.0,0.01917808,142.29229,0.9378389633748305
ethiopia,draw_178,Male,0.0,0.01917808,142.29229,0.9268865556646309
nigeria,draw_178,Female,0.0,0.01917808,142.29229,0.93031138716131
nigeria,draw_178,Male,0.0,0.01917808,142.29229,0.933583121033746
pakistan,draw_178,Female,0.0,0.01917808,142.29229,0.9240248752244359
pakistan,draw_178,Male,0.0,0.01917808,142.29229,0.9261957139056824
ethiopia,draw_178,Female,0.0,0.01917808,142.4024,0.9375815593185544
ethiopia,draw_178,Male,0.0,0.01917808,142.4024,0.9265767024811933
nigeria,draw_178,Female,0.0,0.01917808,142.4024,0.9300124974851224
nigeria,draw_178,Male,0.0,0.01917808,142.4024,0.9332922545848236
pakistan,draw_178,Female,0.0,0.01917808,142.4024,0.9235316831525358
pakistan,draw_178,Male,0.0,0.01917808,142.4024,0.925765607043153
ethiopia,draw_178,Female,0.0,0.01917808,142.51251,0.9373249651649418
ethiopia,draw_178,Male,0.0,0.01917808,142.51251,0.9262686279817516
nigeria,draw_178,Female,0.0,0.01917808,142.51251,0.9297141879330391
nigeria,draw_178,Male,0.0,0.01917808,142.51251,0.9330013640082871
pakistan,draw_178,Female,0.0,0.01917808,142.51251,0.9230369143800178
pakistan,draw_178,Male,0.0,0.01917808,142.51251,0.9253357682295719
ethiopia,draw_178,Female,0.0,0.01917808,142.62262,0.9370676224478038
ethiopia,draw_178,Male,0.0,0.01917808,142.62262,0.9259608022353986
nigeria,draw_178,Female,0.0,0.01917808,142.62262,0.9294164700998413
nigeria,draw_178,Male,0.0,0.01917808,142.62262,0.9327114662873027
pakistan,draw_178,Female,0.0,0.01917808,142.62262,0.922542155458396
pakistan,draw_178,Male,0.0,0.01917808,142.62262,0.9249053262532939
ethiopia,draw_178,Female,0.0,0.01917808,142.73273,0.9368118325547145
ethiopia,draw_178,Male,0.0,0.01917808,142.73273,0.9256555134449381
nigeria,draw_178,Female,0.0,0.01917808,142.73273,0.9291203173711816
nigeria,draw_178,Male,0.0,0.01917808,142.73273,0.932422422949945
pakistan,draw_178,Female,0.0,0.01917808,142.73273,0.9220465870611787
pakistan,draw_178,Male,0.0,0.01917808,142.73273,0.9244747699151287
ethiopia,draw_178,Female,0.0,0.01917808,142.84284,0.9365554407114319
ethiopia,draw_178,Male,0.0,0.01917808,142.84284,0.9253501108266977
nigeria,draw_178,Female,0.0,0.01917808,142.84284,0.928824190265244
nigeria,draw_178,Male,0.0,0.01917808,142.84284,0.932133259453135
pakistan,draw_178,Female,0.0,0.01917808,142.84284,0.9215496816557286
pakistan,draw_178,Male,0.0,0.01917808,142.84284,0.9240442138170255
ethiopia,draw_178,Female,0.0,0.01917808,142.95295,0.9363000764342174
ethiopia,draw_178,Male,0.0,0.01917808,142.95295,0.9250456854176851
nigeria,draw_178,Female,0.0,0.01917808,142.95295,0.9285286661132279
nigeria,draw_178,Male,0.0,0.01917808,142.95295,0.9318452477854836
pakistan,draw_178,Female,0.0,0.01917808,142.95295,0.9210524328720148
pakistan,draw_178,Male,0.0,0.01917808,142.95295,0.9236136627820576
ethiopia,draw_178,Female,0.0,0.01917808,143.06306,0.9360444857140366
ethiopia,draw_178,Male,0.0,0.01917808,143.06306,0.9247424558516047
nigeria,draw_178,Female,0.0,0.01917808,143.06306,0.9282336246976244
nigeria,draw_178,Male,0.0,0.01917808,143.06306,0.931556984164731
pakistan,draw_178,Female,0.0,0.01917808,143.06306,0.920553759051719
pakistan,draw_178,Male,0.0,0.01917808,143.06306,0.9231822174569883
ethiopia,draw_178,Female,0.0,0.01917808,143.17317,0.9357890019337887
ethiopia,draw_178,Male,0.0,0.01917808,143.17317,0.9244403877867823
nigeria,draw_178,Female,0.0,0.01917808,143.17317,0.9279393632539864
nigeria,draw_178,Male,0.0,0.01917808,143.17317,0.9312693985947899
pakistan,draw_178,Female,0.0,0.01917808,143.17317,0.9200536526204045
pakistan,draw_178,Male,0.0,0.01917808,143.17317,0.9227509229888633
ethiopia,draw_178,Female,0.0,0.01917808,143.28328,0.9355339390956098
ethiopia,draw_178,Male,0.0,0.01917808,143.28328,0.92413869852243
nigeria,draw_178,Female,0.0,0.01917808,143.28328,0.9276458545852921
nigeria,draw_178,Male,0.0,0.01917808,143.28328,0.9309820001987644
pakistan,draw_178,Female,0.0,0.01917808,143.28328,0.9195529654522323
pakistan,draw_178,Male,0.0,0.01917808,143.28328,0.9223188944177796
ethiopia,draw_178,Female,0.0,0.01917808,143.39339,0.9352796421092874
ethiopia,draw_178,Male,0.0,0.01917808,143.39339,0.9238386531669589
nigeria,draw_178,Female,0.0,0.01917808,143.39339,0.9273525152440433
nigeria,draw_178,Male,0.0,0.01917808,143.39339,0.9306950146554297
pakistan,draw_178,Female,0.0,0.01917808,143.39339,0.9190516617738195
pakistan,draw_178,Male,0.0,0.01917808,143.39339,0.9218868514484613
ethiopia,draw_178,Female,0.0,0.01917808,143.5035,0.9350256871175506
ethiopia,draw_178,Male,0.0,0.01917808,143.5035,0.923539465197612
nigeria,draw_178,Female,0.0,0.01917808,143.5035,0.9270608168875137
nigeria,draw_178,Male,0.0,0.01917808,143.5035,0.9304096035974827
pakistan,draw_178,Female,0.0,0.01917808,143.5035,0.9185493807859639
pakistan,draw_178,Male,0.0,0.01917808,143.5035,0.9214548797628478
ethiopia,draw_178,Female,0.0,0.01917808,143.61361,0.9347717820902652
ethiopia,draw_178,Male,0.0,0.01917808,143.61361,0.9232414583964451
nigeria,draw_178,Female,0.0,0.01917808,143.61361,0.9267690617927988
nigeria,draw_178,Male,0.0,0.01917808,143.61361,0.9301241466948266
pakistan,draw_178,Female,0.0,0.01917808,143.61361,0.9180462051412832
pakistan,draw_178,Male,0.0,0.01917808,143.61361,0.9210227449607631
ethiopia,draw_178,Female,0.0,0.01917808,143.72372,0.934518490889286
ethiopia,draw_178,Male,0.0,0.01917808,143.72372,0.92294506508158
nigeria,draw_178,Female,0.0,0.01917808,143.72372,0.9264783606972713
nigeria,draw_178,Male,0.0,0.01917808,143.72372,0.9298384442878476
pakistan,draw_178,Female,0.0,0.01917808,143.72372,0.917542314175784
pakistan,draw_178,Male,0.0,0.01917808,143.72372,0.9205904678370564
ethiopia,draw_178,Female,0.0,0.01917808,143.83383,0.9342650216204028
ethiopia,draw_178,Male,0.0,0.01917808,143.83383,0.9226488862954614
nigeria,draw_178,Female,0.0,0.01917808,143.83383,0.926188051416818
nigeria,draw_178,Male,0.0,0.01917808,143.83383,0.9295540780834219
pakistan,draw_178,Female,0.0,0.01917808,143.83383,0.9170369890324637
pakistan,draw_178,Male,0.0,0.01917808,143.83383,0.920157696126597
ethiopia,draw_178,Female,0.0,0.01917808,143.94394,0.934012059094552
ethiopia,draw_178,Male,0.0,0.01917808,143.94394,0.9223532570253069
nigeria,draw_178,Female,0.0,0.01917808,143.94394,0.925898785347119
nigeria,draw_178,Male,0.0,0.01917808,143.94394,0.9292693840768859
pakistan,draw_178,Female,0.0,0.01917808,143.94394,0.9165309721885035
pakistan,draw_178,Male,0.0,0.01917808,143.94394,0.9197247960618053
ethiopia,draw_178,Female,0.0,0.01917808,144.05405,0.9337592488487122
ethiopia,draw_178,Male,0.0,0.01917808,144.05405,0.922059385015444
nigeria,draw_178,Female,0.0,0.01917808,144.05405,0.9256098817921622
nigeria,draw_178,Male,0.0,0.01917808,144.05405,0.9289860137190645
pakistan,draw_178,Female,0.0,0.01917808,144.05405,0.9160241197693981
pakistan,draw_178,Male,0.0,0.01917808,144.05405,0.9192912086519417
ethiopia,draw_178,Female,0.0,0.01917808,144.16416,0.9335070693740647
ethiopia,draw_178,Male,0.0,0.01917808,144.16416,0.9217670609878268
nigeria,draw_178,Female,0.0,0.01917808,144.16416,0.9253219528218242
nigeria,draw_178,Male,0.0,0.01917808,144.16416,0.9287027329929969
pakistan,draw_178,Female,0.0,0.01917808,144.16416,0.9155169644418948
pakistan,draw_178,Male,0.0,0.01917808,144.16416,0.9188582267249416
ethiopia,draw_178,Female,0.0,0.01917808,144.27427,0.9332553681338551
ethiopia,draw_178,Male,0.0,0.01917808,144.27427,0.9214749382325895
nigeria,draw_178,Female,0.0,0.01917808,144.27427,0.9250347464048501
nigeria,draw_178,Male,0.0,0.01917808,144.27427,0.928420329053681
pakistan,draw_178,Female,0.0,0.01917808,144.27427,0.9150083549677821
pakistan,draw_178,Male,0.0,0.01917808,144.27427,0.9184248755296434
ethiopia,draw_178,Female,0.0,0.01917808,144.38438,0.9330040863059493
ethiopia,draw_178,Male,0.0,0.01917808,144.38438,0.9211847105804902
nigeria,draw_178,Female,0.0,0.01917808,144.38438,0.9247481705363702
nigeria,draw_178,Male,0.0,0.01917808,144.38438,0.9281379460582951
pakistan,draw_178,Female,0.0,0.01917808,144.38438,0.9144997623663741
pakistan,draw_178,Male,0.0,0.01917808,144.38438,0.917991367197948
ethiopia,draw_178,Female,0.0,0.01917808,144.49449,0.9327530598127349
ethiopia,draw_178,Male,0.0,0.01917808,144.49449,0.9208949357311543
nigeria,draw_178,Female,0.0,0.01917808,144.49449,0.9244621432780078
nigeria,draw_178,Male,0.0,0.01917808,144.49449,0.9278565400479645
pakistan,draw_178,Female,0.0,0.01917808,144.49449,0.9139897777266363
pakistan,draw_178,Male,0.0,0.01917808,144.49449,0.9175576741633087
ethiopia,draw_178,Female,0.0,0.01917808,144.6046,0.9325021410536656
ethiopia,draw_178,Male,0.0,0.01917808,144.6046,0.9206069438738671
nigeria,draw_178,Female,0.0,0.01917808,144.6046,0.9241766555473153
nigeria,draw_178,Male,0.0,0.01917808,144.6046,0.9275755987828896
pakistan,draw_178,Female,0.0,0.01917808,144.6046,0.9134789031498288
pakistan,draw_178,Male,0.0,0.01917808,144.6046,0.9171234174828793
ethiopia,draw_178,Female,0.0,0.01917808,144.71471,0.9322520298118671
ethiopia,draw_178,Male,0.0,0.01917808,144.71471,0.9203187298340662
nigeria,draw_178,Female,0.0,0.01917808,144.71471,0.9238917504107774
nigeria,draw_178,Male,0.0,0.01917808,144.71471,0.9272949400483895
pakistan,draw_178,Female,0.0,0.01917808,144.71471,0.9129672097865218
pakistan,draw_178,Male,0.0,0.01917808,144.71471,0.9166889973800568
ethiopia,draw_178,Female,0.0,0.01917808,144.82482,0.9320018072699658
ethiopia,draw_178,Male,0.0,0.01917808,144.82482,0.9200321950396706
nigeria,draw_178,Female,0.0,0.01917808,144.82482,0.9236075793002139
nigeria,draw_178,Male,0.0,0.01917808,144.82482,0.9270147137535536
pakistan,draw_178,Female,0.0,0.01917808,144.82482,0.9124549450042179
pakistan,draw_178,Male,0.0,0.01917808,144.82482,0.9162543724036701
ethiopia,draw_178,Female,0.0,0.01917808,144.93493,0.9317523349956138
ethiopia,draw_178,Male,0.0,0.01917808,144.93493,0.9197468420781333
nigeria,draw_178,Female,0.0,0.01917808,144.93493,0.9233253791492282
nigeria,draw_178,Male,0.0,0.01917808,144.93493,0.9267356421971183
pakistan,draw_178,Female,0.0,0.01917808,144.93493,0.9119417041750149
pakistan,draw_178,Male,0.0,0.01917808,144.93493,0.9158206430711148
ethiopia,draw_178,Female,0.0,0.01917808,145.04505,0.9315031653750565
ethiopia,draw_178,Male,0.0,0.01917808,145.04505,0.9194626689281017
nigeria,draw_178,Female,0.0,0.01917808,145.04505,0.9230430559915658
nigeria,draw_178,Male,0.0,0.01917808,145.04505,0.9264566956039765
pakistan,draw_178,Female,0.0,0.01917808,145.04505,0.9114282431507498
pakistan,draw_178,Male,0.0,0.01917808,145.04505,0.9153855825754761
ethiopia,draw_178,Female,0.0,0.01917808,145.15516,0.9312546182684609
ethiopia,draw_178,Male,0.0,0.01917808,145.15516,0.9191800367877168
nigeria,draw_178,Female,0.0,0.01917808,145.15516,0.9227614326120559
nigeria,draw_178,Male,0.0,0.01917808,145.15516,0.9261784231024582
pakistan,draw_178,Female,0.0,0.01917808,145.15516,0.9109134370505491
pakistan,draw_178,Male,0.0,0.01917808,145.15516,0.9149513889096563
ethiopia,draw_178,Female,0.0,0.01917808,145.26527,0.9310059310446153
ethiopia,draw_178,Male,0.0,0.01917808,145.26527,0.9188978689503808
nigeria,draw_178,Female,0.0,0.01917808,145.26527,0.922480325179342
nigeria,draw_178,Male,0.0,0.01917808,145.26527,0.9259004470153241
pakistan,draw_178,Female,0.0,0.01917808,145.26527,0.9103983221466447
pakistan,draw_178,Male,0.0,0.01917808,145.26527,0.9145162003790076
ethiopia,draw_178,Female,0.0,0.01917808,145.37538,0.9307579741207204
ethiopia,draw_178,Male,0.0,0.01917808,145.37538,0.9186166941220737
nigeria,draw_178,Female,0.0,0.01917808,145.37538,0.9221999200230926
nigeria,draw_178,Male,0.0,0.01917808,145.37538,0.9256229725161829
pakistan,draw_178,Female,0.0,0.01917808,145.37538,0.9098814180892294
pakistan,draw_178,Male,0.0,0.01917808,145.37538,0.9140809475440018
ethiopia,draw_178,Female,0.0,0.01917808,145.48549,0.9305106451822115
ethiopia,draw_178,Male,0.0,0.01917808,145.48549,0.9183366342009842
nigeria,draw_178,Female,0.0,0.01917808,145.48549,0.9219202317574249
nigeria,draw_178,Male,0.0,0.01917808,145.48549,0.9253460024716285
pakistan,draw_178,Female,0.0,0.01917808,145.48549,0.9093642315910442
pakistan,draw_178,Male,0.0,0.01917808,145.48549,0.9136455356065989
ethiopia,draw_178,Female,0.0,0.01917808,145.5956,0.9302631553645699
ethiopia,draw_178,Male,0.0,0.01917808,145.5956,0.918058158475931
nigeria,draw_178,Female,0.0,0.01917808,145.5956,0.9216415951061514
nigeria,draw_178,Male,0.0,0.01917808,145.5956,0.9250697115853287
pakistan,draw_178,Female,0.0,0.01917808,145.5956,0.9088464918566277
pakistan,draw_178,Male,0.0,0.01917808,145.5956,0.9132099741699458
ethiopia,draw_178,Female,0.0,0.01917808,145.70571,0.9300166043001414
ethiopia,draw_178,Male,0.0,0.01917808,145.70571,0.9177802103882688
nigeria,draw_178,Female,0.0,0.01917808,145.70571,0.9213637579659626
nigeria,draw_178,Male,0.0,0.01917808,145.70571,0.9247941598164825
pakistan,draw_178,Female,0.0,0.01917808,145.70571,0.9083280929087184
pakistan,draw_178,Male,0.0,0.01917808,145.70571,0.9127745020441403
ethiopia,draw_178,Female,0.0,0.01917808,145.81582,0.9297704931377565
ethiopia,draw_178,Male,0.0,0.01917808,145.81582,0.9175043697413175
nigeria,draw_178,Female,0.0,0.01917808,145.81582,0.9210866665255095
nigeria,draw_178,Male,0.0,0.01917808,145.81582,0.9245191178223674
pakistan,draw_178,Female,0.0,0.01917808,145.81582,0.907809056553054
pakistan,draw_178,Male,0.0,0.01917808,145.81582,0.9123385128483071
ethiopia,draw_178,Female,0.0,0.01917808,145.92593,0.9295247609276527
ethiopia,draw_178,Male,0.0,0.01917808,145.92593,0.9172287369782522
nigeria,draw_178,Female,0.0,0.01917808,145.92593,0.9208104475947133
nigeria,draw_178,Male,0.0,0.01917808,145.92593,0.9242445347467827
pakistan,draw_178,Female,0.0,0.01917808,145.92593,0.9072890589214555
pakistan,draw_178,Male,0.0,0.01917808,145.92593,0.9119027556080133
ethiopia,draw_178,Female,0.0,0.01917808,146.03604,0.9292789102184592
ethiopia,draw_178,Male,0.0,0.01917808,146.03604,0.9169541192245374
nigeria,draw_178,Female,0.0,0.01917808,146.03604,0.9205342142437509
nigeria,draw_178,Male,0.0,0.01917808,146.03604,0.9239704349421828
pakistan,draw_178,Female,0.0,0.01917808,146.03604,0.9067678683540982
pakistan,draw_178,Male,0.0,0.01917808,146.03604,0.9114665762542898
ethiopia,draw_178,Female,0.0,0.01917808,146.14615,0.9290340686175333
ethiopia,draw_178,Male,0.0,0.01917808,146.14615,0.9166808233346753
nigeria,draw_178,Female,0.0,0.01917808,146.14615,0.9202593464903208
nigeria,draw_178,Male,0.0,0.01917808,146.14615,0.9236968639380234
pakistan,draw_178,Female,0.0,0.01917808,146.14615,0.9062462782139653
pakistan,draw_178,Male,0.0,0.01917808,146.14615,0.9110302487474653
ethiopia,draw_178,Female,0.0,0.01917808,146.25626,0.9287890455521466
ethiopia,draw_178,Male,0.0,0.01917808,146.25626,0.9164087483501973
nigeria,draw_178,Female,0.0,0.01917808,146.25626,0.9199852475557434
nigeria,draw_178,Male,0.0,0.01917808,146.25626,0.9234238663203879
pakistan,draw_178,Female,0.0,0.01917808,146.25626,0.9057240804867857
pakistan,draw_178,Male,0.0,0.01917808,146.25626,0.9105937977131912
ethiopia,draw_178,Female,0.0,0.01917808,146.36637,0.928545486296243
ethiopia,draw_178,Male,0.0,0.01917808,146.36637,0.9161381064205539
nigeria,draw_178,Female,0.0,0.01917808,146.36637,0.9197122424476023
nigeria,draw_178,Male,0.0,0.01917808,146.36637,0.9231517649666687
pakistan,draw_178,Female,0.0,0.01917808,146.36637,0.9052010096528225
pakistan,draw_178,Male,0.0,0.01917808,146.36637,0.9101580429303949
ethiopia,draw_178,Female,0.0,0.01917808,146.47648,0.9283017303529766
ethiopia,draw_178,Male,0.0,0.01917808,146.47648,0.9158678648706216
nigeria,draw_178,Female,0.0,0.01917808,146.47648,0.9194399864401833
nigeria,draw_178,Male,0.0,0.01917808,146.47648,0.9228802274691958
pakistan,draw_178,Female,0.0,0.01917808,146.47648,0.9046773992491015
pakistan,draw_178,Male,0.0,0.01917808,146.47648,0.9097218837607752
ethiopia,draw_178,Female,0.0,0.01917808,146.58659,0.9280585432253127
ethiopia,draw_178,Male,0.0,0.01917808,146.58659,0.9155992653775923
nigeria,draw_178,Female,0.0,0.01917808,146.58659,0.9191684179775186
nigeria,draw_178,Male,0.0,0.01917808,146.58659,0.9226092169467622
pakistan,draw_178,Female,0.0,0.01917808,146.58659,0.9041530755582858
pakistan,draw_178,Male,0.0,0.01917808,146.58659,0.909285628836122
ethiopia,draw_178,Female,0.0,0.01917808,146.6967,0.9278160680015761
ethiopia,draw_178,Male,0.0,0.01917808,146.6967,0.9153316432955064
nigeria,draw_178,Female,0.0,0.01917808,146.6967,0.918897561390405
nigeria,draw_178,Male,0.0,0.01917808,146.6967,0.9223385857831327
pakistan,draw_178,Female,0.0,0.01917808,146.6967,0.9036277394868353
pakistan,draw_178,Male,0.0,0.01917808,146.6967,0.9088490151755041
ethiopia,draw_178,Female,0.0,0.01917808,146.80681,0.9275733512193692
ethiopia,draw_178,Male,0.0,0.01917808,146.80681,0.9150650930619048
nigeria,draw_178,Female,0.0,0.01917808,146.80681,0.9186274882288864
nigeria,draw_178,Male,0.0,0.01917808,146.80681,0.9220685705387518
pakistan,draw_178,Female,0.0,0.01917808,146.80681,0.9031018504129944
pakistan,draw_178,Male,0.0,0.01917808,146.80681,0.9084122951847913
ethiopia,draw_178,Female,0.0,0.01917808,146.91692,0.927331485774631
ethiopia,draw_178,Male,0.0,0.01917808,146.91692,0.9147994329471828
nigeria,draw_178,Female,0.0,0.01917808,146.91692,0.9183576687958276
nigeria,draw_178,Male,0.0,0.01917808,146.91692,0.921799173039495
pakistan,draw_178,Female,0.0,0.01917808,146.91692,0.9025753571821579
pakistan,draw_178,Male,0.0,0.01917808,146.91692,0.9079753308257181
ethiopia,draw_178,Female,0.0,0.01917808,147.02703,0.9270901004156384
ethiopia,draw_178,Male,0.0,0.01917808,147.02703,0.9145350474916247
nigeria,draw_178,Female,0.0,0.01917808,147.02703,0.9180893339040845
nigeria,draw_178,Male,0.0,0.01917808,147.02703,0.9215304801750438
pakistan,draw_178,Female,0.0,0.01917808,147.02703,0.9020483807430772
pakistan,draw_178,Male,0.0,0.01917808,147.02703,0.9075385098594332
ethiopia,draw_178,Female,0.0,0.01917808,147.13714,0.926848794200099
ethiopia,draw_178,Male,0.0,0.01917808,147.13714,0.9142721738547414
nigeria,draw_178,Female,0.0,0.01917808,147.13714,0.9178220245817873
nigeria,draw_178,Male,0.0,0.01917808,147.13714,0.9212626431954303
pakistan,draw_178,Female,0.0,0.01917808,147.13714,0.9015209823517006
pakistan,draw_178,Male,0.0,0.01917808,147.13714,0.9071019029846528
ethiopia,draw_178,Female,0.0,0.01917808,147.24725,0.9266089504750595
ethiopia,draw_178,Male,0.0,0.01917808,147.24725,0.9140103988553543
nigeria,draw_178,Female,0.0,0.01917808,147.24725,0.9175554401939912
nigeria,draw_178,Male,0.0,0.01917808,147.24725,0.9209954335853172
pakistan,draw_178,Female,0.0,0.01917808,147.24725,0.9009930546239929
pakistan,draw_178,Male,0.0,0.01917808,147.24725,0.9066652764365654
ethiopia,draw_178,Female,0.0,0.01917808,147.35736,0.9263689382474047
ethiopia,draw_178,Male,0.0,0.01917808,147.35736,0.9137496278909717
nigeria,draw_178,Female,0.0,0.01917808,147.35736,0.9172895512017065
nigeria,draw_178,Male,0.0,0.01917808,147.35736,0.9207287237996297
pakistan,draw_178,Female,0.0,0.01917808,147.35736,0.9004643539526661
pakistan,draw_178,Male,0.0,0.01917808,147.35736,0.9062284332731143
ethiopia,draw_178,Female,0.0,0.01917808,147.46747,0.9261292833659441
ethiopia,draw_178,Male,0.0,0.01917808,147.46747,0.9134899418462232
nigeria,draw_178,Female,0.0,0.01917808,147.46747,0.9170250192765997
nigeria,draw_178,Male,0.0,0.01917808,147.46747,0.9204625726113682
pakistan,draw_178,Female,0.0,0.01917808,147.46747,0.8999348693323265
pakistan,draw_178,Male,0.0,0.01917808,147.46747,0.9057915358726202
ethiopia,draw_178,Female,0.0,0.01917808,147.57758,0.9258903951569931
ethiopia,draw_178,Male,0.0,0.01917808,147.57758,0.9132312370499169
nigeria,draw_178,Female,0.0,0.01917808,147.57758,0.916760721823366
nigeria,draw_178,Male,0.0,0.01917808,147.57758,0.9201970587228762
pakistan,draw_178,Female,0.0,0.01917808,147.57758,0.899404695856259
pakistan,draw_178,Male,0.0,0.01917808,147.57758,0.9053544772888756
ethiopia,draw_178,Female,0.0,0.01917808,147.68769,0.925651141365493
ethiopia,draw_178,Male,0.0,0.01917808,147.68769,0.9129735297472493
nigeria,draw_178,Female,0.0,0.01917808,147.68769,0.9164972237464425
nigeria,draw_178,Male,0.0,0.01917808,147.68769,0.9199321493918916
pakistan,draw_178,Female,0.0,0.01917808,147.68769,0.8988739286206311
pakistan,draw_178,Male,0.0,0.01917808,147.68769,0.9049174272732687
ethiopia,draw_178,Female,0.0,0.01917808,147.7978,0.9254137825947395
ethiopia,draw_178,Male,0.0,0.01917808,147.7978,0.9127172562889313
nigeria,draw_178,Female,0.0,0.01917808,147.7978,0.9162349294096175
nigeria,draw_178,Male,0.0,0.01917808,147.7978,0.9196680866924244
pakistan,draw_178,Female,0.0,0.01917808,147.7978,0.89834269669347
pakistan,draw_178,Male,0.0,0.01917808,147.7978,0.9044805746514692
ethiopia,draw_178,Female,0.0,0.01917808,147.90791,0.9251765800999463
ethiopia,draw_178,Male,0.0,0.01917808,147.90791,0.912462238892717
nigeria,draw_178,Female,0.0,0.01917808,147.90791,0.9159735025689253
nigeria,draw_178,Male,0.0,0.01917808,147.90791,0.9194047286292866
pakistan,draw_178,Female,0.0,0.01917808,147.90791,0.897811019991704
pakistan,draw_178,Male,0.0,0.01917808,147.90791,0.9040438240652147
ethiopia,draw_178,Female,0.0,0.01917808,148.01802,0.9249397532484561
ethiopia,draw_178,Male,0.0,0.01917808,148.01802,0.9122089870588475
nigeria,draw_178,Female,0.0,0.01917808,148.01802,0.9157128001624631
nigeria,draw_178,Male,0.0,0.01917808,148.01802,0.9191419715909064
pakistan,draw_178,Female,0.0,0.01917808,148.01802,0.8972788096945276
pakistan,draw_178,Male,0.0,0.01917808,148.01802,0.9036067341525256
ethiopia,draw_178,Female,0.0,0.01917808,148.12813,0.9247031587455538
ethiopia,draw_178,Male,0.0,0.01917808,148.12813,0.9119561159349134
nigeria,draw_178,Female,0.0,0.01917808,148.12813,0.9154527565538325
nigeria,draw_178,Male,0.0,0.01917808,148.12813,0.9188797335012944
pakistan,draw_178,Female,0.0,0.01917808,148.12813,0.8967454456783317
pakistan,draw_178,Male,0.0,0.01917808,148.12813,0.9031700604689502
ethiopia,draw_178,Female,0.0,0.01917808,148.23824,0.9244671730833213
ethiopia,draw_178,Male,0.0,0.01917808,148.23824,0.9117044100503884
nigeria,draw_178,Female,0.0,0.01917808,148.23824,0.915193557912265
nigeria,draw_178,Male,0.0,0.01917808,148.23824,0.9186180769550142
pakistan,draw_178,Female,0.0,0.01917808,148.23824,0.8962119312962695
pakistan,draw_178,Male,0.0,0.01917808,148.23824,0.9027333921274566
ethiopia,draw_178,Female,0.0,0.01917808,148.34835,0.9242316212872724
ethiopia,draw_178,Male,0.0,0.01917808,148.34835,0.9114541607211625
nigeria,draw_178,Female,0.0,0.01917808,148.34835,0.9149357719388239
nigeria,draw_178,Male,0.0,0.01917808,148.34835,0.9183570137408472
pakistan,draw_178,Female,0.0,0.01917808,148.34835,0.8956780681592991
pakistan,draw_178,Male,0.0,0.01917808,148.34835,0.9022966925604718
ethiopia,draw_178,Female,0.0,0.01917808,148.45846,0.923996605581144
ethiopia,draw_178,Male,0.0,0.01917808,148.45846,0.9112050357982183
nigeria,draw_178,Female,0.0,0.01917808,148.45846,0.914678172759789
nigeria,draw_178,Male,0.0,0.01917808,148.45846,0.9180965732159989
pakistan,draw_178,Female,0.0,0.01917808,148.45846,0.8951428563599928
pakistan,draw_178,Male,0.0,0.01917808,148.45846,0.9018600212838935
ethiopia,draw_178,Female,0.0,0.01917808,148.56857,0.9237625682073309
ethiopia,draw_178,Male,0.0,0.01917808,148.56857,0.910956885377297
nigeria,draw_178,Female,0.0,0.01917808,148.56857,0.91442200974124
nigeria,draw_178,Male,0.0,0.01917808,148.56857,0.9178370525545082
pakistan,draw_178,Female,0.0,0.01917808,148.56857,0.894608218554069
pakistan,draw_178,Male,0.0,0.01917808,148.56857,0.9014235547332925
ethiopia,draw_178,Female,0.0,0.01917808,148.67868,0.9235288871312362
ethiopia,draw_178,Male,0.0,0.01917808,148.67868,0.9107101497419825
nigeria,draw_178,Female,0.0,0.01917808,148.67868,0.9141665219356286
nigeria,draw_178,Male,0.0,0.01917808,148.67868,0.9175781262445016
pakistan,draw_178,Female,0.0,0.01917808,148.67868,0.8940729280243392
pakistan,draw_178,Male,0.0,0.01917808,148.67868,0.9009878377180759
ethiopia,draw_178,Female,0.0,0.01917808,148.78879,0.9232956375413465
ethiopia,draw_178,Male,0.0,0.01917808,148.78879,0.9104645633835933
nigeria,draw_178,Female,0.0,0.01917808,148.78879,0.9139117269411358
nigeria,draw_178,Male,0.0,0.01917808,148.78879,0.9173197736443304
pakistan,draw_178,Female,0.0,0.01917808,148.78879,0.8935373357207872
pakistan,draw_178,Male,0.0,0.01917808,148.78879,0.9005509142146562
ethiopia,draw_178,Female,0.0,0.01917808,148.8989,0.9230634486990237
ethiopia,draw_178,Male,0.0,0.01917808,148.8989,0.9102201134461798
nigeria,draw_178,Female,0.0,0.01917808,148.8989,0.9136579059272025
nigeria,draw_178,Male,0.0,0.01917808,148.8989,0.9170620279355275
pakistan,draw_178,Female,0.0,0.01917808,148.8989,0.8930008409638448
pakistan,draw_178,Male,0.0,0.01917808,148.8989,0.9001147429042169
ethiopia,draw_178,Female,0.0,0.01917808,149.00901,0.9228312663641294
ethiopia,draw_178,Male,0.0,0.01917808,149.00901,0.9099767625384247
nigeria,draw_178,Female,0.0,0.01917808,149.00901,0.9134049417666795
nigeria,draw_178,Male,0.0,0.01917808,149.00901,0.9168050153180323
pakistan,draw_178,Female,0.0,0.01917808,149.00901,0.892464287391298
pakistan,draw_178,Male,0.0,0.01917808,149.00901,0.8996783943455504
ethiopia,draw_178,Female,0.0,0.01917808,149.11912,0.9225996472125757
ethiopia,draw_178,Male,0.0,0.01917808,149.11912,0.909734435602285
nigeria,draw_178,Female,0.0,0.01917808,149.11912,0.9131528438148578
nigeria,draw_178,Male,0.0,0.01917808,149.11912,0.916548631278806
pakistan,draw_178,Female,0.0,0.01917808,149.11912,0.8919270832736522
pakistan,draw_178,Male,0.0,0.01917808,149.11912,0.8992421035443242
ethiopia,draw_178,Female,0.0,0.01917808,149.22923,0.9223685169552678
ethiopia,draw_178,Male,0.0,0.01917808,149.22923,0.9094934586300858
nigeria,draw_178,Female,0.0,0.01917808,149.22923,0.9129016664574628
nigeria,draw_178,Male,0.0,0.01917808,149.22923,0.9162930524809456
pakistan,draw_178,Female,0.0,0.01917808,149.22923,0.891389782784081
pakistan,draw_178,Male,0.0,0.01917808,149.22923,0.8988057466544472
ethiopia,draw_178,Female,0.0,0.01917808,149.33934,0.9221382559757941
ethiopia,draw_178,Male,0.0,0.01917808,149.33934,0.9092537827608828
nigeria,draw_178,Female,0.0,0.01917808,149.33934,0.9126515875993102
nigeria,draw_178,Male,0.0,0.01917808,149.33934,0.9160383336154441
pakistan,draw_178,Female,0.0,0.01917808,149.33934,0.8908519064827697
pakistan,draw_178,Male,0.0,0.01917808,149.33934,0.8983697762475753
ethiopia,draw_178,Female,0.0,0.01917808,149.44945,0.9219082824107959
ethiopia,draw_178,Male,0.0,0.01917808,149.44945,0.9090152317738955
nigeria,draw_178,Female,0.0,0.01917808,149.44945,0.9124015063747395
nigeria,draw_178,Male,0.0,0.01917808,149.44945,0.9157841272858639
pakistan,draw_178,Female,0.0,0.01917808,149.44945,0.8903141914406308
pakistan,draw_178,Male,0.0,0.01917808,149.44945,0.8979334501443497
ethiopia,draw_178,Female,0.0,0.01917808,149.55956,0.9216796300374986
ethiopia,draw_178,Male,0.0,0.01917808,149.55956,0.9087777731742491
nigeria,draw_178,Female,0.0,0.01917808,149.55956,0.9121531075560725
nigeria,draw_178,Male,0.0,0.01917808,149.55956,0.9155303272479076
pakistan,draw_178,Female,0.0,0.01917808,149.55956,0.8897752836358976
pakistan,draw_178,Male,0.0,0.01917808,149.55956,0.8974974602248156
ethiopia,draw_178,Female,0.0,0.01917808,149.66967,0.9214507126643425
ethiopia,draw_178,Male,0.0,0.01917808,149.66967,0.9085408633966001
nigeria,draw_178,Female,0.0,0.01917808,149.66967,0.9119055942937967
nigeria,draw_178,Male,0.0,0.01917808,149.66967,0.9152776993753162
pakistan,draw_178,Female,0.0,0.01917808,149.66967,0.8892362408179832
pakistan,draw_178,Male,0.0,0.01917808,149.66967,0.8970616652073898
ethiopia,draw_178,Female,0.0,0.01917808,149.77978,0.9212227259297794
ethiopia,draw_178,Male,0.0,0.01917808,149.77978,0.9083057001389251
nigeria,draw_178,Female,0.0,0.01917808,149.77978,0.9116588729020774
nigeria,draw_178,Male,0.0,0.01917808,149.77978,0.9150260101610717
pakistan,draw_178,Female,0.0,0.01917808,149.77978,0.888696925755982
pakistan,draw_178,Male,0.0,0.01917808,149.77978,0.8966259257246145
ethiopia,draw_178,Female,0.0,0.01917808,149.88989,0.920995225573532
ethiopia,draw_178,Male,0.0,0.01917808,149.88989,0.9080717125020934
nigeria,draw_178,Female,0.0,0.01917808,149.88989,0.9114129721559439
nigeria,draw_178,Male,0.0,0.01917808,149.88989,0.9147744028940525
pakistan,draw_178,Female,0.0,0.01917808,149.88989,0.8881570711894959
pakistan,draw_178,Male,0.0,0.01917808,149.88989,0.8961903785409993
ethiopia,draw_178,Female,0.0,0.01917808,150.0,0.9207686923316546
ethiopia,draw_178,Male,0.0,0.01917808,150.0,0.9078393680087533
nigeria,draw_178,Female,0.0,0.01917808,150.0,0.9111682521244018
nigeria,draw_178,Male,0.0,0.01917808,150.0,0.9145236148204295
pakistan,draw_178,Female,0.0,0.01917808,150.0,0.8876168885670642
pakistan,draw_178,Male,0.0,0.01917808,150.0,0.8957547621362311
ethiopia,draw_178,Female,0.01917808,0.07671233,40.0,2.5792154053675707
ethiopia,draw_178,Male,0.01917808,0.07671233,40.0,2.3605681110967405
nigeria,draw_178,Female,0.01917808,0.07671233,40.0,2.3786365777748997
nigeria,draw_178,Male,0.01917808,0.07671233,40.0,2.4161772446452714
pakistan,draw_178,Female,0.01917808,0.07671233,40.0,1.241192529588094
pakistan,draw_178,Male,0.01917808,0.07671233,40.0,1.6113025876681817
ethiopia,draw_178,Female,0.01917808,0.07671233,40.11011,2.581159840400678
ethiopia,draw_178,Male,0.01917808,0.07671233,40.11011,2.3628667064830142
nigeria,draw_178,Female,0.01917808,0.07671233,40.11011,2.3808379769503585
nigeria,draw_178,Male,0.01917808,0.07671233,40.11011,2.4181736846898416
pakistan,draw_178,Female,0.01917808,0.07671233,40.11011,1.244197536870798
pakistan,draw_178,Male,0.01917808,0.07671233,40.11011,1.6143961685635257
ethiopia,draw_178,Female,0.01917808,0.07671233,40.22022,2.5830964785866377
ethiopia,draw_178,Male,0.01917808,0.07671233,40.22022,2.365159598469001
nigeria,draw_178,Female,0.01917808,0.07671233,40.22022,2.3830327735936163
nigeria,draw_178,Male,0.01917808,0.07671233,40.22022,2.4201638426309104
pakistan,draw_178,Female,0.01917808,0.07671233,40.22022,1.247206857172145
pakistan,draw_178,Male,0.01917808,0.07671233,40.22022,1.6174907074841665
ethiopia,draw_178,Female,0.01917808,0.07671233,40.33033,2.585026535814805
ethiopia,draw_178,Male,0.01917808,0.07671233,40.33033,2.367447580206753
nigeria,draw_178,Female,0.01917808,0.07671233,40.33033,2.3852222991660152
nigeria,draw_178,Male,0.01917808,0.07671233,40.33033,2.4221485306965373
pakistan,draw_178,Female,0.01917808,0.07671233,40.33033,1.250220114257891
pakistan,draw_178,Male,0.01917808,0.07671233,40.33033,1.6205865676789015
ethiopia,draw_178,Female,0.01917808,0.07671233,40.44044,2.5869484911130773
ethiopia,draw_178,Male,0.01917808,0.07671233,40.44044,2.3697292423183636
nigeria,draw_178,Female,0.01917808,0.07671233,40.44044,2.3874045157239663
nigeria,draw_178,Male,0.01917808,0.07671233,40.44044,2.42412697940653
pakistan,draw_178,Female,0.01917808,0.07671233,40.44044,1.2532376551533042
pakistan,draw_178,Male,0.01917808,0.07671233,40.44044,1.6236828455213101
ethiopia,draw_178,Female,0.01917808,0.07671233,40.55055,2.588863562241931
ethiopia,draw_178,Male,0.01917808,0.07671233,40.55055,2.3720052746291977
nigeria,draw_178,Female,0.01917808,0.07671233,40.55055,2.389580157802512
nigeria,draw_178,Male,0.01917808,0.07671233,40.55055,2.4260988016936333
pakistan,draw_178,Female,0.01917808,0.07671233,40.55055,1.2562588170400084
pakistan,draw_178,Male,0.01917808,0.07671233,40.55055,1.626779987940665
ethiopia,draw_178,Female,0.01917808,0.07671233,40.66066,2.590770404087756
ethiopia,draw_178,Male,0.01917808,0.07671233,40.66066,2.3742752948484624
nigeria,draw_178,Female,0.01917808,0.07671233,40.66066,2.391748221558138
nigeria,draw_178,Male,0.01917808,0.07671233,40.66066,2.4280631174802534
pakistan,draw_178,Female,0.01917808,0.07671233,40.66066,1.2592841064408793
pakistan,draw_178,Male,0.01917808,0.07671233,40.66066,1.6298782757450074
ethiopia,draw_178,Female,0.01917808,0.07671233,40.77077,2.592668598373189
ethiopia,draw_178,Male,0.01917808,0.07671233,40.77077,2.3765381074900795
nigeria,draw_178,Female,0.01917808,0.07671233,40.77077,2.3939091223018925
nigeria,draw_178,Male,0.01917808,0.07671233,40.77077,2.4300205134274484
pakistan,draw_178,Female,0.01917808,0.07671233,40.77077,1.262313103891029
pakistan,draw_178,Male,0.01917808,0.07671233,40.77077,1.6329771125278039
ethiopia,draw_178,Female,0.01917808,0.07671233,40.88088,2.594559102355874
ethiopia,draw_178,Male,0.01917808,0.07671233,40.88088,2.3787951597310464
nigeria,draw_178,Female,0.01917808,0.07671233,40.88088,2.396062852391805
nigeria,draw_178,Male,0.01917808,0.07671233,40.88088,2.4319710086332407
pakistan,draw_178,Female,0.01917808,0.07671233,40.88088,1.2653460739057505
pakistan,draw_178,Male,0.01917808,0.07671233,40.88088,1.6360771201403774
ethiopia,draw_178,Female,0.01917808,0.07671233,40.99099,2.596440827253499
ethiopia,draw_178,Male,0.01917808,0.07671233,40.99099,2.3810454385720248
nigeria,draw_178,Female,0.01917808,0.07671233,40.99099,2.3982099961060594
nigeria,draw_178,Male,0.01917808,0.07671233,40.99099,2.4339143695671703
pakistan,draw_178,Female,0.01917808,0.07671233,40.99099,1.2683827360351283
pakistan,draw_178,Male,0.01917808,0.07671233,40.99099,1.6391779369385342
ethiopia,draw_178,Female,0.01917808,0.07671233,41.1011,2.5983150703606013
ethiopia,draw_178,Male,0.01917808,0.07671233,41.1011,2.3832899184922907
nigeria,draw_178,Female,0.01917808,0.07671233,41.1011,2.4003498668843015
nigeria,draw_178,Male,0.01917808,0.07671233,41.1011,2.4358502047555426
pakistan,draw_178,Female,0.01917808,0.07671233,41.1011,1.2714231143142938
pakistan,draw_178,Male,0.01917808,0.07671233,41.1011,1.6422791599903384
ethiopia,draw_178,Female,0.01917808,0.07671233,41.21121,2.60018067830924
ethiopia,draw_178,Male,0.01917808,0.07671233,41.21121,2.3855273586394805
nigeria,draw_178,Female,0.01917808,0.07671233,41.21121,2.402483362316087
nigeria,draw_178,Male,0.01917808,0.07671233,41.21121,2.437778875895812
pakistan,draw_178,Female,0.01917808,0.07671233,41.21121,1.274467994851803
pakistan,draw_178,Male,0.01917808,0.07671233,41.21121,1.645380800719436
ethiopia,draw_178,Female,0.01917808,0.07671233,41.32132,2.602037978864706
ethiopia,draw_178,Male,0.01917808,0.07671233,41.32132,2.38775827770649
nigeria,draw_178,Female,0.01917808,0.07671233,41.32132,2.4046087330082666
nigeria,draw_178,Male,0.01917808,0.07671233,41.32132,2.439700204930255
pakistan,draw_178,Female,0.01917808,0.07671233,41.32132,1.2775168271020996
pakistan,draw_178,Male,0.01917808,0.07671233,41.32132,1.6484833370625545
ethiopia,draw_178,Female,0.01917808,0.07671233,41.43143,2.6038870732314425
ethiopia,draw_178,Male,0.01917808,0.07671233,41.43143,2.3899831909877522
nigeria,draw_178,Female,0.01917808,0.07671233,41.43143,2.4067274726812804
nigeria,draw_178,Male,0.01917808,0.07671233,41.43143,2.441614502540383
pakistan,draw_178,Female,0.01917808,0.07671233,41.43143,1.280569719115252
pakistan,draw_178,Male,0.01917808,0.07671233,41.43143,1.651585977667718
ethiopia,draw_178,Female,0.01917808,0.07671233,41.54154,2.6057273391579217
ethiopia,draw_178,Male,0.01917808,0.07671233,41.54154,2.3922015300697264
nigeria,draw_178,Female,0.01917808,0.07671233,41.54154,2.408839481119074
nigeria,draw_178,Male,0.01917808,0.07671233,41.54154,2.4435219014214837
pakistan,draw_178,Female,0.01917808,0.07671233,41.54154,1.28362712377389
pakistan,draw_178,Male,0.01917808,0.07671233,41.54154,1.6546891890031796
ethiopia,draw_178,Female,0.01917808,0.07671233,41.65165,2.607560324589501
ethiopia,draw_178,Male,0.01917808,0.07671233,41.65165,2.3944134160876476
nigeria,draw_178,Female,0.01917808,0.07671233,41.65165,2.4109437684953505
nigeria,draw_178,Male,0.01917808,0.07671233,41.65165,2.4454222362819626
pakistan,draw_178,Female,0.01917808,0.07671233,41.65165,1.2866882173171985
pakistan,draw_178,Male,0.01917808,0.07671233,41.65165,1.6577931229121632
ethiopia,draw_178,Female,0.01917808,0.07671233,41.76176,2.609383626614255
ethiopia,draw_178,Male,0.01917808,0.07671233,41.76176,2.396618589832248
nigeria,draw_178,Female,0.01917808,0.07671233,41.76176,2.4130399265390015
nigeria,draw_178,Male,0.01917808,0.07671233,41.76176,2.447314517460196
pakistan,draw_178,Female,0.01917808,0.07671233,41.76176,1.2897523563241484
pakistan,draw_178,Male,0.01917808,0.07671233,41.76176,1.6608972978696923
ethiopia,draw_178,Female,0.01917808,0.07671233,41.87187,2.6111977824093304
ethiopia,draw_178,Male,0.01917808,0.07671233,41.87187,2.3988173696830866
nigeria,draw_178,Female,0.01917808,0.07671233,41.87187,2.415129639062509
nigeria,draw_178,Male,0.01917808,0.07671233,41.87187,2.449199403015782
pakistan,draw_178,Female,0.01917808,0.07671233,41.87187,1.2928198701368454
pakistan,draw_178,Male,0.01917808,0.07671233,41.87187,1.6640019109643296
ethiopia,draw_178,Female,0.01917808,0.07671233,41.98198,2.613003537952946
ethiopia,draw_178,Male,0.01917808,0.07671233,41.98198,2.401009518125542
nigeria,draw_178,Female,0.01917808,0.07671233,41.98198,2.4172112206478293
nigeria,draw_178,Male,0.01917808,0.07671233,41.98198,2.4510770332460043
pakistan,draw_178,Female,0.01917808,0.07671233,41.98198,1.295891507189118
pakistan,draw_178,Male,0.01917808,0.07671233,41.98198,1.6671067625423182
ethiopia,draw_178,Female,0.01917808,0.07671233,42.09209,2.6148005267572
ethiopia,draw_178,Male,0.01917808,0.07671233,42.09209,2.403194111927628
nigeria,draw_178,Female,0.01917808,0.07671233,42.09209,2.4192850008891766
nigeria,draw_178,Male,0.01917808,0.07671233,42.09209,2.4529476867594693
pakistan,draw_178,Female,0.01917808,0.07671233,42.09209,1.298966892427356
pakistan,draw_178,Male,0.01917808,0.07671233,42.09209,1.6702119596705134
ethiopia,draw_178,Female,0.01917808,0.07671233,42.2022,2.6165889216888525
ethiopia,draw_178,Male,0.01917808,0.07671233,42.2022,2.405372461449922
nigeria,draw_178,Female,0.01917808,0.07671233,42.2022,2.4213514127528826
nigeria,draw_178,Male,0.01917808,0.07671233,42.2022,2.454810167604444
pakistan,draw_178,Female,0.01917808,0.07671233,42.2022,1.3020464839349706
pakistan,draw_178,Male,0.01917808,0.07671233,42.2022,1.673316958027882
ethiopia,draw_178,Female,0.01917808,0.07671233,42.31231,2.6183686304329585
ethiopia,draw_178,Male,0.01917808,0.07671233,42.31231,2.4075429508388395
nigeria,draw_178,Female,0.01917808,0.07671233,42.31231,2.4234106839873477
nigeria,draw_178,Male,0.01917808,0.07671233,42.31231,2.4566647849894916
pakistan,draw_178,Female,0.01917808,0.07671233,42.31231,1.3051303875404858
pakistan,draw_178,Male,0.01917808,0.07671233,42.31231,1.6764217985988876
ethiopia,draw_178,Female,0.01917808,0.07671233,42.42242,2.620137748487767
ethiopia,draw_178,Male,0.01917808,0.07671233,42.42242,2.409706769033549
nigeria,draw_178,Female,0.01917808,0.07671233,42.42242,2.4254615944983557
nigeria,draw_178,Male,0.01917808,0.07671233,42.42242,2.4585114846000238
pakistan,draw_178,Female,0.01917808,0.07671233,42.42242,1.3082182079599798
pakistan,draw_178,Male,0.01917808,0.07671233,42.42242,1.6795264848364484
ethiopia,draw_178,Female,0.01917808,0.07671233,42.53253,2.62189747689995
ethiopia,draw_178,Male,0.01917808,0.07671233,42.53253,2.4118620888741393
nigeria,draw_178,Female,0.01917808,0.07671233,42.53253,2.4275032392969558
nigeria,draw_178,Male,0.01917808,0.07671233,42.53253,2.4603491403321174
pakistan,draw_178,Female,0.01917808,0.07671233,42.53253,1.3113091152121008
pakistan,draw_178,Male,0.01917808,0.07671233,42.53253,1.6826304748250493
ethiopia,draw_178,Female,0.01917808,0.07671233,42.64264,2.623647137025621
ethiopia,draw_178,Male,0.01917808,0.07671233,42.64264,2.414009172671575
nigeria,draw_178,Female,0.01917808,0.07671233,42.64264,2.4295354977788053
nigeria,draw_178,Male,0.01917808,0.07671233,42.64264,2.4621781404715617
pakistan,draw_178,Female,0.01917808,0.07671233,42.64264,1.3144026633939858
pakistan,draw_178,Male,0.01917808,0.07671233,42.64264,1.6857339248479153
ethiopia,draw_178,Female,0.01917808,0.07671233,42.75275,2.625386499985595
ethiopia,draw_178,Male,0.01917808,0.07671233,42.75275,2.4161467315484653
nigeria,draw_178,Female,0.01917808,0.07671233,42.75275,2.431558238941003
nigeria,draw_178,Male,0.01917808,0.07671233,42.75275,2.4639975165158847
pakistan,draw_178,Female,0.01917808,0.07671233,42.75275,1.3174984692137972
pakistan,draw_178,Male,0.01917808,0.07671233,42.75275,1.6888363648069729
ethiopia,draw_178,Female,0.01917808,0.07671233,42.86286,2.6271150790628752
ethiopia,draw_178,Male,0.01917808,0.07671233,42.86286,2.418276600885182
nigeria,draw_178,Female,0.01917808,0.07671233,42.86286,2.4335718679446035
nigeria,draw_178,Male,0.01917808,0.07671233,42.86286,2.465807798986319
pakistan,draw_178,Female,0.01917808,0.07671233,42.86286,1.3205968890673565
pakistan,draw_178,Male,0.01917808,0.07671233,42.86286,1.69193732626119
ethiopia,draw_178,Female,0.01917808,0.07671233,42.97297,2.6288333808071735
ethiopia,draw_178,Male,0.01917808,0.07671233,42.97297,2.4203974742728276
nigeria,draw_178,Female,0.01917808,0.07671233,42.97297,2.4355763002601347
nigeria,draw_178,Male,0.01917808,0.07671233,42.97297,2.4676088225573425
pakistan,draw_178,Female,0.01917808,0.07671233,42.97297,1.3236987984307984
pakistan,draw_178,Male,0.01917808,0.07671233,42.97297,1.6950379422721638
ethiopia,draw_178,Female,0.01917808,0.07671233,43.08308,2.6305415083347725
ethiopia,draw_178,Male,0.01917808,0.07671233,43.08308,2.42251052555756
nigeria,draw_178,Female,0.01917808,0.07671233,43.08308,2.4375715788807386
nigeria,draw_178,Male,0.01917808,0.07671233,43.08308,2.4694011819541464
pakistan,draw_178,Female,0.01917808,0.07671233,43.08308,1.3268034724599012
pakistan,draw_178,Male,0.01917808,0.07671233,43.08308,1.6981382743193973
ethiopia,draw_178,Female,0.01917808,0.07671233,43.19319,2.632239061819598
ethiopia,draw_178,Male,0.01917808,0.07671233,43.19319,2.424614362891528
nigeria,draw_178,Female,0.01917808,0.07671233,43.19319,2.4395585122099632
nigeria,draw_178,Male,0.01917808,0.07671233,43.19319,2.47118463532603
pakistan,draw_178,Female,0.01917808,0.07671233,43.19319,1.3299103486561947
pakistan,draw_178,Male,0.01917808,0.07671233,43.19319,1.7012381064056645
ethiopia,draw_178,Female,0.01917808,0.07671233,43.3033,2.633926423885801
ethiopia,draw_178,Male,0.01917808,0.07671233,43.3033,2.4267103614348224
nigeria,draw_178,Female,0.01917808,0.07671233,43.3033,2.4415358893873904
nigeria,draw_178,Male,0.01917808,0.07671233,43.3033,2.47295880651576
pakistan,draw_178,Female,0.01917808,0.07671233,43.3033,1.3330196260886658
pakistan,draw_178,Male,0.01917808,0.07671233,43.3033,1.7043371037637944
ethiopia,draw_178,Female,0.01917808,0.07671233,43.41341,2.6356020194371292
ethiopia,draw_178,Male,0.01917808,0.07671233,43.41341,2.4287966132935246
nigeria,draw_178,Female,0.01917808,0.07671233,43.41341,2.4435049278777576
nigeria,draw_178,Male,0.01917808,0.07671233,43.41341,2.474724187902142
pakistan,draw_178,Female,0.01917808,0.07671233,43.41341,1.336131492131313
pakistan,draw_178,Male,0.01917808,0.07671233,43.41341,1.7074351097762805
ethiopia,draw_178,Female,0.01917808,0.07671233,43.52352,2.637267887831296
ethiopia,draw_178,Male,0.01917808,0.07671233,43.52352,2.430874424884067
nigeria,draw_178,Female,0.01917808,0.07671233,43.52352,2.445464053410717
nigeria,draw_178,Male,0.01917808,0.07671233,43.52352,2.4764801904346716
pakistan,draw_178,Female,0.01917808,0.07671233,43.52352,1.3392459003268808
pakistan,draw_178,Male,0.01917808,0.07671233,43.52352,1.7105317966419142
ethiopia,draw_178,Female,0.01917808,0.07671233,43.63363,2.6389225593988046
ethiopia,draw_178,Male,0.01917808,0.07671233,43.63363,2.4329428882638524
nigeria,draw_178,Female,0.01917808,0.07671233,43.63363,2.4474141311056163
nigeria,draw_178,Male,0.01917808,0.07671233,43.63363,2.4782268108434122
pakistan,draw_178,Female,0.01917808,0.07671233,43.63363,1.34236304282202
pakistan,draw_178,Male,0.01917808,0.07671233,43.63363,1.7136277470770795
ethiopia,draw_178,Female,0.01917808,0.07671233,43.74374,2.6405648658552816
ethiopia,draw_178,Male,0.01917808,0.07671233,43.74374,2.43500288006121
nigeria,draw_178,Female,0.01917808,0.07671233,43.74374,2.4493545579105636
nigeria,draw_178,Male,0.01917808,0.07671233,43.74374,2.47996312829479
pakistan,draw_178,Female,0.01917808,0.07671233,43.74374,1.345482780970415
pakistan,draw_178,Male,0.01917808,0.07671233,43.74374,1.7167221420580032
ethiopia,draw_178,Female,0.01917808,0.07671233,43.85385,2.6421964886864946
ethiopia,draw_178,Male,0.01917808,0.07671233,43.85385,2.4370520615592213
nigeria,draw_178,Female,0.01917808,0.07671233,43.85385,2.451284279991954
nigeria,draw_178,Male,0.01917808,0.07671233,43.85385,2.4816903511427046
pakistan,draw_178,Female,0.01917808,0.07671233,43.85385,1.3486048931187908
pakistan,draw_178,Male,0.01917808,0.07671233,43.85385,1.7198141279672519
ethiopia,draw_178,Female,0.01917808,0.07671233,43.96396,2.6438163132052126
ethiopia,draw_178,Male,0.01917808,0.07671233,43.96396,2.4390919198557426
nigeria,draw_178,Female,0.01917808,0.07671233,43.96396,2.4532041260317765
nigeria,draw_178,Male,0.01917808,0.07671233,43.96396,2.483408293466795
pakistan,draw_178,Female,0.01917808,0.07671233,43.96396,1.3517288775286482
pakistan,draw_178,Male,0.01917808,0.07671233,43.96396,1.7229033995160317
ethiopia,draw_178,Female,0.01917808,0.07671233,44.07407,2.6454251448454795
ethiopia,draw_178,Male,0.01917808,0.07671233,44.07407,2.4411230804145196
nigeria,draw_178,Female,0.01917808,0.07671233,44.07407,2.455114088385138
nigeria,draw_178,Male,0.01917808,0.07671233,44.07407,2.4851168655149176
pakistan,draw_178,Female,0.01917808,0.07671233,44.07407,1.3548546585375114
pakistan,draw_178,Male,0.01917808,0.07671233,44.07407,1.7259896043766862
ethiopia,draw_178,Female,0.01917808,0.07671233,44.18418,2.647023368132984
ethiopia,draw_178,Male,0.01917808,0.07671233,44.18418,2.443144346875091
nigeria,draw_178,Female,0.01917808,0.07671233,44.18418,2.4570152096187647
nigeria,draw_178,Male,0.01917808,0.07671233,44.18418,2.48681621404473
pakistan,draw_178,Female,0.01917808,0.07671233,44.18418,1.3579823020370436
pakistan,draw_178,Male,0.01917808,0.07671233,44.18418,1.7290732132289608
ethiopia,draw_178,Female,0.01917808,0.07671233,44.29429,2.648611094589308
ethiopia,draw_178,Male,0.01917808,0.07671233,44.29429,2.44515608911024
nigeria,draw_178,Female,0.01917808,0.07671233,44.29429,2.4589060277173562
nigeria,draw_178,Male,0.01917808,0.07671233,44.29429,2.4885057823527545
pakistan,draw_178,Female,0.01917808,0.07671233,44.29429,1.361112562900022
pakistan,draw_178,Male,0.01917808,0.07671233,44.29429,1.7321540951593908
ethiopia,draw_178,Female,0.01917808,0.07671233,44.4044,2.6501869441581487
ethiopia,draw_178,Male,0.01917808,0.07671233,44.4044,2.447158558568595
nigeria,draw_178,Female,0.01917808,0.07671233,44.4044,2.4607871951586566
nigeria,draw_178,Male,0.01917808,0.07671233,44.4044,2.490185065775251
pakistan,draw_178,Female,0.01917808,0.07671233,44.4044,1.3642452916678158
pakistan,draw_178,Male,0.01917808,0.07671233,44.4044,1.735232393015734
ethiopia,draw_178,Female,0.01917808,0.07671233,44.51451,2.6517522147159704
ethiopia,draw_178,Male,0.01917808,0.07671233,44.51451,2.4491513476443956
nigeria,draw_178,Female,0.01917808,0.07671233,44.51451,2.4626588146940525
nigeria,draw_178,Male,0.01917808,0.07671233,44.51451,2.4918553186687915
pakistan,draw_178,Female,0.01917808,0.07671233,44.51451,1.3673801740955986
pakistan,draw_178,Male,0.01917808,0.07671233,44.51451,1.7383077360928987
ethiopia,draw_178,Female,0.01917808,0.07671233,44.62462,2.653305825992525
ethiopia,draw_178,Male,0.01917808,0.07671233,44.62462,2.4511345134777343
nigeria,draw_178,Female,0.01917808,0.07671233,44.62462,2.4645202238302706
nigeria,draw_178,Male,0.01917808,0.07671233,44.62462,2.4935153103337924
pakistan,draw_178,Female,0.01917808,0.07671233,44.62462,1.3705173499548942
pakistan,draw_178,Male,0.01917808,0.07671233,44.62462,1.741380496874581
ethiopia,draw_178,Female,0.01917808,0.07671233,44.73473,2.6548480983096088
ethiopia,draw_178,Male,0.01917808,0.07671233,44.73473,2.4531084721821608
nigeria,draw_178,Female,0.01917808,0.07671233,44.73473,2.466372149950821
nigeria,draw_178,Male,0.01917808,0.07671233,44.73473,2.4951652593466354
pakistan,draw_178,Female,0.01917808,0.07671233,44.73473,1.3736569599739983
pakistan,draw_178,Male,0.01917808,0.07671233,44.73473,1.7444503356834546
ethiopia,draw_178,Female,0.01917808,0.07671233,44.84484,2.656377516556788
ethiopia,draw_178,Male,0.01917808,0.07671233,44.84484,2.4550719717206255
nigeria,draw_178,Female,0.01917808,0.07671233,44.84484,2.468212432547885
nigeria,draw_178,Male,0.01917808,0.07671233,44.84484,2.496804407099884
pakistan,draw_178,Female,0.01917808,0.07671233,44.84484,1.3767983848238918
pakistan,draw_178,Male,0.01917808,0.07671233,44.84484,1.7475163246096899
ethiopia,draw_178,Female,0.01917808,0.07671233,44.95495,2.657896093994274
ethiopia,draw_178,Male,0.01917808,0.07671233,44.95495,2.457025484396968
nigeria,draw_178,Female,0.01917808,0.07671233,44.95495,2.4700429436818294
nigeria,draw_178,Male,0.01917808,0.07671233,44.95495,2.498433322440306
pakistan,draw_178,Female,0.01917808,0.07671233,44.95495,1.3799417097788333
pakistan,draw_178,Male,0.01917808,0.07671233,44.95495,1.7505790159684351
ethiopia,draw_178,Female,0.01917808,0.07671233,45.06507,2.6594031161287512
ethiopia,draw_178,Male,0.01917808,0.07671233,45.06507,2.458969336626004
nigeria,draw_178,Female,0.01917808,0.07671233,45.06507,2.471863396949715
nigeria,draw_178,Male,0.01917808,0.07671233,45.06507,2.500052942582131
pakistan,draw_178,Female,0.01917808,0.07671233,45.06507,1.3830866551034982
pakistan,draw_178,Male,0.01917808,0.07671233,45.06507,1.7536397311851672
ethiopia,draw_178,Female,0.01917808,0.07671233,45.17518,2.660898376088951
ethiopia,draw_178,Male,0.01917808,0.07671233,45.17518,2.4609030638838822
nigeria,draw_178,Female,0.01917808,0.07671233,45.17518,2.4736729877169803
nigeria,draw_178,Male,0.01917808,0.07671233,45.17518,2.501661704121813
pakistan,draw_178,Female,0.01917808,0.07671233,45.17518,1.3862328670585364
pakistan,draw_178,Male,0.01917808,0.07671233,45.17518,1.7566968446312567
ethiopia,draw_178,Female,0.01917808,0.07671233,45.28529,2.662382306866969
ethiopia,draw_178,Male,0.01917808,0.07671233,45.28529,2.462827055660532
nigeria,draw_178,Female,0.01917808,0.07671233,45.28529,2.4754728807275974
nigeria,draw_178,Male,0.01917808,0.07671233,45.28529,2.503260751231641
pakistan,draw_178,Female,0.01917808,0.07671233,45.28529,1.3893809025482968
pakistan,draw_178,Male,0.01917808,0.07671233,45.28529,1.7597513749171687
ethiopia,draw_178,Female,0.01917808,0.07671233,45.3954,2.6642717123106765
ethiopia,draw_178,Male,0.01917808,0.07671233,45.3954,2.4647412887218176
nigeria,draw_178,Female,0.01917808,0.07671233,45.3954,2.4772616522264297
nigeria,draw_178,Male,0.01917808,0.07671233,45.3954,2.5048496537335923
pakistan,draw_178,Female,0.01917808,0.07671233,45.3954,1.3925308034995212
pakistan,draw_178,Male,0.01917808,0.07671233,45.3954,1.7628025523623847
ethiopia,draw_178,Female,0.01917808,0.07671233,45.50551,2.6667360687601205
ethiopia,draw_178,Male,0.01917808,0.07671233,45.50551,2.46664579294156
nigeria,draw_178,Female,0.01917808,0.07671233,45.50551,2.479039970437506
nigeria,draw_178,Male,0.01917808,0.07671233,45.50551,2.5064281454511637
pakistan,draw_178,Female,0.01917808,0.07671233,45.50551,1.395682732341705
pakistan,draw_178,Male,0.01917808,0.07671233,45.50551,1.765850829709387
ethiopia,draw_178,Female,0.01917808,0.07671233,45.61562,2.6691880254147926
ethiopia,draw_178,Male,0.01917808,0.07671233,45.61562,2.468540632088094
nigeria,draw_178,Female,0.01917808,0.07671233,45.61562,2.4808079210810594
nigeria,draw_178,Male,0.01917808,0.07671233,45.61562,2.5079967767607
pakistan,draw_178,Female,0.01917808,0.07671233,45.61562,1.3988368101670214
pakistan,draw_178,Male,0.01917808,0.07671233,45.61562,1.7688960248229288
ethiopia,draw_178,Female,0.01917808,0.07671233,45.72573,2.671628914015552
ethiopia,draw_178,Male,0.01917808,0.07671233,45.72573,2.470425741105461
nigeria,draw_178,Female,0.01917808,0.07671233,45.72573,2.4825655760884997
nigeria,draw_178,Male,0.01917808,0.07671233,45.72573,2.509554903637404
pakistan,draw_178,Female,0.01917808,0.07671233,45.72573,1.4019927652823712
pakistan,draw_178,Male,0.01917808,0.07671233,45.72573,1.7719384387570865
ethiopia,draw_178,Female,0.01917808,0.07671233,45.83584,2.674056232704607
ethiopia,draw_178,Male,0.01917808,0.07671233,45.83584,2.4722993378200315
nigeria,draw_178,Female,0.01917808,0.07671233,45.83584,2.4843120951951003
nigeria,draw_178,Male,0.01917808,0.07671233,45.83584,2.5111020316085813
pakistan,draw_178,Female,0.01917808,0.07671233,45.83584,1.405149991733293
pakistan,draw_178,Male,0.01917808,0.07671233,45.83584,1.7749769330558989
ethiopia,draw_178,Female,0.01917808,0.07671233,45.94595,2.676471429300062
ethiopia,draw_178,Male,0.01917808,0.07671233,45.94595,2.474163284508692
nigeria,draw_178,Female,0.01917808,0.07671233,45.94595,2.486046609017769
nigeria,draw_178,Male,0.01917808,0.07671233,45.94595,2.5126380693794332
pakistan,draw_178,Female,0.01917808,0.07671233,45.94595,1.4083084552482992
pakistan,draw_178,Male,0.01917808,0.07671233,45.94595,1.7780118396069033
ethiopia,draw_178,Female,0.01917808,0.07671233,46.05606,2.6788745264472182
ethiopia,draw_178,Male,0.01917808,0.07671233,46.05606,2.4760167670141415
nigeria,draw_178,Female,0.01917808,0.07671233,46.05606,2.487770778786526
nigeria,draw_178,Male,0.01917808,0.07671233,46.05606,2.5141630078101875
pakistan,draw_178,Female,0.01917808,0.07671233,46.05606,1.411467979798686
pakistan,draw_178,Male,0.01917808,0.07671233,46.05606,1.7810436164809487
ethiopia,draw_178,Female,0.01917808,0.07671233,46.16617,2.6812645977066842
ethiopia,draw_178,Male,0.01917808,0.07671233,46.16617,2.477859880377641
nigeria,draw_178,Female,0.01917808,0.07671233,46.16617,2.4894844451404725
nigeria,draw_178,Male,0.01917808,0.07671233,46.16617,2.515676696903426
pakistan,draw_178,Female,0.01917808,0.07671233,46.16617,1.414628712365431
pakistan,draw_178,Male,0.01917808,0.07671233,46.16617,1.7840716579641145
ethiopia,draw_178,Female,0.01917808,0.07671233,46.27628,2.6836419685266106
ethiopia,draw_178,Male,0.01917808,0.07671233,46.27628,2.479693090515901
nigeria,draw_178,Female,0.01917808,0.07671233,46.27628,2.491187480857891
nigeria,draw_178,Male,0.01917808,0.07671233,46.27628,2.5171805102424347
pakistan,draw_178,Female,0.01917808,0.07671233,46.27628,1.4177910470320954
pakistan,draw_178,Male,0.01917808,0.07671233,46.27628,1.7870964880784408
ethiopia,draw_178,Female,0.01917808,0.07671233,46.38639,2.6860068318792103
ethiopia,draw_178,Male,0.01917808,0.07671233,46.38639,2.4815152698013287
nigeria,draw_178,Female,0.01917808,0.07671233,46.38639,2.4928798807855306
nigeria,draw_178,Male,0.01917808,0.07671233,46.38639,2.5186728698832344
pakistan,draw_178,Female,0.01917808,0.07671233,46.38639,1.4209550660579295
pakistan,draw_178,Male,0.01917808,0.07671233,46.38639,1.7901171395686566
ethiopia,draw_178,Female,0.01917808,0.07671233,46.4965,2.6883585520375752
ethiopia,draw_178,Male,0.01917808,0.07671233,46.4965,2.4833271376869575
nigeria,draw_178,Female,0.01917808,0.07671233,46.4965,2.4945613733283336
nigeria,draw_178,Male,0.01917808,0.07671233,46.4965,2.5201547720042625
pakistan,draw_178,Female,0.01917808,0.07671233,46.4965,1.4241212489621304
pakistan,draw_178,Male,0.01917808,0.07671233,46.4965,1.7931339756368334
ethiopia,draw_178,Female,0.01917808,0.07671233,46.60661,2.6906986248734057
ethiopia,draw_178,Male,0.01917808,0.07671233,46.60661,2.4851281770626925
nigeria,draw_178,Female,0.01917808,0.07671233,46.60661,2.4962320430553784
nigeria,draw_178,Male,0.01917808,0.07671233,46.60661,2.521625361570099
pakistan,draw_178,Female,0.01917808,0.07671233,46.60661,1.427289484097083
pakistan,draw_178,Male,0.01917808,0.07671233,46.60661,1.7961467983591672
ethiopia,draw_178,Female,0.01917808,0.07671233,46.71672,2.6930252493311038
ethiopia,draw_178,Male,0.01917808,0.07671233,46.71672,2.4869182983768785
nigeria,draw_178,Female,0.01917808,0.07671233,46.71672,2.4978913275937678
nigeria,draw_178,Male,0.01917808,0.07671233,46.71672,2.5230855395202694
pakistan,draw_178,Female,0.01917808,0.07671233,46.71672,1.4304596255377906
pakistan,draw_178,Male,0.01917808,0.07671233,46.71672,1.799155709816147
ethiopia,draw_178,Female,0.01917808,0.07671233,46.82683,2.6953387955326047
ethiopia,draw_178,Male,0.01917808,0.07671233,46.82683,2.4886980744969978
nigeria,draw_178,Female,0.01917808,0.07671233,46.82683,2.4995397171141946
nigeria,draw_178,Male,0.01917808,0.07671233,46.82683,2.5245331592017277
pakistan,draw_178,Female,0.01917808,0.07671233,46.82683,1.433631120155588
pakistan,draw_178,Male,0.01917808,0.07671233,46.82683,1.8021604060540537
ethiopia,draw_178,Female,0.01917808,0.07671233,46.93694,2.697638654032868
ethiopia,draw_178,Male,0.01917808,0.07671233,46.93694,2.490465278092581
nigeria,draw_178,Female,0.01917808,0.07671233,46.93694,2.501176014618881
nigeria,draw_178,Male,0.01917808,0.07671233,46.93694,2.52596979931399
pakistan,draw_178,Female,0.01917808,0.07671233,46.93694,1.43680347656212
pakistan,draw_178,Male,0.01917808,0.07671233,46.93694,1.8051607925155233
ethiopia,draw_178,Female,0.01917808,0.07671233,47.04705,2.6999252033017047
ethiopia,draw_178,Male,0.01917808,0.07671233,47.04705,2.4922230810103607
nigeria,draw_178,Female,0.01917808,0.07671233,47.04705,2.5028011180929863
nigeria,draw_178,Male,0.01917808,0.07671233,47.04705,2.527395468987364
pakistan,draw_178,Female,0.01917808,0.07671233,47.04705,1.439977054252263
pakistan,draw_178,Male,0.01917808,0.07671233,47.04705,1.8081571206872993
ethiopia,draw_178,Female,0.01917808,0.07671233,47.15716,2.702199364141092
ethiopia,draw_178,Male,0.01917808,0.07671233,47.15716,2.4939693558574065
nigeria,draw_178,Female,0.01917808,0.07671233,47.15716,2.504414717664588
nigeria,draw_178,Male,0.01917808,0.07671233,47.15716,2.5288093453541087
pakistan,draw_178,Female,0.01917808,0.07671233,47.15716,1.4431516233924686
pakistan,draw_178,Male,0.01917808,0.07671233,47.15716,1.811149241411011
ethiopia,draw_178,Female,0.01917808,0.07671233,47.26727,2.7044597179599594
ethiopia,draw_178,Male,0.01917808,0.07671233,47.26727,2.495704564114173
nigeria,draw_178,Female,0.01917808,0.07671233,47.26727,2.506016716676376
nigeria,draw_178,Male,0.01917808,0.07671233,47.26727,2.530212031549321
pakistan,draw_178,Female,0.01917808,0.07671233,47.26727,1.4463265586674658
pakistan,draw_178,Male,0.01917808,0.07671233,47.26727,1.8141374012342413
ethiopia,draw_178,Female,0.01917808,0.07671233,47.37738,2.7067072152697618
ethiopia,draw_178,Male,0.01917808,0.07671233,47.37738,2.497429037523654
nigeria,draw_178,Female,0.01917808,0.07671233,47.37738,2.5076072029721472
nigeria,draw_178,Male,0.01917808,0.07671233,47.37738,2.531603173388457
pakistan,draw_178,Female,0.01917808,0.07671233,47.37738,1.4495027032524916
pakistan,draw_178,Male,0.01917808,0.07671233,47.37738,1.817121151319377
ethiopia,draw_178,Female,0.01917808,0.07671233,47.48749,2.708941603946421
ethiopia,draw_178,Male,0.01917808,0.07671233,47.48749,2.4991431698412683
nigeria,draw_178,Female,0.01917808,0.07671233,47.48749,2.5091855602312707
nigeria,draw_178,Male,0.01917808,0.07671233,47.48749,2.5329830340966617
pakistan,draw_178,Female,0.01917808,0.07671233,47.48749,1.4526798460192194
pakistan,draw_178,Male,0.01917808,0.07671233,47.48749,1.82010023273836
ethiopia,draw_178,Female,0.01917808,0.07671233,47.5976,2.7111621830379113
ethiopia,draw_178,Male,0.01917808,0.07671233,47.5976,2.5008460674159485
nigeria,draw_178,Female,0.01917808,0.07671233,47.5976,2.510752349171898
nigeria,draw_178,Male,0.01917808,0.07671233,47.5976,2.5343518729053858
pakistan,draw_178,Female,0.01917808,0.07671233,47.5976,1.4558579309236732
pakistan,draw_178,Male,0.01917808,0.07671233,47.5976,1.8230751168036552
ethiopia,draw_178,Female,0.01917808,0.07671233,47.70771,2.71337021454838
ethiopia,draw_178,Male,0.01917808,0.07671233,47.70771,2.5025377225626095
nigeria,draw_178,Female,0.01917808,0.07671233,47.70771,2.512306892627311
nigeria,draw_178,Male,0.01917808,0.07671233,47.70771,2.535708744947277
pakistan,draw_178,Female,0.01917808,0.07671233,47.70771,1.4590381535095893
pakistan,draw_178,Male,0.01917808,0.07671233,47.70771,1.826045831030184
ethiopia,draw_178,Female,0.01917808,0.07671233,47.81782,2.7155643010809856
ethiopia,draw_178,Male,0.01917808,0.07671233,47.81782,2.5042181873393803
nigeria,draw_178,Female,0.01917808,0.07671233,47.81782,2.5138494741512862
nigeria,draw_178,Male,0.01917808,0.07671233,47.81782,2.537054669507578
pakistan,draw_178,Female,0.01917808,0.07671233,47.81782,1.462219070597351
pakistan,draw_178,Male,0.01917808,0.07671233,47.81782,1.8290117437225741
ethiopia,draw_178,Female,0.01917808,0.07671233,47.92793,2.71774332887893
ethiopia,draw_178,Male,0.01917808,0.07671233,47.92793,2.5058868563971233
nigeria,draw_178,Female,0.01917808,0.07671233,47.92793,2.5153795528422767
nigeria,draw_178,Male,0.01917808,0.07671233,47.92793,2.5383879962384306
pakistan,draw_178,Female,0.01917808,0.07671233,47.92793,1.4654008440342168
pakistan,draw_178,Male,0.01917808,0.07671233,47.92793,1.8319725827167406
ethiopia,draw_178,Female,0.01917808,0.07671233,48.03804,2.719908349865392
ethiopia,draw_178,Male,0.01917808,0.07671233,48.03804,2.507543982434884
nigeria,draw_178,Female,0.01917808,0.07671233,48.03804,2.516897529045899
nigeria,draw_178,Male,0.01917808,0.07671233,48.03804,2.5397101552474224
pakistan,draw_178,Female,0.01917808,0.07671233,48.03804,1.4685836487515953
pakistan,draw_178,Male,0.01917808,0.07671233,48.03804,1.834929531211043
ethiopia,draw_178,Female,0.01917808,0.07671233,48.14815,2.722059327312988
ethiopia,draw_178,Male,0.01917808,0.07671233,48.14815,2.50918962103945
nigeria,draw_178,Female,0.01917808,0.07671233,48.14815,2.5184040363887292
nigeria,draw_178,Male,0.01917808,0.07671233,48.14815,2.541020612767056
pakistan,draw_178,Female,0.01917808,0.07671233,48.14815,1.47176722850386
pakistan,draw_178,Male,0.01917808,0.07671233,48.14815,1.8378815596940723
ethiopia,draw_178,Female,0.01917808,0.07671233,48.25826,2.724197319584344
ethiopia,draw_178,Male,0.01917808,0.07671233,48.25826,2.51082430171531
nigeria,draw_178,Female,0.01917808,0.07671233,48.25826,2.519898373753478
nigeria,draw_178,Male,0.01917808,0.07671233,48.25826,2.542319072338392
pakistan,draw_178,Female,0.01917808,0.07671233,48.25826,1.4749507742538204
pakistan,draw_178,Male,0.01917808,0.07671233,48.25826,1.8408281557714503
ethiopia,draw_178,Female,0.01917808,0.07671233,48.36837,2.72632049561918
ethiopia,draw_178,Male,0.01917808,0.07671233,48.36837,2.5124482918545232
nigeria,draw_178,Female,0.01917808,0.07671233,48.36837,2.5213800118495366
nigeria,draw_178,Male,0.01917808,0.07671233,48.36837,2.5436053238645906
pakistan,draw_178,Female,0.01917808,0.07671233,48.36837,1.4781351059749777
pakistan,draw_178,Male,0.01917808,0.07671233,48.36837,1.8437700655374665
ethiopia,draw_178,Female,0.01917808,0.07671233,48.47848,2.728430207150455
ethiopia,draw_178,Male,0.01917808,0.07671233,48.47848,2.5140596603528684
nigeria,draw_178,Female,0.01917808,0.07671233,48.47848,2.522849540535014
nigeria,draw_178,Male,0.01917808,0.07671233,48.47848,2.5448805340422664
pakistan,draw_178,Female,0.01917808,0.07671233,48.47848,1.4813200544663354
pakistan,draw_178,Male,0.01917808,0.07671233,48.47848,1.8467072446715505
ethiopia,draw_178,Female,0.01917808,0.07671233,48.58859,2.7305265084450476
ethiopia,draw_178,Male,0.01917808,0.07671233,48.58859,2.515660284431279
nigeria,draw_178,Female,0.01917808,0.07671233,48.58859,2.524307807904744
nigeria,draw_178,Male,0.01917808,0.07671233,48.58859,2.5461434662468116
pakistan,draw_178,Female,0.01917808,0.07671233,48.58859,1.4845056409297872
pakistan,draw_178,Male,0.01917808,0.07671233,48.58859,1.8496393100769681
ethiopia,draw_178,Female,0.01917808,0.07671233,48.6987,2.732609298993936
ethiopia,draw_178,Male,0.01917808,0.07671233,48.6987,2.517248585822623
nigeria,draw_178,Female,0.01917808,0.07671233,48.6987,2.5257540469539648
nigeria,draw_178,Male,0.01917808,0.07671233,48.6987,2.5473953901827264
pakistan,draw_178,Female,0.01917808,0.07671233,48.6987,1.4876914647333517
pakistan,draw_178,Male,0.01917808,0.07671233,48.6987,1.8525661570652479
ethiopia,draw_178,Female,0.01917808,0.07671233,48.80881,2.73467777607436
ethiopia,draw_178,Male,0.01917808,0.07671233,48.80881,2.518825797701654
nigeria,draw_178,Female,0.01917808,0.07671233,48.80881,2.5271874138413994
nigeria,draw_178,Male,0.01917808,0.07671233,48.80881,2.5486358337220754
pakistan,draw_178,Female,0.01917808,0.07671233,48.80881,1.4908783578852476
pakistan,draw_178,Male,0.01917808,0.07671233,48.80881,1.8554872557636612
ethiopia,draw_178,Female,0.01917808,0.07671233,48.91892,2.736729513224297
ethiopia,draw_178,Male,0.01917808,0.07671233,48.91892,2.5203904710921248
nigeria,draw_178,Female,0.01917808,0.07671233,48.91892,2.5286080481524396
nigeria,draw_178,Male,0.01917808,0.07671233,48.91892,2.5504680755122986
pakistan,draw_178,Female,0.01917808,0.07671233,48.91892,1.4940651848415762
pakistan,draw_178,Male,0.01917808,0.07671233,48.91892,1.8584018995371092
ethiopia,draw_178,Female,0.01917808,0.07671233,49.02903,2.7387678947693725
ethiopia,draw_178,Male,0.01917808,0.07671233,49.02903,2.5219421172459233
nigeria,draw_178,Female,0.01917808,0.07671233,49.02903,2.530015507764165
nigeria,draw_178,Male,0.01917808,0.07671233,49.02903,2.552580078852711
pakistan,draw_178,Female,0.01917808,0.07671233,49.02903,1.4972528118768307
pakistan,draw_178,Male,0.01917808,0.07671233,49.02903,1.8613109178975418
ethiopia,draw_178,Female,0.01917808,0.07671233,49.13914,2.7407915009073633
ethiopia,draw_178,Male,0.01917808,0.07671233,49.13914,2.523481825304972
nigeria,draw_178,Female,0.01917808,0.07671233,49.13914,2.5314102047113773
nigeria,draw_178,Male,0.01917808,0.07671233,49.13914,2.5546802269184603
pakistan,draw_178,Female,0.01917808,0.07671233,49.13914,1.5004408421168416
pakistan,draw_178,Male,0.01917808,0.07671233,49.13914,1.8642137388717852
ethiopia,draw_178,Female,0.01917808,0.07671233,49.24925,2.7428007019852063
ethiopia,draw_178,Male,0.01917808,0.07671233,49.24925,2.5250095337099285
nigeria,draw_178,Female,0.01917808,0.07671233,49.24925,2.532791963836347
nigeria,draw_178,Male,0.01917808,0.07671233,49.24925,2.5567684563365405
pakistan,draw_178,Female,0.01917808,0.07671233,49.24925,1.503628892944334
pakistan,draw_178,Male,0.01917808,0.07671233,49.24925,1.867110523019781
ethiopia,draw_178,Female,0.01917808,0.07671233,49.35936,2.744794881759997
ethiopia,draw_178,Male,0.01917808,0.07671233,49.35936,2.5265262389167913
nigeria,draw_178,Female,0.01917808,0.07671233,49.35936,2.5341611611918076
nigeria,draw_178,Male,0.01917808,0.07671233,49.35936,2.5588441944547378
pakistan,draw_178,Female,0.01917808,0.07671233,49.35936,1.506816957294718
pakistan,draw_178,Male,0.01917808,0.07671233,49.35936,1.870000896237495
ethiopia,draw_178,Female,0.01917808,0.07671233,49.46947,2.746773455100887
ethiopia,draw_178,Male,0.01917808,0.07671233,49.46947,2.5280301488749606
nigeria,draw_178,Female,0.01917808,0.07671233,49.46947,2.5355176070951995
nigeria,draw_178,Male,0.01917808,0.07671233,49.46947,2.560907774046341
pakistan,draw_178,Female,0.01917808,0.07671233,49.46947,1.510004210939282
pakistan,draw_178,Male,0.01917808,0.07671233,49.46947,1.8728851898149044
ethiopia,draw_178,Female,0.01917808,0.07671233,49.57958,2.7487385436062173
ethiopia,draw_178,Male,0.01917808,0.07671233,49.57958,2.5297731212731835
nigeria,draw_178,Female,0.01917808,0.07671233,49.57958,2.5368624672323383
nigeria,draw_178,Male,0.01917808,0.07671233,49.57958,2.562958374435895
pakistan,draw_178,Female,0.01917808,0.07671233,49.57958,1.5131919385903525
pakistan,draw_178,Male,0.01917808,0.07671233,49.57958,1.8757630326423258
ethiopia,draw_178,Female,0.01917808,0.07671233,49.68969,2.750688754358491
ethiopia,draw_178,Male,0.01917808,0.07671233,49.68969,2.5317988801907707
nigeria,draw_178,Female,0.01917808,0.07671233,49.68969,2.5381934067091674
nigeria,draw_178,Male,0.01917808,0.07671233,49.68969,2.5649964978573694
pakistan,draw_178,Female,0.01917808,0.07671233,49.68969,1.5163800937081744
pakistan,draw_178,Male,0.01917808,0.07671233,49.68969,1.878634254888493
ethiopia,draw_178,Female,0.01917808,0.07671233,49.7998,2.7526239542479276
ethiopia,draw_178,Male,0.01917808,0.07671233,49.7998,2.533811446418043
nigeria,draw_178,Female,0.01917808,0.07671233,49.7998,2.5395116785890948
nigeria,draw_178,Male,0.01917808,0.07671233,49.7998,2.5670221279348437
pakistan,draw_178,Female,0.01917808,0.07671233,49.7998,1.5195683594912812
pakistan,draw_178,Male,0.01917808,0.07671233,49.7998,1.8814992987999617
ethiopia,draw_178,Female,0.01917808,0.07671233,49.90991,2.7545437283915106
ethiopia,draw_178,Male,0.01917808,0.07671233,49.90991,2.535811748962416
nigeria,draw_178,Female,0.01917808,0.07671233,49.90991,2.540816559029388
nigeria,draw_178,Male,0.01917808,0.07671233,49.90991,2.569034222400747
pakistan,draw_178,Female,0.01917808,0.07671233,49.90991,1.5227552854069495
pakistan,draw_178,Male,0.01917808,0.07671233,49.90991,1.884357814183135
ethiopia,draw_178,Female,0.01917808,0.07671233,50.02002,2.756446842643904
ethiopia,draw_178,Male,0.01917808,0.07671233,50.02002,2.5377996724367744
nigeria,draw_178,Female,0.01917808,0.07671233,50.02002,2.5421079124251165
nigeria,draw_178,Male,0.01917808,0.07671233,50.02002,2.571033285232973
pakistan,draw_178,Female,0.01917808,0.07671233,50.02002,1.5259416270762691
pakistan,draw_178,Male,0.01917808,0.07671233,50.02002,1.887209284772116
ethiopia,draw_178,Female,0.01917808,0.07671233,50.13013,2.75833472135327
ethiopia,draw_178,Male,0.01917808,0.07671233,50.13013,2.5397743872286433
nigeria,draw_178,Female,0.01917808,0.07671233,50.13013,2.543386066798061
nigeria,draw_178,Male,0.01917808,0.07671233,50.13013,2.573018887574556
pakistan,draw_178,Female,0.01917808,0.07671233,50.13013,1.529127213754958
pakistan,draw_178,Male,0.01917808,0.07671233,50.13013,1.890054111192043
ethiopia,draw_178,Female,0.01917808,0.07671233,50.24024,2.7602081393215196
ethiopia,draw_178,Male,0.01917808,0.07671233,50.24024,2.5417369423249254
nigeria,draw_178,Female,0.01917808,0.07671233,50.24024,2.5450395568240967
nigeria,draw_178,Male,0.01917808,0.07671233,50.24024,2.5749919045346674
pakistan,draw_178,Female,0.01917808,0.07671233,50.24024,1.5323126894458265
pakistan,draw_178,Male,0.01917808,0.07671233,50.24024,1.8928922335449239
ethiopia,draw_178,Female,0.01917808,0.07671233,50.35035,2.7620662991144256
ethiopia,draw_178,Male,0.01917808,0.07671233,50.35035,2.5436870753268646
nigeria,draw_178,Female,0.01917808,0.07671233,50.35035,2.547296567774116
nigeria,draw_178,Male,0.01917808,0.07671233,50.35035,2.576951215639048
pakistan,draw_178,Female,0.01917808,0.07671233,50.35035,1.5354977112123964
pakistan,draw_178,Male,0.01917808,0.07671233,50.35035,1.895723312106459
ethiopia,draw_178,Female,0.01917808,0.07671233,50.46046,2.7639083457567106
ethiopia,draw_178,Male,0.01917808,0.07671233,50.46046,2.545625454727543
nigeria,draw_178,Female,0.01917808,0.07671233,50.46046,2.5495394979527997
nigeria,draw_178,Male,0.01917808,0.07671233,50.46046,2.5788983181314094
pakistan,draw_178,Female,0.01917808,0.07671233,50.46046,1.5386813284025331
pakistan,draw_178,Male,0.01917808,0.07671233,50.46046,1.8985472061606468
ethiopia,draw_178,Female,0.01917808,0.07671233,50.57057,2.7657355526530294
ethiopia,draw_178,Male,0.01917808,0.07671233,50.57057,2.547550963312387
nigeria,draw_178,Female,0.01917808,0.07671233,50.57057,2.5517692090121185
nigeria,draw_178,Male,0.01917808,0.07671233,50.57057,2.580831761907037
pakistan,draw_178,Female,0.01917808,0.07671233,50.57057,1.5418638047578592
pakistan,draw_178,Male,0.01917808,0.07671233,50.57057,1.9013638275214995
ethiopia,draw_178,Female,0.01917808,0.07671233,50.68068,2.767547093491967
ethiopia,draw_178,Male,0.01917808,0.07671233,50.68068,2.5494633781918266
nigeria,draw_178,Female,0.01917808,0.07671233,50.68068,2.553984858284833
nigeria,draw_178,Male,0.01917808,0.07671233,50.68068,2.5827519851936196
pakistan,draw_178,Female,0.01917808,0.07671233,50.68068,1.5450450457387472
pakistan,draw_178,Male,0.01917808,0.07671233,50.68068,1.9041730639335226
ethiopia,draw_178,Female,0.01917808,0.07671233,50.79079,2.769344379129034
ethiopia,draw_178,Male,0.01917808,0.07671233,50.79079,2.5513625727722156
nigeria,draw_178,Female,0.01917808,0.07671233,50.79079,2.556186087628701
nigeria,draw_178,Male,0.01917808,0.07671233,50.79079,2.5846590167466825
pakistan,draw_178,Female,0.01917808,0.07671233,50.79079,1.5482259498548019
pakistan,draw_178,Male,0.01917808,0.07671233,50.79079,1.9069748385387189
ethiopia,draw_178,Female,0.01917808,0.07671233,50.9009,2.7711261605734263
ethiopia,draw_178,Male,0.01917808,0.07671233,50.9009,2.553249696342944
nigeria,draw_178,Female,0.01917808,0.07671233,50.9009,2.558373230568476
nigeria,draw_178,Male,0.01917808,0.07671233,50.9009,2.586552355316777
pakistan,draw_178,Female,0.01917808,0.07671233,50.9009,1.5514058981770094
pakistan,draw_178,Male,0.01917808,0.07671233,50.9009,1.9097695191060473
ethiopia,draw_178,Female,0.01917808,0.07671233,51.01101,2.7728897308454212
ethiopia,draw_178,Male,0.01917808,0.07671233,51.01101,2.555122854601202
nigeria,draw_178,Female,0.01917808,0.07671233,51.01101,2.5605457012032997
nigeria,draw_178,Male,0.01917808,0.07671233,51.01101,2.5884320984306792
pakistan,draw_178,Female,0.01917808,0.07671233,51.01101,1.5545837527247823
pakistan,draw_178,Male,0.01917808,0.07671233,51.01101,1.9125557227580665
ethiopia,draw_178,Female,0.01917808,0.07671233,51.12112,2.7746391764403535
ethiopia,draw_178,Male,0.01917808,0.07671233,51.12112,2.556981966499584
nigeria,draw_178,Female,0.01917808,0.07671233,51.12112,2.5627052028304877
nigeria,draw_178,Male,0.01917808,0.07671233,51.12112,2.5902993844682034
pakistan,draw_178,Female,0.01917808,0.07671233,51.12112,1.5577606542407982
pakistan,draw_178,Male,0.01917808,0.07671233,51.12112,1.9153345334114136
ethiopia,draw_178,Female,0.01917808,0.07671233,51.23123,2.7763718509132
ethiopia,draw_178,Male,0.01917808,0.07671233,51.23123,2.558828501244767
nigeria,draw_178,Female,0.01917808,0.07671233,51.23123,2.564850321214629
nigeria,draw_178,Male,0.01917808,0.07671233,51.23123,2.5921525872222713
pakistan,draw_178,Female,0.01917808,0.07671233,51.23123,1.5609370690684377
pakistan,draw_178,Male,0.01917808,0.07671233,51.23123,1.9181055821962396
ethiopia,draw_178,Female,0.01917808,0.07671233,51.34134,2.778089043795104
ethiopia,draw_178,Male,0.01917808,0.07671233,51.34134,2.560662515513331
nigeria,draw_178,Female,0.01917808,0.07671233,51.34134,2.5669816025578944
nigeria,draw_178,Male,0.01917808,0.07671233,51.34134,2.5939915967914047
pakistan,draw_178,Female,0.01917808,0.07671233,51.34134,1.5641130996218235
pakistan,draw_178,Male,0.01917808,0.07671233,51.34134,1.9208695900469888
ethiopia,draw_178,Female,0.01917808,0.07671233,51.45145,2.7797913612756786
ethiopia,draw_178,Male,0.01917808,0.07671233,51.45145,2.562482859384915
nigeria,draw_178,Female,0.01917808,0.07671233,51.45145,2.5690986443129775
nigeria,draw_178,Male,0.01917808,0.07671233,51.45145,2.5958178581607556
pakistan,draw_178,Female,0.01917808,0.07671233,51.45145,1.5672883620771707
pakistan,draw_178,Male,0.01917808,0.07671233,51.45145,1.9236259663691493
ethiopia,draw_178,Female,0.01917808,0.07671233,51.56156,2.781478193473702
ethiopia,draw_178,Male,0.01917808,0.07671233,51.56156,2.5642905554234354
nigeria,draw_178,Female,0.01917808,0.07671233,51.56156,2.5712009234984263
nigeria,draw_178,Male,0.01917808,0.07671233,51.56156,2.5976296401085537
pakistan,draw_178,Female,0.01917808,0.07671233,51.56156,1.5704619566844114
pakistan,draw_178,Male,0.01917808,0.07671233,51.56156,1.9263743037653438
ethiopia,draw_178,Female,0.01917808,0.07671233,51.67167,2.783149435784109
ethiopia,draw_178,Male,0.01917808,0.07671233,51.67167,2.5660846978071232
nigeria,draw_178,Female,0.01917808,0.07671233,51.67167,2.573289526942281
nigeria,draw_178,Male,0.01917808,0.07671233,51.67167,2.599428194978359
pakistan,draw_178,Female,0.01917808,0.07671233,51.67167,1.5736348209290754
pakistan,draw_178,Male,0.01917808,0.07671233,51.67167,1.9291152686248643
ethiopia,draw_178,Female,0.01917808,0.07671233,51.78178,2.784804708208458
ethiopia,draw_178,Male,0.01917808,0.07671233,51.78178,2.5678654865367423
nigeria,draw_178,Female,0.01917808,0.07671233,51.78178,2.575364329812505
nigeria,draw_178,Male,0.01917808,0.07671233,51.78178,2.6012112573828796
pakistan,draw_178,Female,0.01917808,0.07671233,51.78178,1.5768062160936145
pakistan,draw_178,Male,0.01917808,0.07671233,51.78178,1.9318484172907693
ethiopia,draw_178,Female,0.01917808,0.07671233,51.89189,2.7864442845312447
ethiopia,draw_178,Male,0.01917808,0.07671233,51.89189,2.569632309641463
nigeria,draw_178,Female,0.01917808,0.07671233,51.89189,2.5774242088684995
nigeria,draw_178,Male,0.01917808,0.07671233,51.89189,2.602981522911222
pakistan,draw_178,Female,0.01917808,0.07671233,51.89189,1.5799746560704437
pakistan,draw_178,Male,0.01917808,0.07671233,51.89189,1.9345737748882992
ethiopia,draw_178,Female,0.01917808,0.07671233,52.002,2.7880660023096
ethiopia,draw_178,Male,0.01917808,0.07671233,52.002,2.5713847136097954
nigeria,draw_178,Female,0.01917808,0.07671233,52.002,2.579470084459649
nigeria,draw_178,Male,0.01917808,0.07671233,52.002,2.604736447123107
pakistan,draw_178,Female,0.01917808,0.07671233,52.002,1.583138884740776
pakistan,draw_178,Male,0.01917808,0.07671233,52.002,1.9372907885592041
ethiopia,draw_178,Female,0.01917808,0.07671233,52.11211,2.789671389949811
ethiopia,draw_178,Male,0.01917808,0.07671233,52.11211,2.573123983173026
nigeria,draw_178,Female,0.01917808,0.07671233,52.11211,2.5815005627694605
nigeria,draw_178,Male,0.01917808,0.07671233,52.11211,2.6064781322193933
pakistan,draw_178,Female,0.01917808,0.07671233,52.11211,1.5862992864092524
pakistan,draw_178,Male,0.01917808,0.07671233,52.11211,1.939999280431778
ethiopia,draw_178,Female,0.01917808,0.07671233,52.22222,2.791260497530923
ethiopia,draw_178,Male,0.01917808,0.07671233,52.22222,2.5748491028923004
nigeria,draw_178,Female,0.01917808,0.07671233,52.22222,2.583516342063828
nigeria,draw_178,Male,0.01917808,0.07671233,52.22222,2.608205584545416
pakistan,draw_178,Female,0.01917808,0.07671233,52.22222,1.5894562054926435
pakistan,draw_178,Male,0.01917808,0.07671233,52.22222,1.942699653496568
ethiopia,draw_178,Female,0.01917808,0.07671233,52.33233,2.7928313922343073
ethiopia,draw_178,Male,0.01917808,0.07671233,52.33233,2.5765612079077607
nigeria,draw_178,Female,0.01917808,0.07671233,52.33233,2.5855175393193983
nigeria,draw_178,Male,0.01917808,0.07671233,52.33233,2.609917552919062
pakistan,draw_178,Female,0.01917808,0.07671233,52.33233,1.592609066271864
pakistan,draw_178,Male,0.01917808,0.07671233,52.33233,1.9453917120939093
ethiopia,draw_178,Female,0.01917808,0.07671233,52.44244,2.7943860141708337
ethiopia,draw_178,Male,0.01917808,0.07671233,52.44244,2.5782591696374455
nigeria,draw_178,Female,0.01917808,0.07671233,52.44244,2.587504334709734
nigeria,draw_178,Male,0.01917808,0.07671233,52.44244,2.6116151756194514
pakistan,draw_178,Female,0.01917808,0.07671233,52.44244,1.595758055046823
pakistan,draw_178,Male,0.01917808,0.07671233,52.44244,1.9480751135663588
ethiopia,draw_178,Female,0.01917808,0.07671233,52.55255,2.7959249901950582
ethiopia,draw_178,Male,0.01917808,0.07671233,52.55255,2.579942955167645
nigeria,draw_178,Female,0.01917808,0.07671233,52.55255,2.5894742422101595
nigeria,draw_178,Male,0.01917808,0.07671233,52.55255,2.6132979470194146
pakistan,draw_178,Female,0.01917808,0.07671233,52.55255,1.5989032786943165
pakistan,draw_178,Male,0.01917808,0.07671233,52.55255,1.9507499726580744
ethiopia,draw_178,Female,0.01917808,0.07671233,52.66266,2.7974470347144647
ethiopia,draw_178,Male,0.01917808,0.07671233,52.66266,2.58161342396045
nigeria,draw_178,Female,0.01917808,0.07671233,52.66266,2.591429084781837
nigeria,draw_178,Male,0.01917808,0.07671233,52.66266,2.61496503638292
pakistan,draw_178,Female,0.01917808,0.07671233,52.66266,1.6020450059512328
pakistan,draw_178,Male,0.01917808,0.07671233,52.66266,1.9534161686186648
ethiopia,draw_178,Female,0.01917808,0.07671233,52.77277,2.798952066326934
ethiopia,draw_178,Male,0.01917808,0.07671233,52.77277,2.583269755695491
nigeria,draw_178,Female,0.01917808,0.07671233,52.77277,2.593369925472504
nigeria,draw_178,Male,0.01917808,0.07671233,52.77277,2.616617909307388
pakistan,draw_178,Female,0.01917808,0.07671233,52.77277,1.6051826036077503
pakistan,draw_178,Male,0.01917808,0.07671233,52.77277,1.9560732812324455
ethiopia,draw_178,Female,0.01917808,0.07671233,52.88288,2.8004397672550128
ethiopia,draw_178,Male,0.01917808,0.07671233,52.88288,2.5849107394828224
nigeria,draw_178,Female,0.01917808,0.07671233,52.88288,2.595295115716978
nigeria,draw_178,Male,0.01917808,0.07671233,52.88288,2.6182559954299607
pakistan,draw_178,Female,0.01917808,0.07671233,52.88288,1.6083163900012656
pakistan,draw_178,Male,0.01917808,0.07671233,52.88288,1.958721685220063
ethiopia,draw_178,Female,0.01917808,0.07671233,52.99299,2.801909741851787
ethiopia,draw_178,Male,0.01917808,0.07671233,52.99299,2.586537901447414
nigeria,draw_178,Female,0.01917808,0.07671233,52.99299,2.5972031603652517
nigeria,draw_178,Male,0.01917808,0.07671233,52.99299,2.619877895612839
pakistan,draw_178,Female,0.01917808,0.07671233,52.99299,1.6114463705335162
pakistan,draw_178,Male,0.01917808,0.07671233,52.99299,1.9613605932664628
ethiopia,draw_178,Female,0.01917808,0.07671233,53.1031,2.803361366899277
ethiopia,draw_178,Male,0.01917808,0.07671233,53.1031,2.588149108369776
nigeria,draw_178,Female,0.01917808,0.07671233,53.1031,2.5990958810544953
nigeria,draw_178,Male,0.01917808,0.07671233,53.1031,2.6214846262205698
pakistan,draw_178,Female,0.01917808,0.07671233,53.1031,1.614571736914822
pakistan,draw_178,Male,0.01917808,0.07671233,53.1031,1.9639894248968353
ethiopia,draw_178,Female,0.01917808,0.07671233,53.21321,2.804795833849093
ethiopia,draw_178,Male,0.01917808,0.07671233,53.21321,2.5897465562152817
nigeria,draw_178,Female,0.01917808,0.07671233,53.21321,2.6009715909238986
nigeria,draw_178,Male,0.01917808,0.07671233,53.21321,2.6230763211217547
pakistan,draw_178,Female,0.01917808,0.07671233,53.21321,1.6176927122384936
pakistan,draw_178,Male,0.01917808,0.07671233,53.21321,1.9666087462118302
ethiopia,draw_178,Female,0.01917808,0.07671233,53.32332,2.8062132799491186
ethiopia,draw_178,Male,0.01917808,0.07671233,53.32332,2.5913293984571437
nigeria,draw_178,Female,0.01917808,0.07671233,53.32332,2.602831485567833
nigeria,draw_178,Male,0.01917808,0.07671233,53.32332,2.6246528929697157
pakistan,draw_178,Female,0.01917808,0.07671233,53.32332,1.6208092851139397
pakistan,draw_178,Male,0.01917808,0.07671233,53.32332,1.9692186969581698
ethiopia,draw_178,Female,0.01917808,0.07671233,53.43343,2.8076132300814516
ethiopia,draw_178,Male,0.01917808,0.07671233,53.43343,2.5928979167960993
nigeria,draw_178,Female,0.01917808,0.07671233,53.43343,2.604675851519302
nigeria,draw_178,Male,0.01917808,0.07671233,53.43343,2.6262142340513264
pakistan,draw_178,Female,0.01917808,0.07671233,53.43343,1.6239215349347502
pakistan,draw_178,Male,0.01917808,0.07671233,53.43343,1.9718200530173084
ethiopia,draw_178,Female,0.01917808,0.07671233,53.54354,2.8089965895291806
ethiopia,draw_178,Male,0.01917808,0.07671233,53.54354,2.5944517395243376
nigeria,draw_178,Female,0.01917808,0.07671233,53.54354,2.6065037526955903
nigeria,draw_178,Male,0.01917808,0.07671233,53.54354,2.627759995163109
pakistan,draw_178,Female,0.01917808,0.07671233,53.54354,1.627029369835357
pakistan,draw_178,Male,0.01917808,0.07671233,53.54354,1.9744117727693087
ethiopia,draw_178,Female,0.01917808,0.07671233,53.65365,2.810362348004483
ethiopia,draw_178,Male,0.01917808,0.07671233,53.65365,2.59599156059219
nigeria,draw_178,Female,0.01917808,0.07671233,53.65365,2.6083147181865165
nigeria,draw_178,Male,0.01917808,0.07671233,53.65365,2.6292907547180557
pakistan,draw_178,Female,0.01917808,0.07671233,53.65365,1.630132802067875
pakistan,draw_178,Male,0.01917808,0.07671233,53.65365,1.9769939328136026
ethiopia,draw_178,Female,0.01917808,0.07671233,53.76376,2.811710698747354
ethiopia,draw_178,Male,0.01917808,0.07671233,53.76376,2.5975171175265195
nigeria,draw_178,Female,0.01917808,0.07671233,53.76376,2.6101109088358103
nigeria,draw_178,Male,0.01917808,0.07671233,53.76376,2.63080592664536
pakistan,draw_178,Female,0.01917808,0.07671233,53.76376,1.6332313614911445
pakistan,draw_178,Male,0.01917808,0.07671233,53.76376,1.979566607644551
ethiopia,draw_178,Female,0.01917808,0.07671233,53.87387,2.8130399943555697
ethiopia,draw_178,Male,0.01917808,0.07671233,53.87387,2.5990281422653494
nigeria,draw_178,Female,0.01917808,0.07671233,53.87387,2.6118907320481797
nigeria,draw_178,Male,0.01917808,0.07671233,53.87387,2.6323072133311167
pakistan,draw_178,Female,0.01917808,0.07671233,53.87387,1.6363244072022585
pakistan,draw_178,Male,0.01917808,0.07671233,53.87387,1.9821298263634743
ethiopia,draw_178,Female,0.01917808,0.07671233,53.98398,2.814351965977956
ethiopia,draw_178,Male,0.01917808,0.07671233,53.98398,2.6005226230718312
nigeria,draw_178,Female,0.01917808,0.07671233,53.98398,2.613653996706923
nigeria,draw_178,Male,0.01917808,0.07671233,53.98398,2.6337916810913313
pakistan,draw_178,Female,0.01917808,0.07671233,53.98398,1.6394118251600762
pakistan,draw_178,Male,0.01917808,0.07671233,53.98398,1.9846832136165902
ethiopia,draw_178,Female,0.01917808,0.07671233,54.09409,2.8156438747916885
ethiopia,draw_178,Male,0.01917808,0.07671233,54.09409,2.6020015015677975
nigeria,draw_178,Female,0.01917808,0.07671233,54.09409,2.6153989739124124
nigeria,draw_178,Male,0.01917808,0.07671233,54.09409,2.6352601310031867
pakistan,draw_178,Female,0.01917808,0.07671233,54.09409,1.6424929393201408
pakistan,draw_178,Male,0.01917808,0.07671233,54.09409,1.9872260606332688
ethiopia,draw_178,Female,0.01917808,0.07671233,54.2042,2.81691724411793
ethiopia,draw_178,Male,0.01917808,0.07671233,54.2042,2.60346567173876
nigeria,draw_178,Female,0.01917808,0.07671233,54.2042,2.617127159619605
nigeria,draw_178,Male,0.01917808,0.07671233,54.2042,2.636712981048871
pakistan,draw_178,Female,0.01917808,0.07671233,54.2042,1.6455682559452187
pakistan,draw_178,Male,0.01917808,0.07671233,54.2042,1.989759203881639
ethiopia,draw_178,Female,0.01917808,0.07671233,54.31431,2.818172156390083
ethiopia,draw_178,Male,0.01917808,0.07671233,54.31431,2.604913913624622
nigeria,draw_178,Female,0.01917808,0.07671233,54.31431,2.6188387068221326
nigeria,draw_178,Male,0.01917808,0.07671233,54.31431,2.638150259938829
pakistan,draw_178,Female,0.01917808,0.07671233,54.31431,1.6486379090519625
pakistan,draw_178,Male,0.01917808,0.07671233,54.31431,1.9922821172504466
ethiopia,draw_178,Female,0.01917808,0.07671233,54.42442,2.819408943035302
ethiopia,draw_178,Male,0.01917808,0.07671233,54.42442,2.606347584271672
nigeria,draw_178,Female,0.01917808,0.07671233,54.42442,2.620534302947496
nigeria,draw_178,Male,0.01917808,0.07671233,54.42442,2.639572146275923
pakistan,draw_178,Female,0.01917808,0.07671233,54.42442,1.6517023492654477
pakistan,draw_178,Male,0.01917808,0.07671233,54.42442,1.994795218259323
ethiopia,draw_178,Female,0.01917808,0.07671233,54.53453,2.8206276672883903
ethiopia,draw_178,Male,0.01917808,0.07671233,54.53453,2.6077655754720164
nigeria,draw_178,Female,0.01917808,0.07671233,54.53453,2.622212147079861
nigeria,draw_178,Male,0.01917808,0.07671233,54.53453,2.6409777300306
pakistan,draw_178,Female,0.01917808,0.07671233,54.53453,1.6547613915244261
pakistan,draw_178,Male,0.01917808,0.07671233,54.53453,1.9972980305669725
ethiopia,draw_178,Female,0.01917808,0.07671233,54.64464,2.8218290555512113
ethiopia,draw_178,Male,0.01917808,0.07671233,54.64464,2.6091676515453175
nigeria,draw_178,Female,0.01917808,0.07671233,54.64464,2.6238735939438866
nigeria,draw_178,Male,0.01917808,0.07671233,54.64464,2.642367272124544
pakistan,draw_178,Female,0.01917808,0.07671233,54.64464,1.6578150423715865
pakistan,draw_178,Male,0.01917808,0.07671233,54.64464,1.9997905401290075
ethiopia,draw_178,Female,0.01917808,0.07671233,54.75475,2.823011304811033
ethiopia,draw_178,Male,0.01917808,0.07671233,54.75475,2.6105540892967536
nigeria,draw_178,Female,0.01917808,0.07671233,54.75475,2.625517588511951
nigeria,draw_178,Male,0.01917808,0.07671233,54.75475,2.6437408184382014
pakistan,draw_178,Female,0.01917808,0.07671233,54.75475,1.660862968373834
pakistan,draw_178,Male,0.01917808,0.07671233,54.75475,2.002273251768336
ethiopia,draw_178,Female,0.01917808,0.07671233,54.86486,2.8241762056291493
ethiopia,draw_178,Male,0.01917808,0.07671233,54.86486,2.6119263416647427
nigeria,draw_178,Female,0.01917808,0.07671233,54.86486,2.627145314656644
nigeria,draw_178,Male,0.01917808,0.07671233,54.86486,2.6450980435898224
pakistan,draw_178,Female,0.01917808,0.07671233,54.86486,1.6639052107928376
pakistan,draw_178,Male,0.01917808,0.07671233,54.86486,2.0047455185632974
ethiopia,draw_178,Female,0.01917808,0.07671233,54.97497,2.825322590572156
ethiopia,draw_178,Male,0.01917808,0.07671233,54.97497,2.613281978379958
nigeria,draw_178,Female,0.01917808,0.07671233,54.97497,2.628755432152928
nigeria,draw_178,Male,0.01917808,0.07671233,54.97497,2.6464396682720186
pakistan,draw_178,Female,0.01917808,0.07671233,54.97497,1.666941664867528
pakistan,draw_178,Male,0.01917808,0.07671233,54.97497,2.0072076694233365
ethiopia,draw_178,Female,0.01917808,0.07671233,55.08509,2.8264483892646455
ethiopia,draw_178,Male,0.01917808,0.07671233,55.08509,2.6146213006009975
nigeria,draw_178,Female,0.01917808,0.07671233,55.08509,2.630348006618229
nigeria,draw_178,Male,0.01917808,0.07671233,55.08509,2.647764215098863
pakistan,draw_178,Female,0.01917808,0.07671233,55.08509,1.6699718209474852
pakistan,draw_178,Male,0.01917808,0.07671233,55.08509,2.0096584726917914
ethiopia,draw_178,Female,0.01917808,0.07671233,55.1952,2.827557236907139
ethiopia,draw_178,Male,0.01917808,0.07671233,55.1952,2.6159445848025937
nigeria,draw_178,Female,0.01917808,0.07671233,55.1952,2.631923546219241
nigeria,draw_178,Male,0.01917808,0.07671233,55.1952,2.6490729476575114
pakistan,draw_178,Female,0.01917808,0.07671233,55.1952,1.6729959213774077
pakistan,draw_178,Male,0.01917808,0.07671233,55.1952,2.0120987764606095
ethiopia,draw_178,Female,0.01917808,0.07671233,55.30531,2.8286461692259466
ethiopia,draw_178,Male,0.01917808,0.07671233,55.30531,2.6172522170720893
nigeria,draw_178,Female,0.01917808,0.07671233,55.30531,2.633481202153396
nigeria,draw_178,Male,0.01917808,0.07671233,55.30531,2.6503655182338193
pakistan,draw_178,Female,0.01917808,0.07671233,55.30531,1.676013905524978
pakistan,draw_178,Male,0.01917808,0.07671233,55.30531,2.014528756690267
ethiopia,draw_178,Female,0.01917808,0.07671233,55.41542,2.8297155195515526
ethiopia,draw_178,Male,0.01917808,0.07671233,55.41542,2.6185441411734023
nigeria,draw_178,Female,0.01917808,0.07671233,55.41542,2.6350224537863567
nigeria,draw_178,Male,0.01917808,0.07671233,55.41542,2.6516414813140807
pakistan,draw_178,Female,0.01917808,0.07671233,55.41542,1.6790258136721072
pakistan,draw_178,Male,0.01917808,0.07671233,55.41542,2.016947876565544
ethiopia,draw_178,Female,0.01917808,0.07671233,55.52553,2.830767216095138
ethiopia,draw_178,Male,0.01917808,0.07671233,55.52553,2.6198197039746423
nigeria,draw_178,Female,0.01917808,0.07671233,55.52553,2.6365455447944486
nigeria,draw_178,Male,0.01917808,0.07671233,55.52553,2.6529009053521584
pakistan,draw_178,Female,0.01917808,0.07671233,55.52553,1.6820315313282
pakistan,draw_178,Male,0.01917808,0.07671233,55.52553,2.01935598174896
ethiopia,draw_178,Female,0.01917808,0.07671233,55.63564,2.831799725342094
ethiopia,draw_178,Male,0.01917808,0.07671233,55.63564,2.6210807695966567
nigeria,draw_178,Female,0.01917808,0.07671233,55.63564,2.638052175691877
nigeria,draw_178,Male,0.01917808,0.07671233,55.63564,2.6541436789890245
pakistan,draw_178,Female,0.01917808,0.07671233,55.63564,1.6850311403073002
pakistan,draw_178,Male,0.01917808,0.07671233,55.63564,2.0217536598230366
ethiopia,draw_178,Female,0.01917808,0.07671233,55.74575,2.832813614304511
ethiopia,draw_178,Male,0.01917808,0.07671233,55.74575,2.6223247859366503
nigeria,draw_178,Female,0.01917808,0.07671233,55.74575,2.6395406742699397
nigeria,draw_178,Male,0.01917808,0.07671233,55.74575,2.6553703734488927
pakistan,draw_178,Female,0.01917808,0.07671233,55.74575,1.6880242989123697
pakistan,draw_178,Male,0.01917808,0.07671233,55.74575,2.0241408665588043
ethiopia,draw_178,Female,0.01917808,0.07671233,55.85586,2.8338086905803226
ethiopia,draw_178,Male,0.01917808,0.07671233,55.85586,2.623553245989441
nigeria,draw_178,Female,0.01917808,0.07671233,55.85586,2.6410120677806748
nigeria,draw_178,Male,0.01917808,0.07671233,55.85586,2.6565804031023146
pakistan,draw_178,Female,0.01917808,0.07671233,55.85586,1.6910109837887204
pakistan,draw_178,Male,0.01917808,0.07671233,55.85586,2.0265171560947963
ethiopia,draw_178,Female,0.01917808,0.07671233,55.96597,2.834785708989917
ethiopia,draw_178,Male,0.01917808,0.07671233,55.96597,2.6247657462068017
nigeria,draw_178,Female,0.01917808,0.07671233,55.96597,2.6424657135765814
nigeria,draw_178,Male,0.01917808,0.07671233,55.96597,2.657773821661473
pakistan,draw_178,Female,0.01917808,0.07671233,55.96597,1.6939912337272363
pakistan,draw_178,Male,0.01917808,0.07671233,55.96597,2.0288826263728916
ethiopia,draw_178,Female,0.01917808,0.07671233,56.07608,2.835742967499922
ethiopia,draw_178,Male,0.01917808,0.07671233,56.07608,2.625961336667373
nigeria,draw_178,Female,0.01917808,0.07671233,56.07608,2.6439006717035856
nigeria,draw_178,Male,0.01917808,0.07671233,56.07608,2.658949889966107
pakistan,draw_178,Female,0.01917808,0.07671233,56.07608,1.696963922866513
pakistan,draw_178,Male,0.01917808,0.07671233,56.07608,2.0312363167936427
ethiopia,draw_178,Female,0.01917808,0.07671233,56.18619,2.8366813103831094
ethiopia,draw_178,Male,0.01917808,0.07671233,56.18619,2.627139368765153
nigeria,draw_178,Female,0.01917808,0.07671233,56.18619,2.6453162008347184
nigeria,draw_178,Male,0.01917808,0.07671233,56.18619,2.660108775185251
pakistan,draw_178,Female,0.01917808,0.07671233,56.18619,1.6999284353379946
pakistan,draw_178,Male,0.01917808,0.07671233,56.18619,2.033578357047481
ethiopia,draw_178,Female,0.01917808,0.07671233,56.2963,2.837599507526023
ethiopia,draw_178,Male,0.01917808,0.07671233,56.2963,2.6283017056544353
nigeria,draw_178,Female,0.01917808,0.07671233,56.2963,2.6467138318450063
nigeria,draw_178,Male,0.01917808,0.07671233,56.2963,2.6612510985106517
pakistan,draw_178,Female,0.01917808,0.07671233,56.2963,1.7028852552961007
pakistan,draw_178,Male,0.01917808,0.07671233,56.2963,2.035909142158256
ethiopia,draw_178,Female,0.01917808,0.07671233,56.40641,2.838499352173068
ethiopia,draw_178,Male,0.01917808,0.07671233,56.40641,2.6294477316058575
nigeria,draw_178,Female,0.01917808,0.07671233,56.40641,2.648094492991997
nigeria,draw_178,Male,0.01917808,0.07671233,56.40641,2.6623765274598172
pakistan,draw_178,Female,0.01917808,0.07671233,56.40641,1.705833683987981
pakistan,draw_178,Male,0.01917808,0.07671233,56.40641,2.0382284289768107
ethiopia,draw_178,Female,0.01917808,0.07671233,56.51652,2.83937975712876
ethiopia,draw_178,Male,0.01917808,0.07671233,56.51652,2.630577747928403
nigeria,draw_178,Female,0.01917808,0.07671233,56.51652,2.6494578698005813
nigeria,draw_178,Male,0.01917808,0.07671233,56.51652,2.6634846480336125
pakistan,draw_178,Female,0.01917808,0.07671233,56.51652,1.7087741516687385
pakistan,draw_178,Male,0.01917808,0.07671233,56.51652,2.0405357194374023
ethiopia,draw_178,Female,0.01917808,0.07671233,56.62663,2.840240106663117
ethiopia,draw_178,Male,0.01917808,0.07671233,56.62663,2.6316916150717606
nigeria,draw_178,Female,0.01917808,0.07671233,56.62663,2.6508037744350976
nigeria,draw_178,Male,0.01917808,0.07671233,56.62663,2.6645757829267875
pakistan,draw_178,Female,0.01917808,0.07671233,56.62663,1.7117066204444522
pakistan,draw_178,Male,0.01917808,0.07671233,56.62663,2.0428320917438008
ethiopia,draw_178,Female,0.01917808,0.07671233,56.73674,2.8410815771595455
ethiopia,draw_178,Male,0.01917808,0.07671233,56.73674,2.63278808680077
nigeria,draw_178,Female,0.01917808,0.07671233,56.73674,2.6521309131738784
nigeria,draw_178,Male,0.01917808,0.07671233,56.73674,2.6656506398156705
pakistan,draw_178,Female,0.01917808,0.07671233,56.73674,1.7146314865442738
pakistan,draw_178,Male,0.01917808,0.07671233,56.73674,2.045116708934343
ethiopia,draw_178,Female,0.01917808,0.07671233,56.84685,2.8419039093901044
ethiopia,draw_178,Male,0.01917808,0.07671233,56.84685,2.6338682691201982
nigeria,draw_178,Female,0.01917808,0.07671233,56.84685,2.6534418484864677
nigeria,draw_178,Male,0.01917808,0.07671233,56.84685,2.6667079048812248
pakistan,draw_178,Female,0.01917808,0.07671233,56.84685,1.7175481240427775
pakistan,draw_178,Male,0.01917808,0.07671233,56.84685,2.04738949075233
ethiopia,draw_178,Female,0.01917808,0.07671233,56.95696,2.8427072207772377
ethiopia,draw_178,Male,0.01917808,0.07671233,56.95696,2.634932369315054
nigeria,draw_178,Female,0.01917808,0.07671233,56.95696,2.654733707841995
nigeria,draw_178,Male,0.01917808,0.07671233,56.95696,2.66774801248524
pakistan,draw_178,Female,0.01917808,0.07671233,56.95696,1.7204565348276553
pakistan,draw_178,Male,0.01917808,0.07671233,56.95696,2.049650141210611
ethiopia,draw_178,Female,0.01917808,0.07671233,57.06707,2.8434920274628883
ethiopia,draw_178,Male,0.01917808,0.07671233,57.06707,2.6359785683346497
nigeria,draw_178,Female,0.01917808,0.07671233,57.06707,2.656008108928392
nigeria,draw_178,Male,0.01917808,0.07671233,57.06707,2.668770447367845
pakistan,draw_178,Female,0.01917808,0.07671233,57.06707,1.7233559746337384
pakistan,draw_178,Male,0.01917808,0.07671233,57.06707,2.051898164057915
ethiopia,draw_178,Female,0.01917808,0.07671233,57.17718,2.84425701129766
ethiopia,draw_178,Male,0.01917808,0.07671233,57.17718,2.63700709465878
nigeria,draw_178,Female,0.01917808,0.07671233,57.17718,2.6572623229224646
nigeria,draw_178,Male,0.01917808,0.07671233,57.17718,2.6697749372446458
pakistan,draw_178,Female,0.01917808,0.07671233,57.17718,1.7262463467312765
pakistan,draw_178,Male,0.01917808,0.07671233,57.17718,2.054133805197506
ethiopia,draw_178,Female,0.01917808,0.07671233,57.28729,2.84500184098441
ethiopia,draw_178,Male,0.01917808,0.07671233,57.28729,2.638019196719351
nigeria,draw_178,Female,0.01917808,0.07671233,57.28729,2.658498215909592
nigeria,draw_178,Male,0.01917808,0.07671233,57.28729,2.6707628170340416
pakistan,draw_178,Female,0.01917808,0.07671233,57.28729,1.729127895302977
pakistan,draw_178,Male,0.01917808,0.07671233,57.28729,2.056357216603886
ethiopia,draw_178,Female,0.01917808,0.07671233,57.3974,2.845728048770741
ethiopia,draw_178,Male,0.01917808,0.07671233,57.3974,2.639015146544271
nigeria,draw_178,Female,0.01917808,0.07671233,57.3974,2.6597162111435617
nigeria,draw_178,Male,0.01917808,0.07671233,57.3974,2.671732030420712
pakistan,draw_178,Female,0.01917808,0.07671233,57.3974,1.732001013931787
pakistan,draw_178,Male,0.01917808,0.07671233,57.3974,2.058568992316846
ethiopia,draw_178,Female,0.01917808,0.07671233,57.50751,2.8464344059096893
ethiopia,draw_178,Male,0.01917808,0.07671233,57.50751,2.639992784300769
nigeria,draw_178,Female,0.01917808,0.07671233,57.50751,2.6609167330881207
nigeria,draw_178,Male,0.01917808,0.07671233,57.50751,2.6726838879784647
pakistan,draw_178,Female,0.01917808,0.07671233,57.50751,1.7348656401278073
pakistan,draw_178,Male,0.01917808,0.07671233,57.50751,2.060768627331723
ethiopia,draw_178,Female,0.01917808,0.07671233,57.61762,2.847121244087184
ethiopia,draw_178,Male,0.01917808,0.07671233,57.61762,2.6409536097626662
nigeria,draw_178,Female,0.01917808,0.07671233,57.61762,2.66209929223758
nigeria,draw_178,Male,0.01917808,0.07671233,57.61762,2.673617970479491
pakistan,draw_178,Female,0.01917808,0.07671233,57.61762,1.737721357807263
pakistan,draw_178,Male,0.01917808,0.07671233,57.61762,2.062956398161005
ethiopia,draw_178,Female,0.01917808,0.07671233,57.72773,2.84778920929357
ethiopia,draw_178,Male,0.01917808,0.07671233,57.72773,2.64189755685393
nigeria,draw_178,Female,0.01917808,0.07671233,57.72773,2.663263097028577
nigeria,draw_178,Male,0.01917808,0.07671233,57.72773,2.6745348148176697
pakistan,draw_178,Female,0.01917808,0.07671233,57.72773,1.7405681176294756
pakistan,draw_178,Male,0.01917808,0.07671233,57.72773,2.0651325889079524
ethiopia,draw_178,Female,0.01917808,0.07671233,57.83784,2.848436620077105
ethiopia,draw_178,Male,0.01917808,0.07671233,57.83784,2.642824323122168
nigeria,draw_178,Female,0.01917808,0.07671233,57.83784,2.6644098547783854
nigeria,draw_178,Male,0.01917808,0.07671233,57.83784,2.6754329277940085
pakistan,draw_178,Female,0.01917808,0.07671233,57.83784,1.743405132432825
pakistan,draw_178,Male,0.01917808,0.07671233,57.83784,2.0672964201090145
ethiopia,draw_178,Female,0.01917808,0.07671233,57.94795,2.849064190338109
ethiopia,draw_178,Male,0.01917808,0.07671233,57.94795,2.6437349951480447
nigeria,draw_178,Female,0.01917808,0.07671233,57.94795,2.665538384163539
nigeria,draw_178,Male,0.01917808,0.07671233,57.94795,2.6763143760555197
pakistan,draw_178,Female,0.01917808,0.07671233,57.94795,1.746232931514606
pakistan,draw_178,Male,0.01917808,0.07671233,57.94795,2.0694479761545588
ethiopia,draw_178,Female,0.01917808,0.07671233,58.05806,2.8496728694785536
ethiopia,draw_178,Male,0.01917808,0.07671233,58.05806,2.6446282592448727
nigeria,draw_178,Female,0.01917808,0.07671233,58.05806,2.666648579099012
nigeria,draw_178,Male,0.01917808,0.07671233,58.05806,2.6771786321303868
pakistan,draw_178,Female,0.01917808,0.07671233,58.05806,1.749051545147914
pakistan,draw_178,Male,0.01917808,0.07671233,58.05806,2.0715865502164315
ethiopia,draw_178,Female,0.01917808,0.07671233,58.16817,2.8502587717499486
ethiopia,draw_178,Male,0.01917808,0.07671233,58.16817,2.6455022382245517
nigeria,draw_178,Female,0.01917808,0.07671233,58.16817,2.667737929370055
nigeria,draw_178,Male,0.01917808,0.07671233,58.16817,2.678023337357822
pakistan,draw_178,Female,0.01917808,0.07671233,58.16817,1.751859140449567
pakistan,draw_178,Male,0.01917808,0.07671233,58.16817,2.0737108843100356
ethiopia,draw_178,Female,0.01917808,0.07671233,58.27828,2.850824031526884
ethiopia,draw_178,Male,0.01917808,0.07671233,58.27828,2.6463592850213833
nigeria,draw_178,Female,0.01917808,0.07671233,58.27828,2.6688084045563936
nigeria,draw_178,Male,0.01917808,0.07671233,58.27828,2.678850549781774
pakistan,draw_178,Female,0.01917808,0.07671233,58.27828,1.7546572503814708
pakistan,draw_178,Male,0.01917808,0.07671233,58.27828,2.0758233787267457
ethiopia,draw_178,Female,0.01917808,0.07671233,58.38839,2.851368992543307
ethiopia,draw_178,Male,0.01917808,0.07671233,58.38839,2.6471986143071433
nigeria,draw_178,Female,0.01917808,0.07671233,58.38839,2.6698597431463735
nigeria,draw_178,Male,0.01917808,0.07671233,58.38839,2.6796596216524002
pakistan,draw_178,Female,0.01917808,0.07671233,58.38839,1.7574453857212506
pakistan,draw_178,Male,0.01917808,0.07671233,58.38839,2.0779229253205176
ethiopia,draw_178,Female,0.01917808,0.07671233,58.4985,2.851893992381718
ethiopia,draw_178,Male,0.01917808,0.07671233,58.4985,2.648021219632256
nigeria,draw_178,Female,0.01917808,0.07671233,58.4985,2.6708921335253857
nigeria,draw_178,Male,0.01917808,0.07671233,58.4985,2.6804511980988237
pakistan,draw_178,Female,0.01917808,0.07671233,58.4985,1.7602233964588916
pakistan,draw_178,Male,0.01917808,0.07671233,58.4985,2.080010247177104
ethiopia,draw_178,Female,0.01917808,0.07671233,58.60861,2.8524004079504732
ethiopia,draw_178,Male,0.01917808,0.07671233,58.60861,2.648825431396132
nigeria,draw_178,Female,0.01917808,0.07671233,58.60861,2.6719058558494964
nigeria,draw_178,Male,0.01917808,0.07671233,58.60861,2.6812241607177945
pakistan,draw_178,Female,0.01917808,0.07671233,58.60861,1.7629914687576473
pakistan,draw_178,Male,0.01917808,0.07671233,58.60861,2.0820846934159363
ethiopia,draw_178,Female,0.01917808,0.07671233,58.71872,2.8528866310783405
ethiopia,draw_178,Male,0.01917808,0.07671233,58.71872,2.64961273682427
nigeria,draw_178,Female,0.01917808,0.07671233,58.71872,2.6729011259457165
nigeria,draw_178,Male,0.01917808,0.07671233,58.71872,2.681979331162964
pakistan,draw_178,Female,0.01917808,0.07671233,58.71872,1.7657497594725349
pakistan,draw_178,Male,0.01917808,0.07671233,58.71872,2.0841469322857815
ethiopia,draw_178,Female,0.01917808,0.07671233,58.82883,2.8533522211153852
ethiopia,draw_178,Male,0.01917808,0.07671233,58.82883,2.6503822407230597
nigeria,draw_178,Female,0.01917808,0.07671233,58.82883,2.6738770251444075
nigeria,draw_178,Male,0.01917808,0.07671233,58.82883,2.682716784149136
pakistan,draw_178,Female,0.01917808,0.07671233,58.82883,1.7684982868029557
pakistan,draw_178,Male,0.01917808,0.07671233,58.82883,2.086196094370166
ethiopia,draw_178,Female,0.01917808,0.07671233,58.93894,2.8537981190539785
ethiopia,draw_178,Male,0.01917808,0.07671233,58.93894,2.6511339136436476
nigeria,draw_178,Female,0.01917808,0.07671233,58.93894,2.6748329540349496
nigeria,draw_178,Male,0.01917808,0.07671233,58.93894,2.6834358726957337
pakistan,draw_178,Female,0.01917808,0.07671233,58.93894,1.7712367339122612
pakistan,draw_178,Male,0.01917808,0.07671233,58.93894,2.0882312397940574
ethiopia,draw_178,Female,0.01917808,0.07671233,59.04905,2.8542232690756286
ethiopia,draw_178,Male,0.01917808,0.07671233,59.04905,2.6518682573805683
nigeria,draw_178,Female,0.01917808,0.07671233,59.04905,2.6757685994199334
nigeria,draw_178,Male,0.01917808,0.07671233,59.04905,2.684136523458523
pakistan,draw_178,Female,0.01917808,0.07671233,59.04905,1.7739654645734748
pakistan,draw_178,Male,0.01917808,0.07671233,59.04905,2.090253422957991
ethiopia,draw_178,Female,0.01917808,0.07671233,59.15916,2.854626224312966
ethiopia,draw_178,Male,0.01917808,0.07671233,59.15916,2.6525844677461055
nigeria,draw_178,Female,0.01917808,0.07671233,59.15916,2.6766852759188478
nigeria,draw_178,Male,0.01917808,0.07671233,59.15916,2.684818440220739
pakistan,draw_178,Female,0.01917808,0.07671233,59.15916,1.7766830580494986
pakistan,draw_178,Male,0.01917808,0.07671233,59.15916,2.092261875590072
ethiopia,draw_178,Female,0.01917808,0.07671233,59.26927,2.8550082907642995
ethiopia,draw_178,Male,0.01917808,0.07671233,59.26927,2.653281421677087
nigeria,draw_178,Female,0.01917808,0.07671233,59.26927,2.677582272363043
nigeria,draw_178,Male,0.01917808,0.07671233,59.26927,2.6854813833794475
pakistan,draw_178,Female,0.01917808,0.07671233,59.26927,1.7793896123567274
pakistan,draw_178,Male,0.01917808,0.07671233,59.26927,2.094256230755693
ethiopia,draw_178,Female,0.01917808,0.07671233,59.37938,2.855369227717975
ethiopia,draw_178,Male,0.01917808,0.07671233,59.37938,2.6539610994963865
nigeria,draw_178,Female,0.01917808,0.07671233,59.37938,2.678459192558649
nigeria,draw_178,Male,0.01917808,0.07671233,59.37938,2.6861264971440804
pakistan,draw_178,Female,0.01917808,0.07671233,59.37938,1.7820855034972816
pakistan,draw_178,Male,0.01917808,0.07671233,59.37938,2.0962366657290716
ethiopia,draw_178,Female,0.01917808,0.07671233,59.48949,2.8557091701825628
ethiopia,draw_178,Male,0.01917808,0.07671233,59.48949,2.6546230799575246
nigeria,draw_178,Female,0.01917808,0.07671233,59.48949,2.679316411597543
nigeria,draw_178,Male,0.01917808,0.07671233,59.48949,2.6867529794114557
pakistan,draw_178,Female,0.01917808,0.07671233,59.48949,1.7847704816308556
pakistan,draw_178,Male,0.01917808,0.07671233,59.48949,2.0982040042039096
ethiopia,draw_178,Female,0.01917808,0.07671233,59.5996,2.85602921046169
ethiopia,draw_178,Male,0.01917808,0.07671233,59.5996,2.655267959725194
nigeria,draw_178,Female,0.01917808,0.07671233,59.5996,2.6801537949542333
nigeria,draw_178,Male,0.01917808,0.07671233,59.5996,2.687360507328656
pakistan,draw_178,Female,0.01917808,0.07671233,59.5996,1.7874443082398
pakistan,draw_178,Male,0.01917808,0.07671233,59.5996,2.1001574315705542
ethiopia,draw_178,Female,0.01917808,0.07671233,59.70971,2.856328028494905
ethiopia,draw_178,Male,0.01917808,0.07671233,59.70971,2.655894199533184
nigeria,draw_178,Female,0.01917808,0.07671233,59.70971,2.680970786109967
nigeria,draw_178,Male,0.01917808,0.07671233,59.70971,2.687949594530918
pakistan,draw_178,Female,0.01917808,0.07671233,59.70971,1.7901068543841612
pakistan,draw_178,Male,0.01917808,0.07671233,59.70971,2.1020970017176044
ethiopia,draw_178,Female,0.01917808,0.07671233,59.81982,2.856607474204145
ethiopia,draw_178,Male,0.01917808,0.07671233,59.81982,2.6565021285858914
nigeria,draw_178,Female,0.01917808,0.07671233,59.81982,2.6817685809492824
nigeria,draw_178,Male,0.01917808,0.07671233,59.81982,2.6885193258092808
pakistan,draw_178,Female,0.01917808,0.07671233,59.81982,1.7927589319581865
pakistan,draw_178,Male,0.01917808,0.07671233,59.81982,2.1040228281345996
ethiopia,draw_178,Female,0.01917808,0.07671233,59.92993,2.8568651017259574
ethiopia,draw_178,Male,0.01917808,0.07671233,59.92993,2.657092095103565
nigeria,draw_178,Female,0.01917808,0.07671233,59.92993,2.6825470145063797
nigeria,draw_178,Male,0.01917808,0.07671233,59.92993,2.6890703535098757
pakistan,draw_178,Female,0.01917808,0.07671233,59.92993,1.795400461324426
pakistan,draw_178,Male,0.01917808,0.07671233,59.92993,2.1059350616895465
ethiopia,draw_178,Female,0.01917808,0.07671233,60.04004,2.8571034077645345
ethiopia,draw_178,Male,0.01917808,0.07671233,60.04004,2.6576631382460625
nigeria,draw_178,Female,0.01917808,0.07671233,60.04004,2.683305107741994
nigeria,draw_178,Male,0.01917808,0.07671233,60.04004,2.6896031629168062
pakistan,draw_178,Female,0.01917808,0.07671233,60.04004,1.798030796618079
pakistan,draw_178,Male,0.01917808,0.07671233,60.04004,2.1078336335034065
ethiopia,draw_178,Female,0.01917808,0.07671233,60.15015,2.8573195277244348
ethiopia,draw_178,Male,0.01917808,0.07671233,60.15015,2.658215912363821
nigeria,draw_178,Female,0.01917808,0.07671233,60.15015,2.6840423810405545
nigeria,draw_178,Male,0.01917808,0.07671233,60.15015,2.690116197561604
pakistan,draw_178,Female,0.01917808,0.07671233,60.15015,1.800650045942164
pakistan,draw_178,Male,0.01917808,0.07671233,60.15015,2.1097176279581116
ethiopia,draw_178,Female,0.01917808,0.07671233,60.26026,2.857515187798333
ethiopia,draw_178,Male,0.01917808,0.07671233,60.26026,2.6587493542468312
nigeria,draw_178,Female,0.01917808,0.07671233,60.26026,2.684759732569418
nigeria,draw_178,Male,0.01917808,0.07671233,60.26026,2.690609224073767
pakistan,draw_178,Female,0.01917808,0.07671233,60.26026,1.8032577996427959
pakistan,draw_178,Male,0.01917808,0.07671233,60.26026,2.1115877197222224
ethiopia,draw_178,Female,0.01917808,0.07671233,60.37037,2.8576884975124384
ethiopia,draw_178,Male,0.01917808,0.07671233,60.37037,2.659263653433702
nigeria,draw_178,Female,0.01917808,0.07671233,60.37037,2.6854559651112964
nigeria,draw_178,Male,0.01917808,0.07671233,60.37037,2.6910837364924007
pakistan,draw_178,Female,0.01917808,0.07671233,60.37037,1.8058538321040376
pakistan,draw_178,Male,0.01917808,0.07671233,60.37037,2.1134433141507363
ethiopia,draw_178,Female,0.01917808,0.07671233,60.48048,2.8578397691260964
ethiopia,draw_178,Male,0.01917808,0.07671233,60.48048,2.659760308524775
nigeria,draw_178,Female,0.01917808,0.07671233,60.48048,2.686131069854936
nigeria,draw_178,Male,0.01917808,0.07671233,60.48048,2.691538924663033
pakistan,draw_178,Female,0.01917808,0.07671233,60.48048,1.8084385881896645
pakistan,draw_178,Male,0.01917808,0.07671233,60.48048,2.11528500848414
ethiopia,draw_178,Female,0.01917808,0.07671233,60.59059,2.8579706107431053
ethiopia,draw_178,Male,0.01917808,0.07671233,60.59059,2.660237858570329
nigeria,draw_178,Female,0.01917808,0.07671233,60.59059,2.6867856867389204
nigeria,draw_178,Male,0.01917808,0.07671233,60.59059,2.69197545582575
pakistan,draw_178,Female,0.01917808,0.07671233,60.59059,1.8110122235548296
pakistan,draw_178,Male,0.01917808,0.07671233,60.59059,2.117112305623625
ethiopia,draw_178,Female,0.01917808,0.07671233,60.7007,2.8580801339902986
ethiopia,draw_178,Male,0.01917808,0.07671233,60.7007,2.660697034532429
nigeria,draw_178,Female,0.01917808,0.07671233,60.7007,2.6874212376454554
nigeria,draw_178,Male,0.01917808,0.07671233,60.7007,2.6923932421103607
pakistan,draw_178,Female,0.01917808,0.07671233,60.7007,1.8135744653144894
pakistan,draw_178,Male,0.01917808,0.07671233,60.7007,2.1189246289191708
ethiopia,draw_178,Female,0.01917808,0.07671233,60.81081,2.858169035639993
ethiopia,draw_178,Male,0.01917808,0.07671233,60.81081,2.6611375912861983
nigeria,draw_178,Female,0.01917808,0.07671233,60.81081,2.688036144505614
nigeria,draw_178,Male,0.01917808,0.07671233,60.81081,2.6927924728210946
pakistan,draw_178,Female,0.01917808,0.07671233,60.81081,1.8161247649835546
pakistan,draw_178,Male,0.01917808,0.07671233,60.81081,2.1207222966485517
ethiopia,draw_178,Female,0.01917808,0.07671233,60.92092,2.8582377394251592
ethiopia,draw_178,Male,0.01917808,0.07671233,60.92092,2.661560194452664
nigeria,draw_178,Female,0.01917808,0.07671233,60.92092,2.688631277598429
nigeria,draw_178,Male,0.01917808,0.07671233,60.92092,2.693171167120712
pakistan,draw_178,Female,0.01917808,0.07671233,60.92092,1.8186634479920751
pakistan,draw_178,Male,0.01917808,0.07671233,60.92092,2.1225058981189444
ethiopia,draw_178,Female,0.01917808,0.07671233,61.03103,2.8582849431017996
ethiopia,draw_178,Male,0.01917808,0.07671233,61.03103,2.6619630982019413
nigeria,draw_178,Female,0.01917808,0.07671233,61.03103,2.6892054942906767
nigeria,draw_178,Male,0.01917808,0.07671233,61.03103,2.6935314651729305
pakistan,draw_178,Female,0.01917808,0.07671233,61.03103,1.8211907243933514
pakistan,draw_178,Male,0.01917808,0.07671233,61.03103,2.1242749916805956
ethiopia,draw_178,Female,0.01917808,0.07671233,61.14114,2.858311622042743
ethiopia,draw_178,Male,0.01917808,0.07671233,61.14114,2.662348445209973
nigeria,draw_178,Female,0.01917808,0.07671233,61.14114,2.689759894637875
nigeria,draw_178,Male,0.01917808,0.07671233,61.14114,2.693871894059836
pakistan,draw_178,Female,0.01917808,0.07671233,61.14114,1.8237061571936253
pakistan,draw_178,Male,0.01917808,0.07671233,61.14114,2.12602930280876
ethiopia,draw_178,Female,0.01917808,0.07671233,61.25125,2.858315314493407
ethiopia,draw_178,Male,0.01917808,0.07671233,61.25125,2.6627133955781694
nigeria,draw_178,Female,0.01917808,0.07671233,61.25125,2.6902919428462324
nigeria,draw_178,Male,0.01917808,0.07671233,61.25125,2.6941909562616724
pakistan,draw_178,Female,0.01917808,0.07671233,61.25125,1.826208752799517
pakistan,draw_178,Male,0.01917808,0.07671233,61.25125,2.127768111600199
ethiopia,draw_178,Female,0.01917808,0.07671233,61.36136,2.8582969801875167
ethiopia,draw_178,Male,0.01917808,0.07671233,61.36136,2.66305930740361
nigeria,draw_178,Female,0.01917808,0.07671233,61.36136,2.6908031067344536
nigeria,draw_178,Male,0.01917808,0.07671233,61.36136,2.6944906399768183
pakistan,draw_178,Female,0.01917808,0.07671233,61.36136,1.8286991747199788
pakistan,draw_178,Male,0.01917808,0.07671233,61.36136,2.1294923939916868
ethiopia,draw_178,Female,0.01917808,0.07671233,61.47147,2.8582576914824753
ethiopia,draw_178,Male,0.01917808,0.07671233,61.47147,2.6633861082909696
nigeria,draw_178,Female,0.01917808,0.07671233,61.47147,2.6912947122295083
nigeria,draw_178,Male,0.01917808,0.07671233,61.47147,2.6947715253702262
pakistan,draw_178,Female,0.01917808,0.07671233,61.47147,1.8311767019194023
pakistan,draw_178,Male,0.01917808,0.07671233,61.47147,2.1312018507875523
ethiopia,draw_178,Female,0.01917808,0.07671233,61.58158,2.858196865223845
ethiopia,draw_178,Male,0.01917808,0.07671233,61.58158,2.663694957659469
nigeria,draw_178,Female,0.01917808,0.07671233,61.58158,2.691765179017173
nigeria,draw_178,Male,0.01917808,0.07671233,61.58158,2.695032563371715
pakistan,draw_178,Female,0.01917808,0.07671233,61.58158,1.8336419082605342
pakistan,draw_178,Male,0.01917808,0.07671233,61.58158,2.132896639139277
ethiopia,draw_178,Female,0.01917808,0.07671233,61.69169,2.85811310709516
ethiopia,draw_178,Male,0.01917808,0.07671233,61.69169,2.66398368784427
nigeria,draw_178,Female,0.01917808,0.07671233,61.69169,2.692215137160969
nigeria,draw_178,Male,0.01917808,0.07671233,61.69169,2.6952731937749084
pakistan,draw_178,Female,0.01917808,0.07671233,61.69169,1.8360952148046104
pakistan,draw_178,Male,0.01917808,0.07671233,61.69169,2.134576544017914
ethiopia,draw_178,Female,0.01917808,0.07671233,61.8018,2.8580084568707536
ethiopia,draw_178,Male,0.01917808,0.07671233,61.8018,2.6642539097993145
nigeria,draw_178,Female,0.01917808,0.07671233,61.8018,2.6926439401584146
nigeria,draw_178,Male,0.01917808,0.07671233,61.8018,2.695494776889379
pakistan,draw_178,Female,0.01917808,0.07671233,61.8018,1.8385358604996955
pakistan,draw_178,Male,0.01917808,0.07671233,61.8018,2.1362411290885124
ethiopia,draw_178,Female,0.01917808,0.07671233,61.91191,2.8578817978622797
ethiopia,draw_178,Male,0.01917808,0.07671233,61.91191,2.6645046693669876
nigeria,draw_178,Female,0.01917808,0.07671233,61.91191,2.6930517559507305
nigeria,draw_178,Male,0.01917808,0.07671233,61.91191,2.6956965344045067
pakistan,draw_178,Female,0.01917808,0.07671233,61.91191,1.8409641056869608
pakistan,draw_178,Male,0.01917808,0.07671233,61.91191,2.1378898207669303
ethiopia,draw_178,Female,0.01917808,0.07671233,62.02202,2.857734103500771
ethiopia,draw_178,Male,0.01917808,0.07671233,62.02202,2.6647363830231576
nigeria,draw_178,Female,0.01917808,0.07671233,62.02202,2.6934389190435035
nigeria,draw_178,Male,0.01917808,0.07671233,62.02202,2.695877973945759
pakistan,draw_178,Female,0.01917808,0.07671233,62.02202,1.8433794290372871
pakistan,draw_178,Male,0.01917808,0.07671233,62.02202,2.139524053487306
ethiopia,draw_178,Female,0.01917808,0.07671233,62.13213,2.8575654461644304
ethiopia,draw_178,Male,0.01917808,0.07671233,62.13213,2.6649485115218092
nigeria,draw_178,Female,0.01917808,0.07671233,62.13213,2.693805006665119
nigeria,draw_178,Male,0.01917808,0.07671233,62.13213,2.696040907062083
pakistan,draw_178,Female,0.01917808,0.07671233,62.13213,1.8457819220668494
pakistan,draw_178,Male,0.01917808,0.07671233,62.13213,2.1411428138589277
ethiopia,draw_178,Female,0.01917808,0.07671233,62.24224,2.85737338430231
ethiopia,draw_178,Male,0.01917808,0.07671233,62.24224,2.665141795547319
nigeria,draw_178,Female,0.01917808,0.07671233,62.24224,2.694148429631441
nigeria,draw_178,Male,0.01917808,0.07671233,62.24224,2.6961827114168493
pakistan,draw_178,Female,0.01917808,0.07671233,62.24224,1.848170814798932
pakistan,draw_178,Male,0.01917808,0.07671233,62.24224,2.142745594616567
ethiopia,draw_178,Female,0.01917808,0.07671233,62.35235,2.857159669854194
ethiopia,draw_178,Male,0.01917808,0.07671233,62.35235,2.6653151367365293
nigeria,draw_178,Female,0.01917808,0.07671233,62.35235,2.694471765717219
nigeria,draw_178,Male,0.01917808,0.07671233,62.35235,2.696302872689167
pakistan,draw_178,Female,0.01917808,0.07671233,62.35235,1.850546138650568
pakistan,draw_178,Male,0.01917808,0.07671233,62.35235,2.144332954510834
ethiopia,draw_178,Female,0.01917808,0.07671233,62.46246,2.8569242462105318
ethiopia,draw_178,Male,0.01917808,0.07671233,62.46246,2.665468731169802
nigeria,draw_178,Female,0.01917808,0.07671233,62.46246,2.694773923566402
nigeria,draw_178,Male,0.01917808,0.07671233,62.46246,2.696403726201677
pakistan,draw_178,Female,0.01917808,0.07671233,62.46246,1.8529084807651408
pakistan,draw_178,Male,0.01917808,0.07671233,62.46246,2.1459040385907797
ethiopia,draw_178,Female,0.01917808,0.07671233,62.57257,2.856666168606761
ethiopia,draw_178,Male,0.01917808,0.07671233,62.57257,2.6656014034324187
nigeria,draw_178,Female,0.01917808,0.07671233,62.57257,2.6950540252491306
nigeria,draw_178,Male,0.01917808,0.07671233,62.57257,2.6964846327779264
pakistan,draw_178,Female,0.01917808,0.07671233,62.57257,1.8552568510299485
pakistan,draw_178,Male,0.01917808,0.07671233,62.57257,2.1474592045559153
ethiopia,draw_178,Female,0.01917808,0.07671233,62.68268,2.856386635974994
ethiopia,draw_178,Male,0.01917808,0.07671233,62.68268,2.6657158566608556
nigeria,draw_178,Female,0.01917808,0.07671233,62.68268,2.695313471713934
nigeria,draw_178,Male,0.01917808,0.07671233,62.68268,2.6965458136257485
pakistan,draw_178,Female,0.01917808,0.07671233,62.68268,1.8575917002412285
pakistan,draw_178,Male,0.01917808,0.07671233,62.68268,2.1490001351381767
ethiopia,draw_178,Female,0.01917808,0.07671233,62.79279,2.8560859146598254
ethiopia,draw_178,Male,0.01917808,0.07671233,62.79279,2.6658100709156676
nigeria,draw_178,Female,0.01917808,0.07671233,62.79279,2.6955502498935906
nigeria,draw_178,Male,0.01917808,0.07671233,62.79279,2.6965862078045535
pakistan,draw_178,Female,0.01917808,0.07671233,62.79279,1.8599128311191535
pakistan,draw_178,Male,0.01917808,0.07671233,62.79279,2.1505245121203154
ethiopia,draw_178,Female,0.01917808,0.07671233,62.9029,2.855764746172645
ethiopia,draw_178,Male,0.01917808,0.07671233,62.9029,2.6658857810207284
nigeria,draw_178,Female,0.01917808,0.07671233,62.9029,2.6957658936150906
nigeria,draw_178,Male,0.01917808,0.07671233,62.9029,2.6966078014233856
pakistan,draw_178,Female,0.01917808,0.07671233,62.9029,1.8622195917590783
pakistan,draw_178,Male,0.01917808,0.07671233,62.9029,2.152034222724956
ethiopia,draw_178,Female,0.01917808,0.07671233,63.01301,2.8554212947997843
ethiopia,draw_178,Male,0.01917808,0.07671233,63.01301,2.6659413816612494
nigeria,draw_178,Female,0.01917808,0.07671233,63.01301,2.6959593261263985
nigeria,draw_178,Male,0.01917808,0.07671233,63.01301,2.69660964899307
pakistan,draw_178,Female,0.01917808,0.07671233,63.01301,1.8645123115913627
pakistan,draw_178,Male,0.01917808,0.07671233,63.01301,2.1535280358354574
ethiopia,draw_178,Female,0.01917808,0.07671233,63.12312,2.8550553650963475
ethiopia,draw_178,Male,0.01917808,0.07671233,63.12312,2.6659774633986952
nigeria,draw_178,Female,0.01917808,0.07671233,63.12312,2.6961310357682486
nigeria,draw_178,Male,0.01917808,0.07671233,63.12312,2.6965913876457424
pakistan,draw_178,Female,0.01917808,0.07671233,63.12312,1.866790817359035
pakistan,draw_178,Male,0.01917808,0.07671233,63.12312,2.155103910173119
ethiopia,draw_178,Female,0.01917808,0.07671233,63.23323,2.8546656052587225
ethiopia,draw_178,Male,0.01917808,0.07671233,63.23323,2.665993195560147
nigeria,draw_178,Female,0.01917808,0.07671233,63.23323,2.696280902607775
nigeria,draw_178,Male,0.01917808,0.07671233,63.23323,2.69655261391069
pakistan,draw_178,Female,0.01917808,0.07671233,63.23323,1.8690550571052857
pakistan,draw_178,Male,0.01917808,0.07671233,63.23323,2.156696568438488
ethiopia,draw_178,Female,0.01917808,0.07671233,63.34334,2.8542523935141997
ethiopia,draw_178,Male,0.01917808,0.07671233,63.34334,2.6659879271776377
nigeria,draw_178,Female,0.01917808,0.07671233,63.34334,2.6964080575247733
nigeria,draw_178,Male,0.01917808,0.07671233,63.34334,2.696491930059304
pakistan,draw_178,Female,0.01917808,0.07671233,63.34334,1.8713045846023426
pakistan,draw_178,Male,0.01917808,0.07671233,63.34334,2.158272285596566
ethiopia,draw_178,Female,0.01917808,0.07671233,63.45345,2.853816977696619
ethiopia,draw_178,Male,0.01917808,0.07671233,63.45345,2.6659629442009005
nigeria,draw_178,Female,0.01917808,0.07671233,63.45345,2.696514349043582
nigeria,draw_178,Male,0.01917808,0.07671233,63.45345,2.6964106946659396
pakistan,draw_178,Female,0.01917808,0.07671233,63.45345,1.8735406600542666
pakistan,draw_178,Male,0.01917808,0.07671233,63.45345,2.159831246427336
ethiopia,draw_178,Female,0.01917808,0.07671233,63.56356,2.853359587669994
ethiopia,draw_178,Male,0.01917808,0.07671233,63.56356,2.6659192729999353
nigeria,draw_178,Female,0.01917808,0.07671233,63.56356,2.6965986841940537
nigeria,draw_178,Male,0.01917808,0.07671233,63.56356,2.6963095541592597
pakistan,draw_178,Female,0.01917808,0.07671233,63.56356,1.8757632170072316
pakistan,draw_178,Male,0.01917808,0.07671233,63.56356,2.1613743426183794
ethiopia,draw_178,Female,0.01917808,0.07671233,63.67367,2.8528791891427288
ethiopia,draw_178,Male,0.01917808,0.07671233,63.67367,2.6658554363262676
nigeria,draw_178,Female,0.01917808,0.07671233,63.67367,2.6966608388247773
nigeria,draw_178,Male,0.01917808,0.07671233,63.67367,2.6961879046485664
pakistan,draw_178,Female,0.01917808,0.07671233,63.67367,1.8779719441222877
pakistan,draw_178,Male,0.01917808,0.07671233,63.67367,2.162900392985164
ethiopia,draw_178,Female,0.01917808,0.07671233,63.78378,2.852377457233904
ethiopia,draw_178,Male,0.01917808,0.07671233,63.78378,2.6657708296699543
nigeria,draw_178,Female,0.01917808,0.07671233,63.78378,2.6967017101590125
nigeria,draw_178,Male,0.01917808,0.07671233,63.78378,2.6960453494014534
pakistan,draw_178,Female,0.01917808,0.07671233,63.78378,1.8801658664562075
pakistan,draw_178,Male,0.01917808,0.07671233,63.78378,2.1644100328548133
ethiopia,draw_178,Female,0.01917808,0.07671233,63.89389,2.8518531085163885
ethiopia,draw_178,Male,0.01917808,0.07671233,63.89389,2.6656675665688607
nigeria,draw_178,Female,0.01917808,0.07671233,63.89389,2.696718871856733
nigeria,draw_178,Male,0.01917808,0.07671233,63.89389,2.695882872411493
pakistan,draw_178,Female,0.01917808,0.07671233,63.89389,1.8823450972079865
pakistan,draw_178,Male,0.01917808,0.07671233,63.89389,2.1659029957017704
ethiopia,draw_178,Female,0.01917808,0.07671233,64.004,2.8513063145829363
ethiopia,draw_178,Male,0.01917808,0.07671233,64.004,2.6655424658619333
nigeria,draw_178,Female,0.01917808,0.07671233,64.004,2.696714924512044
nigeria,draw_178,Male,0.01917808,0.07671233,64.004,2.6956996691500703
pakistan,draw_178,Female,0.01917808,0.07671233,64.004,1.8845100430918253
pakistan,draw_178,Male,0.01917808,0.07671233,64.004,2.167378883627446
ethiopia,draw_178,Female,0.01917808,0.07671233,64.11411,2.8507366832124363
ethiopia,draw_178,Male,0.01917808,0.07671233,64.11411,2.665398456110646
nigeria,draw_178,Female,0.01917808,0.07671233,64.11411,2.696689900709474
nigeria,draw_178,Male,0.01917808,0.07671233,64.11411,2.6954955484397827
pakistan,draw_178,Female,0.01917808,0.07671233,64.11411,1.8866599704624507
pakistan,draw_178,Male,0.01917808,0.07671233,64.11411,2.168838012579926
ethiopia,draw_178,Female,0.01917808,0.07671233,64.22422,2.8501443768180135
ethiopia,draw_178,Male,0.01917808,0.07671233,64.22422,2.6652337927130985
nigeria,draw_178,Female,0.01917808,0.07671233,64.22422,2.696643199018187
nigeria,draw_178,Male,0.01917808,0.07671233,64.22422,2.6952714909378517
pakistan,draw_178,Female,0.01917808,0.07671233,64.22422,1.8887946394627562
pakistan,draw_178,Male,0.01917808,0.07671233,64.22422,2.170279951283103
ethiopia,draw_178,Female,0.01917808,0.07671233,64.33433,2.849528153874829
ethiopia,draw_178,Male,0.01917808,0.07671233,64.33433,2.665047096794171
nigeria,draw_178,Female,0.01917808,0.07671233,64.33433,2.696572951752064
nigeria,draw_178,Male,0.01917808,0.07671233,64.33433,2.6950242813571608
pakistan,draw_178,Female,0.01917808,0.07671233,64.33433,1.8909132741466346
pakistan,draw_178,Male,0.01917808,0.07671233,64.33433,2.171704918262257
ethiopia,draw_178,Female,0.01917808,0.07671233,64.44444,2.848888837557261
ethiopia,draw_178,Male,0.01917808,0.07671233,64.44444,2.6648407094355697
nigeria,draw_178,Female,0.01917808,0.07671233,64.44444,2.696480229625137
nigeria,draw_178,Male,0.01917808,0.07671233,64.44444,2.6947563088872073
pakistan,draw_178,Female,0.01917808,0.07671233,64.44444,1.8930165871423668
pakistan,draw_178,Male,0.01917808,0.07671233,64.44444,2.173113024245951
ethiopia,draw_178,Female,0.01917808,0.07671233,64.55455,2.848227518027633
ethiopia,draw_178,Male,0.01917808,0.07671233,64.55455,2.6646137551047304
nigeria,draw_178,Female,0.01917808,0.07671233,64.55455,2.6963654689542325
nigeria,draw_178,Male,0.01917808,0.07671233,64.55455,2.6944688954062905
pakistan,draw_178,Female,0.01917808,0.07671233,64.55455,1.8951049210304072
pakistan,draw_178,Male,0.01917808,0.07671233,64.55455,2.1745041979364146
ethiopia,draw_178,Female,0.01917808,0.07671233,64.66466,2.847542756609963
ethiopia,draw_178,Male,0.01917808,0.07671233,64.66466,2.664366554129649
nigeria,draw_178,Female,0.01917808,0.07671233,64.66466,2.6962290971707423
nigeria,draw_178,Male,0.01917808,0.07671233,64.66466,2.6941597882078674
pakistan,draw_178,Female,0.01917808,0.07671233,64.66466,1.8971778199375375
pakistan,draw_178,Male,0.01917808,0.07671233,64.66466,2.175877888446159
ethiopia,draw_178,Female,0.01917808,0.07671233,64.77477,2.8468366487428924
ethiopia,draw_178,Male,0.01917808,0.07671233,64.77477,2.664099430186582
nigeria,draw_178,Female,0.01917808,0.07671233,64.77477,2.6960690649538237
nigeria,draw_178,Male,0.01917808,0.07671233,64.77477,2.69383010516744
pakistan,draw_178,Female,0.01917808,0.07671233,64.77477,1.8992355054734307
pakistan,draw_178,Male,0.01917808,0.07671233,64.77477,2.1772348525739877
ethiopia,draw_178,Female,0.01917808,0.07671233,64.88488,2.846105910958126
ethiopia,draw_178,Male,0.01917808,0.07671233,64.88488,2.6638115147417945
nigeria,draw_178,Female,0.01917808,0.07671233,64.88488,2.695888335447701
nigeria,draw_178,Male,0.01917808,0.07671233,64.88488,2.6934798730132354
pakistan,draw_178,Female,0.01917808,0.07671233,64.88488,1.9012777903633584
pakistan,draw_178,Male,0.01917808,0.07671233,64.88488,2.1785746583731895
ethiopia,draw_178,Female,0.01917808,0.07671233,64.99499,2.8453537035542067
ethiopia,draw_178,Male,0.01917808,0.07671233,64.99499,2.663503495192465
nigeria,draw_178,Female,0.01917808,0.07671233,64.99499,2.6956854371596704
nigeria,draw_178,Male,0.01917808,0.07671233,64.99499,2.6931081849829877
pakistan,draw_178,Female,0.01917808,0.07671233,64.99499,1.9033043642112748
pakistan,draw_178,Male,0.01917808,0.07671233,64.99499,2.179896823826697
ethiopia,draw_178,Female,0.01917808,0.07671233,65.10511,2.844578119925584
ethiopia,draw_178,Male,0.01917808,0.07671233,65.10511,2.6631746997145505
nigeria,draw_178,Female,0.01917808,0.07671233,65.10511,2.695459371764216
nigeria,draw_178,Male,0.01917808,0.07671233,65.10511,2.6927156052983707
pakistan,draw_178,Female,0.01917808,0.07671233,65.10511,1.905315593008083
pakistan,draw_178,Male,0.01917808,0.07671233,65.10511,2.1812015558598215
ethiopia,draw_178,Female,0.01917808,0.07671233,65.21522,2.843780310190043
ethiopia,draw_178,Male,0.01917808,0.07671233,65.21522,2.6628251150236797
nigeria,draw_178,Female,0.01917808,0.07671233,65.21522,2.695211389556927
nigeria,draw_178,Male,0.01917808,0.07671233,65.21522,2.6923024029365448
pakistan,draw_178,Female,0.01917808,0.07671233,65.21522,1.907310106902341
pakistan,draw_178,Male,0.01917808,0.07671233,65.21522,2.182488479776063
ethiopia,draw_178,Female,0.01917808,0.07671233,65.32533,2.842959180872261
ethiopia,draw_178,Male,0.01917808,0.07671233,65.32533,2.662453199694546
nigeria,draw_178,Female,0.01917808,0.07671233,65.32533,2.694940461354033
nigeria,draw_178,Male,0.01917808,0.07671233,65.32533,2.6918668702736324
pakistan,draw_178,Female,0.01917808,0.07671233,65.32533,1.9092885517129103
pakistan,draw_178,Male,0.01917808,0.07671233,65.32533,2.1837571279091152
ethiopia,draw_178,Female,0.01917808,0.07671233,65.43544,2.8421138389752145
ethiopia,draw_178,Male,0.01917808,0.07671233,65.43544,2.662061223424844
nigeria,draw_178,Female,0.01917808,0.07671233,65.43544,2.6946470144353176
nigeria,draw_178,Male,0.01917808,0.07671233,65.43544,2.691410654541719
pakistan,draw_178,Female,0.01917808,0.07671233,65.43544,1.9112512088290556
pakistan,draw_178,Male,0.01917808,0.07671233,65.43544,2.1850074260766688
ethiopia,draw_178,Female,0.01917808,0.07671233,65.54555,2.841245259516934
ethiopia,draw_178,Male,0.01917808,0.07671233,65.54555,2.6616480364366266
nigeria,draw_178,Female,0.01917808,0.07671233,65.54555,2.6943302261617412
nigeria,draw_178,Male,0.01917808,0.07671233,65.54555,2.690932918073792
pakistan,draw_178,Female,0.01917808,0.07671233,65.54555,1.9131973274904175
pakistan,draw_178,Male,0.01917808,0.07671233,65.54555,2.186239671564071
ethiopia,draw_178,Female,0.01917808,0.07671233,65.65566,2.8403534692801435
ethiopia,draw_178,Male,0.01917808,0.07671233,65.65566,2.6612145757701824
nigeria,draw_178,Female,0.01917808,0.07671233,65.65566,2.6939907760871216
nigeria,draw_178,Male,0.01917808,0.07671233,65.65566,2.6904344773000735
pakistan,draw_178,Female,0.01917808,0.07671233,65.65566,1.9151271893030004
pakistan,draw_178,Male,0.01917808,0.07671233,65.65566,2.187453573567282
ethiopia,draw_178,Female,0.01917808,0.07671233,65.76577,2.839439198921215
ethiopia,draw_178,Male,0.01917808,0.07671233,65.76577,2.660761411968187
nigeria,draw_178,Female,0.01917808,0.07671233,65.76577,2.6936293049955435
nigeria,draw_178,Male,0.01917808,0.07671233,65.76577,2.6899146623806423
pakistan,draw_178,Female,0.01917808,0.07671233,65.76577,1.9170405329953282
pakistan,draw_178,Male,0.01917808,0.07671233,65.76577,2.1886501211446365
ethiopia,draw_178,Female,0.01917808,0.07671233,65.87588,2.838500343694433
ethiopia,draw_178,Male,0.01917808,0.07671233,65.87588,2.660286434959651
nigeria,draw_178,Female,0.01917808,0.07671233,65.87588,2.693244044108466
nigeria,draw_178,Male,0.01917808,0.07671233,65.87588,2.6893739928656677
pakistan,draw_178,Female,0.01917808,0.07671233,65.87588,1.9189377528067864
pakistan,draw_178,Male,0.01917808,0.07671233,65.87588,2.189828332239159
ethiopia,draw_178,Female,0.01917808,0.07671233,65.98599,2.837539310048002
ethiopia,draw_178,Male,0.01917808,0.07671233,65.98599,2.659791972068414
nigeria,draw_178,Female,0.01917808,0.07671233,65.98599,2.6928380099365334
nigeria,draw_178,Male,0.01917808,0.07671233,65.98599,2.688811766603533
pakistan,draw_178,Female,0.01917808,0.07671233,65.98599,1.9208192382574405
pakistan,draw_178,Male,0.01917808,0.07671233,65.98599,2.1909883573062676
ethiopia,draw_178,Female,0.01917808,0.07671233,66.0961,2.83655366242858
ethiopia,draw_178,Male,0.01917808,0.07671233,66.0961,2.659275409249153
nigeria,draw_178,Female,0.01917808,0.07671233,66.0961,2.6924089712827524
nigeria,draw_178,Male,0.01917808,0.07671233,66.0961,2.688227709291103
pakistan,draw_178,Female,0.01917808,0.07671233,66.0961,1.9226840097922973
pakistan,draw_178,Male,0.01917808,0.07671233,66.0961,2.192130326403482
ethiopia,draw_178,Female,0.01917808,0.07671233,66.20621,2.835544441176026
ethiopia,draw_178,Male,0.01917808,0.07671233,66.20621,2.6587389327577586
nigeria,draw_178,Female,0.01917808,0.07671233,66.20621,2.691956088133501
nigeria,draw_178,Male,0.01917808,0.07671233,66.20621,2.6876223384594207
pakistan,draw_178,Female,0.01917808,0.07671233,66.20621,1.924532402817785
pakistan,draw_178,Male,0.01917808,0.07671233,66.20621,2.1932537457265986
ethiopia,draw_178,Female,0.01917808,0.07671233,66.31632,2.8345123661091476
ethiopia,draw_178,Male,0.01917808,0.07671233,66.31632,2.6581805818912416
nigeria,draw_178,Female,0.01917808,0.07671233,66.31632,2.6914818698815446
nigeria,draw_178,Male,0.01917808,0.07671233,66.31632,2.6869951631231435
pakistan,draw_178,Female,0.01917808,0.07671233,66.31632,1.9263624723393034
pakistan,draw_178,Male,0.01917808,0.07671233,66.31632,2.1943589285990783
ethiopia,draw_178,Female,0.01917808,0.07671233,66.42643,2.833456982515192
ethiopia,draw_178,Male,0.01917808,0.07671233,66.42643,2.657600318287845
nigeria,draw_178,Female,0.01917808,0.07671233,66.42643,2.690982767930556
nigeria,draw_178,Male,0.01917808,0.07671233,66.42643,2.6863447899407094
pakistan,draw_178,Female,0.01917808,0.07671233,66.42643,1.9281746420903787
pakistan,draw_178,Male,0.01917808,0.07671233,66.42643,2.19544539434913
ethiopia,draw_178,Female,0.01917808,0.07671233,66.53654,2.8323768846808077
ethiopia,draw_178,Male,0.01917808,0.07671233,66.53654,2.6569996869153814
nigeria,draw_178,Female,0.01917808,0.07671233,66.53654,2.690460795213799
nigeria,draw_178,Male,0.01917808,0.07671233,66.53654,2.685671922314177
pakistan,draw_178,Female,0.01917808,0.07671233,66.53654,1.9299701171020383
pakistan,draw_178,Male,0.01917808,0.07671233,66.53654,2.1965137872398146
ethiopia,draw_178,Female,0.01917808,0.07671233,66.64665,2.831274575695885
ethiopia,draw_178,Male,0.01917808,0.07671233,66.64665,2.656376381322894
nigeria,draw_178,Female,0.01917808,0.07671233,66.64665,2.6899158478189316
nigeria,draw_178,Male,0.01917808,0.07671233,66.64665,2.6849778088705456
pakistan,draw_178,Female,0.01917808,0.07671233,66.64665,1.9317482948954436
pakistan,draw_178,Male,0.01917808,0.07671233,66.64665,2.1975639169855485
ethiopia,draw_178,Female,0.01917808,0.07671233,66.75676,2.8301489489655447
ethiopia,draw_178,Male,0.01917808,0.07671233,66.75676,2.655732476695346
nigeria,draw_178,Female,0.01917808,0.07671233,66.75676,2.689348129189957
nigeria,draw_178,Male,0.01917808,0.07671233,66.75676,2.6842621403011013
pakistan,draw_178,Female,0.01917808,0.07671233,66.75676,1.9335086087044246
pakistan,draw_178,Male,0.01917808,0.07671233,66.75676,2.198594395906439
ethiopia,draw_178,Female,0.01917808,0.07671233,66.86687,2.82899857596103
ethiopia,draw_178,Male,0.01917808,0.07671233,66.86687,2.6550673438047454
nigeria,draw_178,Female,0.01917808,0.07671233,66.86687,2.688756819929841
nigeria,draw_178,Male,0.01917808,0.07671233,66.86687,2.6835244482974487
pakistan,draw_178,Female,0.01917808,0.07671233,66.86687,1.935251373030509
pakistan,draw_178,Male,0.01917808,0.07671233,66.86687,2.199606145910272
ethiopia,draw_178,Female,0.01917808,0.07671233,66.97698,2.827824375269228
ethiopia,draw_178,Male,0.01917808,0.07671233,66.97698,2.6543799027631536
nigeria,draw_178,Female,0.01917808,0.07671233,66.97698,2.6881429578783185
nigeria,draw_178,Male,0.01917808,0.07671233,66.97698,2.6827652292985475
pakistan,draw_178,Female,0.01917808,0.07671233,66.97698,1.936977358268643
pakistan,draw_178,Male,0.01917808,0.07671233,66.97698,2.200598678589193
ethiopia,draw_178,Female,0.01917808,0.07671233,67.08709,2.8266256670959002
ethiopia,draw_178,Male,0.01917808,0.07671233,67.08709,2.6536710837851882
nigeria,draw_178,Female,0.01917808,0.07671233,67.08709,2.6875049765741443
nigeria,draw_178,Male,0.01917808,0.07671233,67.08709,2.681984132535987
pakistan,draw_178,Female,0.01917808,0.07671233,67.08709,1.9386854562589189
pakistan,draw_178,Male,0.01917808,0.07671233,67.08709,2.201571557730711
ethiopia,draw_178,Female,0.01917808,0.07671233,67.1972,2.825403941456955
ethiopia,draw_178,Male,0.01917808,0.07671233,67.1972,2.652941010206725
nigeria,draw_178,Female,0.01917808,0.07671233,67.1972,2.6868445471020563
nigeria,draw_178,Male,0.01917808,0.07671233,67.1972,2.681181133979846
pakistan,draw_178,Female,0.01917808,0.07671233,67.1972,1.9403761092480254
pakistan,draw_178,Male,0.01917808,0.07671233,67.1972,2.2025256589674016
ethiopia,draw_178,Female,0.01917808,0.07671233,67.30731,2.824157113372578
ethiopia,draw_178,Male,0.01917808,0.07671233,67.30731,2.6521899397031916
nigeria,draw_178,Female,0.01917808,0.07671233,67.30731,2.6861605442638443
nigeria,draw_178,Male,0.01917808,0.07671233,67.30731,2.680356602921589
pakistan,draw_178,Female,0.01917808,0.07671233,67.30731,1.9420488174972914
pakistan,draw_178,Male,0.01917808,0.07671233,67.30731,2.2034601413705373
ethiopia,draw_178,Female,0.01917808,0.07671233,67.41742,2.8228870169894735
ethiopia,draw_178,Male,0.01917808,0.07671233,67.41742,2.6514156605605343
nigeria,draw_178,Female,0.01917808,0.07671233,67.41742,2.685452410659991
nigeria,draw_178,Male,0.01917808,0.07671233,67.41742,2.6795087517913543
pakistan,draw_178,Female,0.01917808,0.07671233,67.41742,1.9437034889217697
pakistan,draw_178,Male,0.01917808,0.07671233,67.41742,2.2043740298454035
ethiopia,draw_178,Female,0.01917808,0.07671233,67.52753,2.821593029710825
ethiopia,draw_178,Male,0.01917808,0.07671233,67.52753,2.6506200983369363
nigeria,draw_178,Female,0.01917808,0.07671233,67.52753,2.6847197047512963
nigeria,draw_178,Male,0.01917808,0.07671233,67.52753,2.6786388136883894
pakistan,draw_178,Female,0.01917808,0.07671233,67.52753,1.9453404174262638
pakistan,draw_178,Male,0.01917808,0.07671233,67.52753,2.205268984323658
ethiopia,draw_178,Female,0.01917808,0.07671233,67.63764,2.820275651327301
ethiopia,draw_178,Male,0.01917808,0.07671233,67.63764,2.649802358703642
nigeria,draw_178,Female,0.01917808,0.07671233,67.63764,2.683963268147119
nigeria,draw_178,Male,0.01917808,0.07671233,67.63764,2.6777471764570344
pakistan,draw_178,Female,0.01917808,0.07671233,67.63764,1.946959596700389
pakistan,draw_178,Male,0.01917808,0.07671233,67.63764,2.2061443140675068
ethiopia,draw_178,Female,0.01917808,0.07671233,67.74775,2.8189355612288307
ethiopia,draw_178,Male,0.01917808,0.07671233,67.74775,2.6489625209008243
nigeria,draw_178,Female,0.01917808,0.07671233,67.74775,2.683183372607252
nigeria,draw_178,Male,0.01917808,0.07671233,67.74775,2.676833156065894
pakistan,draw_178,Female,0.01917808,0.07671233,67.74775,1.9485602788416876
pakistan,draw_178,Male,0.01917808,0.07671233,67.74775,2.2070000072824096
ethiopia,draw_178,Female,0.01917808,0.07671233,67.85786,2.8175698785203087
ethiopia,draw_178,Male,0.01917808,0.07671233,67.85786,2.6481018485792385
nigeria,draw_178,Female,0.01917808,0.07671233,67.85786,2.682380755228144
nigeria,draw_178,Male,0.01917808,0.07671233,67.85786,2.6758982303910606
pakistan,draw_178,Female,0.01917808,0.07671233,67.85786,1.9501430008740477
pakistan,draw_178,Male,0.01917808,0.07671233,67.85786,2.2078356693876744
ethiopia,draw_178,Female,0.01917808,0.07671233,67.96797,2.8161807126948935
ethiopia,draw_178,Male,0.01917808,0.07671233,67.96797,2.64721812713705
nigeria,draw_178,Female,0.01917808,0.07671233,67.96797,2.6815536874939765
nigeria,draw_178,Male,0.01917808,0.07671233,67.96797,2.6749417167534792
pakistan,draw_178,Female,0.01917808,0.07671233,67.96797,1.9517075934218326
pakistan,draw_178,Male,0.01917808,0.07671233,67.96797,2.2086525198439997
ethiopia,draw_178,Female,0.01917808,0.07671233,68.07808,2.814768484849802
ethiopia,draw_178,Male,0.01917808,0.07671233,68.07808,2.646312815716653
nigeria,draw_178,Female,0.01917808,0.07671233,68.07808,2.6807028529892967
nigeria,draw_178,Male,0.01917808,0.07671233,68.07808,2.673962614006956
pakistan,draw_178,Female,0.01917808,0.07671233,68.07808,1.953254006799328
pakistan,draw_178,Male,0.01917808,0.07671233,68.07808,2.209449328772367
ethiopia,draw_178,Female,0.01917808,0.07671233,68.18819,2.8133314850082045
ethiopia,draw_178,Male,0.01917808,0.07671233,68.18819,2.645385610185255
nigeria,draw_178,Female,0.01917808,0.07671233,68.18819,2.6798280028467394
nigeria,draw_178,Male,0.01917808,0.07671233,68.18819,2.672961625511433
pakistan,draw_178,Female,0.01917808,0.07671233,68.18819,1.9547818434490085
pakistan,draw_178,Male,0.01917808,0.07671233,68.18819,2.21022676860107
ethiopia,draw_178,Female,0.01917808,0.07671233,68.2983,2.8118710316869038
ethiopia,draw_178,Male,0.01917808,0.07671233,68.2983,2.6444356377908838
nigeria,draw_178,Female,0.01917808,0.07671233,68.2983,2.678927852066106
nigeria,draw_178,Male,0.01917808,0.07671233,68.2983,2.6719385995072384
pakistan,draw_178,Female,0.01917808,0.07671233,68.2983,1.9562908117978157
pakistan,draw_178,Male,0.01917808,0.07671233,68.2983,2.2109845260411287
ethiopia,draw_178,Female,0.01917808,0.07671233,68.40841,2.8103858238028736
ethiopia,draw_178,Male,0.01917808,0.07671233,68.40841,2.643463648692441
nigeria,draw_178,Female,0.01917808,0.07671233,68.40841,2.678002135661914
nigeria,draw_178,Male,0.01917808,0.07671233,68.40841,2.670892522017775
pakistan,draw_178,Female,0.01917808,0.07671233,68.40841,1.9577799763381034
pakistan,draw_178,Male,0.01917808,0.07671233,68.40841,2.2117221474936226
ethiopia,draw_178,Female,0.01917808,0.07671233,68.51852,2.8088770632416966
ethiopia,draw_178,Male,0.01917808,0.07671233,68.51852,2.642468408753366
nigeria,draw_178,Female,0.01917808,0.07671233,68.51852,2.677050721879272
nigeria,draw_178,Male,0.01917808,0.07671233,68.51852,2.6698243299578968
pakistan,draw_178,Female,0.01917808,0.07671233,68.51852,1.959250588741837
pakistan,draw_178,Male,0.01917808,0.07671233,68.51852,2.2124395252617735
ethiopia,draw_178,Female,0.01917808,0.07671233,68.62863,2.807343547865402
ethiopia,draw_178,Male,0.01917808,0.07671233,68.62863,2.641451789663261
nigeria,draw_178,Female,0.01917808,0.07671233,68.62863,2.6760768240021218
nigeria,draw_178,Male,0.01917808,0.07671233,68.62863,2.66873444028432
pakistan,draw_178,Female,0.01917808,0.07671233,68.62863,1.9607028455606628
pakistan,draw_178,Male,0.01917808,0.07671233,68.62863,2.213137267172553
ethiopia,draw_178,Female,0.01917808,0.07671233,68.73874,2.805785954276218
ethiopia,draw_178,Male,0.01917808,0.07671233,68.73874,2.6404130800598606
nigeria,draw_178,Female,0.01917808,0.07671233,68.73874,2.675077125629205
nigeria,draw_178,Male,0.01917808,0.07671233,68.73874,2.667621351828067
pakistan,draw_178,Female,0.01917808,0.07671233,68.73874,1.9621364694272514
pakistan,draw_178,Male,0.01917808,0.07671233,68.73874,2.213814670907652
ethiopia,draw_178,Female,0.01917808,0.07671233,68.84885,2.8042052730303206
ethiopia,draw_178,Male,0.01917808,0.07671233,68.84885,2.639353135137788
nigeria,draw_178,Female,0.01917808,0.07671233,68.84885,2.6740542957551914
nigeria,draw_178,Male,0.01917808,0.07671233,68.84885,2.6664866228629633
pakistan,draw_178,Female,0.01917808,0.07671233,68.84885,1.9635507978998623
pakistan,draw_178,Male,0.01917808,0.07671233,68.84885,2.2144716809228475
ethiopia,draw_178,Female,0.01917808,0.07671233,68.95896,2.8026003397452737
ethiopia,draw_178,Male,0.01917808,0.07671233,68.95896,2.6382704258303407
nigeria,draw_178,Female,0.01917808,0.07671233,68.95896,2.673005942595425
nigeria,draw_178,Male,0.01917808,0.07671233,68.95896,2.6653296354388107
pakistan,draw_178,Female,0.01917808,0.07671233,68.95896,1.9649451210958124
pakistan,draw_178,Male,0.01917808,0.07671233,68.95896,2.2151088811233492
ethiopia,draw_178,Female,0.01917808,0.07671233,69.06907,2.800971629407261
ethiopia,draw_178,Male,0.01917808,0.07671233,69.06907,2.6371654382424583
nigeria,draw_178,Female,0.01917808,0.07671233,69.06907,2.671933829909687
nigeria,draw_178,Male,0.01917808,0.07671233,69.06907,2.6641497662752416
pakistan,draw_178,Female,0.01917808,0.07671233,69.06907,1.9663201923967586
pakistan,draw_178,Male,0.01917808,0.07671233,69.06907,2.215725804032611
ethiopia,draw_178,Female,0.01917808,0.07671233,69.17918,2.7993177773815052
ethiopia,draw_178,Male,0.01917808,0.07671233,69.17918,2.6360397393923383
nigeria,draw_178,Female,0.01917808,0.07671233,69.17918,2.670838402701624
nigeria,draw_178,Male,0.01917808,0.07671233,69.17918,2.6629472329596338
pakistan,draw_178,Female,0.01917808,0.07671233,69.17918,1.967871072597427
pakistan,draw_178,Male,0.01917808,0.07671233,69.17918,2.216322722707675
ethiopia,draw_178,Female,0.01917808,0.07671233,69.28929,2.7976414608493783
ethiopia,draw_178,Male,0.01917808,0.07671233,69.28929,2.63489176774239
nigeria,draw_178,Female,0.01917808,0.07671233,69.28929,2.6697183993217135
nigeria,draw_178,Male,0.01917808,0.07671233,69.28929,2.661721768198025
pakistan,draw_178,Female,0.01917808,0.07671233,69.28929,1.9696676678176746
pakistan,draw_178,Male,0.01917808,0.07671233,69.28929,2.216898426733124
ethiopia,draw_178,Female,0.01917808,0.07671233,69.3994,2.7959413748608952
ethiopia,draw_178,Male,0.01917808,0.07671233,69.3994,2.63372147947501
nigeria,draw_178,Female,0.01917808,0.07671233,69.3994,2.6685727636626186
nigeria,draw_178,Male,0.01917808,0.07671233,69.3994,2.660472638252675
pakistan,draw_178,Female,0.01917808,0.07671233,69.3994,1.9714432269506073
pakistan,draw_178,Male,0.01917808,0.07671233,69.3994,2.2174533654283985
ethiopia,draw_178,Female,0.01917808,0.07671233,69.50951,2.7942154719825245
ethiopia,draw_178,Male,0.01917808,0.07671233,69.50951,2.6325268866669216
nigeria,draw_178,Female,0.01917808,0.07671233,69.50951,2.667402029052118
nigeria,draw_178,Male,0.01917808,0.07671233,69.50951,2.6592004563975458
pakistan,draw_178,Female,0.01917808,0.07671233,69.50951,1.9731981147735154
pakistan,draw_178,Male,0.01917808,0.07671233,69.50951,2.217986696144213
ethiopia,draw_178,Female,0.01917808,0.07671233,69.61962,2.792465573647149
ethiopia,draw_178,Male,0.01917808,0.07671233,69.61962,2.631310744943906
nigeria,draw_178,Female,0.01917808,0.07671233,69.61962,2.6662072247206976
nigeria,draw_178,Male,0.01917808,0.07671233,69.61962,2.657904644897568
pakistan,draw_178,Female,0.01917808,0.07671233,69.61962,1.9749321295901279
pakistan,draw_178,Male,0.01917808,0.07671233,69.61962,2.218498993213635
ethiopia,draw_178,Female,0.01917808,0.07671233,69.72973,2.79069082214184
ethiopia,draw_178,Male,0.01917808,0.07671233,69.72973,2.63007094938624
nigeria,draw_178,Female,0.01917808,0.07671233,69.72973,2.6649872276449043
nigeria,draw_178,Male,0.01917808,0.07671233,69.72973,2.656585971295548
pakistan,draw_178,Female,0.01917808,0.07671233,69.72973,1.9766458067281834
pakistan,draw_178,Male,0.01917808,0.07671233,69.72973,2.218990513590229
ethiopia,draw_178,Female,0.01917808,0.07671233,69.83984,2.78889170453469
ethiopia,draw_178,Male,0.01917808,0.07671233,69.83984,2.6288090430960844
nigeria,draw_178,Female,0.01917808,0.07671233,69.83984,2.663742611740868
nigeria,draw_178,Male,0.01917808,0.07671233,69.83984,2.6552442049809937
pakistan,draw_178,Female,0.01917808,0.07671233,69.83984,1.9783406027025001
pakistan,draw_178,Male,0.01917808,0.07671233,69.83984,2.219461708125392
ethiopia,draw_178,Female,0.01917808,0.07671233,69.94995,2.7870680516449506
ethiopia,draw_178,Male,0.01917808,0.07671233,69.94995,2.6275249439901924
nigeria,draw_178,Female,0.01917808,0.07671233,69.94995,2.6624739602533642
nigeria,draw_178,Male,0.01917808,0.07671233,69.94995,2.6538797790068704
pakistan,draw_178,Female,0.01917808,0.07671233,69.94995,1.980015290007436
pakistan,draw_178,Male,0.01917808,0.07671233,69.94995,2.219911767680278
ethiopia,draw_178,Female,0.01917808,0.07671233,70.06006,2.785219690253321
ethiopia,draw_178,Male,0.01917808,0.07671233,70.06006,2.6262178403581857
nigeria,draw_178,Female,0.01917808,0.07671233,70.06006,2.66118127796297
nigeria,draw_178,Male,0.01917808,0.07671233,70.06006,2.6524920278313897
pakistan,draw_178,Female,0.01917808,0.07671233,70.06006,1.981669345833957
pakistan,draw_178,Male,0.01917808,0.07671233,70.06006,2.2203410553762923
ethiopia,draw_178,Female,0.01917808,0.07671233,70.17017,2.7833474015823634
ethiopia,draw_178,Male,0.01917808,0.07671233,70.17017,2.624887866001675
nigeria,draw_178,Female,0.01917808,0.07671233,70.17017,2.6598637754941468
nigeria,draw_178,Male,0.01917808,0.07671233,70.17017,2.651081773687745
pakistan,draw_178,Female,0.01917808,0.07671233,70.17017,1.9833031631001545
pakistan,draw_178,Male,0.01917808,0.07671233,70.17017,2.220748917717385
ethiopia,draw_178,Female,0.01917808,0.07671233,70.28028,2.781450472344172
ethiopia,draw_178,Male,0.01917808,0.07671233,70.28028,2.6235355231972917
nigeria,draw_178,Female,0.01917808,0.07671233,70.28028,2.6585221157282883
nigeria,draw_178,Male,0.01917808,0.07671233,70.28028,2.6496473603952944
pakistan,draw_178,Female,0.01917808,0.07671233,70.28028,1.9849159811290829
pakistan,draw_178,Male,0.01917808,0.07671233,70.28028,2.2211360715053345
ethiopia,draw_178,Female,0.01917808,0.07671233,70.39039,2.779528637430893
ethiopia,draw_178,Male,0.01917808,0.07671233,70.39039,2.622159936799931
nigeria,draw_178,Female,0.01917808,0.07671233,70.39039,2.657155766045295
nigeria,draw_178,Male,0.01917808,0.07671233,70.39039,2.648190725751673
pakistan,draw_178,Female,0.01917808,0.07671233,70.39039,1.9865083937679138
pakistan,draw_178,Male,0.01917808,0.07671233,70.39039,2.22150148796955
ethiopia,draw_178,Female,0.01917808,0.07671233,70.5005,2.77758177556242
ethiopia,draw_178,Male,0.01917808,0.07671233,70.5005,2.6207604570674294
nigeria,draw_178,Female,0.01917808,0.07671233,70.5005,2.6557629502390907
nigeria,draw_178,Male,0.01917808,0.07671233,70.5005,2.64670887807797
pakistan,draw_178,Female,0.01917808,0.07671233,70.5005,1.9880789236797525
pakistan,draw_178,Male,0.01917808,0.07671233,70.5005,2.221844364552893
ethiopia,draw_178,Female,0.01917808,0.07671233,70.61061,2.7756107790396167
ethiopia,draw_178,Male,0.01917808,0.07671233,70.61061,2.619338164961874
nigeria,draw_178,Female,0.01917808,0.07671233,70.61061,2.6543461514433857
nigeria,draw_178,Male,0.01917808,0.07671233,70.61061,2.645205528039565
pakistan,draw_178,Female,0.01917808,0.07671233,70.61061,1.9896286176051847
pakistan,draw_178,Male,0.01917808,0.07671233,70.61061,2.222166143061831
ethiopia,draw_178,Female,0.01917808,0.07671233,70.72072,2.77361361960821
ethiopia,draw_178,Male,0.01917808,0.07671233,70.72072,2.6178947029660367
nigeria,draw_178,Female,0.01917808,0.07671233,70.72072,2.652905038209753
nigeria,draw_178,Male,0.01917808,0.07671233,70.72072,2.643678205890204
pakistan,draw_178,Female,0.01917808,0.07671233,70.72072,1.9911570152461588
pakistan,draw_178,Male,0.01917808,0.07671233,70.72072,2.2224664480640373
ethiopia,draw_178,Female,0.01917808,0.07671233,70.83083,2.7715927232892734
ethiopia,draw_178,Male,0.01917808,0.07671233,70.83083,2.6164271730206194
nigeria,draw_178,Female,0.01917808,0.07671233,70.83083,2.6514391494086635
nigeria,draw_178,Male,0.01917808,0.07671233,70.83083,2.6421269042051567
pakistan,draw_178,Female,0.01917808,0.07671233,70.83083,1.9926640076156696
pakistan,draw_178,Male,0.01917808,0.07671233,70.83083,2.222745781124016
ethiopia,draw_178,Female,0.01917808,0.07671233,70.94094,2.7695485908346615
ethiopia,draw_178,Male,0.01917808,0.07671233,70.94094,2.6149378142117676
nigeria,draw_178,Female,0.01917808,0.07671233,70.94094,2.649948930442185
nigeria,draw_178,Male,0.01917808,0.07671233,70.94094,2.6405534643998396
pakistan,draw_178,Female,0.01917808,0.07671233,70.94094,1.994150081426492
pakistan,draw_178,Male,0.01917808,0.07671233,70.94094,2.2230035481798116
ethiopia,draw_178,Female,0.01917808,0.07671233,71.05105,2.767479160222064
ethiopia,draw_178,Male,0.01917808,0.07671233,71.05105,2.61342530215721
nigeria,draw_178,Female,0.01917808,0.07671233,71.05105,2.6484333790793406
nigeria,draw_178,Male,0.01917808,0.07671233,71.05105,2.638956312891169
pakistan,draw_178,Female,0.01917808,0.07671233,71.05105,1.995613086773883
pakistan,draw_178,Male,0.01917808,0.07671233,71.05105,2.22324046703172
ethiopia,draw_178,Female,0.01917808,0.07671233,71.16116,2.7653843864644476
ethiopia,draw_178,Male,0.01917808,0.07671233,71.16116,2.6118910500127854
nigeria,draw_178,Female,0.01917808,0.07671233,71.16116,2.6468925520879676
nigeria,draw_178,Male,0.01917808,0.07671233,71.16116,2.6373367120225266
pakistan,draw_178,Female,0.01917808,0.07671233,71.16116,1.997054003668228
pakistan,draw_178,Male,0.01917808,0.07671233,71.16116,2.2234551425577775
ethiopia,draw_178,Female,0.01917808,0.07671233,71.27127,2.7632664571719516
ethiopia,draw_178,Male,0.01917808,0.07671233,71.27127,2.6103333167399296
nigeria,draw_178,Female,0.01917808,0.07671233,71.27127,2.645327542325168
nigeria,draw_178,Male,0.01917808,0.07671233,71.27127,2.635694920807641
pakistan,draw_178,Female,0.01917808,0.07671233,71.27127,1.9984721123171327
pakistan,draw_178,Male,0.01917808,0.07671233,71.27127,2.223647774616908
ethiopia,draw_178,Female,0.01917808,0.07671233,71.38138,2.7611241505064
ethiopia,draw_178,Male,0.01917808,0.07671233,71.38138,2.608752292134896
nigeria,draw_178,Female,0.01917808,0.07671233,71.38138,2.6437373591751685
nigeria,draw_178,Male,0.01917808,0.07671233,71.38138,2.634029425340361
pakistan,draw_178,Female,0.01917808,0.07671233,71.38138,1.9998670637725138
pakistan,draw_178,Male,0.01917808,0.07671233,71.38138,2.223818274134084
ethiopia,draw_178,Female,0.01917808,0.07671233,71.49149,2.758955281590693
ethiopia,draw_178,Male,0.01917808,0.07671233,71.49149,2.6071469316373856
nigeria,draw_178,Female,0.01917808,0.07671233,71.49149,2.642121668405651
nigeria,draw_178,Male,0.01917808,0.07671233,71.49149,2.6323396526935485
pakistan,draw_178,Female,0.01917808,0.07671233,71.49149,2.0012394702426217
pakistan,draw_178,Male,0.01917808,0.07671233,71.49149,2.223966176069206
ethiopia,draw_178,Female,0.01917808,0.07671233,71.6016,2.7567607900664632
ethiopia,draw_178,Male,0.01917808,0.07671233,71.6016,2.605518924531867
nigeria,draw_178,Female,0.01917808,0.07671233,71.6016,2.6404817503140667
nigeria,draw_178,Male,0.01917808,0.07671233,71.6016,2.630627687987719
pakistan,draw_178,Female,0.01917808,0.07671233,71.6016,2.002590275713004
pakistan,draw_178,Male,0.01917808,0.07671233,71.6016,2.224090971219117
ethiopia,draw_178,Female,0.01917808,0.07671233,71.71171,2.754544150088336
ethiopia,draw_178,Male,0.01917808,0.07671233,71.71171,2.6038672108269294
nigeria,draw_178,Female,0.01917808,0.07671233,71.71171,2.6388169848888974
nigeria,draw_178,Male,0.01917808,0.07671233,71.71171,2.6288921795372366
pakistan,draw_178,Female,0.01917808,0.07671233,71.71171,2.003917634087162
pakistan,draw_178,Male,0.01917808,0.07671233,71.71171,2.2241935423714168
ethiopia,draw_178,Female,0.01917808,0.07671233,71.82182,2.752300590309408
ethiopia,draw_178,Male,0.01917808,0.07671233,71.82182,2.6021920665461717
nigeria,draw_178,Female,0.01917808,0.07671233,71.82182,2.637128026028909
nigeria,draw_178,Male,0.01917808,0.07671233,71.82182,2.627132339992629
pakistan,draw_178,Female,0.01917808,0.07671233,71.82182,2.0052221496221043
pakistan,draw_178,Male,0.01917808,0.07671233,71.82182,2.224274225140866
ethiopia,draw_178,Female,0.01917808,0.07671233,71.93193,2.7500342242072415
ethiopia,draw_178,Male,0.01917808,0.07671233,71.93193,2.6004934098002277
nigeria,draw_178,Female,0.01917808,0.07671233,71.93193,2.6354133485818663
nigeria,draw_178,Male,0.01917808,0.07671233,71.93193,2.6253485888655654
pakistan,draw_178,Female,0.01917808,0.07671233,71.93193,2.006503664416444
pakistan,draw_178,Male,0.01917808,0.07671233,71.93193,2.2243327044659487
ethiopia,draw_178,Female,0.01917808,0.07671233,72.04204,2.7477426692731592
ethiopia,draw_178,Male,0.01917808,0.07671233,72.04204,2.5987716043497637
nigeria,draw_178,Female,0.01917808,0.07671233,72.04204,2.6336743536850866
nigeria,draw_178,Male,0.01917808,0.07671233,72.04204,2.623543095511906
pakistan,draw_178,Female,0.01917808,0.07671233,72.04204,2.0077625580759486
pakistan,draw_178,Male,0.01917808,0.07671233,72.04204,2.224369497692075
ethiopia,draw_178,Female,0.01917808,0.07671233,72.15215,2.7454267112425033
ethiopia,draw_178,Male,0.01917808,0.07671233,72.15215,2.5970254431441506
nigeria,draw_178,Female,0.01917808,0.07671233,72.15215,2.631910502943391
nigeria,draw_178,Male,0.01917808,0.07671233,72.15215,2.621712933159147
pakistan,draw_178,Female,0.01917808,0.07671233,72.15215,2.0089997167260325
pakistan,draw_178,Male,0.01917808,0.07671233,72.15215,2.224383574734168
ethiopia,draw_178,Female,0.01917808,0.07671233,72.26226,2.7430856858852026
ethiopia,draw_178,Male,0.01917808,0.07671233,72.26226,2.595256494888452
nigeria,draw_178,Female,0.01917808,0.07671233,72.26226,2.630121117254736
nigeria,draw_178,Male,0.01917808,0.07671233,72.26226,2.6198605838885998
pakistan,draw_178,Female,0.01917808,0.07671233,72.26226,2.0102139035176614
pakistan,draw_178,Male,0.01917808,0.07671233,72.26226,2.224375145205904
ethiopia,draw_178,Female,0.01917808,0.07671233,72.37237,2.7407206470983425
ethiopia,draw_178,Male,0.01917808,0.07671233,72.37237,2.593464043961328
nigeria,draw_178,Female,0.01917808,0.07671233,72.37237,2.628307087347731
nigeria,draw_178,Male,0.01917808,0.07671233,72.37237,2.6179846079337925
pakistan,draw_178,Female,0.01917808,0.07671233,72.37237,2.011405802505643
pakistan,draw_178,Male,0.01917808,0.07671233,72.37237,2.224343887747557
ethiopia,draw_178,Female,0.01917808,0.07671233,72.48248,2.738330254763834
ethiopia,draw_178,Male,0.01917808,0.07671233,72.48248,2.5916478077503213
nigeria,draw_178,Female,0.01917808,0.07671233,72.48248,2.6264679560014077
nigeria,draw_178,Male,0.01917808,0.07671233,72.48248,2.616084200206167
pakistan,draw_178,Female,0.01917808,0.07671233,72.48248,2.012573017822199
pakistan,draw_178,Male,0.01917808,0.07671233,72.48248,2.2242889277810405
ethiopia,draw_178,Female,0.01917808,0.07671233,72.59259,2.7359133065394943
ethiopia,draw_178,Male,0.01917808,0.07671233,72.59259,2.5898067427086353
nigeria,draw_178,Female,0.01917808,0.07671233,72.59259,2.6246018846383774
nigeria,draw_178,Male,0.01917808,0.07671233,72.59259,2.614159607046202
pakistan,draw_178,Female,0.01917808,0.07671233,72.59259,2.0137166676330587
pakistan,draw_178,Male,0.01917808,0.07671233,72.59259,2.224210827317474
ethiopia,draw_178,Female,0.01917808,0.07671233,72.7027,2.7334714419867736
ethiopia,draw_178,Male,0.01917808,0.07671233,72.7027,2.5879419737386744
nigeria,draw_178,Female,0.01917808,0.07671233,72.7027,2.622712020893217
nigeria,draw_178,Male,0.01917808,0.07671233,72.7027,2.612211638349827
pakistan,draw_178,Female,0.01917808,0.07671233,72.7027,2.014835926531031
pakistan,draw_178,Male,0.01917808,0.07671233,72.7027,2.224109453138094
ethiopia,draw_178,Female,0.01917808,0.07671233,72.81281,2.731004888769845
ethiopia,draw_178,Male,0.01917808,0.07671233,72.81281,2.586053478836555
nigeria,draw_178,Female,0.01917808,0.07671233,72.81281,2.620796131983816
nigeria,draw_178,Male,0.01917808,0.07671233,72.81281,2.610239321872805
pakistan,draw_178,Female,0.01917808,0.07671233,72.81281,2.0159309103909657
pakistan,draw_178,Male,0.01917808,0.07671233,72.81281,2.223985830017371
ethiopia,draw_178,Female,0.01917808,0.07671233,72.92292,2.7285130404914533
ethiopia,draw_178,Male,0.01917808,0.07671233,72.92292,2.5841413979666172
nigeria,draw_178,Female,0.01917808,0.07671233,72.92292,2.61885501618391
nigeria,draw_178,Male,0.01917808,0.07671233,72.92292,2.6082438974382525
pakistan,draw_178,Female,0.01917808,0.07671233,72.92292,2.0170011485433714
pakistan,draw_178,Male,0.01917808,0.07671233,72.92292,2.2238390752689097
ethiopia,draw_178,Female,0.01917808,0.07671233,73.03303,2.7259973323196336
ethiopia,draw_178,Male,0.01917808,0.07671233,73.03303,2.582205047654935
nigeria,draw_178,Female,0.01917808,0.07671233,73.03303,2.6168886071839466
nigeria,draw_178,Male,0.01917808,0.07671233,73.03303,2.6062237905421815
pakistan,draw_178,Female,0.01917808,0.07671233,73.03303,2.0180476906823523
pakistan,draw_178,Male,0.01917808,0.07671233,73.03303,2.223669071438556
ethiopia,draw_178,Female,0.01917808,0.07671233,73.14314,2.7234552159274164
ethiopia,draw_178,Male,0.01917808,0.07671233,73.14314,2.5802449733420096
nigeria,draw_178,Female,0.01917808,0.07671233,73.14314,2.6148962612129005
nigeria,draw_178,Male,0.01917808,0.07671233,73.14314,2.6041808971111875
pakistan,draw_178,Female,0.01917808,0.07671233,73.14314,2.0190709688665556
pakistan,draw_178,Male,0.01917808,0.07671233,73.14314,2.2234764663980195
ethiopia,draw_178,Female,0.01917808,0.07671233,73.25325,2.720889783342719
ethiopia,draw_178,Male,0.01917808,0.07671233,73.25325,2.5782611237833946
nigeria,draw_178,Female,0.01917808,0.07671233,73.25325,2.6128779739590775
nigeria,draw_178,Male,0.01917808,0.07671233,73.25325,2.602113906105973
pakistan,draw_178,Female,0.01917808,0.07671233,73.25325,2.020070629104517
pakistan,draw_178,Male,0.01917808,0.07671233,73.25325,2.223259787222784
ethiopia,draw_178,Female,0.01917808,0.07671233,73.36336,2.7183005541763556
ethiopia,draw_178,Male,0.01917808,0.07671233,73.36336,2.5762529346251895
nigeria,draw_178,Female,0.01917808,0.07671233,73.36336,2.610835402264792
nigeria,draw_178,Male,0.01917808,0.07671233,73.36336,2.6000224901259985
pakistan,draw_178,Female,0.01917808,0.07671233,73.36336,2.0210461633314676
pakistan,draw_178,Male,0.01917808,0.07671233,73.36336,2.2230203522331418
ethiopia,draw_178,Female,0.01917808,0.07671233,73.47347,2.7156849277155932
ethiopia,draw_178,Male,0.01917808,0.07671233,73.47347,2.574219680783866
nigeria,draw_178,Female,0.01917808,0.07671233,73.47347,2.6087669784569782
nigeria,draw_178,Male,0.01917808,0.07671233,73.47347,2.5979065746045933
pakistan,draw_178,Female,0.01917808,0.07671233,73.47347,2.0219965143909713
pakistan,draw_178,Male,0.01917808,0.07671233,73.47347,2.2227568114045355
ethiopia,draw_178,Female,0.01917808,0.07671233,73.58358,2.7130448305518713
ethiopia,draw_178,Male,0.01917808,0.07671233,73.58358,2.57216185324925
nigeria,draw_178,Female,0.01917808,0.07671233,73.58358,2.606671690120951
nigeria,draw_178,Male,0.01917808,0.07671233,73.58358,2.5957662700753024
pakistan,draw_178,Female,0.01917808,0.07671233,73.58358,2.022921671531332
pakistan,draw_178,Male,0.01917808,0.07671233,73.58358,2.2224689125268564
ethiopia,draw_178,Female,0.01917808,0.07671233,73.69369,2.710378883332057
ethiopia,draw_178,Male,0.01917808,0.07671233,73.69369,2.5700801692358395
nigeria,draw_178,Female,0.01917808,0.07671233,73.69369,2.6045502843397217
nigeria,draw_178,Male,0.01917808,0.07671233,73.69369,2.5936018593380368
pakistan,draw_178,Female,0.01917808,0.07671233,73.69369,2.0238220342157796
pakistan,draw_178,Male,0.01917808,0.07671233,73.69369,2.222158244793486
ethiopia,draw_178,Female,0.01917808,0.07671233,73.8038,2.707686817612921
ethiopia,draw_178,Male,0.01917808,0.07671233,73.8038,2.567973987224031
nigeria,draw_178,Female,0.01917808,0.07671233,73.8038,2.6024047798983325
nigeria,draw_178,Male,0.01917808,0.07671233,73.8038,2.59141412282959
pakistan,draw_178,Female,0.01917808,0.07671233,73.8038,2.024697872885799
pakistan,draw_178,Male,0.01917808,0.07671233,73.8038,2.221823970806069
ethiopia,draw_178,Female,0.01917808,0.07671233,73.91391,2.70497012079997
ethiopia,draw_178,Male,0.01917808,0.07671233,73.91391,2.565843309606173
nigeria,draw_178,Female,0.01917808,0.07671233,73.91391,2.600232002623099
nigeria,draw_178,Male,0.01917808,0.07671233,73.91391,2.5892031532760105
pakistan,draw_178,Female,0.01917808,0.07671233,73.91391,2.0255472960400005
pakistan,draw_178,Male,0.01917808,0.07671233,73.91391,2.221465945373606
ethiopia,draw_178,Female,0.01917808,0.07671233,74.02402,2.7022265258731633
ethiopia,draw_178,Male,0.01917808,0.07671233,74.02402,2.563688732365214
nigeria,draw_178,Female,0.01917808,0.07671233,74.02402,2.598034403337469
nigeria,draw_178,Male,0.01917808,0.07671233,74.02402,2.5869671527194065
pakistan,draw_178,Female,0.01917808,0.07671233,74.02402,2.0263722672726447
pakistan,draw_178,Male,0.01917808,0.07671233,74.02402,2.22108457591196
ethiopia,draw_178,Female,0.01917808,0.07671233,74.13413,2.6994580763828284
ethiopia,draw_178,Male,0.01917808,0.07671233,74.13413,2.5615098447480515
nigeria,draw_178,Female,0.01917808,0.07671233,74.13413,2.595812417983898
nigeria,draw_178,Male,0.01917808,0.07671233,74.13413,2.5847074240669268
pakistan,draw_178,Female,0.01917808,0.07671233,74.13413,2.02717162355763
pakistan,draw_178,Male,0.01917808,0.07671233,74.13413,2.220679561207794
ethiopia,draw_178,Female,0.01917808,0.07671233,74.24424,2.6966658194250246
ethiopia,draw_178,Male,0.01917808,0.07671233,74.24424,2.5593061942253508
nigeria,draw_178,Female,0.01917808,0.07671233,74.24424,2.5935633629429047
nigeria,draw_178,Male,0.01917808,0.07671233,74.24424,2.5824232674707344
pakistan,draw_178,Female,0.01917808,0.07671233,74.24424,2.0279462910399273
pakistan,draw_178,Male,0.01917808,0.07671233,74.24424,2.2202512918787303
ethiopia,draw_178,Female,0.01917808,0.07671233,74.35435,2.6938466235594336
ethiopia,draw_178,Male,0.01917808,0.07671233,74.35435,2.557079506366113
nigeria,draw_178,Female,0.01917808,0.07671233,74.35435,2.5912892225224042
nigeria,draw_178,Male,0.01917808,0.07671233,74.35435,2.5801156288393092
pakistan,draw_178,Female,0.01917808,0.07671233,74.35435,2.028696173242643
pakistan,draw_178,Male,0.01917808,0.07671233,74.35435,2.219798009342162
ethiopia,draw_178,Female,0.01917808,0.07671233,74.46446,2.691002773968874
ethiopia,draw_178,Male,0.01917808,0.07671233,74.46446,2.5548277078670165
nigeria,draw_178,Female,0.01917808,0.07671233,74.46446,2.58899024616171
nigeria,draw_178,Male,0.01917808,0.07671233,74.46446,2.577783286275122
pakistan,draw_178,Female,0.01917808,0.07671233,74.46446,2.029421702920299
pakistan,draw_178,Male,0.01917808,0.07671233,74.46446,2.219321700776482
ethiopia,draw_178,Female,0.01917808,0.07671233,74.57457,2.6881335163090396
ethiopia,draw_178,Male,0.01917808,0.07671233,74.57457,2.552551110610797
nigeria,draw_178,Female,0.01917808,0.07671233,74.57457,2.5866641189040163
nigeria,draw_178,Male,0.01917808,0.07671233,74.57457,2.5754250357942468
pakistan,draw_178,Female,0.01917808,0.07671233,74.57457,2.030120860064241
pakistan,draw_178,Male,0.01917808,0.07671233,74.57457,2.2188202775229793
ethiopia,draw_178,Female,0.01917808,0.07671233,74.68468,2.6852381674900485
ethiopia,draw_178,Male,0.01917808,0.07671233,74.68468,2.5502509345272806
nigeria,draw_178,Female,0.01917808,0.07671233,74.68468,2.5843130209759684
nigeria,draw_178,Male,0.01917808,0.07671233,74.68468,2.5730428473599423
pakistan,draw_178,Female,0.01917808,0.07671233,74.68468,2.03079435080665
pakistan,draw_178,Male,0.01917808,0.07671233,74.68468,2.218294530704699
ethiopia,draw_178,Female,0.01917808,0.07671233,74.79479,2.6823180832972713
ethiopia,draw_178,Male,0.01917808,0.07671233,74.79479,2.5479264698890955
nigeria,draw_178,Female,0.01917808,0.07671233,74.79479,2.5819345670747995
nigeria,draw_178,Male,0.01917808,0.07671233,74.79479,2.5706351351780232
pakistan,draw_178,Female,0.01917808,0.07671233,74.79479,2.0314416595229075
pakistan,draw_178,Male,0.01917808,0.07671233,74.79479,2.2177450923329816
ethiopia,draw_178,Female,0.01917808,0.07671233,74.9049,2.6793725245760016
ethiopia,draw_178,Male,0.01917808,0.07671233,74.9049,2.545576796590869
nigeria,draw_178,Female,0.01917808,0.07671233,74.9049,2.5795308629941993
nigeria,draw_178,Male,0.01917808,0.07671233,74.9049,2.568202783788763
pakistan,draw_178,Female,0.01917808,0.07671233,74.9049,2.0320630514561886
pakistan,draw_178,Male,0.01917808,0.07671233,74.9049,2.217171236795132
ethiopia,draw_178,Female,0.01917808,0.07671233,75.01502,2.676401354457577
ethiopia,draw_178,Male,0.01917808,0.07671233,75.01502,2.543204163451101
nigeria,draw_178,Female,0.01917808,0.07671233,75.01502,2.577100666467152
nigeria,draw_178,Male,0.01917808,0.07671233,75.01502,2.5657464828950745
pakistan,draw_178,Female,0.01917808,0.07671233,75.01502,2.0326570311455847
pakistan,draw_178,Male,0.01917808,0.07671233,75.01502,2.2165729119929094
ethiopia,draw_178,Female,0.01917808,0.07671233,75.12513,2.6734060158704267
ethiopia,draw_178,Male,0.01917808,0.07671233,75.12513,2.5408066088069776
nigeria,draw_178,Female,0.01917808,0.07671233,75.12513,2.574646093891315
nigeria,draw_178,Male,0.01917808,0.07671233,75.12513,2.5632664386838986
pakistan,draw_178,Female,0.01917808,0.07671233,75.12513,2.0332253884168168
pakistan,draw_178,Male,0.01917808,0.07671233,75.12513,2.2159501021351096
ethiopia,draw_178,Female,0.01917808,0.07671233,75.23524,2.6703855343927594
ethiopia,draw_178,Male,0.01917808,0.07671233,75.23524,2.538385671427976
nigeria,draw_178,Female,0.01917808,0.07671233,75.23524,2.572165372264313
nigeria,draw_178,Male,0.01917808,0.07671233,75.23524,2.5607608892302833
pakistan,draw_178,Female,0.01917808,0.07671233,75.23524,2.0337682449504126
pakistan,draw_178,Male,0.01917808,0.07671233,75.23524,2.2153033008885927
ethiopia,draw_178,Female,0.01917808,0.07671233,75.34535,2.667339257395442
ethiopia,draw_178,Male,0.01917808,0.07671233,75.34535,2.535939980919915
nigeria,draw_178,Female,0.01917808,0.07671233,75.34535,2.5696585084983425
nigeria,draw_178,Male,0.01917808,0.07671233,75.34535,2.5582319251129246
pakistan,draw_178,Female,0.01917808,0.07671233,75.34535,2.03428459441208
pakistan,draw_178,Male,0.01917808,0.07671233,75.34535,2.2146315900547546
ethiopia,draw_178,Female,0.01917808,0.07671233,75.45546,2.664267936982011
ethiopia,draw_178,Male,0.01917808,0.07671233,75.45546,2.5334699864353305
nigeria,draw_178,Female,0.01917808,0.07671233,75.45546,2.567126961687886
nigeria,draw_178,Male,0.01917808,0.07671233,75.45546,2.5556768503510647
pakistan,draw_178,Female,0.01917808,0.07671233,75.45546,2.0347755149275613
pakistan,draw_178,Male,0.01917808,0.07671233,75.45546,2.213935450002115
ethiopia,draw_178,Female,0.01917808,0.07671233,75.56557,2.6611702957082914
ethiopia,draw_178,Male,0.01917808,0.07671233,75.56557,2.5309754511721874
nigeria,draw_178,Female,0.01917808,0.07671233,75.56557,2.5645678159401433
nigeria,draw_178,Male,0.01917808,0.07671233,75.56557,2.55309727912271
pakistan,draw_178,Female,0.01917808,0.07671233,75.56557,2.035239487097244
pakistan,draw_178,Male,0.01917808,0.07671233,75.56557,2.2132138770646135
ethiopia,draw_178,Female,0.01917808,0.07671233,75.67568,2.658047329470056
ethiopia,draw_178,Male,0.01917808,0.07671233,75.67568,2.528455579638195
nigeria,draw_178,Female,0.01917808,0.07671233,75.67568,2.5619827984366244
nigeria,draw_178,Male,0.01917808,0.07671233,75.67568,2.55049243619286
pakistan,draw_178,Female,0.01917808,0.07671233,75.67568,2.0356758743288372
pakistan,draw_178,Male,0.01917808,0.07671233,75.67568,2.2124679288267584
ethiopia,draw_178,Female,0.01917808,0.07671233,75.78579,2.654898291965048
ethiopia,draw_178,Male,0.01917808,0.07671233,75.78579,2.525911116149755
nigeria,draw_178,Female,0.01917808,0.07671233,75.78579,2.5593724675204186
nigeria,draw_178,Male,0.01917808,0.07671233,75.78579,2.5478636130790866
pakistan,draw_178,Female,0.01917808,0.07671233,75.78579,2.036086219774798
pakistan,draw_178,Male,0.01917808,0.07671233,75.78579,2.2116972850885195
ethiopia,draw_178,Female,0.01917808,0.07671233,75.8959,2.651724653746574
ethiopia,draw_178,Male,0.01917808,0.07671233,75.8959,2.5233425729718006
nigeria,draw_178,Female,0.01917808,0.07671233,75.8959,2.5567363746551015
nigeria,draw_178,Male,0.01917808,0.07671233,75.8959,2.545209620531009
pakistan,draw_178,Female,0.01917808,0.07671233,75.8959,2.0364697335258977
pakistan,draw_178,Male,0.01917808,0.07671233,75.8959,2.2109025785352787
ethiopia,draw_178,Female,0.01917808,0.07671233,76.00601,2.6485247879757523
ethiopia,draw_178,Male,0.01917808,0.07671233,76.00601,2.5207488279302437
nigeria,draw_178,Female,0.01917808,0.07671233,76.00601,2.5540756887002085
nigeria,draw_178,Male,0.01917808,0.07671233,76.00601,2.5425309828451126
pakistan,draw_178,Female,0.01917808,0.07671233,76.00601,2.0368268605895965
pakistan,draw_178,Male,0.01917808,0.07671233,76.00601,2.2100837177195594
ethiopia,draw_178,Female,0.01917808,0.07671233,76.11612,2.6453007700863784
ethiopia,draw_178,Male,0.01917808,0.07671233,76.11612,2.518131028853476
nigeria,draw_178,Female,0.01917808,0.07671233,76.11612,2.5513883031393028
nigeria,draw_178,Male,0.01917808,0.07671233,76.11612,2.5398273974573633
pakistan,draw_178,Female,0.01917808,0.07671233,76.11612,2.037157814083878
pakistan,draw_178,Male,0.01917808,0.07671233,76.11612,2.2092394262059134
ethiopia,draw_178,Female,0.01917808,0.07671233,76.22623,2.6420509946898743
ethiopia,draw_178,Male,0.01917808,0.07671233,76.22623,2.515487955586795
nigeria,draw_178,Female,0.01917808,0.07671233,76.22623,2.548676390811913
nigeria,draw_178,Male,0.01917808,0.07671233,76.22623,2.5370997934258748
pakistan,draw_178,Female,0.01917808,0.07671233,76.22623,2.0374615515590535
pakistan,draw_178,Male,0.01917808,0.07671233,76.22623,2.2083705392949984
ethiopia,draw_178,Female,0.01917808,0.07671233,76.33634,2.638776179552226
ethiopia,draw_178,Male,0.01917808,0.07671233,76.33634,2.512820608924552
nigeria,draw_178,Female,0.01917808,0.07671233,76.33634,2.5459368269168703
nigeria,draw_178,Male,0.01917808,0.07671233,76.33634,2.534346914968126
pakistan,draw_178,Female,0.01917808,0.07671233,76.33634,2.0377375495251533
pakistan,draw_178,Male,0.01917808,0.07671233,76.33634,2.2074764148537303
ethiopia,draw_178,Female,0.01917808,0.07671233,76.44645,2.6354766599215607
ethiopia,draw_178,Male,0.01917808,0.07671233,76.44645,2.510128936220407
nigeria,draw_178,Female,0.01917808,0.07671233,76.44645,2.5431715417381717
nigeria,draw_178,Male,0.01917808,0.07671233,76.44645,2.5315689370383905
pakistan,draw_178,Female,0.01917808,0.07671233,76.44645,2.037985671339415
pakistan,draw_178,Male,0.01917808,0.07671233,76.44645,2.2065561134042433
ethiopia,draw_178,Female,0.01917808,0.07671233,76.55656,2.6321519025936313
ethiopia,draw_178,Male,0.01917808,0.07671233,76.55656,2.5074120595688156
nigeria,draw_178,Female,0.01917808,0.07671233,76.55656,2.5403805961421186
nigeria,draw_178,Male,0.01917808,0.07671233,76.55656,2.5287657573119566
pakistan,draw_178,Female,0.01917808,0.07671233,76.55656,2.0382069580569366
pakistan,draw_178,Male,0.01917808,0.07671233,76.55656,2.205611167062937
ethiopia,draw_178,Female,0.01917808,0.07671233,76.66667,2.628800876676132
ethiopia,draw_178,Male,0.01917808,0.07671233,76.66667,2.50466981089647
nigeria,draw_178,Female,0.01917808,0.07671233,76.66667,2.537561971383311
nigeria,draw_178,Male,0.01917808,0.07671233,76.66667,2.525936768429357
pakistan,draw_178,Female,0.01917808,0.07671233,76.66667,2.038400621709169
pakistan,draw_178,Male,0.01917808,0.07671233,76.66667,2.2046405686227915
ethiopia,draw_178,Female,0.01917808,0.07671233,76.77678,2.6254233211104916
ethiopia,draw_178,Male,0.01917808,0.07671233,76.77678,2.5019033031308275
nigeria,draw_178,Female,0.01917808,0.07671233,76.77678,2.5347174406979236
nigeria,draw_178,Male,0.01917808,0.07671233,76.77678,2.523083063230932
pakistan,draw_178,Female,0.01917808,0.07671233,76.77678,2.038567818866302
pakistan,draw_178,Male,0.01917808,0.07671233,76.77678,2.2036440890385545
ethiopia,draw_178,Female,0.01917808,0.07671233,76.88689,2.622021344247979
ethiopia,draw_178,Male,0.01917808,0.07671233,76.88689,2.4991115286766887
nigeria,draw_178,Female,0.01917808,0.07671233,76.88689,2.5318467907890687
nigeria,draw_178,Male,0.01917808,0.07671233,76.88689,2.520203245834172
pakistan,draw_178,Female,0.01917808,0.07671233,76.88689,2.038707727241257
pakistan,draw_178,Male,0.01917808,0.07671233,76.88689,2.2026229574779763
ethiopia,draw_178,Female,0.01917808,0.07671233,76.997,2.6185948911727257
ethiopia,draw_178,Male,0.01917808,0.07671233,76.997,2.496294651435004
nigeria,draw_178,Female,0.01917808,0.07671233,76.997,2.5289511762838126
nigeria,draw_178,Male,0.01917808,0.07671233,76.997,2.5172981540164105
pakistan,draw_178,Female,0.01917808,0.07671233,76.997,2.0388204856726504
pakistan,draw_178,Male,0.01917808,0.07671233,76.997,2.201575440985489
ethiopia,draw_178,Female,0.01917808,0.07671233,77.10711,2.6151426362010826
ethiopia,draw_178,Male,0.01917808,0.07671233,77.10711,2.4934532923969304
nigeria,draw_178,Female,0.01917808,0.07671233,77.10711,2.5260296338630606
nigeria,draw_178,Male,0.01917808,0.07671233,77.10711,2.5143691045634196
pakistan,draw_178,Female,0.01917808,0.07671233,77.10711,2.038904992876451
pakistan,draw_178,Male,0.01917808,0.07671233,77.10711,2.200502617944488
ethiopia,draw_178,Female,0.01917808,0.07671233,77.21722,2.6116659431691867
ethiopia,draw_178,Male,0.01917808,0.07671233,77.21722,2.4905879152177888
nigeria,draw_178,Female,0.01917808,0.07671233,77.21722,2.523081201751932
nigeria,draw_178,Male,0.01917808,0.07671233,77.21722,2.5114140375015643
pakistan,draw_178,Female,0.01917808,0.07671233,77.21722,2.038962161560809
pakistan,draw_178,Male,0.01917808,0.07671233,77.21722,2.1994037530540163
ethiopia,draw_178,Female,0.01917808,0.07671233,77.32733,2.608163905805649
ethiopia,draw_178,Male,0.01917808,0.07671233,77.32733,2.4876973546508316
nigeria,draw_178,Female,0.01917808,0.07671233,77.32733,2.520107134647743
nigeria,draw_178,Male,0.01917808,0.07671233,77.32733,2.5084337595670925
pakistan,draw_178,Female,0.01917808,0.07671233,77.32733,2.0389922383289023
pakistan,draw_178,Male,0.01917808,0.07671233,77.32733,2.198279809922371
ethiopia,draw_178,Female,0.01917808,0.07671233,77.43744,2.604637127120859
ethiopia,draw_178,Male,0.01917808,0.07671233,77.43744,2.4847823140653844
nigeria,draw_178,Female,0.01917808,0.07671233,77.43744,2.517106510383806
nigeria,draw_178,Male,0.01917808,0.07671233,77.43744,2.5054281551719173
pakistan,draw_178,Female,0.01917808,0.07671233,77.43744,2.03899378675516
pakistan,draw_178,Male,0.01917808,0.07671233,77.43744,2.1971295166313083
ethiopia,draw_178,Female,0.01917808,0.07671233,77.54755,2.6010831045875356
ethiopia,draw_178,Male,0.01917808,0.07671233,77.54755,2.4818423474738194
nigeria,draw_178,Female,0.01917808,0.07671233,77.54755,2.5140795781075727
nigeria,draw_178,Male,0.01917808,0.07671233,77.54755,2.5023979136087005
pakistan,draw_178,Female,0.01917808,0.07671233,77.54755,2.0389669027419064
pakistan,draw_178,Male,0.01917808,0.07671233,77.54755,2.1959534504216407
ethiopia,draw_178,Female,0.01917808,0.07671233,77.65766,2.5975031731323766
ethiopia,draw_178,Male,0.01917808,0.07671233,77.65766,2.4788767748512384
nigeria,draw_178,Female,0.01917808,0.07671233,77.65766,2.511026038480303
nigeria,draw_178,Male,0.01917808,0.07671233,77.65766,2.499341124008216
pakistan,draw_178,Female,0.01917808,0.07671233,77.65766,2.0389109964296144
pakistan,draw_178,Male,0.01917808,0.07671233,77.65766,2.1947509326111074
ethiopia,draw_178,Female,0.01917808,0.07671233,77.76777,2.5938977767927107
ethiopia,draw_178,Male,0.01917808,0.07671233,77.76777,2.475886354162779
nigeria,draw_178,Female,0.01917808,0.07671233,77.76777,2.5079477700555413
nigeria,draw_178,Male,0.01917808,0.07671233,77.76777,2.4962601189575717
pakistan,draw_178,Female,0.01917808,0.07671233,77.76777,2.0388272414541353
pakistan,draw_178,Male,0.01917808,0.07671233,77.76777,2.193522347760115
ethiopia,draw_178,Female,0.01917808,0.07671233,77.87788,2.5902674677807753
ethiopia,draw_178,Male,0.01917808,0.07671233,77.87788,2.4728714939396435
nigeria,draw_178,Female,0.01917808,0.07671233,77.87788,2.504843078980416
nigeria,draw_178,Male,0.01917808,0.07671233,77.87788,2.493154071422358
pakistan,draw_178,Female,0.01917808,0.07671233,77.87788,2.0387134115082586
pakistan,draw_178,Male,0.01917808,0.07671233,77.87788,2.1922675319151037
ethiopia,draw_178,Female,0.01917808,0.07671233,77.98799,2.5866124686070036
ethiopia,draw_178,Male,0.01917808,0.07671233,77.98799,2.4698314880044454
nigeria,draw_178,Female,0.01917808,0.07671233,77.98799,2.501712142435719
nigeria,draw_178,Male,0.01917808,0.07671233,77.98799,2.4900226433476265
pakistan,draw_178,Female,0.01917808,0.07671233,77.98799,2.0385705724823002
pakistan,draw_178,Male,0.01917808,0.07671233,77.98799,2.190987083116118
ethiopia,draw_178,Female,0.01917808,0.07671233,78.0981,2.582930711555934
ethiopia,draw_178,Male,0.01917808,0.07671233,78.0981,2.4667660777399387
nigeria,draw_178,Female,0.01917808,0.07671233,78.0981,2.498556207113766
nigeria,draw_178,Male,0.01917808,0.07671233,78.0981,2.4868670479894366
pakistan,draw_178,Female,0.01917808,0.07671233,78.0981,2.038399152707076
pakistan,draw_178,Male,0.01917808,0.07671233,78.0981,2.1896814281281305
ethiopia,draw_178,Female,0.01917808,0.07671233,78.20821,2.579223419716777
ethiopia,draw_178,Male,0.01917808,0.07671233,78.20821,2.463674997836765
nigeria,draw_178,Female,0.01917808,0.07671233,78.20821,2.4953730486101597
nigeria,draw_178,Male,0.01917808,0.07671233,78.20821,2.483684878871863
pakistan,draw_178,Female,0.01917808,0.07671233,78.20821,2.038198325123028
pakistan,draw_178,Male,0.01917808,0.07671233,78.20821,2.1883498625216933
ethiopia,draw_178,Female,0.01917808,0.07671233,78.31832,2.575491238887393
ethiopia,draw_178,Male,0.01917808,0.07671233,78.31832,2.460558859030458
nigeria,draw_178,Female,0.01917808,0.07671233,78.31832,2.492163342407626
nigeria,draw_178,Male,0.01917808,0.07671233,78.31832,2.48047853147759
pakistan,draw_178,Female,0.01917808,0.07671233,78.31832,2.0379691963348523
pakistan,draw_178,Male,0.01917808,0.07671233,78.31832,2.1869918137056414
ethiopia,draw_178,Female,0.01917808,0.07671233,78.42843,2.5717333618186538
ethiopia,draw_178,Male,0.01917808,0.07671233,78.42843,2.457416000615841
nigeria,draw_178,Female,0.01917808,0.07671233,78.42843,2.48892779931334
nigeria,draw_178,Male,0.01917808,0.07671233,78.42843,2.4772471214712457
pakistan,draw_178,Female,0.01917808,0.07671233,78.42843,2.037711109110259
pakistan,draw_178,Male,0.01917808,0.07671233,78.42843,2.1856070930575258
ethiopia,draw_178,Female,0.01917808,0.07671233,78.53854,2.5679491136792048
ethiopia,draw_178,Male,0.01917808,0.07671233,78.53854,2.45424827275619
nigeria,draw_178,Female,0.01917808,0.07671233,78.53854,2.4856661659978334
nigeria,draw_178,Male,0.01917808,0.07671233,78.53854,2.4739897215137536
pakistan,draw_178,Female,0.01917808,0.07671233,78.53854,2.0374238522041708
pakistan,draw_178,Male,0.01917808,0.07671233,78.53854,2.1841966411767832
ethiopia,draw_178,Female,0.01917808,0.07671233,78.64865,2.5641392325617467
ethiopia,draw_178,Male,0.01917808,0.07671233,78.64865,2.4510551145400847
nigeria,draw_178,Female,0.01917808,0.07671233,78.64865,2.4823799095799917
nigeria,draw_178,Male,0.01917808,0.07671233,78.64865,2.4707064208043676
pakistan,draw_178,Female,0.01917808,0.07671233,78.64865,2.037106623379845
pakistan,draw_178,Male,0.01917808,0.07671233,78.64865,2.182758799273906
ethiopia,draw_178,Female,0.01917808,0.07671233,78.75876,2.560303361721701
ethiopia,draw_178,Male,0.01917808,0.07671233,78.75876,2.44783617166177
nigeria,draw_178,Female,0.01917808,0.07671233,78.75876,2.479065023655153
nigeria,draw_178,Male,0.01917808,0.07671233,78.75876,2.467397546174721
pakistan,draw_178,Female,0.01917808,0.07671233,78.75876,2.0367599207091915
pakistan,draw_178,Male,0.01917808,0.07671233,78.75876,2.181294951958429
ethiopia,draw_178,Female,0.01917808,0.07671233,78.86887,2.55644131637273
ethiopia,draw_178,Male,0.01917808,0.07671233,78.86887,2.4445913368759316
nigeria,draw_178,Female,0.01917808,0.07671233,78.86887,2.4757239053474525
nigeria,draw_178,Male,0.01917808,0.07671233,78.86887,2.464062908868207
pakistan,draw_178,Female,0.01917808,0.07671233,78.86887,2.036384045433495
pakistan,draw_178,Male,0.01917808,0.07671233,78.86887,2.1798034255860266
ethiopia,draw_178,Female,0.01917808,0.07671233,78.97898,2.5525548072237094
ethiopia,draw_178,Male,0.01917808,0.07671233,78.97898,2.4413209039642783
nigeria,draw_178,Female,0.01917808,0.07671233,78.97898,2.472357907505336
nigeria,draw_178,Male,0.01917808,0.07671233,78.97898,2.460703190206164
pakistan,draw_178,Female,0.01917808,0.07671233,78.97898,2.035979299284225
pakistan,draw_178,Male,0.01917808,0.07671233,78.97898,2.1782853523764603
ethiopia,draw_178,Female,0.01917808,0.07671233,79.08909,2.54864307170572
ethiopia,draw_178,Male,0.01917808,0.07671233,79.08909,2.4380258586295023
nigeria,draw_178,Female,0.01917808,0.07671233,79.08909,2.468964303914182
nigeria,draw_178,Male,0.01917808,0.07671233,79.08909,2.4573181163089903
pakistan,draw_178,Female,0.01917808,0.07671233,79.08909,2.0355446419107155
pakistan,draw_178,Male,0.01917808,0.07671233,79.08909,2.176740507339737
ethiopia,draw_178,Female,0.01917808,0.07671233,79.1992,2.544704981037921
ethiopia,draw_178,Male,0.01917808,0.07671233,79.1992,2.4347053650419
nigeria,draw_178,Female,0.01917808,0.07671233,79.1992,2.465544805118202
nigeria,draw_178,Male,0.01917808,0.07671233,79.1992,2.4539081638157083
pakistan,draw_178,Female,0.01917808,0.07671233,79.1992,2.035080670270145
pakistan,draw_178,Male,0.01917808,0.07671233,79.1992,2.175168567831987
ethiopia,draw_178,Female,0.01917808,0.07671233,79.30931,2.540742828301762
ethiopia,draw_178,Male,0.01917808,0.07671233,79.30931,2.431359103300843
nigeria,draw_178,Female,0.01917808,0.07671233,79.30931,2.4620984312746743
nigeria,draw_178,Male,0.01917808,0.07671233,79.30931,2.4504731763018537
pakistan,draw_178,Female,0.01917808,0.07671233,79.30931,2.03458738054175
pakistan,draw_178,Male,0.01917808,0.07671233,79.30931,2.1735699062486606
ethiopia,draw_178,Female,0.01917808,0.07671233,79.41942,2.5367550258493976
ethiopia,draw_178,Male,0.01917808,0.07671233,79.41942,2.4279878443025127
nigeria,draw_178,Female,0.01917808,0.07671233,79.41942,2.4586266476502217
nigeria,draw_178,Male,0.01917808,0.07671233,79.41942,2.447012860208852
pakistan,draw_178,Female,0.01917808,0.07671233,79.41942,2.0340653390235666
pakistan,draw_178,Male,0.01917808,0.07671233,79.41942,2.1719447817196316
ethiopia,draw_178,Female,0.01917808,0.07671233,79.52953,2.5327410233928203
ethiopia,draw_178,Male,0.01917808,0.07671233,79.52953,2.4245918245124107
nigeria,draw_178,Female,0.01917808,0.07671233,79.52953,2.4551280052702884
nigeria,draw_178,Male,0.01917808,0.07671233,79.52953,2.4435267507394443
pakistan,draw_178,Female,0.01917808,0.07671233,79.52953,2.033513494426109
pakistan,draw_178,Male,0.01917808,0.07671233,79.52953,2.1702922479706954
ethiopia,draw_178,Female,0.01917808,0.07671233,79.63964,2.5287019788226672
ethiopia,draw_178,Male,0.01917808,0.07671233,79.63964,2.421168438075473
nigeria,draw_178,Female,0.01917808,0.07671233,79.63964,2.451603035809273
nigeria,draw_178,Male,0.01917808,0.07671233,79.63964,2.440015328243271
pakistan,draw_178,Female,0.01917808,0.07671233,79.63964,2.0329297151914236
pakistan,draw_178,Male,0.01917808,0.07671233,79.63964,2.168611671536309
ethiopia,draw_178,Female,0.01917808,0.07671233,79.74975,2.5246354041834946
ethiopia,draw_178,Male,0.01917808,0.07671233,79.74975,2.417720254725965
nigeria,draw_178,Female,0.01917808,0.07671233,79.74975,2.4480509341979095
nigeria,draw_178,Male,0.01917808,0.07671233,79.74975,2.436477323932811
pakistan,draw_178,Female,0.01917808,0.07671233,79.74975,2.032314802921519
pakistan,draw_178,Male,0.01917808,0.07671233,79.74975,2.166904559205802
ethiopia,draw_178,Female,0.01917808,0.07671233,79.85986,2.520544472724606
ethiopia,draw_178,Male,0.01917808,0.07671233,79.85986,2.4142462021944024
nigeria,draw_178,Female,0.01917808,0.07671233,79.85986,2.4444716288541595
nigeria,draw_178,Male,0.01917808,0.07671233,79.85986,2.4329144198879344
pakistan,draw_178,Female,0.01917808,0.07671233,79.85986,2.031670533958662
pakistan,draw_178,Male,0.01917808,0.07671233,79.85986,2.165169659261424
ethiopia,draw_178,Female,0.01917808,0.07671233,79.96997,2.516428123813091
ethiopia,draw_178,Male,0.01917808,0.07671233,79.96997,2.4107469660462115
nigeria,draw_178,Female,0.01917808,0.07671233,79.96997,2.440867294712502
nigeria,draw_178,Male,0.01917808,0.07671233,79.96997,2.4293267357852004
pakistan,draw_178,Female,0.01917808,0.07671233,79.96997,2.030995849667957
pakistan,draw_178,Male,0.01917808,0.07671233,79.96997,2.1634072140641343
ethiopia,draw_178,Female,0.01917808,0.07671233,80.08008,2.512286483421615
ethiopia,draw_178,Male,0.01917808,0.07671233,80.08008,2.4072211876947534
nigeria,draw_178,Female,0.01917808,0.07671233,80.08008,2.4372357325361844
nigeria,draw_178,Male,0.01917808,0.07671233,80.08008,2.4257142323916385
pakistan,draw_178,Female,0.01917808,0.07671233,80.08008,2.030291396910954
pakistan,draw_178,Male,0.01917808,0.07671233,80.08008,2.1616172663850777
ethiopia,draw_178,Female,0.01917808,0.07671233,80.19019,2.508118867355717
ethiopia,draw_178,Male,0.01917808,0.07671233,80.19019,2.403671429213829
nigeria,draw_178,Female,0.01917808,0.07671233,80.19019,2.4335788169613264
nigeria,draw_178,Male,0.01917808,0.07671233,80.19019,2.422076065775528
pakistan,draw_178,Female,0.01917808,0.07671233,80.19019,2.029556212553417
pakistan,draw_178,Male,0.01917808,0.07671233,80.19019,2.1598000692912445
ethiopia,draw_178,Female,0.01917808,0.07671233,80.3003,2.5039263182848654
ethiopia,draw_178,Male,0.01917808,0.07671233,80.3003,2.40009489426828
nigeria,draw_178,Female,0.01917808,0.07671233,80.3003,2.4298959392116433
nigeria,draw_178,Male,0.01917808,0.07671233,80.3003,2.4184122069070066
pakistan,draw_178,Female,0.01917808,0.07671233,80.3003,2.0287913938569333
pakistan,draw_178,Male,0.01917808,0.07671233,80.3003,2.1579557872905983
ethiopia,draw_178,Female,0.01917808,0.07671233,80.41041,2.4997078039668588
ethiopia,draw_178,Male,0.01917808,0.07671233,80.41041,2.3964933116914864
nigeria,draw_178,Female,0.01917808,0.07671233,80.41041,2.4261862925376105
nigeria,draw_178,Male,0.01917808,0.07671233,80.41041,2.4147232333722632
pakistan,draw_178,Female,0.01917808,0.07671233,80.41041,2.0279948376588286
pakistan,draw_178,Male,0.01917808,0.07671233,80.41041,2.156084116084799
ethiopia,draw_178,Female,0.01917808,0.07671233,80.52052,2.4954652519220484
ethiopia,draw_178,Male,0.01917808,0.07671233,80.52052,2.3928653886129
nigeria,draw_178,Female,0.01917808,0.07671233,80.52052,2.4224495032404625
nigeria,draw_178,Male,0.01917808,0.07671233,80.52052,2.411008662582598
pakistan,draw_178,Female,0.01917808,0.07671233,80.52052,2.027168014471735
pakistan,draw_178,Male,0.01917808,0.07671233,80.52052,2.154184951594321
ethiopia,draw_178,Female,0.01917808,0.07671233,80.63063,2.4911966754991095
ethiopia,draw_178,Male,0.01917808,0.07671233,80.63063,2.3892117567459867
nigeria,draw_178,Female,0.01917808,0.07671233,80.63063,2.4186875372311296
nigeria,draw_178,Male,0.01917808,0.07671233,80.63063,2.407268742340304
pakistan,draw_178,Female,0.01917808,0.07671233,80.63063,2.02630957200893
pakistan,draw_178,Male,0.01917808,0.07671233,80.63063,2.15225843860919
ethiopia,draw_178,Female,0.01917808,0.07671233,80.74074,2.4869017683195835
ethiopia,draw_178,Male,0.01917808,0.07671233,80.74074,2.3855320500334845
nigeria,draw_178,Female,0.01917808,0.07671233,80.74074,2.414898104720227
nigeria,draw_178,Male,0.01917808,0.07671233,80.74074,2.4035022613855994
pakistan,draw_178,Female,0.01917808,0.07671233,80.74074,2.025419669514975
pakistan,draw_178,Male,0.01917808,0.07671233,80.74074,2.150302925604746
ethiopia,draw_178,Female,0.01917808,0.07671233,80.85085,2.4825821917479844
ethiopia,draw_178,Male,0.01917808,0.07671233,80.85085,2.381826516967719
nigeria,draw_178,Female,0.01917808,0.07671233,80.85085,2.411082362926809
nigeria,draw_178,Male,0.01917808,0.07671233,80.85085,2.3997104800740665
pakistan,draw_178,Female,0.01917808,0.07671233,80.85085,2.02449767079883
pakistan,draw_178,Male,0.01917808,0.07671233,80.85085,2.1483197727522576
ethiopia,draw_178,Female,0.01917808,0.07671233,80.96096,2.4782362888757303
ethiopia,draw_178,Male,0.01917808,0.07671233,80.96096,2.3780943858131613
nigeria,draw_178,Female,0.01917808,0.07671233,80.96096,2.407240080320831
nigeria,draw_178,Male,0.01917808,0.07671233,80.96096,2.395892698128956
pakistan,draw_178,Female,0.01917808,0.07671233,80.96096,2.02354520575166
pakistan,draw_178,Male,0.01917808,0.07671233,80.96096,2.146308625150302
ethiopia,draw_178,Female,0.01917808,0.07671233,81.07107,2.473865230049235
ethiopia,draw_178,Male,0.01917808,0.07671233,81.07107,2.374337205439406
nigeria,draw_178,Female,0.01917808,0.07671233,81.07107,2.4033718884337096
nigeria,draw_178,Male,0.01917808,0.07671233,81.07107,2.3920489341650195
pakistan,draw_178,Female,0.01917808,0.07671233,81.07107,2.0225608747823802
pakistan,draw_178,Male,0.01917808,0.07671233,81.07107,2.1442694709645607
ethiopia,draw_178,Female,0.01917808,0.07671233,81.18118,2.469468641907645
ethiopia,draw_178,Male,0.01917808,0.07671233,81.18118,2.370554539505204
nigeria,draw_178,Female,0.01917808,0.07671233,81.18118,2.3994772584418955
nigeria,draw_178,Male,0.01917808,0.07671233,81.18118,2.388179714839061
pakistan,draw_178,Female,0.01917808,0.07671233,81.18118,2.0215453759156805
pakistan,draw_178,Male,0.01917808,0.07671233,81.18118,2.1422026479245844
ethiopia,draw_178,Female,0.01917808,0.07671233,81.29129,2.465046132676489
ethiopia,draw_178,Male,0.01917808,0.07671233,81.29129,2.3667464818156563
nigeria,draw_178,Female,0.01917808,0.07671233,81.29129,2.395556332158553
nigeria,draw_178,Male,0.01917808,0.07671233,81.29129,2.384286265581299
pakistan,draw_178,Female,0.01917808,0.07671233,81.29129,2.0204993863355454
pakistan,draw_178,Male,0.01917808,0.07671233,81.29129,2.1401084322863
ethiopia,draw_178,Female,0.01917808,0.07671233,81.4014,2.460599199327983
ethiopia,draw_178,Male,0.01917808,0.07671233,81.4014,2.362912702133744
nigeria,draw_178,Female,0.01917808,0.07671233,81.4014,2.3916093360228374
nigeria,draw_178,Male,0.01917808,0.07671233,81.4014,2.3803655141246374
pakistan,draw_178,Female,0.01917808,0.07671233,81.4014,2.0194219404616502
pakistan,draw_178,Male,0.01917808,0.07671233,81.4014,2.137986397425641
ethiopia,draw_178,Female,0.01917808,0.07671233,81.51151,2.456125437211012
ethiopia,draw_178,Male,0.01917808,0.07671233,81.51151,2.359053482426315
nigeria,draw_178,Female,0.01917808,0.07671233,81.51151,2.387635540017631
nigeria,draw_178,Male,0.01917808,0.07671233,81.51151,2.376419977740722
pakistan,draw_178,Female,0.01917808,0.07671233,81.51151,2.018312141746681
pakistan,draw_178,Male,0.01917808,0.07671233,81.51151,2.135837168192454
ethiopia,draw_178,Female,0.01917808,0.07671233,81.62162,2.4516278044115154
ethiopia,draw_178,Male,0.01917808,0.07671233,81.62162,2.3551684107192212
nigeria,draw_178,Female,0.01917808,0.07671233,81.62162,2.383636113401616
nigeria,draw_178,Male,0.01917808,0.07671233,81.62162,2.3724484583427383
pakistan,draw_178,Female,0.01917808,0.07671233,81.62162,2.017170490769116
pakistan,draw_178,Male,0.01917808,0.07671233,81.62162,2.1336595829887233
ethiopia,draw_178,Female,0.01917808,0.07671233,81.73173,2.4471036307448473
ethiopia,draw_178,Male,0.01917808,0.07671233,81.73173,2.35125670210987
nigeria,draw_178,Female,0.01917808,0.07671233,81.73173,2.3796088492804572
nigeria,draw_178,Male,0.01917808,0.07671233,81.73173,2.368450060737136
pakistan,draw_178,Female,0.01917808,0.07671233,81.73173,2.0159957736720426
pakistan,draw_178,Male,0.01917808,0.07671233,81.73173,2.1314535964035493
ethiopia,draw_178,Female,0.01917808,0.07671233,81.84184,2.4425531606745885
ethiopia,draw_178,Male,0.01917808,0.07671233,81.84184,2.347319274635941
nigeria,draw_178,Female,0.01917808,0.07671233,81.84184,2.375555522887522
nigeria,draw_178,Male,0.01917808,0.07671233,81.84184,2.3644253172389105
pakistan,draw_178,Female,0.01917808,0.07671233,81.84184,2.014789334935422
pakistan,draw_178,Male,0.01917808,0.07671233,81.84184,2.129219748986448
ethiopia,draw_178,Female,0.01917808,0.07671233,81.95195,2.437978318895511
ethiopia,draw_178,Male,0.01917808,0.07671233,81.95195,2.343356033825282
nigeria,draw_178,Female,0.01917808,0.07671233,81.95195,2.371474769178695
nigeria,draw_178,Male,0.01917808,0.07671233,81.95195,2.360375364102509
pakistan,draw_178,Female,0.01917808,0.07671233,81.95195,2.013551601767118
pakistan,draw_178,Male,0.01917808,0.07671233,81.95195,2.1269569225517535
ethiopia,draw_178,Female,0.01917808,0.07671233,82.06206,2.433378909344907
ethiopia,draw_178,Male,0.01917808,0.07671233,82.06206,2.3393676821485205
nigeria,draw_178,Female,0.01917808,0.07671233,82.06206,2.3673677105475464
nigeria,draw_178,Male,0.01917808,0.07671233,82.06206,2.356299578190737
pakistan,draw_178,Female,0.01917808,0.07671233,82.06206,2.0122822140317433
pakistan,draw_178,Male,0.01917808,0.07671233,82.06206,2.1246661525198984
ethiopia,draw_178,Female,0.01917808,0.07671233,82.17217,2.4287532340289735
ethiopia,draw_178,Male,0.01917808,0.07671233,82.17217,2.3353530162961365
nigeria,draw_178,Female,0.01917808,0.07671233,82.17217,2.3632337593988657
nigeria,draw_178,Male,0.01917808,0.07671233,82.17217,2.352197735628507
pakistan,draw_178,Female,0.01917808,0.07671233,82.17217,2.0109807164691014
pakistan,draw_178,Male,0.01917808,0.07671233,82.17217,2.122346864159119
ethiopia,draw_178,Female,0.01917808,0.07671233,82.28228,2.4241037032716153
ethiopia,draw_178,Male,0.01917808,0.07671233,82.28228,2.331313485139178
nigeria,draw_178,Female,0.01917808,0.07671233,82.28228,2.3590741771319133
nigeria,draw_178,Male,0.01917808,0.07671233,82.28228,2.3480705318996096
pakistan,draw_178,Female,0.01917808,0.07671233,82.28228,2.009647033702391
pakistan,draw_178,Male,0.01917808,0.07671233,82.28228,2.1199991595668912
ethiopia,draw_178,Female,0.01917808,0.07671233,82.39239,2.4194283794922167
ethiopia,draw_178,Male,0.01917808,0.07671233,82.39239,2.327247377680518
nigeria,draw_178,Female,0.01917808,0.07671233,82.39239,2.3548884518617226
nigeria,draw_178,Male,0.01917808,0.07671233,82.39239,2.3439177077806073
pakistan,draw_178,Female,0.01917808,0.07671233,82.39239,2.0082818197411783
pakistan,draw_178,Male,0.01917808,0.07671233,82.39239,2.1176221401000377
ethiopia,draw_178,Female,0.01917808,0.07671233,82.5025,2.4147288245772067
ethiopia,draw_178,Male,0.01917808,0.07671233,82.5025,2.32315607425813
nigeria,draw_178,Female,0.01917808,0.07671233,82.5025,2.3506751982282643
nigeria,draw_178,Male,0.01917808,0.07671233,82.5025,2.33973939780514
pakistan,draw_178,Female,0.01917808,0.07671233,82.5025,2.0068833113762103
pakistan,draw_178,Male,0.01917808,0.07671233,82.5025,2.115215608997709
ethiopia,draw_178,Female,0.01917808,0.07671233,82.61261,2.4100037287506355
ethiopia,draw_178,Male,0.01917808,0.07671233,82.61261,2.3190395678661786
nigeria,draw_178,Female,0.01917808,0.07671233,82.61261,2.3464356473690473
nigeria,draw_178,Male,0.01917808,0.07671233,82.61261,2.335535177158375
pakistan,draw_178,Female,0.01917808,0.07671233,82.61261,2.0054522613190326
pakistan,draw_178,Male,0.01917808,0.07671233,82.61261,2.112779569064663
ethiopia,draw_178,Female,0.01917808,0.07671233,82.72272,2.405252513203442
ethiopia,draw_178,Male,0.01917808,0.07671233,82.72272,2.31489671729637
nigeria,draw_178,Female,0.01917808,0.07671233,82.72272,2.34217042425332
nigeria,draw_178,Male,0.01917808,0.07671233,82.72272,2.3313044548332327
pakistan,draw_178,Female,0.01917808,0.07671233,82.72272,2.003989521410238
pakistan,draw_178,Male,0.01917808,0.07671233,82.72272,2.1103142004925117
ethiopia,draw_178,Female,0.01917808,0.07671233,82.83283,2.400476435736266
ethiopia,draw_178,Male,0.01917808,0.07671233,82.83283,2.310727172022473
nigeria,draw_178,Female,0.01917808,0.07671233,82.83283,2.3378767762267776
nigeria,draw_178,Male,0.01917808,0.07671233,82.83283,2.3270484931464575
pakistan,draw_178,Female,0.01917808,0.07671233,82.83283,2.0024941416950193
pakistan,draw_178,Male,0.01917808,0.07671233,82.83283,2.107819026893721
ethiopia,draw_178,Female,0.01917808,0.07671233,82.94294,2.3956750018030903
ethiopia,draw_178,Male,0.01917808,0.07671233,82.94294,2.306532190229817
nigeria,draw_178,Female,0.01917808,0.07671233,82.94294,2.3335580667122806
nigeria,draw_178,Male,0.01917808,0.07671233,82.94294,2.3227666254264214
pakistan,draw_178,Female,0.01917808,0.07671233,82.94294,2.000966399663885
pakistan,draw_178,Male,0.01917808,0.07671233,82.94294,2.1052949210956347
ethiopia,draw_178,Female,0.01917808,0.07671233,83.05305,2.3908486329568595
ethiopia,draw_178,Male,0.01917808,0.07671233,83.05305,2.3023117231012686
nigeria,draw_178,Female,0.01917808,0.07671233,83.05305,2.3292128293321612
nigeria,draw_178,Male,0.01917808,0.07671233,83.05305,2.3184596582866135
pakistan,draw_178,Female,0.01917808,0.07671233,83.05305,1.999406454740964
pakistan,draw_178,Male,0.01917808,0.07671233,83.05305,2.102742031765371
ethiopia,draw_178,Female,0.01917808,0.07671233,83.16316,2.3859967533665296
ethiopia,draw_178,Male,0.01917808,0.07671233,83.16316,2.298066408280267
nigeria,draw_178,Female,0.01917808,0.07671233,83.16316,2.3248402033307776
nigeria,draw_178,Male,0.01917808,0.07671233,83.16316,2.31412711549098
pakistan,draw_178,Female,0.01917808,0.07671233,83.16316,1.997814516154871
pakistan,draw_178,Male,0.01917808,0.07671233,83.16316,2.10015977537285
ethiopia,draw_178,Female,0.01917808,0.07671233,83.27327,2.3811217384533925
ethiopia,draw_178,Male,0.01917808,0.07671233,83.27327,2.2937979570502067
nigeria,draw_178,Female,0.01917808,0.07671233,83.27327,2.3204435605122606
nigeria,draw_178,Male,0.01917808,0.07671233,83.27327,2.309771334163228
pakistan,draw_178,Female,0.01917808,0.07671233,83.27327,1.9961916899834424
pakistan,draw_178,Male,0.01917808,0.07671233,83.27327,2.097550537388914
ethiopia,draw_178,Female,0.01917808,0.07671233,83.38338,2.3762259887266097
ethiopia,draw_178,Male,0.01917808,0.07671233,83.38338,2.289506993096284
nigeria,draw_178,Female,0.01917808,0.07671233,83.38338,2.3160260731208218
nigeria,draw_178,Male,0.01917808,0.07671233,83.38338,2.30539379112916
pakistan,draw_178,Female,0.01917808,0.07671233,83.38338,1.9945393104759885
pakistan,draw_178,Male,0.01917808,0.07671233,83.38338,2.0949148275332963
ethiopia,draw_178,Female,0.01917808,0.07671233,83.49349,2.3713116572370545
ethiopia,draw_178,Male,0.01917808,0.07671233,83.49349,2.285197052320085
nigeria,draw_178,Female,0.01917808,0.07671233,83.49349,2.3115849972465865
nigeria,draw_178,Male,0.01917808,0.07671233,83.49349,2.3009948579893065
pakistan,draw_178,Female,0.01917808,0.07671233,83.49349,1.9928582642003898
pakistan,draw_178,Male,0.01917808,0.07671233,83.49349,2.092254699149962
ethiopia,draw_178,Female,0.01917808,0.07671233,83.6036,2.366376085600874
ethiopia,draw_178,Male,0.01917808,0.07671233,83.6036,2.2808649316308602
nigeria,draw_178,Female,0.01917808,0.07671233,83.6036,2.3071246570977464
nigeria,draw_178,Male,0.01917808,0.07671233,83.6036,2.296575576713329
pakistan,draw_178,Female,0.01917808,0.07671233,83.6036,1.9911492648764975
pakistan,draw_178,Male,0.01917808,0.07671233,83.6036,2.0895701614147137
ethiopia,draw_178,Female,0.01917808,0.07671233,83.71371,2.3614214599143333
ethiopia,draw_178,Male,0.01917808,0.07671233,83.71371,2.2765130660647324
nigeria,draw_178,Female,0.01917808,0.07671233,83.71371,2.3026423518518255
nigeria,draw_178,Male,0.01917808,0.07671233,83.71371,2.2921367001821493
pakistan,draw_178,Female,0.01917808,0.07671233,83.71371,1.9894121584230116
pakistan,draw_178,Male,0.01917808,0.07671233,83.71371,2.0868613260073805
ethiopia,draw_178,Female,0.01917808,0.07671233,83.82382,2.3564474868441954
ethiopia,draw_178,Male,0.01917808,0.07671233,83.82382,2.272140707245336
nigeria,draw_178,Female,0.01917808,0.07671233,83.82382,2.2981401755361794
nigeria,draw_178,Male,0.01917808,0.07671233,83.82382,2.2876760141355783
pakistan,draw_178,Female,0.01917808,0.07671233,83.82382,1.987647480275724
pakistan,draw_178,Male,0.01917808,0.07671233,83.82382,2.0841274279904147
ethiopia,draw_178,Female,0.01917808,0.07671233,83.93393,2.3514524488598103
ethiopia,draw_178,Male,0.01917808,0.07671233,83.93393,2.2677485025987347
nigeria,draw_178,Female,0.01917808,0.07671233,83.93393,2.2936158540837095
nigeria,draw_178,Male,0.01917808,0.07671233,83.93393,2.283195588205827
pakistan,draw_178,Female,0.01917808,0.07671233,83.93393,1.985855245087962
pakistan,draw_178,Male,0.01917808,0.07671233,83.93393,2.0813691554389977
ethiopia,draw_178,Female,0.01917808,0.07671233,84.04404,2.3464399517511283
ethiopia,draw_178,Male,0.01917808,0.07671233,84.04404,2.263336245768439
nigeria,draw_178,Female,0.01917808,0.07671233,84.04404,2.289072393681529
nigeria,draw_178,Male,0.01917808,0.07671233,84.04404,2.278694614804112
pakistan,draw_178,Female,0.01917808,0.07671233,84.04404,1.9840345705518385
pakistan,draw_178,Male,0.01917808,0.07671233,84.04404,2.078586665654877
ethiopia,draw_178,Female,0.01917808,0.07671233,84.15415,2.3414081272753435
ethiopia,draw_178,Male,0.01917808,0.07671233,84.15415,2.2589031903147525
nigeria,draw_178,Female,0.01917808,0.07671233,84.15415,2.2845087397139086
nigeria,draw_178,Male,0.01917808,0.07671233,84.15415,2.274173626703869
pakistan,draw_178,Female,0.01917808,0.07671233,84.15415,1.9821859084757147
pakistan,draw_178,Male,0.01917808,0.07671233,84.15415,2.075779815374474
ethiopia,draw_178,Female,0.01917808,0.07671233,84.26426,2.3363573409427016
ethiopia,draw_178,Male,0.01917808,0.07671233,84.26426,2.2544514969549723
nigeria,draw_178,Female,0.01917808,0.07671233,84.26426,2.279924227101416
nigeria,draw_178,Male,0.01917808,0.07671233,84.26426,2.269632897037478
pakistan,draw_178,Female,0.01917808,0.07671233,84.26426,1.9803092570542402
pakistan,draw_178,Male,0.01917808,0.07671233,84.26426,2.072949161812809
ethiopia,draw_178,Female,0.01917808,0.07671233,84.37437,2.3312878610289762
ethiopia,draw_178,Male,0.01917808,0.07671233,84.37437,2.2499797690143883
nigeria,draw_178,Female,0.01917808,0.07671233,84.37437,2.2753200170946464
nigeria,draw_178,Male,0.01917808,0.07671233,84.37437,2.2650732668402034
pakistan,draw_178,Female,0.01917808,0.07671233,84.37437,1.9784036955481936
pakistan,draw_178,Male,0.01917808,0.07671233,84.37437,2.070094916897611
ethiopia,draw_178,Female,0.01917808,0.07671233,84.48448,2.3262008304381974
ethiopia,draw_178,Male,0.01917808,0.07671233,84.48448,2.2454879428565495
nigeria,draw_178,Female,0.01917808,0.07671233,84.48448,2.2706964567280394
nigeria,draw_178,Male,0.01917808,0.07671233,84.48448,2.260493806632632
pakistan,draw_178,Female,0.01917808,0.07671233,84.48448,1.9764709272081968
pakistan,draw_178,Male,0.01917808,0.07671233,84.48448,2.0672168775134607
ethiopia,draw_178,Female,0.01917808,0.07671233,84.59459,2.3210958659133984
ethiopia,draw_178,Male,0.01917808,0.07671233,84.59459,2.240978097287648
nigeria,draw_178,Female,0.01917808,0.07671233,84.59459,2.266053636564123
nigeria,draw_178,Male,0.01917808,0.07671233,84.59459,2.255896136286315
pakistan,draw_178,Female,0.01917808,0.07671233,84.59459,1.9745098049611158
pakistan,draw_178,Male,0.01917808,0.07671233,84.59459,2.0643159904818966
ethiopia,draw_178,Female,0.01917808,0.07671233,84.7047,2.3159739707328417
ethiopia,draw_178,Male,0.01917808,0.07671233,84.7047,2.2364497123125697
nigeria,draw_178,Female,0.01917808,0.07671233,84.7047,2.261391697752095
nigeria,draw_178,Male,0.01917808,0.07671233,84.7047,2.2512796591425652
pakistan,draw_178,Female,0.01917808,0.07671233,84.7047,1.972520522989324
pakistan,draw_178,Male,0.01917808,0.07671233,84.7047,2.0613910304361847
ethiopia,draw_178,Female,0.01917808,0.07671233,84.81481,2.31083434245685
ethiopia,draw_178,Male,0.01917808,0.07671233,84.81481,2.231901780656927
nigeria,draw_178,Female,0.01917808,0.07671233,84.81481,2.2567109820657123
nigeria,draw_178,Male,0.01917808,0.07671233,84.81481,2.2466446544171457
pakistan,draw_178,Female,0.01917808,0.07671233,84.81481,1.9705033279400257
pakistan,draw_178,Male,0.01917808,0.07671233,84.81481,2.058443910922119
ethiopia,draw_178,Female,0.01917808,0.07671233,84.92492,2.305678390225039
ethiopia,draw_178,Male,0.01917808,0.07671233,84.92492,2.2273359466107747
nigeria,draw_178,Female,0.01917808,0.07671233,84.92492,2.2520113126098713
nigeria,draw_178,Male,0.01917808,0.07671233,84.92492,2.2419915081624175
pakistan,draw_178,Female,0.01917808,0.07671233,84.92492,1.9684583814068086
pakistan,draw_178,Male,0.01917808,0.07671233,84.92492,2.0554727714476817
ethiopia,draw_178,Female,0.01917808,0.07671233,85.03504,2.3005038259053414
ethiopia,draw_178,Male,0.01917808,0.07671233,85.03504,2.2227510719668073
nigeria,draw_178,Female,0.01917808,0.07671233,85.03504,2.2472921829061407
nigeria,draw_178,Male,0.01917808,0.07671233,85.03504,2.2373182337822493
pakistan,draw_178,Female,0.01917808,0.07671233,85.03504,1.966385213591587
pakistan,draw_178,Male,0.01917808,0.07671233,85.03504,2.052478257574511
ethiopia,draw_178,Female,0.01917808,0.07671233,85.14515,2.2953119629493886
ethiopia,draw_178,Male,0.01917808,0.07671233,85.14515,2.218147895677324
nigeria,draw_178,Female,0.01917808,0.07671233,85.14515,2.242552654937024
nigeria,draw_178,Male,0.01917808,0.07671233,85.14515,2.23262705827266
pakistan,draw_178,Female,0.01917808,0.07671233,85.14515,1.9642827896345507
pakistan,draw_178,Male,0.01917808,0.07671233,85.14515,2.049459010351564
ethiopia,draw_178,Female,0.01917808,0.07671233,85.25526,2.290102582785261
ethiopia,draw_178,Male,0.01917808,0.07671233,85.25526,2.21352404738422
nigeria,draw_178,Female,0.01917808,0.07671233,85.25526,2.2377934911491884
nigeria,draw_178,Male,0.01917808,0.07671233,85.25526,2.2279166411686884
pakistan,draw_178,Female,0.01917808,0.07671233,85.25526,1.962150635595714
pakistan,draw_178,Male,0.01917808,0.07671233,85.25526,2.0464153304928177
ethiopia,draw_178,Female,0.01917808,0.07671233,85.36537,2.284873894092556
ethiopia,draw_178,Male,0.01917808,0.07671233,85.36537,2.2088809406289385
nigeria,draw_178,Female,0.01917808,0.07671233,85.36537,2.2330145832183357
nigeria,draw_178,Male,0.01917808,0.07671233,85.36537,2.2231870902110544
pakistan,draw_178,Female,0.01917808,0.07671233,85.36537,1.959988803511254
pakistan,draw_178,Male,0.01917808,0.07671233,85.36537,2.0433475534159444
ethiopia,draw_178,Female,0.01917808,0.07671233,85.47548,2.279627868378511
ethiopia,draw_178,Male,0.01917808,0.07671233,85.47548,2.204219001752717
nigeria,draw_178,Female,0.01917808,0.07671233,85.47548,2.228216857454502
nigeria,draw_178,Male,0.01917808,0.07671233,85.47548,2.218437459353093
pakistan,draw_178,Female,0.01917808,0.07671233,85.47548,1.9577981300039367
pakistan,draw_178,Male,0.01917808,0.07671233,85.47548,2.040254684627996
ethiopia,draw_178,Female,0.01917808,0.07671233,85.58559,2.2743635156787536
ethiopia,draw_178,Male,0.01917808,0.07671233,85.58559,2.199538018816504
nigeria,draw_178,Female,0.01917808,0.07671233,85.58559,2.223399370111694
nigeria,draw_178,Male,0.01917808,0.07671233,85.58559,2.2136692200864005
pakistan,draw_178,Female,0.01917808,0.07671233,85.58559,1.9555785284503275
pakistan,draw_178,Male,0.01917808,0.07671233,85.58559,2.0371374748801676
ethiopia,draw_178,Female,0.01917808,0.07671233,85.6957,2.269081623013105
ethiopia,draw_178,Male,0.01917808,0.07671233,85.6957,2.194837335336136
nigeria,draw_178,Female,0.01917808,0.07671233,85.6957,2.21856151679481
nigeria,draw_178,Male,0.01917808,0.07671233,85.6957,2.208880691223664
pakistan,draw_178,Female,0.01917808,0.07671233,85.6957,1.9533283732217435
pakistan,draw_178,Male,0.01917808,0.07671233,85.6957,2.033995672680665
ethiopia,draw_178,Female,0.01917808,0.07671233,85.80581,2.263782361358751
ethiopia,draw_178,Male,0.01917808,0.07671233,85.80581,2.1901176568528675
nigeria,draw_178,Female,0.01917808,0.07671233,85.80581,2.2137039244822745
nigeria,draw_178,Male,0.01917808,0.07671233,85.80581,2.2040735591780205
pakistan,draw_178,Female,0.01917808,0.07671233,85.80581,1.9510492194016837
pakistan,draw_178,Male,0.01917808,0.07671233,85.80581,2.0308290188447793
ethiopia,draw_178,Female,0.01917808,0.07671233,85.91592,2.2584641677632886
ethiopia,draw_178,Male,0.01917808,0.07671233,85.91592,2.1853781818363878
nigeria,draw_178,Female,0.01917808,0.07671233,85.91592,2.20882737996286
nigeria,draw_178,Male,0.01917808,0.07671233,85.91592,2.1992467459458536
pakistan,draw_178,Female,0.01917808,0.07671233,85.91592,1.948739290228245
pakistan,draw_178,Male,0.01917808,0.07671233,85.91592,2.027636946451613
ethiopia,draw_178,Female,0.01917808,0.07671233,86.02603,2.253127719806168
ethiopia,draw_178,Male,0.01917808,0.07671233,86.02603,2.1806183485954658
nigeria,draw_178,Female,0.01917808,0.07671233,86.02603,2.203928865224864
nigeria,draw_178,Male,0.01917808,0.07671233,86.02603,2.194399894330688
pakistan,draw_178,Female,0.01917808,0.07671233,86.02603,1.9463976265648735
pakistan,draw_178,Male,0.01917808,0.07671233,86.02603,2.0244186901889445
ethiopia,draw_178,Female,0.01917808,0.07671233,86.13614,2.247773042813998
ethiopia,draw_178,Male,0.01917808,0.07671233,86.13614,2.175838839107812
nigeria,draw_178,Female,0.01917808,0.07671233,86.13614,2.1990115264007
nigeria,draw_178,Male,0.01917808,0.07671233,86.13614,2.1895330273180726
pakistan,draw_178,Female,0.01917808,0.07671233,86.13614,1.9440247332802445
pakistan,draw_178,Male,0.01917808,0.07671233,86.13614,2.021173936344453
ethiopia,draw_178,Female,0.01917808,0.07671233,86.24625,2.242400377600749
ethiopia,draw_178,Male,0.01917808,0.07671233,86.24625,2.171039550567733
nigeria,draw_178,Female,0.01917808,0.07671233,86.24625,2.1940725819012794
nigeria,draw_178,Male,0.01917808,0.07671233,86.24625,2.1846463594479895
pakistan,draw_178,Female,0.01917808,0.07671233,86.24625,1.941621365446908
pakistan,draw_178,Male,0.01917808,0.07671233,86.24625,2.0179037623898632
ethiopia,draw_178,Female,0.01917808,0.07671233,86.35636,2.2370092205835483
ethiopia,draw_178,Male,0.01917808,0.07671233,86.35636,2.1662197287336826
nigeria,draw_178,Female,0.01917808,0.07671233,86.35636,2.1891147135498095
nigeria,draw_178,Male,0.01917808,0.07671233,86.35636,2.1797411084014606
pakistan,draw_178,Female,0.01917808,0.07671233,86.35636,1.9391875330181234
pakistan,draw_178,Male,0.01917808,0.07671233,86.35636,2.0146073782139875
ethiopia,draw_178,Female,0.01917808,0.07671233,86.46647,2.2315993513643835
ethiopia,draw_178,Male,0.01917808,0.07671233,86.46647,2.1613800859681658
nigeria,draw_178,Female,0.01917808,0.07671233,86.46647,2.1841356375061283
nigeria,draw_178,Male,0.01917808,0.07671233,86.46647,2.174814272728721
pakistan,draw_178,Female,0.01917808,0.07671233,86.46647,1.9367211406664115
pakistan,draw_178,Male,0.01917808,0.07671233,86.46647,2.01128491499319
ethiopia,draw_178,Female,0.01917808,0.07671233,86.57658,2.2261709018265514
ethiopia,draw_178,Male,0.01917808,0.07671233,86.57658,2.1565195993433104
nigeria,draw_178,Female,0.01917808,0.07671233,86.57658,2.1791365198810744
nigeria,draw_178,Male,0.01917808,0.07671233,86.57658,2.1698677505919712
pakistan,draw_178,Female,0.01917808,0.07671233,86.57658,1.9342222074299373
pakistan,draw_178,Male,0.01917808,0.07671233,86.57658,2.0079350639670985
ethiopia,draw_178,Female,0.01917808,0.07671233,86.68669,2.2207225369802472
ethiopia,draw_178,Male,0.01917808,0.07671233,86.68669,2.1516384620852467
nigeria,draw_178,Female,0.01917808,0.07671233,86.68669,2.1741144645780337
nigeria,draw_178,Male,0.01917808,0.07671233,86.68669,2.1649005281920295
pakistan,draw_178,Female,0.01917808,0.07671233,86.68669,1.9316899842852784
pakistan,draw_178,Male,0.01917808,0.07671233,86.68669,2.0045582023249318
ethiopia,draw_178,Female,0.01917808,0.07671233,86.7968,2.215255434364174
ethiopia,draw_178,Male,0.01917808,0.07671233,86.7968,2.146736030573454
nigeria,draw_178,Female,0.01917808,0.07671233,86.7968,2.169072221125884
nigeria,draw_178,Male,0.01917808,0.07671233,86.7968,2.1599120343281215
pakistan,draw_178,Female,0.01917808,0.07671233,86.7968,1.9291245291455328
pakistan,draw_178,Male,0.01917808,0.07671233,86.7968,2.0011529488482167
ethiopia,draw_178,Female,0.01917808,0.07671233,86.90691,2.2097692806288936
ethiopia,draw_178,Male,0.01917808,0.07671233,86.90691,2.1418136925297797
nigeria,draw_178,Female,0.01917808,0.07671233,86.90691,2.164008560726541
nigeria,draw_178,Male,0.01917808,0.07671233,86.90691,2.1549035354874264
pakistan,draw_178,Female,0.01917808,0.07671233,86.90691,1.9265273892151042
pakistan,draw_178,Male,0.01917808,0.07671233,86.90691,1.997720985523487
ethiopia,draw_178,Female,0.01917808,0.07671233,87.01702,2.204266528634479
ethiopia,draw_178,Male,0.01917808,0.07671233,87.01702,2.1368719781860652
nigeria,draw_178,Female,0.01917808,0.07671233,87.01702,2.1589263665070475
nigeria,draw_178,Male,0.01917808,0.07671233,87.01702,2.149875562475543
pakistan,draw_178,Female,0.01917808,0.07671233,87.01702,1.9238994768832942
pakistan,draw_178,Male,0.01917808,0.07671233,87.01702,1.9942639248412821
ethiopia,draw_178,Female,0.01917808,0.07671233,87.12713,2.1987474715807744
ethiopia,draw_178,Male,0.01917808,0.07671233,87.12713,2.1319122268602855
nigeria,draw_178,Female,0.01917808,0.07671233,87.12713,2.153825144127021
nigeria,draw_178,Male,0.01917808,0.07671233,87.12713,2.144830086226766
pakistan,draw_178,Female,0.01917808,0.07671233,87.12713,1.9212419481749137
pakistan,draw_178,Male,0.01917808,0.07671233,87.12713,1.9907813108722958
ethiopia,draw_178,Female,0.01917808,0.07671233,87.23724,2.193212416713759
ethiopia,draw_178,Male,0.01917808,0.07671233,87.23724,2.1269346366770963
nigeria,draw_178,Female,0.01917808,0.07671233,87.23724,2.148705788884516
nigeria,draw_178,Male,0.01917808,0.07671233,87.23724,2.1397664545845116
pakistan,draw_178,Female,0.01917808,0.07671233,87.23724,1.9185539191273617
pakistan,draw_178,Male,0.01917808,0.07671233,87.23724,1.9872736004420979
ethiopia,draw_178,Female,0.01917808,0.07671233,87.34735,2.1876606042865467
ethiopia,draw_178,Male,0.01917808,0.07671233,87.34735,2.1219388120499163
nigeria,draw_178,Female,0.01917808,0.07671233,87.34735,2.143568521150076
nigeria,draw_178,Male,0.01917808,0.07671233,87.34735,2.1346855945747727
pakistan,draw_178,Female,0.01917808,0.07671233,87.34735,1.9158357560281498
pakistan,draw_178,Male,0.01917808,0.07671233,87.34735,1.9837413459866935
ethiopia,draw_178,Female,0.01917808,0.07671233,87.45746,2.182092378898883
ethiopia,draw_178,Male,0.01917808,0.07671233,87.45746,2.1169257572198092
nigeria,draw_178,Female,0.01917808,0.07671233,87.45746,2.1384128208903617
nigeria,draw_178,Male,0.01917808,0.07671233,87.45746,2.1295861334046235
pakistan,draw_178,Female,0.01917808,0.07671233,87.45746,1.9130856831895193
pakistan,draw_178,Male,0.01917808,0.07671233,87.45746,1.9801833383412795
ethiopia,draw_178,Female,0.01917808,0.07671233,87.56757,2.1765084915774264
ethiopia,draw_178,Male,0.01917808,0.07671233,87.56757,2.1118938907040117
nigeria,draw_178,Female,0.01917808,0.07671233,87.56757,2.133238519807231
nigeria,draw_178,Male,0.01917808,0.07671233,87.56757,2.124468460224517
pakistan,draw_178,Female,0.01917808,0.07671233,87.56757,1.910304424581498
pakistan,draw_178,Male,0.01917808,0.07671233,87.56757,1.976598995266181
ethiopia,draw_178,Female,0.01917808,0.07671233,87.67768,2.1709082346650224
ethiopia,draw_178,Male,0.01917808,0.07671233,87.67768,2.1068434922171844
nigeria,draw_178,Female,0.01917808,0.07671233,87.67768,2.128045746812205
nigeria,draw_178,Male,0.01917808,0.07671233,87.67768,2.1193338194902673
pakistan,draw_178,Female,0.01917808,0.07671233,87.67768,1.9074934500971026
pakistan,draw_178,Male,0.01917808,0.07671233,87.67768,1.9729904680128754
ethiopia,draw_178,Female,0.01917808,0.07671233,87.78779,2.1652930237789456
ethiopia,draw_178,Male,0.01917808,0.07671233,87.78779,2.101775971966119
nigeria,draw_178,Female,0.01917808,0.07671233,87.78779,2.122836074494717
nigeria,draw_178,Male,0.01917808,0.07671233,87.78779,2.114181051868839
pakistan,draw_178,Female,0.01917808,0.07671233,87.78779,1.9046522026743415
pakistan,draw_178,Male,0.01917808,0.07671233,87.78779,1.9693569168597373
ethiopia,draw_178,Female,0.01917808,0.07671233,87.8979,2.1596613439821857
ethiopia,draw_178,Male,0.01917808,0.07671233,87.8979,2.0966911699870074
nigeria,draw_178,Female,0.01917808,0.07671233,87.8979,2.1176092444275096
nigeria,draw_178,Male,0.01917808,0.07671233,87.8979,2.1090110810865204
pakistan,draw_178,Female,0.01917808,0.07671233,87.8979,1.9017811119469328
pakistan,draw_178,Male,0.01917808,0.07671233,87.8979,1.9656991199874754
ethiopia,draw_178,Female,0.01917808,0.07671233,88.00801,2.154015222054678
ethiopia,draw_178,Male,0.01917808,0.07671233,88.00801,2.0915883271706943
nigeria,draw_178,Female,0.01917808,0.07671233,88.00801,2.112365084648505
nigeria,draw_178,Male,0.01917808,0.07671233,88.00801,2.103824174711899
pakistan,draw_178,Female,0.01917808,0.07671233,88.00801,1.8988807161189467
pakistan,draw_178,Male,0.01917808,0.07671233,88.00801,1.9620159060155573
ethiopia,draw_178,Female,0.01917808,0.07671233,88.11812,2.1483549877555963
ethiopia,draw_178,Male,0.01917808,0.07671233,88.11812,2.0864697117722693
nigeria,draw_178,Female,0.01917808,0.07671233,88.11812,2.1071041060415134
nigeria,draw_178,Male,0.01917808,0.07671233,88.11812,2.0986202051649347
pakistan,draw_178,Female,0.01917808,0.07671233,88.11812,1.895950969541425
pakistan,draw_178,Male,0.01917808,0.07671233,88.11812,1.9583089473254243
ethiopia,draw_178,Female,0.01917808,0.07671233,88.22823,2.1426815213796826
ethiopia,draw_178,Male,0.01917808,0.07671233,88.22823,2.0813360008930877
nigeria,draw_178,Female,0.01917808,0.07671233,88.22823,2.1018269335712327
nigeria,draw_178,Male,0.01917808,0.07671233,88.22823,2.0934016477919637
pakistan,draw_178,Female,0.01917808,0.07671233,88.22823,1.8929927624989338
pakistan,draw_178,Male,0.01917808,0.07671233,88.22823,1.9545787252001194
ethiopia,draw_178,Female,0.01917808,0.07671233,88.33834,2.1369970381114234
ethiopia,draw_178,Male,0.01917808,0.07671233,88.33834,2.0761878701122316
nigeria,draw_178,Female,0.01917808,0.07671233,88.33834,2.0965371251329814
nigeria,draw_178,Male,0.01917808,0.07671233,88.33834,2.0881684430093794
pakistan,draw_178,Female,0.01917808,0.07671233,88.33834,1.8900071143744144
pakistan,draw_178,Male,0.01917808,0.07671233,88.33834,1.950826238241584
ethiopia,draw_178,Female,0.01917808,0.07671233,88.44845,2.1313000885015514
ethiopia,draw_178,Male,0.01917808,0.07671233,88.44845,2.0710260530341102
nigeria,draw_178,Female,0.01917808,0.07671233,88.44845,2.0912330386055213
nigeria,draw_178,Male,0.01917808,0.07671233,88.44845,2.082922227518991
pakistan,draw_178,Female,0.01917808,0.07671233,88.44845,1.8869940358407022
pakistan,draw_178,Male,0.01917808,0.07671233,88.44845,1.9470528274217578
ethiopia,draw_178,Female,0.01917808,0.07671233,88.55856,2.125590770651469
ethiopia,draw_178,Male,0.01917808,0.07671233,88.55856,2.065849920570422
nigeria,draw_178,Female,0.01917808,0.07671233,88.55856,2.085914208559933
nigeria,draw_178,Male,0.01917808,0.07671233,88.55856,2.077660989882826
pakistan,draw_178,Female,0.01917808,0.07671233,88.55856,1.883953075055611
pakistan,draw_178,Male,0.01917808,0.07671233,88.55856,1.9432574582637088
ethiopia,draw_178,Female,0.01917808,0.07671233,88.66867,2.1198691706123034
ethiopia,draw_178,Male,0.01917808,0.07671233,88.66867,2.060659086425405
nigeria,draw_178,Female,0.01917808,0.07671233,88.66867,2.0805800991025976
nigeria,draw_178,Male,0.01917808,0.07671233,88.66867,2.0723851723667637
pakistan,draw_178,Female,0.01917808,0.07671233,88.66867,1.880883323109359
pakistan,draw_178,Male,0.01917808,0.07671233,88.66867,1.9394386676961557
ethiopia,draw_178,Female,0.01917808,0.07671233,88.77878,2.114134036825066
ethiopia,draw_178,Male,0.01917808,0.07671233,88.77878,2.0554507661645176
nigeria,draw_178,Female,0.01917808,0.07671233,88.77878,2.0752312255448024
nigeria,draw_178,Male,0.01917808,0.07671233,88.77878,2.0670934790092628
pakistan,draw_178,Female,0.01917808,0.07671233,88.77878,1.8777836205262761
pakistan,draw_178,Male,0.01917808,0.07671233,88.77878,1.9355954186930375
ethiopia,draw_178,Female,0.01917808,0.07671233,88.88889,2.1083855824489244
ethiopia,draw_178,Male,0.01917808,0.07671233,88.88889,2.050226474945719
nigeria,draw_178,Female,0.01917808,0.07671233,88.88889,2.069866066037641
nigeria,draw_178,Male,0.01917808,0.07671233,88.88889,2.06178579799644
pakistan,draw_178,Female,0.01917808,0.07671233,88.88889,1.8746505090657968
pakistan,draw_178,Male,0.01917808,0.07671233,88.88889,1.9317258412536775
ethiopia,draw_178,Female,0.01917808,0.07671233,88.999,2.102622783848406
ethiopia,draw_178,Male,0.01917808,0.07671233,88.999,2.0449860388392778
nigeria,draw_178,Female,0.01917808,0.07671233,88.999,2.0644845291619442
nigeria,draw_178,Male,0.01917808,0.07671233,88.999,2.056462628309202
pakistan,draw_178,Female,0.01917808,0.07671233,88.999,1.8714867493555336
pakistan,draw_178,Male,0.01917808,0.07671233,88.999,1.9278306451652016
ethiopia,draw_178,Female,0.01917808,0.07671233,89.10911,2.0968467573632736
ethiopia,draw_178,Male,0.01917808,0.07671233,89.10911,2.0397291025385957
nigeria,draw_178,Female,0.01917808,0.07671233,89.10911,2.05908616971881
nigeria,draw_178,Male,0.01917808,0.07671233,89.10911,2.051123081771183
pakistan,draw_178,Female,0.01917808,0.07671233,89.10911,1.8682905952965796
pakistan,draw_178,Male,0.01917808,0.07671233,89.10911,1.9239092098910564
ethiopia,draw_178,Female,0.01917808,0.07671233,89.21922,2.091056993019668
ethiopia,draw_178,Male,0.01917808,0.07671233,89.21922,2.0344552515454977
nigeria,draw_178,Female,0.01917808,0.07671233,89.21922,2.0536712278088127
nigeria,draw_178,Male,0.01917808,0.07671233,89.21922,2.0457668971490306
pakistan,draw_178,Female,0.01917808,0.07671233,89.21922,1.8650613260973257
pakistan,draw_178,Male,0.01917808,0.07671233,89.21922,1.9199608245678503
ethiopia,draw_178,Female,0.01917808,0.07671233,89.32933,2.085252927951259
ethiopia,draw_178,Male,0.01917808,0.07671233,89.32933,2.029164535844884
nigeria,draw_178,Female,0.01917808,0.07671233,89.32933,2.0482396494837665
nigeria,draw_178,Male,0.01917808,0.07671233,89.32933,2.0403934183913037
pakistan,draw_178,Female,0.01917808,0.07671233,89.32933,1.8617990630747936
pakistan,draw_178,Male,0.01917808,0.07671233,89.32933,1.9159861192218768
ethiopia,draw_178,Female,0.01917808,0.07671233,89.43944,2.079435219414017
ethiopia,draw_178,Male,0.01917808,0.07671233,89.43944,2.023857152830769
nigeria,draw_178,Female,0.01917808,0.07671233,89.43944,2.042792160030557
nigeria,draw_178,Male,0.01917808,0.07671233,89.43944,2.0350042432243667
pakistan,draw_178,Female,0.01917808,0.07671233,89.43944,1.8585043104394667
pakistan,draw_178,Male,0.01917808,0.07671233,89.43944,1.9119847773217264
ethiopia,draw_178,Female,0.01917808,0.07671233,89.54955,2.0736034181237617
ethiopia,draw_178,Male,0.01917808,0.07671233,89.54955,2.0185324734498398
nigeria,draw_178,Female,0.01917808,0.07671233,89.54955,2.0373282900953673
nigeria,draw_178,Male,0.01917808,0.07671233,89.54955,2.029599056995348
pakistan,draw_178,Female,0.01917808,0.07671233,89.54955,1.8551758895716162
pakistan,draw_178,Male,0.01917808,0.07671233,89.54955,1.9079564061067509
ethiopia,draw_178,Female,0.01917808,0.07671233,89.65966,2.0677574067664475
ethiopia,draw_178,Male,0.01917808,0.07671233,89.65966,2.0131907294923406
nigeria,draw_178,Female,0.01917808,0.07671233,89.65966,2.031847449222256
nigeria,draw_178,Male,0.01917808,0.07671233,89.65966,2.0241762134408203
pakistan,draw_178,Female,0.01917808,0.07671233,89.65966,1.8518123243801028
pakistan,draw_178,Male,0.01917808,0.07671233,89.65966,1.9039003928970508
ethiopia,draw_178,Female,0.01917808,0.07671233,89.76977,2.0618993322067376
ethiopia,draw_178,Male,0.01917808,0.07671233,89.76977,2.0078330841430785
nigeria,draw_178,Female,0.01917808,0.07671233,89.76977,2.026351221821521
nigeria,draw_178,Male,0.01917808,0.07671233,89.76977,2.0187382768706823
pakistan,draw_178,Female,0.01917808,0.07671233,89.76977,1.8484168504837677
pakistan,draw_178,Male,0.01917808,0.07671233,89.76977,1.899817858455993
ethiopia,draw_178,Female,0.01917808,0.07671233,89.87988,2.05602752578289
ethiopia,draw_178,Male,0.01917808,0.07671233,89.87988,2.0024606931028477
nigeria,draw_178,Female,0.01917808,0.07671233,89.87988,2.0208393542467338
nigeria,draw_178,Male,0.01917808,0.07671233,89.87988,2.013285554717621
pakistan,draw_178,Female,0.01917808,0.07671233,89.87988,1.8449884077176804
pakistan,draw_178,Male,0.01917808,0.07671233,89.87988,1.8957104160728317
ethiopia,draw_178,Female,0.01917808,0.07671233,89.98999,2.05014521893975
ethiopia,draw_178,Male,0.01917808,0.07671233,89.98999,1.9970745720159409
nigeria,draw_178,Female,0.01917808,0.07671233,89.98999,2.015315424385612
nigeria,draw_178,Male,0.01917808,0.07671233,89.98999,2.007819038211551
pakistan,draw_178,Female,0.01917808,0.07671233,89.98999,1.8415287796410622
pakistan,draw_178,Male,0.01917808,0.07671233,89.98999,1.8915784637608657
ethiopia,draw_178,Female,0.01917808,0.07671233,90.1001,2.0442517691845574
ethiopia,draw_178,Male,0.01917808,0.07671233,90.1001,1.9916725892938665
nigeria,draw_178,Female,0.01917808,0.07671233,90.1001,2.0097756963061024
nigeria,draw_178,Male,0.01917808,0.07671233,90.1001,2.002337744284257
pakistan,draw_178,Female,0.01917808,0.07671233,90.1001,1.8380378844829872
pakistan,draw_178,Male,0.01917808,0.07671233,90.1001,1.8874210944279164
ethiopia,draw_178,Female,0.01917808,0.07671233,90.21021,2.0383456229959824
ethiopia,draw_178,Male,0.01917808,0.07671233,90.21021,1.9862568871471202
nigeria,draw_178,Female,0.01917808,0.07671233,90.21021,2.004222155615736
nigeria,draw_178,Male,0.01917808,0.07671233,90.21021,1.9968421702888342
pakistan,draw_178,Female,0.01917808,0.07671233,90.21021,1.8345148478472484
pakistan,draw_178,Male,0.01917808,0.07671233,90.21021,1.883239574029401
ethiopia,draw_178,Female,0.01917808,0.07671233,90.32032,2.0324259649143697
ethiopia,draw_178,Male,0.01917808,0.07671233,90.32032,1.9808248593716582
nigeria,draw_178,Female,0.01917808,0.07671233,90.32032,1.9986517587358206
nigeria,draw_178,Male,0.01917808,0.07671233,90.32032,1.9913301998635993
pakistan,draw_178,Female,0.01917808,0.07671233,90.32032,1.83095791883012
pakistan,draw_178,Male,0.01917808,0.07671233,90.32032,1.8790298907432166
ethiopia,draw_178,Female,0.01917808,0.07671233,90.43043,2.0264939733362195
ethiopia,draw_178,Male,0.01917808,0.07671233,90.43043,1.975376537043118
nigeria,draw_178,Female,0.01917808,0.07671233,90.43043,1.99306718773218
nigeria,draw_178,Male,0.01917808,0.07671233,90.43043,1.9858030155141737
pakistan,draw_178,Female,0.01917808,0.07671233,90.43043,1.8273687673302828
pakistan,draw_178,Male,0.01917808,0.07671233,90.43043,1.8747948396560794
ethiopia,draw_178,Female,0.01917808,0.07671233,90.54054,2.020549475584536
ethiopia,draw_178,Male,0.01917808,0.07671233,90.54054,1.9699134178716862
nigeria,draw_178,Female,0.01917808,0.07671233,90.54054,1.9874670769569776
nigeria,draw_178,Male,0.01917808,0.07671233,90.54054,1.980260185981751
pakistan,draw_178,Female,0.01917808,0.07671233,90.54054,1.8237463964818446
pakistan,draw_178,Male,0.01917808,0.07671233,90.54054,1.870533431228232
ethiopia,draw_178,Female,0.01917808,0.07671233,90.65065,2.014592801481778
ethiopia,draw_178,Male,0.01917808,0.07671233,90.65065,1.9644352051582425
nigeria,draw_178,Female,0.01917808,0.07671233,90.65065,1.9818521892417322
nigeria,draw_178,Male,0.01917808,0.07671233,90.65065,1.9747024060074183
pakistan,draw_178,Female,0.01917808,0.07671233,90.65065,1.820091337528187
pakistan,draw_178,Male,0.01917808,0.07671233,90.65065,1.8662457024947297
ethiopia,draw_178,Female,0.01917808,0.07671233,90.76076,2.008623606724728
ethiopia,draw_178,Male,0.01917808,0.07671233,90.76076,1.9589415084461366
nigeria,draw_178,Female,0.01917808,0.07671233,90.76076,1.976222585763344
nigeria,draw_178,Male,0.01917808,0.07671233,90.76076,1.9691291296013924
pakistan,draw_178,Female,0.01917808,0.07671233,90.76076,1.8164033712413719
pakistan,draw_178,Male,0.01917808,0.07671233,90.76076,1.8619317968059148
ethiopia,draw_178,Female,0.01917808,0.07671233,90.87087,2.0026421897729874
ethiopia,draw_178,Male,0.01917808,0.07671233,90.87087,1.9534327597325485
nigeria,draw_178,Female,0.01917808,0.07671233,90.87087,1.970578513082795
nigeria,draw_178,Male,0.01917808,0.07671233,90.87087,1.9635407851003714
pakistan,draw_178,Female,0.01917808,0.07671233,90.87087,1.8126830886643168
pakistan,draw_178,Male,0.01917808,0.07671233,90.87087,1.8575925967711167
ethiopia,draw_178,Female,0.01917808,0.07671233,90.98098,1.9966499145601986
ethiopia,draw_178,Male,0.01917808,0.07671233,90.98098,1.9479101940002128
nigeria,draw_178,Female,0.01917808,0.07671233,90.98098,1.9649221805470107
nigeria,draw_178,Male,0.01917808,0.07671233,90.98098,1.9579392070824722
pakistan,draw_178,Female,0.01917808,0.07671233,90.98098,1.808930757733995
pakistan,draw_178,Male,0.01917808,0.07671233,90.98098,1.8532291189445074
ethiopia,draw_178,Female,0.01917808,0.07671233,91.09109,1.9906481052596796
ethiopia,draw_178,Male,0.01917808,0.07671233,91.09109,1.9423745671133843
nigeria,draw_178,Female,0.01917808,0.07671233,91.09109,1.9592530223906657
nigeria,draw_178,Male,0.01917808,0.07671233,91.09109,1.952325177971314
pakistan,draw_178,Female,0.01917808,0.07671233,91.09109,1.8051462967069363
pakistan,draw_178,Male,0.01917808,0.07671233,91.09109,1.8488406932365085
ethiopia,draw_178,Female,0.01917808,0.07671233,91.2012,1.9846397900555877
ethiopia,draw_178,Male,0.01917808,0.07671233,91.2012,1.936827817062532
nigeria,draw_178,Female,0.01917808,0.07671233,91.2012,1.9535731038227309
nigeria,draw_178,Male,0.01917808,0.07671233,91.2012,1.9466997209092245
pakistan,draw_178,Female,0.01917808,0.07671233,91.2012,1.8013335434607316
pakistan,draw_178,Male,0.01917808,0.07671233,91.2012,1.84443083928566
ethiopia,draw_178,Female,0.01917808,0.07671233,91.31131,1.9786251406419861
ethiopia,draw_178,Male,0.01917808,0.07671233,91.31131,1.9312729397301784
nigeria,draw_178,Female,0.01917808,0.07671233,91.31131,1.947885442241829
nigeria,draw_178,Male,0.01917808,0.07671233,91.31131,1.9410660170213112
pakistan,draw_178,Female,0.01917808,0.07671233,91.31131,1.7974940486450235
pakistan,draw_178,Male,0.01917808,0.07671233,91.31131,1.8400013472199546
ethiopia,draw_178,Female,0.01917808,0.07671233,91.42142,1.9726057317405372
ethiopia,draw_178,Male,0.01917808,0.07671233,91.42142,1.9257091595637026
nigeria,draw_178,Female,0.01917808,0.07671233,91.42142,1.9421905887780344
nigeria,draw_178,Male,0.01917808,0.07671233,91.42142,1.935424527174098
pakistan,draw_178,Female,0.01917808,0.07671233,91.42142,1.7936299595146121
pakistan,draw_178,Male,0.01917808,0.07671233,91.42142,1.8355524844331848
ethiopia,draw_178,Female,0.01917808,0.07671233,91.53153,1.9665814120301253
ethiopia,draw_178,Male,0.01917808,0.07671233,91.53153,1.9201383133096053
nigeria,draw_178,Female,0.01917808,0.07671233,91.53153,1.936488744737088
nigeria,draw_178,Male,0.01917808,0.07671233,91.53153,1.9297751537005428
pakistan,draw_178,Female,0.01917808,0.07671233,91.53153,1.7897394922798782
pakistan,draw_178,Male,0.01917808,0.07671233,91.53153,1.831085484472619
ethiopia,draw_178,Female,0.01917808,0.07671233,91.64164,1.9605532743777765
ethiopia,draw_178,Male,0.01917808,0.07671233,91.64164,1.9145589398478708
nigeria,draw_178,Female,0.01917808,0.07671233,91.64164,1.9307799781576132
nigeria,draw_178,Male,0.01917808,0.07671233,91.64164,1.9241185147726152
pakistan,draw_178,Female,0.01917808,0.07671233,91.64164,1.7858242223005545
pakistan,draw_178,Male,0.01917808,0.07671233,91.64164,1.826599500107336
ethiopia,draw_178,Female,0.01917808,0.07671233,91.75175,1.954517616459262
ethiopia,draw_178,Male,0.01917808,0.07671233,91.75175,1.9089707581822242
nigeria,draw_178,Female,0.01917808,0.07671233,91.75175,1.9250614291572679
nigeria,draw_178,Male,0.01917808,0.07671233,91.75175,1.9184518525331087
pakistan,draw_178,Female,0.01917808,0.07671233,91.75175,1.78188053149902
pakistan,draw_178,Male,0.01917808,0.07671233,91.75175,1.8220924245192915
ethiopia,draw_178,Female,0.01917808,0.07671233,91.86186,1.9484777727497582
ethiopia,draw_178,Male,0.01917808,0.07671233,91.86186,1.9033739020721856
nigeria,draw_178,Female,0.01917808,0.07671233,91.86186,1.919335795255075
nigeria,draw_178,Male,0.01917808,0.07671233,91.86186,1.9127775263542908
pakistan,draw_178,Female,0.01917808,0.07671233,91.86186,1.7779110092709987
pakistan,draw_178,Male,0.01917808,0.07671233,91.86186,1.817566023828048
ethiopia,draw_178,Female,0.01917808,0.07671233,91.97197,1.942436212301561
ethiopia,draw_178,Male,0.01917808,0.07671233,91.97197,1.8977711152440069
nigeria,draw_178,Female,0.01917808,0.07671233,91.97197,1.9136045362965597
nigeria,draw_178,Male,0.01917808,0.07671233,91.97197,1.9070970748768856
pakistan,draw_178,Female,0.01917808,0.07671233,91.97197,1.7739182967690965
pakistan,draw_178,Male,0.01917808,0.07671233,91.97197,1.813021574865062
ethiopia,draw_178,Female,0.01917808,0.07671233,92.08208,1.9363900491473567
ethiopia,draw_178,Male,0.01917808,0.07671233,92.08208,1.8921613735559646
nigeria,draw_178,Female,0.01917808,0.07671233,92.08208,1.907866739072421
nigeria,draw_178,Male,0.01917808,0.07671233,92.08208,1.901410843563698
pakistan,draw_178,Female,0.01917808,0.07671233,92.08208,1.7699020046216372
pakistan,draw_178,Male,0.01917808,0.07671233,92.08208,1.8084605566833334
ethiopia,draw_178,Female,0.01917808,0.07671233,92.19219,1.9303409292680183
ethiopia,draw_178,Male,0.01917808,0.07671233,92.19219,1.8865456595098944
nigeria,draw_178,Female,0.01917808,0.07671233,92.19219,1.902123573270205
nigeria,draw_178,Male,0.01917808,0.07671233,92.19219,1.8957177378291514
pakistan,draw_178,Female,0.01917808,0.07671233,92.19219,1.765861535334438
pakistan,draw_178,Male,0.01917808,0.07671233,92.19219,1.8038821339653333
ethiopia,draw_178,Female,0.01917808,0.07671233,92.3023,1.92429081502295
ethiopia,draw_178,Male,0.01917808,0.07671233,92.3023,1.8809248467443835
nigeria,draw_178,Female,0.01917808,0.07671233,92.3023,1.8963763859407239
nigeria,draw_178,Male,0.01917808,0.07671233,92.3023,1.8900209961594916
pakistan,draw_178,Female,0.01917808,0.07671233,92.3023,1.761798944853091
pakistan,draw_178,Male,0.01917808,0.07671233,92.3023,1.7992884791735204
ethiopia,draw_178,Female,0.01917808,0.07671233,92.41241,1.9182392117325457
ethiopia,draw_178,Male,0.01917808,0.07671233,92.41241,1.8753002301972248
nigeria,draw_178,Female,0.01917808,0.07671233,92.41241,1.8906255720686918
nigeria,draw_178,Male,0.01917808,0.07671233,92.41241,1.8843198536455184
pakistan,draw_178,Female,0.01917808,0.07671233,92.41241,1.7577145850426616
pakistan,draw_178,Male,0.01917808,0.07671233,92.41241,1.794679719025668
ethiopia,draw_178,Female,0.01917808,0.07671233,92.52252,1.912187384712833
ethiopia,draw_178,Male,0.01917808,0.07671233,92.52252,1.8696719811123077
nigeria,draw_178,Female,0.01917808,0.07671233,92.52252,1.8848711458753789
nigeria,draw_178,Male,0.01917808,0.07671233,92.52252,1.8786150447448005
pakistan,draw_178,Female,0.01917808,0.07671233,92.52252,1.7536074089398463
pakistan,draw_178,Male,0.01917808,0.07671233,92.52252,1.7900548270393297
ethiopia,draw_178,Female,0.01917808,0.07671233,92.63263,1.906136420450394
ethiopia,draw_178,Male,0.01917808,0.07671233,92.63263,1.8640407744061784
nigeria,draw_178,Female,0.01917808,0.07671233,92.63263,1.8791155822611716
nigeria,draw_178,Male,0.01917808,0.07671233,92.63263,1.8729079624068625
pakistan,draw_178,Female,0.01917808,0.07671233,92.63263,1.7494813595936132
pakistan,draw_178,Male,0.01917808,0.07671233,92.63263,1.7854166753255687
ethiopia,draw_178,Female,0.01917808,0.07671233,92.74274,1.9000879405978257
ethiopia,draw_178,Male,0.01917808,0.07671233,92.74274,1.858408313535204
nigeria,draw_178,Female,0.01917808,0.07671233,92.74274,1.8733594419689976
nigeria,draw_178,Male,0.01917808,0.07671233,92.74274,1.867199552430152
pakistan,draw_178,Female,0.01917808,0.07671233,92.74274,1.7453364796274107
pakistan,draw_178,Male,0.01917808,0.07671233,92.74274,1.780766223306832
ethiopia,draw_178,Female,0.01917808,0.07671233,92.85285,1.8940429796716378
ethiopia,draw_178,Male,0.01917808,0.07671233,92.85285,1.852776067333202
nigeria,draw_178,Female,0.01917808,0.07671233,92.85285,1.8676037894824458
nigeria,draw_178,Male,0.01917808,0.07671233,92.85285,1.861491849400815
pakistan,draw_178,Female,0.01917808,0.07671233,92.85285,1.7411742871795193
pakistan,draw_178,Male,0.01917808,0.07671233,92.85285,1.7761049608410626
ethiopia,draw_178,Female,0.01917808,0.07671233,92.96296,1.8880022416329503
ethiopia,draw_178,Male,0.01917808,0.07671233,92.96296,1.8471450997253918
nigeria,draw_178,Female,0.01917808,0.07671233,92.96296,1.8618504546974783
nigeria,draw_178,Male,0.01917808,0.07671233,92.96296,1.8557852376269688
pakistan,draw_178,Female,0.01917808,0.07671233,92.96296,1.7369966221005455
pakistan,draw_178,Male,0.01917808,0.07671233,92.96296,1.771434585183508
ethiopia,draw_178,Female,0.01917808,0.07671233,93.07307,1.8819696375428945
ethiopia,draw_178,Male,0.01917808,0.07671233,93.07307,1.8415172641264084
nigeria,draw_178,Female,0.01917808,0.07671233,93.07307,1.856100501239189
nigeria,draw_178,Male,0.01917808,0.07671233,93.07307,1.8500824502639994
pakistan,draw_178,Female,0.01917808,0.07671233,93.07307,1.7328060055377836
pakistan,draw_178,Male,0.01917808,0.07671233,93.07307,1.7667570071300782
ethiopia,draw_178,Female,0.01917808,0.07671233,93.18318,1.8759380925099123
ethiopia,draw_178,Male,0.01917808,0.07671233,93.18318,1.8358877695327867
nigeria,draw_178,Female,0.01917808,0.07671233,93.18318,1.8503513656754464
nigeria,draw_178,Male,0.01917808,0.07671233,93.18318,1.8443785531738064
pakistan,draw_178,Female,0.01917808,0.07671233,93.18318,1.7285965805744266
pakistan,draw_178,Male,0.01917808,0.07671233,93.18318,1.7620663533835872
ethiopia,draw_178,Female,0.01917808,0.07671233,93.29329,1.8699112897081727
ethiopia,draw_178,Male,0.01917808,0.07671233,93.29329,1.8302592975285439
nigeria,draw_178,Female,0.01917808,0.07671233,93.29329,1.8446032298126094
nigeria,draw_178,Male,0.01917808,0.07671233,93.29329,1.8386762468741245
pakistan,draw_178,Female,0.01917808,0.07671233,93.29329,1.7243706033202701
pakistan,draw_178,Male,0.01917808,0.07671233,93.29329,1.7573657675225687
ethiopia,draw_178,Female,0.01917808,0.07671233,93.4034,1.8638893821583769
ethiopia,draw_178,Male,0.01917808,0.07671233,93.4034,1.8246319937902524
nigeria,draw_178,Female,0.01917808,0.07671233,93.4034,1.8388579470631659
nigeria,draw_178,Male,0.01917808,0.07671233,93.4034,1.8329755357808295
pakistan,draw_178,Female,0.01917808,0.07671233,93.4034,1.720130301084255
pakistan,draw_178,Male,0.01917808,0.07671233,93.4034,1.75265627888344
ethiopia,draw_178,Female,0.01917808,0.07671233,93.51351,1.8578730900790388
ethiopia,draw_178,Male,0.01917808,0.07671233,93.51351,1.8190069037591963
nigeria,draw_178,Female,0.01917808,0.07671233,93.51351,1.8331149408577576
nigeria,draw_178,Male,0.01917808,0.07671233,93.51351,1.8272771365558336
pakistan,draw_178,Female,0.01917808,0.07671233,93.51351,1.7158754266895773
pakistan,draw_178,Male,0.01917808,0.07671233,93.51351,1.7479385392780724
ethiopia,draw_178,Female,0.01917808,0.07671233,93.62362,1.8518642209466147
ethiopia,draw_178,Male,0.01917808,0.07671233,93.62362,1.813384698672194
nigeria,draw_178,Female,0.01917808,0.07671233,93.62362,1.8273771233163967
nigeria,draw_178,Male,0.01917808,0.07671233,93.62362,1.8215830900079373
pakistan,draw_178,Female,0.01917808,0.07671233,93.62362,1.711607570085351
pakistan,draw_178,Male,0.01917808,0.07671233,93.62362,1.7432142959533348
ethiopia,draw_178,Female,0.01917808,0.07671233,93.73373,1.845863279542083
ethiopia,draw_178,Male,0.01917808,0.07671233,93.73373,1.8077680406763623
nigeria,draw_178,Female,0.01917808,0.07671233,93.73373,1.8216441874022153
nigeria,draw_178,Male,0.01917808,0.07671233,93.73373,1.8158941335623
pakistan,draw_178,Female,0.01917808,0.07671233,93.73373,1.7073285589745102
pakistan,draw_178,Male,0.01917808,0.07671233,93.73373,1.7384840089544
ethiopia,draw_178,Female,0.01917808,0.07671233,93.84384,1.8398701933026052
ethiopia,draw_178,Male,0.01917808,0.07671233,93.84384,1.8021559378148375
nigeria,draw_178,Female,0.01917808,0.07671233,93.84384,1.8159162308842516
nigeria,draw_178,Male,0.01917808,0.07671233,93.84384,1.8102095813397376
pakistan,draw_178,Female,0.01917808,0.07671233,93.84384,1.7030375872989054
pakistan,draw_178,Male,0.01917808,0.07671233,93.84384,1.733747656311002
ethiopia,draw_178,Female,0.01917808,0.07671233,93.95395,1.8338852799105712
ethiopia,draw_178,Male,0.01917808,0.07671233,93.95395,1.7965482499235617
nigeria,draw_178,Female,0.01917808,0.07671233,93.95395,1.810194355168739
nigeria,draw_178,Male,0.01917808,0.07671233,93.95395,1.8045304693287592
pakistan,draw_178,Female,0.01917808,0.07671233,93.95395,1.6987341593460292
pakistan,draw_178,Male,0.01917808,0.07671233,93.95395,1.729005375743766
ethiopia,draw_178,Female,0.01917808,0.07671233,94.06406,1.8279133122880487
ethiopia,draw_178,Male,0.01917808,0.07671233,94.06406,1.7909502078332125
nigeria,draw_178,Female,0.01917808,0.07671233,94.06406,1.8044836320212092
nigeria,draw_178,Male,0.01917808,0.07671233,94.06406,1.7988610217975673
pakistan,draw_178,Female,0.01917808,0.07671233,94.06406,1.6944243379601867
pakistan,draw_178,Male,0.01917808,0.07671233,94.06406,1.7242623493141447
ethiopia,draw_178,Female,0.01917808,0.07671233,94.17417,1.821951518980806
ethiopia,draw_178,Male,0.01917808,0.07671233,94.17417,1.7853597188109847
nigeria,draw_178,Female,0.01917808,0.07671233,94.17417,1.7987808177837596
nigeria,draw_178,Male,0.01917808,0.07671233,94.17417,1.793199658646839
pakistan,draw_178,Female,0.01917808,0.07671233,94.17417,1.6901053381069275
pakistan,draw_178,Male,0.01917808,0.07671233,94.17417,1.7195165408856996
ethiopia,draw_178,Female,0.01917808,0.07671233,94.28428,1.8159998976116214
ethiopia,draw_178,Male,0.01917808,0.07671233,94.28428,1.7797746628817042
nigeria,draw_178,Female,0.01917808,0.07671233,94.28428,1.7930852638375674
nigeria,draw_178,Male,0.01917808,0.07671233,94.28428,1.7875452068224849
pakistan,draw_178,Female,0.01917808,0.07671233,94.28428,1.6857773470867998
pakistan,draw_178,Male,0.01917808,0.07671233,94.28428,1.7147676463926735
ethiopia,draw_178,Female,0.01917808,0.07671233,94.39439,1.8100583570769346
ethiopia,draw_178,Male,0.01917808,0.07671233,94.39439,1.7741967911172214
nigeria,draw_178,Female,0.01917808,0.07671233,94.39439,1.787396656619738
nigeria,draw_178,Male,0.01917808,0.07671233,94.39439,1.7818971223465607
pakistan,draw_178,Female,0.01917808,0.07671233,94.39439,1.6814402257552283
pakistan,draw_178,Male,0.01917808,0.07671233,94.39439,1.7100149666181692
ethiopia,draw_178,Female,0.01917808,0.07671233,94.5045,1.8041273975618455
ethiopia,draw_178,Male,0.01917808,0.07671233,94.5045,1.7686259166841987
nigeria,draw_178,Female,0.01917808,0.07671233,94.5045,1.7817165608653232
nigeria,draw_178,Male,0.01917808,0.07671233,94.5045,1.7762563462050454
pakistan,draw_178,Female,0.01917808,0.07671233,94.5045,1.677094543361178
pakistan,draw_178,Male,0.01917808,0.07671233,94.5045,1.7052592057668146
ethiopia,draw_178,Female,0.01917808,0.07671233,94.61461,1.7982040878549665
ethiopia,draw_178,Male,0.01917808,0.07671233,94.61461,1.7630597719976964
nigeria,draw_178,Female,0.01917808,0.07671233,94.61461,1.7760419316659166
nigeria,draw_178,Male,0.01917808,0.07671233,94.61461,1.7706210014250907
pakistan,draw_178,Female,0.01917808,0.07671233,94.61461,1.6727372376610794
pakistan,draw_178,Male,0.01917808,0.07671233,94.61461,1.7004976995847896
ethiopia,draw_178,Female,0.01917808,0.07671233,94.72472,1.7922921435343875
ethiopia,draw_178,Male,0.01917808,0.07671233,94.72472,1.7575001430202442
nigeria,draw_178,Female,0.01917808,0.07671233,94.72472,1.7703755411912607
nigeria,draw_178,Male,0.01917808,0.07671233,94.72472,1.7649927060155537
pakistan,draw_178,Female,0.01917808,0.07671233,94.72472,1.6683707457507313
pakistan,draw_178,Male,0.01917808,0.07671233,94.72472,1.6957331479161895
ethiopia,draw_178,Female,0.01917808,0.07671233,94.83483,1.7863897288802744
ethiopia,draw_178,Male,0.01917808,0.07671233,94.83483,1.7519471374604825
nigeria,draw_178,Female,0.01917808,0.07671233,94.83483,1.764716903873269
nigeria,draw_178,Male,0.01917808,0.07671233,94.83483,1.759372671722224
pakistan,draw_178,Female,0.01917808,0.07671233,94.83483,1.6639969699400934
pakistan,draw_178,Male,0.01917808,0.07671233,94.83483,1.6909660261501385
ethiopia,draw_178,Female,0.01917808,0.07671233,94.94494,1.780499244833562
ethiopia,draw_178,Male,0.01917808,0.07671233,94.94494,1.7464022849190552
nigeria,draw_178,Female,0.01917808,0.07671233,94.94494,1.759066723100322
nigeria,draw_178,Male,0.01917808,0.07671233,94.94494,1.7537597948267203
pakistan,draw_178,Female,0.01917808,0.07671233,94.94494,1.6596155042673306
pakistan,draw_178,Male,0.01917808,0.07671233,94.94494,1.6861959991453705
ethiopia,draw_178,Female,0.01917808,0.07671233,95.05506,1.7746219872992657
ethiopia,draw_178,Male,0.01917808,0.07671233,95.05506,1.7408666775073367
nigeria,draw_178,Female,0.01917808,0.07671233,95.05506,1.7534277773043216
nigeria,draw_178,Male,0.01917808,0.07671233,95.05506,1.7481582186703473
pakistan,draw_178,Female,0.01917808,0.07671233,95.05506,1.655228528079926
pakistan,draw_178,Male,0.01917808,0.07671233,95.05506,1.6814267438906674
ethiopia,draw_178,Female,0.01917808,0.07671233,95.16517,1.7687589357628026
ethiopia,draw_178,Male,0.01917808,0.07671233,95.16517,1.7353423886728
nigeria,draw_178,Female,0.01917808,0.07671233,95.16517,1.7478011589660103
nigeria,draw_178,Male,0.01917808,0.07671233,95.16517,1.7425675940123169
pakistan,draw_178,Female,0.01917808,0.07671233,95.16517,1.650837139415983
pakistan,draw_178,Male,0.01917808,0.07671233,95.16517,1.676658376280071
ethiopia,draw_178,Female,0.01917808,0.07671233,95.27528,1.762907597611299
ethiopia,draw_178,Male,0.01917808,0.07671233,95.27528,1.729825686835855
nigeria,draw_178,Female,0.01917808,0.07671233,95.27528,1.7421825357912004
nigeria,draw_178,Male,0.01917808,0.07671233,95.27528,1.736985041055327
pakistan,draw_178,Female,0.01917808,0.07671233,95.27528,1.6464377647270994
pakistan,draw_178,Male,0.01917808,0.07671233,95.27528,1.6718883588532034
ethiopia,draw_178,Female,0.01917808,0.07671233,95.38539,1.757067051840726
ethiopia,draw_178,Male,0.01917808,0.07671233,95.38539,1.7243170637949814
nigeria,draw_178,Female,0.01917808,0.07671233,95.38539,1.7365734004969142
nigeria,draw_178,Male,0.01917808,0.07671233,95.38539,1.7314113449610613
pakistan,draw_178,Female,0.01917808,0.07671233,95.38539,1.6420306956943986
pakistan,draw_178,Male,0.01917808,0.07671233,95.38539,1.6671152120650474
ethiopia,draw_178,Female,0.01917808,0.07671233,95.4955,1.751240246391307
ethiopia,draw_178,Male,0.01917808,0.07671233,95.4955,1.71881898792485
nigeria,draw_178,Female,0.01917808,0.07671233,95.4955,1.7309751921328798
nigeria,draw_178,Male,0.01917808,0.07671233,95.4955,1.7258479533816113
pakistan,draw_178,Female,0.01917808,0.07671233,95.4955,1.6376186528319983
pakistan,draw_178,Male,0.01917808,0.07671233,95.4955,1.6623427072873194
ethiopia,draw_178,Female,0.01917808,0.07671233,95.60561,1.745427009678802
ethiopia,draw_178,Male,0.01917808,0.07671233,95.60561,1.7133303968848341
nigeria,draw_178,Female,0.01917808,0.07671233,95.60561,1.7253866859984401
nigeria,draw_178,Male,0.01917808,0.07671233,95.60561,1.720294812838723
pakistan,draw_178,Female,0.01917808,0.07671233,95.60561,1.6332028278915098
pakistan,draw_178,Male,0.01917808,0.07671233,95.60561,1.6575713879710248
ethiopia,draw_178,Female,0.01917808,0.07671233,95.71572,1.7396274449188673
ethiopia,draw_178,Male,0.01917808,0.07671233,95.71572,1.7078521613115965
nigeria,draw_178,Female,0.01917808,0.07671233,95.71572,1.719810611042238
nigeria,draw_178,Male,0.01917808,0.07671233,95.71572,1.7147529866455558
pakistan,draw_178,Female,0.01917808,0.07671233,95.71572,1.6287826705107304
pakistan,draw_178,Male,0.01917808,0.07671233,95.71572,1.6528006107919613
ethiopia,draw_178,Female,0.01917808,0.07671233,95.82583,1.7338415535051142
ethiopia,draw_178,Male,0.01917808,0.07671233,95.82583,1.7023845783839107
nigeria,draw_178,Female,0.01917808,0.07671233,95.82583,1.7142455342502876
nigeria,draw_178,Male,0.01917808,0.07671233,95.82583,1.7092219193836105
pakistan,draw_178,Female,0.01917808,0.07671233,95.82583,1.624358795836828
pakistan,draw_178,Male,0.01917808,0.07671233,95.82583,1.6480314372112161
ethiopia,draw_178,Female,0.01917808,0.07671233,95.93594,1.7280696325163196
ethiopia,draw_178,Male,0.01917808,0.07671233,95.93594,1.696928121336444
nigeria,draw_178,Female,0.01917808,0.07671233,95.93594,1.7086918463988754
nigeria,draw_178,Male,0.01917808,0.07671233,95.93594,1.7037012890020962
pakistan,draw_178,Female,0.01917808,0.07671233,95.93594,1.6199317708905394
pakistan,draw_178,Male,0.01917808,0.07671233,95.93594,1.643263926451906
ethiopia,draw_178,Female,0.01917808,0.07671233,96.04605,1.7223111504912867
ethiopia,draw_178,Male,0.01917808,0.07671233,96.04605,1.6914805337052634
nigeria,draw_178,Female,0.01917808,0.07671233,96.04605,1.703148793285749
nigeria,draw_178,Male,0.01917808,0.07671233,96.04605,1.69819080754702
pakistan,draw_178,Female,0.01917808,0.07671233,96.04605,1.6154988002739112
pakistan,draw_178,Male,0.01917808,0.07671233,96.04605,1.6384952600893854
ethiopia,draw_178,Female,0.01917808,0.07671233,96.15616,1.716569597701022
ethiopia,draw_178,Male,0.01917808,0.07671233,96.15616,1.686047126067116
nigeria,draw_178,Female,0.01917808,0.07671233,96.15616,1.6976210940192857
nigeria,draw_178,Male,0.01917808,0.07671233,96.15616,1.6926956016491357
pakistan,draw_178,Female,0.01917808,0.07671233,96.15616,1.6110657004104119
pakistan,draw_178,Male,0.01917808,0.07671233,96.15616,1.6337320138854818
ethiopia,draw_178,Female,0.01917808,0.07671233,96.26627,1.7108424624442302
ethiopia,draw_178,Male,0.01917808,0.07671233,96.26627,1.6806249261787063
nigeria,draw_178,Female,0.01917808,0.07671233,96.26627,1.6921051799068267
nigeria,draw_178,Male,0.01917808,0.07671233,96.26627,1.6872108577960032
pakistan,draw_178,Female,0.01917808,0.07671233,96.26627,1.6066298592965351
pakistan,draw_178,Male,0.01917808,0.07671233,96.26627,1.6289706089769713
ethiopia,draw_178,Female,0.01917808,0.07671233,96.37638,1.7051301845715743
ethiopia,draw_178,Male,0.01917808,0.07671233,96.37638,1.6752140234990718
nigeria,draw_178,Female,0.01917808,0.07671233,96.37638,1.6866013461440277
nigeria,draw_178,Male,0.01917808,0.07671233,96.37638,1.6817380866951706
pakistan,draw_178,Female,0.01917808,0.07671233,96.37638,1.6021916695210294
pakistan,draw_178,Male,0.01917808,0.07671233,96.37638,1.6242122787323734
ethiopia,draw_178,Female,0.01917808,0.07671233,96.48649,1.6994317101121497
ethiopia,draw_178,Male,0.01917808,0.07671233,96.48649,1.6698140614873807
nigeria,draw_178,Female,0.01917808,0.07671233,96.48649,1.6811097772838708
nigeria,draw_178,Male,0.01917808,0.07671233,96.48649,1.676276699096756
pakistan,draw_178,Female,0.01917808,0.07671233,96.48649,1.5977518286146988
pakistan,draw_178,Male,0.01917808,0.07671233,96.48649,1.6194559061385658
ethiopia,draw_178,Female,0.01917808,0.07671233,96.5966,1.6937478537376438
ethiopia,draw_178,Male,0.01917808,0.07671233,96.5966,1.6644258337666684
nigeria,draw_178,Female,0.01917808,0.07671233,96.5966,1.6756304458966242
nigeria,draw_178,Male,0.01917808,0.07671233,96.5966,1.670827365927268
pakistan,draw_178,Female,0.01917808,0.07671233,96.5966,1.5933094314354996
pakistan,draw_178,Male,0.01917808,0.07671233,96.5966,1.6147022985096942
ethiopia,draw_178,Female,0.01917808,0.07671233,96.70671,1.688078246504725
ethiopia,draw_178,Male,0.01917808,0.07671233,96.70671,1.6590480941741639
nigeria,draw_178,Female,0.01917808,0.07671233,96.70671,1.670162347699058
nigeria,draw_178,Male,0.01917808,0.07671233,96.70671,1.665389010135551
pakistan,draw_178,Female,0.01917808,0.07671233,96.70671,1.588863845080985
pakistan,draw_178,Male,0.01917808,0.07671233,96.70671,1.6099504993282359
ethiopia,draw_178,Female,0.01917808,0.07671233,96.81682,1.6824216969171515
ethiopia,draw_178,Male,0.01917808,0.07671233,96.81682,1.6536811363325676
nigeria,draw_178,Female,0.01917808,0.07671233,96.81682,1.6647062187843478
nigeria,draw_178,Male,0.01917808,0.07671233,96.81682,1.6599613380983174
pakistan,draw_178,Female,0.01917808,0.07671233,96.81682,1.5844146014723117
pakistan,draw_178,Male,0.01917808,0.07671233,96.81682,1.6052001059414216
ethiopia,draw_178,Female,0.01917808,0.07671233,96.92693,1.6767799725823158
ethiopia,draw_178,Male,0.01917808,0.07671233,96.92693,1.648325792307231
nigeria,draw_178,Female,0.01917808,0.07671233,96.92693,1.6592629470359281
nigeria,draw_178,Male,0.01917808,0.07671233,96.92693,1.6545456012306083
pakistan,draw_178,Female,0.01917808,0.07671233,96.92693,1.5799644542786564
pakistan,draw_178,Male,0.01917808,0.07671233,96.92693,1.6004529081756387
ethiopia,draw_178,Female,0.01917808,0.07671233,97.03704,1.671152832352422
ethiopia,draw_178,Male,0.01917808,0.07671233,97.03704,1.6429821712592714
nigeria,draw_178,Female,0.01917808,0.07671233,97.03704,1.6538322351535082
nigeria,draw_178,Male,0.01917808,0.07671233,97.03704,1.6491421135594255
pakistan,draw_178,Female,0.01917808,0.07671233,97.03704,1.575512983414072
pakistan,draw_178,Male,0.01917808,0.07671233,97.03704,1.595709477473768
ethiopia,draw_178,Female,0.01917808,0.07671233,97.14715,1.6655451697703765
ethiopia,draw_178,Male,0.01917808,0.07671233,97.14715,1.637655066824455
nigeria,draw_178,Female,0.01917808,0.07671233,97.14715,1.648417661012546
nigeria,draw_178,Male,0.01917808,0.07671233,97.14715,1.6437549810105077
pakistan,draw_178,Female,0.01917808,0.07671233,97.14715,1.5710649491178028
pakistan,draw_178,Male,0.01917808,0.07671233,97.14715,1.59097318152448
ethiopia,draw_178,Female,0.01917808,0.07671233,97.25726,1.6599534966040481
ethiopia,draw_178,Male,0.01917808,0.07671233,97.25726,1.6323397978744938
nigeria,draw_178,Female,0.01917808,0.07671233,97.25726,1.6430179056194196
nigeria,draw_178,Male,0.01917808,0.07671233,97.25726,1.6383810623182933
pakistan,draw_178,Female,0.01917808,0.07671233,97.25726,1.5666162635576824
pakistan,draw_178,Male,0.01917808,0.07671233,97.25726,1.586241094314808
ethiopia,draw_178,Female,0.01917808,0.07671233,97.36737,1.654376958449414
ethiopia,draw_178,Male,0.01917808,0.07671233,97.36737,1.6270371247822322
nigeria,draw_178,Female,0.01917808,0.07671233,97.36737,1.6376304405100583
nigeria,draw_178,Male,0.01917808,0.07671233,97.36737,1.633019510328968
pakistan,draw_178,Female,0.01917808,0.07671233,97.36737,1.562167506029342
pakistan,draw_178,Male,0.01917808,0.07671233,97.36737,1.581513257724567
ethiopia,draw_178,Female,0.01917808,0.07671233,97.47748,1.6488133962885534
ethiopia,draw_178,Male,0.01917808,0.07671233,97.47748,1.62174474639807
nigeria,draw_178,Female,0.01917808,0.07671233,97.47748,1.6322534971063787
nigeria,draw_178,Male,0.01917808,0.07671233,97.47748,1.627668711807911
pakistan,draw_178,Female,0.01917808,0.07671233,97.47748,1.5577156857124892
pakistan,draw_178,Male,0.01917808,0.07671233,97.47748,1.5767864080659846
ethiopia,draw_178,Female,0.01917808,0.07671233,97.58759,1.643266241479147
ethiopia,draw_178,Male,0.01917808,0.07671233,97.58759,1.6164648084756832
nigeria,draw_178,Female,0.01917808,0.07671233,97.58759,1.6268914353813575
nigeria,draw_178,Male,0.01917808,0.07671233,97.58759,1.6223307221434544
pakistan,draw_178,Female,0.01917808,0.07671233,97.58759,1.5532635378765276
pakistan,draw_178,Male,0.01917808,0.07671233,97.58759,1.5720644192853244
ethiopia,draw_178,Female,0.01917808,0.07671233,97.6977,1.6377334291583316
ethiopia,draw_178,Male,0.01917808,0.07671233,97.6977,1.6111975747014244
nigeria,draw_178,Female,0.01917808,0.07671233,97.6977,1.621541934758455
nigeria,draw_178,Male,0.01917808,0.07671233,97.6977,1.6170056388929461
pakistan,draw_178,Female,0.01917808,0.07671233,97.6977,1.5488118154892605
pakistan,draw_178,Male,0.01917808,0.07671233,97.6977,1.567347102544338
ethiopia,draw_178,Female,0.01917808,0.07671233,97.80781,1.6322171624033983
ethiopia,draw_178,Male,0.01917808,0.07671233,97.80781,1.605942270804656
nigeria,draw_178,Female,0.01917808,0.07671233,97.80781,1.6162065775696717
nigeria,draw_178,Male,0.01917808,0.07671233,97.80781,1.6116937108442333
pakistan,draw_178,Female,0.01917808,0.07671233,97.80781,1.5443615280997605
pakistan,draw_178,Male,0.01917808,0.07671233,97.80781,1.562634181005219
ethiopia,draw_178,Female,0.01917808,0.07671233,97.91792,1.6267166434665663
ethiopia,draw_178,Male,0.01917808,0.07671233,97.91792,1.6007002187098351
nigeria,draw_178,Female,0.01917808,0.07671233,97.91792,1.6108840983401176
nigeria,draw_178,Male,0.01917808,0.07671233,97.91792,1.6063948152613472
pakistan,draw_178,Female,0.01917808,0.07671233,97.91792,1.5399124293547983
pakistan,draw_178,Male,0.01917808,0.07671233,97.91792,1.5579269480926372
ethiopia,draw_178,Female,0.01917808,0.07671233,98.02803,1.6212313912708365
ethiopia,draw_178,Male,0.01917808,0.07671233,98.02803,1.5954721044583675
nigeria,draw_178,Female,0.01917808,0.07671233,98.02803,1.6055757839793852
nigeria,draw_178,Male,0.01917808,0.07671233,98.02803,1.6011092359354293
pakistan,draw_178,Female,0.01917808,0.07671233,98.02803,1.5354649769876132
pakistan,draw_178,Male,0.01917808,0.07671233,98.02803,1.5532246319106153
ethiopia,draw_178,Female,0.01917808,0.07671233,98.13814,1.615764192924124
ethiopia,draw_178,Male,0.01917808,0.07671233,98.13814,1.5902570547490769
nigeria,draw_178,Female,0.01917808,0.07671233,98.13814,1.6002821797147586
nigeria,draw_178,Male,0.01917808,0.07671233,98.13814,1.595838129080305
pakistan,draw_178,Female,0.01917808,0.07671233,98.13814,1.5310184930603825
pakistan,draw_178,Male,0.01917808,0.07671233,98.13814,1.5485284093608986
ethiopia,draw_178,Female,0.01917808,0.07671233,98.24825,1.6103135357955287
ethiopia,draw_178,Male,0.01917808,0.07671233,98.24825,1.5850565206880942
nigeria,draw_178,Female,0.01917808,0.07671233,98.24825,1.5950039803825664
nigeria,draw_178,Male,0.01917808,0.07671233,98.24825,1.5905817819923234
pakistan,draw_178,Female,0.01917808,0.07671233,98.24825,1.526574803972088
pakistan,draw_178,Male,0.01917808,0.07671233,98.24825,1.5438378224918663
ethiopia,draw_178,Female,0.01917808,0.07671233,98.35836,1.6048786902613101
ethiopia,draw_178,Male,0.01917808,0.07671233,98.35836,1.57986956854446
nigeria,draw_178,Female,0.01917808,0.07671233,98.35836,1.5897398427964984
nigeria,draw_178,Male,0.01917808,0.07671233,98.35836,1.585338448295626
pakistan,draw_178,Female,0.01917808,0.07671233,98.35836,1.5221323416968258
pakistan,draw_178,Male,0.01917808,0.07671233,98.35836,1.5391533278258296
ethiopia,draw_178,Female,0.01917808,0.07671233,98.46847,1.599460134574843
ethiopia,draw_178,Male,0.01917808,0.07671233,98.46847,1.5746954772808575
nigeria,draw_178,Female,0.01917808,0.07671233,98.46847,1.584489448462219
nigeria,draw_178,Male,0.01917808,0.07671233,98.46847,1.5801089154039794
pakistan,draw_178,Female,0.01917808,0.07671233,98.46847,1.5176921906447929
pakistan,draw_178,Male,0.01917808,0.07671233,98.46847,1.5344745135212992
ethiopia,draw_178,Female,0.01917808,0.07671233,98.57858,1.594057958697706
ethiopia,draw_178,Male,0.01917808,0.07671233,98.57858,1.5695350867155107
nigeria,draw_178,Female,0.01917808,0.07671233,98.57858,1.5792543416563616
nigeria,draw_178,Male,0.01917808,0.07671233,98.57858,1.5748936600945074
pakistan,draw_178,Female,0.01917808,0.07671233,98.57858,1.5132548316650858
pakistan,draw_178,Male,0.01917808,0.07671233,98.57858,1.5298020884743797
ethiopia,draw_178,Female,0.01917808,0.07671233,98.68869,1.5886731503038636
ethiopia,draw_178,Male,0.01917808,0.07671233,98.68869,1.5643890387028991
nigeria,draw_178,Female,0.01917808,0.07671233,98.68869,1.5740331849828229
nigeria,draw_178,Male,0.01917808,0.07671233,98.68869,1.569693130858183
pakistan,draw_178,Female,0.01917808,0.07671233,98.68869,1.5088204676034047
pakistan,draw_178,Male,0.01917808,0.07671233,98.68869,1.5251363624895253
ethiopia,draw_178,Female,0.01917808,0.07671233,98.7988,1.5833045226454654
ethiopia,draw_178,Male,0.01917808,0.07671233,98.7988,1.5592568604702661
nigeria,draw_178,Female,0.01917808,0.07671233,98.7988,1.5688273846299134
nigeria,draw_178,Male,0.01917808,0.07671233,98.7988,1.5645062107333274
pakistan,draw_178,Female,0.01917808,0.07671233,98.7988,1.5043897979644307
pakistan,draw_178,Male,0.01917808,0.07671233,98.7988,1.5204771091586549
ethiopia,draw_178,Female,0.01917808,0.07671233,98.90891,1.5779508438527312
ethiopia,draw_178,Male,0.01917808,0.07671233,98.90891,1.554137104296039
nigeria,draw_178,Female,0.01917808,0.07671233,98.90891,1.5636350267824473
nigeria,draw_178,Male,0.01917808,0.07671233,98.90891,1.5593324413958072
pakistan,draw_178,Female,0.01917808,0.07671233,98.90891,1.499958836560555
pakistan,draw_178,Male,0.01917808,0.07671233,98.90891,1.5158221531525249
ethiopia,draw_178,Female,0.01917808,0.07671233,99.01902,1.5726151260527932
ethiopia,draw_178,Male,0.01917808,0.07671233,99.01902,1.5490311352974022
nigeria,draw_178,Female,0.01917808,0.07671233,99.01902,1.5584572795088647
nigeria,draw_178,Male,0.01917808,0.07671233,99.01902,1.5541734021181612
pakistan,draw_178,Female,0.01917808,0.07671233,99.01902,1.495531479674742
pakistan,draw_178,Male,0.01917808,0.07671233,99.01902,1.5111748962546507
ethiopia,draw_178,Female,0.01917808,0.07671233,99.12913,1.5672977098700311
ethiopia,draw_178,Male,0.01917808,0.07671233,99.12913,1.5439414750206433
nigeria,draw_178,Female,0.01917808,0.07671233,99.12913,1.5532966126042758
nigeria,draw_178,Male,0.01917808,0.07671233,99.12913,1.5490301317862063
pakistan,draw_178,Female,0.01917808,0.07671233,99.12913,1.4911101637053807
pakistan,draw_178,Male,0.01917808,0.07671233,99.12913,1.5065363425332632
ethiopia,draw_178,Female,0.01917808,0.07671233,99.23924,1.5620008261824168
ethiopia,draw_178,Male,0.01917808,0.07671233,99.23924,1.5388700251199872
nigeria,draw_178,Female,0.01917808,0.07671233,99.23924,1.5481556200643605
nigeria,draw_178,Male,0.01917808,0.07671233,99.23924,1.5439061408118906
pakistan,draw_178,Female,0.01917808,0.07671233,99.23924,1.4866958750245218
pakistan,draw_178,Male,0.01917808,0.07671233,99.23924,1.5019081963552636
ethiopia,draw_178,Female,0.01917808,0.07671233,99.34935,1.5567226300891626
ethiopia,draw_178,Male,0.01917808,0.07671233,99.34935,1.533814153349857
nigeria,draw_178,Female,0.01917808,0.07671233,99.34935,1.54303051194036
nigeria,draw_178,Male,0.01917808,0.07671233,99.34935,1.5387980888268293
pakistan,draw_178,Female,0.01917808,0.07671233,99.34935,1.4822872884538625
pakistan,draw_178,Male,0.01917808,0.07671233,99.34935,1.4972894693692294
ethiopia,draw_178,Female,0.01917808,0.07671233,99.45946,1.5514626359973558
ethiopia,draw_178,Male,0.01917808,0.07671233,99.45946,1.5287737452903885
nigeria,draw_178,Female,0.01917808,0.07671233,99.45946,1.5379217243685588
nigeria,draw_178,Male,0.01917808,0.07671233,99.45946,1.5337055511234696
pakistan,draw_178,Female,0.01917808,0.07671233,99.45946,1.4778832466889198
pakistan,draw_178,Male,0.01917808,0.07671233,99.45946,1.4926792487949905
ethiopia,draw_178,Female,0.01917808,0.07671233,99.56957,1.5462198203204947
ethiopia,draw_178,Male,0.01917808,0.07671233,99.56957,1.5237475058422192
nigeria,draw_178,Female,0.01917808,0.07671233,99.56957,1.5328287917376284
nigeria,draw_178,Male,0.01917808,0.07671233,99.56957,1.5286283704857042
pakistan,draw_178,Female,0.01917808,0.07671233,99.56957,1.4734831313927261
pakistan,draw_178,Male,0.01917808,0.07671233,99.56957,1.4880762793481295
ethiopia,draw_178,Female,0.01917808,0.07671233,99.67968,1.5409946196810127
ethiopia,draw_178,Male,0.01917808,0.07671233,99.67968,1.5187367394326559
nigeria,draw_178,Female,0.01917808,0.07671233,99.67968,1.5277510516641717
nigeria,draw_178,Male,0.01917808,0.07671233,99.67968,1.5235659719432115
pakistan,draw_178,Female,0.01917808,0.07671233,99.67968,1.4690872570187512
pakistan,draw_178,Male,0.01917808,0.07671233,99.67968,1.4834813364487838
ethiopia,draw_178,Female,0.01917808,0.07671233,99.78979,1.5357879895562878
ethiopia,draw_178,Male,0.01917808,0.07671233,99.78979,1.513741552704467
nigeria,draw_178,Female,0.01917808,0.07671233,99.78979,1.5226904749037646
nigeria,draw_178,Male,0.01917808,0.07671233,99.78979,1.5185199674938104
pakistan,draw_178,Female,0.01917808,0.07671233,99.78979,1.46469703522691
pakistan,draw_178,Male,0.01917808,0.07671233,99.78979,1.47889547462425
ethiopia,draw_178,Female,0.01917808,0.07671233,99.8999,1.530599752000127
ethiopia,draw_178,Male,0.01917808,0.07671233,99.8999,1.5087624395919288
nigeria,draw_178,Female,0.01917808,0.07671233,99.8999,1.5176463824398125
nigeria,draw_178,Male,0.01917808,0.07671233,99.8999,1.5134905823533762
pakistan,draw_178,Female,0.01917808,0.07671233,99.8999,1.4603123095735895
pakistan,draw_178,Male,0.01917808,0.07671233,99.8999,1.4743189917888737
ethiopia,draw_178,Female,0.01917808,0.07671233,100.01001,1.5254302102639694
ethiopia,draw_178,Male,0.01917808,0.07671233,100.01001,1.5037994632708098
nigeria,draw_178,Female,0.01917808,0.07671233,100.01001,1.5126191845207504
nigeria,draw_178,Male,0.01917808,0.07671233,100.01001,1.5084770686626738
pakistan,draw_178,Female,0.01917808,0.07671233,100.01001,1.4559345820068377
pakistan,draw_178,Male,0.01917808,0.07671233,100.01001,1.4697516106615909
ethiopia,draw_178,Female,0.01917808,0.07671233,100.12012,1.5202789169897752
ethiopia,draw_178,Male,0.01917808,0.07671233,100.12012,1.4988521745697148
nigeria,draw_178,Female,0.01917808,0.07671233,100.12012,1.5076088743275555
nigeria,draw_178,Male,0.01917808,0.07671233,100.12012,1.5034804353516513
pakistan,draw_178,Female,0.01917808,0.07671233,100.12012,1.4515629864346649
pakistan,draw_178,Male,0.01917808,0.07671233,100.12012,1.4651943612223093
ethiopia,draw_178,Female,0.01917808,0.07671233,100.23023,1.5151507638652502
ethiopia,draw_178,Male,0.01917808,0.07671233,100.23023,1.4939251315124578
nigeria,draw_178,Female,0.01917808,0.07671233,100.23023,1.5026193173874092
nigeria,draw_178,Male,0.01917808,0.07671233,100.23023,1.4985040694655611
pakistan,draw_178,Female,0.01917808,0.07671233,100.23023,1.447202435078685
pakistan,draw_178,Male,0.01917808,0.07671233,100.23023,1.460650757684307
ethiopia,draw_178,Female,0.01917808,0.07671233,100.34034,1.5100418470865815
ethiopia,draw_178,Male,0.01917808,0.07671233,100.34034,1.489015168513907
nigeria,draw_178,Female,0.01917808,0.07671233,100.34034,1.4976477994952295
nigeria,draw_178,Male,0.01917808,0.07671233,100.34034,1.493544788494073
pakistan,draw_178,Female,0.01917808,0.07671233,100.34034,1.4428497795186255
pakistan,draw_178,Male,0.01917808,0.07671233,100.34034,1.4561177945398
ethiopia,draw_178,Female,0.01917808,0.07671233,100.45045,1.5049539209738068
ethiopia,draw_178,Male,0.01917808,0.07671233,100.45045,1.4841234293834211
nigeria,draw_178,Female,0.01917808,0.07671233,100.45045,1.4926954614562038
nigeria,draw_178,Male,0.01917808,0.07671233,100.45045,1.4886046816923608
pakistan,draw_178,Female,0.01917808,0.07671233,100.45045,1.4385074898134835
pakistan,draw_178,Male,0.01917808,0.07671233,100.45045,1.4515990051124295
ethiopia,draw_178,Female,0.01917808,0.07671233,100.56056,1.4998873813580236
ethiopia,draw_178,Male,0.01917808,0.07671233,100.56056,1.4792514217767523
nigeria,draw_178,Female,0.01917808,0.07671233,100.56056,1.4877636733437196
nigeria,draw_178,Male,0.01917808,0.07671233,100.56056,1.4836847107055855
pakistan,draw_178,Female,0.01917808,0.07671233,100.56056,1.4341766089559083
pakistan,draw_178,Male,0.01917808,0.07671233,100.56056,1.4470936602893136
ethiopia,draw_178,Female,0.01917808,0.07671233,100.67067,1.4948422877172889
ethiopia,draw_178,Male,0.01917808,0.07671233,100.67067,1.4743990094885568
nigeria,draw_178,Female,0.01917808,0.07671233,100.67067,1.4828525280107252
nigeria,draw_178,Male,0.01917808,0.07671233,100.67067,1.478784411963391
pakistan,draw_178,Female,0.01917808,0.07671233,100.67067,1.4298582049116535
pakistan,draw_178,Male,0.01917808,0.07671233,100.67067,1.4426037456521466
ethiopia,draw_178,Female,0.01917808,0.07671233,100.78078,1.4898195379736368
ethiopia,draw_178,Male,0.01917808,0.07671233,100.78078,1.4695668350329736
nigeria,draw_178,Female,0.01917808,0.07671233,100.78078,1.4779612704200522
nigeria,draw_178,Male,0.01917808,0.07671233,100.78078,1.4739047254782631
pakistan,draw_178,Female,0.01917808,0.07671233,100.78078,1.4255527948194326
pakistan,draw_178,Male,0.01917808,0.07671233,100.78078,1.438128524691439
ethiopia,draw_178,Female,0.01917808,0.07671233,100.89089,1.4848191537698239
ethiopia,draw_178,Male,0.01917808,0.07671233,100.89089,1.4647550203700328
nigeria,draw_178,Female,0.01917808,0.07671233,100.89089,1.4730907170533794
nigeria,draw_178,Male,0.01917808,0.07671233,100.89089,1.4690451074143873
pakistan,draw_178,Female,0.01917808,0.07671233,100.89089,1.4212596834772877
pakistan,draw_178,Male,0.01917808,0.07671233,100.89089,1.4336685102981963
ethiopia,draw_178,Female,0.01917808,0.07671233,101.001,1.4798398491958857
ethiopia,draw_178,Male,0.01917808,0.07671233,101.001,1.459962287542245
nigeria,draw_178,Female,0.01917808,0.07671233,101.001,1.4682408777647273
nigeria,draw_178,Male,0.01917808,0.07671233,101.001,1.4642053580300771
pakistan,draw_178,Female,0.01917808,0.07671233,101.001,1.4169792684195992
pakistan,draw_178,Male,0.01917808,0.07671233,101.001,1.4292229343696494
ethiopia,draw_178,Female,0.01917808,0.07671233,101.11111,1.4748826512832696
ethiopia,draw_178,Male,0.01917808,0.07671233,101.11111,1.4551896314581416
nigeria,draw_178,Female,0.01917808,0.07671233,101.11111,1.4634112486010493
nigeria,draw_178,Male,0.01917808,0.07671233,101.11111,1.4593858584350234
pakistan,draw_178,Female,0.01917808,0.07671233,101.11111,1.412710892594386
pakistan,draw_178,Male,0.01917808,0.07671233,101.11111,1.4247927860239193
ethiopia,draw_178,Female,0.01917808,0.07671233,101.22122,1.469950935410303
ethiopia,draw_178,Male,0.01917808,0.07671233,101.22122,1.4504397407824143
nigeria,draw_178,Female,0.01917808,0.07671233,101.22122,1.4586058288614587
nigeria,draw_178,Male,0.01917808,0.07671233,101.22122,1.4545899029999294
pakistan,draw_178,Female,0.01917808,0.07671233,101.22122,1.4084596529594275
pakistan,draw_178,Male,0.01917808,0.07671233,101.22122,1.4203809319484797
ethiopia,draw_178,Female,0.01917808,0.07671233,101.33133,1.4650430354911987
ethiopia,draw_178,Male,0.01917808,0.07671233,101.33133,1.445712745338018
nigeria,draw_178,Female,0.01917808,0.07671233,101.33133,1.4538223670658381
nigeria,draw_178,Male,0.01917808,0.07671233,101.33133,1.4498170030441422
pakistan,draw_178,Female,0.01917808,0.07671233,101.33133,1.4042233759196125
pakistan,draw_178,Male,0.01917808,0.07671233,101.33133,1.4159873721792973
ethiopia,draw_178,Female,0.01917808,0.07671233,101.44144,1.4601576719645262
ethiopia,draw_178,Male,0.01917808,0.07671233,101.44144,1.4410065861140358
nigeria,draw_178,Female,0.01917808,0.07671233,101.44144,1.4490612737413542
nigeria,draw_178,Male,0.01917808,0.07671233,101.44144,1.4450649270761398
pakistan,draw_178,Female,0.01917808,0.07671233,101.44144,1.4000024810642628
pakistan,draw_178,Male,0.01917808,0.07671233,101.44144,1.4116108278438113
ethiopia,draw_178,Female,0.01917808,0.07671233,101.55155,1.4552957342481736
ethiopia,draw_178,Male,0.01917808,0.07671233,101.55155,1.4363214476430781
nigeria,draw_178,Female,0.01917808,0.07671233,101.55155,1.444321437581124
nigeria,draw_178,Male,0.01917808,0.07671233,101.55155,1.4403346678097402
pakistan,draw_178,Female,0.01917808,0.07671233,101.55155,1.3957963756472749
pakistan,draw_178,Male,0.01917808,0.07671233,101.55155,1.4072511336202744
ethiopia,draw_178,Female,0.01917808,0.07671233,101.66166,1.450456592897302
ethiopia,draw_178,Male,0.01917808,0.07671233,101.66166,1.4316571079385367
nigeria,draw_178,Female,0.01917808,0.07671233,101.66166,1.4396035426399154
nigeria,draw_178,Male,0.01917808,0.07671233,101.66166,1.4356254287298387
pakistan,draw_178,Female,0.01917808,0.07671233,101.66166,1.3916053124330254
pakistan,draw_178,Male,0.01917808,0.07671233,101.66166,1.4029086240511457
ethiopia,draw_178,Female,0.01917808,0.07671233,101.77177,1.4456397019469314
ethiopia,draw_178,Male,0.01917808,0.07671233,101.77177,1.4270143141150538
nigeria,draw_178,Female,0.01917808,0.07671233,101.77177,1.434907663496741
nigeria,draw_178,Male,0.01917808,0.07671233,101.77177,1.4309375853497934
pakistan,draw_178,Female,0.01917808,0.07671233,101.77177,1.387428437892782
pakistan,draw_178,Male,0.01917808,0.07671233,101.77177,1.3985820093187527
ethiopia,draw_178,Female,0.01917808,0.07671233,101.88188,1.4408460830815493
ethiopia,draw_178,Male,0.01917808,0.07671233,101.88188,1.4223925930889931
nigeria,draw_178,Female,0.01917808,0.07671233,101.88188,1.4302326364438103
nigeria,draw_178,Male,0.01917808,0.07671233,101.88188,1.4262714744698335
pakistan,draw_178,Female,0.01917808,0.07671233,101.88188,1.38326740767388
pakistan,draw_178,Male,0.01917808,0.07671233,101.88188,1.3942734274896835
ethiopia,draw_178,Female,0.01917808,0.07671233,101.99199,1.4360759532124596
ethiopia,draw_178,Male,0.01917808,0.07671233,101.99199,1.4177919110411383
nigeria,draw_178,Female,0.01917808,0.07671233,101.99199,1.4255797291170502
nigeria,draw_178,Male,0.01917808,0.07671233,101.99199,1.4216271343326838
pakistan,draw_178,Female,0.01917808,0.07671233,101.99199,1.3791214551691926
pakistan,draw_178,Male,0.01917808,0.07671233,101.99199,1.3899818137799338
ethiopia,draw_178,Female,0.01917808,0.07671233,102.1021,1.4313296343878763
ethiopia,draw_178,Male,0.01917808,0.07671233,102.1021,1.4132136754241102
nigeria,draw_178,Female,0.01917808,0.07671233,102.1021,1.4209497619082376
nigeria,draw_178,Male,0.01917808,0.07671233,102.1021,1.4170048242113127
pakistan,draw_178,Female,0.01917808,0.07671233,102.1021,1.3749917182584044
pakistan,draw_178,Male,0.01917808,0.07671233,102.1021,1.385708676511253
ethiopia,draw_178,Female,0.01917808,0.07671233,102.21221,1.426607944099011
ethiopia,draw_178,Male,0.01917808,0.07671233,102.21221,1.4086587924915046
nigeria,draw_178,Female,0.01917808,0.07671233,102.21221,1.4163441128673082
nigeria,draw_178,Male,0.01917808,0.07671233,102.21221,1.4124066376735211
pakistan,draw_178,Female,0.01917808,0.07671233,102.21221,1.3708806137060787
pakistan,draw_178,Male,0.01917808,0.07671233,102.21221,1.3814552610737898
ethiopia,draw_178,Female,0.01917808,0.07671233,102.32232,1.4219135181870581
ethiopia,draw_178,Male,0.01917808,0.07671233,102.32232,1.4041300128707404
nigeria,draw_178,Female,0.01917808,0.07671233,102.32232,1.4117641740556055
nigeria,draw_178,Male,0.01917808,0.07671233,102.32232,1.4078346232026588
pakistan,draw_178,Female,0.01917808,0.07671233,102.32232,1.366789969711827
pakistan,draw_178,Male,0.01917808,0.07671233,102.32232,1.3772247086459823
ethiopia,draw_178,Female,0.01917808,0.07671233,102.43243,1.4172438143255497
ethiopia,draw_178,Male,0.01917808,0.07671233,102.43243,1.3996237186106986
nigeria,draw_178,Female,0.01917808,0.07671233,102.43243,1.4072074684716565
nigeria,draw_178,Male,0.01917808,0.07671233,102.43243,1.403285665946364
pakistan,draw_178,Female,0.01917808,0.07671233,102.43243,1.3627181436965654
pakistan,draw_178,Male,0.01917808,0.07671233,102.43243,1.3730140216063444
ethiopia,draw_178,Female,0.01917808,0.07671233,102.54254,1.4125984298521121
ethiopia,draw_178,Male,0.01917808,0.07671233,102.54254,1.3951410601517267
nigeria,draw_178,Female,0.01917808,0.07671233,102.54254,1.4026744188089202
nigeria,draw_178,Male,0.01917808,0.07671233,102.54254,1.3987595678507798
pakistan,draw_178,Female,0.01917808,0.07671233,102.54254,1.3586645929225838
pakistan,draw_178,Male,0.01917808,0.07671233,102.54254,1.3688230966397137
ethiopia,draw_178,Female,0.01917808,0.07671233,102.65265,1.4079776855393893
ethiopia,draw_178,Male,0.01917808,0.07671233,102.65265,1.3906811321714874
nigeria,draw_178,Female,0.01917808,0.07671233,102.65265,1.398164864718803
nigeria,draw_178,Male,0.01917808,0.07671233,102.65265,1.3942579557403831
pakistan,draw_178,Female,0.01917808,0.07671233,102.65265,1.3546292824105977
pakistan,draw_178,Male,0.01917808,0.07671233,102.65265,1.3646524016885824
ethiopia,draw_178,Female,0.01917808,0.07671233,102.76276,1.4033812782011328
ethiopia,draw_178,Male,0.01917808,0.07671233,102.76276,1.386244519361819
nigeria,draw_178,Female,0.01917808,0.07671233,102.76276,1.393679330857939
nigeria,draw_178,Male,0.01917808,0.07671233,102.76276,1.389779187752885
pakistan,draw_178,Female,0.01917808,0.07671233,102.76276,1.3506129632212038
pakistan,draw_178,Male,0.01917808,0.07671233,102.76276,1.360502069513778
ethiopia,draw_178,Female,0.01917808,0.07671233,102.87287,1.3988092998301795
ethiopia,draw_178,Male,0.01917808,0.07671233,102.87287,1.3818310363310788
nigeria,draw_178,Female,0.01917808,0.07671233,102.87287,1.3892172620111836
nigeria,draw_178,Male,0.01917808,0.07671233,102.87287,1.3853236327474363
pakistan,draw_178,Female,0.01917808,0.07671233,102.87287,1.3466156390477424
pakistan,draw_178,Male,0.01917808,0.07671233,102.87287,1.3563721351917288
ethiopia,draw_178,Female,0.01917808,0.07671233,102.98298,1.3942624466063407
ethiopia,draw_178,Male,0.01917808,0.07671233,102.98298,1.377441186894917
nigeria,draw_178,Female,0.01917808,0.07671233,102.98298,1.3847783332795682
nigeria,draw_178,Male,0.01917808,0.07671233,102.98298,1.3808924436341206
pakistan,draw_178,Female,0.01917808,0.07671233,102.98298,1.3426368978593461
pakistan,draw_178,Male,0.01917808,0.07671233,102.98298,1.3522625166630888
ethiopia,draw_178,Female,0.01917808,0.07671233,103.09309,1.3897392476704278
ethiopia,draw_178,Male,0.01917808,0.07671233,103.09309,1.373073815840034
nigeria,draw_178,Female,0.01917808,0.07671233,103.09309,1.3803638095258144
nigeria,draw_178,Male,0.01917808,0.07671233,103.09309,1.376483675531823
pakistan,draw_178,Female,0.01917808,0.07671233,103.09309,1.3386766272614514
pakistan,draw_178,Male,0.01917808,0.07671233,103.09309,1.348172740511771
ethiopia,draw_178,Female,0.01917808,0.07671233,103.2032,1.3852408249262504
ethiopia,draw_178,Male,0.01917808,0.07671233,103.2032,1.3687293553760156
nigeria,draw_178,Female,0.01917808,0.07671233,103.2032,1.3759717254273522
nigeria,draw_178,Male,0.01917808,0.07671233,103.2032,1.3720985435067863
pakistan,draw_178,Female,0.01917808,0.07671233,103.2032,1.3347349748627229
pakistan,draw_178,Male,0.01917808,0.07671233,103.2032,1.3441028396633017
ethiopia,draw_178,Female,0.01917808,0.07671233,103.31331,1.3807705380513247
ethiopia,draw_178,Male,0.01917808,0.07671233,103.31331,1.3644124378917373
nigeria,draw_178,Female,0.01917808,0.07671233,103.31331,1.3716071649847934
nigeria,draw_178,Male,0.01917808,0.07671233,103.31331,1.367740691682511
pakistan,draw_178,Female,0.01917808,0.07671233,103.31331,1.3308156478145292
pakistan,draw_178,Male,0.01917808,0.07671233,103.31331,1.3400573406929726
ethiopia,draw_178,Female,0.01917808,0.07671233,103.42342,1.3763256617093704
ethiopia,draw_178,Male,0.01917808,0.07671233,103.42342,1.360118961183531
nigeria,draw_178,Female,0.01917808,0.07671233,103.42342,1.3672666728858645
nigeria,draw_178,Male,0.01917808,0.07671233,103.42342,1.3634070887927645
pakistan,draw_178,Female,0.01917808,0.07671233,103.42342,1.3269163223469669
pakistan,draw_178,Male,0.01917808,0.07671233,103.42342,1.3360327569897286
ethiopia,draw_178,Female,0.01917808,0.07671233,103.53353,1.3719054469265763
ethiopia,draw_178,Male,0.01917808,0.07671233,103.53353,1.3558487074042351
nigeria,draw_178,Female,0.01917808,0.07671233,103.53353,1.362950637452322
nigeria,draw_178,Male,0.01917808,0.07671233,103.53353,1.3590970038952344
pakistan,draw_178,Female,0.01917808,0.07671233,103.53353,1.3230368073068464
pakistan,draw_178,Male,0.01917808,0.07671233,103.53353,1.3320294625439089
ethiopia,draw_178,Female,0.01917808,0.07671233,103.64364,1.3675102679798898
ethiopia,draw_178,Male,0.01917808,0.07671233,103.64364,1.3516029980970528
nigeria,draw_178,Female,0.01917808,0.07671233,103.64364,1.3586583757448325
nigeria,draw_178,Male,0.01917808,0.07671233,103.64364,1.3548111124875406
pakistan,draw_178,Female,0.01917808,0.07671233,103.64364,1.319176897244633
pakistan,draw_178,Male,0.01917808,0.07671233,103.64364,1.3280478421091955
ethiopia,draw_178,Female,0.01917808,0.07671233,103.75375,1.3631401971716373
ethiopia,draw_178,Male,0.01917808,0.07671233,103.75375,1.3473808683596236
nigeria,draw_178,Female,0.01917808,0.07671233,103.75375,1.3543907602329561
nigeria,draw_178,Male,0.01917808,0.07671233,103.75375,1.3505499048446967
pakistan,draw_178,Female,0.01917808,0.07671233,103.75375,1.3153381364148033
pakistan,draw_178,Male,0.01917808,0.07671233,103.75375,1.324087493688314
ethiopia,draw_178,Female,0.01917808,0.07671233,103.86386,1.3587954591868783
ethiopia,draw_178,Male,0.01917808,0.07671233,103.86386,1.3431830622739978
nigeria,draw_178,Female,0.01917808,0.07671233,103.86386,1.3501467593481002
nigeria,draw_178,Male,0.01917808,0.07671233,103.86386,1.3463123550179315
pakistan,draw_178,Female,0.01917808,0.07671233,103.86386,1.3115190837104034
pakistan,draw_178,Male,0.01917808,0.07671233,103.86386,1.3201486299436906
ethiopia,draw_178,Female,0.01917808,0.07671233,103.97397,1.3544753402422307
ethiopia,draw_178,Male,0.01917808,0.07671233,103.97397,1.3390083173769105
nigeria,draw_178,Female,0.01917808,0.07671233,103.97397,1.3459275840362404
nigeria,draw_178,Male,0.01917808,0.07671233,103.97397,1.3420986071500252
pakistan,draw_178,Female,0.01917808,0.07671233,103.97397,1.3077203806198079
pakistan,draw_178,Male,0.01917808,0.07671233,103.97397,1.3162308793139648
ethiopia,draw_178,Female,0.01917808,0.07671233,104.08408,1.3501802443702395
ethiopia,draw_178,Male,0.01917808,0.07671233,104.08408,1.3348577482038262
nigeria,draw_178,Female,0.01917808,0.07671233,104.08408,1.341732391051077
nigeria,draw_178,Male,0.01917808,0.07671233,104.08408,1.33790982069418
pakistan,draw_178,Female,0.01917808,0.07671233,104.08408,1.3039420379649658
pakistan,draw_178,Male,0.01917808,0.07671233,104.08408,1.3123353580902304
ethiopia,draw_178,Female,0.01917808,0.07671233,104.19419,1.3459101947628958
ethiopia,draw_178,Male,0.01917808,0.07671233,104.19419,1.3307309803011005
nigeria,draw_178,Female,0.01917808,0.07671233,104.19419,1.337561001030199
nigeria,draw_178,Male,0.01917808,0.07671233,104.19419,1.333744615771457
pakistan,draw_178,Female,0.01917808,0.07671233,104.19419,1.300184332956325
pakistan,draw_178,Male,0.01917808,0.07671233,104.19419,1.30846094845706
ethiopia,draw_178,Female,0.01917808,0.07671233,104.3043,1.3416679395932758
ethiopia,draw_178,Male,0.01917808,0.07671233,104.3043,1.326630910264767
nigeria,draw_178,Female,0.01917808,0.07671233,104.3043,1.333416728057285
nigeria,draw_178,Male,0.01917808,0.07671233,104.3043,1.3296061640215966
pakistan,draw_178,Female,0.01917808,0.07671233,104.3043,1.2964492118231778
pakistan,draw_178,Male,0.01917808,0.07671233,104.3043,1.3046112099840765
ethiopia,draw_178,Female,0.01917808,0.07671233,104.41441,1.337451966033068
ethiopia,draw_178,Male,0.01917808,0.07671233,104.41441,1.3225559107549962
nigeria,draw_178,Female,0.01917808,0.07671233,104.41441,1.329297693879168
nigeria,draw_178,Male,0.01917808,0.07671233,104.41441,1.3254933784537375
pakistan,draw_178,Female,0.01917808,0.07671233,104.41441,1.292736454476966
pakistan,draw_178,Male,0.01917808,0.07671233,104.41441,1.3007841338487134
ethiopia,draw_178,Female,0.01917808,0.07671233,104.52452,1.3332604042283527
ethiopia,draw_178,Male,0.01917808,0.07671233,104.52452,1.3185047188486607
nigeria,draw_178,Female,0.01917808,0.07671233,104.52452,1.3252031855233124
nigeria,draw_178,Male,0.01917808,0.07671233,104.52452,1.3214043131965494
pakistan,draw_178,Female,0.01917808,0.07671233,104.52452,1.2890431459355507
pakistan,draw_178,Male,0.01917808,0.07671233,104.52452,1.2969782811558528
ethiopia,draw_178,Female,0.01917808,0.07671233,104.63463,1.3290942942964443
ethiopia,draw_178,Male,0.01917808,0.07671233,104.63463,1.3144769705473613
nigeria,draw_178,Female,0.01917808,0.07671233,104.63463,1.3211323807378939
nigeria,draw_178,Male,0.01917808,0.07671233,104.63463,1.3173395362997866
pakistan,draw_178,Female,0.01917808,0.07671233,104.63463,1.2853703704830746
pakistan,draw_178,Male,0.01917808,0.07671233,104.63463,1.2931936444192176
ethiopia,draw_178,Female,0.01917808,0.07671233,104.74474,1.3249526030644418
ethiopia,draw_178,Male,0.01917808,0.07671233,104.74474,1.3104729409916909
nigeria,draw_178,Female,0.01917808,0.07671233,104.74474,1.3170852108130262
nigeria,draw_178,Male,0.01917808,0.07671233,104.74474,1.3132983269702911
pakistan,draw_178,Female,0.01917808,0.07671233,104.74474,1.281718065358361
pakistan,draw_178,Male,0.01917808,0.07671233,104.74474,1.2894308768645741
ethiopia,draw_178,Female,0.01917808,0.07671233,104.85485,1.3208354054885338
ethiopia,draw_178,Male,0.01917808,0.07671233,104.85485,1.3064926367530412
nigeria,draw_178,Female,0.01917808,0.07671233,104.85485,1.3130622978911626
nigeria,draw_178,Male,0.01917808,0.07671233,104.85485,1.3092812762524089
pakistan,draw_178,Female,0.01917808,0.07671233,104.85485,1.278086241601897
pakistan,draw_178,Male,0.01917808,0.07671233,104.85485,1.285689656211921
ethiopia,draw_178,Female,0.01917808,0.07671233,104.96496,1.316743636961345
ethiopia,draw_178,Male,0.01917808,0.07671233,104.96496,1.3025359537312955
nigeria,draw_178,Female,0.01917808,0.07671233,104.96496,1.3090639512014315
nigeria,draw_178,Male,0.01917808,0.07671233,104.96496,1.3052884374912297
pakistan,draw_178,Female,0.01917808,0.07671233,104.96496,1.2744751074983698
pakistan,draw_178,Male,0.01917808,0.07671233,104.96496,1.281969932408823
ethiopia,draw_178,Female,0.01917808,0.07671233,105.07508,1.3126768508430133
ethiopia,draw_178,Male,0.01917808,0.07671233,105.07508,1.2986033408094848
nigeria,draw_178,Female,0.01917808,0.07671233,105.07508,1.3050889341121108
nigeria,draw_178,Male,0.01917808,0.07671233,105.07508,1.3013197551241433
pakistan,draw_178,Female,0.01917808,0.07671233,105.07508,1.2708845010759813
pakistan,draw_178,Male,0.01917808,0.07671233,105.07508,1.2782724958798932
ethiopia,draw_178,Female,0.01917808,0.07671233,105.18519,1.3086355923391284
ethiopia,draw_178,Male,0.01917808,0.07671233,105.18519,1.294695553721788
nigeria,draw_178,Female,0.01917808,0.07671233,105.18519,1.301139222402305
nigeria,draw_178,Male,0.01917808,0.07671233,105.18519,1.2973760171577238
pakistan,draw_178,Female,0.01917808,0.07671233,105.18519,1.2673164248324433
pakistan,draw_178,Male,0.01917808,0.07671233,105.18519,1.2745978388439496
ethiopia,draw_178,Female,0.01917808,0.07671233,105.2953,1.3046211575093665
ethiopia,draw_178,Male,0.01917808,0.07671233,105.2953,1.2908136519135167
nigeria,draw_178,Female,0.01917808,0.07671233,105.2953,1.2972158725869922
nigeria,draw_178,Male,0.01917808,0.07671233,105.2953,1.2934584885887666
pakistan,draw_178,Female,0.01917808,0.07671233,105.2953,1.2637712394681966
pakistan,draw_178,Male,0.01917808,0.07671233,105.2953,1.270947363866003
ethiopia,draw_178,Female,0.01917808,0.07671233,105.40541,1.300635087574671
ethiopia,draw_178,Male,0.01917808,0.07671233,105.40541,1.286958278034989
nigeria,draw_178,Female,0.01917808,0.07671233,105.40541,1.2933194672855244
nigeria,draw_178,Male,0.01917808,0.07671233,105.40541,1.2895681321322265
pakistan,draw_178,Female,0.01917808,0.07671233,105.40541,1.2602503656344608
pakistan,draw_178,Male,0.01917808,0.07671233,105.40541,1.2673217436124435
ethiopia,draw_178,Female,0.01917808,0.07671233,105.51552,1.2966737584366257
ethiopia,draw_178,Male,0.01917808,0.07671233,105.51552,1.2831278301128877
nigeria,draw_178,Female,0.01917808,0.07671233,105.51552,1.2894481937554096
nigeria,draw_178,Male,0.01917808,0.07671233,105.51552,1.285702273975427
pakistan,draw_178,Female,0.01917808,0.07671233,105.51552,1.2567512546674864
pakistan,draw_178,Male,0.01917808,0.07671233,105.51552,1.2637191240404306
ethiopia,draw_178,Female,0.01917808,0.07671233,105.62563,1.2927375675028219
ethiopia,draw_178,Male,0.01917808,0.07671233,105.62563,1.2793217649118769
nigeria,draw_178,Female,0.01917808,0.07671233,105.62563,1.285600968097423
nigeria,draw_178,Male,0.01917808,0.07671233,105.62563,1.2818617620748762
pakistan,draw_178,Female,0.01917808,0.07671233,105.62563,1.2532740905462458
pakistan,draw_178,Male,0.01917808,0.07671233,105.62563,1.2601393592805121
ethiopia,draw_178,Female,0.01917808,0.07671233,105.73574,1.2888275264156621
ethiopia,draw_178,Male,0.01917808,0.07671233,105.73574,1.2755405555653228
nigeria,draw_178,Female,0.01917808,0.07671233,105.73574,1.2817791712136455
nigeria,draw_178,Male,0.01917808,0.07671233,105.73574,1.2780450798992187
pakistan,draw_178,Female,0.01917808,0.07671233,105.73574,1.2498199404246138
pakistan,draw_178,Male,0.01917808,0.07671233,105.73574,1.2565830789948431
ethiopia,draw_178,Female,0.01917808,0.07671233,105.84585,1.2849432378133199
ethiopia,draw_178,Male,0.01917808,0.07671233,105.84585,1.2717841030624633
nigeria,draw_178,Female,0.01917808,0.07671233,105.84585,1.2779822239313385
nigeria,draw_178,Male,0.01917808,0.07671233,105.84585,1.274254829762236
pakistan,draw_178,Female,0.01917808,0.07671233,105.84585,1.2463877362731908
pakistan,draw_178,Male,0.01917808,0.07671233,105.84585,1.2530499007352571
ethiopia,draw_178,Female,0.01917808,0.07671233,105.95596,1.2810841494934406
ethiopia,draw_178,Male,0.01917808,0.07671233,105.95596,1.2680519048709924
nigeria,draw_178,Female,0.01917808,0.07671233,105.95596,1.274210527666254
nigeria,draw_178,Male,0.01917808,0.07671233,105.95596,1.2704886151219006
pakistan,draw_178,Female,0.01917808,0.07671233,105.95596,1.2429781846472583
pakistan,draw_178,Male,0.01917808,0.07671233,105.95596,1.2495400108281816
ethiopia,draw_178,Female,0.01917808,0.07671233,106.06607,1.2772504382748886
ethiopia,draw_178,Male,0.01917808,0.07671233,106.06607,1.2643450173274873
nigeria,draw_178,Female,0.01917808,0.07671233,106.06607,1.270463809088489
nigeria,draw_178,Male,0.01917808,0.07671233,106.06607,1.2667479245872082
pakistan,draw_178,Female,0.01917808,0.07671233,106.06607,1.2395913852450462
pakistan,draw_178,Male,0.01917808,0.07671233,106.06607,1.2460533738408561
ethiopia,draw_178,Female,0.01917808,0.07671233,106.17618,1.2734426184722223
ethiopia,draw_178,Male,0.01917808,0.07671233,106.17618,1.260662889429715
nigeria,draw_178,Female,0.01917808,0.07671233,106.17618,1.2667413323464065
nigeria,draw_178,Male,0.01917808,0.07671233,106.17618,1.2630320275253455
pakistan,draw_178,Female,0.01917808,0.07671233,106.17618,1.2362267985733637
pakistan,draw_178,Male,0.01917808,0.07671233,106.17618,1.2425902083815914
ethiopia,draw_178,Female,0.01917808,0.07671233,106.28629,1.2696605977710658
ethiopia,draw_178,Male,0.01917808,0.07671233,106.28629,1.2570053189547585
nigeria,draw_178,Female,0.01917808,0.07671233,106.28629,1.2630447885382468
nigeria,draw_178,Male,0.01917808,0.07671233,106.28629,1.259341177956954
pakistan,draw_178,Female,0.01917808,0.07671233,106.28629,1.2328852836396333
pakistan,draw_178,Male,0.01917808,0.07671233,106.28629,1.2391508155070694
ethiopia,draw_178,Female,0.01917808,0.07671233,106.3964,1.2659072429640035
ethiopia,draw_178,Male,0.01917808,0.07671233,106.3964,1.2533761433189743
nigeria,draw_178,Female,0.01917808,0.07671233,106.3964,1.2593760798970417
nigeria,draw_178,Male,0.01917808,0.07671233,106.3964,1.2556787159773037
pakistan,draw_178,Female,0.01917808,0.07671233,106.3964,1.229569888617525
pakistan,draw_178,Male,0.01917808,0.07671233,106.3964,1.2357379501748142
ethiopia,draw_178,Female,0.01917808,0.07671233,106.50651,1.2621794806340898
ethiopia,draw_178,Male,0.01917808,0.07671233,106.50651,1.2497717201366096
nigeria,draw_178,Female,0.01917808,0.07671233,106.50651,1.2557323571806704
nigeria,draw_178,Male,0.01917808,0.07671233,106.50651,1.2520413514669306
pakistan,draw_178,Female,0.01917808,0.07671233,106.50651,1.2262768097340324
pakistan,draw_178,Male,0.01917808,0.07671233,106.50651,1.2323485618665895
ethiopia,draw_178,Female,0.01917808,0.07671233,106.61662,1.2584769878519304
ethiopia,draw_178,Male,0.01917808,0.07671233,106.61662,1.246191676225682
nigeria,draw_178,Female,0.01917808,0.07671233,106.61662,1.252113623852704
nigeria,draw_178,Male,0.01917808,0.07671233,106.61662,1.2484288400699077
pakistan,draw_178,Female,0.01917808,0.07671233,106.61662,1.2230063851923048
pakistan,draw_178,Male,0.01917808,0.07671233,106.61662,1.2289820642350486
ethiopia,draw_178,Female,0.01917808,0.07671233,106.72673,1.2548004974587899
ethiopia,draw_178,Male,0.01917808,0.07671233,106.72673,1.2426367197579615
nigeria,draw_178,Female,0.01917808,0.07671233,106.72673,1.2485196469003932
nigeria,draw_178,Male,0.01917808,0.07671233,106.72673,1.2448406697152194
pakistan,draw_178,Female,0.01917808,0.07671233,106.72673,1.2197580979751195
pakistan,draw_178,Male,0.01917808,0.07671233,106.72673,1.2256393225773003
ethiopia,draw_178,Female,0.01917808,0.07671233,106.83684,1.2511489169157877
ethiopia,draw_178,Male,0.01917808,0.07671233,106.83684,1.239105688853403
nigeria,draw_178,Female,0.01917808,0.07671233,106.83684,1.2449503735778236
nigeria,draw_178,Male,0.01917808,0.07671233,106.83684,1.2412776530917857
pakistan,draw_178,Female,0.01917808,0.07671233,106.83684,1.2165329490552546
pakistan,draw_178,Male,0.01917808,0.07671233,106.83684,1.2223191438879117
ethiopia,draw_178,Female,0.01917808,0.07671233,106.94695,1.247522175843336
ethiopia,draw_178,Male,0.01917808,0.07671233,106.94695,1.235599723443505
nigeria,draw_178,Female,0.01917808,0.07671233,106.94695,1.241405471422355
nigeria,draw_178,Male,0.01917808,0.07671233,106.94695,1.237739241036944
pakistan,draw_178,Female,0.01917808,0.07671233,106.94695,1.2133299069927235
pakistan,draw_178,Male,0.01917808,0.07671233,106.94695,1.219022686919311
ethiopia,draw_178,Female,0.01917808,0.07671233,107.05706,1.2439210615218053
ethiopia,draw_178,Male,0.01917808,0.07671233,107.05706,1.2321176628660113
nigeria,draw_178,Female,0.01917808,0.07671233,107.05706,1.2378854949418927
nigeria,draw_178,Male,0.01917808,0.07671233,107.05706,1.2342254959440704
pakistan,draw_178,Female,0.01917808,0.07671233,107.05706,1.2101497382059252
pakistan,draw_178,Male,0.01917808,0.07671233,107.05706,1.2157490384984133
ethiopia,draw_178,Female,0.01917808,0.07671233,107.16717,1.2403452507019828
ethiopia,draw_178,Male,0.01917808,0.07671233,107.16717,1.2286602768975925
nigeria,draw_178,Female,0.01917808,0.07671233,107.16717,1.2343904325049289
nigeria,draw_178,Male,0.01917808,0.07671233,107.16717,1.2307364471766988
pakistan,draw_178,Female,0.01917808,0.07671233,107.16717,1.206991850657149
pakistan,draw_178,Male,0.01917808,0.07671233,107.16717,1.2124985764181282
ethiopia,draw_178,Female,0.01917808,0.07671233,107.27728,1.2367944161430249
ethiopia,draw_178,Male,0.01917808,0.07671233,107.27728,1.2252277120263373
nigeria,draw_178,Female,0.01917808,0.07671233,107.27728,1.2309198687279688
nigeria,draw_178,Male,0.01917808,0.07671233,107.27728,1.2272721621412117
pakistan,draw_178,Female,0.01917808,0.07671233,107.27728,1.203856338982052
pakistan,draw_178,Male,0.01917808,0.07671233,107.27728,1.209271021283243
ethiopia,draw_178,Female,0.01917808,0.07671233,107.38739,1.2332714033161372
ethiopia,draw_178,Male,0.01917808,0.07671233,107.38739,1.2218216852134391
nigeria,draw_178,Female,0.01917808,0.07671233,107.38739,1.2274763955254602
nigeria,draw_178,Male,0.01917808,0.07671233,107.38739,1.2238353120593286
pakistan,draw_178,Female,0.01917808,0.07671233,107.38739,1.2007459618018108
pakistan,draw_178,Male,0.01917808,0.07671233,107.38739,1.2060698270612842
ethiopia,draw_178,Female,0.01917808,0.07671233,107.4975,1.229774300657762
ethiopia,draw_178,Male,0.01917808,0.07671233,107.4975,1.2184410731898363
nigeria,draw_178,Female,0.01917808,0.07671233,107.4975,1.2240581434958442
nigeria,draw_178,Male,0.01917808,0.07671233,107.4975,1.2204235101731598
pakistan,draw_178,Female,0.01917808,0.07671233,107.4975,1.1976592984599146
pakistan,draw_178,Male,0.01917808,0.07671233,107.4975,1.2028919992255505
ethiopia,draw_178,Female,0.01917808,0.07671233,107.60761,1.2263025211453165
ethiopia,draw_178,Male,0.01917808,0.07671233,107.60761,1.2150847389508308
nigeria,draw_178,Female,0.01917808,0.07671233,107.60761,1.2206652693910132
nigeria,draw_178,Male,0.01917808,0.07671233,107.60761,1.2170365511716195
pakistan,draw_178,Female,0.01917808,0.07671233,107.60761,1.1945946884163843
pakistan,draw_178,Male,0.01917808,0.07671233,107.60761,1.1997376975286378
ethiopia,draw_178,Female,0.01917808,0.07671233,107.71772,1.222855199788979
ethiopia,draw_178,Male,0.01917808,0.07671233,107.71772,1.211752979803971
nigeria,draw_178,Female,0.01917808,0.07671233,107.71772,1.2172957275477814
nigeria,draw_178,Male,0.01917808,0.07671233,107.71772,1.2136740490148978
pakistan,draw_178,Female,0.01917808,0.07671233,107.71772,1.1915524832807765
pakistan,draw_178,Male,0.01917808,0.07671233,107.71772,1.1966063151573951
ethiopia,draw_178,Female,0.01917808,0.07671233,107.82783,1.2194335267323433
ethiopia,draw_178,Male,0.01917808,0.07671233,107.82783,1.208445250321031
nigeria,draw_178,Female,0.01917808,0.07671233,107.82783,1.2139515170295592
nigeria,draw_178,Male,0.01917808,0.07671233,107.82783,1.2103358258388197
pakistan,draw_178,Female,0.01917808,0.07671233,107.82783,1.1885323953579734
pakistan,draw_178,Male,0.01917808,0.07671233,107.82783,1.193497741360707
ethiopia,draw_178,Female,0.01917808,0.07671233,107.93794,1.2160366268577794
ethiopia,draw_178,Male,0.01917808,0.07671233,107.93794,1.205161948588098
nigeria,draw_178,Female,0.01917808,0.07671233,107.93794,1.2106314711582358
nigeria,draw_178,Male,0.01917808,0.07671233,107.93794,1.2070217972551907
pakistan,draw_178,Female,0.01917808,0.07671233,107.93794,1.1855348544042892
pakistan,draw_178,Male,0.01917808,0.07671233,107.93794,1.1904125208974303
ethiopia,draw_178,Female,0.01917808,0.07671233,108.04805,1.2126642441993423
ethiopia,draw_178,Male,0.01917808,0.07671233,108.04805,1.2019022012251017
nigeria,draw_178,Female,0.01917808,0.07671233,108.04805,1.2073358973883088
nigeria,draw_178,Male,0.01917808,0.07671233,108.04805,1.203732678297483
pakistan,draw_178,Female,0.01917808,0.07671233,108.04805,1.1825593745529392
pakistan,draw_178,Male,0.01917808,0.07671233,108.04805,1.187349883848932
ethiopia,draw_178,Female,0.01917808,0.07671233,108.15816,1.20931687226465
ethiopia,draw_178,Male,0.01917808,0.07671233,108.15816,1.1986670092995686
nigeria,draw_178,Female,0.01917808,0.07671233,108.15816,1.2040642349443567
nigeria,draw_178,Male,0.01917808,0.07671233,108.15816,1.200467529975423
pakistan,draw_178,Female,0.01917808,0.07671233,108.15816,1.1796068041033465
pakistan,draw_178,Male,0.01917808,0.07671233,108.15816,1.1843105817047026
ethiopia,draw_178,Female,0.01917808,0.07671233,108.26827,1.2059943890573273
ethiopia,draw_178,Male,0.01917808,0.07671233,108.26827,1.195456005373995
nigeria,draw_178,Female,0.01917808,0.07671233,108.26827,1.2008178454704692
nigeria,draw_178,Male,0.01917808,0.07671233,108.26827,1.1972269779136668
pakistan,draw_178,Female,0.01917808,0.07671233,108.26827,1.1766758425879102
pakistan,draw_178,Male,0.01917808,0.07671233,108.26827,1.1812944253710127
ethiopia,draw_178,Female,0.01917808,0.07671233,108.37838,1.2026981546817435
ethiopia,draw_178,Male,0.01917808,0.07671233,108.37838,1.1922704678847746
nigeria,draw_178,Female,0.01917808,0.07671233,108.37838,1.1975963386678627
nigeria,draw_178,Male,0.01917808,0.07671233,108.37838,1.19401200885477
pakistan,draw_178,Female,0.01917808,0.07671233,108.37838,1.1737689141705163
pakistan,draw_178,Male,0.01917808,0.07671233,108.37838,1.1783022202649893
ethiopia,draw_178,Female,0.01917808,0.07671233,108.48849,1.1994292090184513
ethiopia,draw_178,Male,0.01917808,0.07671233,108.48849,1.1891113992267284
nigeria,draw_178,Female,0.01917808,0.07671233,108.48849,1.1944017366589663
nigeria,draw_178,Male,0.01917808,0.07671233,108.48849,1.1908233921097746
pakistan,draw_178,Female,0.01917808,0.07671233,108.48849,1.1708865704780924
pakistan,draw_178,Male,0.01917808,0.07671233,108.48849,1.175335202742014
ethiopia,draw_178,Female,0.01917808,0.07671233,108.5986,1.1961849022715294
ethiopia,draw_178,Male,0.01917808,0.07671233,108.5986,1.1859762009586188
nigeria,draw_178,Female,0.01917808,0.07671233,108.5986,1.1912316009447141
nigeria,draw_178,Male,0.01917808,0.07671233,108.5986,1.187659028332129
pakistan,draw_178,Female,0.01917808,0.07671233,108.5986,1.168026184341897
pakistan,draw_178,Male,0.01917808,0.07671233,108.5986,1.1723913090070077
ethiopia,draw_178,Female,0.01917808,0.07671233,108.70871,1.1929650595562835
ethiopia,draw_178,Male,0.01917808,0.07671233,108.70871,1.1828654404120194
nigeria,draw_178,Female,0.01917808,0.07671233,108.70871,1.1880850116957937
nigeria,draw_178,Male,0.01917808,0.07671233,108.70871,1.1845191544750509
pakistan,draw_178,Female,0.01917808,0.07671233,108.70871,1.165188084310848
pakistan,draw_178,Male,0.01917808,0.07671233,108.70871,1.1694698569391362
ethiopia,draw_178,Female,0.01917808,0.07671233,108.81882,1.1897698068949079
ethiopia,draw_178,Male,0.01917808,0.07671233,108.81882,1.1797781485698369
nigeria,draw_178,Female,0.01917808,0.07671233,108.81882,1.1849626579810384
nigeria,draw_178,Male,0.01917808,0.07671233,108.81882,1.1814032210342915
pakistan,draw_178,Female,0.01917808,0.07671233,108.81882,1.1623719967804411
pakistan,draw_178,Male,0.01917808,0.07671233,108.81882,1.1665713581289814
ethiopia,draw_178,Female,0.01917808,0.07671233,108.92893,1.1865988852885292
ethiopia,draw_178,Male,0.01917808,0.07671233,108.92893,1.1767146663022148
nigeria,draw_178,Female,0.01917808,0.07671233,108.92893,1.1818648076385305
nigeria,draw_178,Male,0.01917808,0.07671233,108.92893,1.178311252502496
pakistan,draw_178,Female,0.01917808,0.07671233,108.92893,1.1595780785205472
pakistan,draw_178,Male,0.01917808,0.07671233,108.92893,1.1636958169119915
ethiopia,draw_178,Female,0.01917808,0.07671233,109.03904,1.1834527666607706
ethiopia,draw_178,Male,0.01917808,0.07671233,109.03904,1.1736755548335422
nigeria,draw_178,Female,0.01917808,0.07671233,109.03904,1.1787910615397177
nigeria,draw_178,Male,0.01917808,0.07671233,109.03904,1.175243393067712
pakistan,draw_178,Female,0.01917808,0.07671233,109.03904,1.1568066152255967
pakistan,draw_178,Male,0.01917808,0.07671233,109.03904,1.160843082773116
ethiopia,draw_178,Female,0.01917808,0.07671233,109.14915,1.1803317024300064
ethiopia,draw_178,Male,0.01917808,0.07671233,109.14915,1.170660327612225
nigeria,draw_178,Female,0.01917808,0.07671233,109.14915,1.1757411840084784
nigeria,draw_178,Male,0.01917808,0.07671233,109.14915,1.1721997835954279
pakistan,draw_178,Female,0.01917808,0.07671233,109.14915,1.1540570829873888
pakistan,draw_178,Male,0.01917808,0.07671233,109.14915,1.1580127230228527
ethiopia,draw_178,Female,0.01917808,0.07671233,109.25926,1.177234304458744
ethiopia,draw_178,Male,0.01917808,0.07671233,109.25926,1.1676687657492177
nigeria,draw_178,Female,0.01917808,0.07671233,109.25926,1.1727153945785813
nigeria,draw_178,Male,0.01917808,0.07671233,109.25926,1.1691803624346382
pakistan,draw_178,Female,0.01917808,0.07671233,109.25926,1.1513296549479928
pakistan,draw_178,Male,0.01917808,0.07671233,109.25926,1.155205096133548
ethiopia,draw_178,Female,0.01917808,0.07671233,109.36937,1.174162092655172
ethiopia,draw_178,Male,0.01917808,0.07671233,109.36937,1.1647012026657635
nigeria,draw_178,Female,0.01917808,0.07671233,109.36937,1.1697143902225327
nigeria,draw_178,Male,0.01917808,0.07671233,109.36937,1.1661849535694961
pakistan,draw_178,Female,0.01917808,0.07671233,109.36937,1.148624617486161
pakistan,draw_178,Male,0.01917808,0.07671233,109.36937,1.1524208443083024
ethiopia,draw_178,Female,0.01917808,0.07671233,109.47948,1.171117681057952
ethiopia,draw_178,Male,0.01917808,0.07671233,109.47948,1.1617611234704475
nigeria,draw_178,Female,0.01917808,0.07671233,109.47948,1.1667398364213093
nigeria,draw_178,Male,0.01917808,0.07671233,109.47948,1.163216942930711
pakistan,draw_178,Female,0.01917808,0.07671233,109.47948,1.1459452605274736
pakistan,draw_178,Male,0.01917808,0.07671233,109.47948,1.14966246614957
ethiopia,draw_178,Female,0.01917808,0.07671233,109.58959,1.1680976312635192
ethiopia,draw_178,Male,0.01917808,0.07671233,109.58959,1.1588443623162474
nigeria,draw_178,Female,0.01917808,0.07671233,109.58959,1.1637897643986386
nigeria,draw_178,Male,0.01917808,0.07671233,109.58959,1.1602730262892171
pakistan,draw_178,Female,0.01917808,0.07671233,109.58959,1.1432879921575383
pakistan,draw_178,Male,0.01917808,0.07671233,109.58959,1.1469266127420124
ethiopia,draw_178,Female,0.01917808,0.07671233,109.6997,1.1651019496355812
ethiopia,draw_178,Male,0.01917808,0.07671233,109.6997,1.1559517063712077
nigeria,draw_178,Female,0.01917808,0.07671233,109.6997,1.160863903729383
nigeria,draw_178,Male,0.01917808,0.07671233,109.6997,1.1573528100191495
pakistan,draw_178,Female,0.01917808,0.07671233,109.6997,1.1406525031338144
pakistan,draw_178,Male,0.01917808,0.07671233,109.6997,1.1442134494129812
ethiopia,draw_178,Female,0.01917808,0.07671233,109.80981,1.1621301421554597
ethiopia,draw_178,Male,0.01917808,0.07671233,109.80981,1.1530826059272916
nigeria,draw_178,Female,0.01917808,0.07671233,109.80981,1.1579615512699544
nigeria,draw_178,Male,0.01917808,0.07671233,109.80981,1.1544563124840672
pakistan,draw_178,Female,0.01917808,0.07671233,109.80981,1.13803965394583
pakistan,draw_178,Male,0.01917808,0.07671233,109.80981,1.1415228329743472
ethiopia,draw_178,Female,0.01917808,0.07671233,109.91992,1.1591833539934164
ethiopia,draw_178,Male,0.01917808,0.07671233,109.91992,1.1502372903824707
nigeria,draw_178,Female,0.01917808,0.07671233,109.91992,1.155082777339804
nigeria,draw_178,Male,0.01917808,0.07671233,109.91992,1.1515838112557972
pakistan,draw_178,Female,0.01917808,0.07671233,109.91992,1.135448058191077
pakistan,draw_178,Male,0.01917808,0.07671233,109.91992,1.1388550044864767
ethiopia,draw_178,Female,0.01917808,0.07671233,110.03003,1.1562602514371578
ethiopia,draw_178,Male,0.01917808,0.07671233,110.03003,1.147415294091164
nigeria,draw_178,Female,0.01917808,0.07671233,110.03003,1.1522278442807425
nigeria,draw_178,Male,0.01917808,0.07671233,110.03003,1.148735099317568
pakistan,draw_178,Female,0.01917808,0.07671233,110.03003,1.1328789711970808
pakistan,draw_178,Male,0.01917808,0.07671233,110.03003,1.1362095292304664
ethiopia,draw_178,Female,0.01917808,0.07671233,110.14014,1.1533613755339205
ethiopia,draw_178,Male,0.01917808,0.07671233,110.14014,1.1446170006458074
nigeria,draw_178,Female,0.01917808,0.07671233,110.14014,1.1493973331513712
nigeria,draw_178,Male,0.01917808,0.07671233,110.14014,1.1459100933062905
pakistan,draw_178,Female,0.01917808,0.07671233,110.14014,1.1303317199185803
pakistan,draw_178,Male,0.01917808,0.07671233,110.14014,1.1335869941220509
ethiopia,draw_178,Female,0.01917808,0.07671233,110.25025,1.1504870133764191
ethiopia,draw_178,Male,0.01917808,0.07671233,110.25025,1.1418425705572945
nigeria,draw_178,Female,0.01917808,0.07671233,110.25025,1.146590227014763
nigeria,draw_178,Male,0.01917808,0.07671233,110.25025,1.143108977723684
pakistan,draw_178,Female,0.01917808,0.07671233,110.25025,1.1278064727238486
pakistan,draw_178,Male,0.01917808,0.07671233,110.25025,1.1309869717864904
ethiopia,draw_178,Female,0.01917808,0.07671233,110.36036,1.1476364117807403
ethiopia,draw_178,Male,0.01917808,0.07671233,110.36036,1.1390915604950014
nigeria,draw_178,Female,0.01917808,0.07671233,110.36036,1.1438068155111563
nigeria,draw_178,Male,0.01917808,0.07671233,110.36036,1.1403316779723018
pakistan,draw_178,Female,0.01917808,0.07671233,110.36036,1.125303276146989
pakistan,draw_178,Male,0.01917808,0.07671233,110.36036,1.1284089251091878
ethiopia,draw_178,Female,0.01917808,0.07671233,110.47047,1.1448131995178423
ethiopia,draw_178,Male,0.01917808,0.07671233,110.47047,1.1363666974696256
nigeria,draw_178,Female,0.01917808,0.07671233,110.47047,1.1410499139948544
nigeria,draw_178,Male,0.01917808,0.07671233,110.47047,1.1375805923902207
pakistan,draw_178,Female,0.01917808,0.07671233,110.47047,1.1228242416903735
pakistan,draw_178,Male,0.01917808,0.07671233,110.47047,1.125856491062212
ethiopia,draw_178,Female,0.01917808,0.07671233,110.58058,1.1420144372271845
ethiopia,draw_178,Male,0.01917808,0.07671233,110.58058,1.1336661903868974
nigeria,draw_178,Female,0.01917808,0.07671233,110.58058,1.138317285063053
nigeria,draw_178,Male,0.01917808,0.07671233,110.58058,1.1348539675435998
pakistan,draw_178,Female,0.01917808,0.07671233,110.58058,1.1203682865214024
pakistan,draw_178,Male,0.01917808,0.07671233,110.58058,1.1233275887218213
ethiopia,draw_178,Female,0.01917808,0.07671233,110.69069,1.1392396638359117
ethiopia,draw_178,Male,0.01917808,0.07671233,110.69069,1.1309888847297482
nigeria,draw_178,Female,0.01917808,0.07671233,110.69069,1.1356085078682576
nigeria,draw_178,Male,0.01917808,0.07671233,110.69069,1.1321506564172645
pakistan,draw_178,Female,0.01917808,0.07671233,110.69069,1.1179339000694406
pakistan,draw_178,Male,0.01917808,0.07671233,110.69069,1.1208208353854612
ethiopia,draw_178,Female,0.01917808,0.07671233,110.8008,1.1364888407965166
ethiopia,draw_178,Male,0.01917808,0.07671233,110.8008,1.1283353910834757
nigeria,draw_178,Female,0.01917808,0.07671233,110.8008,1.1329231633992805
nigeria,draw_178,Male,0.01917808,0.07671233,110.8008,1.1294714902851293
pakistan,draw_178,Female,0.01917808,0.07671233,110.8008,1.1155218599978263
pakistan,draw_178,Male,0.01917808,0.07671233,110.8008,1.1183364462681558
ethiopia,draw_178,Female,0.01917808,0.07671233,110.91091,1.1337624732894938
ethiopia,draw_178,Male,0.01917808,0.07671233,110.91091,1.1257051437585102
nigeria,draw_178,Female,0.01917808,0.07671233,110.91091,1.1302615352366856
nigeria,draw_178,Male,0.01917808,0.07671233,110.91091,1.1268153426165626
pakistan,draw_178,Female,0.01917808,0.07671233,110.91091,1.1131313347489373
pakistan,draw_178,Male,0.01917808,0.07671233,110.91091,1.1158744072722147
ethiopia,draw_178,Female,0.01917808,0.07671233,111.02102,1.1310592744087042
ethiopia,draw_178,Male,0.01917808,0.07671233,111.02102,1.1230978195146002
nigeria,draw_178,Female,0.01917808,0.07671233,111.02102,1.1276231969895767
nigeria,draw_178,Male,0.01917808,0.07671233,111.02102,1.1241830081340054
pakistan,draw_178,Female,0.01917808,0.07671233,111.02102,1.1107629779230996
pakistan,draw_178,Male,0.01917808,0.07671233,111.02102,1.1134346010230844
ethiopia,draw_178,Female,0.01917808,0.07671233,111.13113,1.12838050667766
ethiopia,draw_178,Male,0.01917808,0.07671233,111.13113,1.1205145001540782
nigeria,draw_178,Female,0.01917808,0.07671233,111.13113,1.1250081719803122
nigeria,draw_178,Male,0.01917808,0.07671233,111.13113,1.1215738490706746
pakistan,draw_178,Female,0.01917808,0.07671233,111.13113,1.1084163977721622
pakistan,draw_178,Male,0.01917808,0.07671233,111.13113,1.1110174391696552
ethiopia,draw_178,Female,0.01917808,0.07671233,111.24124,1.1257252870725825
ethiopia,draw_178,Male,0.01917808,0.07671233,111.24124,1.1179537828016923
nigeria,draw_178,Female,0.01917808,0.07671233,111.24124,1.1224170195955523
nigeria,draw_178,Male,0.01917808,0.07671233,111.24124,1.1189882735213388
pakistan,draw_178,Female,0.01917808,0.07671233,111.24124,1.106091077186106
pakistan,draw_178,Male,0.01917808,0.07671233,111.24124,1.1086224415484072
ethiopia,draw_178,Female,0.01917808,0.07671233,111.35135,1.123093859950716
ethiopia,draw_178,Male,0.01917808,0.07671233,111.35135,1.1154164564522568
nigeria,draw_178,Female,0.01917808,0.07671233,111.35135,1.1198488522223808
nigeria,draw_178,Male,0.01917808,0.07671233,111.35135,1.1164259424632934
pakistan,draw_178,Female,0.01917808,0.07671233,111.35135,1.1037884133103126
pakistan,draw_178,Male,0.01917808,0.07671233,111.35135,1.1062500154450363
ethiopia,draw_178,Female,0.01917808,0.07671233,111.46146,1.1204880099288244
ethiopia,draw_178,Male,0.01917808,0.07671233,111.46146,1.1129039767370847
nigeria,draw_178,Female,0.01917808,0.07671233,111.46146,1.1173059095693592
nigeria,draw_178,Male,0.01917808,0.07671233,111.46146,1.113888930600134
pakistan,draw_178,Female,0.01917808,0.07671233,111.46146,1.1015083771552565
pakistan,draw_178,Male,0.01917808,0.07671233,111.46146,1.10390111405918
ethiopia,draw_178,Female,0.01917808,0.07671233,111.57157,1.1179077717016643
ethiopia,draw_178,Male,0.01917808,0.07671233,111.57157,1.1104168364152989
nigeria,draw_178,Female,0.01917808,0.07671233,111.57157,1.1147881813132632
nigeria,draw_178,Male,0.01917808,0.07671233,111.57157,1.1113768828945343
pakistan,draw_178,Female,0.01917808,0.07671233,111.57157,1.0992522397441593
pakistan,draw_178,Male,0.01917808,0.07671233,111.57157,1.1015762123356099
ethiopia,draw_178,Female,0.01917808,0.07671233,111.68168,1.115351183383598
ethiopia,draw_178,Male,0.01917808,0.07671233,111.68168,1.107952759547046
nigeria,draw_178,Female,0.01917808,0.07671233,111.68168,1.1122936492599473
nigeria,draw_178,Male,0.01917808,0.07671233,111.68168,1.1088882433344358
pakistan,draw_178,Female,0.01917808,0.07671233,111.68168,1.0970178086938622
pakistan,draw_178,Male,0.01917808,0.07671233,111.68168,1.0992737489912687
ethiopia,draw_178,Female,0.01917808,0.07671233,111.79179,1.1128184356573487
ethiopia,draw_178,Male,0.01917808,0.07671233,111.79179,1.1055121051759929
nigeria,draw_178,Female,0.01917808,0.07671233,111.79179,1.109822224488876
nigeria,draw_178,Male,0.01917808,0.07671233,111.79179,1.106423099564365
pakistan,draw_178,Female,0.01917808,0.07671233,111.79179,1.0948052055427644
pakistan,draw_178,Male,0.01917808,0.07671233,111.79179,1.0969938379537156
ethiopia,draw_178,Female,0.01917808,0.07671233,111.9019,1.1103091502840015
ethiopia,draw_178,Male,0.01917808,0.07671233,111.9019,1.1030944105305942
nigeria,draw_178,Female,0.01917808,0.07671233,111.9019,1.1073745575514289
nigeria,draw_178,Male,0.01917808,0.07671233,111.9019,1.1039807983597896
pakistan,draw_178,Female,0.01917808,0.07671233,111.9019,1.0926142331591493
pakistan,draw_178,Male,0.01917808,0.07671233,111.9019,1.0947360934888337
ethiopia,draw_178,Female,0.01917808,0.07671233,112.01201,1.1078237730147993
ethiopia,draw_178,Male,0.01917808,0.07671233,112.01201,1.100699650971137
nigeria,draw_178,Female,0.01917808,0.07671233,112.01201,1.1049501688408385
nigeria,draw_178,Male,0.01917808,0.07671233,112.01201,1.1015620045792867
pakistan,draw_178,Female,0.01917808,0.07671233,112.01201,1.0904448838836287
pakistan,draw_178,Male,0.01917808,0.07671233,112.01201,1.092500416851002
ethiopia,draw_178,Female,0.01917808,0.07671233,112.12212,1.1053617779628906
ethiopia,draw_178,Male,0.01917808,0.07671233,112.12212,1.09832828637421
nigeria,draw_178,Female,0.01917808,0.07671233,112.12212,1.1025487952959963
nigeria,draw_178,Male,0.01917808,0.07671233,112.12212,1.099166498323104
pakistan,draw_178,Female,0.01917808,0.07671233,112.12212,1.0882974792665534
pakistan,draw_178,Male,0.01917808,0.07671233,112.12212,1.0902870423668227
ethiopia,draw_178,Female,0.01917808,0.07671233,112.23223,1.1029235632332313
ethiopia,draw_178,Male,0.01917808,0.07671233,112.23223,1.0959798039856605
nigeria,draw_178,Female,0.01917808,0.07671233,112.23223,1.1001707037532082
nigeria,draw_178,Male,0.01917808,0.07671233,112.23223,1.0967942371726567
pakistan,draw_178,Female,0.01917808,0.07671233,112.23223,1.0861719458580847
pakistan,draw_178,Male,0.01917808,0.07671233,112.23223,1.0880953502715363
ethiopia,draw_178,Female,0.01917808,0.07671233,112.34234,1.1005089529910934
ethiopia,draw_178,Male,0.01917808,0.07671233,112.34234,1.0936542909550309
nigeria,draw_178,Female,0.01917808,0.07671233,112.34234,1.0978153479805692
nigeria,draw_178,Male,0.01917808,0.07671233,112.34234,1.0944451178513412
pakistan,draw_178,Female,0.01917808,0.07671233,112.34234,1.0840680081870724
pakistan,draw_178,Male,0.01917808,0.07671233,112.34234,1.085926509762597
ethiopia,draw_178,Female,0.01917808,0.07671233,112.45245,1.09811817789254
ethiopia,draw_178,Male,0.01917808,0.07671233,112.45245,1.0913523383603028
nigeria,draw_178,Female,0.01917808,0.07671233,112.45245,1.0954843319207557
nigeria,draw_178,Male,0.01917808,0.07671233,112.45245,1.0921198566173083
pakistan,draw_178,Female,0.01917808,0.07671233,112.45245,1.0819858873148367
pakistan,draw_178,Male,0.01917808,0.07671233,112.45245,1.0837798086590373
ethiopia,draw_178,Female,0.01917808,0.07671233,112.56256,1.0957538443999708
ethiopia,draw_178,Male,0.01917808,0.07671233,112.56256,1.0890761734281937
nigeria,draw_178,Female,0.01917808,0.07671233,112.56256,1.0931787682054959
nigeria,draw_178,Male,0.01917808,0.07671233,112.56256,1.0898200874499997
pakistan,draw_178,Female,0.01917808,0.07671233,112.56256,1.0799287539302238
pakistan,draw_178,Male,0.01917808,0.07671233,112.56256,1.0816583934277406
ethiopia,draw_178,Female,0.01917808,0.07671233,112.67267,1.0934134637125879
ethiopia,draw_178,Male,0.01917808,0.07671233,112.67267,1.0868234146955649
nigeria,draw_178,Female,0.01917808,0.07671233,112.67267,1.0908966771069235
nigeria,draw_178,Male,0.01917808,0.07671233,112.67267,1.0875439994213094
pakistan,draw_178,Female,0.01917808,0.07671233,112.67267,1.0778933584960098
pakistan,draw_178,Male,0.01917808,0.07671233,112.67267,1.0795593435138133
ethiopia,draw_178,Female,0.01917808,0.07671233,112.78278,1.0910959397360005
ethiopia,draw_178,Male,0.01917808,0.07671233,112.78278,1.0845931466861374
nigeria,draw_178,Female,0.01917808,0.07671233,112.78278,1.088637664084154
nigeria,draw_178,Male,0.01917808,0.07671233,112.78278,1.085290911116167
pakistan,draw_178,Female,0.01917808,0.07671233,112.78278,1.0758796311155463
pakistan,draw_178,Male,0.01917808,0.07671233,112.78278,1.0774822303775204
ethiopia,draw_178,Female,0.01917808,0.07671233,112.89289,1.0888021215075385
ethiopia,draw_178,Male,0.01917808,0.07671233,112.89289,1.0823861195554083
nigeria,draw_178,Female,0.01917808,0.07671233,112.89289,1.0864017780153685
nigeria,draw_178,Male,0.01917808,0.07671233,112.89289,1.0830607895636655
pakistan,draw_178,Female,0.01917808,0.07671233,112.89289,1.0738875439977154
pakistan,draw_178,Male,0.01917808,0.07671233,112.89289,1.0754273645803587
ethiopia,draw_178,Female,0.01917808,0.07671233,113.003,1.0865315032644485
ethiopia,draw_178,Male,0.01917808,0.07671233,113.003,1.0802021275092144
nigeria,draw_178,Female,0.01917808,0.07671233,113.003,1.0841888167472484
nigeria,draw_178,Male,0.01917808,0.07671233,113.003,1.0808536246614568
pakistan,draw_178,Female,0.01917808,0.07671233,113.003,1.071917403163421
pakistan,draw_178,Male,0.01917808,0.07671233,113.003,1.0733943906305452
ethiopia,draw_178,Female,0.01917808,0.07671233,113.11311,1.0842843495102252
ethiopia,draw_178,Male,0.01917808,0.07671233,113.11311,1.0780410389445816
nigeria,draw_178,Female,0.01917808,0.07671233,113.11311,1.0819988629617732
nigeria,draw_178,Male,0.01917808,0.07671233,113.11311,1.0786694849601903
pakistan,draw_178,Female,0.01917808,0.07671233,113.11311,1.0699686059589504
pakistan,draw_178,Male,0.01917808,0.07671233,113.11311,1.0713834615100417
ethiopia,draw_178,Female,0.01917808,0.07671233,113.22322,1.0820606189701354
ethiopia,draw_178,Male,0.01917808,0.07671233,113.22322,1.0759026648444965
nigeria,draw_178,Female,0.01917808,0.07671233,113.22322,1.0798321872440897
nigeria,draw_178,Male,0.01917808,0.07671233,113.22322,1.0765082797408356
pakistan,draw_178,Female,0.01917808,0.07671233,113.22322,1.068041508596678
pakistan,draw_178,Male,0.01917808,0.07671233,113.22322,1.0693949030586003
ethiopia,draw_178,Female,0.01917808,0.07671233,113.33333,1.0798603716403445
ethiopia,draw_178,Male,0.01917808,0.07671233,113.33333,1.0737871931984848
nigeria,draw_178,Female,0.01917808,0.07671233,113.33333,1.0776879422320464
nigeria,draw_178,Male,0.01917808,0.07671233,113.33333,1.074370107352895
pakistan,draw_178,Female,0.01917808,0.07671233,113.33333,1.0661358915615897
pakistan,draw_178,Male,0.01917808,0.07671233,113.33333,1.0674284379263996
ethiopia,draw_178,Female,0.01917808,0.07671233,113.44344,1.0776830616821729
ethiopia,draw_178,Male,0.01917808,0.07671233,113.44344,1.0716943264201761
nigeria,draw_178,Female,0.01917808,0.07671233,113.44344,1.0755671972467922
nigeria,draw_178,Male,0.01917808,0.07671233,113.44344,1.0722549305443232
pakistan,draw_178,Female,0.01917808,0.07671233,113.44344,1.064251614750142
pakistan,draw_178,Male,0.01917808,0.07671233,113.44344,1.065483797480526
ethiopia,draw_178,Female,0.01917808,0.07671233,113.55355,1.0755320702468523
ethiopia,draw_178,Male,0.01917808,0.07671233,113.55355,1.0696270188831156
nigeria,draw_178,Female,0.01917808,0.07671233,113.55355,1.0734717315636193
nigeria,draw_178,Male,0.01917808,0.07671233,113.55355,1.0701653021704325
pakistan,draw_178,Female,0.01917808,0.07671233,113.55355,1.0623918555919531
pakistan,draw_178,Male,0.01917808,0.07671233,113.55355,1.0635639411066329
ethiopia,draw_178,Female,0.01917808,0.07671233,113.66366,1.0734046578220313
ethiopia,draw_178,Male,0.01917808,0.07671233,113.66366,1.0675831716538973
nigeria,draw_178,Female,0.01917808,0.07671233,113.66366,1.0713998493533698
nigeria,draw_178,Male,0.01917808,0.07671233,113.66366,1.0680992555179742
pakistan,draw_178,Female,0.01917808,0.07671233,113.66366,1.0605543022129407
pakistan,draw_178,Male,0.01917808,0.07671233,113.66366,1.061666357378545
ethiopia,draw_178,Female,0.01917808,0.07671233,113.77377,1.0713002287965234
ethiopia,draw_178,Male,0.01917808,0.07671233,113.77377,1.065562117554607
nigeria,draw_178,Female,0.01917808,0.07671233,113.77377,1.069350715522113
nigeria,draw_178,Male,0.01917808,0.07671233,113.77377,1.0660555261172506
pakistan,draw_178,Female,0.01917808,0.07671233,113.77377,1.0587377715166855
pakistan,draw_178,Male,0.01917808,0.07671233,113.77377,1.0597908338000614
ethiopia,draw_178,Female,0.01917808,0.07671233,113.88388,1.0692188639629936
ethiopia,draw_178,Male,0.01917808,0.07671233,113.88388,1.0635633598402954
nigeria,draw_178,Female,0.01917808,0.07671233,113.88388,1.0673242050330911
nigeria,draw_178,Male,0.01917808,0.07671233,113.88388,1.0640348555228585
pakistan,draw_178,Female,0.01917808,0.07671233,113.88388,1.056943021506644
pakistan,draw_178,Male,0.01917808,0.07671233,113.88388,1.0579372609418312
ethiopia,draw_178,Female,0.01917808,0.07671233,113.99399,1.0671602197175645
ethiopia,draw_178,Male,0.01917808,0.07671233,113.99399,1.0615870065983506
nigeria,draw_178,Female,0.01917808,0.07671233,113.99399,1.0653204428924075
nigeria,draw_178,Male,0.01917808,0.07671233,113.99399,1.0620370604428073
pakistan,draw_178,Female,0.01917808,0.07671233,113.99399,1.0551696688315573
pakistan,draw_178,Male,0.01917808,0.07671233,113.99399,1.0561052071546468
ethiopia,draw_178,Female,0.01917808,0.07671233,114.1041,1.0651252364817303
ethiopia,draw_178,Male,0.01917808,0.07671233,114.1041,1.0596337633956097
nigeria,draw_178,Female,0.01917808,0.07671233,114.1041,1.0633395921871815
nigeria,draw_178,Male,0.01917808,0.07671233,114.1041,1.0600619693689437
pakistan,draw_178,Female,0.01917808,0.07671233,114.1041,1.0534176243702973
pakistan,draw_178,Male,0.01917808,0.07671233,114.1041,1.054295280571588
ethiopia,draw_178,Female,0.01917808,0.07671233,114.21421,1.0631126169052736
ethiopia,draw_178,Male,0.01917808,0.07671233,114.21421,1.0577027437650002
nigeria,draw_178,Female,0.01917808,0.07671233,114.21421,1.0613811391978796
nigeria,draw_178,Male,0.01917808,0.07671233,114.21421,1.0581093100353882
pakistan,draw_178,Female,0.01917808,0.07671233,114.21421,1.0516870738878832
pakistan,draw_178,Male,0.01917808,0.07671233,114.21421,1.0525070661798726
ethiopia,draw_178,Female,0.01917808,0.07671233,114.32432,1.0611236847418606
ethiopia,draw_178,Male,0.01917808,0.07671233,114.32432,1.0557941599042973
nigeria,draw_178,Female,0.01917808,0.07671233,114.32432,1.0594455771076563
nigeria,draw_178,Male,0.01917808,0.07671233,114.32432,1.0561795819965547
pakistan,draw_178,Female,0.01917808,0.07671233,114.32432,1.0499776576364044
pakistan,draw_178,Male,0.01917808,0.07671233,114.32432,1.050740707193212
ethiopia,draw_178,Female,0.01917808,0.07671233,114.43443,1.0591572156297633
ethiopia,draw_178,Male,0.01917808,0.07671233,114.43443,1.0539086937485203
nigeria,draw_178,Female,0.01917808,0.07671233,114.43443,1.0575324415786964
nigeria,draw_178,Male,0.01917808,0.07671233,114.43443,1.0542721931824417
pakistan,draw_178,Female,0.01917808,0.07671233,114.43443,1.048289982392436
pakistan,draw_178,Male,0.01917808,0.07671233,114.43443,1.0489962630713106
ethiopia,draw_178,Female,0.01917808,0.07671233,114.54454,1.0572152665900896
ethiopia,draw_178,Male,0.01917808,0.07671233,114.54454,1.0520468034308603
nigeria,draw_178,Female,0.01917808,0.07671233,114.54454,1.0556434997159574
nigeria,draw_178,Male,0.01917808,0.07671233,114.54454,1.0523894443039212
pakistan,draw_178,Female,0.01917808,0.07671233,114.54454,1.0466253525215916
pakistan,draw_178,Male,0.01917808,0.07671233,114.54454,1.047275170290139
ethiopia,draw_178,Female,0.01917808,0.07671233,114.65465,1.0552982002602345
ethiopia,draw_178,Male,0.01917808,0.07671233,114.65465,1.050209239456875
nigeria,draw_178,Female,0.01917808,0.07671233,114.65465,1.0537790271350176
nigeria,draw_178,Male,0.01917808,0.07671233,114.65465,1.0505307380417164
pakistan,draw_178,Female,0.01917808,0.07671233,114.65465,1.0449836580597032
pakistan,draw_178,Male,0.01917808,0.07671233,114.65465,1.04557746829804
ethiopia,draw_178,Female,0.01917808,0.07671233,114.76476,1.0534035519745673
ethiopia,draw_178,Male,0.01917808,0.07671233,114.76476,1.0483938703816371
nigeria,draw_178,Female,0.01917808,0.07671233,114.76476,1.0519371193801403
nigeria,draw_178,Male,0.01917808,0.07671233,114.76476,1.0486945586986318
pakistan,draw_178,Female,0.01917808,0.07671233,114.76476,1.043363391611812
pakistan,draw_178,Male,0.01917808,0.07671233,114.76476,1.0439014855339717
ethiopia,draw_178,Female,0.01917808,0.07671233,114.87487,1.0515323993845993
ethiopia,draw_178,Male,0.01917808,0.07671233,114.87487,1.0466008554008954
nigeria,draw_178,Female,0.01917808,0.07671233,114.87487,1.0501180536523873
nigeria,draw_178,Male,0.01917808,0.07671233,114.87487,1.0468807855574846
pakistan,draw_178,Female,0.01917808,0.07671233,114.87487,1.041764157736649
pakistan,draw_178,Male,0.01917808,0.07671233,114.87487,1.0422471209144315
ethiopia,draw_178,Female,0.01917808,0.07671233,114.98498,1.0496835188351765
ethiopia,draw_178,Male,0.01917808,0.07671233,114.98498,1.0448303159898102
nigeria,draw_178,Female,0.01917808,0.07671233,114.98498,1.0483206107361058
nigeria,draw_178,Male,0.01917808,0.07671233,114.98498,1.0450893545137023
pakistan,draw_178,Female,0.01917808,0.07671233,114.98498,1.0401862519194507
pakistan,draw_178,Male,0.01917808,0.07671233,114.98498,1.040614280446266
ethiopia,draw_178,Female,0.01917808,0.07671233,115.0951,1.0478571906819207
ethiopia,draw_178,Male,0.01917808,0.07671233,115.0951,1.0430818615886446
nigeria,draw_178,Female,0.01917808,0.07671233,115.0951,1.046545687667479
nigeria,draw_178,Male,0.01917808,0.07671233,115.0951,1.0433206189103992
pakistan,draw_178,Female,0.01917808,0.07671233,115.0951,1.0386295844914537
pakistan,draw_178,Male,0.01917808,0.07671233,115.0951,1.0390031400724442
ethiopia,draw_178,Female,0.01917808,0.07671233,115.20521,1.0460538196085056
ethiopia,draw_178,Male,0.01917808,0.07671233,115.20521,1.041355622464797
nigeria,draw_178,Female,0.01917808,0.07671233,115.20521,1.0447933636939701
nigeria,draw_178,Male,0.01917808,0.07671233,115.20521,1.0415740974404974
pakistan,draw_178,Female,0.01917808,0.07671233,115.20521,1.037094096138921
pakistan,draw_178,Male,0.01917808,0.07671233,115.20521,1.0374138542932054
ethiopia,draw_178,Female,0.01917808,0.07671233,115.31532,1.044272966547222
ethiopia,draw_178,Male,0.01917808,0.07671233,115.31532,1.0396517677151422
nigeria,draw_178,Female,0.01917808,0.07671233,115.31532,1.0430632377625115
nigeria,draw_178,Male,0.01917808,0.07671233,115.31532,1.0398497380941265
pakistan,draw_178,Female,0.01917808,0.07671233,115.31532,1.0355800156801485
pakistan,draw_178,Male,0.01917808,0.07671233,115.31532,1.0358458763115648
ethiopia,draw_178,Female,0.01917808,0.07671233,115.42543,1.0425151079630486
ethiopia,draw_178,Male,0.01917808,0.07671233,115.42543,1.037970386092929
nigeria,draw_178,Female,0.01917808,0.07671233,115.42543,1.0413555517723367
nigeria,draw_178,Male,0.01917808,0.07671233,115.42543,1.0381483577497728
pakistan,draw_178,Female,0.01917808,0.07671233,115.42543,1.034087187355837
pakistan,draw_178,Male,0.01917808,0.07671233,115.42543,1.0342997028645704
ethiopia,draw_178,Female,0.01917808,0.07671233,115.53554,1.0407802911740782
ethiopia,draw_178,Male,0.01917808,0.07671233,115.53554,1.0363116505166319
nigeria,draw_178,Female,0.01917808,0.07671233,115.53554,1.03967128666621
nigeria,draw_178,Male,0.01917808,0.07671233,115.53554,1.0364698058390789
pakistan,draw_178,Female,0.01917808,0.07671233,115.53554,1.0326161104336467
pakistan,draw_178,Male,0.01917808,0.07671233,115.53554,1.032775717036136
ethiopia,draw_178,Female,0.01917808,0.07671233,115.64565,1.0390707556670984
ethiopia,draw_178,Male,0.01917808,0.07671233,115.64565,1.0346776809265703
nigeria,draw_178,Female,0.01917808,0.07671233,115.64565,1.0380117083764235
nigeria,draw_178,Male,0.01917808,0.07671233,115.64565,1.0348162500075222
pakistan,draw_178,Female,0.01917808,0.07671233,115.64565,1.031169079092404
pakistan,draw_178,Male,0.01917808,0.07671233,115.64565,1.031276276203449
ethiopia,draw_178,Female,0.01917808,0.07671233,115.75576,1.0373838713176327
ethiopia,draw_178,Male,0.01917808,0.07671233,115.75576,1.0330659399758846
nigeria,draw_178,Female,0.01917808,0.07671233,115.75576,1.0363741221288894
nigeria,draw_178,Male,0.01917808,0.07671233,115.75576,1.033184915461075
pakistan,draw_178,Female,0.01917808,0.07671233,115.75576,1.029743264468481
pakistan,draw_178,Male,0.01917808,0.07671233,115.75576,1.0297984272773597
ethiopia,draw_178,Female,0.01917808,0.07671233,115.86587,1.03571996445177
ethiopia,draw_178,Male,0.01917808,0.07671233,115.86587,1.031476717174971
nigeria,draw_178,Female,0.01917808,0.07671233,115.86587,1.0347590117860803
nigeria,draw_178,Male,0.01917808,0.07671233,115.86587,1.0315761967431707
pakistan,draw_178,Female,0.01917808,0.07671233,115.86587,1.028338776473418
pakistan,draw_178,Male,0.01917808,0.07671233,115.86587,1.0283419226502308
ethiopia,draw_178,Female,0.01917808,0.07671233,115.97598,1.034078608702809
ethiopia,draw_178,Male,0.01917808,0.07671233,115.97598,1.0299092779288181
nigeria,draw_178,Female,0.01917808,0.07671233,115.97598,1.0331662651678384
nigeria,draw_178,Male,0.01917808,0.07671233,115.97598,1.0299893933665092
pakistan,draw_178,Female,0.01917808,0.07671233,115.97598,1.0269555217029958
pakistan,draw_178,Male,0.01917808,0.07671233,115.97598,1.0269074620757763
ethiopia,draw_178,Female,0.01917808,0.07671233,116.08609,1.0324592686670697
ethiopia,draw_178,Male,0.01917808,0.07671233,116.08609,1.0283638222952525
nigeria,draw_178,Female,0.01917808,0.07671233,116.08609,1.0315959782164206
nigeria,draw_178,Male,0.01917808,0.07671233,116.08609,1.028425050642586
pakistan,draw_178,Female,0.01917808,0.07671233,116.08609,1.0255935001424785
pakistan,draw_178,Male,0.01917808,0.07671233,116.08609,1.0254941191780222
ethiopia,draw_178,Female,0.01917808,0.07671233,116.1962,1.030862933505632
ethiopia,draw_178,Male,0.01917808,0.07671233,116.1962,1.0268410349060304
nigeria,draw_178,Female,0.01917808,0.07671233,116.1962,1.0300474556734749
nigeria,draw_178,Male,0.01917808,0.07671233,116.1962,1.026882626424186
pakistan,draw_178,Female,0.01917808,0.07671233,116.1962,1.0242526206782294
pakistan,draw_178,Male,0.01917808,0.07671233,116.1962,1.0241021938466082
ethiopia,draw_178,Female,0.01917808,0.07671233,116.30631,1.0292888712266675
ethiopia,draw_178,Male,0.01917808,0.07671233,116.30631,1.0253398264003706
nigeria,draw_178,Female,0.01917808,0.07671233,116.30631,1.0285212006286586
nigeria,draw_178,Male,0.01917808,0.07671233,116.30631,1.0253630011588482
pakistan,draw_178,Female,0.01917808,0.07671233,116.30631,1.0229325720112674
pakistan,draw_178,Male,0.01917808,0.07671233,116.30631,1.022732014969583
ethiopia,draw_178,Female,0.01917808,0.07671233,116.41642,1.0277371392639898
ethiopia,draw_178,Male,0.01917808,0.07671233,116.41642,1.023860570296084
nigeria,draw_178,Female,0.01917808,0.07671233,116.41642,1.02701715253655
nigeria,draw_178,Male,0.01917808,0.07671233,116.41642,1.023864869006717
pakistan,draw_178,Female,0.01917808,0.07671233,116.41642,1.0216340508680506
pakistan,draw_178,Male,0.01917808,0.07671233,116.41642,1.0213830702251427
ethiopia,draw_178,Female,0.01917808,0.07671233,116.52653,1.026208113188744
ethiopia,draw_178,Male,0.01917808,0.07671233,116.52653,1.0224034700769526
nigeria,draw_178,Female,0.01917808,0.07671233,116.52653,1.0255349858776
nigeria,draw_178,Male,0.01917808,0.07671233,116.52653,1.022389469052135
pakistan,draw_178,Female,0.01917808,0.07671233,116.52653,1.0203564556238298
pakistan,draw_178,Male,0.01917808,0.07671233,116.52653,1.0200553761293216
ethiopia,draw_178,Female,0.01917808,0.07671233,116.63664,1.0247041955117078
ethiopia,draw_178,Male,0.01917808,0.07671233,116.63664,1.0209717759924877
nigeria,draw_178,Female,0.01917808,0.07671233,116.63664,1.0240786735436167
nigeria,draw_178,Male,0.01917808,0.07671233,116.63664,1.020938922685129
pakistan,draw_178,Female,0.01917808,0.07671233,116.63664,1.0191028713926906
pakistan,draw_178,Male,0.01917808,0.07671233,116.63664,1.018752347073384
ethiopia,draw_178,Female,0.01917808,0.07671233,116.74675,1.0232232090154767
ethiopia,draw_178,Male,0.01917808,0.07671233,116.74675,1.0195620767989195
nigeria,draw_178,Female,0.01917808,0.07671233,116.74675,1.022644082481923
nigeria,draw_178,Male,0.01917808,0.07671233,116.74675,1.019510723608021
pakistan,draw_178,Female,0.01917808,0.07671233,116.74675,1.017870919741311
pakistan,draw_178,Male,0.01917808,0.07671233,116.74675,1.0174709679313514
ethiopia,draw_178,Female,0.01917808,0.07671233,116.85686,1.0217645124819184
ethiopia,draw_178,Male,0.01917808,0.07671233,116.85686,1.01817420118194
nigeria,draw_178,Female,0.01917808,0.07671233,116.85686,1.0212321091563947
nigeria,draw_178,Male,0.01917808,0.07671233,116.85686,1.0181049206902804
pakistan,draw_178,Female,0.01917808,0.07671233,116.85686,1.0166599479467824
pakistan,draw_178,Male,0.01917808,0.07671233,116.85686,1.0162113063758447
ethiopia,draw_178,Female,0.01917808,0.07671233,116.96697,1.0203282975230896
ethiopia,draw_178,Male,0.01917808,0.07671233,116.96697,1.016808730758001
nigeria,draw_178,Female,0.01917808,0.07671233,116.96697,1.0198422231745445
nigeria,draw_178,Male,0.01917808,0.07671233,116.96697,1.0167210990659066
pakistan,draw_178,Female,0.01917808,0.07671233,116.96697,1.0154699968219645
pakistan,draw_178,Male,0.01917808,0.07671233,116.96697,1.0149729551223647
ethiopia,draw_178,Female,0.01917808,0.07671233,117.07708,1.0189144159394479
ethiopia,draw_178,Male,0.01917808,0.07671233,117.07708,1.0154651041977971
nigeria,draw_178,Female,0.01917808,0.07671233,117.07708,1.0184741270022868
nigeria,draw_178,Male,0.01917808,0.07671233,117.07708,1.0153594361063318
pakistan,draw_178,Female,0.01917808,0.07671233,117.07708,1.0143014795818808
pakistan,draw_178,Male,0.01917808,0.07671233,117.07708,1.0137563283083804
ethiopia,draw_178,Female,0.01917808,0.07671233,117.18719,1.0175228076907954
ethiopia,draw_178,Male,0.01917808,0.07671233,117.18719,1.0141436922250244
nigeria,draw_178,Female,0.01917808,0.07671233,117.18719,1.0171283193013756
nigeria,draw_178,Male,0.01917808,0.07671233,117.18719,1.0140197316871837
pakistan,draw_178,Female,0.01917808,0.07671233,117.18719,1.013153980292713
pakistan,draw_178,Male,0.01917808,0.07671233,117.18719,1.0125608553893235
ethiopia,draw_178,Female,0.01917808,0.07671233,117.2973,1.016153663428609
ethiopia,draw_178,Male,0.01917808,0.07671233,117.2973,1.0128439945325254
nigeria,draw_178,Female,0.01917808,0.07671233,117.2973,1.0158047041896114
nigeria,draw_178,Male,0.01917808,0.07671233,117.2973,1.0127024473991435
pakistan,draw_178,Female,0.01917808,0.07671233,117.2973,1.0120278689845172
pakistan,draw_178,Male,0.01917808,0.07671233,117.2973,1.011386863677545
ethiopia,draw_178,Female,0.01917808,0.07671233,117.40741,1.014807187326507
ethiopia,draw_178,Male,0.01917808,0.07671233,117.40741,1.0115665929030455
nigeria,draw_178,Female,0.01917808,0.07671233,117.40741,1.0145030655704261
nigeria,draw_178,Male,0.01917808,0.07671233,117.40741,1.0114068130151839
pakistan,draw_178,Female,0.01917808,0.07671233,117.40741,1.0109226945500462
pakistan,draw_178,Male,0.01917808,0.07671233,117.40741,1.0102346493345538
ethiopia,draw_178,Female,0.01917808,0.07671233,117.51752,1.0134822759649784
ethiopia,draw_178,Male,0.01917808,0.07671233,117.51752,1.0103109331502702
nigeria,draw_178,Female,0.01917808,0.07671233,117.51752,1.0132236548682785
nigeria,draw_178,Male,0.01917808,0.07671233,117.51752,1.010133754933208
pakistan,draw_178,Female,0.01917808,0.07671233,117.51752,1.0098385406734254
pakistan,draw_178,Male,0.01917808,0.07671233,117.51752,1.0091036096198842
ethiopia,draw_178,Female,0.01917808,0.07671233,117.62763,1.0121822944417265
ethiopia,draw_178,Male,0.01917808,0.07671233,117.62763,1.0090793131253613
nigeria,draw_178,Female,0.01917808,0.07671233,117.62763,1.0119678972273447
nigeria,draw_178,Male,0.01917808,0.07671233,117.62763,1.0088842470935568
pakistan,draw_178,Female,0.01917808,0.07671233,117.62763,1.0087773013820973
pakistan,draw_178,Male,0.01917808,0.07671233,117.62763,1.00799614549837
ethiopia,draw_178,Female,0.01917808,0.07671233,117.73774,1.0109056539576053
ethiopia,draw_178,Male,0.01917808,0.07671233,117.73774,1.007870536458126
nigeria,draw_178,Female,0.01917808,0.07671233,117.73774,1.0107361235838985
nigeria,draw_178,Male,0.01917808,0.07671233,117.73774,1.0076583680039715
pakistan,draw_178,Female,0.01917808,0.07671233,117.73774,1.0077392221011667
pakistan,draw_178,Male,0.01917808,0.07671233,117.73774,1.0069115040320689
ethiopia,draw_178,Female,0.01917808,0.07671233,117.84785,1.0096511005598163
ethiopia,draw_178,Male,0.01917808,0.07671233,117.84785,1.0066841220150557
nigeria,draw_178,Female,0.01917808,0.07671233,117.84785,1.00952599411566
nigeria,draw_178,Male,0.01917808,0.07671233,117.84785,1.006454524351164
pakistan,draw_178,Female,0.01917808,0.07671233,117.84785,1.0067220745044954
pakistan,draw_178,Male,0.01917808,0.07671233,117.84785,1.0058484279212538
ethiopia,draw_178,Female,0.01917808,0.07671233,117.95796,1.008419367533834
ethiopia,draw_178,Male,0.01917808,0.07671233,117.95796,1.0055195145073255
nigeria,draw_178,Female,0.01917808,0.07671233,117.95796,1.0083384702120168
nigeria,draw_178,Male,0.01917808,0.07671233,117.95796,1.00527275494053
pakistan,draw_178,Female,0.01917808,0.07671233,117.95796,1.0057258320370386
pakistan,draw_178,Male,0.01917808,0.07671233,117.95796,1.0048066473834834
ethiopia,draw_178,Female,0.01917808,0.07671233,118.06807,1.007209560269718
ethiopia,draw_178,Male,0.01917808,0.07671233,118.06807,1.0043771272825828
nigeria,draw_178,Female,0.01917808,0.07671233,118.06807,1.007172603414289
nigeria,draw_178,Male,0.01917808,0.07671233,118.06807,1.0041133735944376
pakistan,draw_178,Female,0.01917808,0.07671233,118.06807,1.004751179907474
pakistan,draw_178,Male,0.01917808,0.07671233,118.06807,1.0037864300168524
ethiopia,draw_178,Female,0.01917808,0.07671233,118.17818,1.0060218742488234
ethiopia,draw_178,Male,0.01917808,0.07671233,118.17818,1.0032564295061464
nigeria,draw_178,Female,0.01917808,0.07671233,118.17818,1.0060288783234719
nigeria,draw_178,Male,0.01917808,0.07671233,118.17818,1.0029754793305978
pakistan,draw_178,Female,0.01917808,0.07671233,118.17818,1.0037976038089091
pakistan,draw_178,Male,0.01917808,0.07671233,118.17818,1.0027878266466195
ethiopia,draw_178,Female,0.01917808,0.07671233,118.28829,1.0048568209832163
ethiopia,draw_178,Male,0.01917808,0.07671233,118.28829,1.0021577933368548
nigeria,draw_178,Female,0.01917808,0.07671233,118.28829,1.0049074083320408
nigeria,draw_178,Male,0.01917808,0.07671233,118.28829,1.0018600969504872
pakistan,draw_178,Female,0.01917808,0.07671233,118.28829,1.0028653978258142
pakistan,draw_178,Male,0.01917808,0.07671233,118.28829,1.0018104191571993
ethiopia,draw_178,Female,0.01917808,0.07671233,118.3984,1.003713583112334
ethiopia,draw_178,Male,0.01917808,0.07671233,118.3984,1.0010808716664261
nigeria,draw_178,Female,0.01917808,0.07671233,118.3984,1.0038069746347305
nigeria,draw_178,Male,0.01917808,0.07671233,118.3984,1.0007660275785175
pakistan,draw_178,Female,0.01917808,0.07671233,118.3984,1.0019540301338334
pakistan,draw_178,Male,0.01917808,0.07671233,118.3984,1.0008548365163916
ethiopia,draw_178,Female,0.01917808,0.07671233,118.50851,1.0025927487416588
ethiopia,draw_178,Male,0.01917808,0.07671233,118.50851,1.0000255353506624
nigeria,draw_178,Female,0.01917808,0.07671233,118.50851,1.0027291252006643
nigeria,draw_178,Male,0.01917808,0.07671233,118.50851,0.9996940015314202
pakistan,draw_178,Female,0.01917808,0.07671233,118.50851,1.0010634579484894
pakistan,draw_178,Male,0.01917808,0.07671233,118.50851,0.9999195981188417
ethiopia,draw_178,Female,0.01917808,0.07671233,118.61862,1.0014939587976315
ethiopia,draw_178,Male,0.01917808,0.07671233,118.61862,0.998992561633063
nigeria,draw_178,Female,0.01917808,0.07671233,118.61862,1.0016730083783392
nigeria,draw_178,Male,0.01917808,0.07671233,118.61862,0.9986437930999154
pakistan,draw_178,Female,0.01917808,0.07671233,118.61862,1.0001937305248965
pakistan,draw_178,Male,0.01917808,0.07671233,118.61862,0.9990062717971094
ethiopia,draw_178,Female,0.01917808,0.07671233,118.72873,1.0004196689845404
ethiopia,draw_178,Male,0.01917808,0.07671233,118.72873,0.9979830346813306
nigeria,draw_178,Female,0.01917808,0.07671233,118.72873,1.000641045570948
nigeria,draw_178,Male,0.01917808,0.07671233,118.72873,0.9976178257339405
pakistan,draw_178,Female,0.01917808,0.07671233,118.72873,0.9993474609480091
pakistan,draw_178,Male,0.01917808,0.07671233,118.72873,0.998116136050533
ethiopia,draw_178,Female,0.01917808,0.07671233,118.83884,0.9993666557816017
ethiopia,draw_178,Male,0.01917808,0.07671233,118.83884,0.9969945950906649
nigeria,draw_178,Female,0.01917808,0.07671233,118.83884,0.9996304444136627
nigeria,draw_178,Male,0.01917808,0.07671233,118.83884,0.9966132143304317
pakistan,draw_178,Female,0.01917808,0.07671233,118.83884,0.9985207927285046
pakistan,draw_178,Male,0.01917808,0.07671233,118.83884,0.9972463052759911
ethiopia,draw_178,Female,0.01917808,0.07671233,118.94895,0.9983353626456626
ethiopia,draw_178,Male,0.01917808,0.07671233,118.94895,0.9960275491554159
nigeria,draw_178,Female,0.01917808,0.07671233,118.94895,0.9986409625527302
nigeria,draw_178,Male,0.01917808,0.07671233,118.94895,0.9956297743306622
pakistan,draw_178,Female,0.01917808,0.07671233,118.94895,0.9977141968611535
pakistan,draw_178,Male,0.01917808,0.07671233,118.94895,0.9963967872208793
ethiopia,draw_178,Female,0.01917808,0.07671233,119.05906,0.9973252894272645
ethiopia,draw_178,Male,0.01917808,0.07671233,119.05906,0.9950809262205856
nigeria,draw_178,Female,0.01917808,0.07671233,119.05906,0.9976723481039567
nigeria,draw_178,Male,0.01917808,0.07671233,119.05906,0.9946666375823835
pakistan,draw_178,Female,0.01917808,0.07671233,119.05906,0.996926681897213
pakistan,draw_178,Male,0.01917808,0.07671233,119.05906,0.9955668987756351
ethiopia,draw_178,Female,0.01917808,0.07671233,119.16917,0.9963363542547745
ethiopia,draw_178,Male,0.01917808,0.07671233,119.16917,0.9941551223512227
nigeria,draw_178,Female,0.01917808,0.07671233,119.16917,0.9967244849249947
nigeria,draw_178,Male,0.01917808,0.07671233,119.16917,0.9937248702012836
pakistan,draw_178,Female,0.01917808,0.07671233,119.16917,0.9961590396544493
pakistan,draw_178,Male,0.01917808,0.07671233,119.16917,0.9947572222465942
ethiopia,draw_178,Female,0.01917808,0.07671233,119.27928,0.9953687848087717
ethiopia,draw_178,Male,0.01917808,0.07671233,119.27928,0.9932497719752572
nigeria,draw_178,Female,0.01917808,0.07671233,119.27928,0.995797461071073
nigeria,draw_178,Male,0.01917808,0.07671233,119.27928,0.9928036005381796
pakistan,draw_178,Female,0.01917808,0.07671233,119.27928,0.9954103080156049
pakistan,draw_178,Male,0.01917808,0.07671233,119.27928,0.9939669091044914
ethiopia,draw_178,Female,0.01917808,0.07671233,119.38939,0.9944215144257285
ethiopia,draw_178,Male,0.01917808,0.07671233,119.38939,0.9923650701019774
nigeria,draw_178,Female,0.01917808,0.07671233,119.38939,0.9948911870585816
nigeria,draw_178,Male,0.01917808,0.07671233,119.38939,0.9919028995335877
pakistan,draw_178,Female,0.01917808,0.07671233,119.38939,0.9946805008673538
pakistan,draw_178,Male,0.01917808,0.07671233,119.38939,0.9931957378126363
ethiopia,draw_178,Female,0.01917808,0.07671233,119.4995,0.9934953011913935
ethiopia,draw_178,Male,0.01917808,0.07671233,119.4995,0.9915001489235276
nigeria,draw_178,Female,0.01917808,0.07671233,119.4995,0.9940051247850273
nigeria,draw_178,Male,0.01917808,0.07671233,119.4995,0.9910222822515937
pakistan,draw_178,Female,0.01917808,0.07671233,119.4995,0.9939691299979113
pakistan,draw_178,Male,0.01917808,0.07671233,119.4995,0.9924433864882964
ethiopia,draw_178,Female,0.01917808,0.07671233,119.60961,0.9925890569088915
ethiopia,draw_178,Male,0.01917808,0.07671233,119.60961,0.9906547961096893
nigeria,draw_178,Female,0.01917808,0.07671233,119.60961,0.9931386484678318
nigeria,draw_178,Male,0.01917808,0.07671233,119.60961,0.9901614065717838
pakistan,draw_178,Female,0.01917808,0.07671233,119.60961,0.9932751349600576
pakistan,draw_178,Male,0.01917808,0.07671233,119.60961,0.9917092003585076
ethiopia,draw_178,Female,0.01917808,0.07671233,119.71972,0.9917066936768778
ethiopia,draw_178,Male,0.01917808,0.07671233,119.71972,0.9898318168924987
nigeria,draw_178,Female,0.01917808,0.07671233,119.71972,0.992295208757951
nigeria,draw_178,Male,0.01917808,0.07671233,119.71972,0.9893233073923542
pakistan,draw_178,Female,0.01917808,0.07671233,119.71972,0.9926018149078819
pakistan,draw_178,Male,0.01917808,0.07671233,119.71972,0.9909963430522399
ethiopia,draw_178,Female,0.01917808,0.07671233,119.82983,0.9908442699734609
ethiopia,draw_178,Male,0.01917808,0.07671233,119.82983,0.9890288838344199
nigeria,draw_178,Female,0.01917808,0.07671233,119.82983,0.991471666848752
nigeria,draw_178,Male,0.01917808,0.07671233,119.82983,0.9885053174484212
pakistan,draw_178,Female,0.01917808,0.07671233,119.82983,0.9919465992662077
pakistan,draw_178,Male,0.01917808,0.07671233,119.82983,0.9903025522630233
ethiopia,draw_178,Female,0.01917808,0.07671233,119.93994,0.9900017103119645
ethiopia,draw_178,Male,0.01917808,0.07671233,119.93994,0.9882452281417144
nigeria,draw_178,Female,0.01917808,0.07671233,119.93994,0.9906676034730199
nigeria,draw_178,Male,0.01917808,0.07671233,119.93994,0.987706605794197
pakistan,draw_178,Female,0.01917808,0.07671233,119.93994,0.9913089957224239
pakistan,draw_178,Male,0.01917808,0.07671233,119.93994,0.9896262097889864
ethiopia,draw_178,Female,0.01917808,0.07671233,120.05005,0.9891795317219725
ethiopia,draw_178,Male,0.01917808,0.07671233,120.05005,0.9874805228509809
nigeria,draw_178,Female,0.01917808,0.07671233,120.05005,0.9898827613183505
nigeria,draw_178,Male,0.01917808,0.07671233,120.05005,0.9869271714117898
pakistan,draw_178,Female,0.01917808,0.07671233,120.05005,0.9906885124914006
pakistan,draw_178,Male,0.01917808,0.07671233,120.05005,0.9889678708337704
ethiopia,draw_178,Female,0.01917808,0.07671233,120.16016,0.9895413585892359
ethiopia,draw_178,Male,0.01917808,0.07671233,120.16016,0.9878279517541968
nigeria,draw_178,Female,0.01917808,0.07671233,120.16016,0.9902680877929081
nigeria,draw_178,Male,0.01917808,0.07671233,120.16016,0.9873343981749573
pakistan,draw_178,Female,0.01917808,0.07671233,120.16016,0.9909695622346529
pakistan,draw_178,Male,0.01917808,0.07671233,120.16016,0.9892840990812027
ethiopia,draw_178,Female,0.01917808,0.07671233,120.27027,0.9899006054591474
ethiopia,draw_178,Male,0.01917808,0.07671233,120.27027,0.9881731559691425
nigeria,draw_178,Female,0.01917808,0.07671233,120.27027,0.99064932030168
nigeria,draw_178,Male,0.01917808,0.07671233,120.27027,0.9877390879657902
pakistan,draw_178,Female,0.01917808,0.07671233,120.27027,0.9912496125953623
pakistan,draw_178,Male,0.01917808,0.07671233,120.27027,0.9895996134045021
ethiopia,draw_178,Female,0.01917808,0.07671233,120.38038,0.9902569569571928
ethiopia,draw_178,Male,0.01917808,0.07671233,120.38038,0.9885167037701577
nigeria,draw_178,Female,0.01917808,0.07671233,120.38038,0.9910274871493627
nigeria,draw_178,Male,0.01917808,0.07671233,120.38038,0.9881413942547547
pakistan,draw_178,Female,0.01917808,0.07671233,120.38038,0.9915283868221422
pakistan,draw_178,Male,0.01917808,0.07671233,120.38038,0.9899142200713159
ethiopia,draw_178,Female,0.01917808,0.07671233,120.49049,0.990607314033326
ethiopia,draw_178,Male,0.01917808,0.07671233,120.49049,0.9888557429283081
nigeria,draw_178,Female,0.01917808,0.07671233,120.49049,0.9913999774063458
nigeria,draw_178,Male,0.01917808,0.07671233,120.49049,0.9885388482312591
pakistan,draw_178,Female,0.01917808,0.07671233,120.49049,0.9918040028047822
pakistan,draw_178,Male,0.01917808,0.07671233,120.49049,0.9902260308075872
ethiopia,draw_178,Female,0.01917808,0.07671233,120.6006,0.9909511033650285
ethiopia,draw_178,Male,0.01917808,0.07671233,120.6006,0.9891890408754981
nigeria,draw_178,Female,0.01917808,0.07671233,120.6006,0.9917646729073251
nigeria,draw_178,Male,0.01917808,0.07671233,120.6006,0.9889294558920361
pakistan,draw_178,Female,0.01917808,0.07671233,120.6006,0.9920746003594677
pakistan,draw_178,Male,0.01917808,0.07671233,120.6006,0.9905332105381816
ethiopia,draw_178,Female,0.01917808,0.07671233,120.71071,0.9912887779693573
ethiopia,draw_178,Male,0.01917808,0.07671233,120.71071,0.9895168676005635
nigeria,draw_178,Female,0.01917808,0.07671233,120.71071,0.9921220251165509
nigeria,draw_178,Male,0.01917808,0.07671233,120.71071,0.9893148545411595
pakistan,draw_178,Female,0.01917808,0.07671233,120.71071,0.992341036137317
pakistan,draw_178,Male,0.01917808,0.07671233,120.71071,0.990836930876257
ethiopia,draw_178,Female,0.01917808,0.07671233,120.82082,0.9916159988165814
ethiopia,draw_178,Male,0.01917808,0.07671233,120.82082,0.989836092054507
nigeria,draw_178,Female,0.01917808,0.07671233,120.82082,0.9924682430123031
nigeria,draw_178,Male,0.01917808,0.07671233,120.82082,0.9896905417908133
pakistan,draw_178,Female,0.01917808,0.07671233,120.82082,0.9925989821195151
pakistan,draw_178,Male,0.01917808,0.07671233,120.82082,0.9911336661646621
ethiopia,draw_178,Female,0.01917808,0.07671233,120.93093,0.9919295795501285
ethiopia,draw_178,Male,0.01917808,0.07671233,120.93093,0.9901421167372909
nigeria,draw_178,Female,0.01917808,0.07671233,120.93093,0.9927991018393165
nigeria,draw_178,Male,0.01917808,0.07671233,120.93093,0.99005341928401
pakistan,draw_178,Female,0.01917808,0.07671233,120.93093,0.9928450897861533
pakistan,draw_178,Male,0.01917808,0.07671233,120.93093,0.9914198149539264
ethiopia,draw_178,Female,0.01917808,0.07671233,121.04104,0.9922267471407895
ethiopia,draw_178,Male,0.01917808,0.07671233,121.04104,0.9904332494333291
nigeria,draw_178,Female,0.01917808,0.07671233,121.04104,0.993112472561449
nigeria,draw_178,Male,0.01917808,0.07671233,121.04104,0.99040039450954
pakistan,draw_178,Female,0.01917808,0.07671233,121.04104,0.9930771386453583
pakistan,draw_178,Male,0.01917808,0.07671233,121.04104,0.9916928864204824
ethiopia,draw_178,Female,0.01917808,0.07671233,121.15115,0.9925108297828322
ethiopia,draw_178,Male,0.01917808,0.07671233,121.15115,0.9907119675476135
nigeria,draw_178,Female,0.01917808,0.07671233,121.15115,0.9934108652679527
nigeria,draw_178,Male,0.01917808,0.07671233,121.15115,0.9907347702541974
pakistan,draw_178,Female,0.01917808,0.07671233,121.15115,0.9932978338180342
pakistan,draw_178,Male,0.01917808,0.07671233,121.15115,0.991955821658987
ethiopia,draw_178,Female,0.01917808,0.07671233,121.26126,0.9927817001652506
ethiopia,draw_178,Male,0.01917808,0.07671233,121.26126,0.9909781819095835
nigeria,draw_178,Female,0.01917808,0.07671233,121.26126,0.993694203594297
nigeria,draw_178,Male,0.01917808,0.07671233,121.26126,0.9910565350658418
pakistan,draw_178,Female,0.01917808,0.07671233,121.26126,0.9935068405534909
pakistan,draw_178,Male,0.01917808,0.07671233,121.26126,0.9922088279961742
ethiopia,draw_178,Female,0.01917808,0.07671233,121.37137,0.993039153094145
ethiopia,draw_178,Male,0.01917808,0.07671233,121.37137,0.9912315073900336
nigeria,draw_178,Female,0.01917808,0.07671233,121.37137,0.9939627719905945
nigeria,draw_178,Male,0.01917808,0.07671233,121.37137,0.9913658786081405
pakistan,draw_178,Female,0.01917808,0.07671233,121.37137,0.9937047143757457
pakistan,draw_178,Male,0.01917808,0.07671233,121.37137,0.9924517041878529
ethiopia,draw_178,Female,0.01917808,0.07671233,121.48148,0.9932831696980697
ethiopia,draw_178,Male,0.01917808,0.07671233,121.48148,0.9914720772913035
nigeria,draw_178,Female,0.01917808,0.07671233,121.48148,0.9942160755137639
nigeria,draw_178,Male,0.01917808,0.07671233,121.48148,0.991661859798783
pakistan,draw_178,Female,0.01917808,0.07671233,121.48148,0.9938905608686566
pakistan,draw_178,Male,0.01917808,0.07671233,121.48148,0.9926838935756983
ethiopia,draw_178,Female,0.01917808,0.07671233,121.59159,0.9935108235546174
ethiopia,draw_178,Male,0.01917808,0.07671233,121.59159,0.991698000995991
nigeria,draw_178,Female,0.01917808,0.07671233,121.59159,0.9944515823171426
nigeria,draw_178,Male,0.01917808,0.07671233,121.59159,0.9919430918887043
pakistan,draw_178,Female,0.01917808,0.07671233,121.59159,0.9940627664755745
pakistan,draw_178,Male,0.01917808,0.07671233,121.59159,0.9929040365016174
ethiopia,draw_178,Female,0.01917808,0.07671233,121.7017,0.9937238857793398
ethiopia,draw_178,Male,0.01917808,0.07671233,121.7017,0.9919094909934514
nigeria,draw_178,Female,0.01917808,0.07671233,121.7017,0.9946708914421599
nigeria,draw_178,Male,0.01917808,0.07671233,121.7017,0.9922099836713265
pakistan,draw_178,Female,0.01917808,0.07671233,121.7017,0.9942219575673631
pakistan,draw_178,Male,0.01917808,0.07671233,121.7017,0.9931121713015245
ethiopia,draw_178,Female,0.01917808,0.07671233,121.81181,0.9939260168959285
ethiopia,draw_178,Male,0.01917808,0.07671233,121.81181,0.9921105032800778
nigeria,draw_178,Female,0.01917808,0.07671233,121.81181,0.9948777079182346
nigeria,draw_178,Male,0.01917808,0.07671233,121.81181,0.9924664509978772
pakistan,draw_178,Female,0.01917808,0.07671233,121.81181,0.9943719550091604
pakistan,draw_178,Male,0.01917808,0.07671233,121.81181,0.9933124593192307
ethiopia,draw_178,Female,0.01917808,0.07671233,121.92192,0.9941159102144783
ethiopia,draw_178,Male,0.01917808,0.07671233,121.92192,0.9922994864462384
nigeria,draw_178,Female,0.01917808,0.07671233,121.92192,0.9950705234333473
nigeria,draw_178,Male,0.01917808,0.07671233,121.92192,0.9927111008316623
pakistan,draw_178,Female,0.01917808,0.07671233,121.92192,0.9945112348777373
pakistan,draw_178,Male,0.01917808,0.07671233,121.92192,0.9935031415604245
ethiopia,draw_178,Female,0.01917808,0.07671233,122.03203,0.9942932841183623
ethiopia,draw_178,Male,0.01917808,0.07671233,122.03203,0.9924774669917854
nigeria,draw_178,Female,0.01917808,0.07671233,122.03203,0.995249962788473
nigeria,draw_178,Male,0.01917808,0.07671233,122.03203,0.9929444625807976
pakistan,draw_178,Female,0.01917808,0.07671233,122.03203,0.9946401392944046
pakistan,draw_178,Male,0.01917808,0.07671233,122.03203,0.9936846605441506
ethiopia,draw_178,Female,0.01917808,0.07671233,122.14214,0.9944585234929962
ethiopia,draw_178,Male,0.01917808,0.07671233,122.14214,0.9926433076184371
nigeria,draw_178,Female,0.01917808,0.07671233,122.14214,0.9954154290920998
nigeria,draw_178,Male,0.01917808,0.07671233,122.14214,0.9931659524005918
pakistan,draw_178,Female,0.01917808,0.07671233,122.14214,0.9947587514912304
pakistan,draw_178,Male,0.01917808,0.07671233,122.14214,0.9938568861289431
ethiopia,draw_178,Female,0.01917808,0.07671233,122.25225,0.994609967046368
ethiopia,draw_178,Male,0.01917808,0.07671233,122.25225,0.9927957693711446
nigeria,draw_178,Female,0.01917808,0.07671233,122.25225,0.9955650423419221
nigeria,draw_178,Male,0.01917808,0.07671233,122.25225,0.9933744949599221
pakistan,draw_178,Female,0.01917808,0.07671233,122.25225,0.9948646412397265
pakistan,draw_178,Male,0.01917808,0.07671233,122.25225,0.9940183825480043
ethiopia,draw_178,Female,0.01917808,0.07671233,122.36236,0.9947463598064864
ethiopia,draw_178,Male,0.01917808,0.07671233,122.36236,0.9929341599726481
nigeria,draw_178,Female,0.01917808,0.07671233,122.36236,0.9956977317275633
nigeria,draw_178,Male,0.01917808,0.07671233,122.36236,0.9935684876680989
pakistan,draw_178,Female,0.01917808,0.07671233,122.36236,0.9949577785138559
pakistan,draw_178,Male,0.01917808,0.07671233,122.36236,0.9941682385822298
ethiopia,draw_178,Female,0.01917808,0.07671233,122.47247,0.9948687724855598
ethiopia,draw_178,Male,0.01917808,0.07671233,122.47247,0.9930587348530229
nigeria,draw_178,Female,0.01917808,0.07671233,122.47247,0.995814801002285
nigeria,draw_178,Male,0.01917808,0.07671233,122.47247,0.9937488188557342
pakistan,draw_178,Female,0.01917808,0.07671233,122.47247,0.99503844096713
pakistan,draw_178,Male,0.01917808,0.07671233,122.47247,0.9943065864967497
ethiopia,draw_178,Female,0.01917808,0.07671233,122.58258,0.9949794881671391
ethiopia,draw_178,Male,0.01917808,0.07671233,122.58258,0.9931718481549442
nigeria,draw_178,Female,0.01917808,0.07671233,122.58258,0.9959186723796786
nigeria,draw_178,Male,0.01917808,0.07671233,122.58258,0.9939184512271133
pakistan,draw_178,Female,0.01917808,0.07671233,122.58258,0.9951088866269799
pakistan,draw_178,Male,0.01917808,0.07671233,122.58258,0.9944361380844177
ethiopia,draw_178,Female,0.01917808,0.07671233,122.69269,0.9950786526737397
ethiopia,draw_178,Male,0.01917808,0.07671233,122.69269,0.9932738352403102
nigeria,draw_178,Female,0.01917808,0.07671233,122.69269,0.996009227088841
nigeria,draw_178,Male,0.01917808,0.07671233,122.69269,0.9940768741765365
pakistan,draw_178,Female,0.01917808,0.07671233,122.69269,0.9951694508655242
pakistan,draw_178,Male,0.01917808,0.07671233,122.69269,0.99455676485796
ethiopia,draw_178,Female,0.01917808,0.07671233,122.8028,0.9951689410518753
ethiopia,draw_178,Male,0.01917808,0.07671233,122.8028,0.9933678736547715
nigeria,draw_178,Female,0.01917808,0.07671233,122.8028,0.9960897127970043
nigeria,draw_178,Male,0.01917808,0.07671233,122.8028,0.994227070006078
pakistan,draw_178,Female,0.01917808,0.07671233,122.8028,0.9952231704450146
pakistan,draw_178,Male,0.01917808,0.07671233,122.8028,0.9946714024651615
ethiopia,draw_178,Female,0.01917808,0.07671233,122.91291,0.9952481053247052
ethiopia,draw_178,Male,0.01917808,0.07671233,122.91291,0.9934498595611246
nigeria,draw_178,Female,0.01917808,0.07671233,122.91291,0.9961561690314314
nigeria,draw_178,Male,0.01917808,0.07671233,122.91291,0.9943655887364903
pakistan,draw_178,Female,0.01917808,0.07671233,122.91291,0.9952662828692268
pakistan,draw_178,Male,0.01917808,0.07671233,122.91291,0.9947767933789248
ethiopia,draw_178,Female,0.01917808,0.07671233,123.02302,0.9953113911337127
ethiopia,draw_178,Male,0.01917808,0.07671233,123.02302,0.9935169000011465
nigeria,draw_178,Female,0.01917808,0.07671233,123.02302,0.9962052409209974
nigeria,draw_178,Male,0.01917808,0.07671233,123.02302,0.9944896274593598
pakistan,draw_178,Female,0.01917808,0.07671233,123.02302,0.995295130804231
pakistan,draw_178,Male,0.01917808,0.07671233,123.02302,0.9948700702949638
ethiopia,draw_178,Female,0.01917808,0.07671233,123.13313,0.9953592980739697
ethiopia,draw_178,Male,0.01917808,0.07671233,123.13313,0.9935689209482582
nigeria,draw_178,Female,0.01917808,0.07671233,123.13313,0.9962370433178646
nigeria,draw_178,Male,0.01917808,0.07671233,123.13313,0.9945983827112556
pakistan,draw_178,Female,0.01917808,0.07671233,123.13313,0.9953103927235709
pakistan,draw_178,Male,0.01917808,0.07671233,123.13313,0.9949509209071719
ethiopia,draw_178,Female,0.01917808,0.07671233,123.24324,0.9953945758768131
ethiopia,draw_178,Male,0.01917808,0.07671233,123.24324,0.9936088255973798
nigeria,draw_178,Female,0.01917808,0.07671233,123.24324,0.9962552930103105
nigeria,draw_178,Male,0.01917808,0.07671233,123.24324,0.9946950734418558
pakistan,draw_178,Female,0.01917808,0.07671233,123.24324,0.9953151085973106
pakistan,draw_178,Male,0.01917808,0.07671233,123.24324,0.9950215310489958
ethiopia,draw_178,Female,0.01917808,0.07671233,123.35335,0.9954178271772003
ethiopia,draw_178,Male,0.01917808,0.07671233,123.35335,0.9936371964770997
nigeria,draw_178,Female,0.01917808,0.07671233,123.35335,0.9962596873229936
nigeria,draw_178,Male,0.01917808,0.07671233,123.35335,0.9947809937722127
pakistan,draw_178,Female,0.01917808,0.07671233,123.35335,0.9953086908099231
pakistan,draw_178,Male,0.01917808,0.07671233,123.35335,0.9950830069781781
ethiopia,draw_178,Female,0.01917808,0.07671233,123.46346,0.9954294535464516
ethiopia,draw_178,Male,0.01917808,0.07671233,123.46346,0.993654434476826
nigeria,draw_178,Female,0.01917808,0.07671233,123.46346,0.9962506112379631
nigeria,draw_178,Male,0.01917808,0.07671233,123.46346,0.9948549310266942
pakistan,draw_178,Female,0.01917808,0.07671233,123.46346,0.9952923506005524
pakistan,draw_178,Male,0.01917808,0.07671233,123.46346,0.9951353140596073
ethiopia,draw_178,Female,0.01917808,0.07671233,123.57357,0.9954298015366728
ethiopia,draw_178,Male,0.01917808,0.07671233,123.57357,0.9936600493216509
nigeria,draw_178,Female,0.01917808,0.07671233,123.57357,0.9962277071928898
nigeria,draw_178,Male,0.01917808,0.07671233,123.57357,0.9949178776327332
pakistan,draw_178,Female,0.01917808,0.07671233,123.57357,0.9952656631825335
pakistan,draw_178,Male,0.01917808,0.07671233,123.57357,0.9951784964590936
ethiopia,draw_178,Female,0.01917808,0.07671233,123.68368,0.9954168832939712
ethiopia,draw_178,Male,0.01917808,0.07671233,123.68368,0.9936531712801411
nigeria,draw_178,Female,0.01917808,0.07671233,123.68368,0.9961905403823872
nigeria,draw_178,Male,0.01917808,0.07671233,123.68368,0.994968458760825
pakistan,draw_178,Female,0.01917808,0.07671233,123.68368,0.9952270146635313
pakistan,draw_178,Male,0.01917808,0.07671233,123.68368,0.9952116795018964
ethiopia,draw_178,Female,0.01917808,0.07671233,123.79379,0.9953906957578665
ethiopia,draw_178,Male,0.01917808,0.07671233,123.79379,0.9936331889295459
nigeria,draw_178,Female,0.01917808,0.07671233,123.79379,0.996137101890814
nigeria,draw_178,Male,0.01917808,0.07671233,123.79379,0.9950062503594114
pakistan,draw_178,Female,0.01917808,0.07671233,123.79379,0.9951760207351364
pakistan,draw_178,Male,0.01917808,0.07671233,123.79379,0.9952340859794865
ethiopia,draw_178,Female,0.01917808,0.07671233,123.9039,0.9953517595127271
ethiopia,draw_178,Male,0.01917808,0.07671233,123.9039,0.9936007668387925
nigeria,draw_178,Female,0.01917808,0.07671233,123.9039,0.9960691676274086
nigeria,draw_178,Male,0.01917808,0.07671233,123.9039,0.9950313356067951
pakistan,draw_178,Female,0.01917808,0.07671233,123.9039,0.9951138694272331
pakistan,draw_178,Male,0.01917808,0.07671233,123.9039,0.9952466572298991
ethiopia,draw_178,Female,0.01917808,0.07671233,124.01401,0.9953007739302939
ethiopia,draw_178,Male,0.01917808,0.07671233,124.01401,0.993556862878977
nigeria,draw_178,Female,0.01917808,0.07671233,124.01401,0.9959880595012015
nigeria,draw_178,Male,0.01917808,0.07671233,124.01401,0.995045242858701
pakistan,draw_178,Female,0.01917808,0.07671233,124.01401,0.9950413105679887
pakistan,draw_178,Male,0.01917808,0.07671233,124.01401,0.9952495065118717
ethiopia,draw_178,Female,0.01917808,0.07671233,124.12412,0.9952381638393619
ethiopia,draw_178,Male,0.01917808,0.07671233,124.12412,0.9935017789774229
nigeria,draw_178,Female,0.01917808,0.07671233,124.12412,0.9958927322288929
nigeria,draw_178,Male,0.01917808,0.07671233,124.12412,0.99504788181873
pakistan,draw_178,Female,0.01917808,0.07671233,124.12412,0.994957738355397
pakistan,draw_178,Male,0.01917808,0.07671233,124.12412,0.9952433971748326
ethiopia,draw_178,Female,0.01917808,0.07671233,124.23423,0.9951613288094148
ethiopia,draw_178,Male,0.01917808,0.07671233,124.23423,0.9934330015075604
nigeria,draw_178,Female,0.01917808,0.07671233,124.23423,0.995782082788647
nigeria,draw_178,Male,0.01917808,0.07671233,124.23423,0.995037513945814
pakistan,draw_178,Female,0.01917808,0.07671233,124.23423,0.9948614239885636
pakistan,draw_178,Male,0.01917808,0.07671233,124.23423,0.9952259731048417
ethiopia,draw_178,Female,0.01917808,0.07671233,124.34434,0.9950684774584929
ethiopia,draw_178,Male,0.01917808,0.07671233,124.34434,0.9933481171801801
nigeria,draw_178,Female,0.01917808,0.07671233,124.34434,0.9956526003537074
nigeria,draw_178,Male,0.01917808,0.07671233,124.34434,0.9950110946257498
pakistan,draw_178,Female,0.01917808,0.07671233,124.34434,0.9947495761685579
pakistan,draw_178,Male,0.01917808,0.07671233,124.34434,0.9951946774964121
ethiopia,draw_178,Female,0.01917808,0.07671233,124.45445,0.9949547317593662
ethiopia,draw_178,Male,0.01917808,0.07671233,124.45445,0.9932429065504421
nigeria,draw_178,Female,0.01917808,0.07671233,124.45445,0.9955002918967102
nigeria,draw_178,Male,0.01917808,0.07671233,124.45445,0.9949650014629521
pakistan,draw_178,Female,0.01917808,0.07671233,124.45445,0.9946181103225165
pakistan,draw_178,Male,0.01917808,0.07671233,124.45445,0.9951458716075767
ethiopia,draw_178,Female,0.01917808,0.07671233,124.56456,0.9948168624559657
ethiopia,draw_178,Male,0.01917808,0.07671233,124.56456,0.9931143701327366
nigeria,draw_178,Female,0.01917808,0.07671233,124.56456,0.9953218626144368
nigeria,draw_178,Male,0.01917808,0.07671233,124.56456,0.9948954858605801
pakistan,draw_178,Female,0.01917808,0.07671233,124.56456,0.9944639433452365
pakistan,draw_178,Male,0.01917808,0.07671233,124.56456,0.9950762311487291
ethiopia,draw_178,Female,0.01917808,0.07671233,124.67467,0.9946565800572649
ethiopia,draw_178,Male,0.01917808,0.07671233,124.67467,0.9929634196890027
nigeria,draw_178,Female,0.01917808,0.07671233,124.67467,0.9951186580891324
nigeria,draw_178,Male,0.01917808,0.07671233,124.67467,0.9948041521779931
pakistan,draw_178,Female,0.01917808,0.07671233,124.67467,0.9942880457314647
pakistan,draw_178,Male,0.01917808,0.07671233,124.67467,0.9949862075972857
ethiopia,draw_178,Female,0.01917808,0.07671233,124.78478,0.9944732464176284
ethiopia,draw_178,Male,0.01917808,0.07671233,124.78478,0.9927903958216403
nigeria,draw_178,Female,0.01917808,0.07671233,124.78478,0.994890847245183
nigeria,draw_178,Male,0.01917808,0.07671233,124.78478,0.9946905070626693
pakistan,draw_178,Female,0.01917808,0.07671233,124.78478,0.9940898983459197
pakistan,draw_178,Male,0.01917808,0.07671233,124.78478,0.9948764066853533
ethiopia,draw_178,Female,0.01917808,0.07671233,124.89489,0.9942668803131267
ethiopia,draw_178,Male,0.01917808,0.07671233,124.89489,0.9925944745900681
nigeria,draw_178,Female,0.01917808,0.07671233,124.89489,0.9946378156868216
nigeria,draw_178,Male,0.01917808,0.07671233,124.89489,0.9945546341980404
pakistan,draw_178,Female,0.01917808,0.07671233,124.89489,0.993869801541639
pakistan,draw_178,Male,0.01917808,0.07671233,124.89489,0.9947466031698546
ethiopia,draw_178,Female,0.01917808,0.07671233,125.00501,0.9940346611951805
ethiopia,draw_178,Male,0.01917808,0.07671233,125.00501,0.9923732184600933
nigeria,draw_178,Female,0.01917808,0.07671233,125.00501,0.994357233473452
nigeria,draw_178,Male,0.01917808,0.07671233,125.00501,0.9943942779301149
pakistan,draw_178,Female,0.01917808,0.07671233,125.00501,0.9936250435787938
pakistan,draw_178,Male,0.01917808,0.07671233,125.00501,0.9945935231261857
ethiopia,draw_178,Female,0.01917808,0.07671233,125.11512,0.9937758974604224
ethiopia,draw_178,Male,0.01917808,0.07671233,125.11512,0.9921256590740345
nigeria,draw_178,Female,0.01917808,0.07671233,125.11512,0.9940486461343607
nigeria,draw_178,Male,0.01917808,0.07671233,125.11512,0.9942078969289428
pakistan,draw_178,Female,0.01917808,0.07671233,125.11512,0.9933540602503756
pakistan,draw_178,Male,0.01917808,0.07671233,125.11512,0.9944168452357108
ethiopia,draw_178,Female,0.01917808,0.07671233,125.22523,0.9935987232213154
ethiopia,draw_178,Male,0.01917808,0.07671233,125.22523,0.9919535562477125
nigeria,draw_178,Female,0.01917808,0.07671233,125.22523,0.9938282153466782
nigeria,draw_178,Male,0.01917808,0.07671233,125.22523,0.9940898291482317
pakistan,draw_178,Female,0.01917808,0.07671233,125.22523,0.9931643960166026
pakistan,draw_178,Male,0.01917808,0.07671233,125.22523,0.9943029637422965
ethiopia,draw_178,Female,0.01917808,0.07671233,125.33534,0.9936676201461772
ethiopia,draw_178,Male,0.01917808,0.07671233,125.33534,0.9920121359821824
nigeria,draw_178,Female,0.01917808,0.07671233,125.33534,0.9938772303075676
nigeria,draw_178,Male,0.01917808,0.07671233,125.33534,0.9941832933093322
pakistan,draw_178,Female,0.01917808,0.07671233,125.33534,0.9932188790070193
pakistan,draw_178,Male,0.01917808,0.07671233,125.33534,0.994382903295634
ethiopia,draw_178,Female,0.01917808,0.07671233,125.44545,0.9937256444831789
ethiopia,draw_178,Male,0.01917808,0.07671233,125.44545,0.9920586386733629
nigeria,draw_178,Female,0.01917808,0.07671233,125.44545,0.9939149506481093
nigeria,draw_178,Male,0.01917808,0.07671233,125.44545,0.9942647622082246
pakistan,draw_178,Female,0.01917808,0.07671233,125.44545,0.9932625093850789
pakistan,draw_178,Male,0.01917808,0.07671233,125.44545,0.9944513485514123
ethiopia,draw_178,Female,0.01917808,0.07671233,125.55556,0.9937723206148776
ethiopia,draw_178,Male,0.01917808,0.07671233,125.55556,0.9920937464265686
nigeria,draw_178,Female,0.01917808,0.07671233,125.55556,0.9939408735364488
nigeria,draw_178,Male,0.01917808,0.07671233,125.55556,0.9943336883112907
pakistan,draw_178,Female,0.01917808,0.07671233,125.55556,0.9932959789097571
pakistan,draw_178,Male,0.01917808,0.07671233,125.55556,0.9945082682777017
ethiopia,draw_178,Female,0.01917808,0.07671233,125.66567,0.9938072553704539
ethiopia,draw_178,Male,0.01917808,0.07671233,125.66567,0.9921161750214706
nigeria,draw_178,Female,0.01917808,0.07671233,125.66567,0.9939548141240097
nigeria,draw_178,Male,0.01917808,0.07671233,125.66567,0.9943895929930316
pakistan,draw_178,Female,0.01917808,0.07671233,125.66567,0.9933183454178683
pakistan,draw_178,Male,0.01917808,0.07671233,125.66567,0.9945528310570865
ethiopia,draw_178,Female,0.01917808,0.07671233,125.77578,0.9938303599642054
ethiopia,draw_178,Male,0.01917808,0.07671233,125.77578,0.9921256261065042
nigeria,draw_178,Female,0.01917808,0.07671233,125.77578,0.9939555650286102
nigeria,draw_178,Male,0.01917808,0.07671233,125.77578,0.994431940617808
pakistan,draw_178,Female,0.01917808,0.07671233,125.77578,0.9933286843392368
pakistan,draw_178,Male,0.01917808,0.07671233,125.77578,0.9945842426795242
ethiopia,draw_178,Female,0.01917808,0.07671233,125.88589,0.9938390479975191
ethiopia,draw_178,Male,0.01917808,0.07671233,125.88589,0.9921204350765364
nigeria,draw_178,Female,0.01917808,0.07671233,125.88589,0.9939424417410092
nigeria,draw_178,Male,0.01917808,0.07671233,125.88589,0.9944586705959148
pakistan,draw_178,Female,0.01917808,0.07671233,125.88589,0.9933262270695649
pakistan,draw_178,Male,0.01917808,0.07671233,125.88589,0.994600968895367
ethiopia,draw_178,Female,0.01917808,0.07671233,125.996,0.9938275041214386
ethiopia,draw_178,Male,0.01917808,0.07671233,125.996,0.9920940705234039
nigeria,draw_178,Female,0.01917808,0.07671233,125.996,0.9939079513132705
nigeria,draw_178,Male,0.01917808,0.07671233,125.996,0.9944627877357102
pakistan,draw_178,Female,0.01917808,0.07671233,125.996,0.9933045158832967
pakistan,draw_178,Male,0.01917808,0.07671233,125.996,0.9945964378457092
ethiopia,draw_178,Female,0.01917808,0.07671233,126.10611,0.9937978586316608
ethiopia,draw_178,Male,0.01917808,0.07671233,126.10611,0.9920488201340221
nigeria,draw_178,Female,0.01917808,0.07671233,126.10611,0.9938554062173474
nigeria,draw_178,Male,0.01917808,0.07671233,126.10611,0.9944470569253461
pakistan,draw_178,Female,0.01917808,0.07671233,126.10611,0.9932652021293318
pakistan,draw_178,Male,0.01917808,0.07671233,126.10611,0.9945726101327047
ethiopia,draw_178,Female,0.01917808,0.07671233,126.21622,0.9937500581400021
ethiopia,draw_178,Male,0.01917808,0.07671233,126.21622,0.9919848070593844
nigeria,draw_178,Female,0.01917808,0.07671233,126.21622,0.9937846107330829
nigeria,draw_178,Male,0.01917808,0.07671233,126.21622,0.9944111769706728
pakistan,draw_178,Female,0.01917808,0.07671233,126.21622,0.9932091753594334
pakistan,draw_178,Male,0.01917808,0.07671233,126.21622,0.9945304001074506
ethiopia,draw_178,Female,0.01917808,0.07671233,126.32633,0.9936848143833218
ethiopia,draw_178,Male,0.01917808,0.07671233,126.32633,0.9919023372157969
nigeria,draw_178,Female,0.01917808,0.07671233,126.32633,0.9936956396471907
nigeria,draw_178,Male,0.01917808,0.07671233,126.32633,0.9943555741000738
pakistan,draw_178,Female,0.01917808,0.07671233,126.32633,0.9931362097621359
pakistan,draw_178,Male,0.01917808,0.07671233,126.32633,0.9944687865341605
ethiopia,draw_178,Female,0.01917808,0.07671233,126.43644,0.9936027545260306
ethiopia,draw_178,Male,0.01917808,0.07671233,126.43644,0.9918024861321513
nigeria,draw_178,Female,0.01917808,0.07671233,126.43644,0.9935891895181694
nigeria,draw_178,Male,0.01917808,0.07671233,126.43644,0.9942814056593944
pakistan,draw_178,Female,0.01917808,0.07671233,126.43644,0.9930473541867455
pakistan,draw_178,Male,0.01917808,0.07671233,126.43644,0.9943895042892653
ethiopia,draw_178,Female,0.01917808,0.07671233,126.54655,0.993505859887298
ethiopia,draw_178,Male,0.01917808,0.07671233,126.54655,0.9916872352965942
nigeria,draw_178,Female,0.01917808,0.07671233,126.54655,0.9934680476983602
nigeria,draw_178,Male,0.01917808,0.07671233,126.54655,0.9941908955287618
pakistan,draw_178,Female,0.01917808,0.07671233,126.54655,0.9929445219515795
pakistan,draw_178,Male,0.01917808,0.07671233,126.54655,0.9942952494977775
ethiopia,draw_178,Female,0.01917808,0.07671233,126.65666,0.9933952178697991
ethiopia,draw_178,Male,0.01917808,0.07671233,126.65666,0.9915577480631497
nigeria,draw_178,Female,0.01917808,0.07671233,126.65666,0.9933329327266306
nigeria,draw_178,Male,0.01917808,0.07671233,126.65666,0.9940850865761038
pakistan,draw_178,Female,0.01917808,0.07671233,126.65666,0.9928291406036545
pakistan,draw_178,Male,0.01917808,0.07671233,126.65666,0.9941860729606856
ethiopia,draw_178,Female,0.01917808,0.07671233,126.76677,0.9932712296544108
ethiopia,draw_178,Male,0.01917808,0.07671233,126.76677,0.9914137411651099
nigeria,draw_178,Female,0.01917808,0.07671233,126.76677,0.9931836078331978
nigeria,draw_178,Male,0.01917808,0.07671233,126.76677,0.9939644241774814
pakistan,draw_178,Female,0.01917808,0.07671233,126.76677,0.9927005310834635
pakistan,draw_178,Male,0.01917808,0.07671233,126.76677,0.9940626431967552
ethiopia,draw_178,Female,0.01917808,0.07671233,126.87688,0.9931357445872849
ethiopia,draw_178,Male,0.01917808,0.07671233,126.87688,0.9912576878868066
nigeria,draw_178,Female,0.01917808,0.07671233,126.87688,0.9930226183353448
nigeria,draw_178,Male,0.01917808,0.07671233,126.87688,0.9938304702568761
pakistan,draw_178,Female,0.01917808,0.07671233,126.87688,0.9925612185450347
pakistan,draw_178,Male,0.01917808,0.07671233,126.87688,0.9939267794829845
ethiopia,draw_178,Female,0.01917808,0.07671233,126.98699,0.992987448622849
ethiopia,draw_178,Male,0.01917808,0.07671233,126.98699,0.9910883961353143
nigeria,draw_178,Female,0.01917808,0.07671233,126.98699,0.9928483489431662
nigeria,draw_178,Male,0.01917808,0.07671233,126.98699,0.9936826238806642
pakistan,draw_178,Female,0.01917808,0.07671233,126.98699,0.9924098154956492
pakistan,draw_178,Male,0.01917808,0.07671233,126.98699,0.9937778030941394
ethiopia,draw_178,Female,0.01917808,0.07671233,127.0971,0.9928266479409189
ethiopia,draw_178,Male,0.01917808,0.07671233,127.0971,0.9909064279345623
nigeria,draw_178,Female,0.01917808,0.07671233,127.0971,0.9926619797617399
nigeria,draw_178,Male,0.01917808,0.07671233,127.0971,0.9935208876366716
pakistan,draw_178,Female,0.01917808,0.07671233,127.0971,0.9922469482892262
pakistan,draw_178,Male,0.01917808,0.07671233,127.0971,0.9936156234469833
ethiopia,draw_178,Female,0.01917808,0.07671233,127.20721,0.9926536995070043
ethiopia,draw_178,Male,0.01917808,0.07671233,127.20721,0.9907112539999994
nigeria,draw_178,Female,0.01917808,0.07671233,127.20721,0.9924625911476215
nigeria,draw_178,Male,0.01917808,0.07671233,127.20721,0.9933455740909509
pakistan,draw_178,Female,0.01917808,0.07671233,127.20721,0.9920719501883513
pakistan,draw_178,Male,0.01917808,0.07671233,127.20721,0.993440587449432
ethiopia,draw_178,Female,0.01917808,0.07671233,127.31732,0.9924682726945241
ethiopia,draw_178,Male,0.01917808,0.07671233,127.31732,0.990503721334605
nigeria,draw_178,Female,0.01917808,0.07671233,127.31732,0.992251104958903
nigeria,draw_178,Male,0.01917808,0.07671233,127.31732,0.9931565038582736
pakistan,draw_178,Female,0.01917808,0.07671233,127.31732,0.9918854394380029
pakistan,draw_178,Male,0.01917808,0.07671233,127.31732,0.9932522468746648
ethiopia,draw_178,Female,0.01917808,0.07671233,127.42743,0.992269300844546
ethiopia,draw_178,Male,0.01917808,0.07671233,127.42743,0.9902811180110266
nigeria,draw_178,Female,0.01917808,0.07671233,127.42743,0.9920250108575686
nigeria,draw_178,Male,0.01917808,0.07671233,127.42743,0.9929514927625132
pakistan,draw_178,Female,0.01917808,0.07671233,127.42743,0.9916855254784233
pakistan,draw_178,Male,0.01917808,0.07671233,127.42743,0.9930492070494528
ethiopia,draw_178,Female,0.01917808,0.07671233,127.53754,0.9920586226924125
ethiopia,draw_178,Male,0.01917808,0.07671233,127.53754,0.9900476424849908
nigeria,draw_178,Female,0.01917808,0.07671233,127.53754,0.9917876045397583
nigeria,draw_178,Male,0.01917808,0.07671233,127.53754,0.9927343174812329
pakistan,draw_178,Female,0.01917808,0.07671233,127.53754,0.9914750801043866
pakistan,draw_178,Male,0.01917808,0.07671233,127.53754,0.9928343329078125
ethiopia,draw_178,Female,0.01917808,0.07671233,127.64765,0.9918365734791748
ethiopia,draw_178,Male,0.01917808,0.07671233,127.64765,0.9898017701123913
nigeria,draw_178,Female,0.01917808,0.07671233,127.64765,0.9915391183798801
nigeria,draw_178,Male,0.01917808,0.07671233,127.64765,0.9925045175458594
pakistan,draw_178,Female,0.01917808,0.07671233,127.64765,0.9912536570499485
pakistan,draw_178,Male,0.01917808,0.07671233,127.64765,0.992607423931691
ethiopia,draw_178,Female,0.01917808,0.07671233,127.75776,0.9916026287721911
ethiopia,draw_178,Male,0.01917808,0.07671233,127.75776,0.9895433423076763
nigeria,draw_178,Female,0.01917808,0.07671233,127.75776,0.9912779233462684
nigeria,draw_178,Male,0.01917808,0.07671233,127.75776,0.9922606184184366
pakistan,draw_178,Female,0.01917808,0.07671233,127.75776,0.991020810705655
pakistan,draw_178,Male,0.01917808,0.07671233,127.75776,0.9923676109815506
ethiopia,draw_178,Female,0.01917808,0.07671233,127.86787,0.9913557716731222
ethiopia,draw_178,Male,0.01917808,0.07671233,127.86787,0.9892728709735411
nigeria,draw_178,Female,0.01917808,0.07671233,127.86787,0.9910047884384685
nigeria,draw_178,Male,0.01917808,0.07671233,127.86787,0.9920036581410745
pakistan,draw_178,Female,0.01917808,0.07671233,127.86787,0.9907768091411044
pakistan,draw_178,Male,0.01917808,0.07671233,127.86787,0.9921151491291761
ethiopia,draw_178,Female,0.01917808,0.07671233,127.97798,0.9910971497656985
ethiopia,draw_178,Male,0.01917808,0.07671233,127.97798,0.9889893730605241
nigeria,draw_178,Female,0.01917808,0.07671233,127.97798,0.9907189365295762
nigeria,draw_178,Male,0.01917808,0.07671233,127.97798,0.9917326242482206
pakistan,draw_178,Female,0.01917808,0.07671233,127.97798,0.9905208784847541
pakistan,draw_178,Male,0.01917808,0.07671233,127.97798,0.991849308548411
ethiopia,draw_178,Female,0.01917808,0.07671233,128.08809,0.9908248895964383
ethiopia,draw_178,Male,0.01917808,0.07671233,128.08809,0.9886917990970596
nigeria,draw_178,Female,0.01917808,0.07671233,128.08809,0.9904196476696958
nigeria,draw_178,Male,0.01917808,0.07671233,128.08809,0.9914467103011846
pakistan,draw_178,Female,0.01917808,0.07671233,128.08809,0.9902518579314881
pakistan,draw_178,Male,0.01917808,0.07671233,128.08809,0.9915691227645108
ethiopia,draw_178,Female,0.01917808,0.07671233,128.1982,0.9905386452475662
ethiopia,draw_178,Male,0.01917808,0.07671233,128.1982,0.9883802032756112
nigeria,draw_178,Female,0.01917808,0.07671233,128.1982,0.9901064149709734
nigeria,draw_178,Male,0.01917808,0.07671233,128.1982,0.9911454361629801
pakistan,draw_178,Female,0.01917808,0.07671233,128.1982,0.9899702903551443
pakistan,draw_178,Male,0.01917808,0.07671233,128.1982,0.9912746975501849
ethiopia,draw_178,Female,0.01917808,0.07671233,128.30831,0.9902405149619009
ethiopia,draw_178,Male,0.01917808,0.07671233,128.30831,0.9880565079296487
nigeria,draw_178,Female,0.01917808,0.07671233,128.30831,0.9897812566190254
nigeria,draw_178,Male,0.01917808,0.07671233,128.30831,0.9908313201300076
pakistan,draw_178,Female,0.01917808,0.07671233,128.30831,0.9896771997713781
pakistan,draw_178,Male,0.01917808,0.07671233,128.30831,0.9909680052427309
ethiopia,draw_178,Female,0.01917808,0.07671233,128.41842,0.9899312638484321
ethiopia,draw_178,Male,0.01917808,0.07671233,128.41842,0.9877208827669937
nigeria,draw_178,Female,0.01917808,0.07671233,128.41842,0.9894445161923227
nigeria,draw_178,Male,0.01917808,0.07671233,128.41842,0.9905042496883392
pakistan,draw_178,Female,0.01917808,0.07671233,128.41842,0.9893732453151353
pakistan,draw_178,Male,0.01917808,0.07671233,128.41842,0.9906489516315979
ethiopia,draw_178,Female,0.01917808,0.07671233,128.52853,0.9896112820732115
ethiopia,draw_178,Male,0.01917808,0.07671233,128.52853,0.9873743239265205
nigeria,draw_178,Female,0.01917808,0.07671233,128.52853,0.989097302471222
nigeria,draw_178,Male,0.01917808,0.07671233,128.52853,0.9901657143056468
pakistan,draw_178,Female,0.01917808,0.07671233,128.52853,0.989058963963351
pakistan,draw_178,Male,0.01917808,0.07671233,128.52853,0.9903189760733371
ethiopia,draw_178,Female,0.01917808,0.07671233,128.63864,0.9892811968886273
ethiopia,draw_178,Male,0.01917808,0.07671233,128.63864,0.9870176904319449
nigeria,draw_178,Female,0.01917808,0.07671233,128.63864,0.9887399603909314
nigeria,draw_178,Male,0.01917808,0.07671233,128.63864,0.9898158897692888
pakistan,draw_178,Female,0.01917808,0.07671233,128.63864,0.9887357929082731
pakistan,draw_178,Male,0.01917808,0.07671233,128.63864,0.9899786060740413
ethiopia,draw_178,Female,0.01917808,0.07671233,128.74875,0.988941392912672
ethiopia,draw_178,Male,0.01917808,0.07671233,128.74875,0.98665085435339
nigeria,draw_178,Female,0.01917808,0.07671233,128.74875,0.9883725509527562
nigeria,draw_178,Male,0.01917808,0.07671233,128.74875,0.9894556745156302
pakistan,draw_178,Female,0.01917808,0.07671233,128.74875,0.9884030716695843
pakistan,draw_178,Male,0.01917808,0.07671233,128.74875,0.9896276891398309
ethiopia,draw_178,Female,0.01917808,0.07671233,128.85886,0.9885898005726584
ethiopia,draw_178,Male,0.01917808,0.07671233,128.85886,0.9862720173378835
nigeria,draw_178,Female,0.01917808,0.07671233,128.85886,0.9879933350840449
nigeria,draw_178,Male,0.01917808,0.07671233,128.85886,0.9890822523273168
pakistan,draw_178,Female,0.01917808,0.07671233,128.85886,0.9880590909635992
pakistan,draw_178,Male,0.01917808,0.07671233,128.85886,0.9892650868972264
ethiopia,draw_178,Female,0.01917808,0.07671233,128.96897,0.9882289188142386
ethiopia,draw_178,Male,0.01917808,0.07671233,128.96897,0.9858839702997271
nigeria,draw_178,Female,0.01917808,0.07671233,128.96897,0.987605055076264
nigeria,draw_178,Male,0.01917808,0.07671233,128.96897,0.9886987925711126
pakistan,draw_178,Female,0.01917808,0.07671233,128.96897,0.9877068796853004
pakistan,draw_178,Male,0.01917808,0.07671233,128.96897,0.9888929344123778
ethiopia,draw_178,Female,0.01917808,0.07671233,129.07908,0.9878595429544418
ethiopia,draw_178,Male,0.01917808,0.07671233,129.07908,0.9854863794542855
nigeria,draw_178,Female,0.01917808,0.07671233,129.07908,0.9872078504874167
nigeria,draw_178,Male,0.01917808,0.07671233,129.07908,0.988305490725368
pakistan,draw_178,Female,0.01917808,0.07671233,129.07908,0.9873460045005845
pakistan,draw_178,Male,0.01917808,0.07671233,129.07908,0.9885108874935871
ethiopia,draw_178,Female,0.01917808,0.07671233,129.18919,0.9874805340077952
ethiopia,draw_178,Male,0.01917808,0.07671233,129.18919,0.9850796131193003
nigeria,draw_178,Female,0.01917808,0.07671233,129.18919,0.9868012217175843
nigeria,draw_178,Male,0.01917808,0.07671233,129.18919,0.9879019775031922
pakistan,draw_178,Female,0.01917808,0.07671233,129.18919,0.9869767358248474
pakistan,draw_178,Male,0.01917808,0.07671233,129.18919,0.9881195436753452
ethiopia,draw_178,Female,0.01917808,0.07671233,129.2993,0.9870925963580345
ethiopia,draw_178,Male,0.01917808,0.07671233,129.2993,0.9846636427989585
nigeria,draw_178,Female,0.01917808,0.07671233,129.2993,0.9863853019636201
nigeria,draw_178,Male,0.01917808,0.07671233,129.2993,0.9874884963616796
pakistan,draw_178,Female,0.01917808,0.07671233,129.2993,0.9865982576057305
pakistan,draw_178,Male,0.01917808,0.07671233,129.2993,0.9877185612423756
ethiopia,draw_178,Female,0.01917808,0.07671233,129.40941,0.986695085282712
ethiopia,draw_178,Male,0.01917808,0.07671233,129.40941,0.9842382317741466
nigeria,draw_178,Female,0.01917808,0.07671233,129.40941,0.9859599558751184
nigeria,draw_178,Male,0.01917808,0.07671233,129.40941,0.987064375159103
pakistan,draw_178,Female,0.01917808,0.07671233,129.40941,0.9862118269505294
pakistan,draw_178,Male,0.01917808,0.07671233,129.40941,0.9873080508048032
ethiopia,draw_178,Female,0.01917808,0.07671233,129.51952,0.9862873960459755
ethiopia,draw_178,Male,0.01917808,0.07671233,129.51952,0.9838019911070893
nigeria,draw_178,Female,0.01917808,0.07671233,129.51952,0.9855244458046333
nigeria,draw_178,Male,0.01917808,0.07671233,129.51952,0.986628998610038
pakistan,draw_178,Female,0.01917808,0.07671233,129.51952,0.9858147408296981
pakistan,draw_178,Male,0.01917808,0.07671233,129.51952,0.9868867713131307
ethiopia,draw_178,Female,0.01917808,0.07671233,129.62963,0.9858685433446862
ethiopia,draw_178,Male,0.01917808,0.07671233,129.62963,0.9833550144837615
nigeria,draw_178,Female,0.01917808,0.07671233,129.62963,0.9850778879361844
nigeria,draw_178,Male,0.01917808,0.07671233,129.62963,0.9861817434681492
pakistan,draw_178,Female,0.01917808,0.07671233,129.62963,0.9854077053114334
pakistan,draw_178,Male,0.01917808,0.07671233,129.62963,0.9864537114387618
ethiopia,draw_178,Female,0.01917808,0.07671233,129.73974,0.9854399059786552
ethiopia,draw_178,Male,0.01917808,0.07671233,129.73974,0.9828977387333392
nigeria,draw_178,Female,0.01917808,0.07671233,129.73974,0.9846210178231768
nigeria,draw_178,Male,0.01917808,0.07671233,129.73974,0.9857234885055484
pakistan,draw_178,Female,0.01917808,0.07671233,129.73974,0.9849913243605449
pakistan,draw_178,Male,0.01917808,0.07671233,129.73974,0.9860109187899175
ethiopia,draw_178,Female,0.01917808,0.07671233,129.84985,0.9850009643422777
ethiopia,draw_178,Male,0.01917808,0.07671233,129.84985,0.9824306808075973
nigeria,draw_178,Female,0.01917808,0.07671233,129.84985,0.984155009961412
nigeria,draw_178,Male,0.01917808,0.07671233,129.84985,0.985254663053513
pakistan,draw_178,Female,0.01917808,0.07671233,129.84985,0.9845658228293519
pakistan,draw_178,Male,0.01917808,0.07671233,129.84985,0.9855574554503291
ethiopia,draw_178,Female,0.01917808,0.07671233,129.95996,0.9845525011601245
ethiopia,draw_178,Male,0.01917808,0.07671233,129.95996,0.9819534498172634
nigeria,draw_178,Female,0.01917808,0.07671233,129.95996,0.983678712773193
nigeria,draw_178,Male,0.01917808,0.07671233,129.95996,0.9847747887835105
pakistan,draw_178,Female,0.01917808,0.07671233,129.95996,0.9841309291332712
pakistan,draw_178,Male,0.01917808,0.07671233,129.95996,0.9850940082842875
ethiopia,draw_178,Female,0.01917808,0.07671233,130.07007,0.9840931187965504
ethiopia,draw_178,Male,0.01917808,0.07671233,130.07007,0.9814655639361852
nigeria,draw_178,Female,0.01917808,0.07671233,130.07007,0.9831918754131697
nigeria,draw_178,Male,0.01917808,0.07671233,130.07007,0.9842832860508038
pakistan,draw_178,Female,0.01917808,0.07671233,130.07007,0.9836857772446361
pakistan,draw_178,Male,0.01917808,0.07671233,130.07007,0.984619623184262
ethiopia,draw_178,Female,0.01917808,0.07671233,130.18018,0.9836230901288421
ethiopia,draw_178,Male,0.01917808,0.07671233,130.18018,0.9809670714784744
nigeria,draw_178,Female,0.01917808,0.07671233,130.18018,0.9826946655850407
nigeria,draw_178,Male,0.01917808,0.07671233,130.18018,0.9837805002901349
pakistan,draw_178,Female,0.01917808,0.07671233,130.18018,0.9832310175971589
pakistan,draw_178,Male,0.01917808,0.07671233,130.18018,0.9841341984106038
ethiopia,draw_178,Female,0.01917808,0.07671233,130.29029,0.9831402309385835
ethiopia,draw_178,Male,0.01917808,0.07671233,130.29029,0.9804555159774204
nigeria,draw_178,Female,0.01917808,0.07671233,130.29029,0.9821843117896163
nigeria,draw_178,Male,0.01917808,0.07671233,130.29029,0.9832634412475124
pakistan,draw_178,Female,0.01917808,0.07671233,130.29029,0.9827638596799124
pakistan,draw_178,Male,0.01917808,0.07671233,130.29029,0.9836353633982178
ethiopia,draw_178,Female,0.01917808,0.07671233,130.4004,0.9826470771208552
ethiopia,draw_178,Male,0.01917808,0.07671233,130.4004,0.9799334206504107
nigeria,draw_178,Female,0.01917808,0.07671233,130.4004,0.9816637115606635
nigeria,draw_178,Male,0.01917808,0.07671233,130.4004,0.9827348629660851
pakistan,draw_178,Female,0.01917808,0.07671233,130.4004,0.9822870660788345
pakistan,draw_178,Male,0.01917808,0.07671233,130.4004,0.9831255668805584
ethiopia,draw_178,Female,0.01917808,0.07671233,130.51051,0.9821426350078105
ethiopia,draw_178,Male,0.01917808,0.07671233,130.51051,0.9794006982220504
nigeria,draw_178,Female,0.01917808,0.07671233,130.51051,0.9811324340517509
nigeria,draw_178,Male,0.01917808,0.07671233,130.51051,0.9821947294095876
pakistan,draw_178,Female,0.01917808,0.07671233,130.51051,0.9817998917967459
pakistan,draw_178,Male,0.01917808,0.07671233,130.51051,0.9826048766133518
ethiopia,draw_178,Female,0.01917808,0.07671233,130.62062,0.9816282008970444
ethiopia,draw_178,Male,0.01917808,0.07671233,130.62062,0.9788578245802104
nigeria,draw_178,Female,0.01917808,0.07671233,130.62062,0.980591353026787
nigeria,draw_178,Male,0.01917808,0.07671233,130.62062,0.9816431581775561
pakistan,draw_178,Female,0.01917808,0.07671233,130.62062,0.9813034146426963
pakistan,draw_178,Male,0.01917808,0.07671233,130.62062,0.9820739351083003
ethiopia,draw_178,Female,0.01917808,0.07671233,130.73073,0.9811048377852554
ethiopia,draw_178,Male,0.01917808,0.07671233,130.73073,0.9783055624945708
nigeria,draw_178,Female,0.01917808,0.07671233,130.73073,0.9800408389566269
nigeria,draw_178,Male,0.01917808,0.07671233,130.73073,0.981081714042523
pakistan,draw_178,Female,0.01917808,0.07671233,130.73073,0.9807982306097656
pakistan,draw_178,Male,0.01917808,0.07671233,130.73073,0.981532883259707
ethiopia,draw_178,Female,0.01917808,0.07671233,130.84084,0.9805724000731608
ethiopia,draw_178,Male,0.01917808,0.07671233,130.84084,0.9777448738620252
nigeria,draw_178,Female,0.01917808,0.07671233,130.84084,0.9794818182193382
nigeria,draw_178,Male,0.01917808,0.07671233,130.84084,0.9805103265471339
pakistan,draw_178,Female,0.01917808,0.07671233,130.84084,0.9802848041809188
pakistan,draw_178,Male,0.01917808,0.07671233,130.84084,0.9809833282320056
ethiopia,draw_178,Female,0.01917808,0.07671233,130.95095,0.980030396960353
ethiopia,draw_178,Male,0.01917808,0.07671233,130.95095,0.9771745452332469
nigeria,draw_178,Female,0.01917808,0.07671233,130.95095,0.9789132599119491
nigeria,draw_178,Male,0.01917808,0.07671233,130.95095,0.9799284255238101
pakistan,draw_178,Female,0.01917808,0.07671233,130.95095,0.979762571278596
pakistan,draw_178,Male,0.01917808,0.07671233,130.95095,0.9804237235235381
ethiopia,draw_178,Female,0.01917808,0.07671233,131.06106,0.9794787413890533
ethiopia,draw_178,Male,0.01917808,0.07671233,131.06106,0.9765945855474648
nigeria,draw_178,Female,0.01917808,0.07671233,131.06106,0.978335454230093
nigeria,draw_178,Male,0.01917808,0.07671233,131.06106,0.9793365723665906
pakistan,draw_178,Female,0.01917808,0.07671233,131.06106,0.9792314702161696
pakistan,draw_178,Male,0.01917808,0.07671233,131.06106,0.9798543252579024
ethiopia,draw_178,Female,0.01917808,0.07671233,131.17117,0.9789179263933661
ethiopia,draw_178,Male,0.01917808,0.07671233,131.17117,0.9760063470861147
nigeria,draw_178,Female,0.01917808,0.07671233,131.17117,0.9777495374746401
nigeria,draw_178,Male,0.01917808,0.07671233,131.17117,0.9787347641842724
pakistan,draw_178,Female,0.01917808,0.07671233,131.17117,0.9786922531222498
pakistan,draw_178,Male,0.01917808,0.07671233,131.17117,0.9792759015738403
ethiopia,draw_178,Female,0.01917808,0.07671233,131.28128,0.9783484180374105
ethiopia,draw_178,Male,0.01917808,0.07671233,131.28128,0.9754096121679007
nigeria,draw_178,Female,0.01917808,0.07671233,131.28128,0.9771544323462684
nigeria,draw_178,Male,0.01917808,0.07671233,131.28128,0.9781238149780679
pakistan,draw_178,Female,0.01917808,0.07671233,131.28128,0.9781447375566696
pakistan,draw_178,Male,0.01917808,0.07671233,131.28128,0.9786890733469056
ethiopia,draw_178,Female,0.01917808,0.07671233,131.39139,0.9777704600307899
ethiopia,draw_178,Male,0.01917808,0.07671233,131.39139,0.9748041003819418
nigeria,draw_178,Female,0.01917808,0.07671233,131.39139,0.9765515819269619
nigeria,draw_178,Male,0.01917808,0.07671233,131.39139,0.977503081163931
pakistan,draw_178,Female,0.01917808,0.07671233,131.39139,0.977589293354355
pakistan,draw_178,Male,0.01917808,0.07671233,131.39139,0.9780927968944505
ethiopia,draw_178,Female,0.01917808,0.07671233,131.5015,0.9771832298749555
ethiopia,draw_178,Male,0.01917808,0.07671233,131.5015,0.9741899373416276
nigeria,draw_178,Female,0.01917808,0.07671233,131.5015,0.9759397552544096
nigeria,draw_178,Male,0.01917808,0.07671233,131.5015,0.9768727833761448
pakistan,draw_178,Female,0.01917808,0.07671233,131.5015,0.9770259329194478
pakistan,draw_178,Male,0.01917808,0.07671233,131.5015,0.9774881052249103
ethiopia,draw_178,Female,0.01917808,0.07671233,131.61161,0.9765871478799719
ethiopia,draw_178,Male,0.01917808,0.07671233,131.61161,0.9735667038447949
nigeria,draw_178,Female,0.01917808,0.07671233,131.61161,0.9753193518734734
nigeria,draw_178,Male,0.01917808,0.07671233,131.61161,0.9762327596962673
pakistan,draw_178,Female,0.01917808,0.07671233,131.61161,0.9764539191732158
pakistan,draw_178,Male,0.01917808,0.07671233,131.61161,0.9768741432007484
ethiopia,draw_178,Female,0.01917808,0.07671233,131.72172,0.9759804735522237
ethiopia,draw_178,Male,0.01917808,0.07671233,131.72172,0.9729331037634663
nigeria,draw_178,Female,0.01917808,0.07671233,131.72172,0.9746883584378773
nigeria,draw_178,Male,0.01917808,0.07671233,131.72172,0.9755807104092211
pakistan,draw_178,Female,0.01917808,0.07671233,131.72172,0.9758723708800562
pakistan,draw_178,Male,0.01917808,0.07671233,131.72172,0.9762490129219222
ethiopia,draw_178,Female,0.01917808,0.07671233,131.83183,0.9753648351343994
ethiopia,draw_178,Male,0.01917808,0.07671233,131.83183,0.9722907674253531
nigeria,draw_178,Female,0.01917808,0.07671233,131.83183,0.9740484131417522
nigeria,draw_178,Male,0.01917808,0.07671233,131.83183,0.9749193809548429
pakistan,draw_178,Female,0.01917808,0.07671233,131.83183,0.9752823567558488
pakistan,draw_178,Male,0.01917808,0.07671233,131.83183,0.9756150832147185
ethiopia,draw_178,Female,0.01917808,0.07671233,131.94194,0.974740228872075
ethiopia,draw_178,Male,0.01917808,0.07671233,131.94194,0.9716395920432249
nigeria,draw_178,Female,0.01917808,0.07671233,131.94194,0.973400240364604
nigeria,draw_178,Male,0.01917808,0.07671233,131.94194,0.97424827792521
pakistan,draw_178,Female,0.01917808,0.07671233,131.94194,0.9746843750002913
pakistan,draw_178,Male,0.01917808,0.07671233,131.94194,0.9749724645912758
ethiopia,draw_178,Female,0.01917808,0.07671233,132.05205,0.9741066356739132
ethiopia,draw_178,Male,0.01917808,0.07671233,132.05205,0.9709796826548426
nigeria,draw_178,Female,0.01917808,0.07671233,132.05205,0.9727435558525359
nigeria,draw_178,Male,0.01917808,0.07671233,132.05205,0.9735678671812672
pakistan,draw_178,Female,0.01917808,0.07671233,132.05205,0.9740781634787795
pakistan,draw_178,Male,0.01917808,0.07671233,132.05205,0.9743207611528973
ethiopia,draw_178,Female,0.01917808,0.07671233,132.16216,0.9734642998286012
ethiopia,draw_178,Male,0.01917808,0.07671233,132.16216,0.970311740533487
nigeria,draw_178,Female,0.01917808,0.07671233,132.16216,0.9720786141853152
nigeria,draw_178,Male,0.01917808,0.07671233,132.16216,0.9728779730789199
pakistan,draw_178,Female,0.01917808,0.07671233,132.16216,0.9734642367057839
pakistan,draw_178,Male,0.01917808,0.07671233,132.16216,0.9736605211216741
ethiopia,draw_178,Female,0.01917808,0.07671233,132.27227,0.9728138854735068
ethiopia,draw_178,Male,0.01917808,0.07671233,132.27227,0.96963597997536
nigeria,draw_178,Female,0.01917808,0.07671233,132.27227,0.9714053798026402
nigeria,draw_178,Male,0.01917808,0.07671233,132.27227,0.972179546553485
pakistan,draw_178,Female,0.01917808,0.07671233,132.27227,0.9728425733850327
pakistan,draw_178,Male,0.01917808,0.07671233,132.27227,0.9729918083878369
ethiopia,draw_178,Female,0.01917808,0.07671233,132.38238,0.9721558377108813
ethiopia,draw_178,Male,0.01917808,0.07671233,132.38238,0.968952437499124
nigeria,draw_178,Female,0.01917808,0.07671233,132.38238,0.9707251966056348
nigeria,draw_178,Male,0.01917808,0.07671233,132.38238,0.971472244313331
pakistan,draw_178,Female,0.01917808,0.07671233,132.38238,0.9722140160399768
pakistan,draw_178,Male,0.01917808,0.07671233,132.38238,0.9723156511455128
ethiopia,draw_178,Female,0.01917808,0.07671233,132.49249,0.971491015088794
ethiopia,draw_178,Male,0.01917808,0.07671233,132.49249,0.9682631042790385
nigeria,draw_178,Female,0.01917808,0.07671233,132.49249,0.9700387325742575
nigeria,draw_178,Male,0.01917808,0.07671233,132.49249,0.9707584121688693
pakistan,draw_178,Female,0.01917808,0.07671233,132.49249,0.9715795109520994
pakistan,draw_178,Male,0.01917808,0.07671233,132.49249,0.971633367674503
ethiopia,draw_178,Female,0.01917808,0.07671233,132.6026,0.9708203898645706
ethiopia,draw_178,Male,0.01917808,0.07671233,132.6026,0.9675684259633086
nigeria,draw_178,Female,0.01917808,0.07671233,132.6026,0.9693461115195539
nigeria,draw_178,Male,0.01917808,0.07671233,132.6026,0.970038163664403
pakistan,draw_178,Female,0.01917808,0.07671233,132.6026,0.9709402821362046
pakistan,draw_178,Male,0.01917808,0.07671233,132.6026,0.9709450961305355
ethiopia,draw_178,Female,0.01917808,0.07671233,132.71271,0.9701443024911263
ethiopia,draw_178,Male,0.01917808,0.07671233,132.71271,0.9668683029947339
nigeria,draw_178,Female,0.01917808,0.07671233,132.71271,0.9686490787081907
nigeria,draw_178,Male,0.01917808,0.07671233,132.71271,0.9693124568965089
pakistan,draw_178,Female,0.01917808,0.07671233,132.71271,0.9702956538848393
pakistan,draw_178,Male,0.01917808,0.07671233,132.71271,0.9702514471049076
ethiopia,draw_178,Female,0.01917808,0.07671233,132.82282,0.9694627183482274
ethiopia,draw_178,Male,0.01917808,0.07671233,132.82282,0.966162460123478
nigeria,draw_178,Female,0.01917808,0.07671233,132.82282,0.9679465748883953
nigeria,draw_178,Male,0.01917808,0.07671233,132.82282,0.968580379880955
pakistan,draw_178,Female,0.01917808,0.07671233,132.82282,0.9696458568578498
pakistan,draw_178,Male,0.01917808,0.07671233,132.82282,0.9695522114808037
ethiopia,draw_178,Female,0.01917808,0.07671233,132.93293,0.968774726908791
ethiopia,draw_178,Male,0.01917808,0.07671233,132.93293,0.9654516319147645
nigeria,draw_178,Female,0.01917808,0.07671233,132.93293,0.9672386126401676
nigeria,draw_178,Male,0.01917808,0.07671233,132.93293,0.9678425517116787
pakistan,draw_178,Female,0.01917808,0.07671233,132.93293,0.9689913885537786
pakistan,draw_178,Male,0.01917808,0.07671233,132.93293,0.9688477377923307
ethiopia,draw_178,Female,0.01917808,0.07671233,133.04304,0.9680812729384944
ethiopia,draw_178,Male,0.01917808,0.07671233,133.04304,0.9647353970675049
nigeria,draw_178,Female,0.01917808,0.07671233,133.04304,0.9665251112957888
nigeria,draw_178,Male,0.01917808,0.07671233,133.04304,0.9670982745506556
pakistan,draw_178,Female,0.01917808,0.07671233,133.04304,0.9683315234251403
pakistan,draw_178,Male,0.01917808,0.07671233,133.04304,0.968137220424612
ethiopia,draw_178,Female,0.01917808,0.07671233,133.15315,0.9673802369440873
ethiopia,draw_178,Male,0.01917808,0.07671233,133.15315,0.9640123921426655
nigeria,draw_178,Female,0.01917808,0.07671233,133.15315,0.9658050758484192
nigeria,draw_178,Male,0.01917808,0.07671233,133.15315,0.9663466056752672
pakistan,draw_178,Female,0.01917808,0.07671233,133.15315,0.9676653222679946
pakistan,draw_178,Male,0.01917808,0.07671233,133.15315,0.9674199933502557
ethiopia,draw_178,Female,0.01917808,0.07671233,133.26326,0.9666738970693626
ethiopia,draw_178,Male,0.01917808,0.07671233,133.26326,0.9632841008061797
nigeria,draw_178,Female,0.01917808,0.07671233,133.26326,0.9650799231590959
nigeria,draw_178,Male,0.01917808,0.07671233,133.26326,0.9655887408859208
pakistan,draw_178,Female,0.01917808,0.07671233,133.26326,0.9669943336003832
pakistan,draw_178,Male,0.01917808,0.07671233,133.26326,0.966697404943184
ethiopia,draw_178,Female,0.01917808,0.07671233,133.37337,0.9659614210570759
ethiopia,draw_178,Male,0.01917808,0.07671233,133.37337,0.9625507198028479
nigeria,draw_178,Female,0.01917808,0.07671233,133.37337,0.9643490211783998
nigeria,draw_178,Male,0.01917808,0.07671233,133.37337,0.9648244652087516
pakistan,draw_178,Female,0.01917808,0.07671233,133.37337,0.9663180391585174
pakistan,draw_178,Male,0.01917808,0.07671233,133.37337,0.9659686998759595
ethiopia,draw_178,Female,0.01917808,0.07671233,133.48348,0.9652430858707514
ethiopia,draw_178,Male,0.01917808,0.07671233,133.48348,0.9618116297392594
nigeria,draw_178,Female,0.01917808,0.07671233,133.48348,0.9636126292704306
nigeria,draw_178,Male,0.01917808,0.07671233,133.48348,0.9640541100136463
pakistan,draw_178,Female,0.01917808,0.07671233,133.48348,0.9656364502432563
pakistan,draw_178,Male,0.01917808,0.07671233,133.48348,0.9652348784447186
ethiopia,draw_178,Female,0.01917808,0.07671233,133.59359,0.9645191360156723
ethiopia,draw_178,Male,0.01917808,0.07671233,133.59359,0.961066775603069
nigeria,draw_178,Female,0.01917808,0.07671233,133.59359,0.9628705805964983
nigeria,draw_178,Male,0.01917808,0.07671233,133.59359,0.9632776498006876
pakistan,draw_178,Female,0.01917808,0.07671233,133.59359,0.9649500272143207
pakistan,draw_178,Male,0.01917808,0.07671233,133.59359,0.9644952015005699
ethiopia,draw_178,Female,0.01917808,0.07671233,133.7037,0.9637887351171683
ethiopia,draw_178,Male,0.01917808,0.07671233,133.7037,0.960316689302028
nigeria,draw_178,Female,0.01917808,0.07671233,133.7037,0.9621232886105988
nigeria,draw_178,Male,0.01917808,0.07671233,133.7037,0.9624947207965884
pakistan,draw_178,Female,0.01917808,0.07671233,133.7037,0.9642582778665956
pakistan,draw_178,Male,0.01917808,0.07671233,133.7037,0.9637495580989003
ethiopia,draw_178,Female,0.01917808,0.07671233,133.81381,0.9630519242123977
ethiopia,draw_178,Male,0.01917808,0.07671233,133.81381,0.9595603948093243
nigeria,draw_178,Female,0.01917808,0.07671233,133.81381,0.9613696481719204
nigeria,draw_178,Male,0.01917808,0.07671233,133.81381,0.961704956733809
pakistan,draw_178,Female,0.01917808,0.07671233,133.81381,0.9635603632371501
pakistan,draw_178,Male,0.01917808,0.07671233,133.81381,0.9629976071172683
ethiopia,draw_178,Female,0.01917808,0.07671233,133.92392,0.9623080897339066
ethiopia,draw_178,Male,0.01917808,0.07671233,133.92392,0.9587978071071032
nigeria,draw_178,Female,0.01917808,0.07671233,133.92392,0.9606098210081367
nigeria,draw_178,Male,0.01917808,0.07671233,133.92392,0.9609082344493125
pakistan,draw_178,Female,0.01917808,0.07671233,133.92392,0.9628566314459795
pakistan,draw_178,Male,0.01917808,0.07671233,133.92392,0.9622394994214156
ethiopia,draw_178,Female,0.01917808,0.07671233,134.03403,0.9615590709189324
ethiopia,draw_178,Male,0.01917808,0.07671233,134.03403,0.9580301418061058
nigeria,draw_178,Female,0.01917808,0.07671233,134.03403,0.9598443981155709
nigeria,draw_178,Male,0.01917808,0.07671233,134.03403,0.9601051382983146
pakistan,draw_178,Female,0.01917808,0.07671233,134.03403,0.9621480928055153
pakistan,draw_178,Male,0.01917808,0.07671233,134.03403,0.9614757575322411
ethiopia,draw_178,Female,0.01917808,0.07671233,134.14414,0.9608035060028386
ethiopia,draw_178,Male,0.01917808,0.07671233,134.14414,0.957257272268685
nigeria,draw_178,Female,0.01917808,0.07671233,134.14414,0.9590731003148172
nigeria,draw_178,Male,0.01917808,0.07671233,134.14414,0.959295967966136
pakistan,draw_178,Female,0.01917808,0.07671233,134.14414,0.9614338941015638
pakistan,draw_178,Male,0.01917808,0.07671233,134.14414,0.9607061889362174
ethiopia,draw_178,Female,0.01917808,0.07671233,134.25425,0.9600423465202846
ethiopia,draw_178,Male,0.01917808,0.07671233,134.25425,0.9564786149352881
nigeria,draw_178,Female,0.01917808,0.07671233,134.25425,0.9582964112790903
nigeria,draw_178,Male,0.01917808,0.07671233,134.25425,0.9584802991531363
pakistan,draw_178,Female,0.01917808,0.07671233,134.25425,0.9607144648534528
pakistan,draw_178,Male,0.01917808,0.07671233,134.25425,0.959930618965901
ethiopia,draw_178,Female,0.01917808,0.07671233,134.36436,0.9592745771407701
ethiopia,draw_178,Male,0.01917808,0.07671233,134.36436,0.955694145038958
nigeria,draw_178,Female,0.01917808,0.07671233,134.36436,0.9575140061453924
nigeria,draw_178,Male,0.01917808,0.07671233,134.36436,0.9576583159284028
pakistan,draw_178,Female,0.01917808,0.07671233,134.36436,0.9599898860928602
pakistan,draw_178,Male,0.01917808,0.07671233,134.36436,0.9591495527912707
ethiopia,draw_178,Female,0.01917808,0.07671233,134.47447,0.9585005680414423
ethiopia,draw_178,Male,0.01917808,0.07671233,134.47447,0.9549043474965968
nigeria,draw_178,Female,0.01917808,0.07671233,134.47447,0.956725508149708
nigeria,draw_178,Male,0.01917808,0.07671233,134.47447,0.9568298516465747
pakistan,draw_178,Female,0.01917808,0.07671233,134.47447,0.9592594782299085
pakistan,draw_178,Male,0.01917808,0.07671233,134.47447,0.9583624409273683
ethiopia,draw_178,Female,0.01917808,0.07671233,134.58458,0.9577192986771618
ethiopia,draw_178,Male,0.01917808,0.07671233,134.58458,0.9541074951598743
nigeria,draw_178,Female,0.01917808,0.07671233,134.58458,0.9559299626213983
nigeria,draw_178,Male,0.01917808,0.07671233,134.58458,0.955993706871423
pakistan,draw_178,Female,0.01917808,0.07671233,134.58458,0.9585226531441594
pakistan,draw_178,Male,0.01917808,0.07671233,134.58458,0.9575682681227795
ethiopia,draw_178,Female,0.01917808,0.07671233,134.69469,0.95693179698405
ethiopia,draw_178,Male,0.01917808,0.07671233,134.69469,0.9533053483498186
nigeria,draw_178,Female,0.01917808,0.07671233,134.69469,0.9551285291718343
nigeria,draw_178,Male,0.01917808,0.07671233,134.69469,0.9551512024232656
pakistan,draw_178,Female,0.01917808,0.07671233,134.69469,0.9577803993136424
pakistan,draw_178,Male,0.01917808,0.07671233,134.69469,0.9567684184437283
ethiopia,draw_178,Female,0.01917808,0.07671233,134.8048,0.9561376461912825
ethiopia,draw_178,Male,0.01917808,0.07671233,134.8048,0.9524972214094973
nigeria,draw_178,Female,0.01917808,0.07671233,134.8048,0.9543211491024992
nigeria,draw_178,Male,0.01917808,0.07671233,134.8048,0.9543025694879851
pakistan,draw_178,Female,0.01917808,0.07671233,134.8048,0.9570326721779372
pakistan,draw_178,Male,0.01917808,0.07671233,134.8048,0.9559626938707162
ethiopia,draw_178,Female,0.01917808,0.07671233,134.91491,0.955337971391748
ethiopia,draw_178,Male,0.01917808,0.07671233,134.91491,0.9516835295153753
nigeria,draw_178,Female,0.01917808,0.07671233,134.91491,0.9535081021865155
nigeria,draw_178,Male,0.01917808,0.07671233,134.91491,0.9534473600922663
pakistan,draw_178,Female,0.01917808,0.07671233,134.91491,0.9562796000447774
pakistan,draw_178,Male,0.01917808,0.07671233,134.91491,0.9551507546305346
ethiopia,draw_178,Female,0.01917808,0.07671233,135.02503,0.9545312831443744
ethiopia,draw_178,Male,0.01917808,0.07671233,135.02503,0.9508642340829592
nigeria,draw_178,Female,0.01917808,0.07671233,135.02503,0.9526890561400811
nigeria,draw_178,Male,0.01917808,0.07671233,135.02503,0.9525859604289894
pakistan,draw_178,Female,0.01917808,0.07671233,135.02503,0.9555209219357588
pakistan,draw_178,Male,0.01917808,0.07671233,135.02503,0.9543332373500448
ethiopia,draw_178,Female,0.01917808,0.07671233,135.13514,0.9539797542307257
ethiopia,draw_178,Male,0.01917808,0.07671233,135.13514,0.950283039038944
nigeria,draw_178,Female,0.01917808,0.07671233,135.13514,0.9521107940676912
nigeria,draw_178,Male,0.01917808,0.07671233,135.13514,0.9519928730043669
pakistan,draw_178,Female,0.01917808,0.07671233,135.13514,0.9549327970176165
pakistan,draw_178,Male,0.01917808,0.07671233,135.13514,0.9537265234002384
ethiopia,draw_178,Female,0.01917808,0.07671233,135.24525,0.9537446220913495
ethiopia,draw_178,Male,0.01917808,0.07671233,135.24525,0.9499960036373788
nigeria,draw_178,Female,0.01917808,0.07671233,135.24525,0.9518309219357182
nigeria,draw_178,Male,0.01917808,0.07671233,135.24525,0.9517319321566321
pakistan,draw_178,Female,0.01917808,0.07671233,135.24525,0.9545560891677671
pakistan,draw_178,Male,0.01917808,0.07671233,135.24525,0.9533809202378228
ethiopia,draw_178,Female,0.01917808,0.07671233,135.35536,0.9535083045082516
ethiopia,draw_178,Male,0.01917808,0.07671233,135.35536,0.9497085940522004
nigeria,draw_178,Female,0.01917808,0.07671233,135.35536,0.9515500158239404
nigeria,draw_178,Male,0.01917808,0.07671233,135.35536,0.9514699738284669
pakistan,draw_178,Female,0.01917808,0.07671233,135.35536,0.9541774114891397
pakistan,draw_178,Male,0.01917808,0.07671233,135.35536,0.9530333325160408
ethiopia,draw_178,Female,0.01917808,0.07671233,135.46547,0.9532714050858143
ethiopia,draw_178,Male,0.01917808,0.07671233,135.46547,0.949419965600304
nigeria,draw_178,Female,0.01917808,0.07671233,135.46547,0.9512684839781359
nigeria,draw_178,Male,0.01917808,0.07671233,135.46547,0.9512071969783619
pakistan,draw_178,Female,0.01917808,0.07671233,135.46547,0.9537969189511506
pakistan,draw_178,Male,0.01917808,0.07671233,135.46547,0.9526842164490242
ethiopia,draw_178,Female,0.01917808,0.07671233,135.57558,0.953034183318947
ethiopia,draw_178,Male,0.01917808,0.07671233,135.57558,0.9491307594801726
nigeria,draw_178,Female,0.01917808,0.07671233,135.57558,0.9509865113150606
nigeria,draw_178,Male,0.01917808,0.07671233,135.57558,0.950943532864996
pakistan,draw_178,Female,0.01917808,0.07671233,135.57558,0.9534143319341308
pakistan,draw_178,Male,0.01917808,0.07671233,135.57558,0.952333400615765
ethiopia,draw_178,Female,0.01917808,0.07671233,135.68569,0.9527957274306729
ethiopia,draw_178,Male,0.01917808,0.07671233,135.68569,0.9488409287862102
nigeria,draw_178,Female,0.01917808,0.07671233,135.68569,0.9507040622066482
nigeria,draw_178,Male,0.01917808,0.07671233,135.68569,0.9506791131690147
pakistan,draw_178,Female,0.01917808,0.07671233,135.68569,0.9530303336310968
pakistan,draw_178,Male,0.01917808,0.07671233,135.68569,0.951981242619362
ethiopia,draw_178,Female,0.01917808,0.07671233,135.7958,0.9525574327045387
ethiopia,draw_178,Male,0.01917808,0.07671233,135.7958,0.9485503855210868
nigeria,draw_178,Female,0.01917808,0.07671233,135.7958,0.9504211176278972
nigeria,draw_178,Male,0.01917808,0.07671233,135.7958,0.9504138889216379
pakistan,draw_178,Female,0.01917808,0.07671233,135.7958,0.9526447222183694
pakistan,draw_178,Male,0.01917808,0.07671233,135.7958,0.9516275802651208
ethiopia,draw_178,Female,0.01917808,0.07671233,135.90591,0.9523184916279134
ethiopia,draw_178,Male,0.01917808,0.07671233,135.90591,0.9482598418093321
nigeria,draw_178,Female,0.01917808,0.07671233,135.90591,0.9501378174623916
nigeria,draw_178,Male,0.01917808,0.07671233,135.90591,0.9501480388143786
pakistan,draw_178,Female,0.01917808,0.07671233,135.90591,0.9522574371995469
pakistan,draw_178,Male,0.01917808,0.07671233,135.90591,0.9512728567037346
ethiopia,draw_178,Female,0.01917808,0.07671233,136.01602,0.952079388770188
ethiopia,draw_178,Male,0.01917808,0.07671233,136.01602,0.9479685258537007
nigeria,draw_178,Female,0.01917808,0.07671233,136.01602,0.9498541582159828
nigeria,draw_178,Male,0.01917808,0.07671233,136.01602,0.9498816545320277
pakistan,draw_178,Female,0.01917808,0.07671233,136.01602,0.951868545338102
pakistan,draw_178,Male,0.01917808,0.07671233,136.01602,0.9509163290692223
ethiopia,draw_178,Female,0.01917808,0.07671233,136.12613,0.9518399748105173
ethiopia,draw_178,Male,0.01917808,0.07671233,136.12613,0.9476769199489502
nigeria,draw_178,Female,0.01917808,0.07671233,136.12613,0.9495708382604809
nigeria,draw_178,Male,0.01917808,0.07671233,136.12613,0.9496146706260694
pakistan,draw_178,Female,0.01917808,0.07671233,136.12613,0.951478277398316
pakistan,draw_178,Male,0.01917808,0.07671233,136.12613,0.9505589095380124
ethiopia,draw_178,Female,0.01917808,0.07671233,136.23624,0.9516004300091989
ethiopia,draw_178,Male,0.01917808,0.07671233,136.23624,0.9473853370388701
nigeria,draw_178,Female,0.01917808,0.07671233,136.23624,0.9492870094601258
nigeria,draw_178,Male,0.01917808,0.07671233,136.23624,0.9493472289050946
pakistan,draw_178,Female,0.01917808,0.07671233,136.23624,0.9510865438254668
pakistan,draw_178,Male,0.01917808,0.07671233,136.23624,0.9502000414047977
ethiopia,draw_178,Female,0.01917808,0.07671233,136.34635,0.9513607122100508
ethiopia,draw_178,Male,0.01917808,0.07671233,136.34635,0.9470932342638891
nigeria,draw_178,Female,0.01917808,0.07671233,136.34635,0.9490033781990718
nigeria,draw_178,Male,0.01917808,0.07671233,136.34635,0.9490793388115518
pakistan,draw_178,Female,0.01917808,0.07671233,136.34635,0.9506933051927384
pakistan,draw_178,Male,0.01917808,0.07671233,136.34635,0.9498403335803317
ethiopia,draw_178,Female,0.01917808,0.07671233,136.45646,0.9511204697645971
ethiopia,draw_178,Male,0.01917808,0.07671233,136.45646,0.9468009646992174
nigeria,draw_178,Female,0.01917808,0.07671233,136.45646,0.9487193653453238
nigeria,draw_178,Male,0.01917808,0.07671233,136.45646,0.948810659081365
pakistan,draw_178,Female,0.01917808,0.07671233,136.45646,0.9502989596404742
pakistan,draw_178,Male,0.01917808,0.07671233,136.45646,0.9494793938274111
ethiopia,draw_178,Female,0.01917808,0.07671233,136.56657,0.950879914094852
ethiopia,draw_178,Male,0.01917808,0.07671233,136.56657,0.94650811786181
nigeria,draw_178,Female,0.01917808,0.07671233,136.56657,0.9484352691732194
nigeria,draw_178,Male,0.01917808,0.07671233,136.56657,0.948541734910122
pakistan,draw_178,Female,0.01917808,0.07671233,136.56657,0.9499030917272222
pakistan,draw_178,Male,0.01917808,0.07671233,136.56657,0.9491169431617517
ethiopia,draw_178,Female,0.01917808,0.07671233,136.67668,0.9506390896153087
ethiopia,draw_178,Male,0.01917808,0.07671233,136.67668,0.9462152285403405
nigeria,draw_178,Female,0.01917808,0.07671233,136.67668,0.9481506051439628
nigeria,draw_178,Male,0.01917808,0.07671233,136.67668,0.9482718078576037
pakistan,draw_178,Female,0.01917808,0.07671233,136.67668,0.9495055437191042
pakistan,draw_178,Male,0.01917808,0.07671233,136.67668,0.9487531907301265
ethiopia,draw_178,Female,0.01917808,0.07671233,136.78679,0.9503976872135326
ethiopia,draw_178,Male,0.01917808,0.07671233,136.78679,0.9459216106518008
nigeria,draw_178,Female,0.01917808,0.07671233,136.78679,0.9478659885733669
nigeria,draw_178,Male,0.01917808,0.07671233,136.78679,0.9480014556476906
pakistan,draw_178,Female,0.01917808,0.07671233,136.78679,0.9491063933424321
pakistan,draw_178,Male,0.01917808,0.07671233,136.78679,0.9483879970767022
ethiopia,draw_178,Female,0.01917808,0.07671233,136.8969,0.9501562489829004
ethiopia,draw_178,Male,0.01917808,0.07671233,136.8969,0.9456278464500407
nigeria,draw_178,Female,0.01917808,0.07671233,136.8969,0.9475812262880197
nigeria,draw_178,Male,0.01917808,0.07671233,136.8969,0.947730799944408
pakistan,draw_178,Female,0.01917808,0.07671233,136.8969,0.948706128890543
pakistan,draw_178,Male,0.01917808,0.07671233,136.8969,0.9480218401414108
ethiopia,draw_178,Female,0.01917808,0.07671233,137.00701,0.949914694567627
ethiopia,draw_178,Male,0.01917808,0.07671233,137.00701,0.9453341936725809
nigeria,draw_178,Female,0.01917808,0.07671233,137.00701,0.9472965010341522
nigeria,draw_178,Male,0.01917808,0.07671233,137.00701,0.9474594182431677
pakistan,draw_178,Female,0.01917808,0.07671233,137.00701,0.9483042732500175
pakistan,draw_178,Male,0.01917808,0.07671233,137.00701,0.9476545375821557
ethiopia,draw_178,Female,0.01917808,0.07671233,137.11712,0.9496726850103681
ethiopia,draw_178,Male,0.01917808,0.07671233,137.11712,0.9450401206389998
nigeria,draw_178,Female,0.01917808,0.07671233,137.11712,0.9470112662012492
nigeria,draw_178,Male,0.01917808,0.07671233,137.11712,0.9471876580112086
pakistan,draw_178,Female,0.01917808,0.07671233,137.11712,0.947901383558185
pakistan,draw_178,Male,0.01917808,0.07671233,137.11712,0.9472860744963479
ethiopia,draw_178,Female,0.01917808,0.07671233,137.22723,0.949430240066981
ethiopia,draw_178,Male,0.01917808,0.07671233,137.22723,0.9447455712552364
nigeria,draw_178,Female,0.01917808,0.07671233,137.22723,0.946726024807054
nigeria,draw_178,Male,0.01917808,0.07671233,137.22723,0.9469157233883528
pakistan,draw_178,Female,0.01917808,0.07671233,137.22723,0.9474965639987809
pakistan,draw_178,Male,0.01917808,0.07671233,137.22723,0.9469163989906502
ethiopia,draw_178,Female,0.01917808,0.07671233,137.33734,0.9491877317214589
ethiopia,draw_178,Male,0.01917808,0.07671233,137.33734,0.9444505248615913
nigeria,draw_178,Female,0.01917808,0.07671233,137.33734,0.9464407004729064
nigeria,draw_178,Male,0.01917808,0.07671233,137.33734,0.9466427784705592
pakistan,draw_178,Female,0.01917808,0.07671233,137.33734,0.947090479526104
pakistan,draw_178,Male,0.01917808,0.07671233,137.33734,0.9465453923992758
ethiopia,draw_178,Female,0.01917808,0.07671233,137.44745,0.9489451128878987
ethiopia,draw_178,Male,0.01917808,0.07671233,137.44745,0.9441549899915411
nigeria,draw_178,Female,0.01917808,0.07671233,137.44745,0.9461552337147844
nigeria,draw_178,Male,0.01917808,0.07671233,137.44745,0.9463687394889606
pakistan,draw_178,Female,0.01917808,0.07671233,137.44745,0.9466826549226113
pakistan,draw_178,Male,0.01917808,0.07671233,137.44745,0.9461728030827029
ethiopia,draw_178,Female,0.01917808,0.07671233,137.55756,0.9487015925524824
ethiopia,draw_178,Male,0.01917808,0.07671233,137.55756,0.9438595413836034
nigeria,draw_178,Female,0.01917808,0.07671233,137.55756,0.9458694392832538
nigeria,draw_178,Male,0.01917808,0.07671233,137.55756,0.9460946720928618
pakistan,draw_178,Female,0.01917808,0.07671233,137.55756,0.946273315174242
pakistan,draw_178,Male,0.01917808,0.07671233,137.55756,0.9457991291655374
ethiopia,draw_178,Female,0.01917808,0.07671233,137.66767,0.9484584485301266
ethiopia,draw_178,Male,0.01917808,0.07671233,137.66767,0.9435638327930544
nigeria,draw_178,Female,0.01917808,0.07671233,137.66767,0.9455840616202849
nigeria,draw_178,Male,0.01917808,0.07671233,137.66767,0.9458201901477293
pakistan,draw_178,Female,0.01917808,0.07671233,137.66767,0.9458631429825127
pakistan,draw_178,Male,0.01917808,0.07671233,137.66767,0.9454244034020185
ethiopia,draw_178,Female,0.01917808,0.07671233,137.77778,0.948214739993756
ethiopia,draw_178,Male,0.01917808,0.07671233,137.77778,0.94326807672441
nigeria,draw_178,Female,0.01917808,0.07671233,137.77778,0.9452982381175171
nigeria,draw_178,Male,0.01917808,0.07671233,137.77778,0.9455451862774756
pakistan,draw_178,Female,0.01917808,0.07671233,137.77778,0.9454513785636011
pakistan,draw_178,Male,0.01917808,0.07671233,137.77778,0.9450485557634305
ethiopia,draw_178,Female,0.01917808,0.07671233,137.88789,0.9479712093668574
ethiopia,draw_178,Male,0.01917808,0.07671233,137.88789,0.9429716753337732
nigeria,draw_178,Female,0.01917808,0.07671233,137.88789,0.9450122644020373
nigeria,draw_178,Male,0.01917808,0.07671233,137.88789,0.9452694856813386
pakistan,draw_178,Female,0.01917808,0.07671233,137.88789,0.9450383378834288
pakistan,draw_178,Male,0.01917808,0.07671233,137.88789,0.9446716171178571
ethiopia,draw_178,Female,0.01917808,0.07671233,137.998,0.9477267272741607
ethiopia,draw_178,Male,0.01917808,0.07671233,137.998,0.9426750466448003
nigeria,draw_178,Female,0.01917808,0.07671233,137.998,0.94472618683279
nigeria,draw_178,Male,0.01917808,0.07671233,137.998,0.9449934668649373
pakistan,draw_178,Female,0.01917808,0.07671233,137.998,0.9446234861351338
pakistan,draw_178,Male,0.01917808,0.07671233,137.998,0.9442931019617096
ethiopia,draw_178,Female,0.01917808,0.07671233,138.10811,0.9474823296842928
ethiopia,draw_178,Male,0.01917808,0.07671233,138.10811,0.942378110521298
nigeria,draw_178,Female,0.01917808,0.07671233,138.10811,0.9444398550082135
nigeria,draw_178,Male,0.01917808,0.07671233,138.10811,0.9447164103749678
pakistan,draw_178,Female,0.01917808,0.07671233,138.10811,0.9442072448285672
pakistan,draw_178,Male,0.01917808,0.07671233,138.10811,0.9439135146494861
ethiopia,draw_178,Female,0.01917808,0.07671233,138.21822,0.9472373953763776
ethiopia,draw_178,Male,0.01917808,0.07671233,138.21822,0.9420806359978195
nigeria,draw_178,Female,0.01917808,0.07671233,138.21822,0.9441533747850027
nigeria,draw_178,Male,0.01917808,0.07671233,138.21822,0.9444390889480976
pakistan,draw_178,Female,0.01917808,0.07671233,138.21822,0.9437893065361774
pakistan,draw_178,Male,0.01917808,0.07671233,138.21822,0.9435327050727242
ethiopia,draw_178,Female,0.01917808,0.07671233,138.32833,0.9469927273044578
ethiopia,draw_178,Male,0.01917808,0.07671233,138.32833,0.9417831574450891
nigeria,draw_178,Female,0.01917808,0.07671233,138.32833,0.943866610431956
nigeria,draw_178,Male,0.01917808,0.07671233,138.32833,0.9441613313526447
pakistan,draw_178,Female,0.01917808,0.07671233,138.32833,0.9433703648900132
pakistan,draw_178,Male,0.01917808,0.07671233,138.32833,0.9431505952083509
ethiopia,draw_178,Female,0.01917808,0.07671233,138.43844,0.9467474872203676
ethiopia,draw_178,Male,0.01917808,0.07671233,138.43844,0.9414855343013626
nigeria,draw_178,Female,0.01917808,0.07671233,138.43844,0.9435799773172849
nigeria,draw_178,Male,0.01917808,0.07671233,138.43844,0.9438829160042886
pakistan,draw_178,Female,0.01917808,0.07671233,138.43844,0.9429497189116434
pakistan,draw_178,Male,0.01917808,0.07671233,138.43844,0.9427675172307444
ethiopia,draw_178,Female,0.01917808,0.07671233,138.54855,0.9465018629688653
ethiopia,draw_178,Male,0.01917808,0.07671233,138.54855,0.9411876385159172
nigeria,draw_178,Female,0.01917808,0.07671233,138.54855,0.9432937930006168
nigeria,draw_178,Male,0.01917808,0.07671233,138.54855,0.9436043158930042
pakistan,draw_178,Female,0.01917808,0.07671233,138.54855,0.942527940366106
pakistan,draw_178,Male,0.01917808,0.07671233,138.54855,0.942383462087502
ethiopia,draw_178,Female,0.01917808,0.07671233,138.65866,0.9462564556956814
ethiopia,draw_178,Male,0.01917808,0.07671233,138.65866,0.940889253703394
nigeria,draw_178,Female,0.01917808,0.07671233,138.65866,0.9430070301274963
nigeria,draw_178,Male,0.01917808,0.07671233,138.65866,0.943325111807375
pakistan,draw_178,Female,0.01917808,0.07671233,138.65866,0.9421048239247061
pakistan,draw_178,Male,0.01917808,0.07671233,138.65866,0.9419979186409104
ethiopia,draw_178,Female,0.01917808,0.07671233,138.76877,0.9460102701655826
ethiopia,draw_178,Male,0.01917808,0.07671233,138.76877,0.9405908600464301
nigeria,draw_178,Female,0.01917808,0.07671233,138.76877,0.9427199713685728
nigeria,draw_178,Male,0.01917808,0.07671233,138.76877,0.9430452811582932
pakistan,draw_178,Female,0.01917808,0.07671233,138.76877,0.9416802098621703
pakistan,draw_178,Male,0.01917808,0.07671233,138.76877,0.9416110384585434
ethiopia,draw_178,Female,0.01917808,0.07671233,138.87888,0.9457641660115603
ethiopia,draw_178,Male,0.01917808,0.07671233,138.87888,0.9402916799438252
nigeria,draw_178,Female,0.01917808,0.07671233,138.87888,0.9424328276740407
nigeria,draw_178,Male,0.01917808,0.07671233,138.87888,0.9427646813373408
pakistan,draw_178,Female,0.01917808,0.07671233,138.87888,0.9412537071497102
pakistan,draw_178,Male,0.01917808,0.07671233,138.87888,0.9412228414729342
ethiopia,draw_178,Female,0.01917808,0.07671233,138.98899,0.945517252985112
ethiopia,draw_178,Male,0.01917808,0.07671233,138.98899,0.9399926559246338
nigeria,draw_178,Female,0.01917808,0.07671233,138.98899,0.9421457793286883
nigeria,draw_178,Male,0.01917808,0.07671233,138.98899,0.9424835166101416
pakistan,draw_178,Female,0.01917808,0.07671233,138.98899,0.9408258549993046
pakistan,draw_178,Male,0.01917808,0.07671233,138.98899,0.9408337498976324
ethiopia,draw_178,Female,0.01917808,0.07671233,139.0991,0.9452706277956021
ethiopia,draw_178,Male,0.01917808,0.07671233,139.0991,0.9396933557382601
nigeria,draw_178,Female,0.01917808,0.07671233,139.0991,0.9418586805018277
nigeria,draw_178,Male,0.01917808,0.07671233,139.0991,0.9422020361920422
pakistan,draw_178,Female,0.01917808,0.07671233,139.0991,0.9403970334166982
pakistan,draw_178,Male,0.01917808,0.07671233,139.0991,0.9404433629521192
ethiopia,draw_178,Female,0.01917808,0.07671233,139.20921,0.9450238653304811
ethiopia,draw_178,Male,0.01917808,0.07671233,139.20921,0.9393937004932567
nigeria,draw_178,Female,0.01917808,0.07671233,139.20921,0.9415712408400814
nigeria,draw_178,Male,0.01917808,0.07671233,139.20921,0.9419203951130798
pakistan,draw_178,Female,0.01917808,0.07671233,139.20921,0.9399666377060328
pakistan,draw_178,Male,0.01917808,0.07671233,139.20921,0.9400520982717944
ethiopia,draw_178,Female,0.01917808,0.07671233,139.31932,0.9447767851904457
ethiopia,draw_178,Male,0.01917808,0.07671233,139.31932,0.9390939494545243
nigeria,draw_178,Female,0.01917808,0.07671233,139.31932,0.9412842946855183
nigeria,draw_178,Male,0.01917808,0.07671233,139.31932,0.9416381130103496
pakistan,draw_178,Female,0.01917808,0.07671233,139.31932,0.9395348160388883
pakistan,draw_178,Male,0.01917808,0.07671233,139.31932,0.9396595160265984
ethiopia,draw_178,Female,0.01917808,0.07671233,139.42943,0.9445291259063601
ethiopia,draw_178,Male,0.01917808,0.07671233,139.42943,0.9387937174999571
nigeria,draw_178,Female,0.01917808,0.07671233,139.42943,0.9409968130402852
nigeria,draw_178,Male,0.01917808,0.07671233,139.42943,0.9413552902411235
pakistan,draw_178,Female,0.01917808,0.07671233,139.42943,0.9391016447800934
pakistan,draw_178,Male,0.01917808,0.07671233,139.42943,0.9392660202670071
ethiopia,draw_178,Female,0.01917808,0.07671233,139.53954,0.9442815295271412
ethiopia,draw_178,Male,0.01917808,0.07671233,139.53954,0.9384933986927452
nigeria,draw_178,Female,0.01917808,0.07671233,139.53954,0.9407088336170107
nigeria,draw_178,Male,0.01917808,0.07671233,139.53954,0.9410716209836879
pakistan,draw_178,Female,0.01917808,0.07671233,139.53954,0.9386667523378749
pakistan,draw_178,Male,0.01917808,0.07671233,139.53954,0.9388705773424721
ethiopia,draw_178,Female,0.01917808,0.07671233,139.64965,0.944033586652115
ethiopia,draw_178,Male,0.01917808,0.07671233,139.64965,0.938192581115715
nigeria,draw_178,Female,0.01917808,0.07671233,139.64965,0.9404214720610132
nigeria,draw_178,Male,0.01917808,0.07671233,139.64965,0.9407877830990945
pakistan,draw_178,Female,0.01917808,0.07671233,139.64965,0.9382304126495713
pakistan,draw_178,Male,0.01917808,0.07671233,139.64965,0.9384741759814378
ethiopia,draw_178,Female,0.01917808,0.07671233,139.75976,0.9437854444374804
ethiopia,draw_178,Male,0.01917808,0.07671233,139.75976,0.9378916668846576
nigeria,draw_178,Female,0.01917808,0.07671233,139.75976,0.940133601479928
nigeria,draw_178,Male,0.01917808,0.07671233,139.75976,0.9405033204851333
pakistan,draw_178,Female,0.01917808,0.07671233,139.75976,0.9377928441119474
pakistan,draw_178,Male,0.01917808,0.07671233,139.75976,0.9380771351361334
ethiopia,draw_178,Female,0.01917808,0.07671233,139.86987,0.9435369149416722
ethiopia,draw_178,Male,0.01917808,0.07671233,139.86987,0.937590796619439
nigeria,draw_178,Female,0.01917808,0.07671233,139.86987,0.9398459923732674
nigeria,draw_178,Male,0.01917808,0.07671233,139.86987,0.9402187300086131
pakistan,draw_178,Female,0.01917808,0.07671233,139.86987,0.9373545026980042
pakistan,draw_178,Male,0.01917808,0.07671233,139.86987,0.9376788302694119
ethiopia,draw_178,Female,0.01917808,0.07671233,139.97998,0.9432885566384321
ethiopia,draw_178,Male,0.01917808,0.07671233,139.97998,0.937289464515486
nigeria,draw_178,Female,0.01917808,0.07671233,139.97998,0.9395584556741464
nigeria,draw_178,Male,0.01917808,0.07671233,139.97998,0.939933318708143
pakistan,draw_178,Female,0.01917808,0.07671233,139.97998,0.9369140201149048
pakistan,draw_178,Male,0.01917808,0.07671233,139.97998,0.9372796183918024
ethiopia,draw_178,Female,0.01917808,0.07671233,140.09009,0.943039675886857
ethiopia,draw_178,Male,0.01917808,0.07671233,140.09009,0.9369880961130403
nigeria,draw_178,Female,0.01917808,0.07671233,140.09009,0.9392707797422019
nigeria,draw_178,Male,0.01917808,0.07671233,140.09009,0.939647678336273
pakistan,draw_178,Female,0.01917808,0.07671233,140.09009,0.9364727725334413
pakistan,draw_178,Male,0.01917808,0.07671233,140.09009,0.9368789012058834
ethiopia,draw_178,Female,0.01917808,0.07671233,140.2002,0.9427908397784551
ethiopia,draw_178,Male,0.01917808,0.07671233,140.2002,0.9366865127623416
nigeria,draw_178,Female,0.01917808,0.07671233,140.2002,0.9389825676590533
nigeria,draw_178,Male,0.01917808,0.07671233,140.2002,0.9393614860762092
pakistan,draw_178,Female,0.01917808,0.07671233,140.2002,0.936029987516848
pakistan,draw_178,Male,0.01917808,0.07671233,140.2002,0.9364770219883908
ethiopia,draw_178,Female,0.01917808,0.07671233,140.31031,0.9425415369596339
ethiopia,draw_178,Male,0.01917808,0.07671233,140.31031,0.9363841604426014
nigeria,draw_178,Female,0.01917808,0.07671233,140.31031,0.9386947885652956
nigeria,draw_178,Male,0.01917808,0.07671233,140.31031,0.9390746591849627
pakistan,draw_178,Female,0.01917808,0.07671233,140.31031,0.935585472317144
pakistan,draw_178,Male,0.01917808,0.07671233,140.31031,0.9360737081356761
ethiopia,draw_178,Female,0.01917808,0.07671233,140.42042,0.9422919023269355
ethiopia,draw_178,Male,0.01917808,0.07671233,140.42042,0.9360819868254154
nigeria,draw_178,Female,0.01917808,0.07671233,140.42042,0.938406344727182
nigeria,draw_178,Male,0.01917808,0.07671233,140.42042,0.9387872225299007
pakistan,draw_178,Female,0.01917808,0.07671233,140.42042,0.9351393387014881
pakistan,draw_178,Male,0.01917808,0.07671233,140.42042,0.9356693506487888
ethiopia,draw_178,Female,0.01917808,0.07671233,140.53053,0.9420422489162247
ethiopia,draw_178,Male,0.01917808,0.07671233,140.53053,0.9357795066715315
nigeria,draw_178,Female,0.01917808,0.07671233,140.53053,0.9381183418944027
nigeria,draw_178,Male,0.01917808,0.07671233,140.53053,0.9384997977780457
pakistan,draw_178,Female,0.01917808,0.07671233,140.53053,0.9346924635443595
pakistan,draw_178,Male,0.01917808,0.07671233,140.53053,0.9352643681251354
ethiopia,draw_178,Female,0.01917808,0.07671233,140.64064,0.9417925860385424
ethiopia,draw_178,Male,0.01917808,0.07671233,140.64064,0.9354768830935088
nigeria,draw_178,Female,0.01917808,0.07671233,140.64064,0.9378302304713724
nigeria,draw_178,Male,0.01917808,0.07671233,140.64064,0.9382117031926038
pakistan,draw_178,Female,0.01917808,0.07671233,140.64064,0.9342443515415938
pakistan,draw_178,Male,0.01917808,0.07671233,140.64064,0.9348579619674364
ethiopia,draw_178,Female,0.01917808,0.07671233,140.75075,0.9415428144706101
ethiopia,draw_178,Male,0.01917808,0.07671233,140.75075,0.9351741274393874
nigeria,draw_178,Female,0.01917808,0.07671233,140.75075,0.9375420914015854
nigeria,draw_178,Male,0.01917808,0.07671233,140.75075,0.937923343848357
pakistan,draw_178,Female,0.01917808,0.07671233,140.75075,0.9337948570396941
pakistan,draw_178,Male,0.01917808,0.07671233,140.75075,0.9344506505715691
ethiopia,draw_178,Female,0.01917808,0.07671233,140.86086,0.9412927883851945
ethiopia,draw_178,Male,0.01917808,0.07671233,140.86086,0.9348712470418962
nigeria,draw_178,Female,0.01917808,0.07671233,140.86086,0.9372544385431852
nigeria,draw_178,Male,0.01917808,0.07671233,140.86086,0.9376346933214409
pakistan,draw_178,Female,0.01917808,0.07671233,140.86086,0.9333437368612952
pakistan,draw_178,Male,0.01917808,0.07671233,140.86086,0.9340423328066232
ethiopia,draw_178,Female,0.01917808,0.07671233,140.97097,0.9410421510983155
ethiopia,draw_178,Male,0.01917808,0.07671233,140.97097,0.9345680108165683
nigeria,draw_178,Female,0.01917808,0.07671233,140.97097,0.9369656743307632
nigeria,draw_178,Male,0.01917808,0.07671233,140.97097,0.9373449112418185
pakistan,draw_178,Female,0.01917808,0.07671233,140.97097,0.9328916142871455
pakistan,draw_178,Male,0.01917808,0.07671233,140.97097,0.933632584070759
ethiopia,draw_178,Female,0.01917808,0.07671233,141.08108,0.9407910818772091
ethiopia,draw_178,Male,0.01917808,0.07671233,141.08108,0.9342635410621423
nigeria,draw_178,Female,0.01917808,0.07671233,141.08108,0.9366764536980119
nigeria,draw_178,Male,0.01917808,0.07671233,141.08108,0.9370544051182129
pakistan,draw_178,Female,0.01917808,0.07671233,141.08108,0.932437032294211
pakistan,draw_178,Male,0.01917808,0.07671233,141.08108,0.9332209813767193
ethiopia,draw_178,Female,0.01917808,0.07671233,141.19119,0.9405318214405975
ethiopia,draw_178,Male,0.01917808,0.07671233,141.19119,0.9339516752020105
nigeria,draw_178,Female,0.01917808,0.07671233,141.19119,0.9363800401385213
nigeria,draw_178,Male,0.01917808,0.07671233,141.19119,0.9367557481596559
pakistan,draw_178,Female,0.01917808,0.07671233,141.19119,0.9319735145518776
pakistan,draw_178,Male,0.01917808,0.07671233,141.19119,0.9328007203554398
ethiopia,draw_178,Female,0.01917808,0.07671233,141.3013,0.940272760404404
ethiopia,draw_178,Male,0.01917808,0.07671233,141.3013,0.933639648119315
nigeria,draw_178,Female,0.01917808,0.07671233,141.3013,0.936083492901765
nigeria,draw_178,Male,0.01917808,0.07671233,141.3013,0.93645700907225
pakistan,draw_178,Female,0.01917808,0.07671233,141.3013,0.9315092472973706
pakistan,draw_178,Male,0.01917808,0.07671233,141.3013,0.9323797393782041
ethiopia,draw_178,Female,0.01917808,0.07671233,141.41141,0.9400134465016556
ethiopia,draw_178,Male,0.01917808,0.07671233,141.41141,0.9333275221309495
nigeria,draw_178,Female,0.01917808,0.07671233,141.41141,0.9357870399613922
nigeria,draw_178,Male,0.01917808,0.07671233,141.41141,0.9361580886573881
pakistan,draw_178,Female,0.01917808,0.07671233,141.41141,0.931043542600398
pakistan,draw_178,Male,0.01917808,0.07671233,141.41141,0.9319576766100411
ethiopia,draw_178,Female,0.01917808,0.07671233,141.52152,0.9397543589096866
ethiopia,draw_178,Male,0.01917808,0.07671233,141.52152,0.933015254034347
nigeria,draw_178,Female,0.01917808,0.07671233,141.52152,0.935490623688181
nigeria,draw_178,Male,0.01917808,0.07671233,141.52152,0.9358584371714805
pakistan,draw_178,Female,0.01917808,0.07671233,141.52152,0.9305765293206723
pakistan,draw_178,Male,0.01917808,0.07671233,141.52152,0.9315345844469127
ethiopia,draw_178,Female,0.01917808,0.07671233,141.63163,0.9394943796476137
ethiopia,draw_178,Male,0.01917808,0.07671233,141.63163,0.9327027007230565
nigeria,draw_178,Female,0.01917808,0.07671233,141.63163,0.9351939287948873
nigeria,draw_178,Male,0.01917808,0.07671233,141.63163,0.93555836224431
pakistan,draw_178,Female,0.01917808,0.07671233,141.63163,0.9301082616710731
pakistan,draw_178,Male,0.01917808,0.07671233,141.63163,0.9311103056601676
ethiopia,draw_178,Female,0.01917808,0.07671233,141.74174,0.9392345473985272
ethiopia,draw_178,Male,0.01917808,0.07671233,141.74174,0.9323899091354865
nigeria,draw_178,Female,0.01917808,0.07671233,141.74174,0.9348971003411808
nigeria,draw_178,Male,0.01917808,0.07671233,141.74174,0.9352576252011633
pakistan,draw_178,Female,0.01917808,0.07671233,141.74174,0.9296382313357324
pakistan,draw_178,Male,0.01917808,0.07671233,141.74174,0.9306853799441241
ethiopia,draw_178,Female,0.01917808,0.07671233,141.85185,0.9389746703045202
ethiopia,draw_178,Male,0.01917808,0.07671233,141.85185,0.9320769480409239
nigeria,draw_178,Female,0.01917808,0.07671233,141.85185,0.9346008978182181
nigeria,draw_178,Male,0.01917808,0.07671233,141.85185,0.9349568156525708
pakistan,draw_178,Female,0.01917808,0.07671233,141.85185,0.9291670725502428
pakistan,draw_178,Male,0.01917808,0.07671233,141.85185,0.9302588345092959
ethiopia,draw_178,Female,0.01917808,0.07671233,141.96196,0.938714705257712
ethiopia,draw_178,Male,0.01917808,0.07671233,141.96196,0.9317639870678434
nigeria,draw_178,Female,0.01917808,0.07671233,141.96196,0.9343037846767978
nigeria,draw_178,Male,0.01917808,0.07671233,141.96196,0.9346554531843391
pakistan,draw_178,Female,0.01917808,0.07671233,141.96196,0.9286946195679833
pakistan,draw_178,Male,0.01917808,0.07671233,141.96196,0.9298314088030754
ethiopia,draw_178,Female,0.01917808,0.07671233,142.07207,0.9384544326627521
ethiopia,draw_178,Male,0.01917808,0.07671233,142.07207,0.9314509107542125
nigeria,draw_178,Female,0.01917808,0.07671233,142.07207,0.934007551394331
nigeria,draw_178,Male,0.01917808,0.07671233,142.07207,0.9343539273912336
pakistan,draw_178,Female,0.01917808,0.07671233,142.07207,0.928221341126078
pakistan,draw_178,Male,0.01917808,0.07671233,142.07207,0.9294030768797469
ethiopia,draw_178,Female,0.01917808,0.07671233,142.18218,0.9381940666069715
ethiopia,draw_178,Male,0.01917808,0.07671233,142.18218,0.9311376047010914
nigeria,draw_178,Female,0.01917808,0.07671233,142.18218,0.933711232413464
nigeria,draw_178,Male,0.01917808,0.07671233,142.18218,0.9340520145377608
pakistan,draw_178,Female,0.01917808,0.07671233,142.18218,0.9277467651482428
pakistan,draw_178,Male,0.01917808,0.07671233,142.18218,0.9289741829252135
ethiopia,draw_178,Female,0.01917808,0.07671233,142.29229,0.937933646098231
ethiopia,draw_178,Male,0.01917808,0.07671233,142.29229,0.9308246231932108
nigeria,draw_178,Female,0.01917808,0.07671233,142.29229,0.9334148961257568
nigeria,draw_178,Male,0.01917808,0.07671233,142.29229,0.9337497920171643
pakistan,draw_178,Female,0.01917808,0.07671233,142.29229,0.9272708763438456
pakistan,draw_178,Male,0.01917808,0.07671233,142.29229,0.9285439301612649
ethiopia,draw_178,Female,0.01917808,0.07671233,142.4024,0.9376728482909528
ethiopia,draw_178,Male,0.01917808,0.07671233,142.4024,0.9305106558016726
nigeria,draw_178,Female,0.01917808,0.07671233,142.4024,0.9331183094644182
nigeria,draw_178,Male,0.01917808,0.07671233,142.4024,0.9334469697633542
pakistan,draw_178,Female,0.01917808,0.07671233,142.4024,0.9267936100792462
pakistan,draw_178,Male,0.01917808,0.07671233,142.4024,0.9281123295229241
ethiopia,draw_178,Female,0.01917808,0.07671233,142.51251,0.9374123118664733
ethiopia,draw_178,Male,0.01917808,0.07671233,142.51251,0.9301970354536213
nigeria,draw_178,Female,0.01917808,0.07671233,142.51251,0.9328217219722272
nigeria,draw_178,Male,0.01917808,0.07671233,142.51251,0.933143521443485
pakistan,draw_178,Female,0.01917808,0.07671233,142.51251,0.926314680300535
pakistan,draw_178,Male,0.01917808,0.07671233,142.51251,0.9276800816301278
ethiopia,draw_178,Female,0.01917808,0.07671233,142.62262,0.9371509118200457
ethiopia,draw_178,Male,0.01917808,0.07671233,142.62262,0.9298829285489667
nigeria,draw_178,Female,0.01917808,0.07671233,142.62262,0.9325251499462265
nigeria,draw_178,Male,0.01917808,0.07671233,142.62262,0.9328400626390392
pakistan,draw_178,Female,0.01917808,0.07671233,142.62262,0.9258352102035724
pakistan,draw_178,Male,0.01917808,0.07671233,142.62262,0.9272467053370337
ethiopia,draw_178,Female,0.01917808,0.07671233,142.73273,0.9368903140652168
ethiopia,draw_178,Male,0.01917808,0.07671233,142.73273,0.9295696217575375
nigeria,draw_178,Female,0.01917808,0.07671233,142.73273,0.9322292977744907
nigeria,draw_178,Male,0.01917808,0.07671233,142.73273,0.9325365193978682
pakistan,draw_178,Female,0.01917808,0.07671233,142.73273,0.9253546336267712
pakistan,draw_178,Male,0.01917808,0.07671233,142.73273,0.9268124946790539
ethiopia,draw_178,Female,0.01917808,0.07671233,142.84284,0.9366289516888329
ethiopia,draw_178,Male,0.01917808,0.07671233,142.84284,0.9292556215585138
nigeria,draw_178,Female,0.01917808,0.07671233,142.84284,0.9319330842298181
nigeria,draw_178,Male,0.01917808,0.07671233,142.84284,0.9322323385724705
pakistan,draw_178,Female,0.01917808,0.07671233,142.84284,0.9248725666801071
pakistan,draw_178,Male,0.01917808,0.07671233,142.84284,0.9263775002992097
ethiopia,draw_178,Female,0.01917808,0.07671233,142.95295,0.9363680249497425
ethiopia,draw_178,Male,0.01917808,0.07671233,142.95295,0.9289415382469877
nigeria,draw_178,Female,0.01917808,0.07671233,142.95295,0.931636919400732
nigeria,draw_178,Male,0.01917808,0.07671233,142.95295,0.9319282605751286
pakistan,draw_178,Female,0.01917808,0.07671233,142.95295,0.9243897380598168
pakistan,draw_178,Male,0.01917808,0.07671233,142.95295,0.9259417504768305
ethiopia,draw_178,Female,0.01917808,0.07671233,143.06306,0.9361065860635184
ethiopia,draw_178,Male,0.01917808,0.07671233,143.06306,0.9286274127380784
nigeria,draw_178,Female,0.01917808,0.07671233,143.06306,0.9313406753684399
nigeria,draw_178,Male,0.01917808,0.07671233,143.06306,0.9316233969260052
pakistan,draw_178,Female,0.01917808,0.07671233,143.06306,0.92390533974568
pakistan,draw_178,Male,0.01917808,0.07671233,143.06306,0.9255046545988256
ethiopia,draw_178,Female,0.01917808,0.07671233,143.17317,0.9358448733420877
ethiopia,draw_178,Male,0.01917808,0.07671233,143.17317,0.9283132313915639
nigeria,draw_178,Female,0.01917808,0.07671233,143.17317,0.931044553376318
nigeria,draw_178,Male,0.01917808,0.07671233,143.17317,0.9313182770578438
pakistan,draw_178,Female,0.01917808,0.07671233,143.17317,0.9234193254848615
pakistan,draw_178,Male,0.01917808,0.07671233,143.17317,0.9250668060813354
ethiopia,draw_178,Female,0.01917808,0.07671233,143.28328,0.9355831580080155
ethiopia,draw_178,Male,0.01917808,0.07671233,143.28328,0.9279986479616613
nigeria,draw_178,Female,0.01917808,0.07671233,143.28328,0.9307485659866737
nigeria,draw_178,Male,0.01917808,0.07671233,143.28328,0.9310127072628817
pakistan,draw_178,Female,0.01917808,0.07671233,143.28328,0.9229323910907118
pakistan,draw_178,Male,0.01917808,0.07671233,143.28328,0.9246277796369221
ethiopia,draw_178,Female,0.01917808,0.07671233,143.39339,0.935321702215749
ethiopia,draw_178,Male,0.01917808,0.07671233,143.39339,0.9276843834062382
nigeria,draw_178,Female,0.01917808,0.07671233,143.39339,0.9304523290685333
nigeria,draw_178,Male,0.01917808,0.07671233,143.39339,0.930706807874477
pakistan,draw_178,Female,0.01917808,0.07671233,143.39339,0.9224445006610485
pakistan,draw_178,Male,0.01917808,0.07671233,143.39339,0.9241880094763931
ethiopia,draw_178,Female,0.01917808,0.07671233,143.5035,0.9350601956367252
ethiopia,draw_178,Male,0.01917808,0.07671233,143.5035,0.9273700180226926
nigeria,draw_178,Female,0.01917808,0.07671233,143.5035,0.9301568816460245
nigeria,draw_178,Male,0.01917808,0.07671233,143.5035,0.9304012679842478
pakistan,draw_178,Female,0.01917808,0.07671233,143.5035,0.9219554039210933
pakistan,draw_178,Male,0.01917808,0.07671233,143.5035,0.923747540091427
ethiopia,draw_178,Female,0.01917808,0.07671233,143.61361,0.9347984161718741
ethiopia,draw_178,Male,0.01917808,0.07671233,143.61361,0.9270557175492616
nigeria,draw_178,Female,0.01917808,0.07671233,143.61361,0.9298610375905398
nigeria,draw_178,Male,0.01917808,0.07671233,143.61361,0.9300951262837944
pakistan,draw_178,Female,0.01917808,0.07671233,143.61361,0.9214651871481477
pakistan,draw_178,Male,0.01917808,0.07671233,143.61361,0.9233062542328002
ethiopia,draw_178,Female,0.01917808,0.07671233,143.72372,0.934536775096004
ethiopia,draw_178,Male,0.01917808,0.07671233,143.72372,0.9267417045926891
nigeria,draw_178,Female,0.01917808,0.07671233,143.72372,0.9295655616605525
nigeria,draw_178,Male,0.01917808,0.07671233,143.72372,0.9297882853696972
pakistan,draw_178,Female,0.01917808,0.07671233,143.72372,0.9209739967890018
pakistan,draw_178,Male,0.01917808,0.07671233,143.72372,0.9228641619550311
ethiopia,draw_178,Female,0.01917808,0.07671233,143.83383,0.9342746295504358
ethiopia,draw_178,Male,0.01917808,0.07671233,143.83383,0.92642705904963
nigeria,draw_178,Female,0.01917808,0.07671233,143.83383,0.9292698962619742
nigeria,draw_178,Male,0.01917808,0.07671233,143.83383,0.9294815601077079
pakistan,draw_178,Female,0.01917808,0.07671233,143.83383,0.9204811840044516
pakistan,draw_178,Male,0.01917808,0.07671233,143.83383,0.922420867760177
ethiopia,draw_178,Female,0.01917808,0.07671233,143.94394,0.9340125637206824
ethiopia,draw_178,Male,0.01917808,0.07671233,143.94394,0.9261121308197074
nigeria,draw_178,Female,0.01917808,0.07671233,143.94394,0.9289746045140529
nigeria,draw_178,Male,0.01917808,0.07671233,143.94394,0.9291740709703485
pakistan,draw_178,Female,0.01917808,0.07671233,143.94394,0.9199873787911811
pakistan,draw_178,Male,0.01917808,0.07671233,143.94394,0.9219767837395865
ethiopia,draw_178,Female,0.01917808,0.07671233,144.05405,0.9337503047316335
ethiopia,draw_178,Male,0.01917808,0.07671233,144.05405,0.9257976117298677
nigeria,draw_178,Female,0.01917808,0.07671233,144.05405,0.9286791991860464
nigeria,draw_178,Male,0.01917808,0.07671233,144.05405,0.9288668164878489
pakistan,draw_178,Female,0.01917808,0.07671233,144.05405,0.9194925216474555
pakistan,draw_178,Male,0.01917808,0.07671233,144.05405,0.9215316031429261
ethiopia,draw_178,Female,0.01917808,0.07671233,144.16416,0.933488210823304
ethiopia,draw_178,Male,0.01917808,0.07671233,144.16416,0.9254833703529493
nigeria,draw_178,Female,0.01917808,0.07671233,144.16416,0.9283841133244426
nigeria,draw_178,Male,0.01917808,0.07671233,144.16416,0.9285590882894516
pakistan,draw_178,Female,0.01917808,0.07671233,144.16416,0.9189969960245884
pakistan,draw_178,Male,0.01917808,0.07671233,144.16416,0.9210860864007941
ethiopia,draw_178,Female,0.01917808,0.07671233,144.27427,0.9332261780280594
ethiopia,draw_178,Male,0.01917808,0.07671233,144.27427,0.9251686445698778
nigeria,draw_178,Female,0.01917808,0.07671233,144.27427,0.928089184020377
nigeria,draw_178,Male,0.01917808,0.07671233,144.27427,0.9282513516982424
pakistan,draw_178,Female,0.01917808,0.07671233,144.27427,0.9184999276838502
pakistan,draw_178,Male,0.01917808,0.07671233,144.27427,0.9206396555455559
ethiopia,draw_178,Female,0.01917808,0.07671233,144.38438,0.932964163726419
ethiopia,draw_178,Male,0.01917808,0.07671233,144.38438,0.9248543878048247
nigeria,draw_178,Female,0.01917808,0.07671233,144.38438,0.927794335021386
nigeria,draw_178,Male,0.01917808,0.07671233,144.38438,0.9279431003722793
pakistan,draw_178,Female,0.01917808,0.07671233,144.38438,0.9180024122945852
pakistan,draw_178,Male,0.01917808,0.07671233,144.38438,0.9201924496598556
ethiopia,draw_178,Female,0.01917808,0.07671233,144.49449,0.9327020107094794
ethiopia,draw_178,Male,0.01917808,0.07671233,144.49449,0.9245397388449194
nigeria,draw_178,Female,0.01917808,0.07671233,144.49449,0.9274994701954565
nigeria,draw_178,Male,0.01917808,0.07671233,144.49449,0.927634842339389
pakistan,draw_178,Female,0.01917808,0.07671233,144.49449,0.9175033867681591
pakistan,draw_178,Male,0.01917808,0.07671233,144.49449,0.9197443875864192
ethiopia,draw_178,Female,0.01917808,0.07671233,144.6046,0.9324396170612093
ethiopia,draw_178,Male,0.01917808,0.07671233,144.6046,0.9242254586121171
nigeria,draw_178,Female,0.01917808,0.07671233,144.6046,0.9272046024373721
nigeria,draw_178,Male,0.01917808,0.07671233,144.6046,0.9273262679978665
pakistan,draw_178,Female,0.01917808,0.07671233,144.6046,0.9170032088122739
pakistan,draw_178,Male,0.01917808,0.07671233,144.6046,0.9192952544274798
ethiopia,draw_178,Female,0.01917808,0.07671233,144.71471,0.9321775226403084
ethiopia,draw_178,Male,0.01917808,0.07671233,144.71471,0.9239105033356805
nigeria,draw_178,Female,0.01917808,0.07671233,144.71471,0.9269098143915743
nigeria,draw_178,Male,0.01917808,0.07671233,144.71471,0.9270173429749761
pakistan,draw_178,Female,0.01917808,0.07671233,144.71471,0.9165019889107853
pakistan,draw_178,Male,0.01917808,0.07671233,144.71471,0.9188453738628648
ethiopia,draw_178,Female,0.01917808,0.07671233,144.82482,0.9319150811373996
ethiopia,draw_178,Male,0.01917808,0.07671233,144.82482,0.9235959262940184
nigeria,draw_178,Female,0.01917808,0.07671233,144.82482,0.9266152214048695
nigeria,draw_178,Male,0.01917808,0.07671233,144.82482,0.9267081599870123
pakistan,draw_178,Female,0.01917808,0.07671233,144.82482,0.9159999424995827
pakistan,draw_178,Male,0.01917808,0.07671233,144.82482,0.9183947185690446
ethiopia,draw_178,Female,0.01917808,0.07671233,144.93493,0.9316529086793254
ethiopia,draw_178,Male,0.01917808,0.07671233,144.93493,0.9232814657021309
nigeria,draw_178,Female,0.01917808,0.07671233,144.93493,0.926321672646351
nigeria,draw_178,Male,0.01917808,0.07671233,144.93493,0.9263991447807488
pakistan,draw_178,Female,0.01917808,0.07671233,144.93493,0.915496811035485
pakistan,draw_178,Male,0.01917808,0.07671233,144.93493,0.9179439413049363
ethiopia,draw_178,Female,0.01917808,0.07671233,145.04505,0.9313906700053588
ethiopia,draw_178,Male,0.01917808,0.07671233,145.04505,0.9229671120706308
nigeria,draw_178,Female,0.01917808,0.07671233,145.04505,0.9260276968941566
nigeria,draw_178,Male,0.01917808,0.07671233,145.04505,0.9260896878759565
pakistan,draw_178,Female,0.01917808,0.07671233,145.04505,0.9149930473608849
pakistan,draw_178,Male,0.01917808,0.07671233,145.04505,0.9174917367853999
ethiopia,draw_178,Female,0.01917808,0.07671233,145.15516,0.9311286174078499
ethiopia,draw_178,Male,0.01917808,0.07671233,145.15516,0.9226530985693452
nigeria,draw_178,Female,0.01917808,0.07671233,145.15516,0.9257338882423284
nigeria,draw_178,Male,0.01917808,0.07671233,145.15516,0.9257801567111037
pakistan,draw_178,Female,0.01917808,0.07671233,145.15516,0.9144878844622993
pakistan,draw_178,Male,0.01917808,0.07671233,145.15516,0.9170394211190404
ethiopia,draw_178,Female,0.01917808,0.07671233,145.26527,0.9308661198530899
ethiopia,draw_178,Male,0.01917808,0.07671233,145.26527,0.9223386723299352
nigeria,draw_178,Female,0.01917808,0.07671233,145.26527,0.9254400118117168
nigeria,draw_178,Male,0.01917808,0.07671233,145.26527,0.9254701950290922
pakistan,draw_178,Female,0.01917808,0.07671233,145.26527,0.9139819548064454
pakistan,draw_178,Male,0.01917808,0.07671233,145.26527,0.9165857554462586
ethiopia,draw_178,Female,0.01917808,0.07671233,145.37538,0.9306038733910271
ethiopia,draw_178,Male,0.01917808,0.07671233,145.37538,0.9220242686773942
nigeria,draw_178,Female,0.01917808,0.07671233,145.37538,0.9251463116053814
nigeria,draw_178,Male,0.01917808,0.07671233,145.37538,0.9251600268485981
pakistan,draw_178,Female,0.01917808,0.07671233,145.37538,0.9134743543020027
pakistan,draw_178,Male,0.01917808,0.07671233,145.37538,0.9161314392151784
ethiopia,draw_178,Female,0.01917808,0.07671233,145.48549,0.9303418164106924
ethiopia,draw_178,Male,0.01917808,0.07671233,145.48549,0.9217099415347078
nigeria,draw_178,Female,0.01917808,0.07671233,145.48549,0.9248527871577434
nigeria,draw_178,Male,0.01917808,0.07671233,145.48549,0.924849676438738
pakistan,draw_178,Female,0.01917808,0.07671233,145.48549,0.9129661448485596
pakistan,draw_178,Male,0.01917808,0.07671233,145.48549,0.9156764373295371
ethiopia,draw_178,Female,0.01917808,0.07671233,145.5956,0.9300793917075446
ethiopia,draw_178,Male,0.01917808,0.07671233,145.5956,0.9213959740035945
nigeria,draw_178,Female,0.01917808,0.07671233,145.5956,0.924559672185836
nigeria,draw_178,Male,0.01917808,0.07671233,145.5956,0.9245392577537854
pakistan,draw_178,Female,0.01917808,0.07671233,145.5956,0.9124571690214911
pakistan,draw_178,Male,0.01917808,0.07671233,145.5956,0.915220769312611
ethiopia,draw_178,Female,0.01917808,0.07671233,145.70571,0.9298173771962319
ethiopia,draw_178,Male,0.01917808,0.07671233,145.70571,0.9210817895435476
nigeria,draw_178,Female,0.01917808,0.07671233,145.70571,0.9242668111681211
nigeria,draw_178,Male,0.01917808,0.07671233,145.70571,0.9242288009324829
pakistan,draw_178,Female,0.01917808,0.07671233,145.70571,0.9119473072759405
pakistan,draw_178,Male,0.01917808,0.07671233,145.70571,0.9147645716131653
ethiopia,draw_178,Female,0.01917808,0.07671233,145.81582,0.9295554255278408
ethiopia,draw_178,Male,0.01917808,0.07671233,145.81582,0.9207682600623658
nigeria,draw_178,Female,0.01917808,0.07671233,145.81582,0.9239741574547093
nigeria,draw_178,Male,0.01917808,0.07671233,145.81582,0.9239181722963264
pakistan,draw_178,Female,0.01917808,0.07671233,145.81582,0.9114366120308801
pakistan,draw_178,Male,0.01917808,0.07671233,145.81582,0.9143074958244495
ethiopia,draw_178,Female,0.01917808,0.07671233,145.92593,0.9292934567222118
ethiopia,draw_178,Male,0.01917808,0.07671233,145.92593,0.9204542680510679
nigeria,draw_178,Female,0.01917808,0.07671233,145.92593,0.9236817846753214
nigeria,draw_178,Male,0.01917808,0.07671233,145.92593,0.9236072981248448
pakistan,draw_178,Female,0.01917808,0.07671233,145.92593,0.9109247691417179
pakistan,draw_178,Male,0.01917808,0.07671233,145.92593,0.913849920331549
ethiopia,draw_178,Female,0.01917808,0.07671233,146.03604,0.9290311254596583
ethiopia,draw_178,Male,0.01917808,0.07671233,146.03604,0.92014027627191
nigeria,draw_178,Female,0.01917808,0.07671233,146.03604,0.9233890892278406
nigeria,draw_178,Male,0.01917808,0.07671233,146.03604,0.9232961854969426
pakistan,draw_178,Female,0.01917808,0.07671233,146.03604,0.910411633163672
pakistan,draw_178,Male,0.01917808,0.07671233,146.03604,0.913391467396016
ethiopia,draw_178,Female,0.01917808,0.07671233,146.14615,0.9287692724395356
ethiopia,draw_178,Male,0.01917808,0.07671233,146.14615,0.9198265274459148
nigeria,draw_178,Female,0.01917808,0.07671233,146.14615,0.9230970618029785
nigeria,draw_178,Male,0.01917808,0.07671233,146.14615,0.9229849648558921
pakistan,draw_178,Female,0.01917808,0.07671233,146.14615,0.9098978477807592
pakistan,draw_178,Male,0.01917808,0.07671233,146.14615,0.9129323691875657
ethiopia,draw_178,Female,0.01917808,0.07671233,146.25626,0.9285070389867087
ethiopia,draw_178,Male,0.01917808,0.07671233,146.25626,0.919512983855315
nigeria,draw_178,Female,0.01917808,0.07671233,146.25626,0.9228052820272037
nigeria,draw_178,Male,0.01917808,0.07671233,146.25626,0.9226736441846862
pakistan,draw_178,Female,0.01917808,0.07671233,146.25626,0.909383287275034
pakistan,draw_178,Male,0.01917808,0.07671233,146.25626,0.9124726500247441
ethiopia,draw_178,Female,0.01917808,0.07671233,146.36637,0.9282456323274222
ethiopia,draw_178,Male,0.01917808,0.07671233,146.36637,0.9191997720099601
nigeria,draw_178,Female,0.01917808,0.07671233,146.36637,0.9225139741935181
nigeria,draw_178,Male,0.01917808,0.07671233,146.36637,0.9223624153093932
pakistan,draw_178,Female,0.01917808,0.07671233,146.36637,0.9088677840006499
pakistan,draw_178,Male,0.01917808,0.07671233,146.36637,0.9120128216838912
ethiopia,draw_178,Female,0.01917808,0.07671233,146.47648,0.9279838413447733
ethiopia,draw_178,Male,0.01917808,0.07671233,146.47648,0.9188863250876375
nigeria,draw_178,Female,0.01917808,0.07671233,146.47648,0.9222229022156164
nigeria,draw_178,Male,0.01917808,0.07671233,146.47648,0.922051093566539
pakistan,draw_178,Female,0.01917808,0.07671233,146.47648,0.9083515336640241
pakistan,draw_178,Male,0.01917808,0.07671233,146.47648,0.9115522266578332
ethiopia,draw_178,Female,0.01917808,0.07671233,146.58659,0.927722210680645
ethiopia,draw_178,Male,0.01917808,0.07671233,146.58659,0.9185733226231447
nigeria,draw_178,Female,0.01917808,0.07671233,146.58659,0.9219319937396675
nigeria,draw_178,Male,0.01917808,0.07671233,146.58659,0.9217396378406176
pakistan,draw_178,Female,0.01917808,0.07671233,146.58659,0.9078344092373151
pakistan,draw_178,Male,0.01917808,0.07671233,146.58659,0.9110910408599454
ethiopia,draw_178,Female,0.01917808,0.07671233,146.6967,0.9274608042466973
ethiopia,draw_178,Male,0.01917808,0.07671233,146.6967,0.9182602992899411
nigeria,draw_178,Female,0.01917808,0.07671233,146.6967,0.9216412352133478
nigeria,draw_178,Male,0.01917808,0.07671233,146.6967,0.92142788389535
pakistan,draw_178,Female,0.01917808,0.07671233,146.6967,0.9073161380391627
pakistan,draw_178,Male,0.01917808,0.07671233,146.6967,0.9106289809642621
ethiopia,draw_178,Female,0.01917808,0.07671233,146.80681,0.9271989779718418
ethiopia,draw_178,Male,0.01917808,0.07671233,146.80681,0.917947398761386
nigeria,draw_178,Female,0.01917808,0.07671233,146.80681,0.921350742971684
nigeria,draw_178,Male,0.01917808,0.07671233,146.80681,0.921116065426224
pakistan,draw_178,Female,0.01917808,0.07671233,146.80681,0.9067971213528793
pakistan,draw_178,Male,0.01917808,0.07671233,146.80681,0.9101663557107088
ethiopia,draw_178,Female,0.01917808,0.07671233,146.91692,0.9269375456881467
ethiopia,draw_178,Male,0.01917808,0.07671233,146.91692,0.9176345493237597
nigeria,draw_178,Female,0.01917808,0.07671233,146.91692,0.9210601378588436
nigeria,draw_178,Male,0.01917808,0.07671233,146.91692,0.920804178348414
pakistan,draw_178,Female,0.01917808,0.07671233,146.91692,0.9062773371531063
pakistan,draw_178,Male,0.01917808,0.07671233,146.91692,0.9097031010506531
ethiopia,draw_178,Female,0.01917808,0.07671233,147.02703,0.9266762531647702
ethiopia,draw_178,Male,0.01917808,0.07671233,147.02703,0.9173219794435167
nigeria,draw_178,Female,0.01917808,0.07671233,147.02703,0.9207703019091552
nigeria,draw_178,Male,0.01917808,0.07671233,147.02703,0.9204922944228089
pakistan,draw_178,Female,0.01917808,0.07671233,147.02703,0.9057568818009144
pakistan,draw_178,Male,0.01917808,0.07671233,147.02703,0.909239449090657
ethiopia,draw_178,Female,0.01917808,0.07671233,147.13714,0.9264147928401061
ethiopia,draw_178,Male,0.01917808,0.07671233,147.13714,0.9170098207172751
nigeria,draw_178,Female,0.01917808,0.07671233,147.13714,0.9204809218977617
nigeria,draw_178,Male,0.01917808,0.07671233,147.13714,0.9201805186765667
pakistan,draw_178,Female,0.01917808,0.07671233,147.13714,0.9052358256886099
pakistan,draw_178,Male,0.01917808,0.07671233,147.13714,0.9087754143747654
ethiopia,draw_178,Female,0.01917808,0.07671233,147.24725,0.9261541717247334
ethiopia,draw_178,Male,0.01917808,0.07671233,147.24725,0.9166978465109293
nigeria,draw_178,Female,0.01917808,0.07671233,147.24725,0.9201918224712732
nigeria,draw_178,Male,0.01917808,0.07671233,147.24725,0.9198687147960878
pakistan,draw_178,Female,0.01917808,0.07671233,147.24725,0.9047140654051783
pakistan,draw_178,Male,0.01917808,0.07671233,147.24725,0.9083109045890121
ethiopia,draw_178,Female,0.01917808,0.07671233,147.35736,0.9258931865753333
ethiopia,draw_178,Male,0.01917808,0.07671233,147.35736,0.9163859445161492
nigeria,draw_178,Female,0.01917808,0.07671233,147.35736,0.9199029154024437
nigeria,draw_178,Male,0.01917808,0.07671233,147.35736,0.9195567423423908
pakistan,draw_178,Female,0.01917808,0.07671233,147.35736,0.9041913775738326
pakistan,draw_178,Male,0.01917808,0.07671233,147.35736,0.9078457446421336
ethiopia,draw_178,Female,0.01917808,0.07671233,147.46747,0.9256322343593989
ethiopia,draw_178,Male,0.01917808,0.07671233,147.46747,0.9160741916831585
nigeria,draw_178,Female,0.01917808,0.07671233,147.46747,0.9196146650575806
nigeria,draw_178,Male,0.01917808,0.07671233,147.46747,0.9192446675175298
pakistan,draw_178,Female,0.01917808,0.07671233,147.46747,0.9036677787554379
pakistan,draw_178,Male,0.01917808,0.07671233,147.46747,0.9073800525950527
ethiopia,draw_178,Female,0.01917808,0.07671233,147.57758,0.9253716385926495
ethiopia,draw_178,Male,0.01917808,0.07671233,147.57758,0.9157625923212839
nigeria,draw_178,Female,0.01917808,0.07671233,147.57758,0.9193263310387133
nigeria,draw_178,Male,0.01917808,0.07671233,147.57758,0.9189325958987513
pakistan,draw_178,Female,0.01917808,0.07671233,147.57758,0.9031433644338592
pakistan,draw_178,Male,0.01917808,0.07671233,147.57758,0.9069138261886147
ethiopia,draw_178,Female,0.01917808,0.07671233,147.68769,0.9251105618076548
ethiopia,draw_178,Male,0.01917808,0.07671233,147.68769,0.9154511456127047
nigeria,draw_178,Female,0.01917808,0.07671233,147.68769,0.9190382979350675
nigeria,draw_178,Male,0.01917808,0.07671233,147.68769,0.9186205111435195
pakistan,draw_178,Female,0.01917808,0.07671233,147.68769,0.9026182286930139
pakistan,draw_178,Male,0.01917808,0.07671233,147.68769,0.9064471649217656
ethiopia,draw_178,Female,0.01917808,0.07671233,147.7978,0.924850656425169
ethiopia,draw_178,Male,0.01917808,0.07671233,147.7978,0.9151400933505742
nigeria,draw_178,Female,0.01917808,0.07671233,147.7978,0.9187508626529667
nigeria,draw_178,Male,0.01917808,0.07671233,147.7978,0.9183085572380312
pakistan,draw_178,Female,0.01917808,0.07671233,147.7978,0.9020924899280698
pakistan,draw_178,Male,0.01917808,0.07671233,147.7978,0.9059801816627706
ethiopia,draw_178,Female,0.01917808,0.07671233,147.90791,0.9245906630451781
ethiopia,draw_178,Male,0.01917808,0.07671233,147.90791,0.9148293449831795
nigeria,draw_178,Female,0.01917808,0.07671233,147.90791,0.9184637933909925
nigeria,draw_178,Male,0.01917808,0.07671233,147.90791,0.9179966691191778
pakistan,draw_178,Female,0.01917808,0.07671233,147.90791,0.9015661836806778
pakistan,draw_178,Male,0.01917808,0.07671233,147.90791,0.9055128334612899
ethiopia,draw_178,Female,0.01917808,0.07671233,148.01802,0.9243307407755764
ethiopia,draw_178,Male,0.01917808,0.07671233,148.01802,0.9145191617972019
nigeria,draw_178,Female,0.01917808,0.07671233,148.01802,0.9181769888022447
nigeria,draw_178,Male,0.01917808,0.07671233,148.01802,0.9176847840132979
pakistan,draw_178,Female,0.01917808,0.07671233,148.01802,0.9010392190076465
pakistan,draw_178,Male,0.01917808,0.07671233,148.01802,0.9050448495418335
ethiopia,draw_178,Female,0.01917808,0.07671233,148.12813,0.92407075300097
ethiopia,draw_178,Male,0.01917808,0.07671233,148.12813,0.914208686595124
nigeria,draw_178,Female,0.01917808,0.07671233,148.12813,0.9178903678657484
nigeria,draw_178,Male,0.01917808,0.07671233,148.12813,0.9173727556822501
pakistan,draw_178,Female,0.01917808,0.07671233,148.12813,0.900511088631628
pakistan,draw_178,Male,0.01917808,0.07671233,148.12813,0.9045765962195916
ethiopia,draw_178,Female,0.01917808,0.07671233,148.23824,0.9238109962599915
ethiopia,draw_178,Male,0.01917808,0.07671233,148.23824,0.9138984943557239
nigeria,draw_178,Female,0.01917808,0.07671233,148.23824,0.917604118042869
nigeria,draw_178,Male,0.01917808,0.07671233,148.23824,0.9170607437116136
pakistan,draw_178,Female,0.01917808,0.07671233,148.23824,0.8999826052751433
pakistan,draw_178,Male,0.01917808,0.07671233,148.23824,0.9041079619338198
ethiopia,draw_178,Female,0.01917808,0.07671233,148.34835,0.9235513746823796
ethiopia,draw_178,Male,0.01917808,0.07671233,148.34835,0.9135887603921856
nigeria,draw_178,Female,0.01917808,0.07671233,148.34835,0.9173186280168245
nigeria,draw_178,Male,0.01917808,0.07671233,148.34835,0.9167487548389648
pakistan,draw_178,Female,0.01917808,0.07671233,148.34835,0.8994536150457857
pakistan,draw_178,Male,0.01917808,0.07671233,148.34835,0.9036389520144963
ethiopia,draw_178,Female,0.01917808,0.07671233,148.45846,0.9232919685606485
ethiopia,draw_178,Male,0.01917808,0.07671233,148.45846,0.9132792987872744
nigeria,draw_178,Female,0.01917808,0.07671233,148.45846,0.9170330337730145
nigeria,draw_178,Male,0.01917808,0.07671233,148.45846,0.9164368142955504
pakistan,draw_178,Female,0.01917808,0.07671233,148.45846,0.8989234299399421
pakistan,draw_178,Male,0.01917808,0.07671233,148.45846,0.9031696113236999
ethiopia,draw_178,Female,0.01917808,0.07671233,148.56857,0.9230330880218337
ethiopia,draw_178,Male,0.01917808,0.07671233,148.56857,0.9129700039197123
nigeria,draw_178,Female,0.01917808,0.07671233,148.56857,0.916748233394351
nigeria,draw_178,Male,0.01917808,0.07671233,148.56857,0.9161250981619704
pakistan,draw_178,Female,0.01917808,0.07671233,148.56857,0.8983934014864546
pakistan,draw_178,Male,0.01917808,0.07671233,148.56857,0.9027000186933353
ethiopia,draw_178,Female,0.01917808,0.07671233,148.67868,0.9227742755111386
ethiopia,draw_178,Male,0.01917808,0.07671233,148.67868,0.9126611646160712
nigeria,draw_178,Female,0.01917808,0.07671233,148.67868,0.9164636925686507
nigeria,draw_178,Male,0.01917808,0.07671233,148.67868,0.9158134204320109
pakistan,draw_178,Female,0.01917808,0.07671233,148.67868,0.8978626738406742
pakistan,draw_178,Male,0.01917808,0.07671233,148.67868,0.9022305399608168
ethiopia,draw_178,Female,0.01917808,0.07671233,148.78879,0.9225155636540601
ethiopia,draw_178,Male,0.01917808,0.07671233,148.78879,0.9123525846033466
nigeria,draw_178,Female,0.01917808,0.07671233,148.78879,0.9161793914945519
nigeria,draw_178,Male,0.01917808,0.07671233,148.78879,0.9155017025229568
pakistan,draw_178,Female,0.01917808,0.07671233,148.78879,0.897331434603131
pakistan,draw_178,Male,0.01917808,0.07671233,148.78879,0.9017599363800104
ethiopia,draw_178,Female,0.01917808,0.07671233,148.8989,0.9222574332647718
ethiopia,draw_178,Male,0.01917808,0.07671233,148.8989,0.9120442639980318
nigeria,draw_178,Female,0.01917808,0.07671233,148.8989,0.9158955419484535
nigeria,draw_178,Male,0.01917808,0.07671233,148.8989,0.9151900094058837
pakistan,draw_178,Female,0.01917808,0.07671233,148.8989,0.8967993041104666
pakistan,draw_178,Male,0.01917808,0.07671233,148.8989,0.901289405510251
ethiopia,draw_178,Female,0.01917808,0.07671233,149.00901,0.921999144220882
ethiopia,draw_178,Male,0.01917808,0.07671233,149.00901,0.9117362509381196
nigeria,draw_178,Female,0.01917808,0.07671233,149.00901,0.9156121054585511
nigeria,draw_178,Male,0.01917808,0.07671233,149.00901,0.9148784572875964
pakistan,draw_178,Female,0.01917808,0.07671233,149.00901,0.8962669426318853
pakistan,draw_178,Male,0.01917808,0.07671233,149.00901,0.9008184287066329
ethiopia,draw_178,Female,0.01917808,0.07671233,149.11912,0.921741096654588
ethiopia,draw_178,Male,0.01917808,0.07671233,149.11912,0.911428517652386
nigeria,draw_178,Female,0.01917808,0.07671233,149.11912,0.9153290759695457
nigeria,draw_178,Male,0.01917808,0.07671233,149.11912,0.9145670164384474
pakistan,draw_178,Female,0.01917808,0.07671233,149.11912,0.895733926154889
pakistan,draw_178,Male,0.01917808,0.07671233,149.11912,0.9003471877512894
ethiopia,draw_178,Female,0.01917808,0.07671233,149.22923,0.9214832470503912
ethiopia,draw_178,Male,0.01917808,0.07671233,149.22923,0.911121241262848
nigeria,draw_178,Female,0.01917808,0.07671233,149.22923,0.9150465148137181
nigeria,draw_178,Male,0.01917808,0.07671233,149.22923,0.914255775577009
pakistan,draw_178,Female,0.01917808,0.07671233,149.22923,0.895200633437158
pakistan,draw_178,Male,0.01917808,0.07671233,149.22923,0.8998756069657482
ethiopia,draw_178,Female,0.01917808,0.07671233,149.33934,0.921225878970883
ethiopia,draw_178,Male,0.01917808,0.07671233,149.33934,0.9108143959735944
nigeria,draw_178,Female,0.01917808,0.07671233,149.33934,0.9147645354878359
nigeria,draw_178,Male,0.01917808,0.07671233,149.33934,0.9139447632066711
pakistan,draw_178,Female,0.01917808,0.07671233,149.33934,0.8946667300794956
pakistan,draw_178,Male,0.01917808,0.07671233,149.33934,0.8994039574488121
ethiopia,draw_178,Female,0.01917808,0.07671233,149.44945,0.9209685574940601
ethiopia,draw_178,Male,0.01917808,0.07671233,149.44945,0.91050786707943
nigeria,draw_178,Female,0.01917808,0.07671233,149.44945,0.914482357552422
nigeria,draw_178,Male,0.01917808,0.07671233,149.44945,0.9136337746433828
pakistan,draw_178,Female,0.01917808,0.07671233,149.44945,0.8941327109566496
pakistan,draw_178,Male,0.01917808,0.07671233,149.44945,0.8989318205835682
ethiopia,draw_178,Female,0.01917808,0.07671233,149.55956,0.9207120080074422
ethiopia,draw_178,Male,0.01917808,0.07671233,149.55956,0.9102015977668266
nigeria,draw_178,Female,0.01917808,0.07671233,149.55956,0.9142011493440058
nigeria,draw_178,Male,0.01917808,0.07671233,149.55956,0.9133227075447867
pakistan,draw_178,Female,0.01917808,0.07671233,149.55956,0.8935975764085574
pakistan,draw_178,Male,0.01917808,0.07671233,149.55956,0.8984595364359405
ethiopia,draw_178,Female,0.01917808,0.07671233,149.66967,0.9204551097123665
ethiopia,draw_178,Male,0.01917808,0.07671233,149.66967,0.909895371193859
nigeria,draw_178,Female,0.01917808,0.07671233,149.66967,0.9139203976461227
nigeria,draw_178,Male,0.01917808,0.07671233,149.66967,0.9130120788998896
pakistan,draw_178,Female,0.01917808,0.07671233,149.66967,0.8930622016544004
pakistan,draw_178,Male,0.01917808,0.07671233,149.66967,0.8979871119432261
ethiopia,draw_178,Female,0.01917808,0.07671233,149.77978,0.920198740026207
ethiopia,draw_178,Male,0.01917808,0.07671233,149.77978,0.9095898621891021
nigeria,draw_178,Female,0.01917808,0.07671233,149.77978,0.9136400308335626
nigeria,draw_178,Male,0.01917808,0.07671233,149.77978,0.9127017486861748
pakistan,draw_178,Female,0.01917808,0.07671233,149.77978,0.8925265058170214
pakistan,draw_178,Male,0.01917808,0.07671233,149.77978,0.8975144863217518
ethiopia,draw_178,Female,0.01917808,0.07671233,149.88989,0.9199425694034837
ethiopia,draw_178,Male,0.01917808,0.07671233,149.88989,0.9092847299227368
nigeria,draw_178,Female,0.01917808,0.07671233,149.88989,0.9133600583469478
nigeria,draw_178,Male,0.01917808,0.07671233,149.88989,0.9123912114129907
pakistan,draw_178,Female,0.01917808,0.07671233,149.88989,0.8919902702385424
pakistan,draw_178,Male,0.01917808,0.07671233,149.88989,0.8970417576944657
ethiopia,draw_178,Female,0.01917808,0.07671233,150.0,0.9196869854896581
ethiopia,draw_178,Male,0.01917808,0.07671233,150.0,0.9089802537016674
nigeria,draw_178,Female,0.01917808,0.07671233,150.0,0.9130807562847426
nigeria,draw_178,Male,0.01917808,0.07671233,150.0,0.9120809274108124
pakistan,draw_178,Female,0.01917808,0.07671233,150.0,0.891453639452128
pakistan,draw_178,Male,0.01917808,0.07671233,150.0,0.8965687840250247
