age_group,paf,location
10_to_14,0.19828388559979013,pakistan
15_to_19,0.1611548171768489,pakistan
20_to_24,0.1467359404624458,pakistan
25_to_29,0.14736050684829624,pakistan
30_to_34,0.14488820244914946,pakistan
35_to_39,0.15041920761371277,pakistan
40_to_44,0.15608022825987566,pakistan
45_to_49,0.15591477992326655,pakistan
50_to_54,0.1681866657450302,pakistan
